seed,fold,arm,n_features,fit_seconds,gamma,alpha,accuracy,precision,recall,macro_f1,auc_roc,auc_pr,tn,fp,fn,tp,n,n_positive,base_rate_pct,pred_std,pred_min,pred_max,pred_mean
42,1,E_all_ce_noW,12,0.20249418899999228,2.0,0.75,0.9801324503311258,0.9166666666666666,0.8461538461538461,0.9345848375451263,0.959866220735786,0.9032677848467321,137,1,2,11,151,13,8.61,0.268069160056433,3.4643328602479805e-08,0.9999995077411298,0.08006255566298426
42,1,G_all_focal_noW,12,0.1312197820000165,2.0,0.75,0.9735099337748344,0.8461538461538461,0.8461538461538461,0.9158305462653289,0.9765886287625417,0.9103341103341102,136,2,2,11,151,13,8.61,0.25754627644879846,0.0034568241234214396,0.9938997104590305,0.08991303153931224
42,1,LEGACY_A,11,0.13312347199996566,2.0,0.75,0.9801324503311258,0.9166666666666666,0.8461538461538461,0.9345848375451263,0.9866220735785953,0.925148925148925,137,1,2,11,151,13,8.61,0.2625618012182421,4.482091008716308e-08,0.9999996994713898,0.07687561162074641
42,2,E_all_ce_noW,12,0.09083868800001937,2.0,0.75,0.9867549668874173,0.9285714285714286,0.9285714285714286,0.9606360792492179,0.9994786235662149,0.995238095238095,136,1,1,13,151,14,9.27,0.28927459502420877,2.718214948456332e-08,0.9999995938156341,0.09416343924802373
42,2,G_all_focal_noW,12,0.07805671700003813,2.0,0.75,0.9867549668874173,0.9285714285714286,0.9285714285714286,0.9606360792492179,0.9994786235662149,0.995238095238095,136,1,1,13,151,14,9.27,0.2770531090892381,0.0013178433742620913,0.9969201929779201,0.10016396683920792
42,2,LEGACY_A,11,0.0739074470000105,2.0,0.75,0.9867549668874173,0.9285714285714286,0.9285714285714286,0.9606360792492179,0.9994786235662149,0.995238095238095,136,1,1,13,151,14,9.27,0.28963170133592997,2.3188937455971894e-08,0.9999996302177403,0.09318192098334449
42,3,E_all_ce_noW,12,0.07922092699999439,2.0,0.75,0.9933774834437086,1.0,0.9285714285714286,0.9796632996632997,1.0,0.9999999999999998,137,0,1,13,151,14,9.27,0.2703130033698998,2.8469488066448228e-08,0.9999997325423866,0.0849303647272356
42,3,G_all_focal_noW,12,0.07315473699998165,2.0,0.75,1.0,1.0,1.0,1.0,1.0,0.9999999999999998,137,0,0,14,151,14,9.27,0.2569966180386116,0.001720694285323144,0.9970058312151185,0.09707670212565087
42,3,LEGACY_A,11,0.06782711599998947,2.0,0.75,1.0,1.0,1.0,1.0,1.0,0.9999999999999998,137,0,0,14,151,14,9.27,0.27842895212847235,2.7387552994137053e-08,0.999999641798154,0.08920346475007364
42,4,E_all_ce_noW,12,0.11988444100001061,2.0,0.75,0.9801324503311258,1.0,0.7857142857142857,0.9345848375451263,0.9900938477580813,0.9547193877551019,137,0,3,11,151,14,9.27,0.2610650404028489,2.8015641365015917e-08,0.9999996399442077,0.07644564326597175
42,4,G_all_focal_noW,12,0.11981949100004385,2.0,0.75,0.9867549668874173,1.0,0.8571428571428571,0.9579152731326644,0.9958289885297185,0.9710884353741496,137,0,2,12,151,14,9.27,0.2613492480900833,0.0020025013873528463,0.9963544735930638,0.0874000945177177
42,4,LEGACY_A,11,0.0677152259999616,2.0,0.75,0.9867549668874173,1.0,0.8571428571428571,0.9579152731326644,0.9937434827945777,0.9670329670329669,137,0,2,12,151,14,9.27,0.26552707587873664,2.583691323212649e-08,0.9999996999976054,0.0780521859864691
42,5,E_all_ce_noW,12,0.07659391799995774,2.0,0.75,0.9867549668874173,0.875,1.0,0.9629901960784314,1.0,0.9999999999999998,135,2,0,14,151,14,9.27,0.30387331784741023,2.750541966574674e-08,0.9999995888964661,0.10459954711926191
42,5,G_all_focal_noW,12,0.06946140600001627,2.0,0.75,0.9933774834437086,0.9333333333333333,1.0,0.9809271188581534,1.0,0.9999999999999998,136,1,0,14,151,14,9.27,0.2888382307778774,0.0016052698374396843,0.996795115552227,0.11020484298975046
42,5,LEGACY_A,11,0.0795294179999928,2.0,0.75,0.9867549668874173,0.875,1.0,0.9629901960784314,1.0,0.9999999999999998,135,2,0,14,151,14,9.27,0.30718607354730115,2.648956120001997e-08,0.9999996289806135,0.10608075131136546
42,6,E_all_ce_noW,12,0.09443803799996431,2.0,0.75,0.9933774834437086,1.0,0.9230769230769231,0.9781949458483754,0.9810479375696768,0.9443535188216037,138,0,1,12,151,13,8.61,0.2703493441996609,2.8121076006338862e-08,0.9999993350716234,0.07951780174604992
42,6,G_all_focal_noW,12,0.07511545699998123,2.0,0.75,0.9933774834437086,1.0,0.9230769230769231,0.9781949458483754,0.9899665551839465,0.9553349875930519,138,0,1,12,151,13,8.61,0.25963855558375565,0.0010844436364282767,0.9967470533394772,0.08800640186163305
42,6,LEGACY_A,11,0.0760227469999677,2.0,0.75,0.9933774834437086,1.0,0.9230769230769231,0.9781949458483754,0.9960981047937569,0.9730769230769227,138,0,1,12,151,13,8.61,0.2703691283958893,2.7355331758321875e-08,0.9999996995365988,0.0800642662353623
42,7,E_all_ce_noW,12,0.07255253699997866,2.0,0.75,0.9933774834437086,1.0,0.9285714285714286,0.9796632996632997,0.9979144942648592,0.984126984126984,137,0,1,13,151,14,9.27,0.27363888851052065,2.7682092162496646e-08,0.9999996857976671,0.08396154009383629
42,7,G_all_focal_noW,12,0.07438118699997176,2.0,0.75,0.9933774834437086,1.0,0.9285714285714286,0.9796632996632997,0.9984358706986444,0.9873949579831931,137,0,1,13,151,14,9.27,0.26624392800701224,0.0017409956749585454,0.9967569060078247,0.09413181778503399
42,7,LEGACY_A,11,0.08305142699998669,2.0,0.75,0.9933774834437086,1.0,0.9285714285714286,0.9796632996632997,0.9979144942648592,0.984126984126984,137,0,1,13,151,14,9.27,0.279259851739338,2.45388130667322e-08,0.9999996396007407,0.0858075310070558
42,8,E_all_ce_noW,12,0.12633142200002112,2.0,0.75,0.9867549668874173,1.0,0.8571428571428571,0.9579152731326644,0.9874869655891554,0.9468253968253968,137,0,2,12,151,14,9.27,0.2659223408551055,1.1295082416105596e-07,0.999999377255865,0.0785529586887802
42,8,G_all_focal_noW,12,0.17667273600000044,2.0,0.75,0.9801324503311258,1.0,0.7857142857142857,0.9345848375451263,0.989051094890511,0.9419421304501949,137,0,3,11,151,14,9.27,0.2524984250693118,0.002590093790120334,0.9948665383200656,0.08550400311995003
42,8,LEGACY_A,11,0.17410499699997217,2.0,0.75,0.9867549668874173,1.0,0.8571428571428571,0.9579152731326644,0.983837330552659,0.9337301587301585,137,0,2,12,151,14,9.27,0.26848372248431407,4.25344482242544e-08,0.9999997245578421,0.07898989618173241
42,9,E_all_ce_noW,12,0.20807084900002337,2.0,0.75,0.9933774834437086,1.0,0.9285714285714286,0.9796632996632997,0.9989572471324296,0.9910714285714284,137,0,1,13,151,14,9.27,0.2772894591804454,2.7735579195755156e-08,0.999999523330784,0.08938081065181973
42,9,G_all_focal_noW,12,0.2165345600000137,2.0,0.75,0.9867549668874173,0.9285714285714286,0.9285714285714286,0.9606360792492179,0.9989572471324296,0.9910714285714284,136,1,1,13,151,14,9.27,0.27142931899680706,0.001521676788251047,0.9973201189603678,0.09899875767572651
42,9,LEGACY_A,11,0.24201140200000282,2.0,0.75,0.9933774834437086,1.0,0.9285714285714286,0.9796632996632997,0.9994786235662149,0.995238095238095,137,0,1,13,151,14,9.27,0.280325255298328,2.6910372250754975e-08,0.9999996110968343,0.09136139666055046
42,10,E_all_ce_noW,12,0.15999257499998976,2.0,0.75,0.9735099337748344,0.8125,0.9285714285714286,0.9259803921568628,0.9973931178310741,0.9778711484593836,134,3,1,13,151,14,9.27,0.3012946399059961,2.7723260097575436e-08,0.9999997263362307,0.10342566511471815
42,10,G_all_focal_noW,12,0.15713686499998403,2.0,0.75,0.9735099337748344,0.8125,0.9285714285714286,0.9259803921568628,0.9979144942648592,0.9822929171668666,134,3,1,13,151,14,9.27,0.2854384882487135,0.0017280070555859325,0.996379770766177,0.11147713401575428
42,10,LEGACY_A,11,0.1415950840000164,2.0,0.75,0.9801324503311258,0.8666666666666667,0.9285714285714286,0.94278135657446,0.9984358706986445,0.9873949579831931,135,2,1,13,151,14,9.27,0.29977323466393574,2.661583220189094e-08,0.9999997040702516,0.10364606796732634
42,11,E_all_ce_noW,12,0.15653288499999007,2.0,0.75,0.9867549668874173,0.9230769230769231,0.9230769230769231,0.9579152731326644,0.9894091415830546,0.9494178278297383,137,1,1,12,151,13,8.61,0.2788213410231797,2.845838343697363e-08,0.9999995291668303,0.08572747894828646
42,11,G_all_focal_noW,12,0.225898170999983,2.0,0.75,0.9867549668874173,0.9230769230769231,0.9230769230769231,0.9579152731326644,0.992196209587514,0.9556213017751478,137,1,1,12,151,13,8.61,0.27016135072603487,0.00200016516765999,0.9956298116591097,0.09608571068370934
42,11,LEGACY_A,11,0.16459166500004585,2.0,0.75,0.9867549668874173,0.9230769230769231,0.9230769230769231,0.9579152731326644,0.9882943143812709,0.9474627936166395,137,1,1,12,151,13,8.61,0.28031820501656196,2.88578689318004e-08,0.9999996519092224,0.08642954402767017
42,12,E_all_ce_noW,12,0.14218907299999728,2.0,0.75,0.9933774834437086,1.0,0.9285714285714286,0.9796632996632997,0.9890510948905109,0.9571428571428571,137,0,1,13,151,14,9.27,0.2786267782577281,2.768370582576874e-08,0.9999996207462019,0.08670657312383913
42,12,G_all_focal_noW,12,0.18342855700001337,2.0,0.75,0.9933774834437086,1.0,0.9285714285714286,0.9796632996632997,0.9921793534932222,0.9630541871921182,137,0,1,13,151,14,9.27,0.2698568271430736,0.0016223887741127756,0.9971047521237981,0.09531987736546735
42,12,LEGACY_A,11,0.1466634639999711,2.0,0.75,0.9867549668874173,0.9285714285714286,0.9285714285714286,0.9606360792492179,0.9968717413972888,0.9761009667024703,136,1,1,13,151,14,9.27,0.2886327929250546,2.6450803475442624e-08,0.9999996915168067,0.09300280422623464
42,13,E_all_ce_noW,12,0.17739053599996168,2.0,0.75,0.9933774834437086,1.0,0.9285714285714286,0.9796632996632997,0.9958289885297185,0.9740259740259738,137,0,1,13,151,14,9.27,0.28038239679862875,3.354944560137298e-08,0.99999962067212,0.08713710908887828
42,13,G_all_focal_noW,12,0.13689483199999586,2.0,0.75,0.9933774834437086,1.0,0.9285714285714286,0.9796632996632997,0.9937434827945777,0.9670329670329669,137,0,1,13,151,14,9.27,0.2704851183459227,0.00249445598044346,0.9965049565870685,0.09427916770072692
42,13,LEGACY_A,11,0.14466936299999134,2.0,0.75,0.9933774834437086,1.0,0.9285714285714286,0.9796632996632997,0.9937434827945777,0.9670329670329669,137,0,1,13,151,14,9.27,0.2804508530468079,2.924368704965762e-08,0.9999996859697231,0.08622519391165971
42,14,E_all_ce_noW,12,0.2609507649999614,2.0,0.75,0.9867549668874173,1.0,0.8571428571428571,0.9579152731326644,0.9994786235662149,0.995238095238095,137,0,2,12,151,14,9.27,0.2625713450313072,2.7603397548285155e-08,0.9999995003769975,0.07805525741166067
42,14,G_all_focal_noW,12,0.15328531400001566,2.0,0.75,0.9801324503311258,1.0,0.7857142857142857,0.9345848375451263,0.9994786235662149,0.995238095238095,137,0,3,11,151,14,9.27,0.2560813837452787,0.0014653408639561448,0.997119122325109,0.08852157469402265
42,14,LEGACY_A,11,0.17139871599999879,2.0,0.75,0.9933774834437086,1.0,0.9285714285714286,0.9796632996632997,0.9994786235662149,0.995238095238095,137,0,1,13,151,14,9.27,0.274550907655691,2.6435106891434744e-08,0.9999996286213324,0.08795190038879881
42,15,E_all_ce_noW,12,0.13177470199997288,2.0,0.75,0.9801324503311258,1.0,0.7857142857142857,0.9345848375451263,0.9937434827945777,0.9515606242496997,137,0,3,11,151,14,9.27,0.2594841974858803,2.815096207232369e-08,0.9999996985781165,0.07659866383757759
42,15,G_all_focal_noW,12,0.15847726399999829,2.0,0.75,0.9801324503311258,1.0,0.7857142857142857,0.9345848375451263,0.9947862356621481,0.9564484126984125,137,0,3,11,151,14,9.27,0.24990761462918534,0.0016459688524633335,0.9947887696423612,0.09268729461047598
42,15,LEGACY_A,11,0.15333208499998818,2.0,0.75,0.9801324503311258,1.0,0.7857142857142857,0.9345848375451263,0.9953076120959332,0.9689239332096473,137,0,3,11,151,14,9.27,0.25989552000956023,2.257442822576723e-08,0.99999963873377,0.07659621435483477
42,16,E_all_ce_noW,12,0.1297585619999495,2.0,0.75,0.9867549668874173,0.9230769230769231,0.9230769230769231,0.9579152731326644,0.992196209587514,0.9601139601139599,137,1,1,12,151,13,8.61,0.2802688125007815,2.6892071405431016e-08,0.99999955109949,0.08605806160000425
42,16,G_all_focal_noW,12,0.16198049500002298,2.0,0.75,0.9867549668874173,0.9230769230769231,0.9230769230769231,0.9579152731326644,0.9938684503901896,0.9647435897435894,137,1,1,12,151,13,8.61,0.27006073623027216,0.0026915236522096013,0.9960892589040681,0.0937335498830317
42,16,LEGACY_A,11,0.1620534150000026,2.0,0.75,0.9867549668874173,0.9230769230769231,0.9230769230769231,0.9579152731326644,0.9933110367892977,0.9630769230769227,137,1,1,12,151,13,8.61,0.2804530067949393,2.8149984402565685e-08,0.9999996543170115,0.08621187468482372
42,17,E_all_ce_noW,12,0.11423650000000407,2.0,0.75,0.9801324503311258,0.9230769230769231,0.8571428571428571,0.938989898989899,0.9973931178310741,0.9790249433106575,136,1,2,12,151,14,9.27,0.2756264671808235,2.9800103877843104e-08,0.9999995889810496,0.08943508029753229
42,17,G_all_focal_noW,12,0.06518289600001026,2.0,0.75,0.9801324503311258,0.9230769230769231,0.8571428571428571,0.938989898989899,0.9953076120959333,0.9635531135531135,136,1,2,12,151,14,9.27,0.26041835239664296,0.0018960633020868535,0.9963649988785004,0.10394512120654223
42,17,LEGACY_A,11,0.07574884699999984,2.0,0.75,0.9735099337748344,0.8571428571428571,0.8571428571428571,0.9212721584984358,0.9958289885297185,0.9637980192076829,135,2,2,12,151,14,9.27,0.28407242007536665,2.9734904484930065e-08,0.9999996595412202,0.0943079805414192
42,18,E_all_ce_noW,12,0.07886594699999705,2.0,0.75,0.9867549668874173,1.0,0.8571428571428571,0.9579152731326644,1.0,0.9999999999999998,137,0,2,12,151,14,9.27,0.262597895514035,3.1115885095609815e-08,0.9999995739635804,0.07823233773846022
42,18,G_all_focal_noW,12,0.07501846600001727,2.0,0.75,0.9933774834437086,1.0,0.9285714285714286,0.9796632996632997,1.0,0.9999999999999998,137,0,1,13,151,14,9.27,0.26240947245180346,0.0014158583299438696,0.997301197538177,0.09285577284416824
42,18,LEGACY_A,11,0.12325877199998558,2.0,0.75,0.9933774834437086,1.0,0.9285714285714286,0.9796632996632997,1.0,0.9999999999999998,137,0,1,13,151,14,9.27,0.2734258938322249,2.5972681373097004e-08,0.9999996736137959,0.08434752088617918
42,19,E_all_ce_noW,12,0.1267090919999987,2.0,0.75,0.9867549668874173,0.9285714285714286,0.9285714285714286,0.9606360792492179,0.9890510948905109,0.9571428571428571,136,1,1,13,151,14,9.27,0.2827877052029986,2.7491504981697067e-08,0.9999995872740641,0.0896868135134823
42,19,G_all_focal_noW,12,0.12590071200003194,2.0,0.75,0.9867549668874173,0.9285714285714286,0.9285714285714286,0.9606360792492179,0.9921793534932222,0.9630541871921181,136,1,1,13,151,14,9.27,0.27578000277225156,0.0012094286026765317,0.9961046836511065,0.09513853617557692
42,19,LEGACY_A,11,0.12306563200002074,2.0,0.75,0.9867549668874173,0.9285714285714286,0.9285714285714286,0.9606360792492179,0.9963503649635036,0.976190476190476,136,1,1,13,151,14,9.27,0.28481273428163556,2.744651009752918e-08,0.9999996724712505,0.09211914858142634
42,20,E_all_ce_noW,12,0.10890331000001652,2.0,0.75,0.9801324503311258,1.0,0.7857142857142857,0.9345848375451263,0.9906152241918665,0.9457671957671956,137,0,3,11,151,14,9.27,0.25602626260737166,2.833870453794791e-08,0.9999995467862877,0.07235973704316949
42,20,G_all_focal_noW,12,0.09836723899996969,2.0,0.75,0.9801324503311258,1.0,0.7857142857142857,0.9345848375451263,0.9880083420229406,0.9369047619047617,137,0,3,11,151,14,9.27,0.25101634418192287,0.001730517396903098,0.9976724368739956,0.07996837998515322
42,20,LEGACY_A,11,0.10724333000001707,2.0,0.75,0.9801324503311258,1.0,0.7857142857142857,0.9345848375451263,0.9916579770594369,0.9547619047619047,137,0,3,11,151,14,9.27,0.25852512669578653,2.5403072044571895e-08,0.9999995949918691,0.07298876864550839
42,21,E_all_ce_noW,12,0.11315360100002181,2.0,0.75,0.9801324503311258,0.9166666666666666,0.8461538461538461,0.9345848375451263,0.9972129319955407,0.9704231665770124,137,1,2,11,151,13,8.61,0.2647686531292676,2.7986374106300024e-08,0.999999633097519,0.08138687080212713
42,21,G_all_focal_noW,12,0.09047157800000605,2.0,0.75,0.9867549668874173,0.9230769230769231,0.9230769230769231,0.9579152731326644,0.9972129319955407,0.9704231665770124,137,1,1,12,151,13,8.61,0.26149200565926334,0.0010789916510994756,0.996995111217456,0.09147598329006036
42,21,LEGACY_A,11,0.1241731320000099,2.0,0.75,0.9867549668874173,0.9230769230769231,0.9230769230769231,0.9579152731326644,0.9983277591973244,0.9821780783319243,137,1,1,12,151,13,8.61,0.27854394484522893,2.627278426753729e-08,0.9999996944265447,0.08615274751612223
42,22,E_all_ce_noW,12,0.12352550200000678,2.0,0.75,0.9933774834437086,1.0,0.9285714285714286,0.9796632996632997,0.9973931178310741,0.9812030075187967,137,0,1,13,151,14,9.27,0.27969960006029426,2.7461747728707715e-08,0.9999995683572414,0.08647024754001541
42,22,G_all_focal_noW,12,0.1089946700000155,2.0,0.75,0.9933774834437086,1.0,0.9285714285714286,0.9796632996632997,0.9994786235662149,0.995238095238095,137,0,1,13,151,14,9.27,0.26743754911150375,0.0013478710081135388,0.9952373978980397,0.09511739992614768
42,22,LEGACY_A,11,0.11639378099999931,2.0,0.75,0.9933774834437086,1.0,0.9285714285714286,0.9796632996632997,0.9989572471324296,0.9910714285714284,137,0,1,13,151,14,9.27,0.2802778266162412,2.729286222528767e-08,0.9999996751047152,0.08641781770203692
42,23,E_all_ce_noW,12,0.11335589099996923,2.0,0.75,0.9801324503311258,1.0,0.7857142857142857,0.9345848375451263,0.9796663190823776,0.9129560915275199,137,0,3,11,151,14,9.27,0.25597062506528073,3.396707105515153e-08,0.9999994696990576,0.07273587871059467
42,23,G_all_focal_noW,12,0.07633310699998219,2.0,0.75,0.9801324503311258,1.0,0.7857142857142857,0.9345848375451263,0.9822732012513034,0.9134933973589434,137,0,3,11,151,14,9.27,0.2453074468725731,0.0020313642864810033,0.9961827740495707,0.08588872290040843
42,23,LEGACY_A,11,0.06957731699998249,2.0,0.75,0.9801324503311258,0.9230769230769231,0.8571428571428571,0.938989898989899,0.9869655891553701,0.9291993720565148,136,1,2,12,151,14,9.27,0.2660880407726621,3.1084772902387725e-08,0.9999995908326056,0.08286865039191475
42,24,E_all_ce_noW,12,0.07370247699998345,2.0,0.75,1.0,1.0,1.0,1.0,1.0,0.9999999999999998,137,0,0,14,151,14,9.27,0.28994041176690405,2.739774805829795e-08,0.9999991378674015,0.09422980559094656
42,24,G_all_focal_noW,12,0.0796977370000036,2.0,0.75,0.9933774834437086,0.9333333333333333,1.0,0.9809271188581534,1.0,0.9999999999999999,136,1,0,14,151,14,9.27,0.28135072347774825,0.0016045985521806047,0.9956268913865317,0.10612437480048806
42,24,LEGACY_A,11,0.07684173699999519,2.0,0.75,1.0,1.0,1.0,1.0,1.0,0.9999999999999998,137,0,0,14,151,14,9.27,0.2899237660764819,2.5223626671902362e-08,0.9999994598532869,0.0946267595617191
42,25,E_all_ce_noW,12,0.07609050700000353,2.0,0.75,0.9867549668874173,1.0,0.8571428571428571,0.9579152731326644,0.9932221063607924,0.9656084656084656,137,0,2,12,151,14,9.27,0.27099857388201526,3.149349957965163e-08,0.9999995777312491,0.08159561219847353
42,25,G_all_focal_noW,12,0.07087087600001496,2.0,0.75,0.9933774834437086,1.0,0.9285714285714286,0.9796632996632997,0.9979144942648592,0.9841269841269842,137,0,1,13,151,14,9.27,0.2682351606390043,0.0019569273837927686,0.9960092263107826,0.08816511382379288
42,25,LEGACY_A,11,0.07575196699997377,2.0,0.75,0.9933774834437086,1.0,0.9285714285714286,0.9796632996632997,0.9953076120959332,0.9720496894409936,137,0,1,13,151,14,9.27,0.27472801770337685,2.2099063252033487e-08,0.9999997381352155,0.08397787730056275
123,1,E_all_ce_noW,12,0.07383854699997983,2.0,0.75,0.9801324503311258,0.8571428571428571,0.9230769230769231,0.938989898989899,0.9966555183946488,0.9727153188691648,136,2,1,12,151,13,8.61,0.27977275471240987,2.832959168375608e-08,0.9999993465719526,0.09008148021135827
123,1,G_all_focal_noW,12,0.06958455699998467,2.0,0.75,0.9801324503311258,0.8571428571428571,0.9230769230769231,0.938989898989899,0.9966555183946488,0.9709114414996765,136,2,1,12,151,13,8.61,0.2714663899898679,0.0013723006735477839,0.9973973196072528,0.09876335628869713
123,1,LEGACY_A,11,0.07506819700000733,2.0,0.75,0.9867549668874173,0.9230769230769231,0.9230769230769231,0.9579152731326644,0.9977703455964325,0.9819004524886874,137,1,1,12,151,13,8.61,0.27628421143882326,2.7798597173700054e-08,0.9999996456970767,0.08683790971985522
123,2,E_all_ce_noW,12,0.08261906800004226,2.0,0.75,0.9801324503311258,0.9230769230769231,0.8571428571428571,0.938989898989899,0.9927007299270073,0.9471956614813757,136,1,2,12,151,14,9.27,0.2779238992628523,2.8867184287066363e-08,0.9999996322293987,0.0874132929839111
123,2,G_all_focal_noW,12,0.06675148600004377,2.0,0.75,0.9867549668874173,0.9285714285714286,0.9285714285714286,0.9606360792492179,0.9921793534932221,0.9400528043385186,136,1,1,13,151,14,9.27,0.2653808624394638,0.002962541549798818,0.9938838849414429,0.09682588334518005
123,2,LEGACY_A,11,0.07511607700001832,2.0,0.75,0.9867549668874173,0.9285714285714286,0.9285714285714286,0.9606360792492179,0.9921793534932221,0.9504840397697538,136,1,1,13,151,14,9.27,0.2898719062167641,2.5727967381792663e-08,0.999999396118319,0.09275591400052087
123,3,E_all_ce_noW,12,0.07731741800000691,2.0,0.75,0.9933774834437086,0.9333333333333333,1.0,0.9809271188581534,1.0,0.9999999999999998,136,1,0,14,151,14,9.27,0.2961901041361629,2.7727912887610395e-08,0.999999507887995,0.09904434958673572
123,3,G_all_focal_noW,12,0.06725591700001132,2.0,0.75,0.9933774834437086,0.9333333333333333,1.0,0.9809271188581534,1.0,0.9999999999999999,136,1,0,14,151,14,9.27,0.28634725316931087,0.0017589348173881964,0.9968329921749384,0.1071578816725936
123,3,LEGACY_A,11,0.06808480699999109,2.0,0.75,0.9933774834437086,0.9333333333333333,1.0,0.9809271188581534,1.0,0.9999999999999998,136,1,0,14,151,14,9.27,0.2925587777060035,2.6812271381470323e-08,0.9999995220344358,0.09670049593978487
123,4,E_all_ce_noW,12,0.06856608599997571,2.0,0.75,0.9867549668874173,1.0,0.8571428571428571,0.9579152731326644,0.9906152241918664,0.9435714285714285,137,0,2,12,151,14,9.27,0.27031228108704636,3.189003407852873e-08,0.9999994913515613,0.08020790523104118
123,4,G_all_focal_noW,12,0.06412289600001486,2.0,0.75,0.9867549668874173,1.0,0.8571428571428571,0.9579152731326644,0.9895724713242962,0.9393506493506492,137,0,2,12,151,14,9.27,0.2616165522965309,0.0018742866917764917,0.9966272057364914,0.08788109503229541
123,4,LEGACY_A,11,0.0694383759999937,2.0,0.75,0.9801324503311258,0.9230769230769231,0.8571428571428571,0.938989898989899,0.9973931178310741,0.9778711484593836,136,1,2,12,151,14,9.27,0.27683368595511243,3.0894526569761894e-08,0.9999996876578058,0.08493932584923504
123,5,E_all_ce_noW,12,0.08146388800003024,2.0,0.75,0.9933774834437086,1.0,0.9285714285714286,0.9796632996632997,0.9994786235662149,0.9952380952380951,137,0,1,13,151,14,9.27,0.27779989538553224,2.759196415648888e-08,0.9999995972776438,0.08667573979915794
123,5,G_all_focal_noW,12,0.07123152700000901,2.0,0.75,0.9933774834437086,1.0,0.9285714285714286,0.9796632996632997,0.9989572471324296,0.9910714285714285,137,0,1,13,151,14,9.27,0.2682729301501526,0.0013057941969549444,0.9965421192117003,0.0944985656489814
123,5,LEGACY_A,11,0.06957582600000478,2.0,0.75,0.9933774834437086,1.0,0.9285714285714286,0.9796632996632997,0.9994786235662149,0.9952380952380953,137,0,1,13,151,14,9.27,0.27754227009179255,2.6244424519274888e-08,0.9999994955437226,0.08841840414313609
123,6,E_all_ce_noW,12,0.07095689600004107,2.0,0.75,0.9801324503311258,0.8125,1.0,0.94278135657446,1.0,1.0,135,3,0,13,151,13,8.61,0.30158496005797814,2.9122340742617763e-08,0.9999993056258519,0.10418228832026862
123,6,G_all_focal_noW,12,0.06325577600000543,2.0,0.75,0.9801324503311258,0.8125,1.0,0.94278135657446,1.0,1.0,135,3,0,13,151,13,8.61,0.28655249781131115,0.0014032132453866328,0.9968752462764884,0.11512980756744852
123,6,LEGACY_A,11,0.06983092600000873,2.0,0.75,0.9867549668874173,0.8666666666666667,1.0,0.9606360792492179,1.0,1.0,136,2,0,13,151,13,8.61,0.29156566007610724,2.782910387442382e-08,0.9999997255348433,0.09703524943977838
123,7,E_all_ce_noW,12,0.07476526700003205,2.0,0.75,0.9867549668874173,1.0,0.8571428571428571,0.9579152731326644,0.921793534932221,0.879101007491604,137,0,2,12,151,14,9.27,0.2619218835173352,2.8199134538167518e-08,0.9999997284265714,0.07810207285662621
123,7,G_all_focal_noW,12,0.06833544599999186,2.0,0.75,0.9867549668874173,1.0,0.8571428571428571,0.9579152731326644,0.8983315954118873,0.874791308981114,137,0,2,12,151,14,9.27,0.2615070510774529,0.0013131713456830541,0.9980856912046381,0.08565231548388992
123,7,LEGACY_A,11,0.06425113599999577,2.0,0.75,0.9867549668874173,1.0,0.8571428571428571,0.9579152731326644,0.9160583941605839,0.8779008612188546,137,0,2,12,151,14,9.27,0.26931890240441814,2.687086172273307e-08,0.9999996846207493,0.07957271909450694
123,8,E_all_ce_noW,12,0.06942583599999352,2.0,0.75,0.9867549668874173,1.0,0.8571428571428571,0.9579152731326644,0.9713242961418144,0.908824640967498,137,0,2,12,151,14,9.27,0.26458283025284046,2.7666624945544237e-08,0.9999994876873501,0.07763584112843717
123,8,G_all_focal_noW,12,0.06857403600002954,2.0,0.75,0.9867549668874173,1.0,0.8571428571428571,0.9579152731326644,0.9723670490093848,0.9113756613756612,137,0,2,12,151,14,9.27,0.2577761629403889,0.0019874758606695953,0.9948097064599808,0.08956796194919064
123,8,LEGACY_A,11,0.07465526699996872,2.0,0.75,0.9801324503311258,1.0,0.7857142857142857,0.9345848375451263,0.9848800834202295,0.9265437788018431,137,0,3,11,151,14,9.27,0.260110468016182,2.7259359574697652e-08,0.9999996642380103,0.07481359039816586
123,9,E_all_ce_noW,12,0.08830977800005257,2.0,0.75,0.9801324503311258,0.9230769230769231,0.8571428571428571,0.938989898989899,0.9979144942648592,0.9822929171668666,136,1,2,12,151,14,9.27,0.27834678096406035,2.7428172851949955e-08,0.9999997325003503,0.08675829468365445
123,9,G_all_focal_noW,12,0.06765971600003695,2.0,0.75,0.9801324503311258,0.9230769230769231,0.8571428571428571,0.938989898989899,0.9979144942648592,0.9815476190476189,136,1,2,12,151,14,9.27,0.2646294518991256,0.0016345566014581072,0.9976779027485815,0.09488888249812309
123,9,LEGACY_A,11,0.07243026700001565,2.0,0.75,0.9867549668874173,1.0,0.8571428571428571,0.9579152731326644,0.9989572471324296,0.9901360544217686,137,0,2,12,151,14,9.27,0.2703181013002856,2.5536959882625244e-08,0.9999995969863714,0.08295390834883216
123,10,E_all_ce_noW,12,0.07542249699997683,2.0,0.75,1.0,1.0,1.0,1.0,1.0,0.9999999999999998,137,0,0,14,151,14,9.27,0.2859036438243145,2.755594989190342e-08,0.9999996286066077,0.09133137670961865
123,10,G_all_focal_noW,12,0.06844527699996661,2.0,0.75,1.0,1.0,1.0,1.0,1.0,0.9999999999999998,137,0,0,14,151,14,9.27,0.27583976244887803,0.0012727653260719075,0.9965759764812376,0.0943544942168393
123,10,LEGACY_A,11,0.07881645700001627,2.0,0.75,1.0,1.0,1.0,1.0,1.0,0.9999999999999998,137,0,0,14,151,14,9.27,0.28911131205751744,2.4357556177664214e-08,0.9999996014546385,0.09244929391823549
123,11,E_all_ce_noW,12,0.08491741799997499,2.0,0.75,1.0,1.0,1.0,1.0,1.0,0.9999999999999998,138,0,0,13,151,13,8.61,0.2804988483502055,2.8073148114379908e-08,0.9999995337226895,0.08875887917663147
123,11,G_all_focal_noW,12,0.07802165800001148,2.0,0.75,0.9933774834437086,0.9285714285714286,1.0,0.9796632996632997,1.0,0.9999999999999998,137,1,0,13,151,13,8.61,0.27389791820431697,0.0013790249808604948,0.9974872046957038,0.09628158775796286
123,11,LEGACY_A,11,0.07985593799998014,2.0,0.75,0.9933774834437086,0.9285714285714286,1.0,0.9796632996632997,1.0,1.0,137,1,0,13,151,13,8.61,0.287324098649465,2.773516408515747e-08,0.9999996615251585,0.09315705231062339
123,12,E_all_ce_noW,12,0.08513989699997637,2.0,0.75,0.9867549668874173,1.0,0.8571428571428571,0.9579152731326644,0.9963503649635036,0.976190476190476,137,0,2,12,151,14,9.27,0.2520668856127269,2.805666724117085e-08,0.9999997155602239,0.07345457272768062
123,12,G_all_focal_noW,12,0.0730439669999896,2.0,0.75,0.9867549668874173,1.0,0.8571428571428571,0.9579152731326644,0.9947862356621481,0.9669476486246671,137,0,2,12,151,14,9.27,0.23251689906301312,0.0015054995562341104,0.9976163819012541,0.07851370477462642
123,12,LEGACY_A,11,0.07008592699997962,2.0,0.75,0.9867549668874173,1.0,0.8571428571428571,0.9579152731326644,0.9979144942648592,0.9822929171668666,137,0,2,12,151,14,9.27,0.264900516984219,2.5416944639769184e-08,0.9999996334265004,0.07794529244452425
123,13,E_all_ce_noW,12,0.07442347699998209,2.0,0.75,0.9933774834437086,1.0,0.9285714285714286,0.9796632996632997,0.9869655891553701,0.9542124542124543,137,0,1,13,151,14,9.27,0.27468009463413035,2.5620759446323617e-08,0.9999995907929407,0.08446263625450584
123,13,G_all_focal_noW,12,0.0650357060000033,2.0,0.75,0.9933774834437086,1.0,0.9285714285714286,0.9796632996632997,0.9885297184567258,0.9563492063492064,137,0,1,13,151,14,9.27,0.2715285903914408,0.0014804451251796077,0.9972547563628631,0.0963244683012555
123,13,LEGACY_A,11,0.06989219700000149,2.0,0.75,0.9933774834437086,1.0,0.9285714285714286,0.9796632996632997,0.9942648592283628,0.9685714285714284,137,0,1,13,151,14,9.27,0.2793461560950547,2.5867999820301795e-08,0.9999997349653414,0.08591099179348163
123,14,E_all_ce_noW,12,0.08060457699997414,2.0,0.75,0.9735099337748344,0.8571428571428571,0.8571428571428571,0.9212721584984358,0.8884254431699687,0.8684982761069716,135,2,2,12,151,14,9.27,0.2850086831464019,2.772941944763215e-08,0.9999997180444236,0.09108450754422599
123,14,G_all_focal_noW,12,0.0615951660000178,2.0,0.75,0.9735099337748344,0.8571428571428571,0.8571428571428571,0.9212721584984358,0.8931178310740355,0.8750418741119799,135,2,2,12,151,14,9.27,0.2686152289035617,0.00197301880716764,0.997289019714429,0.094999424775242
123,14,LEGACY_A,11,0.0657957160000251,2.0,0.75,0.9735099337748344,0.8571428571428571,0.8571428571428571,0.9212721584984358,0.8988529718456726,0.8638216652261594,135,2,2,12,151,14,9.27,0.28956030729187543,2.4713975226508215e-08,0.9999997041778388,0.0935200385843574
123,15,E_all_ce_noW,12,0.07103207699998393,2.0,0.75,0.9867549668874173,0.9285714285714286,0.9285714285714286,0.9606360792492179,0.9859228362877999,0.9529616724738674,136,1,1,13,151,14,9.27,0.2845500863026576,2.893010049986885e-08,0.9999996009655716,0.09075432783782353
123,15,G_all_focal_noW,12,0.06456955600003766,2.0,0.75,0.9867549668874173,0.9285714285714286,0.9285714285714286,0.9606360792492179,0.9942648592283628,0.9685714285714284,136,1,1,13,151,14,9.27,0.27679359175391494,0.001432291259583876,0.9962992370296057,0.09810316979432379
123,15,LEGACY_A,11,0.08040658700002723,2.0,0.75,0.9867549668874173,0.9285714285714286,0.9285714285714286,0.9606360792492179,0.9906152241918664,0.9598214285714284,136,1,1,13,151,14,9.27,0.28413049717590844,2.725110527020548e-08,0.9999996478201366,0.09383579725733301
123,16,E_all_ce_noW,12,0.07184126599997853,2.0,0.75,0.9801324503311258,1.0,0.7692307692307693,0.9294062646096306,0.9358974358974359,0.8635007782280042,138,0,3,10,151,13,8.61,0.24030365340515725,3.00545121360853e-08,0.9999997595393836,0.06387767543682724
123,16,G_all_focal_noW,12,0.06472602600001665,2.0,0.75,0.9801324503311258,1.0,0.7692307692307693,0.9294062646096306,0.8717948717948718,0.854882097069597,138,0,3,10,151,13,8.61,0.23587493147675098,0.0019528059093725217,0.9972353198175642,0.07256356841082566
123,16,LEGACY_A,11,0.06598917600001641,2.0,0.75,0.9735099337748344,0.9090909090909091,0.7692307692307693,0.9094724220623501,0.9169453734671127,0.8566721739798661,137,1,3,10,151,13,8.61,0.25414344657849947,2.822914121984113e-08,0.99999970966038,0.07118661600289874
123,17,E_all_ce_noW,12,0.07373495699999921,2.0,0.75,0.9867549668874173,0.875,1.0,0.9629901960784314,1.0,0.9999999999999998,135,2,0,14,151,14,9.27,0.2885534596375924,2.7742375115126764e-08,0.9999995964298986,0.0981917420556199
123,17,G_all_focal_noW,12,0.06328381600002331,2.0,0.75,0.9867549668874173,0.875,1.0,0.9629901960784314,0.9989572471324296,0.9910714285714284,135,2,0,14,151,14,9.27,0.2842309768328917,0.001597186797986921,0.996206913765801,0.1151098120381478
123,17,LEGACY_A,11,0.07104411599999594,2.0,0.75,0.9933774834437086,0.9333333333333333,1.0,0.9809271188581534,1.0,0.9999999999999998,136,1,0,14,151,14,9.27,0.2961296465250738,2.6880060836023096e-08,0.9999995683870497,0.09949066640398052
123,18,E_all_ce_noW,12,0.08536644800000204,2.0,0.75,0.9933774834437086,1.0,0.9285714285714286,0.9796632996632997,0.9869655891553701,0.9542124542124542,137,0,1,13,151,14,9.27,0.27901446953266484,2.749028756385811e-08,0.9999995995440951,0.08572109988347494
123,18,G_all_focal_noW,12,0.0647445760000096,2.0,0.75,0.9933774834437086,1.0,0.9285714285714286,0.9796632996632997,0.9900938477580814,0.9588744588744587,137,0,1,13,151,14,9.27,0.26593159561816343,0.0017113415721225526,0.9965004630520347,0.09323885992714451
123,18,LEGACY_A,11,0.07387931699997807,2.0,0.75,0.9867549668874173,1.0,0.8571428571428571,0.9579152731326644,0.9927007299270073,0.9642857142857142,137,0,2,12,151,14,9.27,0.270220529046829,2.7003555144689667e-08,0.9999997415467567,0.07993954408632467
123,19,E_all_ce_noW,12,0.08796813800000791,2.0,0.75,1.0,1.0,1.0,1.0,1.0,0.9999999999999998,137,0,0,14,151,14,9.27,0.2897688716961003,2.764376163838276e-08,0.9999995711474198,0.0933966525638307
123,19,G_all_focal_noW,12,0.08113735800003496,2.0,0.75,0.9933774834437086,0.9333333333333333,1.0,0.9809271188581534,1.0,0.9999999999999998,136,1,0,14,151,14,9.27,0.2852508002306576,0.0013334563185759217,0.9976779913025356,0.10633717485327258
123,19,LEGACY_A,11,0.08452734799999462,2.0,0.75,0.9933774834437086,0.9333333333333333,1.0,0.9809271188581534,1.0,0.9999999999999998,136,1,0,14,151,14,9.27,0.2978841460706855,2.6052803616631405e-08,0.9999996439620031,0.10155011748894759
123,20,E_all_ce_noW,12,0.06973728700000947,2.0,0.75,0.9867549668874173,0.9285714285714286,0.9285714285714286,0.9606360792492179,0.9921793534932222,0.9630541871921181,136,1,1,13,151,14,9.27,0.2870411233405732,2.7716858468891738e-08,0.9999993612061043,0.094198243269276
123,20,G_all_focal_noW,12,0.06610429599999179,2.0,0.75,0.9867549668874173,0.9285714285714286,0.9285714285714286,0.9606360792492179,0.9932221063607924,0.9656084656084656,136,1,1,13,151,14,9.27,0.27243987414054505,0.002719735666356726,0.9944038507342406,0.1040327671370041
123,20,LEGACY_A,11,0.06777970699999969,2.0,0.75,0.9867549668874173,0.9285714285714286,0.9285714285714286,0.9606360792492179,0.9911366006256518,0.9568027210884353,136,1,1,13,151,14,9.27,0.289738508729187,2.9668254865356973e-08,0.9999996096970101,0.09366403222994799
123,21,E_all_ce_noW,12,0.0852463969999917,2.0,0.75,0.9867549668874173,0.9230769230769231,0.9230769230769231,0.9579152731326644,0.9994425863991081,0.9945054945054943,137,1,1,12,151,13,8.61,0.27743524944764975,2.803899899333687e-08,0.9999997819783686,0.09006313453325895
123,21,G_all_focal_noW,12,0.06879345699996975,2.0,0.75,0.9801324503311258,0.8571428571428571,0.9230769230769231,0.938989898989899,0.9988851727982163,0.9897435897435896,136,2,1,12,151,13,8.61,0.2548565307500218,0.0017207026916461778,0.9956709326095518,0.09335856710802236
123,21,LEGACY_A,11,0.07355962700000873,2.0,0.75,0.9933774834437086,0.9285714285714286,1.0,0.9796632996632997,0.9983277591973244,0.9821780783319243,137,1,0,13,151,13,8.61,0.286817185836216,2.728381716007105e-08,0.9999996824894473,0.0921390891740687
123,22,E_all_ce_noW,12,0.08467018800001824,2.0,0.75,0.9933774834437086,0.9333333333333333,1.0,0.9809271188581534,1.0,0.9999999999999998,136,1,0,14,151,14,9.27,0.2954134824520869,2.7181515845925173e-08,0.9999994393673431,0.09812378121677374
123,22,G_all_focal_noW,12,0.07071081600003026,2.0,0.75,0.9933774834437086,0.9333333333333333,1.0,0.9809271188581534,1.0,0.9999999999999998,136,1,0,14,151,14,9.27,0.28756288465100693,0.00126586621772472,0.9975480941933436,0.10511973816095961
123,22,LEGACY_A,11,0.08735876799994458,2.0,0.75,0.9933774834437086,0.9333333333333333,1.0,0.9809271188581534,1.0,0.9999999999999998,136,1,0,14,151,14,9.27,0.2933139917618112,2.720328785478347e-08,0.999999367781151,0.09735690900249576
123,23,E_all_ce_noW,12,0.07019971599999053,2.0,0.75,0.9801324503311258,1.0,0.7857142857142857,0.9345848375451263,0.9906152241918665,0.9557274522712309,137,0,3,11,151,14,9.27,0.2597089682754114,2.798843394429605e-08,0.9999997538274401,0.07371863746842772
123,23,G_all_focal_noW,12,0.06955802599998151,2.0,0.75,0.9801324503311258,1.0,0.7857142857142857,0.9345848375451263,0.9900938477580813,0.9547193877551019,137,0,3,11,151,14,9.27,0.2545444839977236,0.0021693448792675842,0.9971678843302677,0.08754008432134433
123,23,LEGACY_A,11,0.06416495599995642,2.0,0.75,0.9867549668874173,1.0,0.8571428571428571,0.9579152731326644,0.9885297184567258,0.9563492063492063,137,0,2,12,151,14,9.27,0.263290579203226,2.744961316931534e-08,0.9999997348357302,0.07885859944174409
123,24,E_all_ce_noW,12,0.0794042669999726,2.0,0.75,0.9867549668874173,0.9285714285714286,0.9285714285714286,0.9606360792492179,0.9994786235662149,0.995238095238095,136,1,1,13,151,14,9.27,0.283598989091347,2.8151820237678406e-08,0.9999996909953637,0.09329653966938296
123,24,G_all_focal_noW,12,0.08153767700002845,2.0,0.75,0.9933774834437086,0.9333333333333333,1.0,0.9809271188581534,1.0,0.9999999999999998,136,1,0,14,151,14,9.27,0.2805225546053366,0.0018128426777054255,0.997166566694966,0.1092925656352295
123,24,LEGACY_A,11,0.07611833800001477,2.0,0.75,0.9867549668874173,0.875,1.0,0.9629901960784314,0.9994786235662149,0.995238095238095,135,2,0,14,151,14,9.27,0.29909171829124037,2.6341694198938513e-08,0.9999996236515498,0.10303691687674786
123,25,E_all_ce_noW,12,0.07985976800000572,2.0,0.75,0.9735099337748344,0.9166666666666666,0.7857142857142857,0.9158305462653289,0.9306569343065693,0.8231180385924399,136,1,3,11,151,14,9.27,0.2702784715594128,2.8771240064048837e-08,0.9999996643141299,0.07952594150088577
123,25,G_all_focal_noW,12,0.06516931600003772,2.0,0.75,0.9735099337748344,0.9166666666666666,0.7857142857142857,0.9158305462653289,0.9233576642335766,0.8321227806010413,136,1,3,11,151,14,9.27,0.2575269758087138,0.002132651519990837,0.9953806639187598,0.08561311192687987
123,25,LEGACY_A,11,0.07548153799996271,2.0,0.75,0.9668874172185431,0.8461538461538461,0.7857142857142857,0.8983164983164983,0.884254431699687,0.8551828679565905,135,2,3,11,151,14,9.27,0.2734597090194505,3.264914935307241e-08,0.9999996859020776,0.08398167398629539
456,1,E_all_ce_noW,12,0.07383103699999083,2.0,0.75,0.9801324503311258,1.0,0.7692307692307693,0.9294062646096306,0.9855072463768116,0.9354700854700853,138,0,3,10,151,13,8.61,0.2427519527124484,2.769118077514235e-08,0.9999994698500725,0.06535900066401269
456,1,G_all_focal_noW,12,0.06685197600000947,2.0,0.75,0.9801324503311258,1.0,0.7692307692307693,0.9294062646096306,0.9949832775919732,0.9620879120879118,138,0,3,10,151,13,8.61,0.23954462769730014,0.0018268848784823097,0.9965572655294994,0.07655408065174067
456,1,LEGACY_A,11,0.06950848700000734,2.0,0.75,0.9801324503311258,1.0,0.7692307692307693,0.9294062646096306,0.9938684503901895,0.9553113553113552,138,0,3,10,151,13,8.61,0.24499708068344045,2.582979840465651e-08,0.9999995985894402,0.06631887191145783
456,2,E_all_ce_noW,12,0.0736364169999888,2.0,0.75,0.9867549668874173,1.0,0.8571428571428571,0.9579152731326644,0.9958289885297185,0.9740259740259739,137,0,2,12,151,14,9.27,0.270378309363999,2.9306711674144337e-08,0.9999996806043422,0.08093582104902466
456,2,G_all_focal_noW,12,0.06349783600001047,2.0,0.75,0.9933774834437086,1.0,0.9285714285714286,0.9796632996632997,0.9953076120959332,0.9720496894409936,137,0,1,13,151,14,9.27,0.2685183899497074,0.0017596474585103135,0.9966109866495618,0.09283151434754881
456,2,LEGACY_A,11,0.06613789599998654,2.0,0.75,0.9933774834437086,1.0,0.9285714285714286,0.9796632996632997,0.9932221063607926,0.9656084656084656,137,0,1,13,151,14,9.27,0.2726876465410168,2.604982588997545e-08,0.9999996046930602,0.0841058939305904
456,3,E_all_ce_noW,12,0.07459942700000965,2.0,0.75,0.9867549668874173,0.9285714285714286,0.9285714285714286,0.9606360792492179,0.9994786235662149,0.995238095238095,136,1,1,13,151,14,9.27,0.2823200983828725,2.8463262294575804e-08,0.9999995587877072,0.09401254871082676
456,3,G_all_focal_noW,12,0.07033361700001706,2.0,0.75,1.0,1.0,1.0,1.0,1.0,0.9999999999999998,137,0,0,14,151,14,9.27,0.27721988716121665,0.0021713469886458277,0.9964362198956811,0.10503958110522903
456,3,LEGACY_A,11,0.06703057599997919,2.0,0.75,0.9867549668874173,0.875,1.0,0.9629901960784314,0.9989572471324296,0.9901360544217686,135,2,0,14,151,14,9.27,0.2999230159005821,2.71905464793721e-08,0.9999994471219068,0.10312958469857711
456,4,E_all_ce_noW,12,0.06967250700000704,2.0,0.75,0.9867549668874173,0.9285714285714286,0.9285714285714286,0.9606360792492179,0.9916579770594369,0.9619047619047618,136,1,1,13,151,14,9.27,0.28329987753944885,3.598955906361482e-08,0.9999995704570976,0.09045856252443471
456,4,G_all_focal_noW,12,0.06225767600000154,2.0,0.75,0.9867549668874173,0.9285714285714286,0.9285714285714286,0.9606360792492179,0.9874869655891554,0.9548872180451127,136,1,1,13,151,14,9.27,0.27132103707983807,0.0024087661699203297,0.9968357746061861,0.0992473751841927
456,4,LEGACY_A,11,0.11037655999996332,2.0,0.75,0.9933774834437086,1.0,0.9285714285714286,0.9796632996632997,0.9906152241918664,0.9598214285714284,137,0,1,13,151,14,9.27,0.28021662903066014,3.139796335219215e-08,0.9999995600275287,0.0881227527933866
456,5,E_all_ce_noW,12,0.12025498100001641,2.0,0.75,0.9933774834437086,0.9333333333333333,1.0,0.9809271188581534,1.0,0.9999999999999998,136,1,0,14,151,14,9.27,0.29576620756996624,2.7404373987487002e-08,0.9999997454083824,0.09832686023285406
456,5,G_all_focal_noW,12,0.3146485000000325,2.0,0.75,0.9933774834437086,0.9333333333333333,1.0,0.9809271188581534,1.0,0.9999999999999998,136,1,0,14,151,14,9.27,0.2824317501742395,0.0018290876761959773,0.9975572361382796,0.10562134409495252
456,5,LEGACY_A,11,0.12137441099997659,2.0,0.75,0.9933774834437086,0.9333333333333333,1.0,0.9809271188581534,1.0,0.9999999999999998,136,1,0,14,151,14,9.27,0.29810132341080364,2.5854197907087816e-08,0.9999995968446884,0.09924403157011928
456,6,E_all_ce_noW,12,0.11222234999996772,2.0,0.75,0.9867549668874173,1.0,0.8461538461538461,0.954736211031175,0.9994425863991081,0.9945054945054943,138,0,2,11,151,13,8.61,0.2596447715271287,2.708677216798274e-08,0.9999997586226904,0.07307800122448578
456,6,G_all_focal_noW,12,0.09792990900001541,2.0,0.75,0.9867549668874173,1.0,0.8461538461538461,0.954736211031175,1.0,0.9999999999999998,138,0,2,11,151,13,8.61,0.252313630192339,0.0015882884280634796,0.9970037862169314,0.0834954175715761
456,6,LEGACY_A,11,0.10902250000003733,2.0,0.75,0.9867549668874173,1.0,0.8461538461538461,0.954736211031175,0.9988851727982162,0.9885883347421807,138,0,2,11,151,13,8.61,0.2597944199190507,2.7157746718550698e-08,0.9999996747010241,0.07303114299143125
456,7,E_all_ce_noW,12,0.10033925900000895,2.0,0.75,0.9867549668874173,1.0,0.8571428571428571,0.9579152731326644,0.9843587069864441,0.9291383219954648,137,0,2,12,151,14,9.27,0.27087335877965774,2.9370280323392988e-08,0.9999994014767605,0.08156356221946864
456,7,G_all_focal_noW,12,0.10262901999999485,2.0,0.75,0.9801324503311258,0.9230769230769231,0.8571428571428571,0.938989898989899,0.9822732012513035,0.9204125615763545,136,1,2,12,151,14,9.27,0.26541731776594824,0.003035287579831905,0.9952924779998357,0.09026186020015232
456,7,LEGACY_A,11,0.113388830999952,2.0,0.75,0.9801324503311258,0.9230769230769231,0.8571428571428571,0.938989898989899,0.9932221063607924,0.955242966751918,136,1,2,12,151,14,9.27,0.27969682238470606,2.8806210924552212e-08,0.999999671270907,0.08656179948314496
456,8,E_all_ce_noW,12,0.13237856199998532,2.0,0.75,1.0,1.0,1.0,1.0,1.0,0.9999999999999998,137,0,0,14,151,14,9.27,0.2891144551816941,2.747729852603444e-08,0.999999032790047,0.0928105941093853
456,8,G_all_focal_noW,12,0.10926991899998484,2.0,0.75,1.0,1.0,1.0,1.0,1.0,0.9999999999999998,137,0,0,14,151,14,9.27,0.2790953566819859,0.001070224965869134,0.99660771186042,0.10263272823720059
456,8,LEGACY_A,11,0.10193999000000531,2.0,0.75,1.0,1.0,1.0,1.0,1.0,0.9999999999999998,137,0,0,14,151,14,9.27,0.2894564177553653,2.4442706053913672e-08,0.9999994824420196,0.09309441649957936
456,9,E_all_ce_noW,12,0.06991219600001841,2.0,0.75,0.9801324503311258,1.0,0.7857142857142857,0.9345848375451263,0.989051094890511,0.9419421304501949,137,0,3,11,151,14,9.27,0.2608343941916315,2.925443592599105e-08,0.99999969100435,0.07726820084944017
456,9,G_all_focal_noW,12,0.06524364699998841,2.0,0.75,0.9867549668874173,1.0,0.8571428571428571,0.9579152731326644,0.9927007299270073,0.9575091575091574,137,0,2,12,151,14,9.27,0.2588414545619007,0.00193725344455383,0.9970125308507679,0.09082965275512987
456,9,LEGACY_A,11,0.06547912599995698,2.0,0.75,0.9867549668874173,1.0,0.8571428571428571,0.9579152731326644,0.9916579770594369,0.9619047619047618,137,0,2,12,151,14,9.27,0.26476810719377025,2.991323502436633e-08,0.9999996877628481,0.07830274564237782
456,10,E_all_ce_noW,12,0.0748714869999958,2.0,0.75,0.9933774834437086,0.9333333333333333,1.0,0.9809271188581534,1.0,0.9999999999999998,136,1,0,14,151,14,9.27,0.29805701462509654,2.721169423492806e-08,0.9999996560426574,0.1000367232762732
456,10,G_all_focal_noW,12,0.0702733659999808,2.0,0.75,0.9933774834437086,0.9333333333333333,1.0,0.9809271188581534,1.0,0.9999999999999998,136,1,0,14,151,14,9.27,0.2913231412605622,0.0014806137351277885,0.9976696147086365,0.11181748727638016
456,10,LEGACY_A,11,0.07281352699999388,2.0,0.75,0.9933774834437086,0.9333333333333333,1.0,0.9809271188581534,1.0,0.9999999999999998,136,1,0,14,151,14,9.27,0.29876528949331227,2.711293431714383e-08,0.9999996904796008,0.10033893179522436
456,11,E_all_ce_noW,12,0.07475138700004891,2.0,0.75,0.9801324503311258,1.0,0.7692307692307693,0.9294062646096306,0.996098104793757,0.9697913422609776,138,0,3,10,151,13,8.61,0.24859497188646057,3.368651548155433e-08,0.9999997526262819,0.06625658491082786
456,11,G_all_focal_noW,12,0.06713662600003545,2.0,0.75,0.9801324503311258,1.0,0.7692307692307693,0.9294062646096306,0.9933110367892977,0.9588264299802758,138,0,3,10,151,13,8.61,0.2423953561860765,0.00169497713411679,0.9982853834377522,0.07399549118772918
456,11,LEGACY_A,11,0.0665128560000312,2.0,0.75,0.9801324503311258,1.0,0.7692307692307693,0.9294062646096306,0.9916387959866221,0.9541968003506462,138,0,3,10,151,13,8.61,0.2485690352171438,2.817878215205323e-08,0.9999996611768762,0.06658861669390356
456,12,E_all_ce_noW,12,0.07589388799999597,2.0,0.75,0.9801324503311258,1.0,0.7857142857142857,0.9345848375451263,0.9979144942648592,0.984126984126984,137,0,3,11,151,14,9.27,0.2601845582634984,2.7793765609561803e-08,0.9999996281095942,0.0746883569971463
456,12,G_all_focal_noW,12,0.06790769599996338,2.0,0.75,0.9867549668874173,1.0,0.8571428571428571,0.9579152731326644,0.9989572471324296,0.9910714285714284,137,0,2,12,151,14,9.27,0.2561119158725767,0.001226969617740592,0.9975887502456847,0.0856202991794375
456,12,LEGACY_A,11,0.07017043600001216,2.0,0.75,0.9867549668874173,1.0,0.8571428571428571,0.9579152731326644,0.9994786235662149,0.995238095238095,137,0,2,12,151,14,9.27,0.26966156530099683,2.6440964744747135e-08,0.9999996787412777,0.07993551116521742
456,13,E_all_ce_noW,12,0.0754896770000073,2.0,0.75,0.9933774834437086,0.9333333333333333,1.0,0.9809271188581534,0.9994786235662148,0.995238095238095,136,1,0,14,151,14,9.27,0.2913171627936444,2.7530060607473896e-08,0.9999991943392699,0.09654163970965905
456,13,G_all_focal_noW,12,0.06758469599998307,2.0,0.75,0.9933774834437086,0.9333333333333333,1.0,0.9809271188581534,1.0,0.9999999999999998,136,1,0,14,151,14,9.27,0.27971283148053183,0.00180808776927768,0.9970866992005107,0.1041552140559935
456,13,LEGACY_A,11,0.07297039700000596,2.0,0.75,0.9933774834437086,0.9333333333333333,1.0,0.9809271188581534,1.0,0.9999999999999998,136,1,0,14,151,14,9.27,0.29385422287609536,2.7004558926418798e-08,0.9999993887450268,0.09742516796148537
456,14,E_all_ce_noW,12,0.07486607699996739,2.0,0.75,0.9867549668874173,0.9285714285714286,0.9285714285714286,0.9606360792492179,0.9906152241918664,0.9598214285714284,136,1,1,13,151,14,9.27,0.28060728330760687,2.765139115989931e-08,0.9999996852400614,0.08919566834014443
456,14,G_all_focal_noW,12,0.07613663799997994,2.0,0.75,0.9867549668874173,0.9285714285714286,0.9285714285714286,0.9606360792492179,0.9885297184567258,0.9520408163265306,136,1,1,13,151,14,9.27,0.273576838378838,0.0018937250835756605,0.996038259000182,0.0970392792386668
456,14,LEGACY_A,11,0.0659843560000013,2.0,0.75,0.9867549668874173,0.9285714285714286,0.9285714285714286,0.9606360792492179,0.9921793534932222,0.9591836734693877,136,1,1,13,151,14,9.27,0.2870392960816616,2.743122317427602e-08,0.9999997109754069,0.09174387252173034
456,15,E_all_ce_noW,12,0.07298309700001937,2.0,0.75,0.9867549668874173,1.0,0.8571428571428571,0.9579152731326644,0.9880083420229405,0.9555984555984556,137,0,2,12,151,14,9.27,0.27044794788213206,2.7269031718759162e-08,0.9999996330283979,0.0811236699957008
456,15,G_all_focal_noW,12,0.11308560100002296,2.0,0.75,0.9867549668874173,0.9285714285714286,0.9285714285714286,0.9606360792492179,0.9854014598540146,0.9523809523809523,136,1,1,13,151,14,9.27,0.2712426466526035,0.0014146872820282033,0.99694435691031,0.09626002313445901
456,15,LEGACY_A,11,0.08125434800001585,2.0,0.75,0.9801324503311258,0.9230769230769231,0.8571428571428571,0.938989898989899,0.9942648592283628,0.9651360544217686,136,1,2,12,151,14,9.27,0.2807786154721923,2.718055080584365e-08,0.9999996593699264,0.08933391149559103
456,16,E_all_ce_noW,12,0.08364634800000204,2.0,0.75,0.9867549668874173,0.9230769230769231,0.9230769230769231,0.9579152731326644,0.9994425863991081,0.9945054945054943,137,1,1,12,151,13,8.61,0.2776669222014168,2.791332743608697e-08,0.9999995898320871,0.08683694412159536
456,16,G_all_focal_noW,12,0.06789045699997587,2.0,0.75,0.9867549668874173,0.9230769230769231,0.9230769230769231,0.9579152731326644,0.9994425863991081,0.9945054945054943,137,1,1,12,151,13,8.61,0.26287013253898833,0.0016350953839785426,0.9966226697626314,0.09517843692224179
456,16,LEGACY_A,11,0.07125863600003868,2.0,0.75,0.9867549668874173,0.9230769230769231,0.9230769230769231,0.9579152731326644,0.9994425863991081,0.9945054945054943,137,1,1,12,151,13,8.61,0.2793927575895578,2.599741247295677e-08,0.9999996309474292,0.08726081166385483
456,17,E_all_ce_noW,12,0.06710150700001805,2.0,0.75,0.9801324503311258,0.8666666666666667,0.9285714285714286,0.94278135657446,0.986444212721585,0.9353785103785102,135,2,1,13,151,14,9.27,0.2885271013939348,2.9252063998860456e-08,0.9999996396314201,0.09634465618872193
456,17,G_all_focal_noW,12,0.07716276700000435,2.0,0.75,0.9735099337748344,0.8571428571428571,0.8571428571428571,0.9212721584984358,0.9854014598540146,0.9339165220744168,135,2,2,12,151,14,9.27,0.267150086368859,0.0030621321782365336,0.9953446923898536,0.1006408076185453
456,17,LEGACY_A,11,0.06311305700000958,2.0,0.75,0.9735099337748344,0.8571428571428571,0.8571428571428571,0.9212721584984358,0.9885297184567258,0.9438561438561437,135,2,2,12,151,14,9.27,0.2834120402238065,2.9315010463411826e-08,0.9999996740341731,0.09038794453840693
456,18,E_all_ce_noW,12,0.07459089700000732,2.0,0.75,1.0,1.0,1.0,1.0,1.0,0.9999999999999998,137,0,0,14,151,14,9.27,0.28494471411640376,2.76284931999481e-08,0.9999996451445317,0.09096436931856614
456,18,G_all_focal_noW,12,0.06412297599996464,2.0,0.75,1.0,1.0,1.0,1.0,1.0,0.9999999999999998,137,0,0,14,151,14,9.27,0.2742088003124951,0.001206025044614657,0.9966804146874737,0.09732250338536443
456,18,LEGACY_A,11,0.0742184569999722,2.0,0.75,1.0,1.0,1.0,1.0,1.0,0.9999999999999998,137,0,0,14,151,14,9.27,0.2891278675495371,2.6116373767521214e-08,0.9999995870537173,0.09259275463722641
456,19,E_all_ce_noW,12,0.07479082700001527,2.0,0.75,1.0,1.0,1.0,1.0,1.0,0.9999999999999999,137,0,0,14,151,14,9.27,0.28886687394833593,2.7487444450090593e-08,0.9999996712266925,0.09309651818525105
456,19,G_all_focal_noW,12,0.07519037700001263,2.0,0.75,1.0,1.0,1.0,1.0,1.0,0.9999999999999999,137,0,0,14,151,14,9.27,0.2848326855402629,0.0015573598921939475,0.9976210236534893,0.10315987656759111
456,19,LEGACY_A,11,0.07489336700001559,2.0,0.75,1.0,1.0,1.0,1.0,1.0,0.9999999999999999,137,0,0,14,151,14,9.27,0.2897956511683862,2.2419339383472272e-08,0.9999997043426075,0.09319425450213953
456,20,E_all_ce_noW,12,0.068798825999977,2.0,0.75,0.9735099337748344,1.0,0.7142857142857143,0.9094724220623501,0.9791449426485923,0.8981601731601729,137,0,4,10,151,14,9.27,0.24983451445456736,2.9036740244323024e-08,0.9999996019381424,0.07130247403417757
456,20,G_all_focal_noW,12,0.06822457600003418,2.0,0.75,0.9735099337748344,1.0,0.7142857142857143,0.9094724220623501,0.9775808133472368,0.885235003092146,137,0,4,10,151,14,9.27,0.24694634184805783,0.00213411513877164,0.9940948930526728,0.08412889189976475
456,20,LEGACY_A,11,0.07542264799997156,2.0,0.75,0.9668874172185431,0.9090909090909091,0.7142857142857143,0.8909747292418773,0.9827945776850886,0.9069627851140454,136,1,4,10,151,14,9.27,0.25812091163432777,3.0462094319527306e-08,0.9999996592261311,0.07374729067679292
456,21,E_all_ce_noW,12,0.07748429700001225,2.0,0.75,0.9801324503311258,0.9166666666666666,0.8461538461538461,0.9345848375451263,0.9972129319955407,0.975983292725374,137,1,2,11,151,13,8.61,0.268709635325851,2.939976811578919e-08,0.9999994069462208,0.08090929942834527
456,21,G_all_focal_noW,12,0.06756680699999151,2.0,0.75,0.9801324503311258,0.9166666666666666,0.8461538461538461,0.9345848375451263,0.9972129319955407,0.975983292725374,137,1,2,11,151,13,8.61,0.25277079411826153,0.0015571675829862135,0.9951034081821847,0.08877988841748882
456,21,LEGACY_A,11,0.06926710599998387,2.0,0.75,0.9867549668874173,0.9230769230769231,0.9230769230769231,0.9579152731326644,0.9983277591973244,0.9838264299802759,137,1,1,12,151,13,8.61,0.2762305988067118,2.811147716919604e-08,0.9999996820158753,0.08566248815460659
456,22,E_all_ce_noW,12,0.07652894699998569,2.0,0.75,0.9801324503311258,0.9230769230769231,0.8571428571428571,0.938989898989899,0.9911366006256518,0.950892857142857,136,1,2,12,151,14,9.27,0.27203420599202216,2.7652767501967284e-08,0.9999997879885724,0.08319634796893671
456,22,G_all_focal_noW,12,0.06208405600000333,2.0,0.75,0.9801324503311258,0.9230769230769231,0.8571428571428571,0.938989898989899,0.9890510948905109,0.9464285714285712,136,1,2,12,151,14,9.27,0.2611321829310744,0.002072449964013118,0.99495593846233,0.09242234169941946
456,22,LEGACY_A,11,0.06876360600000453,2.0,0.75,0.9867549668874173,0.9285714285714286,0.9285714285714286,0.9606360792492179,0.9968717413972888,0.973530437816152,136,1,1,13,151,14,9.27,0.28510577700856793,2.64608541755087e-08,0.9999996229517337,0.09119420256461452
456,23,E_all_ce_noW,12,0.07892370700000129,2.0,0.75,0.9933774834437086,1.0,0.9285714285714286,0.9796632996632997,0.9994786235662149,0.995238095238095,137,0,1,13,151,14,9.27,0.2797876095702867,2.7480922080255122e-08,0.9999996043291712,0.08618247808087341
456,23,G_all_focal_noW,12,0.0714316170000302,2.0,0.75,0.9933774834437086,1.0,0.9285714285714286,0.9796632996632997,0.9989572471324296,0.9910714285714284,137,0,1,13,151,14,9.27,0.26994140711783765,0.002009593152275717,0.9973466770079862,0.09419774546390339
456,23,LEGACY_A,11,0.07840889799996376,2.0,0.75,0.9933774834437086,1.0,0.9285714285714286,0.9796632996632997,0.9994786235662149,0.995238095238095,137,0,1,13,151,14,9.27,0.2800760398528438,2.5589390108459843e-08,0.9999996042997366,0.08641478964767954
456,24,E_all_ce_noW,12,0.07992643699998325,2.0,0.75,0.9867549668874173,1.0,0.8571428571428571,0.9579152731326644,0.9932221063607924,0.954184704184704,137,0,2,12,151,14,9.27,0.2704387819716616,3.84107824973996e-08,0.9999996614459146,0.07957445089880048
456,24,G_all_focal_noW,12,0.06571800599999733,2.0,0.75,0.9867549668874173,1.0,0.8571428571428571,0.9579152731326644,0.9869655891553701,0.9326839826839827,137,0,2,12,151,14,9.27,0.2652379100236056,0.002619213701410277,0.9951258323344462,0.08923281771662821
456,24,LEGACY_A,11,0.0695562460000474,2.0,0.75,0.9867549668874173,1.0,0.8571428571428571,0.9579152731326644,0.9895724713242962,0.9393506493506493,137,0,2,12,151,14,9.27,0.2704543389942047,3.2512387114314304e-08,0.9999995541095329,0.07952387080126283
456,25,E_all_ce_noW,12,0.09554198900002575,2.0,0.75,0.9933774834437086,0.9333333333333333,1.0,0.9809271188581534,1.0,0.9999999999999998,136,1,0,14,151,14,9.27,0.2940880418551746,2.8805363190510242e-08,0.9999993833814914,0.09826017618061925
456,25,G_all_focal_noW,12,0.07580771699997513,2.0,0.75,0.9933774834437086,0.9333333333333333,1.0,0.9809271188581534,1.0,0.9999999999999998,136,1,0,14,151,14,9.27,0.28681019437493077,0.0015378723828743163,0.9973372293343804,0.11209183898433046
456,25,LEGACY_A,11,0.07517174700001306,2.0,0.75,1.0,1.0,1.0,1.0,1.0,0.9999999999999998,137,0,0,14,151,14,9.27,0.29044547397363296,2.7473871745470256e-08,0.999999658826844,0.09660275592782347
789,1,E_all_ce_noW,12,0.07820646699997269,2.0,0.75,0.9933774834437086,1.0,0.9230769230769231,0.9781949458483754,0.9894091415830547,0.9543269230769229,138,0,1,12,151,13,8.61,0.2717181182072823,2.7807821236210314e-08,0.99999962770613,0.0825334855072337
789,1,G_all_focal_noW,12,0.07893533700001854,2.0,0.75,0.9867549668874173,0.9230769230769231,0.9230769230769231,0.9579152731326644,0.9916387959866221,0.9587912087912085,137,1,1,12,151,13,8.61,0.2658400528442759,0.0013408230209543657,0.9957333461429672,0.09698474215706189
789,1,LEGACY_A,11,0.08325137799999993,2.0,0.75,0.9867549668874173,0.9230769230769231,0.9230769230769231,0.9579152731326644,0.9955406911928651,0.9706959706959704,137,1,1,12,151,13,8.61,0.28079552346788633,2.8016092017509535e-08,0.9999996811641221,0.08941553199250273
789,2,E_all_ce_noW,12,0.08845490700002756,2.0,0.75,0.9801324503311258,0.8235294117647058,1.0,0.946077847875253,0.9994786235662149,0.995238095238095,134,3,0,14,151,14,9.27,0.3012967928868892,2.7457075814190843e-08,0.999999358615553,0.10623828173558725
789,2,G_all_focal_noW,12,0.06533490599997549,2.0,0.75,0.9867549668874173,0.9285714285714286,0.9285714285714286,0.9606360792492179,0.9989572471324296,0.9910714285714284,136,1,1,13,151,14,9.27,0.28374881351758924,0.0017121742390457835,0.9960526747575122,0.11188827185554628
789,2,LEGACY_A,11,0.07304162700000916,2.0,0.75,0.9867549668874173,0.875,1.0,0.9629901960784314,0.9989572471324296,0.9910714285714285,135,2,0,14,151,14,9.27,0.3050306361569886,2.6186368851340433e-08,0.9999996311918883,0.10577452576581656
789,3,E_all_ce_noW,12,0.07541618699997343,2.0,0.75,0.9735099337748344,0.9166666666666666,0.7857142857142857,0.9158305462653289,0.9984358706986445,0.9846415489272631,136,1,3,11,151,14,9.27,0.26902869083891395,2.7505304647777557e-08,0.9999996923508491,0.08427795453418992
789,3,G_all_focal_noW,12,0.06353067599997075,2.0,0.75,0.9801324503311258,0.9230769230769231,0.8571428571428571,0.938989898989899,0.9984358706986445,0.9846415489272631,136,1,2,12,151,14,9.27,0.264135309596717,0.0016397266899107548,0.997183353703166,0.09470726154741492
789,3,LEGACY_A,11,0.07026003700002548,2.0,0.75,0.9801324503311258,0.9230769230769231,0.8571428571428571,0.938989898989899,0.9989572471324296,0.9901360544217686,136,1,2,12,151,14,9.27,0.27561184635015556,2.716909548860591e-08,0.9999996716291398,0.08667877345513687
789,4,E_all_ce_noW,12,0.07193509600000425,2.0,0.75,0.9867549668874173,1.0,0.8571428571428571,0.9579152731326644,0.9932221063607924,0.9619309262166404,137,0,2,12,151,14,9.27,0.260462584765029,2.766018547431703e-08,0.9999994708216071,0.07765735427402576
789,4,G_all_focal_noW,12,0.06600599699999066,2.0,0.75,0.9867549668874173,1.0,0.8571428571428571,0.9579152731326644,0.9942648592283628,0.9651360544217686,137,0,2,12,151,14,9.27,0.25431483039082586,0.002084582046725754,0.9956881417910141,0.08765364312841147
789,4,LEGACY_A,11,0.06359081599998717,2.0,0.75,0.9867549668874173,1.0,0.8571428571428571,0.9579152731326644,0.996871741397289,0.9785714285714284,137,0,2,12,151,14,9.27,0.2669041617488843,2.67539411615972e-08,0.9999997110809364,0.07887048435837894
789,5,E_all_ce_noW,12,0.07432464700002583,2.0,0.75,0.9933774834437086,1.0,0.9285714285714286,0.9796632996632997,0.996871741397289,0.9785714285714284,137,0,1,13,151,14,9.27,0.2738711992351641,3.1916947320290024e-08,0.9999996024036004,0.08360249689129437
789,5,G_all_focal_noW,12,0.07706095699995785,2.0,0.75,0.9933774834437086,1.0,0.9285714285714286,0.9796632996632997,0.9942648592283628,0.9685714285714284,137,0,1,13,151,14,9.27,0.2660726399740891,0.0021994392159378926,0.9972557829655029,0.0903724855803182
789,5,LEGACY_A,11,0.07468882699998858,2.0,0.75,0.9933774834437086,1.0,0.9285714285714286,0.9796632996632997,0.9921793534932222,0.9630541871921181,137,0,1,13,151,14,9.27,0.27987903290796673,2.7678848894745397e-08,0.9999996096169256,0.08610459012796261
789,6,E_all_ce_noW,12,0.06624452700003758,2.0,0.75,0.9735099337748344,1.0,0.6923076923076923,0.901948051948052,0.9041248606465998,0.7864077370757232,138,0,4,9,151,13,8.61,0.23674439301776062,4.386654035636648e-08,0.9999994014334851,0.059604942688486096
789,6,G_all_focal_noW,12,0.05913869500000146,2.0,0.75,0.9735099337748344,1.0,0.6923076923076923,0.901948051948052,0.9319955406911928,0.8034576534576535,138,0,4,9,151,13,8.61,0.23259031353284057,0.002752103342623398,0.9967184539493557,0.06464237699963646
789,6,LEGACY_A,11,0.06062446600003568,2.0,0.75,0.9735099337748344,1.0,0.6923076923076923,0.901948051948052,0.9264214046822743,0.8166785175608702,138,0,4,9,151,13,8.61,0.23674647679600938,3.0300513919527276e-08,0.9999996727407331,0.059609611953876984
789,7,E_all_ce_noW,12,0.07378055700002051,2.0,0.75,1.0,1.0,1.0,1.0,1.0,0.9999999999999998,137,0,0,14,151,14,9.27,0.27688004266306765,2.748295035618353e-08,0.9999995152928605,0.08943232543630651
789,7,G_all_focal_noW,12,0.0629989660000092,2.0,0.75,0.9867549668874173,1.0,0.8571428571428571,0.9579152731326644,0.9994786235662149,0.995238095238095,137,0,2,12,151,14,9.27,0.2610396091421924,0.0012371971066115245,0.9970608891087402,0.08973038140534208
789,7,LEGACY_A,11,0.07481606700002885,2.0,0.75,0.9867549668874173,1.0,0.8571428571428571,0.9579152731326644,1.0,0.9999999999999998,137,0,2,12,151,14,9.27,0.27021342251328034,2.5892746158795577e-08,0.9999994032845855,0.08167077449591383
789,8,E_all_ce_noW,12,0.08498450800004775,2.0,0.75,0.9933774834437086,0.9333333333333333,1.0,0.9809271188581534,0.9989572471324296,0.9901360544217686,136,1,0,14,151,14,9.27,0.2809592198377052,2.6999466493841307e-08,0.9999995729358874,0.09305071993085695
789,8,G_all_focal_noW,12,0.06589665699999614,2.0,0.75,0.9867549668874173,0.875,1.0,0.9629901960784314,0.9989572471324296,0.9901360544217686,135,2,0,14,151,14,9.27,0.275923905751314,0.001041146195439325,0.9977956409268278,0.10444003601896565
789,8,LEGACY_A,11,0.08035447700001441,2.0,0.75,0.9867549668874173,0.875,1.0,0.9629901960784314,1.0,0.9999999999999998,135,2,0,14,151,14,9.27,0.28925703582870294,2.5727444978678125e-08,0.9999996763960236,0.09858332965452363
789,9,E_all_ce_noW,12,0.07440284699998756,2.0,0.75,1.0,1.0,1.0,1.0,1.0,0.9999999999999998,137,0,0,14,151,14,9.27,0.28022124585536184,2.7677475116640268e-08,0.9999991354449536,0.08923027279680959
789,9,G_all_focal_noW,12,0.07159923599999729,2.0,0.75,1.0,1.0,1.0,1.0,1.0,0.9999999999999998,137,0,0,14,151,14,9.27,0.271154679580085,0.0013675224216578537,0.996141773386035,0.10070744124466195
789,9,LEGACY_A,11,0.07529145799998105,2.0,0.75,1.0,1.0,1.0,1.0,1.0,0.9999999999999998,137,0,0,14,151,14,9.27,0.2882190965895218,2.718982388293597e-08,0.9999994612829504,0.09395776945920224
789,10,E_all_ce_noW,12,0.07656547699997418,2.0,0.75,0.9933774834437086,0.9333333333333333,1.0,0.9809271188581534,1.0,0.9999999999999998,136,1,0,14,151,14,9.27,0.29703201551818104,3.109969505676134e-08,0.9999996916937459,0.10169270203040184
789,10,G_all_focal_noW,12,0.06888690700003508,2.0,0.75,0.9867549668874173,0.875,1.0,0.9629901960784314,1.0,0.9999999999999998,135,2,0,14,151,14,9.27,0.28828407935678696,0.0017701247362671277,0.9968459254483111,0.11471146261169463
789,10,LEGACY_A,11,0.07753503700001829,2.0,0.75,0.9933774834437086,0.9333333333333333,1.0,0.9809271188581534,1.0,0.9999999999999998,136,1,0,14,151,14,9.27,0.29907929008901796,2.63429722426148e-08,0.999999669369486,0.10186239319615407
789,11,E_all_ce_noW,12,0.0793114580000065,2.0,0.75,0.9933774834437086,1.0,0.9230769230769231,0.9781949458483754,0.9938684503901895,0.9647435897435894,138,0,1,12,151,13,8.61,0.27025828846560257,3.0170897868889815e-08,0.9999997816383531,0.08029899751322238
789,11,G_all_focal_noW,12,0.06613645600003792,2.0,0.75,0.9933774834437086,1.0,0.9230769230769231,0.9781949458483754,0.9888517279821628,0.9533799533799532,138,0,1,12,151,13,8.61,0.26454534232599375,0.001920362787519347,0.9968965340728376,0.0929571270547056
789,11,LEGACY_A,11,0.07401644599997326,2.0,0.75,0.9933774834437086,1.0,0.9230769230769231,0.9781949458483754,0.9916387959866221,0.9587912087912085,138,0,1,12,151,13,8.61,0.27043753990840563,2.3826681318762628e-08,0.9999996638514728,0.08202869867094058
789,12,E_all_ce_noW,12,0.08560869799998727,2.0,0.75,0.9933774834437086,1.0,0.9285714285714286,0.9796632996632997,1.0,0.9999999999999998,137,0,1,13,151,14,9.27,0.28028993029590876,2.7254420873930034e-08,0.9999995588864176,0.08660524772007278
789,12,G_all_focal_noW,12,0.07121101699999599,2.0,0.75,0.9933774834437086,1.0,0.9285714285714286,0.9796632996632997,1.0,0.9999999999999998,137,0,1,13,151,14,9.27,0.2738949886671641,0.0011564430194797594,0.9975320467701826,0.0949475785646739
789,12,LEGACY_A,11,0.07022634599996991,2.0,0.75,1.0,1.0,1.0,1.0,1.0,0.9999999999999998,137,0,0,14,151,14,9.27,0.2843263858715747,2.6135745951743975e-08,0.9999995177347015,0.09066207986063927
789,13,E_all_ce_noW,12,0.07696381699997801,2.0,0.75,1.0,1.0,1.0,1.0,1.0,0.9999999999999999,137,0,0,14,151,14,9.27,0.28338085975901034,2.7785220854230227e-08,0.9999996026507678,0.09049106495543026
789,13,G_all_focal_noW,12,0.07738498700001628,2.0,0.75,0.9933774834437086,1.0,0.9285714285714286,0.9796632996632997,1.0,0.9999999999999998,137,0,1,13,151,14,9.27,0.2754834684593504,0.001899247416006345,0.9968313713317746,0.10140323703745763
789,13,LEGACY_A,11,0.07277867599998444,2.0,0.75,1.0,1.0,1.0,1.0,1.0,0.9999999999999998,137,0,0,14,151,14,9.27,0.28952179457065547,2.7142048413264984e-08,0.9999996309782339,0.09323764411950615
789,14,E_all_ce_noW,12,0.0788552070000037,2.0,0.75,0.9933774834437086,0.9333333333333333,1.0,0.9809271188581534,0.9989572471324296,0.9901360544217687,136,1,0,14,151,14,9.27,0.28925429769599265,2.754835334387146e-08,0.9999997134774886,0.09795236762918898
789,14,G_all_focal_noW,12,0.06610932600000297,2.0,0.75,0.9867549668874173,0.875,1.0,0.9629901960784314,0.9994786235662149,0.995238095238095,135,2,0,14,151,14,9.27,0.2800736115028867,0.0013081163074670805,0.9956875601524221,0.10716854316698907
789,14,LEGACY_A,11,0.0714142969999898,2.0,0.75,0.9933774834437086,0.9333333333333333,1.0,0.9809271188581534,0.9994786235662149,0.995238095238095,136,1,0,14,151,14,9.27,0.2991407631448233,2.680709935950031e-08,0.9999997229651946,0.10224185693792832
789,15,E_all_ce_noW,12,0.07876507700001412,2.0,0.75,0.9801324503311258,1.0,0.7857142857142857,0.9345848375451263,0.8717413972888425,0.8238994923205448,137,0,3,11,151,14,9.27,0.25925636928266477,2.8504348440010293e-08,0.9999995475504684,0.07268139106687589
789,15,G_all_focal_noW,12,0.11798496199997999,2.0,0.75,0.9801324503311258,1.0,0.7857142857142857,0.9345848375451263,0.883733055265902,0.8365110488639899,137,0,3,11,151,14,9.27,0.24893733000303078,0.0017569843515517429,0.9962542747400084,0.07573106833317578
789,15,LEGACY_A,11,0.11116004999996676,2.0,0.75,0.9801324503311258,1.0,0.7857142857142857,0.9345848375451263,0.8722627737226276,0.8714395177369287,137,0,3,11,151,14,9.27,0.2597200513179426,2.528061164134067e-08,0.9999996350595957,0.07280890902902276
789,16,E_all_ce_noW,12,0.1151203599999917,2.0,0.75,0.9867549668874173,1.0,0.8461538461538461,0.954736211031175,0.9977703455964325,0.9819004524886874,138,0,2,11,151,13,8.61,0.2512935419056243,2.8758547844467083e-08,0.9999996469666069,0.07373499477810623
789,16,G_all_focal_noW,12,0.09091984799999864,2.0,0.75,0.9801324503311258,1.0,0.7692307692307693,0.9294062646096306,0.9966555183946488,0.9695730363151174,138,0,3,10,151,13,8.61,0.2441769628173674,0.0011408805204084671,0.9957254996461002,0.09195501850084374
789,16,LEGACY_A,11,0.11074134099999355,2.0,0.75,0.9867549668874173,0.9230769230769231,0.9230769230769231,0.9579152731326644,0.9994425863991081,0.9945054945054943,137,1,1,12,151,13,8.61,0.2707346252741504,2.745628395890567e-08,0.999999580248223,0.0870048715250708
789,17,E_all_ce_noW,12,0.11831582100001015,2.0,0.75,0.9933774834437086,0.9333333333333333,1.0,0.9809271188581534,1.0,0.9999999999999998,136,1,0,14,151,14,9.27,0.29790997459395546,2.7402414547708083e-08,0.9999994606886695,0.09914757822772496
789,17,G_all_focal_noW,12,0.10307543900000837,2.0,0.75,0.9933774834437086,0.9333333333333333,1.0,0.9809271188581534,1.0,0.9999999999999998,136,1,0,14,151,14,9.27,0.2813332536949605,0.0018039314257403815,0.9960838293197767,0.1055245646901116
789,17,LEGACY_A,11,0.11015292100000806,2.0,0.75,0.9933774834437086,0.9333333333333333,1.0,0.9809271188581534,0.9989572471324296,0.9901360544217687,136,1,0,14,151,14,9.27,0.29866370540782555,2.498103332807446e-08,0.9999995061510817,0.0995252117648584
789,18,E_all_ce_noW,12,0.11234525099996517,2.0,0.75,0.9867549668874173,0.9285714285714286,0.9285714285714286,0.9606360792492179,0.9994786235662149,0.995238095238095,136,1,1,13,151,14,9.27,0.28799148492581284,2.755577386065516e-08,0.9999997042495201,0.09314414054473541
789,18,G_all_focal_noW,12,0.09337589900002286,2.0,0.75,0.9933774834437086,1.0,0.9285714285714286,0.9796632996632997,1.0,0.9999999999999998,137,0,1,13,151,14,9.27,0.27653391474044686,0.0017892796233979862,0.9975077238943705,0.09999394547296112
789,18,LEGACY_A,11,0.1177669900000069,2.0,0.75,0.9933774834437086,0.9333333333333333,1.0,0.9809271188581534,0.9994786235662149,0.9952380952380951,136,1,0,14,151,14,9.27,0.29166178869760745,2.4748014965880314e-08,0.9999996003126649,0.09615349779981262
789,19,E_all_ce_noW,12,0.09885813900001494,2.0,0.75,0.9735099337748344,1.0,0.7142857142857143,0.9094724220623501,0.9259645464025026,0.8162289915966385,137,0,4,10,151,14,9.27,0.24860953001925862,2.9370154209317356e-08,0.9999997261777377,0.06620980532124912
789,19,G_all_focal_noW,12,0.09934156900004609,2.0,0.75,0.9735099337748344,1.0,0.7142857142857143,0.9094724220623501,0.9165797705943691,0.8337722185648453,137,0,4,10,151,14,9.27,0.24056124986574878,0.002008039303753788,0.9975562908176477,0.06892782083071715
789,19,LEGACY_A,11,0.10019933899997113,2.0,0.75,0.9735099337748344,1.0,0.7142857142857143,0.9094724220623501,0.8587069864442127,0.8383977224277599,137,0,4,10,151,14,9.27,0.24866722812032546,2.5033735815217635e-08,0.9999997161204117,0.06622603374703036
789,20,E_all_ce_noW,12,0.09278871899999785,2.0,0.75,1.0,1.0,1.0,1.0,1.0,0.9999999999999998,137,0,0,14,151,14,9.27,0.2909374866139545,2.762933797070012e-08,0.9999992505056055,0.09561376248469897
789,20,G_all_focal_noW,12,0.06925340600002983,2.0,0.75,0.9933774834437086,0.9333333333333333,1.0,0.9809271188581534,1.0,0.9999999999999998,136,1,0,14,151,14,9.27,0.2851870012765762,0.002147218662399101,0.9959869268710488,0.1066007096479511
789,20,LEGACY_A,11,0.0760991970000191,2.0,0.75,1.0,1.0,1.0,1.0,1.0,0.9999999999999998,137,0,0,14,151,14,9.27,0.28980153892142024,2.6794690881128584e-08,0.9999994073003855,0.09381198319560743
789,21,E_all_ce_noW,12,0.08880407899999909,2.0,0.75,0.9801324503311258,0.8125,1.0,0.94278135657446,1.0,0.9999999999999998,135,3,0,13,151,13,8.61,0.3038616634182087,3.133548056504529e-08,0.9999993050040282,0.10458650169708818
789,21,G_all_focal_noW,12,0.07292922700003146,2.0,0.75,0.9801324503311258,0.8125,1.0,0.94278135657446,1.0,0.9999999999999998,135,3,0,13,151,13,8.61,0.2838053068885424,0.0019965217360358198,0.9945113346961731,0.10800270654346007
789,21,LEGACY_A,11,0.07403527700000723,2.0,0.75,0.9867549668874173,0.8666666666666667,1.0,0.9606360792492179,1.0,0.9999999999999998,136,2,0,13,151,13,8.61,0.2966597389131951,2.746063088138538e-08,0.9999996575259764,0.09945092667573564
789,22,E_all_ce_noW,12,0.08675412900004176,2.0,0.75,0.9867549668874173,1.0,0.8571428571428571,0.9579152731326644,0.9994786235662149,0.995238095238095,137,0,2,12,151,14,9.27,0.2633165780512324,2.755614776950629e-08,0.9999997447216172,0.0789611748197123
789,22,G_all_focal_noW,12,0.07272331699999768,2.0,0.75,0.9867549668874173,1.0,0.8571428571428571,0.9579152731326644,0.9994786235662149,0.995238095238095,137,0,2,12,151,14,9.27,0.2615472934784895,0.0017895591018494928,0.9975030250064667,0.09179680403221145
789,22,LEGACY_A,11,0.07208068699998194,2.0,0.75,0.9867549668874173,1.0,0.8571428571428571,0.9579152731326644,1.0,0.9999999999999998,137,0,2,12,151,14,9.27,0.26506533970596496,2.2028392591300032e-08,0.9999996969716282,0.078270566938932
789,23,E_all_ce_noW,12,0.08448235800000248,2.0,0.75,0.9867549668874173,1.0,0.8571428571428571,0.9579152731326644,0.9791449426485923,0.938278388278388,137,0,2,12,151,14,9.27,0.27015883645114924,2.764643470986415e-08,0.9999996163407916,0.07960185422823686
789,23,G_all_focal_noW,12,0.07159637699999166,2.0,0.75,0.9867549668874173,1.0,0.8571428571428571,0.9579152731326644,0.9781021897810219,0.9340464959568733,137,0,2,12,151,14,9.27,0.26216138939897227,0.0013384357981340593,0.9957585572326949,0.08945515880804573
789,23,LEGACY_A,11,0.07685030699997242,2.0,0.75,0.9867549668874173,1.0,0.8571428571428571,0.9579152731326644,0.9827945776850886,0.9498480243161094,137,0,2,12,151,14,9.27,0.26996621641623864,2.682160932709729e-08,0.9999995621267562,0.0801291696806314
789,24,E_all_ce_noW,12,0.07401859700001978,2.0,0.75,0.9867549668874173,0.9285714285714286,0.9285714285714286,0.9606360792492179,0.9953076120959332,0.9689239332096473,136,1,1,13,151,14,9.27,0.284242564967017,3.109799621827491e-08,0.9999997619462591,0.09126299779503337
789,24,G_all_focal_noW,12,0.06728885600000467,2.0,0.75,0.9867549668874173,0.9285714285714286,0.9285714285714286,0.9606360792492179,0.9906152241918665,0.9557274522712309,136,1,1,13,151,14,9.27,0.27221607460268704,0.0019989117840904435,0.995762873293864,0.09896027973777574
789,24,LEGACY_A,11,0.07094996699999001,2.0,0.75,0.9867549668874173,0.9285714285714286,0.9285714285714286,0.9606360792492179,0.9921793534932222,0.9630541871921181,136,1,1,13,151,14,9.27,0.2832786786749453,2.8033289178139386e-08,0.999999696634358,0.09122376308567592
789,25,E_all_ce_noW,12,0.08637698799998361,2.0,0.75,0.9668874172185431,0.8461538461538461,0.7857142857142857,0.8983164983164983,0.9869655891553701,0.926190476190476,135,2,3,11,151,14,9.27,0.27202699637474426,2.9738858994175537e-08,0.9999996067149718,0.08507474308296945
789,25,G_all_focal_noW,12,0.06947957600004884,2.0,0.75,0.9801324503311258,0.9230769230769231,0.8571428571428571,0.938989898989899,0.986444212721585,0.9442906717342807,136,1,2,12,151,14,9.27,0.2599662369593539,0.0021883954986792304,0.9971415528708477,0.09248875831598698
789,25,LEGACY_A,11,0.06689252699999315,2.0,0.75,0.9668874172185431,0.8461538461538461,0.7857142857142857,0.8983164983164983,0.9854014598540146,0.926799886621315,135,2,3,11,151,14,9.27,0.27298878115179176,2.791195100783461e-08,0.9999996643827443,0.08627573676650618
1024,1,E_all_ce_noW,12,0.0849608180000132,2.0,0.75,0.9867549668874173,1.0,0.8461538461538461,0.954736211031175,0.9960981047937569,0.9730769230769227,138,0,2,11,151,13,8.61,0.25294231028475483,2.987651050958574e-08,0.9999997062235265,0.07139711843164119
1024,1,G_all_focal_noW,12,0.08118102700001373,2.0,0.75,0.9801324503311258,1.0,0.7692307692307693,0.9294062646096306,0.9927536231884059,0.9615384615384612,138,0,3,10,151,13,8.61,0.24159456298036214,0.0027191059754494143,0.9970453964828856,0.07977015704405506
1024,1,LEGACY_A,11,0.07477871700001515,2.0,0.75,0.9867549668874173,1.0,0.8461538461538461,0.954736211031175,0.9944258639910815,0.9665551839464881,138,0,2,11,151,13,8.61,0.259845177629477,2.7578494685197627e-08,0.9999997176744186,0.07412356365839179
1024,2,E_all_ce_noW,12,0.07964749700005314,2.0,0.75,0.9867549668874173,0.9285714285714286,0.9285714285714286,0.9606360792492179,0.9921793534932222,0.9630541871921181,136,1,1,13,151,14,9.27,0.2825969732087132,2.7923791293085598e-08,0.9999994259446245,0.08969903005422869
1024,2,G_all_focal_noW,12,0.07646524699998736,2.0,0.75,0.9867549668874173,0.9285714285714286,0.9285714285714286,0.9606360792492179,0.9937434827945777,0.9670329670329669,136,1,1,13,151,14,9.27,0.2780616360054702,0.002071274365181141,0.9962610116399432,0.10019941735848838
1024,2,LEGACY_A,11,0.08209691799999064,2.0,0.75,0.9867549668874173,0.9285714285714286,0.9285714285714286,0.9606360792492179,0.9895724713242962,0.9579831932773109,136,1,1,13,151,14,9.27,0.28968405716223733,2.939203924678373e-08,0.9999996726414221,0.09337242959053424
1024,3,E_all_ce_noW,12,0.09365882899999178,2.0,0.75,0.9933774834437086,0.9333333333333333,1.0,0.9809271188581534,0.9994786235662148,0.995238095238095,136,1,0,14,151,14,9.27,0.29231420729242213,2.7419707307305607e-08,0.9999995159765986,0.09892144725826811
1024,3,G_all_focal_noW,12,0.09034873900003504,2.0,0.75,0.9933774834437086,0.9333333333333333,1.0,0.9809271188581534,1.0,0.9999999999999998,136,1,0,14,151,14,9.27,0.27979413992472246,0.0018184683889631216,0.9960199146099176,0.1081760960540906
1024,3,LEGACY_A,11,0.09174181899999212,2.0,0.75,0.9867549668874173,0.875,1.0,0.9629901960784314,1.0,0.9999999999999998,135,2,0,14,151,14,9.27,0.30006957405830853,2.4734384184404487e-08,0.999999499158101,0.10349574951215748
1024,4,E_all_ce_noW,12,0.09152393899995559,2.0,0.75,0.9933774834437086,1.0,0.9285714285714286,0.9796632996632997,0.9973931178310741,0.981203007518797,137,0,1,13,151,14,9.27,0.28036745036980953,2.765794160922998e-08,0.9999997103626053,0.0864887796652518
1024,4,G_all_focal_noW,12,0.0744827870000222,2.0,0.75,0.9933774834437086,1.0,0.9285714285714286,0.9796632996632997,0.9984358706986445,0.9873949579831931,137,0,1,13,151,14,9.27,0.2745017328070569,0.001491951012269743,0.996949062721356,0.09772590923999472
1024,4,LEGACY_A,11,0.0803775480000013,2.0,0.75,0.9933774834437086,1.0,0.9285714285714286,0.9796632996632997,0.9989572471324296,0.9910714285714285,137,0,1,13,151,14,9.27,0.2803898697449582,2.3828925482489512e-08,0.9999996729014391,0.08673172340830484
1024,5,E_all_ce_noW,12,0.08914497799997889,2.0,0.75,0.9735099337748344,1.0,0.7142857142857143,0.9094724220623501,0.9921793534932221,0.9560846560846559,137,0,4,10,151,14,9.27,0.24954202628433014,2.7499392933727507e-08,0.9999996306887027,0.06877448712589972
1024,5,G_all_focal_noW,12,0.07756222699998716,2.0,0.75,0.9801324503311258,1.0,0.7857142857142857,0.9345848375451263,0.9895724713242962,0.9537724180581322,137,0,3,11,151,14,9.27,0.24591759143003342,0.0017385670214992452,0.9955281174378124,0.08087308267796395
1024,5,LEGACY_A,11,0.07139592700002595,2.0,0.75,0.9735099337748344,1.0,0.7142857142857143,0.9094724220623501,0.9947862356621481,0.9702380952380951,137,0,4,10,151,14,9.27,0.250521462216069,2.6724262677868575e-08,0.9999997042731046,0.07096155926680037
1024,6,E_all_ce_noW,12,0.07722334700002875,2.0,0.75,0.9735099337748344,0.8461538461538461,0.8461538461538461,0.9158305462653289,0.9944258639910813,0.9560080442433381,136,2,2,11,151,13,8.61,0.26225801197404225,2.7555509559336907e-08,0.9999997365897341,0.08258167089045516
1024,6,G_all_focal_noW,12,0.06662692599996944,2.0,0.75,0.9735099337748344,0.8461538461538461,0.8461538461538461,0.9158305462653289,0.992196209587514,0.9459070341423279,136,2,2,11,151,13,8.61,0.25304302509824766,0.0019594424483089594,0.9969767149596575,0.09281911580885774
1024,6,LEGACY_A,11,0.07226292700005388,2.0,0.75,0.9801324503311258,0.9166666666666666,0.8461538461538461,0.9345848375451263,0.9938684503901896,0.9530840676351509,137,1,2,11,151,13,8.61,0.2669706047576952,2.5722375057520933e-08,0.9999997165990543,0.08255722209415277
1024,7,E_all_ce_noW,12,0.07085951600004137,2.0,0.75,0.9867549668874173,0.9285714285714286,0.9285714285714286,0.9606360792492179,0.9942648592283628,0.9614531431301616,136,1,1,13,151,14,9.27,0.2899513806405412,3.125945568141678e-08,0.9999993552690909,0.09272386069423985
1024,7,G_all_focal_noW,12,0.07233141699998669,2.0,0.75,0.9867549668874173,0.9285714285714286,0.9285714285714286,0.9606360792492179,0.9927007299270073,0.9642857142857142,136,1,1,13,151,14,9.27,0.27845831660855325,0.0022097933411373213,0.9962918195736341,0.10027565951930785
1024,7,LEGACY_A,11,0.0705812960000003,2.0,0.75,0.9867549668874173,0.9285714285714286,0.9285714285714286,0.9606360792492179,0.9921793534932222,0.9630541871921181,136,1,1,13,151,14,9.27,0.28999252821220767,3.264408185490505e-08,0.9999996951059608,0.09278738161722602
1024,8,E_all_ce_noW,12,0.08042962799999032,2.0,0.75,0.9867549668874173,1.0,0.8571428571428571,0.9579152731326644,0.9812304483837331,0.9485714285714284,137,0,2,12,151,14,9.27,0.2635421116887405,2.8307968849645833e-08,0.9999996691485753,0.07794918095250639
1024,8,G_all_focal_noW,12,0.06500710599999593,2.0,0.75,0.9933774834437086,1.0,0.9285714285714286,0.9796632996632997,0.9916579770594369,0.9619047619047618,137,0,1,13,151,14,9.27,0.2601974781290865,0.0020476022008483826,0.9957695577095743,0.09129058832895802
1024,8,LEGACY_A,11,0.07323477699998193,2.0,0.75,0.9867549668874173,1.0,0.8571428571428571,0.9579152731326644,0.9927007299270073,0.9642857142857142,137,0,2,12,151,14,9.27,0.26480805920273265,2.7522121038939553e-08,0.9999996760425024,0.0789797321653065
1024,9,E_all_ce_noW,12,0.08215784800000847,2.0,0.75,0.9933774834437086,1.0,0.9285714285714286,0.9796632996632997,0.996871741397289,0.9785714285714284,137,0,1,13,151,14,9.27,0.2803394857334201,2.7697743558552635e-08,0.9999996045139649,0.0863247066921337
1024,9,G_all_focal_noW,12,0.07351171699997394,2.0,0.75,0.9933774834437086,1.0,0.9285714285714286,0.9796632996632997,0.9979144942648592,0.984126984126984,137,0,1,13,151,14,9.27,0.2737030071867295,0.0012465275159895357,0.997373807188906,0.10018341750894573
1024,9,LEGACY_A,11,0.07495742699995844,2.0,0.75,0.9933774834437086,1.0,0.9285714285714286,0.9796632996632997,0.9973931178310741,0.9812030075187967,137,0,1,13,151,14,9.27,0.280300060211861,2.456644796606092e-08,0.9999996322152391,0.0870996836982436
1024,10,E_all_ce_noW,12,0.09103940899996132,2.0,0.75,0.9867549668874173,1.0,0.8571428571428571,0.9579152731326644,0.9927007299270073,0.9642857142857142,137,0,2,12,151,14,9.27,0.2702609480711356,2.8720287870355586e-08,0.9999997169555312,0.07973848048616951
1024,10,G_all_focal_noW,12,0.0736146270000404,2.0,0.75,0.9867549668874173,1.0,0.8571428571428571,0.9579152731326644,0.9947862356621481,0.9702380952380951,137,0,2,12,151,14,9.27,0.26613427966475933,0.0010076959697737696,0.9977771501003299,0.08860912761196137
1024,10,LEGACY_A,11,0.0736469969999689,2.0,0.75,0.9933774834437086,1.0,0.9285714285714286,0.9796632996632997,0.9942648592283628,0.9685714285714284,137,0,1,13,151,14,9.27,0.2778035473355904,2.375398154914246e-08,0.9999997057469745,0.08523979572596463
1024,11,E_all_ce_noW,12,0.07634310700001379,2.0,0.75,0.9933774834437086,1.0,0.9230769230769231,0.9781949458483754,0.9910813823857303,0.9575596816976124,138,0,1,12,151,13,8.61,0.2700992862849692,2.777212783095141e-08,0.9999993548271587,0.07944071346546945
1024,11,G_all_focal_noW,12,0.06871149599999171,2.0,0.75,0.9933774834437086,1.0,0.9230769230769231,0.9781949458483754,0.9910813823857303,0.9575596816976124,138,0,1,12,151,13,8.61,0.26055174114907553,0.0013031636061494457,0.9955021952864191,0.08458492623714109
1024,11,LEGACY_A,11,0.07339585700003681,2.0,0.75,0.9933774834437086,1.0,0.9230769230769231,0.9781949458483754,0.995540691192865,0.9706959706959704,138,0,1,12,151,13,8.61,0.27040590796239106,2.7594158371968384e-08,0.9999996205148097,0.07964507348836539
1024,12,E_all_ce_noW,12,0.0703666969999972,2.0,0.75,0.9801324503311258,0.9230769230769231,0.8571428571428571,0.938989898989899,0.9854014598540146,0.947859631657541,136,1,2,12,151,14,9.27,0.2775864941460544,2.8013751672833556e-08,0.9999995051092372,0.08758584224254318
1024,12,G_all_focal_noW,12,0.06550024599999915,2.0,0.75,0.9801324503311258,0.9230769230769231,0.8571428571428571,0.938989898989899,0.9895724713242962,0.9537724180581322,136,1,2,12,151,14,9.27,0.2697859798977803,0.0016566340545207659,0.9962419401168234,0.0939053016485962
1024,12,LEGACY_A,11,0.08141318699995281,2.0,0.75,0.9867549668874173,1.0,0.8571428571428571,0.9579152731326644,0.9895724713242962,0.9579831932773109,137,0,2,12,151,14,9.27,0.27035845977707673,2.5827274851015996e-08,0.999999693635612,0.08026554471378092
1024,13,E_all_ce_noW,12,0.06877526599998873,2.0,0.75,0.9668874172185431,0.8461538461538461,0.7857142857142857,0.8983164983164983,0.9301355578727841,0.8514108547230144,135,2,3,11,151,14,9.27,0.27399352387206666,3.1524332517124703e-08,0.9999992211847687,0.08953141253732169
1024,13,G_all_focal_noW,12,0.07993391699994845,2.0,0.75,0.9536423841059603,0.7333333333333333,0.7857142857142857,0.8664898320070733,0.9129301355578728,0.8406565017818214,133,4,3,11,151,14,9.27,0.2751087630142285,0.002093729667792657,0.9962871101961008,0.10336138590034089
1024,13,LEGACY_A,11,0.06481751600000507,2.0,0.75,0.9602649006622517,0.7857142857142857,0.7857142857142857,0.8819082377476538,0.9113660062565172,0.8462155329277372,134,3,3,11,151,14,9.27,0.2771434102945371,2.704348757540518e-08,0.9999995541565858,0.09434192682251351
1024,14,E_all_ce_noW,12,0.08145667799999501,2.0,0.75,0.9867549668874173,0.9285714285714286,0.9285714285714286,0.9606360792492179,0.9979144942648592,0.9804748822605964,136,1,1,13,151,14,9.27,0.2868856398747865,2.7848630930169275e-08,0.999999586749136,0.0916729353406145
1024,14,G_all_focal_noW,12,0.08908167800001365,2.0,0.75,0.9867549668874173,0.9285714285714286,0.9285714285714286,0.9606360792492179,0.9973931178310741,0.9767984116723611,136,1,1,13,151,14,9.27,0.27449471997687097,0.001772903063403694,0.9963669500547092,0.09828165534482816
1024,14,LEGACY_A,11,0.0756756170000017,2.0,0.75,0.9867549668874173,0.9285714285714286,0.9285714285714286,0.9606360792492179,0.9984358706986445,0.9859693877551019,136,1,1,13,151,14,9.27,0.2879541340593607,2.7163987554515168e-08,0.999999650149237,0.09208598922890154
1024,15,E_all_ce_noW,12,0.07760891700002048,2.0,0.75,0.9867549668874173,1.0,0.8571428571428571,0.9579152731326644,0.9989572471324296,0.9901360544217686,137,0,2,12,151,14,9.27,0.2712364745981518,2.770827176914555e-08,0.9999995220256261,0.08254854953595252
1024,15,G_all_focal_noW,12,0.0683329169999638,2.0,0.75,0.9867549668874173,1.0,0.8571428571428571,0.9579152731326644,0.9994786235662148,0.9952380952380951,137,0,2,12,151,14,9.27,0.26088741938564236,0.0016911406857026475,0.9970194854484402,0.09110066032843891
1024,15,LEGACY_A,11,0.07111663699998871,2.0,0.75,0.9867549668874173,1.0,0.8571428571428571,0.9579152731326644,1.0,0.9999999999999998,137,0,2,12,151,14,9.27,0.2729615257558345,2.622760642867861e-08,0.9999995928431903,0.08697132172461383
1024,16,E_all_ce_noW,12,0.07771347699997477,2.0,0.75,0.9933774834437086,0.9285714285714286,1.0,0.9796632996632997,1.0,0.9999999999999998,137,1,0,13,151,13,8.61,0.2894900508839678,2.7860083194616473e-08,0.9999996931612549,0.09264303122305942
1024,16,G_all_focal_noW,12,0.07095474599998397,2.0,0.75,0.9933774834437086,0.9285714285714286,1.0,0.9796632996632997,1.0,0.9999999999999998,137,1,0,13,151,13,8.61,0.28053970144604934,0.0015331951603626609,0.9962912335988655,0.0984669063671937
1024,16,LEGACY_A,11,0.0770045269999855,2.0,0.75,0.9933774834437086,0.9285714285714286,1.0,0.9796632996632997,1.0,0.9999999999999999,137,1,0,13,151,13,8.61,0.28980273021929065,2.5176597845761063e-08,0.9999997016441722,0.09281123019541083
1024,17,E_all_ce_noW,12,0.0755324470000005,2.0,0.75,0.9933774834437086,1.0,0.9285714285714286,0.9796632996632997,0.9994786235662149,0.995238095238095,137,0,1,13,151,14,9.27,0.27401376067901756,2.741096292510278e-08,0.9999997686026967,0.0840437347363852
1024,17,G_all_focal_noW,12,0.0696999470000037,2.0,0.75,0.9933774834437086,1.0,0.9285714285714286,0.9796632996632997,1.0,0.9999999999999998,137,0,1,13,151,14,9.27,0.2661178322399919,0.0012501043968467219,0.9972724566050724,0.09115031587815556
1024,17,LEGACY_A,11,0.07222209700000803,2.0,0.75,0.9933774834437086,1.0,0.9285714285714286,0.9796632996632997,0.9994786235662149,0.9952380952380953,137,0,1,13,151,14,9.27,0.2761364733127612,2.3097304685759485e-08,0.9999997006013545,0.08480415254578572
1024,18,E_all_ce_noW,12,0.06900246600002902,2.0,0.75,0.9801324503311258,0.8666666666666667,0.9285714285714286,0.94278135657446,0.9906152241918665,0.9598214285714285,135,2,1,13,151,14,9.27,0.29543458547722057,3.1417617090188744e-08,0.9999995525804083,0.09831866505106085
1024,18,G_all_focal_noW,12,0.07336684699998841,2.0,0.75,0.9801324503311258,0.8666666666666667,0.9285714285714286,0.94278135657446,0.9911366006256517,0.9608294930875576,135,2,1,13,151,14,9.27,0.2758910376249923,0.003243126695732521,0.9959730677354867,0.10650512690861895
1024,18,LEGACY_A,11,0.06573585600000342,2.0,0.75,0.9867549668874173,0.9285714285714286,0.9285714285714286,0.9606360792492179,0.9911366006256517,0.9608294930875574,136,1,1,13,151,14,9.27,0.286741964611753,3.227384494392792e-08,0.9999996836048264,0.09256298150496392
1024,19,E_all_ce_noW,12,0.0754888170000072,2.0,0.75,0.9801324503311258,0.9230769230769231,0.8571428571428571,0.938989898989899,0.989572471324296,0.9492248822605964,136,1,2,12,151,14,9.27,0.2706119031228669,2.886575940893927e-08,0.999999602144358,0.08680837344616574
1024,19,G_all_focal_noW,12,0.0638760760000423,2.0,0.75,0.9867549668874173,0.9285714285714286,0.9285714285714286,0.9606360792492179,0.989051094890511,0.9482779125636267,136,1,1,13,151,14,9.27,0.2604523164506779,0.0012453649348649009,0.9966788468972458,0.09799312308884423
1024,19,LEGACY_A,11,0.06888273600003458,2.0,0.75,0.9867549668874173,0.9285714285714286,0.9285714285714286,0.9606360792492179,0.9958289885297185,0.9740259740259738,136,1,1,13,151,14,9.27,0.2822567033769783,2.7741347942521772e-08,0.9999997139490665,0.09315695630427429
1024,20,E_all_ce_noW,12,0.06937526699999808,2.0,0.75,0.9867549668874173,1.0,0.8571428571428571,0.9579152731326644,0.9880083420229405,0.9512471655328796,137,0,2,12,151,14,9.27,0.2621275842931311,2.7633258098275568e-08,0.9999995228873833,0.07647370979046486
1024,20,G_all_focal_noW,12,0.06851568700000144,2.0,0.75,0.9867549668874173,1.0,0.8571428571428571,0.9579152731326644,0.9911366006256518,0.9568027210884353,137,0,2,12,151,14,9.27,0.2640007473878581,0.0010956572265904672,0.9964394245132627,0.08740633463444415
1024,20,LEGACY_A,11,0.07445941700001413,2.0,0.75,0.9867549668874173,1.0,0.8571428571428571,0.9579152731326644,0.9869655891553701,0.9542124542124542,137,0,2,12,151,14,9.27,0.2692929780247831,2.4294472969777376e-08,0.9999996870478738,0.07919690477233755
1024,21,E_all_ce_noW,12,0.07837377800001377,2.0,0.75,0.9933774834437086,0.9285714285714286,1.0,0.9796632996632997,1.0,0.9999999999999998,137,1,0,13,151,13,8.61,0.2896688094317267,2.807397529543728e-08,0.9999994416206592,0.09348990061927115
1024,21,G_all_focal_noW,12,0.0645703960000219,2.0,0.75,0.9933774834437086,0.9285714285714286,1.0,0.9796632996632997,1.0,0.9999999999999998,137,1,0,13,151,13,8.61,0.2780182152878216,0.0021674611524593987,0.9967946440108746,0.10446783909071503
1024,21,LEGACY_A,11,0.07363745599997173,2.0,0.75,0.9933774834437086,0.9285714285714286,1.0,0.9796632996632997,1.0,0.9999999999999998,137,1,0,13,151,13,8.61,0.2898002609858472,2.6400339715656847e-08,0.9999996100291664,0.09310175340383091
1024,22,E_all_ce_noW,12,0.07414304700000685,2.0,0.75,0.9867549668874173,1.0,0.8571428571428571,0.9579152731326644,0.9900938477580814,0.9588744588744588,137,0,2,12,151,14,9.27,0.2703226147762391,2.7432675839021108e-08,0.9999995836460583,0.08042669123687177
1024,22,G_all_focal_noW,12,0.0654414350000252,2.0,0.75,0.9867549668874173,1.0,0.8571428571428571,0.9579152731326644,0.9916579770594369,0.9579521463757916,137,0,2,12,151,14,9.27,0.2657727723847471,0.0014532327549311602,0.9970290780962684,0.093203773950388
1024,22,LEGACY_A,11,0.07082154599999058,2.0,0.75,0.9867549668874173,1.0,0.8571428571428571,0.9579152731326644,0.9984358706986445,0.9873949579831931,137,0,2,12,151,14,9.27,0.2704235166777712,2.623954905924843e-08,0.9999995342629047,0.08089302047951699
1024,23,E_all_ce_noW,12,0.08804173799995851,2.0,0.75,0.9801324503311258,0.8666666666666667,0.9285714285714286,0.94278135657446,0.9989572471324296,0.9910714285714284,135,2,1,13,151,14,9.27,0.2910527224842488,2.7586031250780277e-08,0.9999994920119739,0.09726576134314673
1024,23,G_all_focal_noW,12,0.06521095599998716,2.0,0.75,0.9801324503311258,0.8666666666666667,0.9285714285714286,0.94278135657446,0.9984358706986445,0.9873949579831931,135,2,1,13,151,14,9.27,0.283890799078394,0.0011357607326675883,0.9970296817662363,0.11029415698106973
1024,23,LEGACY_A,11,0.07389168700001392,2.0,0.75,0.9867549668874173,0.9285714285714286,0.9285714285714286,0.9606360792492179,0.9979144942648592,0.984126984126984,136,1,1,13,151,14,9.27,0.28746409734343054,2.559555465836665e-08,0.9999996406809982,0.09442688795734842
1024,24,E_all_ce_noW,12,0.07390551700001424,2.0,0.75,0.9867549668874173,1.0,0.8571428571428571,0.9579152731326644,0.9979144942648592,0.984126984126984,137,0,2,12,151,14,9.27,0.27029349940964764,3.6715698643700854e-08,0.9999995861094976,0.0819171398761927
1024,24,G_all_focal_noW,12,0.06334450599996444,2.0,0.75,0.9933774834437086,1.0,0.9285714285714286,0.9796632996632997,0.9932221063607924,0.9656084656084656,137,0,1,13,151,14,9.27,0.26445425875079726,0.0015216940620898054,0.9978115376215928,0.08814940661976133
1024,24,LEGACY_A,11,0.06684290700002293,2.0,0.75,0.9933774834437086,1.0,0.9285714285714286,0.9796632996632997,0.9937434827945777,0.9670329670329669,137,0,1,13,151,14,9.27,0.2720661376740566,2.9296632391455154e-08,0.9999995744852511,0.08277865751557736
1024,25,E_all_ce_noW,12,0.0701552159999892,2.0,0.75,0.9801324503311258,1.0,0.7857142857142857,0.9345848375451263,0.9958289885297185,0.9740259740259738,137,0,3,11,151,14,9.27,0.2556851070529974,3.5111100532514124e-08,0.9999995208676895,0.07283635016697115
1024,25,G_all_focal_noW,12,0.07069415699999126,2.0,0.75,0.9801324503311258,1.0,0.7857142857142857,0.9345848375451263,0.9973931178310741,0.9812030075187967,137,0,3,11,151,14,9.27,0.24615917692232192,0.0017620516692205609,0.9956347682067305,0.08087916509974481
1024,25,LEGACY_A,11,0.11776154099999303,2.0,0.75,0.9801324503311258,1.0,0.7857142857142857,0.9345848375451263,0.9963503649635037,0.973469387755102,137,0,3,11,151,14,9.27,0.25545189370040744,2.7198184908017317e-08,0.9999997245382352,0.07388301742757594
2048,1,E_all_ce_noW,12,0.15336415500001976,2.0,0.75,0.9933774834437086,1.0,0.9230769230769231,0.9781949458483754,0.9888517279821628,0.9533799533799532,138,0,1,12,151,13,8.61,0.2687341450482461,2.8049769139258072e-08,0.9999997106794649,0.0798652918947214
2048,1,G_all_focal_noW,12,0.1094690900000046,2.0,0.75,0.9933774834437086,1.0,0.9230769230769231,0.9781949458483754,0.9927536231884058,0.9615384615384612,138,0,1,12,151,13,8.61,0.2626217237422543,0.001721446837090866,0.9964775488250239,0.09144680201334879
2048,1,LEGACY_A,11,0.11549977100003161,2.0,0.75,0.9867549668874173,0.9230769230769231,0.9230769230769231,0.9579152731326644,0.9977703455964325,0.9819004524886874,137,1,1,12,151,13,8.61,0.27675319228263007,3.1346995870646463e-08,0.99999966617149,0.08686588073345727
2048,2,E_all_ce_noW,12,0.12437969100000146,2.0,0.75,0.9933774834437086,1.0,0.9285714285714286,0.9796632996632997,0.9963503649635036,0.976190476190476,137,0,1,13,151,14,9.27,0.27374750740210596,2.8499245097826642e-08,0.9999994842026567,0.08524325672118244
2048,2,G_all_focal_noW,12,0.10907362099999318,2.0,0.75,0.9867549668874173,0.9285714285714286,0.9285714285714286,0.9606360792492179,0.9989572471324296,0.9910714285714284,136,1,1,13,151,14,9.27,0.26811238530533427,0.0014980131266174707,0.9964914192013871,0.0945259632375564
2048,2,LEGACY_A,11,0.1132791599999905,2.0,0.75,0.9867549668874173,0.9285714285714286,0.9285714285714286,0.9606360792492179,0.9963503649635037,0.976190476190476,136,1,1,13,151,14,9.27,0.2838223458110179,2.73463645078135e-08,0.9999994387326591,0.0904874858381289
2048,3,E_all_ce_noW,12,0.11271659099998033,2.0,0.75,0.9867549668874173,1.0,0.8571428571428571,0.9579152731326644,0.9968717413972888,0.9740021008403359,137,0,2,12,151,14,9.27,0.25982513371373095,2.8971497310357817e-08,0.9999993450542908,0.07577333412787281
2048,3,G_all_focal_noW,12,0.10154967900001566,2.0,0.75,0.9867549668874173,1.0,0.8571428571428571,0.9579152731326644,0.9953076120959333,0.9643962848297212,137,0,2,12,151,14,9.27,0.24836962901694742,0.0014702736372333505,0.9971465748352473,0.08550472827713808
2048,3,LEGACY_A,11,0.1147015909999709,2.0,0.75,0.9867549668874173,1.0,0.8571428571428571,0.9579152731326644,0.9968717413972888,0.9740021008403359,137,0,2,12,151,14,9.27,0.26730326171481683,2.7096231242297094e-08,0.9999995836383507,0.07867997409592942
2048,4,E_all_ce_noW,12,0.10168896999999788,2.0,0.75,0.9735099337748344,0.9166666666666666,0.7857142857142857,0.9158305462653289,0.9874869655891554,0.934034715284715,136,1,3,11,151,14,9.27,0.26962429909337415,7.845734295979084e-08,0.999998509083843,0.08081813865422423
2048,4,G_all_focal_noW,12,0.0868657780000035,2.0,0.75,0.9735099337748344,0.9166666666666666,0.7857142857142857,0.9158305462653289,0.97288842544317,0.9056185043027147,136,1,3,11,151,14,9.27,0.25679754157551793,0.005400817975925992,0.9931981424686155,0.08895973233049477
2048,4,LEGACY_A,11,0.09852834999998095,2.0,0.75,0.9735099337748344,0.9166666666666666,0.7857142857142857,0.9158305462653289,0.9885297184567258,0.9317660309039617,136,1,3,11,151,14,9.27,0.2703989515774666,1.8292761263397375e-07,0.9999993755722654,0.07963412464140152
2048,5,E_all_ce_noW,12,0.1289345019999928,2.0,0.75,0.9933774834437086,0.9333333333333333,1.0,0.9809271188581534,0.9994786235662149,0.995238095238095,136,1,0,14,151,14,9.27,0.2932962965775899,2.756213395722295e-08,0.9999996448027939,0.09732132007975747
2048,5,G_all_focal_noW,12,0.07452774699999054,2.0,0.75,0.9933774834437086,0.9333333333333333,1.0,0.9809271188581534,1.0,0.9999999999999998,136,1,0,14,151,14,9.27,0.2867843750259331,0.0011582251773054589,0.9976257268161354,0.10379752243691208
2048,5,LEGACY_A,11,0.07151951700001291,2.0,0.75,1.0,1.0,1.0,1.0,1.0,0.9999999999999998,137,0,0,14,151,14,9.27,0.29001176009266905,2.6768912957767243e-08,0.9999996257856695,0.0950098566931093
2048,6,E_all_ce_noW,12,0.0758005669999875,2.0,0.75,0.9933774834437086,0.9285714285714286,1.0,0.9796632996632997,0.9988851727982162,0.9885883347421807,137,1,0,13,151,13,8.61,0.28651553689541315,2.985210818786472e-08,0.9999993730319793,0.09261632574775008
2048,6,G_all_focal_noW,12,0.07159012700003586,2.0,0.75,0.9933774834437086,0.9285714285714286,1.0,0.9796632996632997,0.9994425863991081,0.9945054945054943,137,1,0,13,151,13,8.61,0.2773585020450608,0.0015684950277675821,0.9943722718103832,0.10374419715589485
2048,6,LEGACY_A,11,0.07441619700000501,2.0,0.75,0.9933774834437086,0.9285714285714286,1.0,0.9796632996632997,0.9994425863991081,0.9945054945054943,137,1,0,13,151,13,8.61,0.28903842967421306,2.4288844115759768e-08,0.9999995987857608,0.09556135233953247
2048,7,E_all_ce_noW,12,0.07788300700002537,2.0,0.75,0.9735099337748344,0.9166666666666666,0.7857142857142857,0.9158305462653289,0.9869655891553701,0.9285332722832722,136,1,3,11,151,14,9.27,0.2688690438615659,2.7703845614346705e-08,0.9999995906397855,0.08222202263913637
2048,7,G_all_focal_noW,12,0.0627193459999944,2.0,0.75,0.9867549668874173,1.0,0.8571428571428571,0.9579152731326644,0.9822732012513035,0.926360544217687,137,0,2,12,151,14,9.27,0.25282368544787664,0.001612734665154729,0.9963918124792192,0.08909656486918355
2048,7,LEGACY_A,11,0.0727710870000351,2.0,0.75,0.9801324503311258,0.9230769230769231,0.8571428571428571,0.938989898989899,0.9906152241918665,0.9433150183150181,136,1,2,12,151,14,9.27,0.2724813061484588,2.7287945376241002e-08,0.9999996869191387,0.08443348714850668
2048,8,E_all_ce_noW,12,0.07745160700000042,2.0,0.75,0.9933774834437086,1.0,0.9285714285714286,0.9796632996632997,0.9973931178310741,0.9812030075187967,137,0,1,13,151,14,9.27,0.2796342185480173,3.0542873986279844e-08,0.9999989388056666,0.08691532812387512
2048,8,G_all_focal_noW,12,0.06663394599996764,2.0,0.75,0.9933774834437086,1.0,0.9285714285714286,0.9796632996632997,0.996871741397289,0.9785714285714284,137,0,1,13,151,14,9.27,0.27060403086195617,0.0020928007167133797,0.9974787272006053,0.10007786092401992
2048,8,LEGACY_A,11,0.07271208699995668,2.0,0.75,0.9933774834437086,1.0,0.9285714285714286,0.9796632996632997,0.9989572471324296,0.9910714285714284,137,0,1,13,151,14,9.27,0.28055722268857813,2.698954719805026e-08,0.9999995042294632,0.0878613463772745
2048,9,E_all_ce_noW,12,0.08353528800000731,2.0,0.75,0.9801324503311258,1.0,0.7857142857142857,0.9345848375451263,0.9906152241918665,0.9523809523809523,137,0,3,11,151,14,9.27,0.2596332925636624,4.14408602857827e-08,0.9999992745758539,0.0727906769417685
2048,9,G_all_focal_noW,12,0.06691707600003838,2.0,0.75,0.9801324503311258,1.0,0.7857142857142857,0.9345848375451263,0.986444212721585,0.9316087138667781,137,0,3,11,151,14,9.27,0.24838595499780292,0.002785170439093837,0.9957522270255583,0.07859311134561837
2048,9,LEGACY_A,11,0.06629229600002873,2.0,0.75,0.9801324503311258,1.0,0.7857142857142857,0.9345848375451263,0.9911366006256517,0.9467211029711029,137,0,3,11,151,14,9.27,0.2598299991483333,2.8394129374908245e-08,0.9999996216596149,0.0729688548042129
2048,10,E_all_ce_noW,12,0.07696850700000368,2.0,0.75,0.9933774834437086,1.0,0.9285714285714286,0.9796632996632997,1.0,0.9999999999999998,137,0,1,13,151,14,9.27,0.2805298688076991,2.7649806671945672e-08,0.9999993997775526,0.08962501136259932
2048,10,G_all_focal_noW,12,0.06760940600003096,2.0,0.75,0.9933774834437086,1.0,0.9285714285714286,0.9796632996632997,1.0,0.9999999999999998,137,0,1,13,151,14,9.27,0.27917169568307815,0.0013216300170393342,0.997184815078974,0.09932618555134132
2048,10,LEGACY_A,11,0.07642621700000518,2.0,0.75,0.9933774834437086,1.0,0.9285714285714286,0.9796632996632997,1.0,0.9999999999999998,137,0,1,13,151,14,9.27,0.28026495471845253,2.6662570279875932e-08,0.9999993560697092,0.08712410380296913
2048,11,E_all_ce_noW,12,0.06975611699999718,2.0,0.75,0.9867549668874173,1.0,0.8461538461538461,0.954736211031175,0.9882943143812709,0.9524886877828052,138,0,2,11,151,13,8.61,0.25831141194940543,2.800810585831475e-08,0.9999997184893754,0.0727771648937693
2048,11,G_all_focal_noW,12,0.06794802599995364,2.0,0.75,0.9867549668874173,1.0,0.8461538461538461,0.954736211031175,0.9882943143812709,0.9524886877828052,138,0,2,11,151,13,8.61,0.2470426789591344,0.0023358705209007326,0.9949809588940327,0.08455242248689022
2048,11,LEGACY_A,11,0.06551820599997882,2.0,0.75,0.9867549668874173,1.0,0.8461538461538461,0.954736211031175,0.9882943143812709,0.9524886877828052,138,0,2,11,151,13,8.61,0.25875921108647676,2.658202665234725e-08,0.999999700907308,0.07262770308715553
2048,12,E_all_ce_noW,12,0.07551136699999006,2.0,0.75,0.9933774834437086,0.9333333333333333,1.0,0.9809271188581534,0.9994786235662148,0.995238095238095,136,1,0,14,151,14,9.27,0.2979564874395428,2.7573562971693293e-08,0.9999996884591758,0.1015702512576063
2048,12,G_all_focal_noW,12,0.07768923700001551,2.0,0.75,0.9933774834437086,0.9333333333333333,1.0,0.9809271188581534,1.0,0.9999999999999998,136,1,0,14,151,14,9.27,0.2810234667994179,0.0022355418610994758,0.9961655368677723,0.104023109187356
2048,12,LEGACY_A,11,0.07112736699997413,2.0,0.75,0.9867549668874173,0.875,1.0,0.9629901960784314,0.9994786235662148,0.995238095238095,135,2,0,14,151,14,9.27,0.3066827948707753,2.5234589338312455e-08,0.999999661477897,0.10562508081845245
2048,13,E_all_ce_noW,12,0.07525389699998186,2.0,0.75,0.9867549668874173,0.9285714285714286,0.9285714285714286,0.9606360792492179,0.9984358706986445,0.9859693877551019,136,1,1,13,151,14,9.27,0.28879289494064536,2.766996590096325e-08,0.9999996450421315,0.09311299222016588
2048,13,G_all_focal_noW,12,0.06585322699999097,2.0,0.75,0.9867549668874173,0.9285714285714286,0.9285714285714286,0.9606360792492179,0.9989572471324296,0.9910714285714284,136,1,1,13,151,14,9.27,0.27858813523127346,0.001090630736170087,0.9977806379980482,0.10387838458182562
2048,13,LEGACY_A,11,0.07521764699998812,2.0,0.75,0.9801324503311258,0.8666666666666667,0.9285714285714286,0.94278135657446,0.9979144942648592,0.984126984126984,135,2,1,13,151,14,9.27,0.29059321720398723,2.7210959236133894e-08,0.9999996930208349,0.09704181336195071
2048,14,E_all_ce_noW,12,0.07774095700000316,2.0,0.75,0.9867549668874173,0.9285714285714286,0.9285714285714286,0.9606360792492179,0.9979144942648592,0.984126984126984,136,1,1,13,151,14,9.27,0.2892459373974998,2.8186603111945365e-08,0.9999997459122634,0.09395925758820758
2048,14,G_all_focal_noW,12,0.08668850800000882,2.0,0.75,0.9867549668874173,0.9285714285714286,0.9285714285714286,0.9606360792492179,0.9973931178310741,0.9812030075187967,136,1,1,13,151,14,9.27,0.2831444467070627,0.0016321318949782022,0.9973123210282213,0.1094547542525013
2048,14,LEGACY_A,11,0.07174716700001227,2.0,0.75,0.9867549668874173,0.9285714285714286,0.9285714285714286,0.9606360792492179,0.9979144942648592,0.984126984126984,136,1,1,13,151,14,9.27,0.2870476446005308,2.7424744559344192e-08,0.9999996893427087,0.0940368524463551
2048,15,E_all_ce_noW,12,0.0824474369999848,2.0,0.75,0.9867549668874173,1.0,0.8571428571428571,0.9579152731326644,0.9885297184567257,0.9430147058823528,137,0,2,12,151,14,9.27,0.26374446797176027,3.038014083186199e-08,0.9999996807197851,0.07716627408658569
2048,15,G_all_focal_noW,12,0.08521961799999644,2.0,0.75,0.9867549668874173,1.0,0.8571428571428571,0.9579152731326644,0.9900938477580813,0.9410173160173159,137,0,2,12,151,14,9.27,0.25577319101452173,0.002512481518298527,0.995907716971302,0.08450665029791882
2048,15,LEGACY_A,11,0.08415981799998917,2.0,0.75,0.9735099337748344,1.0,0.7142857142857143,0.9094724220623501,0.9827945776850886,0.9184403315982261,137,0,4,10,151,14,9.27,0.24860300510988254,3.301640569186302e-08,0.9999997051539159,0.0665751990390626
2048,16,E_all_ce_noW,12,0.07896763799999462,2.0,0.75,0.9801324503311258,1.0,0.7692307692307693,0.9294062646096306,0.9793756967670011,0.903343388637506,138,0,3,10,151,13,8.61,0.24865901258222597,3.0751927434952923e-08,0.9999993944827413,0.06627352069179454
2048,16,G_all_focal_noW,12,0.07463657699997839,2.0,0.75,0.9801324503311258,1.0,0.7692307692307693,0.9294062646096306,0.979933110367893,0.9006543682561781,138,0,3,10,151,13,8.61,0.24375466751426206,0.0019548875536137137,0.9936499747250395,0.07397069735450586
2048,16,LEGACY_A,11,0.07924150799999552,2.0,0.75,0.9801324503311258,1.0,0.7692307692307693,0.9294062646096306,0.9849498327759197,0.9223679546260188,138,0,3,10,151,13,8.61,0.2486364788490656,2.8669275237775216e-08,0.999999672486658,0.06639420278774659
2048,17,E_all_ce_noW,12,0.07971823700000868,2.0,0.75,0.9867549668874173,0.9285714285714286,0.9285714285714286,0.9606360792492179,0.9989572471324296,0.9910714285714284,136,1,1,13,151,14,9.27,0.28713220677359247,2.7602245139034215e-08,0.999999596766311,0.09383629154073228
2048,17,G_all_focal_noW,12,0.08047655799998665,2.0,0.75,0.9867549668874173,0.9285714285714286,0.9285714285714286,0.9606360792492179,0.9979144942648592,0.984126984126984,136,1,1,13,151,14,9.27,0.27992556243010075,0.001364417286701786,0.9964708581477453,0.10634488503766083
2048,17,LEGACY_A,11,0.08510274799999706,2.0,0.75,0.9933774834437086,0.9333333333333333,1.0,0.9809271188581534,1.0,0.9999999999999998,136,1,0,14,151,14,9.27,0.29448100269268096,2.6421941879130448e-08,0.9999996507851032,0.09910694008126045
2048,18,E_all_ce_noW,12,0.07293401699996593,2.0,0.75,0.9933774834437086,1.0,0.9285714285714286,0.9796632996632997,0.9958289885297185,0.9740259740259738,137,0,1,13,151,14,9.27,0.28034909846793027,3.994669491219002e-08,0.9999996579567663,0.08849098433372893
2048,18,G_all_focal_noW,12,0.07216714700001603,2.0,0.75,0.9867549668874173,0.9285714285714286,0.9285714285714286,0.9606360792492179,0.9947862356621481,0.9702380952380951,136,1,1,13,151,14,9.27,0.2727402993074545,0.0018695450174834782,0.9962927944181993,0.09288004898675488
2048,18,LEGACY_A,11,0.07654703700001164,2.0,0.75,0.9933774834437086,1.0,0.9285714285714286,0.9796632996632997,0.9932221063607924,0.9656084656084656,137,0,1,13,151,14,9.27,0.2801697307780136,2.8552519633654462e-08,0.9999997075597113,0.08768871229482796
2048,19,E_all_ce_noW,12,0.07690865699998994,2.0,0.75,0.9933774834437086,0.9333333333333333,1.0,0.9809271188581534,0.9994786235662149,0.995238095238095,136,1,0,14,151,14,9.27,0.29795306026120305,2.7576771516372198e-08,0.9999997276803951,0.09928598241501213
2048,19,G_all_focal_noW,12,0.06522855600002231,2.0,0.75,0.9933774834437086,0.9333333333333333,1.0,0.9809271188581534,0.9994786235662149,0.995238095238095,136,1,0,14,151,14,9.27,0.2807756555161315,0.0018045989151778887,0.9968011727134133,0.10617479263276164
2048,19,LEGACY_A,11,0.0743491160000076,2.0,0.75,0.9933774834437086,0.9333333333333333,1.0,0.9809271188581534,0.9994786235662149,0.995238095238095,136,1,0,14,151,14,9.27,0.2987990506661157,2.647121982409211e-08,0.9999996776909874,0.09953685519726428
2048,20,E_all_ce_noW,12,0.07564697700001943,2.0,0.75,0.9735099337748344,0.9166666666666666,0.7857142857142857,0.9158305462653289,0.9979144942648592,0.9804748822605964,136,1,3,11,151,14,9.27,0.2589781101871967,3.079716714017133e-08,0.99999967810704,0.07682486609783104
2048,20,G_all_focal_noW,12,0.06616371599994864,2.0,0.75,0.9735099337748344,0.9166666666666666,0.7857142857142857,0.9158305462653289,0.9984358706986445,0.9846415489272632,136,1,3,11,151,14,9.27,0.25627618178119005,0.0012501491052807612,0.9963964032544163,0.08804736425854635
2048,20,LEGACY_A,11,0.06741404600001033,2.0,0.75,0.9735099337748344,0.9166666666666666,0.7857142857142857,0.9158305462653289,0.9984358706986445,0.9846415489272631,136,1,3,11,151,14,9.27,0.26982344860951385,2.6962494303902086e-08,0.999999636086723,0.0812309080016108
2048,21,E_all_ce_noW,12,0.0727235470000096,2.0,0.75,0.9867549668874173,1.0,0.8461538461538461,0.954736211031175,0.9949832775919732,0.9685314685314683,138,0,2,11,151,13,8.61,0.26124375986283105,2.9333770162382052e-08,0.9999993847201094,0.07685160975615662
2048,21,G_all_focal_noW,12,0.07199202699996476,2.0,0.75,0.9933774834437086,1.0,0.9230769230769231,0.9781949458483754,0.9927536231884059,0.9615384615384612,138,0,1,12,151,13,8.61,0.24937034823321014,0.002263506644010435,0.9964087423979391,0.08354528371694626
2048,21,LEGACY_A,11,0.07197014600001239,2.0,0.75,0.9867549668874173,1.0,0.8461538461538461,0.954736211031175,0.9927536231884059,0.9615384615384612,138,0,2,11,151,13,8.61,0.2627358824732512,2.771222059338299e-08,0.9999994686229116,0.07838747622540158
2048,22,E_all_ce_noW,12,0.07853677700001072,2.0,0.75,0.9933774834437086,1.0,0.9285714285714286,0.9796632996632997,0.983837330552659,0.9507936507936507,137,0,1,13,151,14,9.27,0.27839319960633363,2.7485962827737745e-08,0.9999996879063632,0.08914525732567977
2048,22,G_all_focal_noW,12,0.0691235070000289,2.0,0.75,0.9867549668874173,0.9285714285714286,0.9285714285714286,0.9606360792492179,0.9953076120959332,0.9720496894409936,136,1,1,13,151,14,9.27,0.27263926811656813,0.0018417357002718949,0.9954648275981411,0.09750116097273057
2048,22,LEGACY_A,11,0.1267140319999953,2.0,0.75,0.9801324503311258,0.8666666666666667,0.9285714285714286,0.94278135657446,0.9916579770594369,0.9619047619047618,135,2,1,13,151,14,9.27,0.29007083061353184,2.751615541485965e-08,0.9999997056244615,0.09608460985441346
2048,23,E_all_ce_noW,12,0.12216919100001178,2.0,0.75,0.9933774834437086,0.9333333333333333,1.0,0.9809271188581534,1.0,0.9999999999999998,136,1,0,14,151,14,9.27,0.2988590622762492,2.7607718358735626e-08,0.9999996021335684,0.0994662544418832
2048,23,G_all_focal_noW,12,0.17845038699999805,2.0,0.75,0.9933774834437086,0.9333333333333333,1.0,0.9809271188581534,1.0,0.9999999999999998,136,1,0,14,151,14,9.27,0.2862728702747569,0.0013915199015690186,0.9962239784474382,0.10799705638078076
2048,23,LEGACY_A,11,0.1415986430000089,2.0,0.75,0.9933774834437086,0.9333333333333333,1.0,0.9809271188581534,1.0,0.9999999999999998,136,1,0,14,151,14,9.27,0.2989612253855098,2.5940819834756574e-08,0.9999995914948184,0.10126565713030548
2048,24,E_all_ce_noW,12,0.2486448829999972,2.0,0.75,0.9933774834437086,1.0,0.9285714285714286,0.9796632996632997,0.9979144942648592,0.984126984126984,137,0,1,13,151,14,9.27,0.281587272867004,2.775606918443812e-08,0.999999373592624,0.08897604680764835
2048,24,G_all_focal_noW,12,0.1319910519999894,2.0,0.75,0.9867549668874173,0.9285714285714286,0.9285714285714286,0.9606360792492179,0.9979144942648592,0.984126984126984,136,1,1,13,151,14,9.27,0.2755908142161105,0.0012214239758696218,0.9970910956065193,0.0996635373345582
2048,24,LEGACY_A,11,0.16202128499998025,2.0,0.75,0.9867549668874173,0.9285714285714286,0.9285714285714286,0.9606360792492179,0.996871741397289,0.9785714285714284,136,1,1,13,151,14,9.27,0.2889170583476025,2.7141235049989668e-08,0.9999995571211221,0.09359098389740744
2048,25,E_all_ce_noW,12,0.13105159299999514,2.0,0.75,0.9801324503311258,1.0,0.7857142857142857,0.9345848375451263,0.9932221063607926,0.9656084656084656,137,0,3,11,151,14,9.27,0.2562363486439055,2.7639768345707465e-08,0.9999996702968735,0.07609660594378655
2048,25,G_all_focal_noW,12,0.15630173499999955,2.0,0.75,0.9867549668874173,1.0,0.8571428571428571,0.9579152731326644,0.9984358706986445,0.9873949579831932,137,0,2,12,151,14,9.27,0.25895244043257676,0.002698634016547127,0.9967866860744777,0.09225290889558767
2048,25,LEGACY_A,11,0.1173714810000206,2.0,0.75,0.9867549668874173,1.0,0.8571428571428571,0.9579152731326644,0.9900938477580814,0.9588744588744587,137,0,2,12,151,14,9.27,0.2709961498975333,2.7895460993133756e-08,0.9999997194704769,0.08224050561376844
3333,1,E_all_ce_noW,12,0.1599631949999889,2.0,0.75,0.9801324503311258,0.9166666666666666,0.8461538461538461,0.9345848375451263,0.9983277591973244,0.9821780783319243,137,1,2,11,151,13,8.61,0.26554192880185834,2.819104147974266e-08,0.999999349114302,0.08056045746250035
3333,1,G_all_focal_noW,12,0.1155999910000105,2.0,0.75,0.9867549668874173,0.9230769230769231,0.9230769230769231,0.9579152731326644,0.9983277591973244,0.9838264299802759,137,1,1,12,151,13,8.61,0.2625308602742343,0.001583201195658872,0.99560621209543,0.09512148775435736
3333,1,LEGACY_A,11,0.18592859699998598,2.0,0.75,0.9933774834437086,0.9285714285714286,1.0,0.9796632996632997,0.9983277591973244,0.9821780783319243,137,1,0,13,151,13,8.61,0.28046151786962803,2.745011705963013e-08,0.9999995669783178,0.09102335275803738
3333,2,E_all_ce_noW,12,0.08179321800002981,2.0,0.75,0.9867549668874173,0.875,1.0,0.9629901960784314,1.0,0.9999999999999999,135,2,0,14,151,14,9.27,0.30605542960422555,2.9614575407678474e-08,0.9999996995855195,0.1067773659576237
3333,2,G_all_focal_noW,12,0.0630604460000086,2.0,0.75,0.9867549668874173,0.875,1.0,0.9629901960784314,1.0,0.9999999999999999,135,2,0,14,151,14,9.27,0.29100632540664556,0.0018457402893522947,0.9965246077914085,0.1125447758007139
3333,2,LEGACY_A,11,0.08543488800000887,2.0,0.75,0.9867549668874173,0.875,1.0,0.9629901960784314,1.0,0.9999999999999998,135,2,0,14,151,14,9.27,0.3056722519046779,2.6120278290686078e-08,0.9999997281315243,0.10564211914364884
3333,3,E_all_ce_noW,12,0.07152851699999019,2.0,0.75,0.9801324503311258,1.0,0.7857142857142857,0.9345848375451263,0.9911366006256517,0.9391456582633051,137,0,3,11,151,14,9.27,0.25597876545829296,2.7679426733155726e-08,0.9999996760353579,0.07304901144320838
3333,3,G_all_focal_noW,12,0.06374135599997999,2.0,0.75,0.9735099337748344,0.9166666666666666,0.7857142857142857,0.9158305462653289,0.9911366006256517,0.9492673992673992,136,1,3,11,151,14,9.27,0.25220370420470223,0.0016687105845950092,0.9965636587152711,0.08821033469159194
3333,3,LEGACY_A,11,0.06897234699999899,2.0,0.75,0.9735099337748344,0.9166666666666666,0.7857142857142857,0.9158305462653289,0.9958289885297185,0.9643990929705213,136,1,3,11,151,14,9.27,0.2668729996747362,2.6582836341053486e-08,0.9999996604797949,0.07867180326541054
3333,4,E_all_ce_noW,12,0.07860093800002232,2.0,0.75,0.9801324503311258,1.0,0.7857142857142857,0.9345848375451263,0.9848800834202295,0.9518272425249168,137,0,3,11,151,14,9.27,0.2582111178885997,2.9015037567727797e-08,0.9999996501856736,0.07424858334190745
3333,4,G_all_focal_noW,12,0.06442110499995124,2.0,0.75,0.9867549668874173,1.0,0.8571428571428571,0.9579152731326644,0.9895724713242962,0.9579831932773109,137,0,2,12,151,14,9.27,0.2549467439211387,0.0018350173663359984,0.9958201298552755,0.08887858190175145
3333,4,LEGACY_A,11,0.07200792700001557,2.0,0.75,0.9801324503311258,1.0,0.7857142857142857,0.9345848375451263,0.9942648592283628,0.9685714285714284,137,0,3,11,151,14,9.27,0.26096113427950907,2.6752547174341495e-08,0.9999993695697162,0.08005265864378036
3333,5,E_all_ce_noW,12,0.06815775599994822,2.0,0.75,0.9867549668874173,1.0,0.8571428571428571,0.9579152731326644,0.9900938477580814,0.9513056835637479,137,0,2,12,151,14,9.27,0.27038253974004245,3.727223983927587e-08,0.9999997285844031,0.07952060359157917
3333,5,G_all_focal_noW,12,0.08136596700001064,2.0,0.75,0.9867549668874173,1.0,0.8571428571428571,0.9579152731326644,0.9812304483837331,0.9193121693121691,137,0,2,12,151,14,9.27,0.2627499590628979,0.002855714005714352,0.9959191590750496,0.08981564039212994
3333,5,LEGACY_A,11,0.06626167600001054,2.0,0.75,0.9867549668874173,1.0,0.8571428571428571,0.9579152731326644,0.9827945776850887,0.9218374218374217,137,0,2,12,151,14,9.27,0.2704266664062594,3.0514065126029075e-08,0.9999996978120632,0.07962102711269795
3333,6,E_all_ce_noW,12,0.07546198699998286,2.0,0.75,0.9933774834437086,0.9285714285714286,1.0,0.9796632996632997,0.9988851727982162,0.9885883347421807,137,1,0,13,151,13,8.61,0.28488101696272106,2.799950479973554e-08,0.9999996935229722,0.09099548276180473
3333,6,G_all_focal_noW,12,0.07011980599997969,2.0,0.75,0.9933774834437086,0.9285714285714286,1.0,0.9796632996632997,0.9983277591973244,0.9821780783319243,137,1,0,13,151,13,8.61,0.2694505546149862,0.0009268106372081629,0.9969623343964762,0.09280479367566258
3333,6,LEGACY_A,11,0.07406516700001475,2.0,0.75,0.9933774834437086,0.9285714285714286,1.0,0.9796632996632997,1.0,0.9999999999999998,137,1,0,13,151,13,8.61,0.2798182449761264,2.6202777256469534e-08,0.9999996000242718,0.0886680004421353
3333,7,E_all_ce_noW,12,0.122131000999957,2.0,0.75,0.9867549668874173,1.0,0.8571428571428571,0.9579152731326644,0.9994786235662149,0.995238095238095,137,0,2,12,151,14,9.27,0.2684137945625311,2.599609201118536e-08,0.9999996853191042,0.08173793188621178
3333,7,G_all_focal_noW,12,0.09849025899995922,2.0,0.75,0.9933774834437086,1.0,0.9285714285714286,0.9796632996632997,1.0,0.9999999999999999,137,0,1,13,151,14,9.27,0.2633607752588808,0.0013489045450295555,0.9966358419902228,0.09626745618962719
3333,7,LEGACY_A,11,0.10954352099997777,2.0,0.75,0.9867549668874173,1.0,0.8571428571428571,0.9579152731326644,0.9994786235662149,0.995238095238095,137,0,2,12,151,14,9.27,0.2719032376800058,2.304921552306154e-08,0.9999996967350164,0.085085638046361
3333,8,E_all_ce_noW,12,0.1296887220000258,2.0,0.75,0.9801324503311258,1.0,0.7857142857142857,0.9345848375451263,0.9890510948905109,0.9464285714285714,137,0,3,11,151,14,9.27,0.2549805625587346,3.6593254303301055e-08,0.9999994848275168,0.07376317355268584
3333,8,G_all_focal_noW,12,0.10784713900000042,2.0,0.75,0.9867549668874173,1.0,0.8571428571428571,0.9579152731326644,0.9880083420229406,0.9345525649873474,137,0,2,12,151,14,9.27,0.24866893506487586,0.0022827175030432864,0.9953704746889014,0.08421497966840476
3333,8,LEGACY_A,11,0.11371469099998421,2.0,0.75,0.9735099337748344,0.9166666666666666,0.7857142857142857,0.9158305462653289,0.9895724713242962,0.931382023773328,136,1,3,11,151,14,9.27,0.2644110435531528,3.39803895304118e-08,0.9999996136432002,0.07941758293133218
3333,9,E_all_ce_noW,12,0.11294170000002168,2.0,0.75,0.9867549668874173,1.0,0.8571428571428571,0.9579152731326644,0.9838373305526591,0.9423034330011074,137,0,2,12,151,14,9.27,0.270571358830143,2.9316209939010657e-08,0.9999996633186407,0.08160873930981026
3333,9,G_all_focal_noW,12,0.09983611999996356,2.0,0.75,0.9801324503311258,0.9230769230769231,0.8571428571428571,0.938989898989899,0.9854014598540146,0.940819597069597,136,1,2,12,151,14,9.27,0.2677427996406555,0.002186425209973708,0.9974098660007837,0.09447499491840486
3333,9,LEGACY_A,11,0.1097818610000445,2.0,0.75,0.9801324503311258,0.9230769230769231,0.8571428571428571,0.938989898989899,0.9827945776850887,0.9350205198358412,136,1,2,12,151,14,9.27,0.278505806998838,2.7882630721535322e-08,0.9999996416363331,0.08611110536325559
3333,10,E_all_ce_noW,12,0.11907790100002558,2.0,0.75,1.0,1.0,1.0,1.0,1.0,0.9999999999999998,137,0,0,14,151,14,9.27,0.28465257906794367,2.8704769976169285e-08,0.999999560179424,0.0924916925338656
3333,10,G_all_focal_noW,12,0.11379118100001051,2.0,0.75,0.9867549668874173,0.9285714285714286,0.9285714285714286,0.9606360792492179,0.9994786235662149,0.995238095238095,136,1,1,13,151,14,9.27,0.2781546229588762,0.0016164968804783975,0.9970300530669614,0.10519592538444121
3333,10,LEGACY_A,11,0.11442716999999902,2.0,0.75,1.0,1.0,1.0,1.0,1.0,0.9999999999999998,137,0,0,14,151,14,9.27,0.2873663166944571,2.6647596631847005e-08,0.999999653988699,0.09440299863728727
3333,11,E_all_ce_noW,12,0.11790877099997488,2.0,0.75,0.9867549668874173,1.0,0.8461538461538461,0.954736211031175,0.9949832775919732,0.9685314685314683,138,0,2,11,151,13,8.61,0.25934725703702466,3.2042847638728314e-08,0.9999996844194018,0.07338828711449813
3333,11,G_all_focal_noW,12,0.112262630000032,2.0,0.75,0.9867549668874173,1.0,0.8461538461538461,0.954736211031175,0.9882943143812709,0.9524886877828052,138,0,2,11,151,13,8.61,0.24996253016275394,0.002114834786370729,0.9978400524537675,0.08171721048161157
3333,11,LEGACY_A,11,0.09453335000000607,2.0,0.75,0.9867549668874173,1.0,0.8461538461538461,0.954736211031175,0.9916387959866221,0.9587912087912085,138,0,2,11,151,13,8.61,0.25955205235087625,2.7992453641149472e-08,0.9999996309316362,0.07431221856381166
3333,12,E_all_ce_noW,12,0.07618007700000362,2.0,0.75,1.0,1.0,1.0,1.0,1.0,0.9999999999999998,137,0,0,14,151,14,9.27,0.28505764379632065,2.764234280414056e-08,0.9999993821640449,0.09089303613095753
3333,12,G_all_focal_noW,12,0.06358620599996812,2.0,0.75,1.0,1.0,1.0,1.0,1.0,0.9999999999999998,137,0,0,14,151,14,9.27,0.27840773141088915,0.0014023753890316135,0.9970382818470089,0.09669269244353366
3333,12,LEGACY_A,11,0.07010599699998465,2.0,0.75,1.0,1.0,1.0,1.0,1.0,0.9999999999999998,137,0,0,14,151,14,9.27,0.28908210864030887,2.6795780497542944e-08,0.9999994006042947,0.09242587656059606
3333,13,E_all_ce_noW,12,0.07936415799997576,2.0,0.75,0.9735099337748344,0.9166666666666666,0.7857142857142857,0.9158305462653289,0.9791449426485923,0.928843537414966,136,1,3,11,151,14,9.27,0.2700956105734046,2.9234068265905282e-08,0.9999994175170066,0.0842355899168798
3333,13,G_all_focal_noW,12,0.06289601599996786,2.0,0.75,0.9801324503311258,0.9230769230769231,0.8571428571428571,0.938989898989899,0.9791449426485923,0.9331609566903682,136,1,2,12,151,14,9.27,0.2608014204238753,0.0029181618516652343,0.9960225634552792,0.10068429129073041
3333,13,LEGACY_A,11,0.05879403500000535,2.0,0.75,0.9801324503311258,0.9230769230769231,0.8571428571428571,0.938989898989899,0.9833159541188738,0.9407021549878691,136,1,2,12,151,14,9.27,0.2779401387400262,3.498771569370823e-08,0.9999996034175577,0.08644475486324207
3333,14,E_all_ce_noW,12,0.07235416600002509,2.0,0.75,0.9867549668874173,0.9285714285714286,0.9285714285714286,0.9606360792492179,0.9989572471324296,0.9910714285714284,136,1,1,13,151,14,9.27,0.2903921357163261,2.657893038613674e-08,0.9999996655036056,0.09613056126377416
3333,14,G_all_focal_noW,12,0.06484791700000869,2.0,0.75,0.9867549668874173,0.9285714285714286,0.9285714285714286,0.9606360792492179,0.9989572471324296,0.9901360544217686,136,1,1,13,151,14,9.27,0.28292075397105704,0.0012620133050422983,0.9970617581442099,0.10593338865138002
3333,14,LEGACY_A,11,0.07012949599999274,2.0,0.75,0.9933774834437086,0.9333333333333333,1.0,0.9809271188581534,0.9994786235662149,0.995238095238095,136,1,0,14,151,14,9.27,0.29204007997901194,2.68438402749585e-08,0.9999996621775322,0.0977076339625682
3333,15,E_all_ce_noW,12,0.07256242699997983,2.0,0.75,0.9867549668874173,0.9285714285714286,0.9285714285714286,0.9606360792492179,0.9869655891553701,0.9542124542124542,136,1,1,13,151,14,9.27,0.2855459129013055,2.7453658116757502e-08,0.9999993299331811,0.09450167023883241
3333,15,G_all_focal_noW,12,0.0694047569999725,2.0,0.75,0.9867549668874173,0.9285714285714286,0.9285714285714286,0.9606360792492179,0.9869655891553701,0.9497851772287862,136,1,1,13,151,14,9.27,0.2716407456862837,0.0016054613051612343,0.9951780293861986,0.10209470835891399
3333,15,LEGACY_A,11,0.07069949599997472,2.0,0.75,0.9801324503311258,0.9230769230769231,0.8571428571428571,0.938989898989899,0.9916579770594369,0.9522156084656084,136,1,2,12,151,14,9.27,0.27353292113099253,2.6136388932765646e-08,0.9999996983999188,0.08621489915559723
3333,16,E_all_ce_noW,12,0.07586704699997426,2.0,0.75,0.9867549668874173,0.9230769230769231,0.9230769230769231,0.9579152731326644,0.9994425863991081,0.9945054945054943,137,1,1,12,151,13,8.61,0.26849650870341096,3.058430896249129e-08,0.9999994462099218,0.08261876230300025
3333,16,G_all_focal_noW,12,0.06836685600001147,2.0,0.75,0.9933774834437086,0.9285714285714286,1.0,0.9796632996632997,0.9994425863991081,0.9945054945054943,137,1,0,13,151,13,8.61,0.26794288035466046,0.001310720774609619,0.997260383722973,0.09494687559565519
3333,16,LEGACY_A,11,0.0774550069999691,2.0,0.75,0.9867549668874173,0.9230769230769231,0.9230769230769231,0.9579152731326644,0.9994425863991081,0.9945054945054943,137,1,1,12,151,13,8.61,0.27854888611950407,2.7114600476111734e-08,0.9999995828836522,0.08623007589508022
3333,17,E_all_ce_noW,12,0.07519267699996135,2.0,0.75,0.9801324503311258,1.0,0.7857142857142857,0.9345848375451263,0.9921793534932222,0.9630541871921181,137,0,3,11,151,14,9.27,0.25948197835254055,2.7539373550798628e-08,0.9999995214472667,0.07396697392600442
3333,17,G_all_focal_noW,12,0.06936498700002858,2.0,0.75,0.9867549668874173,1.0,0.8571428571428571,0.9579152731326644,0.9932221063607924,0.9619309262166404,137,0,2,12,151,14,9.27,0.25660185668540897,0.0014113184287661202,0.9966997515663585,0.08532617013134466
3333,17,LEGACY_A,11,0.07330481700000746,2.0,0.75,0.9801324503311258,0.9230769230769231,0.8571428571428571,0.938989898989899,0.9937434827945777,0.9634693877551019,136,1,2,12,151,14,9.27,0.27378251812246773,2.679938765420769e-08,0.9999995583993274,0.0847390504047503
3333,18,E_all_ce_noW,12,0.08034491800003707,2.0,0.75,0.9801324503311258,0.8666666666666667,0.9285714285714286,0.94278135657446,0.9989572471324296,0.9910714285714286,135,2,1,13,151,14,9.27,0.2883612302273413,2.7609373409799055e-08,0.9999994926472399,0.09698971681196142
3333,18,G_all_focal_noW,12,0.0726342159999831,2.0,0.75,0.9867549668874173,0.9285714285714286,0.9285714285714286,0.9606360792492179,0.9989572471324296,0.9910714285714285,136,1,1,13,151,14,9.27,0.2828839364260437,0.0018383161063909913,0.9973553791594921,0.10710668586567497
3333,18,LEGACY_A,11,0.07068189599999641,2.0,0.75,1.0,1.0,1.0,1.0,1.0,0.9999999999999998,137,0,0,14,151,14,9.27,0.28988297270523583,2.6471223018419884e-08,0.9999995483869758,0.09595845447601764
3333,19,E_all_ce_noW,12,0.0729357870000058,2.0,0.75,0.9933774834437086,1.0,0.9285714285714286,0.9796632996632997,0.9916579770594369,0.9619047619047618,137,0,1,13,151,14,9.27,0.2804291734469793,2.6731521512081683e-08,0.999999727244502,0.08623386846584805
3333,19,G_all_focal_noW,12,0.07010043600001836,2.0,0.75,0.9933774834437086,1.0,0.9285714285714286,0.9796632996632997,0.9869655891553701,0.9542124542124542,137,0,1,13,151,14,9.27,0.27249171958381374,0.0019420693278223444,0.9970687539150878,0.09609547685506382
3333,19,LEGACY_A,11,0.07624525799997173,2.0,0.75,0.9933774834437086,1.0,0.9285714285714286,0.9796632996632997,0.9911366006256518,0.9608294930875574,137,0,1,13,151,14,9.27,0.28031841624864984,3.017123732827863e-08,0.9999997015533446,0.08686701575968866
3333,20,E_all_ce_noW,12,0.07345920700004172,2.0,0.75,0.9735099337748344,1.0,0.7142857142857143,0.9094724220623501,0.9895724713242962,0.9421768707482991,137,0,4,10,151,14,9.27,0.240989862188821,2.9108447117252665e-08,0.9999995926927889,0.06518126365643892
3333,20,G_all_focal_noW,12,0.06780125599999565,2.0,0.75,0.9735099337748344,1.0,0.7142857142857143,0.9094724220623501,0.9895724713242962,0.9347363945578231,137,0,4,10,151,14,9.27,0.24011399837981925,0.002188308101148057,0.9943466883349946,0.08336766170582872
3333,20,LEGACY_A,11,0.06751711700002261,2.0,0.75,0.9735099337748344,1.0,0.7142857142857143,0.9094724220623501,0.9953076120959333,0.9620225013082155,137,0,4,10,151,14,9.27,0.24717321623510805,2.779004562940778e-08,0.9999996564934489,0.06844607860946343
3333,21,E_all_ce_noW,12,0.08532461800001556,2.0,0.75,0.9801324503311258,1.0,0.7692307692307693,0.9294062646096306,0.9983277591973245,0.9821780783319243,138,0,3,10,151,13,8.61,0.24849514886545268,2.8250807073761635e-08,0.999999458648861,0.07340519756868051
3333,21,G_all_focal_noW,12,0.0665090460000215,2.0,0.75,0.9801324503311258,0.9166666666666666,0.8461538461538461,0.9345848375451263,0.9988851727982162,0.9885883347421808,137,1,2,11,151,13,8.61,0.25080916134023257,0.0013035567891122833,0.9964304136277541,0.088869624374577
3333,21,LEGACY_A,11,0.07257473699996808,2.0,0.75,0.9933774834437086,0.9285714285714286,1.0,0.9796632996632997,1.0,0.9999999999999998,137,1,0,13,151,13,8.61,0.27961439512598485,2.745333407955441e-08,0.9999995802011129,0.08954596400322173
3333,22,E_all_ce_noW,12,0.08430873800000427,2.0,0.75,0.9867549668874173,1.0,0.8571428571428571,0.9579152731326644,0.9921793534932221,0.9536401098901097,137,0,2,12,151,14,9.27,0.2702954159040519,2.5708318454582128e-08,0.9999992745042184,0.07996879020572767
3333,22,G_all_focal_noW,12,0.06496728600001234,2.0,0.75,0.9867549668874173,1.0,0.8571428571428571,0.9579152731326644,0.9932221063607924,0.9568452380952379,137,0,2,12,151,14,9.27,0.26482436989628405,0.0008042654358579065,0.9966885430320068,0.09084216337869024
3333,22,LEGACY_A,11,0.07428861699997924,2.0,0.75,0.9867549668874173,1.0,0.8571428571428571,0.9579152731326644,0.9942648592283628,0.9606331168831168,137,0,2,12,151,14,9.27,0.2703606457751003,1.9659803164387346e-08,0.9999996331018315,0.0796843366434671
3333,23,E_all_ce_noW,12,0.07372518700003639,2.0,0.75,0.9867549668874173,0.9285714285714286,0.9285714285714286,0.9606360792492179,0.9973931178310741,0.9790249433106576,136,1,1,13,151,14,9.27,0.28964013772828595,2.8334946145098813e-08,0.9999996012179904,0.09328366956594905
3333,23,G_all_focal_noW,12,0.0663820959999839,2.0,0.75,0.9867549668874173,0.9285714285714286,0.9285714285714286,0.9606360792492179,0.9984358706986445,0.9859693877551019,136,1,1,13,151,14,9.27,0.27897901026329963,0.0016192435248153397,0.9963897397691845,0.10428079403250023
3333,23,LEGACY_A,11,0.07160914599995749,2.0,0.75,0.9867549668874173,0.9285714285714286,0.9285714285714286,0.9606360792492179,0.9989572471324296,0.9901360544217686,136,1,1,13,151,14,9.27,0.28972639245196924,2.741398519316384e-08,0.9999996066936842,0.09386763965272195
3333,24,E_all_ce_noW,12,0.07044093700000076,2.0,0.75,0.9933774834437086,1.0,0.9285714285714286,0.9796632996632997,0.996871741397289,0.9785714285714284,137,0,1,13,151,14,9.27,0.28093366455762825,3.708804104016231e-08,0.99999967172725,0.0881846052340315
3333,24,G_all_focal_noW,12,0.07060463599998457,2.0,0.75,0.9867549668874173,0.9285714285714286,0.9285714285714286,0.9606360792492179,0.9921793534932222,0.9630541871921182,136,1,1,13,151,14,9.27,0.27560929540050605,0.00265336519413738,0.9958335880869795,0.09831618826719223
3333,24,LEGACY_A,11,0.06489426499996398,2.0,0.75,0.9867549668874173,0.9285714285714286,0.9285714285714286,0.9606360792492179,0.9947862356621481,0.9702380952380951,136,1,1,13,151,14,9.27,0.2856094095551306,2.7559472329180138e-08,0.9999995765812221,0.09123768668095918
3333,25,E_all_ce_noW,12,0.07433504699997684,2.0,0.75,0.9801324503311258,1.0,0.7857142857142857,0.9345848375451263,0.9906152241918665,0.9496613300492609,137,0,3,11,151,14,9.27,0.25961875854931565,3.360235354938045e-08,0.9999996307621566,0.07324512187331673
3333,25,G_all_focal_noW,12,0.06727702699998872,2.0,0.75,0.9801324503311258,1.0,0.7857142857142857,0.9345848375451263,0.9927007299270073,0.9551785714285712,137,0,3,11,151,14,9.27,0.25409057694480447,0.0021346236521559343,0.9972082106109683,0.08610779866940703
3333,25,LEGACY_A,11,0.06538977600001772,2.0,0.75,0.9801324503311258,1.0,0.7857142857142857,0.9345848375451263,0.9927007299270073,0.9605064247921389,137,0,3,11,151,14,9.27,0.25971520960736155,2.443878147893351e-08,0.9999997231608897,0.07372113486284547
5555,1,E_all_ce_noW,12,0.07332107700000279,2.0,0.75,0.9933774834437086,1.0,0.9230769230769231,0.9781949458483754,0.9994425863991081,0.9945054945054945,138,0,1,12,151,13,8.61,0.26552128647941464,2.816369320868122e-08,0.9999996339904816,0.07962821221967932
5555,1,G_all_focal_noW,12,0.07668256799996698,2.0,0.75,0.9867549668874173,0.9230769230769231,0.9230769230769231,0.9579152731326644,0.9988851727982163,0.9897435897435898,137,1,1,12,151,13,8.61,0.26375645007410964,0.0014367423136643575,0.9959740423372311,0.09239547241215022
5555,1,LEGACY_A,11,0.07070571700000983,2.0,0.75,0.9867549668874173,0.9230769230769231,0.9230769230769231,0.9579152731326644,0.9994425863991081,0.9945054945054945,137,1,1,12,151,13,8.61,0.2782995629292954,2.7116424408668845e-08,0.9999996583970704,0.0856148591812043
5555,2,E_all_ce_noW,12,0.07465883700001541,2.0,0.75,0.9735099337748344,0.8571428571428571,0.8571428571428571,0.9212721584984358,0.9765380604796663,0.91156462585034,135,2,2,12,151,14,9.27,0.28857253731116805,3.8874233885774645e-08,0.9999993063483588,0.09467441900743623
5555,2,G_all_focal_noW,12,0.07255448600000136,2.0,0.75,0.9668874172185431,0.8,0.8571428571428571,0.9046355942907667,0.9812304483837331,0.9214743589743588,134,3,2,12,151,14,9.27,0.26991405502532223,0.00327411224530559,0.9945020192758561,0.10349409491059523
5555,2,LEGACY_A,11,0.06659363599999324,2.0,0.75,0.9735099337748344,0.8571428571428571,0.8571428571428571,0.9212721584984358,0.986444212721585,0.921300366300366,135,2,2,12,151,14,9.27,0.289296261946859,3.1153060415049936e-08,0.9999994995677639,0.09567001153665686
5555,3,E_all_ce_noW,12,0.08516052799996032,2.0,0.75,0.9933774834437086,1.0,0.9285714285714286,0.9796632996632997,0.9963503649635036,0.976190476190476,137,0,1,13,151,14,9.27,0.280416770136404,2.75795996820435e-08,0.9999996216882984,0.08625595490606347
5555,3,G_all_focal_noW,12,0.06857337600001756,2.0,0.75,0.9933774834437086,1.0,0.9285714285714286,0.9796632996632997,0.9973931178310741,0.9812030075187967,137,0,1,13,151,14,9.27,0.2750240317858889,0.0014907008229890157,0.9971097875522211,0.09715293316322059
5555,3,LEGACY_A,11,0.0933418280000069,2.0,0.75,0.9933774834437086,1.0,0.9285714285714286,0.9796632996632997,0.9953076120959332,0.9720496894409936,137,0,1,13,151,14,9.27,0.2803466911141987,2.681923605068287e-08,0.9999994903728576,0.08706096116722174
5555,4,E_all_ce_noW,12,0.07834045700002434,2.0,0.75,0.9867549668874173,1.0,0.8571428571428571,0.9579152731326644,0.9989572471324296,0.9910714285714284,137,0,2,12,151,14,9.27,0.25904309742784126,2.7543115957911622e-08,0.9999996933731604,0.07587545573585971
5555,4,G_all_focal_noW,12,0.09765876900002013,2.0,0.75,0.9867549668874173,1.0,0.8571428571428571,0.9579152731326644,0.9994786235662149,0.995238095238095,137,0,2,12,151,14,9.27,0.2480655161880219,0.0016611713264812458,0.9972061605681347,0.08797195732196963
5555,4,LEGACY_A,11,0.07056541599996535,2.0,0.75,0.9867549668874173,1.0,0.8571428571428571,0.9579152731326644,0.9984358706986445,0.9873949579831931,137,0,2,12,151,14,9.27,0.26681259749677244,2.1256576641227288e-08,0.9999995635699808,0.08013334799974628
5555,5,E_all_ce_noW,12,0.07423207700003331,2.0,0.75,0.9933774834437086,1.0,0.9285714285714286,0.9796632996632997,0.9880083420229405,0.9555984555984556,137,0,1,13,151,14,9.27,0.28003120990782454,2.701695291537922e-08,0.9999992788999112,0.08675760777301104
5555,5,G_all_focal_noW,12,0.06483343700000432,2.0,0.75,0.9933774834437086,1.0,0.9285714285714286,0.9796632996632997,0.9921793534932222,0.9630541871921181,137,0,1,13,151,14,9.27,0.2727991568789872,0.0019832043474357452,0.9953247266713824,0.09333757015169622
5555,5,LEGACY_A,11,0.08147137700001394,2.0,0.75,0.9933774834437086,1.0,0.9285714285714286,0.9796632996632997,0.9906152241918664,0.9598214285714284,137,0,1,13,151,14,9.27,0.28033312120575204,2.7300555777391468e-08,0.9999997218359141,0.08640225996927414
5555,6,E_all_ce_noW,12,0.07349023699998725,2.0,0.75,0.9867549668874173,1.0,0.8461538461538461,0.954736211031175,0.9949832775919732,0.9647788109326567,138,0,2,11,151,13,8.61,0.2612014783632381,2.902746282342041e-08,0.999999554009936,0.07606793705210693
5555,6,G_all_focal_noW,12,0.06440451600002461,2.0,0.75,0.9867549668874173,1.0,0.8461538461538461,0.954736211031175,0.9927536231884058,0.9571597633136095,138,0,2,11,151,13,8.61,0.25474717386024226,0.002006910339981259,0.9971463108899623,0.08577838072016447
5555,6,LEGACY_A,11,0.07012847700002567,2.0,0.75,0.9801324503311258,0.9166666666666666,0.8461538461538461,0.9345848375451263,0.9927536231884059,0.9571597633136093,137,1,2,11,151,13,8.61,0.26556143891922307,2.990382078027614e-08,0.9999996001966269,0.07856309655331972
5555,7,E_all_ce_noW,12,0.07078030700000681,2.0,0.75,0.9867549668874173,1.0,0.8571428571428571,0.9579152731326644,0.9838373305526591,0.9245887445887444,137,0,2,12,151,14,9.27,0.2664164391940271,2.795073048038436e-08,0.9999994470240077,0.0785731690983679
5555,7,G_all_focal_noW,12,0.061838245999979335,2.0,0.75,0.9867549668874173,1.0,0.8571428571428571,0.9579152731326644,0.9833159541188738,0.929212454212454,137,0,2,12,151,14,9.27,0.25645201594125305,0.001258076750819426,0.9967103287371709,0.08796174656047417
5555,7,LEGACY_A,11,0.07627779699998882,2.0,0.75,0.9801324503311258,1.0,0.7857142857142857,0.9345848375451263,0.9874869655891554,0.9328703703703702,137,0,3,11,151,14,9.27,0.25923078781458947,2.3021718353971365e-08,0.9999996659481861,0.07458925708024833
5555,8,E_all_ce_noW,12,0.0798667170000158,2.0,0.75,0.9867549668874173,0.9285714285714286,0.9285714285714286,0.9606360792492179,0.9984358706986445,0.9873949579831931,136,1,1,13,151,14,9.27,0.28795908534195036,2.7360272996509065e-08,0.9999991518028652,0.09401985806856847
5555,8,G_all_focal_noW,12,0.07096733700001323,2.0,0.75,0.9867549668874173,0.9285714285714286,0.9285714285714286,0.9606360792492179,0.9979144942648592,0.984126984126984,136,1,1,13,151,14,9.27,0.2725163512248443,0.0021522983496830347,0.9964207116442438,0.10273762545762288
5555,8,LEGACY_A,11,0.07136398699998381,2.0,0.75,0.9867549668874173,0.9285714285714286,0.9285714285714286,0.9606360792492179,0.9968717413972888,0.9761009667024703,136,1,1,13,151,14,9.27,0.28920690861941367,2.741990130583187e-08,0.9999995356429467,0.09337034900957053
5555,9,E_all_ce_noW,12,0.07858474699997942,2.0,0.75,0.9933774834437086,1.0,0.9285714285714286,0.9796632996632997,1.0,0.9999999999999998,137,0,1,13,151,14,9.27,0.27589923775074077,3.259502065799093e-08,0.999999681746732,0.08488131213588233
5555,9,G_all_focal_noW,12,0.06564884600004461,2.0,0.75,0.9933774834437086,1.0,0.9285714285714286,0.9796632996632997,1.0,0.9999999999999998,137,0,1,13,151,14,9.27,0.26728024179661186,0.0017747800562042367,0.9965540485189563,0.09783925548616809
5555,9,LEGACY_A,11,0.07062424599996575,2.0,0.75,0.9933774834437086,1.0,0.9285714285714286,0.9796632996632997,1.0,0.9999999999999998,137,0,1,13,151,14,9.27,0.27875569371238273,2.732119080270093e-08,0.9999997098325104,0.08655199419218858
5555,10,E_all_ce_noW,12,0.07650770700001885,2.0,0.75,0.9933774834437086,0.9333333333333333,1.0,0.9809271188581534,1.0,0.9999999999999998,136,1,0,14,151,14,9.27,0.29732880743111395,3.020384402613662e-08,0.9999996943787933,0.09947498025942146
5555,10,G_all_focal_noW,12,0.07312320599999111,2.0,0.75,0.9933774834437086,0.9333333333333333,1.0,0.9809271188581534,1.0,0.9999999999999998,136,1,0,14,151,14,9.27,0.28984310200624464,0.0013095474693395294,0.9973606976709739,0.10546179418987417
5555,10,LEGACY_A,11,0.07099474699998609,2.0,0.75,0.9933774834437086,0.9333333333333333,1.0,0.9809271188581534,1.0,0.9999999999999998,136,1,0,14,151,14,9.27,0.2983207922180545,2.76578316816995e-08,0.9999996180499915,0.10018935980619532
5555,11,E_all_ce_noW,12,0.07784907699999621,2.0,0.75,0.9867549668874173,1.0,0.8461538461538461,0.954736211031175,0.9771460423634337,0.9108391608391606,138,0,2,11,151,13,8.61,0.2599989717251835,3.168864474015771e-08,0.9999996399043816,0.07638267502683278
5555,11,G_all_focal_noW,12,0.06607690599997795,2.0,0.75,0.9867549668874173,1.0,0.8461538461538461,0.954736211031175,0.9782608695652174,0.915034965034965,138,0,2,11,151,13,8.61,0.25650514293210874,0.0020874637958561335,0.9966936821336803,0.08897542904786045
5555,11,LEGACY_A,11,0.0667940370000224,2.0,0.75,0.9801324503311258,0.9166666666666666,0.8461538461538461,0.9345848375451263,0.984392419175028,0.9421597633136092,137,1,2,11,151,13,8.61,0.2698247645567285,2.6572274857827617e-08,0.9999996906428164,0.0794846608211045
5555,12,E_all_ce_noW,12,0.07157554700000901,2.0,0.75,0.9933774834437086,1.0,0.9285714285714286,0.9796632996632997,0.9911366006256518,0.9608294930875574,137,0,1,13,151,14,9.27,0.2800912454639864,2.7509829053648226e-08,0.9999996407215485,0.08609589749077656
5555,12,G_all_focal_noW,12,0.06337709599995378,2.0,0.75,0.9933774834437086,1.0,0.9285714285714286,0.9796632996632997,0.9947862356621481,0.9702380952380951,137,0,1,13,151,14,9.27,0.27210871089482475,0.001580133566491703,0.9966645228157016,0.09364624665347689
5555,12,LEGACY_A,11,0.06999063699998942,2.0,0.75,0.9933774834437086,1.0,0.9285714285714286,0.9796632996632997,0.9984358706986445,0.9873949579831931,137,0,1,13,151,14,9.27,0.280375111140728,2.6942497748008374e-08,0.9999996890451032,0.08671360175180229
5555,13,E_all_ce_noW,12,0.0750133569999889,2.0,0.75,0.9933774834437086,0.9333333333333333,1.0,0.9809271188581534,0.9994786235662149,0.995238095238095,136,1,0,14,151,14,9.27,0.2966993753707059,2.7633904814902966e-08,0.9999994516398909,0.10141011191992556
5555,13,G_all_focal_noW,12,0.06439029599999913,2.0,0.75,0.9867549668874173,0.875,1.0,0.9629901960784314,0.9994786235662149,0.995238095238095,135,2,0,14,151,14,9.27,0.2827207541701197,0.0018821991764218964,0.9962416729054092,0.11188144292244281
5555,13,LEGACY_A,11,0.07380124700000579,2.0,0.75,0.9933774834437086,0.9333333333333333,1.0,0.9809271188581534,1.0,0.9999999999999998,136,1,0,14,151,14,9.27,0.29653813097832427,2.773580601395717e-08,0.9999996630456144,0.10119746643564799
5555,14,E_all_ce_noW,12,0.06948311600001489,2.0,0.75,0.9668874172185431,0.8461538461538461,0.7857142857142857,0.8983164983164983,0.9171011470281543,0.8679073902288187,135,2,3,11,151,14,9.27,0.27208962568683603,3.009137031210871e-08,0.9999996464379071,0.08600188097776315
5555,14,G_all_focal_noW,12,0.07629298699998799,2.0,0.75,0.9801324503311258,0.9230769230769231,0.8571428571428571,0.938989898989899,0.8879040667361835,0.8678158668724705,136,1,2,12,151,14,9.27,0.2620994370580757,0.001970527365792826,0.996704313300546,0.09098202748716658
5555,14,LEGACY_A,11,0.06311969600000111,2.0,0.75,0.9735099337748344,0.8571428571428571,0.8571428571428571,0.9212721584984358,0.9004171011470282,0.865303223562152,135,2,2,12,151,14,9.27,0.28828443608883186,2.764054484497215e-08,0.9999997124950847,0.09340869307041258
5555,15,E_all_ce_noW,12,0.0812249379999912,2.0,0.75,0.9933774834437086,1.0,0.9285714285714286,0.9796632996632997,1.0,0.9999999999999998,137,0,1,13,151,14,9.27,0.27668625162414484,2.6752931497415846e-08,0.9999996293776542,0.0856465951053158
5555,15,G_all_focal_noW,12,0.06782888700001877,2.0,0.75,0.9933774834437086,1.0,0.9285714285714286,0.9796632996632997,1.0,0.9999999999999998,137,0,1,13,151,14,9.27,0.268174317767641,0.0011248305039428693,0.9967095217114755,0.09148709324448621
5555,15,LEGACY_A,11,0.07783309699999563,2.0,0.75,0.9933774834437086,1.0,0.9285714285714286,0.9796632996632997,1.0,0.9999999999999998,137,0,1,13,151,14,9.27,0.28130481634965515,2.5828854219737554e-08,0.9999996777792973,0.08902071247609271
5555,16,E_all_ce_noW,12,0.08002956699999686,2.0,0.75,0.9933774834437086,0.9285714285714286,1.0,0.9796632996632997,0.9983277591973244,0.9821780783319243,137,1,0,13,151,13,8.61,0.28836637493741457,2.8020117626016825e-08,0.9999994941551237,0.09219666235174814
5555,16,G_all_focal_noW,12,0.07271928599999455,2.0,0.75,0.9933774834437086,0.9285714285714286,1.0,0.9796632996632997,0.9983277591973244,0.9821780783319243,137,1,0,13,151,13,8.61,0.27417365732453414,0.0012711393936450193,0.996065392107468,0.09696045725078065
5555,16,LEGACY_A,11,0.07133244599998534,2.0,0.75,0.9933774834437086,0.9285714285714286,1.0,0.9796632996632997,0.9983277591973244,0.9821780783319243,137,1,0,13,151,13,8.61,0.2897530182590151,2.7551381357480712e-08,0.9999994656530071,0.09266566700059081
5555,17,E_all_ce_noW,12,0.07343960700001162,2.0,0.75,0.9801324503311258,0.9230769230769231,0.8571428571428571,0.938989898989899,0.9921793534932222,0.9591836734693877,136,1,2,12,151,14,9.27,0.2768609222665037,2.780535797555859e-08,0.9999994897967023,0.08609791232501404
5555,17,G_all_focal_noW,12,0.06735992599999463,2.0,0.75,0.9801324503311258,0.9230769230769231,0.8571428571428571,0.938989898989899,0.9890510948905109,0.9528811524609844,136,1,2,12,151,14,9.27,0.2615862599299033,0.0015950670362878555,0.996453743614386,0.0928406626149395
5555,17,LEGACY_A,11,0.07480256700000609,2.0,0.75,0.9801324503311258,0.9230769230769231,0.8571428571428571,0.938989898989899,0.9921793534932222,0.9591836734693877,136,1,2,12,151,14,9.27,0.2804005937001482,2.6697953722916813e-08,0.9999996126874612,0.08788062599981708
5555,18,E_all_ce_noW,12,0.07222782700000607,2.0,0.75,0.9801324503311258,1.0,0.7857142857142857,0.9345848375451263,0.9942648592283628,0.9625258799171841,137,0,3,11,151,14,9.27,0.2599214689717981,2.766131788403416e-08,0.99999961885095,0.07500243472399575
5555,18,G_all_focal_noW,12,0.10688534999997046,2.0,0.75,0.9801324503311258,1.0,0.7857142857142857,0.9345848375451263,0.9927007299270073,0.9513507326007324,137,0,3,11,151,14,9.27,0.25849252819694757,0.0012749810905317812,0.9979912903226904,0.09020814823852
5555,18,LEGACY_A,11,0.11696896199998719,2.0,0.75,0.9801324503311258,1.0,0.7857142857142857,0.9345848375451263,0.9942648592283628,0.9590076590076588,137,0,3,11,151,14,9.27,0.25954677886543276,2.69177055570202e-08,0.9999996845792776,0.0743521508962848
5555,19,E_all_ce_noW,12,0.10772085000002107,2.0,0.75,0.9867549668874173,0.9285714285714286,0.9285714285714286,0.9606360792492179,0.996871741397289,0.9785714285714284,136,1,1,13,151,14,9.27,0.28084358938324816,3.0891258601440586e-08,0.9999996639803822,0.09234303341521993
5555,19,G_all_focal_noW,12,0.08528335800002651,2.0,0.75,0.9867549668874173,0.9285714285714286,0.9285714285714286,0.9606360792492179,0.9900938477580813,0.9547193877551019,136,1,1,13,151,14,9.27,0.26837778646837485,0.0020027959367752935,0.9965298891664298,0.1002032437704117
5555,19,LEGACY_A,11,0.09964139900000646,2.0,0.75,0.9867549668874173,0.9285714285714286,0.9285714285714286,0.9606360792492179,0.9932221063607924,0.9656084656084656,136,1,1,13,151,14,9.27,0.28400721151551384,2.9226722388889464e-08,0.9999996707214566,0.09096314881673868
5555,20,E_all_ce_noW,12,0.12447218200003363,2.0,0.75,0.9933774834437086,1.0,0.9285714285714286,0.9796632996632997,0.9906152241918665,0.9598214285714284,137,0,1,13,151,14,9.27,0.28040718643642587,2.8547488375179e-08,0.9999995887747181,0.0883572793985313
5555,20,G_all_focal_noW,12,0.10560209000004761,2.0,0.75,0.9933774834437086,1.0,0.9285714285714286,0.9796632996632997,0.9953076120959333,0.9720496894409936,137,0,1,13,151,14,9.27,0.2745554751019153,0.002018915467323797,0.9955288901465994,0.0976110811478945
5555,20,LEGACY_A,11,0.11337083099999745,2.0,0.75,0.9867549668874173,0.9285714285714286,0.9285714285714286,0.9606360792492179,0.9989572471324296,0.9910714285714284,136,1,1,13,151,14,9.27,0.28709510560774637,2.7506502666101018e-08,0.9999997176811548,0.09190701237154883
5555,21,E_all_ce_noW,12,0.1121189799999911,2.0,0.75,0.9801324503311258,1.0,0.7692307692307693,0.9294062646096306,0.9849498327759197,0.9480769230769228,138,0,3,10,151,13,8.61,0.238631295524045,2.992372885101811e-08,0.9999993563091059,0.06452008340019437
5555,21,G_all_focal_noW,12,0.095707678999986,2.0,0.75,0.9735099337748344,1.0,0.6923076923076923,0.901948051948052,0.987736900780379,0.9516483516483514,138,0,4,9,151,13,8.61,0.22528689064523078,0.001460095167187271,0.995912524635734,0.07236477298965063
5555,21,LEGACY_A,11,0.11269874000004165,2.0,0.75,0.9735099337748344,1.0,0.6923076923076923,0.901948051948052,0.9832775919732442,0.9364781559903508,138,0,4,9,151,13,8.61,0.23888420825503992,2.754811308903007e-08,0.9999995509667228,0.06304160210617177
5555,22,E_all_ce_noW,12,0.11695297099998925,2.0,0.75,0.9933774834437086,0.9333333333333333,1.0,0.9809271188581534,0.9994786235662148,0.995238095238095,136,1,0,14,151,14,9.27,0.2979023367191625,2.7168427607214503e-08,0.9999995423912906,0.10021914135183042
5555,22,G_all_focal_noW,12,0.12409094200000936,2.0,0.75,0.9933774834437086,0.9333333333333333,1.0,0.9809271188581534,0.9994786235662149,0.995238095238095,136,1,0,14,151,14,9.27,0.28531124127424734,0.0010481060702145497,0.9977948559175318,0.10823759970416585
5555,22,LEGACY_A,11,0.11837174099997583,2.0,0.75,0.9867549668874173,0.875,1.0,0.9629901960784314,1.0,0.9999999999999998,135,2,0,14,151,14,9.27,0.30181515869422143,2.5689842123806547e-08,0.9999996253617018,0.10500460935960983
5555,23,E_all_ce_noW,12,0.09782977899999423,2.0,0.75,0.9801324503311258,1.0,0.7857142857142857,0.9345848375451263,0.989051094890511,0.9440227703984819,137,0,3,11,151,14,9.27,0.2591675953093393,4.1844170461367526e-08,0.9999996503191758,0.07291907057925519
5555,23,G_all_focal_noW,12,0.07116272600001139,2.0,0.75,0.9801324503311258,1.0,0.7857142857142857,0.9345848375451263,0.9895724713242962,0.938949938949939,137,0,3,11,151,14,9.27,0.24910756977924434,0.003532531452453042,0.9951759502758533,0.08419485107670141
5555,23,LEGACY_A,11,0.06446737600003871,2.0,0.75,0.9801324503311258,1.0,0.7857142857142857,0.9345848375451263,0.9880083420229406,0.9315803244374672,137,0,3,11,151,14,9.27,0.25953235738717984,5.4010214174059415e-08,0.999999647369141,0.07297801116874686
5555,24,E_all_ce_noW,12,0.07405616699998063,2.0,0.75,0.9933774834437086,0.9333333333333333,1.0,0.9809271188581534,1.0,0.9999999999999998,136,1,0,14,151,14,9.27,0.30023107866363336,2.7592388587357942e-08,0.9999995765638542,0.1038290693242939
5555,24,G_all_focal_noW,12,0.06527337599999328,2.0,0.75,0.9933774834437086,0.9333333333333333,1.0,0.9809271188581534,1.0,0.9999999999999998,136,1,0,14,151,14,9.27,0.29144626332453355,0.0011624525853280233,0.9964567081144292,0.10821800944560325
5555,24,LEGACY_A,11,0.06896180699999377,2.0,0.75,0.9801324503311258,0.8235294117647058,1.0,0.946077847875253,1.0,0.9999999999999998,134,3,0,14,151,14,9.27,0.3105884260450369,2.6876837720811476e-08,0.9999996182283203,0.11022785632847522
5555,25,E_all_ce_noW,12,0.07318748699998423,2.0,0.75,0.9801324503311258,0.8666666666666667,0.9285714285714286,0.94278135657446,0.9973931178310741,0.9812030075187967,135,2,1,13,151,14,9.27,0.29095233808356646,3.2213380058770866e-08,0.9999994789180429,0.09611727630371472
5555,25,G_all_focal_noW,12,0.07858215699997118,2.0,0.75,0.9801324503311258,0.8666666666666667,0.9285714285714286,0.94278135657446,0.9953076120959332,0.9720496894409937,135,2,1,13,151,14,9.27,0.27682808378384066,0.0025857942734656605,0.9969441666031335,0.10639669380766442
5555,25,LEGACY_A,11,0.07451612699998122,2.0,0.75,0.9867549668874173,0.9285714285714286,0.9285714285714286,0.9606360792492179,0.9973931178310741,0.9812030075187967,136,1,1,13,151,14,9.27,0.2835906030926864,2.849163197195588e-08,0.9999996481625611,0.09102403963456865
7777,1,E_all_ce_noW,12,0.07540229699998235,2.0,0.75,1.0,1.0,1.0,1.0,1.0,0.9999999999999998,138,0,0,13,151,13,8.61,0.2659923517665415,2.8092151537066636e-08,0.9999997056912746,0.08367436764958229
7777,1,G_all_focal_noW,12,0.08474957700002506,2.0,0.75,0.9933774834437086,1.0,0.9230769230769231,0.9781949458483754,0.9994425863991081,0.9945054945054943,138,0,1,12,151,13,8.61,0.25281225772366933,0.0019528417317134122,0.9958086619622001,0.08885118368239267
7777,1,LEGACY_A,11,0.0858995490000325,2.0,0.75,0.9867549668874173,0.8666666666666667,1.0,0.9606360792492179,0.9988851727982162,0.9885883347421807,136,2,0,13,151,13,8.61,0.29072068290852154,2.9037946636614254e-08,0.9999996251091285,0.0973660585097719
7777,2,E_all_ce_noW,12,0.08621711800003595,2.0,0.75,1.0,1.0,1.0,1.0,1.0,0.9999999999999998,137,0,0,14,151,14,9.27,0.2897615069356988,2.7019004909305076e-08,0.9999996782610165,0.09273350374084564
7777,2,G_all_focal_noW,12,0.07854377799998247,2.0,0.75,1.0,1.0,1.0,1.0,1.0,0.9999999999999998,137,0,0,14,151,14,9.27,0.2803460682867336,0.001491095558212217,0.9972396251381801,0.0992628830002285
7777,2,LEGACY_A,11,0.08019995799998014,2.0,0.75,1.0,1.0,1.0,1.0,1.0,0.9999999999999998,137,0,0,14,151,14,9.27,0.28998392659259103,2.6482904448746073e-08,0.9999997019993836,0.09281002398059299
7777,3,E_all_ce_noW,12,0.08457255799999075,2.0,0.75,0.9867549668874173,1.0,0.8571428571428571,0.9579152731326644,0.9765380604796664,0.9130333951762521,137,0,2,12,151,14,9.27,0.2704195589273596,2.8093956153223425e-08,0.9999995038492578,0.07957084673716557
7777,3,G_all_focal_noW,12,0.0639036259999557,2.0,0.75,0.9867549668874173,1.0,0.8571428571428571,0.9579152731326644,0.9775808133472368,0.9147902054878798,137,0,2,12,151,14,9.27,0.26274124415474714,0.001851232611731003,0.9944872720170822,0.08816855173593297
7777,3,LEGACY_A,11,0.06598672600000555,2.0,0.75,0.9867549668874173,1.0,0.8571428571428571,0.9579152731326644,0.986444212721585,0.9299999999999999,137,0,2,12,151,14,9.27,0.2704321926062988,2.5249911329098302e-08,0.9999997261024367,0.07958635503029243
7777,4,E_all_ce_noW,12,0.06643072600002142,2.0,0.75,0.9801324503311258,1.0,0.7857142857142857,0.9345848375451263,0.9014598540145985,0.8761029411764705,137,0,3,11,151,14,9.27,0.26064596153825925,2.844883770331995e-08,0.9999996737014419,0.07632415743550368
7777,4,G_all_focal_noW,12,0.061356746000001294,2.0,0.75,0.9801324503311258,1.0,0.7857142857142857,0.9345848375451263,0.8941605839416059,0.8750465939800576,137,0,3,11,151,14,9.27,0.25246195463696075,0.0020307151807606835,0.9964142674527764,0.07983078759527153
7777,4,LEGACY_A,11,0.06573920599998928,2.0,0.75,0.9801324503311258,1.0,0.7857142857142857,0.9345848375451263,0.9071949947862357,0.877324707477379,137,0,3,11,151,14,9.27,0.25953266486981386,2.5260400280952386e-08,0.9999996925419209,0.07429943320842941
7777,5,E_all_ce_noW,12,0.07493296699999519,2.0,0.75,0.9867549668874173,0.875,1.0,0.9629901960784314,1.0,0.9999999999999998,135,2,0,14,151,14,9.27,0.29979313234291016,2.74456206611945e-08,0.9999997297083536,0.10388677062058102
7777,5,G_all_focal_noW,12,0.06450653600001033,2.0,0.75,0.9867549668874173,0.875,1.0,0.9629901960784314,1.0,0.9999999999999998,135,2,0,14,151,14,9.27,0.2918902007532309,0.001242104348276907,0.9976243867610969,0.11768280079743938
7777,5,LEGACY_A,11,0.07018787600003407,2.0,0.75,0.9933774834437086,0.9333333333333333,1.0,0.9809271188581534,1.0,0.9999999999999998,136,1,0,14,151,14,9.27,0.29963217162987027,2.6666940877360833e-08,0.9999996405819371,0.10309032197071863
7777,6,E_all_ce_noW,12,0.07427107699999169,2.0,0.75,0.9867549668874173,0.9230769230769231,0.9230769230769231,0.9579152731326644,0.9988851727982163,0.9897435897435898,137,1,1,12,151,13,8.61,0.2761757168512413,2.7898621461490343e-08,0.9999995613442033,0.0852275560417049
7777,6,G_all_focal_noW,12,0.06908940599998914,2.0,0.75,0.9867549668874173,0.9230769230769231,0.9230769230769231,0.9579152731326644,0.9994425863991081,0.9945054945054944,137,1,1,12,151,13,8.61,0.26345132494446405,0.0009706987107066973,0.9978593164557287,0.09368689668295647
7777,6,LEGACY_A,11,0.08685141799998064,2.0,0.75,0.9867549668874173,0.9230769230769231,0.9230769230769231,0.9579152731326644,0.9988851727982163,0.9897435897435896,137,1,1,12,151,13,8.61,0.27694123633812295,2.654308362440032e-08,0.9999995944712617,0.08659082972355515
7777,7,E_all_ce_noW,12,0.0748637570000028,2.0,0.75,0.9735099337748344,0.9166666666666666,0.7857142857142857,0.9158305462653289,0.9854014598540146,0.9281342531342529,136,1,3,11,151,14,9.27,0.2667005540059946,3.406745611634329e-08,0.9999996976558144,0.07936909693951229
7777,7,G_all_focal_noW,12,0.07292986700002757,2.0,0.75,0.9801324503311258,1.0,0.7857142857142857,0.9345848375451263,0.9900938477580814,0.9502329467767254,137,0,3,11,151,14,9.27,0.25113149783038485,0.0029477736593215053,0.9956452881899337,0.09125131023778514
7777,7,LEGACY_A,11,0.07187769700004765,2.0,0.75,0.9867549668874173,0.9285714285714286,0.9285714285714286,0.9606360792492179,0.9822732012513035,0.9342447235304376,136,1,1,13,151,14,9.27,0.2809057341870735,2.6661888998834412e-08,0.9999997167164641,0.08949449069492768
7777,8,E_all_ce_noW,12,0.0750423670000373,2.0,0.75,0.9735099337748344,0.9166666666666666,0.7857142857142857,0.9158305462653289,0.9843587069864441,0.9134555137844611,136,1,3,11,151,14,9.27,0.2657704469209254,2.740637248332916e-08,0.9999997014479577,0.07803172788025967
7777,8,G_all_focal_noW,12,0.06576439600002004,2.0,0.75,0.9735099337748344,0.9166666666666666,0.7857142857142857,0.9158305462653289,0.983837330552659,0.9098090849242921,136,1,3,11,151,14,9.27,0.2571533542421465,0.0016120372792196892,0.997071018909303,0.08591885462636303
7777,8,LEGACY_A,11,0.06868654599998081,2.0,0.75,0.9735099337748344,0.9166666666666666,0.7857142857142857,0.9158305462653289,0.9963503649635037,0.9706064612079648,136,1,3,11,151,14,9.27,0.2702422693409281,2.5778737328502585e-08,0.9999996299716373,0.08400455626188888
7777,9,E_all_ce_noW,12,0.07274596599995675,2.0,0.75,0.9933774834437086,0.9333333333333333,1.0,0.9809271188581534,1.0,0.9999999999999998,136,1,0,14,151,14,9.27,0.294481535803692,2.7527960355934445e-08,0.9999996185596355,0.09946589614177206
7777,9,G_all_focal_noW,12,0.0669003560000192,2.0,0.75,0.9867549668874173,0.875,1.0,0.9629901960784314,1.0,0.9999999999999998,135,2,0,14,151,14,9.27,0.2837098464749194,0.001728848114477991,0.9945598186010923,0.11082998733134496
7777,9,LEGACY_A,11,0.07116694599994844,2.0,0.75,0.9933774834437086,0.9333333333333333,1.0,0.9809271188581534,0.9994786235662149,0.995238095238095,136,1,0,14,151,14,9.27,0.2993569309819275,2.7854996163477877e-08,0.9999996047278491,0.101610280605553
7777,10,E_all_ce_noW,12,0.06581595599999446,2.0,0.75,0.9801324503311258,0.9230769230769231,0.8571428571428571,0.938989898989899,0.883733055265902,0.8725662340987863,136,1,2,12,151,14,9.27,0.2803250251890646,3.150477910585466e-08,0.999999743221542,0.08604278378866434
7777,10,G_all_focal_noW,12,0.05952754600002663,2.0,0.75,0.9801324503311258,0.9230769230769231,0.8571428571428571,0.938989898989899,0.9103232533889468,0.8765450861195541,136,1,2,12,151,14,9.27,0.2716775355822816,0.0013208672558308343,0.9979820470602778,0.08780792181806783
7777,10,LEGACY_A,11,0.06244001599998228,2.0,0.75,0.9801324503311258,0.9230769230769231,0.8571428571428571,0.938989898989899,0.9202294056308654,0.8788515406162464,136,1,2,12,151,14,9.27,0.28011660443547604,2.7229756225131916e-08,0.9999997156020856,0.085977632836241
7777,11,E_all_ce_noW,12,0.07401829700000917,2.0,0.75,0.9933774834437086,1.0,0.9230769230769231,0.9781949458483754,0.9988851727982163,0.9897435897435898,138,0,1,12,151,13,8.61,0.27036412234245955,2.809967674575093e-08,0.9999996977768592,0.08191533775543648
7777,11,G_all_focal_noW,12,0.06710185599996521,2.0,0.75,0.9867549668874173,0.9230769230769231,0.9230769230769231,0.9579152731326644,0.9988851727982163,0.9897435897435898,137,1,1,12,151,13,8.61,0.2713187748767252,0.0011558547884424916,0.9971068033825929,0.09641130724989122
7777,11,LEGACY_A,11,0.06992579600000681,2.0,0.75,0.9867549668874173,0.9230769230769231,0.9230769230769231,0.9579152731326644,0.9988851727982163,0.9897435897435898,137,1,1,12,151,13,8.61,0.27754859995179904,2.5191758061933987e-08,0.999999606002276,0.08703791084733366
7777,12,E_all_ce_noW,12,0.07098740699996142,2.0,0.75,0.9668874172185431,1.0,0.6428571428571429,0.8823437743493845,0.9869655891553701,0.9542124542124542,137,0,5,9,151,14,9.27,0.23778072978108605,2.8952449980016946e-08,0.9999991506511512,0.06221316568360601
7777,12,G_all_focal_noW,12,0.06265390599998,2.0,0.75,0.9735099337748344,1.0,0.7142857142857143,0.9094724220623501,0.9921793534932222,0.9630541871921181,137,0,4,10,151,14,9.27,0.23702037789392377,0.0017860535899332007,0.9963780766274769,0.07450928487263714
7777,12,LEGACY_A,11,0.06669898600000579,2.0,0.75,0.9801324503311258,1.0,0.7857142857142857,0.9345848375451263,0.9921793534932222,0.9630541871921181,137,0,3,11,151,14,9.27,0.2515098797104753,2.6367622658935216e-08,0.9999995749361544,0.07222821175636053
7777,13,E_all_ce_noW,12,0.06976102599998057,2.0,0.75,0.9867549668874173,1.0,0.8571428571428571,0.9579152731326644,0.986444212721585,0.9303160919540228,137,0,2,12,151,14,9.27,0.2663906254285761,4.2421695162078166e-08,0.9999996019764993,0.07844465808441362
7777,13,G_all_focal_noW,12,0.08604113799998458,2.0,0.75,0.9867549668874173,1.0,0.8571428571428571,0.9579152731326644,0.9791449426485923,0.915947148090005,137,0,2,12,151,14,9.27,0.2518765116077569,0.0022562521323929736,0.9949169514059777,0.0881447721741614
7777,13,LEGACY_A,11,0.07445508699998982,2.0,0.75,0.9867549668874173,1.0,0.8571428571428571,0.9579152731326644,0.9927007299270072,0.9511904761904759,137,0,2,12,151,14,9.27,0.2700742382807329,2.9494873352206454e-08,0.9999996475861604,0.07969576168117437
7777,14,E_all_ce_noW,12,0.07801781699998855,2.0,0.75,0.9933774834437086,0.9333333333333333,1.0,0.9809271188581534,1.0,0.9999999999999998,136,1,0,14,151,14,9.27,0.296900951225885,2.829880770295251e-08,0.9999994837512117,0.09985246036213605
7777,14,G_all_focal_noW,12,0.06323564600000964,2.0,0.75,0.9933774834437086,0.9333333333333333,1.0,0.9809271188581534,1.0,0.9999999999999998,136,1,0,14,151,14,9.27,0.285110246352611,0.0013386813353110166,0.9957501382156365,0.10699027442258927
7777,14,LEGACY_A,11,0.07508886699997674,2.0,0.75,0.9933774834437086,0.9333333333333333,1.0,0.9809271188581534,0.9994786235662148,0.995238095238095,136,1,0,14,151,14,9.27,0.2988040257751071,2.708389692641443e-08,0.9999995701893032,0.10101910681539322
7777,15,E_all_ce_noW,12,0.07291031599999087,2.0,0.75,0.9933774834437086,0.9333333333333333,1.0,0.9809271188581534,1.0,0.9999999999999998,136,1,0,14,151,14,9.27,0.29019697351370344,3.11582166842812e-08,0.9999997511912633,0.09642262726664451
7777,15,G_all_focal_noW,12,0.06324937599998748,2.0,0.75,0.9933774834437086,0.9333333333333333,1.0,0.9809271188581534,0.9994786235662149,0.995238095238095,136,1,0,14,151,14,9.27,0.2818255687388602,0.0015394245994831816,0.9966752496968649,0.10722799405551572
7777,15,LEGACY_A,11,0.07310778599998002,2.0,0.75,0.9933774834437086,0.9333333333333333,1.0,0.9809271188581534,1.0,0.9999999999999998,136,1,0,14,151,14,9.27,0.2921677250461426,2.8472211459445212e-08,0.9999996796499762,0.0972209478589334
7777,16,E_all_ce_noW,12,0.06500630700003285,2.0,0.75,0.9801324503311258,1.0,0.7692307692307693,0.9294062646096306,0.9698996655518395,0.8842665271236698,138,0,3,10,151,13,8.61,0.24495539994211493,9.166855462376494e-08,0.9999992472422861,0.06782339211492236
7777,16,G_all_focal_noW,12,0.06210987600002227,2.0,0.75,0.9801324503311258,1.0,0.7692307692307693,0.9294062646096306,0.9726867335562988,0.8869047619047616,138,0,3,10,151,13,8.61,0.23443475290256083,0.0036590507093731527,0.9929378205899808,0.07838616953921146
7777,16,LEGACY_A,11,0.06791485600001579,2.0,0.75,0.9668874172185431,1.0,0.6153846153846154,0.872055583799356,0.9771460423634337,0.8884570557647478,138,0,5,8,151,13,8.61,0.22393038342402444,5.6820086802005896e-08,0.9999996407819585,0.053305329205241184
7777,17,E_all_ce_noW,12,0.0754086970000003,2.0,0.75,0.9867549668874173,0.9285714285714286,0.9285714285714286,0.9606360792492179,0.9994786235662149,0.995238095238095,136,1,1,13,151,14,9.27,0.2899740507745112,2.774619053083932e-08,0.9999997124309049,0.09281957012475696
7777,17,G_all_focal_noW,12,0.06941341700002113,2.0,0.75,0.9867549668874173,0.9285714285714286,0.9285714285714286,0.9606360792492179,0.9994786235662149,0.995238095238095,136,1,1,13,151,14,9.27,0.28261359955673554,0.001951519330934785,0.996562167989496,0.10379858543565292
7777,17,LEGACY_A,11,0.07386271699999725,2.0,0.75,0.9867549668874173,0.9285714285714286,0.9285714285714286,0.9606360792492179,0.9994786235662149,0.995238095238095,136,1,1,13,151,14,9.27,0.290457170601597,2.6386098898306797e-08,0.9999996498387602,0.0950721033226056
7777,18,E_all_ce_noW,12,0.07921782699997948,2.0,0.75,0.9867549668874173,0.9285714285714286,0.9285714285714286,0.9606360792492179,0.9979144942648592,0.984126984126984,136,1,1,13,151,14,9.27,0.28638591232797445,2.6910269905151025e-08,0.9999994690779873,0.09258406408949049
7777,18,G_all_focal_noW,12,0.0661754259999725,2.0,0.75,0.9867549668874173,0.9285714285714286,0.9285714285714286,0.9606360792492179,0.9973931178310741,0.9812030075187967,136,1,1,13,151,14,9.27,0.2783233118559298,0.0011690945719535154,0.9978073669119184,0.10511870466363801
7777,18,LEGACY_A,11,0.07412982699997883,2.0,0.75,0.9867549668874173,0.9285714285714286,0.9285714285714286,0.9606360792492179,0.9958289885297185,0.9740259740259738,136,1,1,13,151,14,9.27,0.2875334445535719,2.715943743138094e-08,0.999999648198567,0.09363460789614549
7777,19,E_all_ce_noW,12,0.07521996700000955,2.0,0.75,0.9867549668874173,1.0,0.8571428571428571,0.9579152731326644,1.0,0.9999999999999998,137,0,2,12,151,14,9.27,0.2704318054787872,2.7750148535938466e-08,0.999999629534025,0.08184840872645666
7777,19,G_all_focal_noW,12,0.06583307599998989,2.0,0.75,0.9933774834437086,1.0,0.9285714285714286,0.9796632996632997,1.0,0.9999999999999998,137,0,1,13,151,14,9.27,0.26825372485814225,0.001277598105387631,0.9969463327096295,0.09406932516396581
7777,19,LEGACY_A,11,0.07620313799998257,2.0,0.75,1.0,1.0,1.0,1.0,1.0,0.9999999999999998,137,0,0,14,151,14,9.27,0.28266936134995435,2.600752230247363e-08,0.9999995878713892,0.09116385407121612
7777,20,E_all_ce_noW,12,0.08189044799996736,2.0,0.75,0.9933774834437086,1.0,0.9285714285714286,0.9796632996632997,0.9994786235662149,0.995238095238095,137,0,1,13,151,14,9.27,0.27455048119363135,3.093959292086237e-08,0.9999997663238425,0.08588092295625938
7777,20,G_all_focal_noW,12,0.06678174700005002,2.0,0.75,0.9933774834437086,1.0,0.9285714285714286,0.9796632996632997,0.9989572471324296,0.9910714285714284,137,0,1,13,151,14,9.27,0.2597782760325283,0.002063733520608484,0.9966568330129765,0.09653737980925714
7777,20,LEGACY_A,11,0.07332476600004156,2.0,0.75,0.9867549668874173,0.9285714285714286,0.9285714285714286,0.9606360792492179,0.9994786235662149,0.995238095238095,136,1,1,13,151,14,9.27,0.2804242356782574,2.6957074789065402e-08,0.9999996497768185,0.09126802732983452
7777,21,E_all_ce_noW,12,0.06552847599999723,2.0,0.75,0.9801324503311258,0.9166666666666666,0.8461538461538461,0.9345848375451263,0.9916387959866221,0.9383265856950067,137,1,2,11,151,13,8.61,0.26820014175087126,5.8677424831758805e-08,0.9999993725216452,0.07879553338613256
7777,21,G_all_focal_noW,12,0.06876879600002894,2.0,0.75,0.9801324503311258,0.9166666666666666,0.8461538461538461,0.9345848375451263,0.9933110367892977,0.9466738112248947,137,1,2,11,151,13,8.61,0.2503868378685193,0.005882827394581518,0.9927672806826124,0.08493861128983786
7777,21,LEGACY_A,11,0.059292584999980136,2.0,0.75,0.9801324503311258,0.9166666666666666,0.8461538461538461,0.9345848375451263,0.9888517279821627,0.9310792693145633,137,1,2,11,151,13,8.61,0.2696676523648525,5.773259428451575e-08,0.9999996223839487,0.0792562220077178
7777,22,E_all_ce_noW,12,0.07437214699996275,2.0,0.75,0.9867549668874173,1.0,0.8571428571428571,0.9579152731326644,0.9994786235662149,0.995238095238095,137,0,2,12,151,14,9.27,0.2619152935887661,2.7195988767634604e-08,0.9999993447584955,0.07715853354093744
7777,22,G_all_focal_noW,12,0.06382602600001519,2.0,0.75,0.9801324503311258,1.0,0.7857142857142857,0.9345848375451263,1.0,0.9999999999999998,137,0,3,11,151,14,9.27,0.25277422351072143,0.0021256615974792714,0.9970332966528992,0.08855526239012984
7777,22,LEGACY_A,11,0.07245859699997936,2.0,0.75,0.9867549668874173,1.0,0.8571428571428571,0.9579152731326644,1.0,0.9999999999999998,137,0,2,12,151,14,9.27,0.26829903032600044,2.7615007824671554e-08,0.9999994140669406,0.08221630285596118
7777,23,E_all_ce_noW,12,0.0783000570000354,2.0,0.75,0.9933774834437086,0.9333333333333333,1.0,0.9809271188581534,1.0,0.9999999999999999,136,1,0,14,151,14,9.27,0.2950464938773147,2.7053320067425477e-08,0.9999996461415879,0.09870639064679676
7777,23,G_all_focal_noW,12,0.0811197269999866,2.0,0.75,0.9867549668874173,0.875,1.0,0.9629901960784314,1.0,1.0,135,2,0,14,151,14,9.27,0.28838858457110383,0.0011848566247429834,0.9966907840085816,0.10694841448797376
7777,23,LEGACY_A,11,0.06716610699999137,2.0,0.75,1.0,1.0,1.0,1.0,1.0,0.9999999999999998,137,0,0,14,151,14,9.27,0.2902179393093472,2.755427122328747e-08,0.9999996555580478,0.0949927888319143
7777,24,E_all_ce_noW,12,0.0752102280000031,2.0,0.75,0.9867549668874173,1.0,0.8571428571428571,0.9579152731326644,0.9958289885297185,0.9673202614379084,137,0,2,12,151,14,9.27,0.2665766528881399,2.8298138089658597e-08,0.9999996353647649,0.08117731947171966
7777,24,G_all_focal_noW,12,0.06499358600001415,2.0,0.75,0.9801324503311258,0.9230769230769231,0.8571428571428571,0.938989898989899,0.9953076120959333,0.9643962848297212,136,1,2,12,151,14,9.27,0.26322112412456816,0.001426134116909215,0.9967072556993474,0.0989183406910537
7777,24,LEGACY_A,11,0.07063341700001047,2.0,0.75,0.9801324503311258,0.9230769230769231,0.8571428571428571,0.938989898989899,0.9968717413972888,0.9746031746031745,136,1,2,12,151,14,9.27,0.2758748025651893,2.752953511629524e-08,0.9999996144806916,0.09006108211775557
7777,25,E_all_ce_noW,12,0.07482525699998632,2.0,0.75,0.9933774834437086,1.0,0.9285714285714286,0.9796632996632997,0.986444212721585,0.9535714285714285,137,0,1,13,151,14,9.27,0.28046578067817934,2.7126122584707128e-08,0.9999994387980676,0.0861872627217506
7777,25,G_all_focal_noW,12,0.06485015600003408,2.0,0.75,0.9933774834437086,1.0,0.9285714285714286,0.9796632996632997,0.9932221063607924,0.9656084656084656,137,0,1,13,151,14,9.27,0.27460326726657736,0.0011564650376112383,0.9950048792235608,0.09305709427118385
7777,25,LEGACY_A,11,0.07430228700002317,2.0,0.75,0.9933774834437086,1.0,0.9285714285714286,0.9796632996632997,0.9973931178310741,0.981203007518797,137,0,1,13,151,14,9.27,0.28044101321045406,2.6999783815755465e-08,0.9999996296819963,0.08631431040148219
9999,1,E_all_ce_noW,12,0.07450057700003754,2.0,0.75,0.9867549668874173,1.0,0.8461538461538461,0.954736211031175,0.9799331103678929,0.9102282333051563,138,0,2,11,151,13,8.61,0.26013373482420116,3.6383111758227414e-08,0.99999969809422,0.07553156178668372
9999,1,G_all_focal_noW,12,0.06537036600002466,2.0,0.75,0.9867549668874173,1.0,0.8461538461538461,0.954736211031175,0.9810479375696767,0.911378943637008,138,0,2,11,151,13,8.61,0.2522591691216418,0.0029575803022624516,0.9960135359898458,0.08413597130012614
9999,1,LEGACY_A,11,0.06653168600001891,2.0,0.75,0.9801324503311258,0.9166666666666666,0.8461538461538461,0.9345848375451263,0.9866220735785953,0.9267904509283817,137,1,2,11,151,13,8.61,0.2647071662408519,3.1207336643615646e-08,0.9999996831903024,0.08026271368745454
9999,2,E_all_ce_noW,12,0.06972316600001705,2.0,0.75,0.9801324503311258,1.0,0.7857142857142857,0.9345848375451263,0.9885297184567258,0.9563492063492063,137,0,3,11,151,14,9.27,0.259690154051431,2.7333723235981132e-08,0.9999994274946196,0.07374085203771419
9999,2,G_all_focal_noW,12,0.0629499259999875,2.0,0.75,0.9801324503311258,1.0,0.7857142857142857,0.9345848375451263,0.9885297184567258,0.9563492063492063,137,0,3,11,151,14,9.27,0.2572046036624439,0.0009166067687538359,0.9978070481188197,0.08612083258458968
9999,2,LEGACY_A,11,0.22287850100002515,2.0,0.75,0.9867549668874173,1.0,0.8571428571428571,0.9579152731326644,0.9916579770594369,0.9579521463757916,137,0,2,12,151,14,9.27,0.2645828926560758,2.3762624707012288e-08,0.9999996557057014,0.07932910218465417
9999,3,E_all_ce_noW,12,0.07150926700001037,2.0,0.75,0.9933774834437086,0.9333333333333333,1.0,0.9809271188581534,0.9994786235662149,0.995238095238095,136,1,0,14,151,14,9.27,0.2982902914676756,2.813458690266748e-08,0.9999994467832344,0.10012053363845137
9999,3,G_all_focal_noW,12,0.06670247599998902,2.0,0.75,0.9933774834437086,0.9333333333333333,1.0,0.9809271188581534,1.0,0.9999999999999999,136,1,0,14,151,14,9.27,0.2893135477063206,0.001743251904162891,0.9960168342572249,0.10729927182423053
9999,3,LEGACY_A,11,0.07103099599999041,2.0,0.75,0.9933774834437086,0.9333333333333333,1.0,0.9809271188581534,0.9994786235662149,0.995238095238095,136,1,0,14,151,14,9.27,0.2996888218911112,2.720515329487839e-08,0.9999995909672893,0.10186643755449137
9999,4,E_all_ce_noW,12,0.0748030269999731,2.0,0.75,0.9933774834437086,1.0,0.9285714285714286,0.9796632996632997,0.9994786235662149,0.995238095238095,137,0,1,13,151,14,9.27,0.2789935349436175,2.7577425917637755e-08,0.9999992695083542,0.08671628164633564
9999,4,G_all_focal_noW,12,0.0829811189999532,2.0,0.75,0.9933774834437086,1.0,0.9285714285714286,0.9796632996632997,1.0,0.9999999999999998,137,0,1,13,151,14,9.27,0.26736490200996404,0.0009474913088233204,0.9978852779225699,0.09325332415363016
9999,4,LEGACY_A,11,0.4823847960000194,2.0,0.75,0.9933774834437086,1.0,0.9285714285714286,0.9796632996632997,1.0,0.9999999999999998,137,0,1,13,151,14,9.27,0.28088815311664483,2.125633442091239e-08,0.9999993698492041,0.08897331783604051
9999,5,E_all_ce_noW,12,0.11149635100002797,2.0,0.75,0.9801324503311258,0.9230769230769231,0.8571428571428571,0.938989898989899,0.9984358706986445,0.9846415489272631,136,1,2,12,151,14,9.27,0.27374092599151323,2.800153018484061e-08,0.9999994240071339,0.08494148718816148
9999,5,G_all_focal_noW,12,0.09831000000002632,2.0,0.75,0.9801324503311258,0.9230769230769231,0.8571428571428571,0.938989898989899,0.9979144942648592,0.9815476190476189,136,1,2,12,151,14,9.27,0.2648877454573104,0.00152217865211631,0.9966557304570018,0.1005483136173444
9999,5,LEGACY_A,11,0.11344248099999277,2.0,0.75,0.9801324503311258,0.9230769230769231,0.8571428571428571,0.938989898989899,0.9973931178310741,0.9760531135531134,136,1,2,12,151,14,9.27,0.279909450388936,2.5285802832260066e-08,0.9999996434869999,0.08923125341606974
9999,6,E_all_ce_noW,12,0.2311982719999719,2.0,0.75,1.0,1.0,1.0,1.0,1.0,1.0,138,0,0,13,151,13,8.61,0.26864101305590715,2.7821288315208787e-08,0.9999996884211353,0.08172515682904473
9999,6,G_all_focal_noW,12,0.09691903899999943,2.0,0.75,0.9933774834437086,1.0,0.9230769230769231,0.9781949458483754,1.0,1.0,138,0,1,12,151,13,8.61,0.2632759755945279,0.00135680378562443,0.9976036478572887,0.08941291098013665
9999,6,LEGACY_A,11,0.11212647099995365,2.0,0.75,1.0,1.0,1.0,1.0,1.0,1.0,138,0,0,13,151,13,8.61,0.26802293479829287,2.6083297116365345e-08,0.9999996728814067,0.0819414167667743
9999,7,E_all_ce_noW,12,0.12008210099997996,2.0,0.75,0.9867549668874173,1.0,0.8571428571428571,0.9579152731326644,0.9989572471324296,0.9910714285714284,137,0,2,12,151,14,9.27,0.2657244736774272,2.7673762406224382e-08,0.9999996081273944,0.07901535772123126
9999,7,G_all_focal_noW,12,0.1172356310000282,2.0,0.75,0.9867549668874173,1.0,0.8571428571428571,0.9579152731326644,1.0,0.9999999999999998,137,0,2,12,151,14,9.27,0.2583471247476255,0.001263693586010446,0.9968417481131023,0.09072137449699522
9999,7,LEGACY_A,11,0.12497854200000802,2.0,0.75,0.9933774834437086,1.0,0.9285714285714286,0.9796632996632997,0.9994786235662149,0.995238095238095,137,0,1,13,151,14,9.27,0.27450547515161067,2.5128633710680924e-08,0.9999995617529844,0.08664237086362168
9999,8,E_all_ce_noW,12,0.09991807000000108,2.0,0.75,0.9867549668874173,0.9285714285714286,0.9285714285714286,0.9606360792492179,0.9885297184567258,0.9563492063492063,136,1,1,13,151,14,9.27,0.2900666276206331,2.7641032585386127e-08,0.9999994689084987,0.09524965487035014
9999,8,G_all_focal_noW,12,0.06279579599998897,2.0,0.75,0.9801324503311258,0.8666666666666667,0.9285714285714286,0.94278135657446,0.9895724713242962,0.9579831932773109,135,2,1,13,151,14,9.27,0.2847602101127516,0.0020363721302537295,0.996543404247033,0.11392153095787685
9999,8,LEGACY_A,11,0.06359375600004569,2.0,0.75,0.9867549668874173,0.9285714285714286,0.9285714285714286,0.9606360792492179,0.9927007299270073,0.9642857142857142,136,1,1,13,151,14,9.27,0.2883508771300819,2.681212670100196e-08,0.9999997316788649,0.09273177335953167
9999,9,E_all_ce_noW,12,0.0711238769999909,2.0,0.75,0.9735099337748344,0.9166666666666666,0.7857142857142857,0.9158305462653289,0.9880083420229406,0.9290816326530611,136,1,3,11,151,14,9.27,0.2655653869861542,2.836032400997099e-08,0.9999995900638401,0.07799987860363897
9999,9,G_all_focal_noW,12,0.06325430600003301,2.0,0.75,0.9735099337748344,0.9166666666666666,0.7857142857142857,0.9158305462653289,0.983837330552659,0.9096786546786546,136,1,3,11,151,14,9.27,0.25315185324376854,0.0024193873638246027,0.9967950204951354,0.08360479230031208
9999,9,LEGACY_A,11,0.0687323359999823,2.0,0.75,0.9801324503311258,0.9230769230769231,0.8571428571428571,0.938989898989899,0.9895724713242962,0.9406084656084654,136,1,2,12,151,14,9.27,0.27012055696569925,2.9661858952396585e-08,0.9999995936129344,0.08371629455534729
9999,10,E_all_ce_noW,12,0.07170275699996864,2.0,0.75,0.9933774834437086,1.0,0.9285714285714286,0.9796632996632997,0.9989572471324296,0.9910714285714284,137,0,1,13,151,14,9.27,0.28009776666718544,2.7589567052864575e-08,0.9999996611956632,0.08821296572608818
9999,10,G_all_focal_noW,12,0.08263103799998817,2.0,0.75,0.9933774834437086,1.0,0.9285714285714286,0.9796632996632997,0.9989572471324296,0.9910714285714284,137,0,1,13,151,14,9.27,0.2745479386120058,0.0015807564820737936,0.997409421319389,0.10092126540895013
9999,10,LEGACY_A,11,0.07867393800000855,2.0,0.75,0.9933774834437086,1.0,0.9285714285714286,0.9796632996632997,0.9994786235662149,0.995238095238095,137,0,1,13,151,14,9.27,0.2807145690659039,2.6986134152140753e-08,0.9999996860972087,0.088299587568609
9999,11,E_all_ce_noW,12,0.06871918599995297,2.0,0.75,0.9867549668874173,1.0,0.8461538461538461,0.954736211031175,0.9910813823857303,0.946153846153846,138,0,2,11,151,13,8.61,0.2598663915249045,3.454442608102908e-08,0.9999996357985989,0.0729139650439304
9999,11,G_all_focal_noW,12,0.06244126500001812,2.0,0.75,0.9867549668874173,1.0,0.8461538461538461,0.954736211031175,0.9849498327759197,0.9235576923076921,138,0,2,11,151,13,8.61,0.25545476223595737,0.0029369135631113212,0.9948322671130007,0.08516273431240012
9999,11,LEGACY_A,11,0.0655467170000179,2.0,0.75,0.9867549668874173,1.0,0.8461538461538461,0.954736211031175,0.9905239687848383,0.9377622377622375,138,0,2,11,151,13,8.61,0.2598795744482225,3.3339755525345e-08,0.9999996645750006,0.07287000998540291
9999,12,E_all_ce_noW,12,0.09022310899996455,2.0,0.75,0.9801324503311258,0.9230769230769231,0.8571428571428571,0.938989898989899,0.9791449426485923,0.9423373122834038,136,1,2,12,151,14,9.27,0.27680668427022936,2.8836309863103134e-08,0.999999665564946,0.08582001577433238
9999,12,G_all_focal_noW,12,0.08763711899996451,2.0,0.75,0.9867549668874173,0.9285714285714286,0.9285714285714286,0.9606360792492179,0.9827945776850887,0.9452085181898846,136,1,1,13,151,14,9.27,0.26641781649748947,0.001506436632437401,0.9959637009388748,0.09553120684007416
9999,12,LEGACY_A,11,0.07206446600002892,2.0,0.75,0.9867549668874173,0.9285714285714286,0.9285714285714286,0.9606360792492179,0.9900938477580814,0.9588744588744587,136,1,1,13,151,14,9.27,0.28623624521865754,2.7989512946517253e-08,0.9999996704120466,0.09161734730805428
9999,13,E_all_ce_noW,12,0.07114106699998501,2.0,0.75,0.9933774834437086,1.0,0.9285714285714286,0.9796632996632997,0.9984358706986445,0.9873949579831931,137,0,1,13,151,14,9.27,0.280409223248751,3.2004687857558626e-08,0.9999996531736345,0.08641619713695312
9999,13,G_all_focal_noW,12,0.06537549600000148,2.0,0.75,0.9933774834437086,1.0,0.9285714285714286,0.9796632996632997,0.9989572471324296,0.9910714285714285,137,0,1,13,151,14,9.27,0.2757810832983401,0.0018981753104351997,0.9968168861843979,0.09676392578690172
9999,13,LEGACY_A,11,0.0834395179999774,2.0,0.75,0.9933774834437086,1.0,0.9285714285714286,0.9796632996632997,0.9984358706986445,0.9873949579831931,137,0,1,13,151,14,9.27,0.28056015073635115,2.7454973879173035e-08,0.9999996633038796,0.08767498388444737
9999,14,E_all_ce_noW,12,0.07721655699998564,2.0,0.75,0.9933774834437086,1.0,0.9285714285714286,0.9796632996632997,0.9994786235662149,0.995238095238095,137,0,1,13,151,14,9.27,0.2716818226492043,2.8063384340602137e-08,0.999999710732759,0.08656359211606626
9999,14,G_all_focal_noW,12,0.07182942700001149,2.0,0.75,1.0,1.0,1.0,1.0,1.0,0.9999999999999998,137,0,0,14,151,14,9.27,0.26605945580848234,0.001570769204387926,0.9974363220901089,0.0945855359804968
9999,14,LEGACY_A,11,0.07386632700001883,2.0,0.75,0.9933774834437086,0.9333333333333333,1.0,0.9809271188581534,1.0,0.9999999999999998,136,1,0,14,151,14,9.27,0.29626823462535345,2.641189696561666e-08,0.9999996611499933,0.0987407213329157
9999,15,E_all_ce_noW,12,0.07510308700000223,2.0,0.75,1.0,1.0,1.0,1.0,1.0,0.9999999999999998,137,0,0,14,151,14,9.27,0.28525774173560364,2.7744428686497927e-08,0.9999995961731826,0.09455690974492388
9999,15,G_all_focal_noW,12,0.07496237700001984,2.0,0.75,0.9933774834437086,0.9333333333333333,1.0,0.9809271188581534,0.9994786235662149,0.995238095238095,136,1,0,14,151,14,9.27,0.2658076253442579,0.001902011938364858,0.9962899895983189,0.1056444666937263
9999,15,LEGACY_A,11,0.06853833700000678,2.0,0.75,0.9867549668874173,0.875,1.0,0.9629901960784314,1.0,0.9999999999999998,135,2,0,14,151,14,9.27,0.3013019015551536,2.725991301734662e-08,0.9999994799215419,0.1044732125550694
9999,16,E_all_ce_noW,12,0.07265658700003996,2.0,0.75,0.9933774834437086,0.9285714285714286,1.0,0.9796632996632997,1.0,1.0,137,1,0,13,151,13,8.61,0.28817213130022007,2.7143751213288638e-08,0.9999995648237696,0.09348157421306673
9999,16,G_all_focal_noW,12,0.06980745599997817,2.0,0.75,0.9933774834437086,0.9285714285714286,1.0,0.9796632996632997,1.0,1.0,137,1,0,13,151,13,8.61,0.27878284974011763,0.0015443508953337881,0.9958379906880289,0.10633846030652896
9999,16,LEGACY_A,11,0.07323735799997166,2.0,0.75,0.9933774834437086,0.9285714285714286,1.0,0.9796632996632997,1.0,1.0,137,1,0,13,151,13,8.61,0.2899442146429006,2.747791261587793e-08,0.9999996122626122,0.09430090228380121
9999,17,E_all_ce_noW,12,0.06932594699998162,2.0,0.75,0.9668874172185431,0.8461538461538461,0.7857142857142857,0.8983164983164983,0.9937434827945776,0.9542980828695113,135,2,3,11,151,14,9.27,0.2723210441310133,3.7683274236360986e-08,0.9999997164111141,0.08373204434149822
9999,17,G_all_focal_noW,12,0.06600108600002841,2.0,0.75,0.9668874172185431,0.8461538461538461,0.7857142857142857,0.8983164983164983,0.9890510948905109,0.9411016019310949,135,2,3,11,151,14,9.27,0.2657429139152057,0.0016999133523155207,0.9969531242332633,0.09315674248426048
9999,17,LEGACY_A,11,0.07457227700001567,2.0,0.75,0.9867549668874173,1.0,0.8571428571428571,0.9579152731326644,0.9869655891553701,0.9429563492063491,137,0,2,12,151,14,9.27,0.27164462888677915,2.96768439531806e-08,0.9999996889310958,0.08278600001709663
9999,18,E_all_ce_noW,12,0.08015812700000424,2.0,0.75,0.9867549668874173,1.0,0.8571428571428571,0.9579152731326644,0.9885297184567257,0.9430147058823528,137,0,2,12,151,14,9.27,0.2704221488800227,2.6568169589565938e-08,0.9999994864786504,0.08083744505140583
9999,18,G_all_focal_noW,12,0.07397689700002275,2.0,0.75,0.9867549668874173,1.0,0.8571428571428571,0.9579152731326644,0.9937434827945777,0.9607142857142856,137,0,2,12,151,14,9.27,0.2655280484998382,0.0019524723697555803,0.9948984497278788,0.09207720849130498
9999,18,LEGACY_A,11,0.06915932699996574,2.0,0.75,0.9801324503311258,0.9230769230769231,0.8571428571428571,0.938989898989899,0.9953076120959333,0.9651785714285713,136,1,2,12,151,14,9.27,0.2784366942302097,2.7251457175931066e-08,0.9999995695138525,0.08562307523894234
9999,19,E_all_ce_noW,12,0.0814604979999558,2.0,0.75,0.9933774834437086,1.0,0.9285714285714286,0.9796632996632997,1.0,0.9999999999999998,137,0,1,13,151,14,9.27,0.27518385735964035,2.7464739834079558e-08,0.9999989890233061,0.08462066709111865
9999,19,G_all_focal_noW,12,0.0704035570000201,2.0,0.75,0.9933774834437086,1.0,0.9285714285714286,0.9796632996632997,1.0,0.9999999999999998,137,0,1,13,151,14,9.27,0.26839938763185395,0.0014230309695751225,0.9954972258257562,0.09751699512124361
9999,19,LEGACY_A,11,0.07581653699998014,2.0,0.75,1.0,1.0,1.0,1.0,1.0,0.9999999999999998,137,0,0,14,151,14,9.27,0.283432346971984,2.6098088261754474e-08,0.99999940066419,0.09044232011159672
9999,20,E_all_ce_noW,12,0.07540094700004829,2.0,0.75,0.9801324503311258,0.9230769230769231,0.8571428571428571,0.938989898989899,0.9921793534932222,0.9591836734693877,136,1,2,12,151,14,9.27,0.27072588847852475,3.1194000322143506e-08,0.9999995400766125,0.08752675719658651
9999,20,G_all_focal_noW,12,0.06904345699996384,2.0,0.75,0.9933774834437086,1.0,0.9285714285714286,0.9796632996632997,0.9921793534932222,0.9630541871921181,137,0,1,13,151,14,9.27,0.25852042769147604,0.0026063835665063547,0.9955774802740522,0.09497921903761969
9999,20,LEGACY_A,11,0.06626005700002224,2.0,0.75,0.9801324503311258,0.9230769230769231,0.8571428571428571,0.938989898989899,0.9921793534932222,0.9591836734693877,136,1,2,12,151,14,9.27,0.2774188962598136,2.8886454489139912e-08,0.9999997241974622,0.08796873110503367
9999,21,E_all_ce_noW,12,0.07524083800001335,2.0,0.75,0.9801324503311258,0.9166666666666666,0.8461538461538461,0.9345848375451263,0.9899665551839465,0.9357216857216855,137,1,2,11,151,13,8.61,0.27037569268219336,2.950148642840488e-08,0.9999996722159701,0.07954379334956635
9999,21,G_all_focal_noW,12,0.07933020800004442,2.0,0.75,0.9801324503311258,0.9166666666666666,0.8461538461538461,0.9345848375451263,0.9933110367892977,0.9588264299802758,137,1,2,11,151,13,8.61,0.26008948174244967,0.0016599861797214298,0.9949698618056058,0.08725921667803316
9999,21,LEGACY_A,11,0.07868161699997245,2.0,0.75,0.9801324503311258,0.9166666666666666,0.8461538461538461,0.9345848375451263,0.9910813823857302,0.9359557109557106,137,1,2,11,151,13,8.61,0.2704106852680956,2.811497458863491e-08,0.9999997178783099,0.0796507285978215
9999,22,E_all_ce_noW,12,0.08149453699996911,2.0,0.75,0.9933774834437086,1.0,0.9285714285714286,0.9796632996632997,1.0,0.9999999999999999,137,0,1,13,151,14,9.27,0.2739313491081111,2.788144616921968e-08,0.999999674299432,0.08425786231069064
9999,22,G_all_focal_noW,12,0.06870962700003247,2.0,0.75,0.9867549668874173,1.0,0.8571428571428571,0.9579152731326644,1.0,0.9999999999999999,137,0,2,12,151,14,9.27,0.2672641651597982,0.0014212516489598113,0.9963998010854636,0.09580657546975606
9999,22,LEGACY_A,11,0.0706463960000292,2.0,0.75,0.9867549668874173,1.0,0.8571428571428571,0.9579152731326644,1.0,0.9999999999999999,137,0,2,12,151,14,9.27,0.27158003951929527,2.7091905749064096e-08,0.9999996844424227,0.08315589670032002
9999,23,E_all_ce_noW,12,0.09242705899998782,2.0,0.75,0.9933774834437086,1.0,0.9285714285714286,0.9796632996632997,1.0,0.9999999999999998,137,0,1,13,151,14,9.27,0.2717444232768724,2.769699304556711e-08,0.9999997345188171,0.08367046105548709
9999,23,G_all_focal_noW,12,0.07196431599999187,2.0,0.75,0.9933774834437086,1.0,0.9285714285714286,0.9796632996632997,0.9989572471324296,0.9910714285714284,137,0,1,13,151,14,9.27,0.26156680768348944,0.0017858401781338093,0.9972795931031605,0.09324198603419603
9999,23,LEGACY_A,11,0.07208553700002085,2.0,0.75,0.9933774834437086,1.0,0.9285714285714286,0.9796632996632997,1.0,0.9999999999999998,137,0,1,13,151,14,9.27,0.27834730969459387,2.695394868482816e-08,0.9999995773120377,0.08821448653510555
9999,24,E_all_ce_noW,12,0.07318158699996502,2.0,0.75,0.9801324503311258,0.9230769230769231,0.8571428571428571,0.938989898989899,0.9791449426485923,0.9202428006775831,136,1,2,12,151,14,9.27,0.2745409829967369,3.940139243743226e-08,0.9999996557537619,0.08421401303594542
9999,24,G_all_focal_noW,12,0.06226183500001525,2.0,0.75,0.9867549668874173,1.0,0.8571428571428571,0.9579152731326644,0.9848800834202295,0.9278185582533407,137,0,2,12,151,14,9.27,0.26088582806242355,0.00306741354847093,0.9961584346933322,0.09068597529282464
9999,24,LEGACY_A,11,0.07601553799997873,2.0,0.75,0.9867549668874173,1.0,0.8571428571428571,0.9579152731326644,0.9874869655891554,0.9328703703703702,137,0,2,12,151,14,9.27,0.27014294642009457,3.3689438270326415e-08,0.9999996652396156,0.08261822692095606
9999,25,E_all_ce_noW,12,0.0760678170000233,2.0,0.75,0.9933774834437086,0.9333333333333333,1.0,0.9809271188581534,1.0,0.9999999999999998,136,1,0,14,151,14,9.27,0.2903055008768125,2.7039000926356936e-08,0.9999992630978128,0.09590545455100614
9999,25,G_all_focal_noW,12,0.06695571700004166,2.0,0.75,1.0,1.0,1.0,1.0,1.0,0.9999999999999998,137,0,0,14,151,14,9.27,0.2795065979719181,0.001310117146162117,0.996929244523238,0.10328524665933421
9999,25,LEGACY_A,11,0.07391762700001436,2.0,0.75,0.9933774834437086,0.9333333333333333,1.0,0.9809271188581534,1.0,0.9999999999999998,136,1,0,14,151,14,9.27,0.2980838576299217,2.644877596228113e-08,0.9999994361002313,0.10048073336832455
