seed,fold,arm,n_features,fit_seconds,gamma,alpha,accuracy,precision,recall,macro_f1,auc_roc,auc_pr,tn,fp,fn,tp,n,n_positive,base_rate_pct,pred_std,pred_min,pred_max,pred_mean
42,1,E_all_ce_noW,15,0.9838910110001962,2.0,0.75,0.9936305732484076,0.9333333333333333,1.0,0.981004234724743,1.0,0.9999999999999999,142,1,0,14,157,14,8.92,0.2921163412240668,3.64308192719666e-08,0.9999991016958469,0.09501881578760271
42,1,G_all_focal_noW,15,0.2676616560002003,2.0,0.75,0.9936305732484076,0.9333333333333333,1.0,0.981004234724743,1.0,0.9999999999999999,142,1,0,14,157,14,8.92,0.27813360618777794,0.0023645886614814243,0.9923900539227889,0.10335092103697256
42,1,LEGACY_A,14,0.27476384499914275,2.0,0.75,0.9936305732484076,0.9333333333333333,1.0,0.981004234724743,1.0,1.0,142,1,0,14,157,14,8.92,0.291548780482184,2.9078621059456207e-08,0.9999996396757252,0.09491603738341284
42,2,E_all_ce_noW,15,0.29293548299938266,2.0,0.75,0.9872611464968153,1.0,0.8571428571428571,0.9580662393162394,0.9985014985014985,0.9873949579831932,143,0,2,12,157,14,8.92,0.2648561706494068,4.667597617639056e-08,0.9999989876893653,0.07650681234838577
42,2,G_all_focal_noW,15,0.3716973340006007,2.0,0.75,0.9872611464968153,1.0,0.8571428571428571,0.9580662393162394,0.998001998001998,0.981547619047619,143,0,2,12,157,14,8.92,0.2580402682828567,0.0022859504286374763,0.9950474911268251,0.0877733016841128
42,2,LEGACY_A,14,0.5165521199996874,2.0,0.75,0.9872611464968153,1.0,0.8571428571428571,0.9580662393162394,0.9980019980019981,0.9841269841269842,143,0,2,12,157,14,8.92,0.2656027098534093,4.2807908545544526e-08,0.9999996340715123,0.07702097163194706
42,3,E_all_ce_noW,15,0.18620447299963416,2.0,0.75,0.9872611464968153,0.9285714285714286,0.9285714285714286,0.9607892107892109,0.999000999000999,0.9901360544217687,142,1,1,13,157,14,8.92,0.27644057098856695,2.6871556243365246e-08,0.9999991852333935,0.08941970254589968
42,3,G_all_focal_noW,15,0.09541159299988067,2.0,0.75,0.9745222929936306,0.8571428571428571,0.8571428571428571,0.9215784215784215,0.998001998001998,0.9815476190476189,141,2,2,12,157,14,8.92,0.27052863501160374,0.0016385214930538996,0.9929422859666852,0.0992290549651153
42,3,LEGACY_A,14,0.11076516200046171,2.0,0.75,0.9872611464968153,0.9285714285714286,0.9285714285714286,0.9607892107892109,0.9985014985014985,0.9873949579831932,142,1,1,13,157,14,8.92,0.27806866598396823,4.9155112819485995e-08,0.9999996054876354,0.08915480167097994
42,4,E_all_ce_noW,15,0.1289943689998836,2.0,0.75,0.9872611464968153,0.9285714285714286,0.9285714285714286,0.9607892107892109,0.9995004995004995,0.9952380952380953,142,1,1,13,157,14,8.92,0.2842513473731224,3.632947923756612e-08,0.999999237460505,0.09032630105294565
42,4,G_all_focal_noW,15,0.09447532900048827,2.0,0.75,0.9872611464968153,0.9285714285714286,0.9285714285714286,0.9607892107892109,0.9995004995004995,0.9952380952380953,142,1,1,13,157,14,8.92,0.2749976371378699,0.00316158838592276,0.992863597459,0.09759002158805537
42,4,LEGACY_A,14,0.11540352599968173,2.0,0.75,0.9936305732484076,0.9333333333333333,1.0,0.981004234724743,1.0,0.9999999999999999,142,1,0,14,157,14,8.92,0.2881455867159209,3.002898809816661e-08,0.9999996741245464,0.09329143696822785
42,5,E_all_ce_noW,15,0.12264931600020645,2.0,0.75,0.9935897435897436,1.0,0.9230769230769231,0.9782578397212544,0.9892415277030662,0.9533799533799532,143,0,1,12,156,13,8.33,0.2507990416924627,4.453292088321696e-08,0.9999988544018982,0.07321470042333583
42,5,G_all_focal_noW,15,0.17270630999973946,2.0,0.75,0.9871794871794872,1.0,0.8461538461538461,0.9548611111111112,0.9768692845615923,0.9409340659340657,143,0,2,11,156,13,8.33,0.24033925751563168,0.0032764421596034204,0.9939131495197042,0.08256151183401172
42,5,LEGACY_A,14,0.18160077500033367,2.0,0.75,0.9871794871794872,1.0,0.8461538461538461,0.9548611111111112,0.9838622915545993,0.9463327370304113,143,0,2,11,156,13,8.33,0.25013089379631315,4.1179194286110514e-08,0.9999994864116692,0.07190099275581832
42,6,E_all_ce_noW,15,0.16051016099936533,2.0,0.75,1.0,1.0,1.0,1.0,1.0,0.9999999999999998,143,0,0,14,157,14,8.92,0.2849102640205838,3.597148899262374e-08,0.9999991712318542,0.08953076359404372
42,6,G_all_focal_noW,15,0.09528262500043638,2.0,0.75,1.0,1.0,1.0,1.0,1.0,0.9999999999999998,143,0,0,14,157,14,8.92,0.27874810742285255,0.003978713723119773,0.9940547221892941,0.10244090305462439
42,6,LEGACY_A,14,0.11582471200017608,2.0,0.75,1.0,1.0,1.0,1.0,1.0,0.9999999999999998,143,0,0,14,157,14,8.92,0.2863754418519834,3.5113026652651194e-08,0.9999996515860127,0.09213255086185666
42,7,E_all_ce_noW,15,0.11742516000049363,2.0,0.75,0.9617834394904459,0.75,0.8571428571428571,0.8894366197183099,0.988011988011988,0.9327785966156084,139,4,2,12,157,14,8.92,0.2914451166568937,1.1176699099185173e-07,0.9999987979706519,0.09759817638942136
42,7,G_all_focal_noW,15,0.08983760099999927,2.0,0.75,0.9681528662420382,0.8,0.8571428571428571,0.9050211736237144,0.986013986013986,0.9188692055071364,140,3,2,12,157,14,8.92,0.26764166950958773,0.0043489291393225766,0.9929108241090776,0.09944078624695185
42,7,LEGACY_A,14,0.10745198800032085,2.0,0.75,0.9745222929936306,0.8571428571428571,0.8571428571428571,0.9215784215784215,0.9815184815184816,0.9231601731601731,141,2,2,12,157,14,8.92,0.2804695757862354,5.437924759156842e-08,0.9999995515646621,0.08922855248578185
42,8,E_all_ce_noW,15,0.12623802300004172,2.0,0.75,0.9872611464968153,1.0,0.8571428571428571,0.9580662393162394,1.0,0.9999999999999998,143,0,2,12,157,14,8.92,0.2656596613483012,3.4423247427174735e-08,0.9999989337478992,0.0776085330437077
42,8,G_all_focal_noW,15,0.09478058000058809,2.0,0.75,0.9872611464968153,1.0,0.8571428571428571,0.9580662393162394,1.0,0.9999999999999998,143,0,2,12,157,14,8.92,0.26039632646270766,0.0019004030137784167,0.9940281783804116,0.08794733153640714
42,8,LEGACY_A,14,0.12397889600015333,2.0,0.75,0.9872611464968153,1.0,0.8571428571428571,0.9580662393162394,1.0,0.9999999999999998,143,0,2,12,157,14,8.92,0.2656255357098077,4.1808606348866336e-08,0.999999496641059,0.07749942690111408
42,9,E_all_ce_noW,15,0.2620044069999494,2.0,0.75,0.9872611464968153,1.0,0.8571428571428571,0.9580662393162394,0.9995004995004996,0.9952380952380951,143,0,2,12,157,14,8.92,0.2655729958208461,3.9827642467926665e-08,0.9999989750615654,0.07689352742378115
42,9,G_all_focal_noW,15,0.22684025800026575,2.0,0.75,0.9872611464968153,1.0,0.8571428571428571,0.9580662393162394,0.9995004995004995,0.9952380952380953,143,0,2,12,157,14,8.92,0.2600291327241802,0.0028139585439547195,0.9933636726947952,0.09092696538697544
42,9,LEGACY_A,14,0.33453451200057316,2.0,0.75,0.9872611464968153,1.0,0.8571428571428571,0.9580662393162394,0.9995004995004994,0.9952380952380953,143,0,2,12,157,14,8.92,0.26616980492073167,2.9742566585839705e-08,0.9999996707375179,0.08035968899753367
42,10,E_all_ce_noW,15,0.35993457099993975,2.0,0.75,0.9871794871794872,0.9230769230769231,0.9230769230769231,0.9580419580419581,0.9989241527703067,0.9897435897435898,142,1,1,12,156,13,8.33,0.26890582834374227,4.256473598438973e-08,0.9999990605863617,0.08237049132449194
42,10,G_all_focal_noW,15,0.2626348699996015,2.0,0.75,0.9871794871794872,0.9230769230769231,0.9230769230769231,0.9580419580419581,0.9983862291554599,0.9855769230769229,142,1,1,12,156,13,8.33,0.25702961852363404,0.002638127497140229,0.9941005115806856,0.09076512493181965
42,10,LEGACY_A,14,0.3677039219992366,2.0,0.75,1.0,1.0,1.0,1.0,1.0,0.9999999999999998,143,0,0,13,156,13,8.33,0.27618287998748825,3.313458345584864e-08,0.9999996459294765,0.08387965318727576
42,11,E_all_ce_noW,15,0.24267959900043934,2.0,0.75,0.9872611464968153,1.0,0.8571428571428571,0.9580662393162394,0.9980019980019981,0.9815476190476189,143,0,2,12,157,14,8.92,0.26560796917804314,2.8661218268371157e-08,0.9999990558016241,0.07768515271567436
42,11,G_all_focal_noW,15,0.20844703700004175,2.0,0.75,0.9808917197452229,0.9230769230769231,0.8571428571428571,0.9392179636082074,0.9980019980019981,0.9815476190476189,142,1,2,12,157,14,8.92,0.2612746314565786,0.001997364283989674,0.9946233386268913,0.08950984524973565
42,11,LEGACY_A,14,0.36096695800006273,2.0,0.75,0.9936305732484076,1.0,0.9285714285714286,0.9797393212027359,1.0,0.9999999999999998,143,0,1,13,157,14,8.92,0.27537457020119765,3.161288520376159e-08,0.9999996452397,0.08351577250021273
42,12,E_all_ce_noW,15,0.3562846719996742,2.0,0.75,0.9936305732484076,1.0,0.9285714285714286,0.9797393212027359,0.994005994005994,0.9670329670329672,143,0,1,13,157,14,8.92,0.27544474133684155,2.9185008627397597e-08,0.9999993306402415,0.08406494722860257
42,12,G_all_focal_noW,15,0.2314878069992119,2.0,0.75,0.9936305732484076,1.0,0.9285714285714286,0.9797393212027359,0.9920079920079921,0.961904761904762,143,0,1,13,157,14,8.92,0.272286776269689,0.0026501036171510915,0.9957313748471189,0.09460114082622166
42,12,LEGACY_A,14,0.3997813230007523,2.0,0.75,0.9936305732484076,1.0,0.9285714285714286,0.9797393212027359,0.984015984015984,0.9503105590062111,143,0,1,13,157,14,8.92,0.2760384853916619,2.730964878409685e-08,0.9999995797959842,0.08484852024818353
42,13,E_all_ce_noW,15,0.6380927190002694,2.0,0.75,0.9872611464968153,1.0,0.8571428571428571,0.9580662393162394,0.9980019980019981,0.9822929171668666,143,0,2,12,157,14,8.92,0.2652884976839845,5.457855649865041e-08,0.9999984196595809,0.07987673202927403
42,13,G_all_focal_noW,15,0.5356457389998468,2.0,0.75,0.9872611464968153,1.0,0.8571428571428571,0.9580662393162394,0.9980019980019981,0.9822929171668666,143,0,2,12,157,14,8.92,0.25368954754011835,0.0037705998196789037,0.9922050812847727,0.09728446774462055
42,13,LEGACY_A,14,0.5121041590000459,2.0,0.75,0.9872611464968153,1.0,0.8571428571428571,0.9580662393162394,0.999000999000999,0.9901360544217686,143,0,2,12,157,14,8.92,0.26574869592816813,5.371255281665231e-08,0.9999995398211722,0.07918247640485672
42,14,E_all_ce_noW,15,0.687015497000175,2.0,0.75,0.9936305732484076,1.0,0.9285714285714286,0.9797393212027359,0.9965034965034965,0.976190476190476,143,0,1,13,157,14,8.92,0.2674517964485408,9.148098064346233e-08,0.9999988302802745,0.08168651127253307
42,14,G_all_focal_noW,15,0.570564672000728,2.0,0.75,0.9808917197452229,0.9230769230769231,0.8571428571428571,0.9392179636082074,0.997002997002997,0.9761009667024705,142,1,2,12,157,14,8.92,0.2528832116633275,0.003879547178767714,0.9927177308137027,0.09346239810891553
42,14,LEGACY_A,14,0.3863038100007543,2.0,0.75,0.9936305732484076,1.0,0.9285714285714286,0.9797393212027359,0.996003996003996,0.974025974025974,143,0,1,13,157,14,8.92,0.2676564854658982,5.809389621674139e-08,0.9999995195674917,0.08085736373382489
42,15,E_all_ce_noW,15,0.5018252010004289,2.0,0.75,1.0,1.0,1.0,1.0,1.0,0.9999999999999998,143,0,0,13,156,13,8.33,0.27621875387162736,3.36973268867758e-08,0.9999987683529228,0.08329515562752383
42,15,G_all_focal_noW,15,0.46812874900024326,2.0,0.75,1.0,1.0,1.0,1.0,1.0,0.9999999999999998,143,0,0,13,156,13,8.33,0.2665938404350237,0.002557571394783099,0.9927887231404449,0.09081882581726229
42,15,LEGACY_A,14,0.11852610700043442,2.0,0.75,1.0,1.0,1.0,1.0,1.0,1.0,143,0,0,13,156,13,8.33,0.275216210705697,2.962462980648966e-08,0.9999996210755123,0.08297665327823611
42,16,E_all_ce_noW,15,0.1154301310007213,2.0,0.75,0.9745222929936306,0.9166666666666666,0.7857142857142857,0.9161324786324787,0.9885114885114885,0.9465463108320251,142,1,3,11,157,14,8.92,0.2602082327496685,8.073347656225149e-08,0.9999987272442973,0.07615780539933983
42,16,G_all_focal_noW,15,0.0908715099994879,2.0,0.75,0.9808917197452229,0.9230769230769231,0.8571428571428571,0.9392179636082074,0.95004995004995,0.9179044706567643,142,1,2,12,157,14,8.92,0.25352688057063144,0.005045326577546762,0.9916186843105942,0.08889897334431869
42,16,LEGACY_A,14,0.10929047799982072,2.0,0.75,0.9808917197452229,0.9230769230769231,0.8571428571428571,0.9392179636082074,0.9725274725274725,0.9250686813186813,142,1,2,12,157,14,8.92,0.2742904008398773,6.432728433751797e-08,0.999999569494633,0.08241731641533973
42,17,E_all_ce_noW,15,0.11888653599999088,2.0,0.75,0.9745222929936306,0.9166666666666666,0.7857142857142857,0.9161324786324787,0.9975024975024975,0.9760531135531135,142,1,3,11,157,14,8.92,0.26544548144473623,3.312731822992025e-08,0.9999993388565501,0.07723153577165022
42,17,G_all_focal_noW,15,0.1162685170002078,2.0,0.75,0.9745222929936306,0.9166666666666666,0.7857142857142857,0.9161324786324787,0.998001998001998,0.9804748822605966,142,1,3,11,157,14,8.92,0.25653438989152766,0.0019909613942890097,0.994553776630454,0.08652137996788097
42,17,LEGACY_A,14,0.11368566199962515,2.0,0.75,0.9808917197452229,0.9230769230769231,0.8571428571428571,0.9392179636082074,0.998001998001998,0.981547619047619,142,1,2,12,157,14,8.92,0.2749096320065824,2.9176113049651813e-08,0.9999996407207902,0.08360183683724766
42,18,E_all_ce_noW,15,0.12971606900009647,2.0,0.75,1.0,1.0,1.0,1.0,1.0,0.9999999999999999,143,0,0,14,157,14,8.92,0.2784617059005676,3.187656893357608e-08,0.9999975189631738,0.08715403161983477
42,18,G_all_focal_noW,15,0.09485069799939083,2.0,0.75,1.0,1.0,1.0,1.0,1.0,0.9999999999999999,143,0,0,14,157,14,8.92,0.2665232460016773,0.0030005612853544923,0.9934784904721911,0.09351189472858074
42,18,LEGACY_A,14,0.11965971500012529,2.0,0.75,1.0,1.0,1.0,1.0,1.0,0.9999999999999999,143,0,0,14,157,14,8.92,0.2773286741045824,2.643192156133721e-08,0.9999992994428316,0.0863950732129677
42,19,E_all_ce_noW,15,0.12459115399997245,2.0,0.75,1.0,1.0,1.0,1.0,1.0,0.9999999999999999,143,0,0,14,157,14,8.92,0.28080561353666855,3.997108755089408e-08,0.9999988587081885,0.08819153670610734
42,19,G_all_focal_noW,15,0.09675621299993509,2.0,0.75,1.0,1.0,1.0,1.0,1.0,1.0,143,0,0,14,157,14,8.92,0.27331567879638924,0.0023617982533980916,0.9946820905643928,0.09725430393321197
42,19,LEGACY_A,14,0.1180028750004567,2.0,0.75,0.9872611464968153,0.9285714285714286,0.9285714285714286,0.9607892107892109,0.999000999000999,0.9910714285714285,142,1,1,13,157,14,8.92,0.2803426181894235,4.9041581054815504e-08,0.9999994850623957,0.09068844681642828
42,20,E_all_ce_noW,15,0.14632640499985428,2.0,0.75,1.0,1.0,1.0,1.0,1.0,1.0,143,0,0,13,156,13,8.33,0.27705948349514337,3.35161572403432e-08,0.9999994271613257,0.08669065873917947
42,20,G_all_focal_noW,15,0.0946532699999807,2.0,0.75,1.0,1.0,1.0,1.0,1.0,1.0,143,0,0,13,156,13,8.33,0.26914815771560247,0.003469216232113603,0.9943294213389205,0.0966349569557754
42,20,LEGACY_A,14,0.1148953599995366,2.0,0.75,1.0,1.0,1.0,1.0,1.0,1.0,143,0,0,13,156,13,8.33,0.2759743954110391,2.842607633535722e-08,0.9999996761349318,0.08359793285720357
42,21,E_all_ce_noW,15,0.11627492299976439,2.0,0.75,0.9936305732484076,1.0,0.9285714285714286,0.9797393212027359,0.9999999999999999,1.0,143,0,1,13,157,14,8.92,0.26926549267334676,9.538954215975306e-08,0.9999990274376256,0.08058774938073487
42,21,G_all_focal_noW,15,0.11412769499929709,2.0,0.75,0.9872611464968153,1.0,0.8571428571428571,0.9580662393162394,1.0,1.0,143,0,2,12,157,14,8.92,0.25893456571653434,0.0037783878365068983,0.9933756030643228,0.08801329484885252
42,21,LEGACY_A,14,0.12871312599963858,2.0,0.75,0.9936305732484076,1.0,0.9285714285714286,0.9797393212027359,0.9985014985014984,0.9873949579831932,143,0,1,13,157,14,8.92,0.2735074821606323,5.989894588005234e-08,0.9999996605498189,0.082203201671457
42,22,E_all_ce_noW,15,0.12133200900007068,2.0,0.75,0.9936305732484076,1.0,0.9285714285714286,0.9797393212027359,0.995004995004995,0.9702380952380951,143,0,1,13,157,14,8.92,0.27553706977203557,2.9397231831609155e-08,0.9999991581845321,0.08296701692617707
42,22,G_all_focal_noW,15,0.09405655599948659,2.0,0.75,0.9936305732484076,1.0,0.9285714285714286,0.9797393212027359,0.9905094905094906,0.9588744588744588,143,0,1,13,157,14,8.92,0.2714781779684434,0.0023813503236892798,0.9946665360988565,0.0911303300465358
42,22,LEGACY_A,14,0.11304351899980247,2.0,0.75,0.9936305732484076,1.0,0.9285714285714286,0.9797393212027359,0.9950049950049951,0.9702380952380951,143,0,1,13,157,14,8.92,0.2755471857951805,2.7899152185529216e-08,0.9999996585245561,0.08293629533675113
42,23,E_all_ce_noW,15,0.12263534000067011,2.0,0.75,0.9936305732484076,1.0,0.9285714285714286,0.9797393212027359,1.0,0.9999999999999999,143,0,1,13,157,14,8.92,0.27279484235549756,3.8511071190482754e-08,0.9999991177780743,0.08229132789364084
42,23,G_all_focal_noW,15,0.09186644199962757,2.0,0.75,0.9872611464968153,1.0,0.8571428571428571,0.9580662393162394,1.0,0.9999999999999999,143,0,2,12,157,14,8.92,0.2543242299920867,0.0032725391703232556,0.993324233051912,0.08873549069417604
42,23,LEGACY_A,14,0.11558961599985196,2.0,0.75,0.9936305732484076,1.0,0.9285714285714286,0.9797393212027359,1.0,0.9999999999999999,143,0,1,13,157,14,8.92,0.27294912627378765,3.580707584101464e-08,0.9999996281565141,0.08297343783170051
42,24,E_all_ce_noW,15,0.12493220200030919,2.0,0.75,0.9872611464968153,1.0,0.8571428571428571,0.9580662393162394,0.9980019980019981,0.981547619047619,143,0,2,12,157,14,8.92,0.2656303691866583,2.6955932602671735e-08,0.9999992714079001,0.0779220084822041
42,24,G_all_focal_noW,15,0.10006467399944086,2.0,0.75,0.9872611464968153,1.0,0.8571428571428571,0.9580662393162394,0.9980019980019981,0.981547619047619,143,0,2,12,157,14,8.92,0.258900350068739,0.0022148736314585985,0.9940940162503554,0.09014898417183817
42,24,LEGACY_A,14,0.12203653600045072,2.0,0.75,0.9936305732484076,1.0,0.9285714285714286,0.9797393212027359,0.9995004995004995,0.9952380952380953,143,0,1,13,157,14,8.92,0.2753921856096792,2.908875820017742e-08,0.999999603145458,0.08406291600686909
42,25,E_all_ce_noW,15,0.12016858999959368,2.0,0.75,0.9807692307692307,0.8571428571428571,0.9230769230769231,0.9391812865497076,0.9978483055406132,0.9774161735700196,141,2,1,12,156,13,8.33,0.27357099566097365,5.944638603638793e-08,0.9999987544712142,0.08612082247298115
42,25,G_all_focal_noW,15,0.0945282650000081,2.0,0.75,0.9871794871794872,0.9230769230769231,0.9230769230769231,0.9580419580419581,0.9978483055406132,0.9774161735700198,142,1,1,12,156,13,8.33,0.25979156335928416,0.002870027314407698,0.992928706758136,0.10243263354728033
42,25,LEGACY_A,14,0.1152798500006611,2.0,0.75,0.9807692307692307,0.9166666666666666,0.8461538461538461,0.9347735191637631,0.9983862291554599,0.9821780783319245,142,1,2,11,156,13,8.33,0.267996920951003,4.514514758045452e-08,0.999999595791675,0.0840029332388895
123,1,E_all_ce_noW,15,0.12713916000029712,2.0,0.75,0.9936305732484076,1.0,0.9285714285714286,0.9797393212027359,1.0,0.9999999999999999,143,0,1,13,157,14,8.92,0.27155903408903576,3.02364397526212e-08,0.9999986789963582,0.08327658746388943
123,1,G_all_focal_noW,15,0.0991398409996691,2.0,0.75,0.9936305732484076,1.0,0.9285714285714286,0.9797393212027359,1.0,0.9999999999999999,143,0,1,13,157,14,8.92,0.2609386759612461,0.0016141434222934827,0.9929518542474733,0.09150799248075717
123,1,LEGACY_A,14,0.11110401099995215,2.0,0.75,0.9936305732484076,1.0,0.9285714285714286,0.9797393212027359,1.0,0.9999999999999999,143,0,1,13,157,14,8.92,0.2737921997244197,5.248825495473859e-08,0.9999995251342372,0.08284934654058906
123,2,E_all_ce_noW,15,0.12179459399976622,2.0,0.75,0.9808917197452229,0.9230769230769231,0.8571428571428571,0.9392179636082074,0.9895104895104895,0.9482779125636267,142,1,2,12,157,14,8.92,0.266875634555846,4.319571260482715e-08,0.9999994200317859,0.08097071450513904
123,2,G_all_focal_noW,15,0.09216392500002257,2.0,0.75,0.9808917197452229,0.9230769230769231,0.8571428571428571,0.9392179636082074,0.985014985014985,0.9417844060701204,142,1,2,12,157,14,8.92,0.2582125875163987,0.003314064406026568,0.9957938040483048,0.09053619364556256
123,2,LEGACY_A,14,0.10940474400013045,2.0,0.75,0.9872611464968153,0.9285714285714286,0.9285714285714286,0.9607892107892109,0.9880119880119881,0.9504964147821291,142,1,1,13,157,14,8.92,0.27603411068920597,4.096641972986234e-08,0.9999996587335748,0.08621365407547486
123,3,E_all_ce_noW,15,0.13860815400039428,2.0,0.75,1.0,1.0,1.0,1.0,1.0,0.9999999999999999,143,0,0,14,157,14,8.92,0.28483727589038654,3.4049481486943234e-08,0.9999986369601486,0.08962243134700376
123,3,G_all_focal_noW,15,0.09533987699978752,2.0,0.75,1.0,1.0,1.0,1.0,1.0,1.0,143,0,0,14,157,14,8.92,0.27826331124663306,0.002872787303130099,0.9932004852030034,0.0997675274125091
123,3,LEGACY_A,14,0.1167135360001339,2.0,0.75,1.0,1.0,1.0,1.0,1.0,1.0,143,0,0,14,157,14,8.92,0.2849120329801002,2.7252704441789344e-08,0.9999996491614368,0.0893748490583313
123,4,E_all_ce_noW,15,0.12455527499969321,2.0,0.75,0.9681528662420382,0.8,0.8571428571428571,0.9050211736237144,0.996003996003996,0.9673202614379084,140,3,2,12,157,14,8.92,0.28399228403467724,3.168712363734113e-08,0.9999994408918882,0.09494552371980322
123,4,G_all_focal_noW,15,0.0947522280002886,2.0,0.75,0.9808917197452229,0.8666666666666667,0.9285714285714286,0.9430127041742287,0.9975024975024975,0.9790249433106575,141,2,1,13,157,14,8.92,0.2713054659649163,0.002200375235750337,0.9943290582402851,0.10508892764955112
123,4,LEGACY_A,14,0.11483176699948672,2.0,0.75,0.9745222929936306,0.8571428571428571,0.8571428571428571,0.9215784215784215,0.996003996003996,0.9690476190476189,141,2,2,12,157,14,8.92,0.2780308493591461,2.7271256286003532e-08,0.9999997108529332,0.08962383180374409
123,5,E_all_ce_noW,15,0.12124155400033487,2.0,0.75,0.9935897435897436,1.0,0.9230769230769231,0.9782578397212544,0.9989241527703066,0.9897435897435896,143,0,1,12,156,13,8.33,0.2575421802872343,6.809690681554866e-08,0.9999984090523646,0.07398022948040271
123,5,G_all_focal_noW,15,0.1033256379996601,2.0,0.75,0.9871794871794872,1.0,0.8461538461538461,0.9548611111111112,0.9983862291554599,0.9855769230769229,143,0,2,11,156,13,8.33,0.2440199642063935,0.0035847650951941717,0.9910054966157049,0.0841986252052978
123,5,LEGACY_A,14,0.11653107999973145,2.0,0.75,0.9935897435897436,1.0,0.9230769230769231,0.9782578397212544,0.9983862291554599,0.9855769230769229,143,0,1,12,156,13,8.33,0.26574557677677735,6.570380497316671e-08,0.9999996272065139,0.07678638602720254
123,6,E_all_ce_noW,15,0.12590549500055204,2.0,0.75,0.9872611464968153,0.9285714285714286,0.9285714285714286,0.9607892107892109,0.9995004995004995,0.9952380952380954,142,1,1,13,157,14,8.92,0.2862156513404755,3.2014461663924114e-08,0.9999994510325534,0.09431667561169674
123,6,G_all_focal_noW,15,0.09280476799995085,2.0,0.75,0.9808917197452229,0.8666666666666667,0.9285714285714286,0.9430127041742287,0.9985014985014985,0.9873949579831932,141,2,1,13,157,14,8.92,0.28262305120521086,0.0027588882943326795,0.9950986785381071,0.10625318286803033
123,6,LEGACY_A,14,0.11430009000014252,2.0,0.75,0.9936305732484076,0.9333333333333333,1.0,0.981004234724743,1.0,0.9999999999999999,142,1,0,14,157,14,8.92,0.29361081258271576,2.7426069728577893e-08,0.9999996919697719,0.09660889827640347
123,7,E_all_ce_noW,15,0.12566188400069223,2.0,0.75,0.9936305732484076,1.0,0.9285714285714286,0.9797393212027359,1.0,0.9999999999999999,143,0,1,13,157,14,8.92,0.27041507465469355,3.1674554903541176e-08,0.999998830941444,0.08316612454690749
123,7,G_all_focal_noW,15,0.11179096999967442,2.0,0.75,0.9936305732484076,1.0,0.9285714285714286,0.9797393212027359,0.999000999000999,0.9910714285714285,143,0,1,13,157,14,8.92,0.2626953805573371,0.0014160592900502008,0.9943641153313545,0.09076441450175697
123,7,LEGACY_A,14,0.116028993999862,2.0,0.75,0.9936305732484076,1.0,0.9285714285714286,0.9797393212027359,1.0,0.9999999999999999,143,0,1,13,157,14,8.92,0.27544066829661884,3.230804490468705e-08,0.9999996193282085,0.08278999467487799
123,8,E_all_ce_noW,15,0.120610693999879,2.0,0.75,0.9808917197452229,1.0,0.7857142857142857,0.9348096885813149,0.9945054945054945,0.9625258799171841,143,0,3,11,157,14,8.92,0.25378563200033954,2.8977779818709908e-08,0.9999989245896549,0.07008866735274327
123,8,G_all_focal_noW,15,0.09498209100001986,2.0,0.75,0.9808917197452229,1.0,0.7857142857142857,0.9348096885813149,0.9925074925074925,0.952014652014652,143,0,3,11,157,14,8.92,0.2396406807431705,0.001335983304022026,0.9941606667081252,0.07674868839539503
123,8,LEGACY_A,14,0.11343748300078005,2.0,0.75,0.9872611464968153,1.0,0.8571428571428571,0.9580662393162394,0.981018981018981,0.9355867346938774,143,0,2,12,157,14,8.92,0.25799791180301285,2.6578376549661377e-08,0.9999995586663344,0.07360205739791666
123,9,E_all_ce_noW,15,0.1258156379999491,2.0,0.75,0.9936305732484076,1.0,0.9285714285714286,0.9797393212027359,1.0,0.9999999999999999,143,0,1,13,157,14,8.92,0.27649438186166747,4.311340541966202e-08,0.9999987117440632,0.08547438016828583
123,9,G_all_focal_noW,15,0.09402975000011793,2.0,0.75,1.0,1.0,1.0,1.0,1.0,0.9999999999999999,143,0,0,14,157,14,8.92,0.26912062259283914,0.003189523828063064,0.9933119756260633,0.0968301109557675
123,9,LEGACY_A,14,0.13610368399986328,2.0,0.75,1.0,1.0,1.0,1.0,1.0,1.0,143,0,0,14,157,14,8.92,0.2813610578929673,2.982715203169826e-08,0.9999996504739097,0.08854880343401213
123,10,E_all_ce_noW,15,0.11586639699999068,2.0,0.75,0.9935897435897436,1.0,0.9230769230769231,0.9782578397212544,0.9994620763851533,0.9945054945054945,143,0,1,12,156,13,8.33,0.2615776498156441,6.871264218882053e-08,0.9999977737410279,0.07532897619367795
123,10,G_all_focal_noW,15,0.12395984999966458,2.0,0.75,0.9871794871794872,1.0,0.8461538461538461,0.9548611111111112,0.9989241527703067,0.9897435897435896,143,0,2,11,156,13,8.33,0.25029455486487373,0.0030312868466263994,0.9924521302870933,0.08291377224446805
123,10,LEGACY_A,14,0.1836971459997585,2.0,0.75,0.9935897435897436,1.0,0.9230769230769231,0.9782578397212544,0.9989241527703067,0.9897435897435898,143,0,1,12,156,13,8.33,0.26270721618407156,6.771797588807202e-08,0.9999996119085629,0.07718800237840966
123,11,E_all_ce_noW,15,0.18165720800061536,2.0,0.75,0.9808917197452229,1.0,0.7857142857142857,0.9348096885813149,0.9280719280719281,0.8807359307359306,143,0,3,11,157,14,8.92,0.25697422826561733,3.6975341744619694e-08,0.999998202601439,0.07293763826242931
123,11,G_all_focal_noW,15,0.15866538699992816,2.0,0.75,0.9808917197452229,1.0,0.7857142857142857,0.9348096885813149,0.8821178821178821,0.871806946234427,143,0,3,11,157,14,8.92,0.2518786003392476,0.0032565422085672853,0.9931546172217296,0.07817439159289905
123,11,LEGACY_A,14,0.17273776500042004,2.0,0.75,0.9808917197452229,1.0,0.7857142857142857,0.9348096885813149,0.8826173826173825,0.8720717128093738,143,0,3,11,157,14,8.92,0.25635185955590983,3.0987374085967596e-08,0.9999995946687905,0.0724764617165042
123,12,E_all_ce_noW,15,0.19563715999993292,2.0,0.75,0.9808917197452229,1.0,0.7857142857142857,0.9348096885813149,0.9925074925074925,0.9560846560846559,143,0,3,11,157,14,8.92,0.2513601884544044,2.927733731990374e-08,0.9999995819477994,0.0691699381353066
123,12,G_all_focal_noW,15,0.15509247299996787,2.0,0.75,0.9808917197452229,1.0,0.7857142857142857,0.9348096885813149,0.9885114885114885,0.9476190476190476,143,0,3,11,157,14,8.92,0.2340654527114975,0.0026379150789796403,0.9928710570377041,0.07682757987842151
123,12,LEGACY_A,14,0.18393612499949086,2.0,0.75,0.9808917197452229,1.0,0.7857142857142857,0.9348096885813149,0.9950049950049951,0.9669476486246671,143,0,3,11,157,14,8.92,0.25088084058568433,2.872693486071339e-08,0.9999996706818818,0.07156966030333438
123,13,E_all_ce_noW,15,0.2128749509993213,2.0,0.75,0.9808917197452229,0.8666666666666667,0.9285714285714286,0.9430127041742287,0.9980019980019981,0.9841269841269841,141,2,1,13,157,14,8.92,0.291194021774818,3.210600768529832e-08,0.9999990547674851,0.09462661263221497
123,13,G_all_focal_noW,15,0.15388937999978225,2.0,0.75,0.9808917197452229,0.8666666666666667,0.9285714285714286,0.9430127041742287,0.998001998001998,0.9841269841269841,141,2,1,13,157,14,8.92,0.2794733053496003,0.00263576525749382,0.9912558191183352,0.10312186655508024
123,13,LEGACY_A,14,0.18982745700031955,2.0,0.75,0.9808917197452229,0.8666666666666667,0.9285714285714286,0.9430127041742287,0.998001998001998,0.9841269841269841,141,2,1,13,157,14,8.92,0.2876565332950418,3.277223155467297e-08,0.9999996042467104,0.09308877321768708
123,14,E_all_ce_noW,15,0.22196492599960038,2.0,0.75,1.0,1.0,1.0,1.0,1.0,0.9999999999999999,143,0,0,14,157,14,8.92,0.28472516197942593,3.9945013327042934e-08,0.9999990707455964,0.09035540753726139
123,14,G_all_focal_noW,15,0.16049275499972282,2.0,0.75,1.0,1.0,1.0,1.0,1.0,0.9999999999999999,143,0,0,14,157,14,8.92,0.2772689135077559,0.0038144079042959416,0.9943964987944763,0.10357228729702073
123,14,LEGACY_A,14,0.1934802870000567,2.0,0.75,0.9936305732484076,0.9333333333333333,1.0,0.981004234724743,1.0,0.9999999999999999,142,1,0,14,157,14,8.92,0.2883008291208114,3.140425383239707e-08,0.9999996920907881,0.09344029300745904
123,15,E_all_ce_noW,15,0.1989450310002212,2.0,0.75,0.9935897435897436,1.0,0.9230769230769231,0.9782578397212544,1.0,1.0,143,0,1,12,156,13,8.33,0.2591900246127212,4.7563686784214516e-08,0.9999990323316608,0.07443628563098732
123,15,G_all_focal_noW,15,0.15041784000004554,2.0,0.75,0.9871794871794872,1.0,0.8461538461538461,0.9548611111111112,1.0,1.0,143,0,2,11,156,13,8.33,0.2521853696321204,0.002653531109686037,0.99281129403501,0.08670116926608704
123,15,LEGACY_A,14,0.19153623900001548,2.0,0.75,0.9935897435897436,1.0,0.9230769230769231,0.9782578397212544,1.0,1.0,143,0,1,12,156,13,8.33,0.2646351387848937,3.5105980312954385e-08,0.9999996640689666,0.07877042120820733
123,16,E_all_ce_noW,15,0.21247497800050041,2.0,0.75,0.9808917197452229,1.0,0.7857142857142857,0.9348096885813149,1.0,0.9999999999999999,143,0,3,11,157,14,8.92,0.2515548867780044,2.736311612757875e-08,0.9999993188741655,0.07004052575649224
123,16,G_all_focal_noW,15,0.14946246100043936,2.0,0.75,0.9808917197452229,1.0,0.7857142857142857,0.9348096885813149,1.0,1.0,143,0,3,11,157,14,8.92,0.24448361223456883,0.001400986300197629,0.9940113487155231,0.0780455801041141
123,16,LEGACY_A,14,0.19993716299995867,2.0,0.75,0.9872611464968153,1.0,0.8571428571428571,0.9580662393162394,1.0,0.9999999999999998,143,0,2,12,157,14,8.92,0.26555976755653066,2.8036848281172934e-08,0.9999997061113033,0.07650092140473276
123,17,E_all_ce_noW,15,0.20904329099994357,2.0,0.75,1.0,1.0,1.0,1.0,1.0,0.9999999999999999,143,0,0,14,157,14,8.92,0.28152857808579873,3.4736057224860515e-08,0.9999987492370114,0.08937139921325297
123,17,G_all_focal_noW,15,0.09450625699992088,2.0,0.75,1.0,1.0,1.0,1.0,1.0,1.0,143,0,0,14,157,14,8.92,0.262353691593077,0.0028766677670588685,0.9940873552864657,0.09854415371451443
123,17,LEGACY_A,14,0.11848750999979529,2.0,0.75,1.0,1.0,1.0,1.0,1.0,0.9999999999999999,143,0,0,14,157,14,8.92,0.2844514955273313,2.992627846591583e-08,0.9999995769279217,0.09153299969626331
123,18,E_all_ce_noW,15,0.12387994400069147,2.0,0.75,0.9936305732484076,0.9333333333333333,1.0,0.981004234724743,1.0,1.0,142,1,0,14,157,14,8.92,0.2935828516183421,4.296054786308969e-08,0.9999984674337208,0.0967895496514359
123,18,G_all_focal_noW,15,0.09953828699963196,2.0,0.75,0.9872611464968153,0.875,1.0,0.9631455399061033,1.0,1.0,141,2,0,14,157,14,8.92,0.2867827643532386,0.0024921880525477676,0.9928310236031347,0.10810151024864442
123,18,LEGACY_A,14,0.11312131700015016,2.0,0.75,0.9936305732484076,0.9333333333333333,1.0,0.981004234724743,0.9999999999999999,1.0,142,1,0,14,157,14,8.92,0.2936582889418164,3.7641324123366765e-08,0.9999995749637235,0.09601222180889318
123,19,E_all_ce_noW,15,0.16881641399959335,2.0,0.75,0.9872611464968153,1.0,0.8571428571428571,0.9580662393162394,0.9990009990009989,0.9910714285714285,143,0,2,12,157,14,8.92,0.26563261618833706,1.0835566548102224e-07,0.9999974617649923,0.07665420302410814
123,19,G_all_focal_noW,15,0.16956626599949232,2.0,0.75,0.9872611464968153,1.0,0.8571428571428571,0.9580662393162394,0.997002997002997,0.9785714285714285,143,0,2,12,157,14,8.92,0.2588574570186069,0.004019989800644954,0.990820726244768,0.09132266662793294
123,19,LEGACY_A,14,0.18450328899962187,2.0,0.75,0.9936305732484076,1.0,0.9285714285714286,0.9797393212027359,0.998001998001998,0.9841269841269842,143,0,1,13,157,14,8.92,0.2677723387805989,7.099268248707893e-08,0.9999996103345044,0.07968333429344003
123,20,E_all_ce_noW,15,0.20249463499931153,2.0,0.75,0.9935897435897436,1.0,0.9230769230769231,0.9782578397212544,0.9903173749327596,0.9553349875930519,143,0,1,12,156,13,8.33,0.26599880980535245,2.8690149845428907e-08,0.999998665736998,0.07696066869948166
123,20,G_all_focal_noW,15,0.14999219500077743,2.0,0.75,0.9935897435897436,1.0,0.9230769230769231,0.9782578397212544,0.984400215169446,0.9468864468864469,143,0,1,12,156,13,8.33,0.25362009669902974,0.00199356025750806,0.9954291186416149,0.0857230814606538
123,20,LEGACY_A,14,0.10813519000021188,2.0,0.75,0.9935897435897436,1.0,0.9230769230769231,0.9782578397212544,0.9876277568585261,0.9508547008547008,143,0,1,12,156,13,8.33,0.26636866871110587,3.047073477482772e-08,0.9999996685796396,0.07702789864005169
123,21,E_all_ce_noW,15,0.12978820100033772,2.0,0.75,1.0,1.0,1.0,1.0,1.0,1.0,143,0,0,14,157,14,8.92,0.2847451955158958,3.3231964523319717e-08,0.9999990569682984,0.08909854938089541
123,21,G_all_focal_noW,15,0.09557217000019591,2.0,0.75,1.0,1.0,1.0,1.0,1.0,0.9999999999999998,143,0,0,14,157,14,8.92,0.2714059383334542,0.002059670005845406,0.992754848763707,0.09431235120555499
123,21,LEGACY_A,14,0.12018928599991341,2.0,0.75,1.0,1.0,1.0,1.0,1.0,0.9999999999999998,143,0,0,14,157,14,8.92,0.2835516742018469,2.9368440108575022e-08,0.9999996374700906,0.08871387271416811
123,22,E_all_ce_noW,15,0.12033851599971968,2.0,0.75,0.9808917197452229,1.0,0.7857142857142857,0.9348096885813149,0.994005994005994,0.9607142857142856,143,0,3,11,157,14,8.92,0.2553136260857485,3.344065548514223e-08,0.9999990448955977,0.07252427434847272
123,22,G_all_focal_noW,15,0.09256292400004895,2.0,0.75,0.9808917197452229,1.0,0.7857142857142857,0.9348096885813149,0.994005994005994,0.9607142857142856,143,0,3,11,157,14,8.92,0.2503196019071231,0.001990614886091125,0.9948312105921526,0.08308951911258054
123,22,LEGACY_A,14,0.10966477200054214,2.0,0.75,0.9808917197452229,1.0,0.7857142857142857,0.9348096885813149,0.9930069930069929,0.9575091575091574,143,0,3,11,157,14,8.92,0.2556273860699498,2.9792918316799585e-08,0.9999995926046684,0.07263704640399213
123,23,E_all_ce_noW,15,0.13482806799947866,2.0,0.75,0.9808917197452229,0.8666666666666667,0.9285714285714286,0.9430127041742287,0.9985014985014985,0.9859693877551019,141,2,1,13,157,14,8.92,0.2826498925659713,2.832949580981569e-08,0.9999994047456084,0.09391103436268564
123,23,G_all_focal_noW,15,0.09635286400043697,2.0,0.75,0.9808917197452229,0.8666666666666667,0.9285714285714286,0.9430127041742287,0.9985014985014985,0.9859693877551019,141,2,1,13,157,14,8.92,0.2720300061661227,0.002376723558274609,0.9947004283505291,0.10517545528008192
123,23,LEGACY_A,14,0.10979599400070583,2.0,0.75,0.9936305732484076,0.9333333333333333,1.0,0.981004234724743,0.9995004995004995,0.995238095238095,142,1,0,14,157,14,8.92,0.29362663382888643,3.5859599267072704e-08,0.9999996276034874,0.09596836516230928
123,24,E_all_ce_noW,15,0.11626609299946722,2.0,0.75,0.9872611464968153,0.9285714285714286,0.9285714285714286,0.9607892107892109,0.9980019980019981,0.9822929171668666,142,1,1,13,157,14,8.92,0.2731387104669597,8.304956920893826e-08,0.9999981624613729,0.08493445779083492
123,24,G_all_focal_noW,15,0.09361224599979323,2.0,0.75,0.9872611464968153,0.9285714285714286,0.9285714285714286,0.9607892107892109,0.9985014985014985,0.9873949579831932,142,1,1,13,157,14,8.92,0.26043777150774056,0.0037527084787251984,0.9924193328168396,0.09716584667108655
123,24,LEGACY_A,14,0.11229043799994542,2.0,0.75,0.9872611464968153,0.9285714285714286,0.9285714285714286,0.9607892107892109,0.997002997002997,0.9785714285714284,142,1,1,13,157,14,8.92,0.27978554569345565,5.548209464592597e-08,0.9999995725754789,0.08739222776695114
123,25,E_all_ce_noW,15,0.1435610460002863,2.0,0.75,0.9871794871794872,1.0,0.8461538461538461,0.9548611111111112,1.0,1.0,143,0,2,11,156,13,8.33,0.2572129313762466,3.118758408342604e-08,0.9999989063854969,0.07417843999252192
123,25,G_all_focal_noW,15,0.09741167499942094,2.0,0.75,0.9935897435897436,1.0,0.9230769230769231,0.9782578397212544,1.0,1.0,143,0,1,12,156,13,8.33,0.25408674771206746,0.002418296925142951,0.9936287721192313,0.08522587716702622
123,25,LEGACY_A,14,0.11387610200017662,2.0,0.75,0.9807692307692307,1.0,0.7692307692307693,0.929592297276967,1.0,1.0,143,0,3,10,156,13,8.33,0.24874749815967795,5.184567559439842e-08,0.999999543782191,0.07082955630129426
456,1,E_all_ce_noW,15,0.1263047890006419,2.0,0.75,0.9872611464968153,1.0,0.8571428571428571,0.9580662393162394,1.0,0.9999999999999998,143,0,2,12,157,14,8.92,0.26615437075187715,3.6334518777406746e-08,0.9999985682795401,0.08056160024879114
456,1,G_all_focal_noW,15,0.09505790799994429,2.0,0.75,0.9872611464968153,1.0,0.8571428571428571,0.9580662393162394,0.9995004995004995,0.995238095238095,143,0,2,12,157,14,8.92,0.2583550973597343,0.002589172815322427,0.9941151594329309,0.08917335896377962
456,1,LEGACY_A,14,0.11427143499986414,2.0,0.75,0.9872611464968153,1.0,0.8571428571428571,0.9580662393162394,1.0,0.9999999999999998,143,0,2,12,157,14,8.92,0.2660463386441769,3.471846801330646e-08,0.9999995416125925,0.0786455224733746
456,2,E_all_ce_noW,15,0.12241763200017886,2.0,0.75,0.9936305732484076,1.0,0.9285714285714286,0.9797393212027359,0.9995004995004995,0.9952380952380953,143,0,1,13,157,14,8.92,0.2707874699203137,6.545590573713308e-08,0.9999993204009578,0.08147630964950041
456,2,G_all_focal_noW,15,0.10882648100050574,2.0,0.75,0.9936305732484076,1.0,0.9285714285714286,0.9797393212027359,0.9980019980019981,0.9841269841269841,143,0,1,13,157,14,8.92,0.2667648486273294,0.004050366159070612,0.9949087869226623,0.094148646607773
456,2,LEGACY_A,14,0.11481366999942111,2.0,0.75,0.9936305732484076,1.0,0.9285714285714286,0.9797393212027359,0.9990009990009989,0.9910714285714286,143,0,1,13,157,14,8.92,0.2755132416515363,3.7130377960211504e-08,0.999999684300779,0.08278959745408704
456,3,E_all_ce_noW,15,0.122243635999439,2.0,0.75,0.9936305732484076,1.0,0.9285714285714286,0.9797393212027359,1.0,0.9999999999999999,143,0,1,13,157,14,8.92,0.2742083864596982,4.7419965476637916e-08,0.999998552840804,0.08591538409307238
456,3,G_all_focal_noW,15,0.09276269199926901,2.0,0.75,0.9936305732484076,1.0,0.9285714285714286,0.9797393212027359,1.0,0.9999999999999999,143,0,1,13,157,14,8.92,0.26534499262735656,0.002930585066471889,0.9926885130071809,0.09811459608671994
456,3,LEGACY_A,14,0.11591733000022941,2.0,0.75,0.9936305732484076,1.0,0.9285714285714286,0.9797393212027359,0.9995004995004995,0.9952380952380951,143,0,1,13,157,14,8.92,0.2691479331570254,2.8282390279131323e-08,0.9999996534002795,0.08139055408280367
456,4,E_all_ce_noW,15,0.12173014699965279,2.0,0.75,1.0,1.0,1.0,1.0,1.0,0.9999999999999999,143,0,0,14,157,14,8.92,0.2844370213743735,3.0953768104781555e-08,0.9999989826121337,0.08963036156531924
456,4,G_all_focal_noW,15,0.09329744099977688,2.0,0.75,1.0,1.0,1.0,1.0,1.0,1.0,143,0,0,14,157,14,8.92,0.2762850622968123,0.002508994563815888,0.9927656662871271,0.10315073925234955
456,4,LEGACY_A,14,0.1284898499998235,2.0,0.75,1.0,1.0,1.0,1.0,1.0,0.9999999999999999,143,0,0,14,157,14,8.92,0.28433565466834376,4.074933380141212e-08,0.9999995833252766,0.08941590474003398
456,5,E_all_ce_noW,15,0.11990327999956207,2.0,0.75,0.9807692307692307,1.0,0.7692307692307693,0.929592297276967,0.9784830554061323,0.9128371628371628,143,0,3,10,156,13,8.33,0.24477666928239425,3.383141271015816e-08,0.9999993426238978,0.06433030033442831
456,5,G_all_focal_noW,15,0.09119930399992882,2.0,0.75,0.9807692307692307,1.0,0.7692307692307693,0.929592297276967,0.9677245831091985,0.8785164835164836,143,0,3,10,156,13,8.33,0.23841734285787533,0.00294296921708597,0.994909920900862,0.08003256572609499
456,5,LEGACY_A,14,0.10659796900017682,2.0,0.75,0.9871794871794872,1.0,0.8461538461538461,0.9548611111111112,0.9402904787520172,0.9159567705022249,143,0,2,11,156,13,8.33,0.25721107664370985,4.253853722022688e-08,0.9999995712058951,0.07414517873261636
456,6,E_all_ce_noW,15,0.12251831199955632,2.0,0.75,1.0,1.0,1.0,1.0,1.0,1.0,143,0,0,14,157,14,8.92,0.28483900066218704,3.318783941781479e-08,0.9999989924182278,0.08958196519972483
456,6,G_all_focal_noW,15,0.09359444300025643,2.0,0.75,1.0,1.0,1.0,1.0,1.0,0.9999999999999998,143,0,0,14,157,14,8.92,0.27457476652866186,0.0026965588650075248,0.9927015960187775,0.10020849422302464
456,6,LEGACY_A,14,0.12129972000002454,2.0,0.75,1.0,1.0,1.0,1.0,1.0,0.9999999999999999,143,0,0,14,157,14,8.92,0.2849376708994084,3.145025635102963e-08,0.9999995554994614,0.08933546966494946
456,7,E_all_ce_noW,15,0.11112900999978592,2.0,0.75,0.9808917197452229,1.0,0.7857142857142857,0.9348096885813149,0.9790209790209791,0.9258780435251022,143,0,3,11,157,14,8.92,0.2517382430395176,6.435119217989719e-08,0.9999976692332578,0.07207778864436681
456,7,G_all_focal_noW,15,0.09540597999966849,2.0,0.75,0.9872611464968153,1.0,0.8571428571428571,0.9580662393162394,0.983016983016983,0.9344919786096255,143,0,2,12,157,14,8.92,0.24769792942544497,0.0025635741731741516,0.9930340057438661,0.0885501933089084
456,7,LEGACY_A,14,0.10452423000060662,2.0,0.75,0.9681528662420382,0.8461538461538461,0.7857142857142857,0.8986966060136792,0.969030969030969,0.9151785714285714,141,2,3,11,157,14,8.92,0.2657398055045115,4.511033246966921e-08,0.9999995666963689,0.0797101487906032
456,8,E_all_ce_noW,15,0.11872804300037387,2.0,0.75,0.9808917197452229,0.9230769230769231,0.8571428571428571,0.9392179636082074,0.9965034965034965,0.970606461207965,142,1,2,12,157,14,8.92,0.2605260909615837,7.272431997040145e-08,0.9999993592833454,0.08021542251057885
456,8,G_all_focal_noW,15,0.09244582300016191,2.0,0.75,0.9808917197452229,0.9230769230769231,0.8571428571428571,0.9392179636082074,0.997002997002997,0.9708460307199802,142,1,2,12,157,14,8.92,0.25157556027563416,0.0045471040950447635,0.993768810220447,0.09060358102603402
456,8,LEGACY_A,14,0.10662106000017957,2.0,0.75,0.9745222929936306,0.9166666666666666,0.7857142857142857,0.9161324786324787,0.9925074925074925,0.9445578231292516,142,1,3,11,157,14,8.92,0.2586906054341332,8.014791885307783e-08,0.9999994374501735,0.07606791422603996
456,9,E_all_ce_noW,15,0.1439323800004786,2.0,0.75,1.0,1.0,1.0,1.0,1.0,0.9999999999999998,143,0,0,14,157,14,8.92,0.28280365567678695,3.4734990865991526e-08,0.9999987327509189,0.0893745505330492
456,9,G_all_focal_noW,15,0.09836754499974631,2.0,0.75,1.0,1.0,1.0,1.0,1.0,0.9999999999999998,143,0,0,14,157,14,8.92,0.27527282483208565,0.0026476252139365605,0.9942163819892927,0.09675499764804375
456,9,LEGACY_A,14,0.11313315000006696,2.0,0.75,1.0,1.0,1.0,1.0,1.0,0.9999999999999998,143,0,0,14,157,14,8.92,0.28452570219702716,3.128804745968298e-08,0.9999995134127594,0.09003231645959345
456,10,E_all_ce_noW,15,0.12615030500001012,2.0,0.75,0.9935897435897436,1.0,0.9230769230769231,0.9782578397212544,1.0,0.9999999999999998,143,0,1,12,156,13,8.33,0.2663645216457233,3.481807815424413e-08,0.9999994698527432,0.07847536338466941
456,10,G_all_focal_noW,15,0.0985173199997007,2.0,0.75,0.9935897435897436,0.9285714285714286,1.0,0.9797270955165691,0.9994620763851533,0.9945054945054943,142,1,0,13,156,13,8.33,0.2655337833478943,0.00241652095148027,0.9944856534438352,0.09234203325208092
456,10,LEGACY_A,14,0.11710599300022295,2.0,0.75,1.0,1.0,1.0,1.0,1.0,0.9999999999999998,143,0,0,13,156,13,8.33,0.2707515620711191,2.873872938491455e-08,0.9999996805872396,0.08131698491394634
456,11,E_all_ce_noW,15,0.13624441800038767,2.0,0.75,0.9936305732484076,1.0,0.9285714285714286,0.9797393212027359,0.9875124875124875,0.9542124542124542,143,0,1,13,157,14,8.92,0.26910803172352593,3.159860686690881e-08,0.9999990252063494,0.08078199747687131
456,11,G_all_focal_noW,15,0.09342664900032105,2.0,0.75,0.9872611464968153,1.0,0.8571428571428571,0.9580662393162394,0.9915084915084915,0.9608294930875575,143,0,2,12,157,14,8.92,0.261928569745572,0.0016788216968809827,0.9928001330330632,0.08987528382116494
456,11,LEGACY_A,14,0.1079182329995092,2.0,0.75,0.9936305732484076,1.0,0.9285714285714286,0.9797393212027359,0.979020979020979,0.9464285714285714,143,0,1,13,157,14,8.92,0.26946582451563944,6.521327224548668e-08,0.9999995142223002,0.0827417989695271
456,12,E_all_ce_noW,15,0.12104538799940201,2.0,0.75,0.9681528662420382,0.8461538461538461,0.7857142857142857,0.8986966060136792,0.9930069930069929,0.9425736961451245,141,2,3,11,157,14,8.92,0.26184454906598714,4.227361577187276e-08,0.9999989358225132,0.08096587835042156
456,12,G_all_focal_noW,15,0.10290813599931425,2.0,0.75,0.9808917197452229,0.9230769230769231,0.8571428571428571,0.9392179636082074,0.9930069930069929,0.9472099458512501,142,1,2,12,157,14,8.92,0.24926408055296734,0.0028269603848301212,0.9932868351133495,0.08871174140552729
456,12,LEGACY_A,14,0.1970546070006094,2.0,0.75,0.9681528662420382,0.9090909090909091,0.7142857142857143,0.8913494809688581,0.9885114885114885,0.9198242233956518,142,1,4,10,157,14,8.92,0.25054665400224174,3.257163664156322e-08,0.9999994868691333,0.0706321234952643
456,13,E_all_ce_noW,15,0.21651697299967054,2.0,0.75,0.9872611464968153,1.0,0.8571428571428571,0.9580662393162394,0.9995004995004995,0.9952380952380951,143,0,2,12,157,14,8.92,0.2673498085566053,3.1527456402792285e-08,0.9999983318179211,0.07952439274024535
456,13,G_all_focal_noW,15,0.14947520199984865,2.0,0.75,0.9872611464968153,0.9285714285714286,0.9285714285714286,0.9607892107892109,0.999000999000999,0.9910714285714285,142,1,1,13,157,14,8.92,0.26208400261680803,0.0026318057366471093,0.9927357395941858,0.09184373809970835
456,13,LEGACY_A,14,0.19547272599993448,2.0,0.75,0.9936305732484076,1.0,0.9285714285714286,0.9797393212027359,0.9990009990009989,0.9910714285714285,143,0,1,13,157,14,8.92,0.26768845681088216,3.139315331025434e-08,0.9999996426575912,0.07966169286047209
456,14,E_all_ce_noW,15,0.19361820999984047,2.0,0.75,0.9745222929936306,0.8571428571428571,0.8571428571428571,0.9215784215784215,0.9965034965034965,0.970734126984127,141,2,2,12,157,14,8.92,0.27743003033426905,5.147186031156146e-08,0.9999993332663533,0.0860646552329223
456,14,G_all_focal_noW,15,0.1545108539994544,2.0,0.75,0.9745222929936306,0.8571428571428571,0.8571428571428571,0.9215784215784215,0.9955044955044955,0.9643962848297212,141,2,2,12,157,14,8.92,0.2740141806279006,0.0036206751658832623,0.9954174809749604,0.10081560842944388
456,14,LEGACY_A,14,0.18222875900028157,2.0,0.75,0.9808917197452229,0.9230769230769231,0.8571428571428571,0.9392179636082074,0.9980019980019981,0.9815476190476189,142,1,2,12,157,14,8.92,0.275417153352838,3.8072434525859095e-08,0.9999996752469227,0.0834327617379918
456,15,E_all_ce_noW,15,0.1914925740002218,2.0,0.75,0.9935897435897436,1.0,0.9230769230769231,0.9782578397212544,0.9973103819257666,0.9786324786324787,143,0,1,12,156,13,8.33,0.26632320274137383,7.929497191141927e-08,0.9999992977615317,0.07782230601411735
456,15,G_all_focal_noW,15,0.1477505859993471,2.0,0.75,0.9935897435897436,1.0,0.9230769230769231,0.9782578397212544,0.9962345346960731,0.9730769230769232,143,0,1,12,156,13,8.33,0.2593105318597236,0.0033175077644788556,0.9933896823931724,0.0916800261897074
456,15,LEGACY_A,14,0.1862599850001061,2.0,0.75,0.9935897435897436,1.0,0.9230769230769231,0.9782578397212544,0.9962345346960731,0.973076923076923,143,0,1,12,156,13,8.33,0.26644394369224284,4.0788147765258466e-08,0.9999996350863282,0.077011731143769
456,16,E_all_ce_noW,15,0.22579360300005646,2.0,0.75,0.9872611464968153,1.0,0.8571428571428571,0.9580662393162394,0.9845154845154845,0.928387571244714,143,0,2,12,157,14,8.92,0.2656294709170915,3.808357487977611e-08,0.9999990119867804,0.07657215944526001
456,16,G_all_focal_noW,15,0.14954135399966617,2.0,0.75,0.9872611464968153,1.0,0.8571428571428571,0.9580662393162394,0.9730269730269729,0.9246031746031744,143,0,2,12,157,14,8.92,0.25925926449741343,0.0021458825911893006,0.9952711435681221,0.08740639887054241
456,16,LEGACY_A,14,0.1796059240004979,2.0,0.75,0.9872611464968153,1.0,0.8571428571428571,0.9580662393162394,0.9765234765234765,0.9220899470899471,143,0,2,12,157,14,8.92,0.26554717034589864,3.331917303084805e-08,0.9999996646013424,0.07832900006051881
456,17,E_all_ce_noW,15,0.19833971700063557,2.0,0.75,1.0,1.0,1.0,1.0,1.0,0.9999999999999999,143,0,0,14,157,14,8.92,0.28631721129292653,3.139215615525419e-08,0.9999989190506784,0.09203597411003603
456,17,G_all_focal_noW,15,0.15037359300004027,2.0,0.75,0.9936305732484076,0.9333333333333333,1.0,0.981004234724743,1.0,1.0,142,1,0,14,157,14,8.92,0.2794246126860241,0.0025201416472112504,0.9934846533751497,0.10018496453740094
456,17,LEGACY_A,14,0.18888039799912804,2.0,0.75,0.9936305732484076,0.9333333333333333,1.0,0.981004234724743,1.0,0.9999999999999999,142,1,0,14,157,14,8.92,0.2892317832976479,3.0056411436668106e-08,0.999999557578198,0.09383886591035703
456,18,E_all_ce_noW,15,0.19817941699966468,2.0,0.75,0.9936305732484076,0.9333333333333333,1.0,0.981004234724743,0.9990009990009991,0.9901360544217687,142,1,0,14,157,14,8.92,0.2939715830566267,4.5805802545489195e-08,0.9999984562283801,0.09868645374537956
456,18,G_all_focal_noW,15,0.1536322090005342,2.0,0.75,0.9872611464968153,0.875,1.0,0.9631455399061033,0.9985014985014985,0.9846415489272632,141,2,0,14,157,14,8.92,0.27559968928444045,0.0034000954537574475,0.9904188950040006,0.10782391720820378
456,18,LEGACY_A,14,0.19946061600057874,2.0,0.75,0.9872611464968153,0.9285714285714286,0.9285714285714286,0.9607892107892109,0.999000999000999,0.9901360544217687,142,1,1,13,157,14,8.92,0.2835885013529519,2.9289395971280172e-08,0.9999995669175682,0.0908571433533344
456,19,E_all_ce_noW,15,0.1982259639999029,2.0,0.75,0.9808917197452229,1.0,0.7857142857142857,0.9348096885813149,0.9985014985014985,0.9873949579831932,143,0,3,11,157,14,8.92,0.2551186054912491,9.490602967580366e-08,0.9999992882877262,0.07400931966167316
456,19,G_all_focal_noW,15,0.09491400000024441,2.0,0.75,0.9872611464968153,1.0,0.8571428571428571,0.9580662393162394,0.9985014985014985,0.9873949579831933,143,0,2,12,157,14,8.92,0.2547363347637552,0.003636504628566561,0.9942205522662281,0.0892376563128527
456,19,LEGACY_A,14,0.10950525499993091,2.0,0.75,0.9936305732484076,1.0,0.9285714285714286,0.9797393212027359,0.998001998001998,0.9841269841269842,143,0,1,13,157,14,8.92,0.2708930556965801,7.191756940081851e-08,0.9999996656227109,0.08126111018423668
456,20,E_all_ce_noW,15,0.1257773110000926,2.0,0.75,0.9935897435897436,1.0,0.9230769230769231,0.9782578397212544,1.0,1.0,143,0,1,12,156,13,8.33,0.2652763722134398,3.790495467759457e-08,0.9999983703456655,0.07727120680219116
456,20,G_all_focal_noW,15,0.09720733700032724,2.0,0.75,0.9935897435897436,1.0,0.9230769230769231,0.9782578397212544,0.9989241527703067,0.9897435897435896,143,0,1,12,156,13,8.33,0.2576826798647577,0.0034207323448117583,0.9955126593643284,0.08908455950409809
456,20,LEGACY_A,14,0.11817035300009593,2.0,0.75,1.0,1.0,1.0,1.0,1.0,0.9999999999999998,143,0,0,13,156,13,8.33,0.2754944898039195,3.038258428847377e-08,0.9999995225004461,0.08309781555772208
456,21,E_all_ce_noW,15,0.13748079800006963,2.0,0.75,0.9745222929936306,0.9166666666666666,0.7857142857142857,0.9161324786324787,0.9975024975024975,0.9721956614813757,142,1,3,11,157,14,8.92,0.26552286351249493,5.8584082053363105e-08,0.9999993609314438,0.07706884939482975
456,21,G_all_focal_noW,15,0.09249986500071827,2.0,0.75,0.9808917197452229,0.9230769230769231,0.8571428571428571,0.9392179636082074,0.9960039960039959,0.9610845503702645,142,1,2,12,157,14,8.92,0.2578016119056507,0.0029975573817452054,0.9945416260323615,0.09129338283716225
456,21,LEGACY_A,14,0.11037670499990782,2.0,0.75,0.9745222929936306,0.9166666666666666,0.7857142857142857,0.9161324786324787,0.9970029970029969,0.973530437816152,142,1,3,11,157,14,8.92,0.2668701175485815,4.937625791570052e-08,0.9999996624965406,0.07955585909132493
456,22,E_all_ce_noW,15,0.12604618099976506,2.0,0.75,1.0,1.0,1.0,1.0,1.0,1.0,143,0,0,14,157,14,8.92,0.284918773998069,3.399224865333098e-08,0.9999988974308525,0.08941408961996136
456,22,G_all_focal_noW,15,0.10047608999957447,2.0,0.75,1.0,1.0,1.0,1.0,1.0,1.0,143,0,0,14,157,14,8.92,0.28009725220412607,0.002708059584190438,0.9933599336164963,0.10185008120315978
456,22,LEGACY_A,14,0.11400881999998091,2.0,0.75,1.0,1.0,1.0,1.0,1.0,1.0,143,0,0,14,157,14,8.92,0.28496270082135766,3.657603940309557e-08,0.9999995392883765,0.08926715029070327
456,23,E_all_ce_noW,15,0.14334084500023891,2.0,0.75,0.9617834394904459,0.7857142857142857,0.7857142857142857,0.8823676323676324,0.994005994005994,0.9494631185807656,140,3,3,11,157,14,8.92,0.28494598800215976,2.7078570851037185e-08,0.9999995140119194,0.09456942974094315
456,23,G_all_focal_noW,15,0.09360649100017326,2.0,0.75,0.9681528662420382,0.8,0.8571428571428571,0.9050211736237144,0.9950049950049951,0.9564484126984127,140,3,2,12,157,14,8.92,0.26982995399629883,0.00176152847393789,0.993881370206015,0.100246732812818
456,23,LEGACY_A,14,0.1099699549995421,2.0,0.75,0.9745222929936306,0.8125,0.9285714285714286,0.9262910798122066,0.9955044955044955,0.9605300453514738,140,3,1,13,157,14,8.92,0.2945734796450059,3.2837832650640654e-08,0.9999996000630785,0.09917726820033435
456,24,E_all_ce_noW,15,0.1251986739998756,2.0,0.75,1.0,1.0,1.0,1.0,1.0,1.0,143,0,0,14,157,14,8.92,0.2849023955735611,3.667921599638791e-08,0.9999992907269378,0.08952322815371527
456,24,G_all_focal_noW,15,0.09872537499995815,2.0,0.75,1.0,1.0,1.0,1.0,1.0,1.0,143,0,0,14,157,14,8.92,0.2789162418457886,0.003177643848663815,0.9941253408347589,0.1006582207030841
456,24,LEGACY_A,14,0.11649876800038328,2.0,0.75,1.0,1.0,1.0,1.0,1.0,1.0,143,0,0,14,157,14,8.92,0.2848726116894851,3.447869822609649e-08,0.9999996727227781,0.08974115040696984
456,25,E_all_ce_noW,15,0.12150815600034548,2.0,0.75,0.9935897435897436,1.0,0.9230769230769231,0.9782578397212544,0.991393222162453,0.9575596816976126,143,0,1,12,156,13,8.33,0.25075114863984094,2.9132373481920784e-08,0.9999987925483609,0.07353847292328991
456,25,G_all_focal_noW,15,0.11313795800015214,2.0,0.75,0.9935897435897436,1.0,0.9230769230769231,0.9782578397212544,0.993006993006993,0.9615384615384615,143,0,1,12,156,13,8.33,0.2462541477676364,0.0024363595712123395,0.9926176724061224,0.08428976131451228
456,25,LEGACY_A,14,0.10479562599994097,2.0,0.75,0.9807692307692307,0.9166666666666666,0.8461538461538461,0.9347735191637631,0.9903173749327596,0.9452322655240426,142,1,2,11,156,13,8.33,0.25391982201287416,4.562372494097904e-08,0.9999995374609664,0.07522771972334748
789,1,E_all_ce_noW,15,0.12714391099962086,2.0,0.75,1.0,1.0,1.0,1.0,1.0,1.0,143,0,0,14,157,14,8.92,0.2798245292507219,3.769554443411997e-08,0.9999990692488528,0.08757892712283794
789,1,G_all_focal_noW,15,0.09594229499998619,2.0,0.75,1.0,1.0,1.0,1.0,1.0,0.9999999999999999,143,0,0,14,157,14,8.92,0.2720990163046177,0.0037535493280203397,0.9937121941875696,0.10109837803792018
789,1,LEGACY_A,14,0.119698831000278,2.0,0.75,1.0,1.0,1.0,1.0,1.0,0.9999999999999999,143,0,0,14,157,14,8.92,0.2846687860469844,3.3893779928470425e-08,0.9999996145718453,0.0902999673709819
789,2,E_all_ce_noW,15,0.11956619000011415,2.0,0.75,0.9872611464968153,0.9285714285714286,0.9285714285714286,0.9607892107892109,0.997002997002997,0.9761009667024703,142,1,1,13,157,14,8.92,0.27903943287492194,7.373059605925736e-08,0.9999985206665734,0.0873143921410343
789,2,G_all_focal_noW,15,0.09511687500071275,2.0,0.75,0.9936305732484076,1.0,0.9285714285714286,0.9797393212027359,0.997002997002997,0.9785714285714284,143,0,1,13,157,14,8.92,0.24856204699449858,0.0028643767700136766,0.9938095724812631,0.0914795274623011
789,2,LEGACY_A,14,0.13366658899940376,2.0,0.75,0.9872611464968153,0.9285714285714286,0.9285714285714286,0.9607892107892109,0.998001998001998,0.9841269841269841,142,1,1,13,157,14,8.92,0.27957460586308425,4.090781347729552e-08,0.9999996076854423,0.08778226254982512
789,3,E_all_ce_noW,15,0.1255640700001095,2.0,0.75,0.9936305732484076,1.0,0.9285714285714286,0.9797393212027359,0.999000999000999,0.9910714285714285,143,0,1,13,157,14,8.92,0.276483551611184,3.561426562951849e-08,0.9999991928845431,0.08723940036526606
789,3,G_all_focal_noW,15,0.09937088799961202,2.0,0.75,0.9872611464968153,0.9285714285714286,0.9285714285714286,0.9607892107892109,0.9995004995004994,0.9952380952380953,142,1,1,13,157,14,8.92,0.2699519164303523,0.003124601890935964,0.9941970280314776,0.10044128721307098
789,3,LEGACY_A,14,0.11778775699986,2.0,0.75,0.9936305732484076,0.9333333333333333,1.0,0.981004234724743,1.0,1.0,142,1,0,14,157,14,8.92,0.28998900218600965,3.017911392415245e-08,0.9999996875275313,0.09457106160762649
789,4,E_all_ce_noW,15,0.12138547800077504,2.0,0.75,0.9872611464968153,0.9285714285714286,0.9285714285714286,0.9607892107892109,0.9835164835164835,0.9498480243161094,142,1,1,13,157,14,8.92,0.2813869299055,2.7641973882398927e-08,0.9999983642524342,0.08797977031046958
789,4,G_all_focal_noW,15,0.09369642199999362,2.0,0.75,0.9872611464968153,0.9285714285714286,0.9285714285714286,0.9607892107892109,0.98001998001998,0.9423373122834039,142,1,1,13,157,14,8.92,0.26875889625563104,0.002184381256827668,0.9936173593080369,0.09217253409158173
789,4,LEGACY_A,14,0.12637490799988882,2.0,0.75,0.9872611464968153,0.9285714285714286,0.9285714285714286,0.9607892107892109,0.9775224775224776,0.9455205811138014,142,1,1,13,157,14,8.92,0.2733773709316252,2.9394309331510412e-08,0.9999995859543978,0.08473462145075877
789,5,E_all_ce_noW,15,0.12545684999986406,2.0,0.75,0.9871794871794872,1.0,0.8461538461538461,0.9548611111111112,0.9989241527703067,0.9897435897435898,143,0,2,11,156,13,8.33,0.24840964397503476,2.878516683110876e-08,0.9999981702960349,0.07021664488563024
789,5,G_all_focal_noW,15,0.09917850399961026,2.0,0.75,0.9871794871794872,1.0,0.8461538461538461,0.9548611111111112,0.9983862291554599,0.9855769230769229,143,0,2,11,156,13,8.33,0.24788784572375408,0.001303519649683094,0.992581519601035,0.0841669861687516
789,5,LEGACY_A,14,0.1193685309999637,2.0,0.75,0.9871794871794872,1.0,0.8461538461538461,0.9548611111111112,0.9994620763851533,0.9945054945054943,143,0,2,11,156,13,8.33,0.2501686316387747,3.046553138849154e-08,0.9999996356545711,0.06894287287776753
789,6,E_all_ce_noW,15,0.11984089899942774,2.0,0.75,0.9872611464968153,1.0,0.8571428571428571,0.9580662393162394,0.986013986013986,0.947859631657541,143,0,2,12,157,14,8.92,0.2643450164453462,7.945607836108219e-08,0.9999990076563896,0.07609999622164368
789,6,G_all_focal_noW,15,0.09312969300026452,2.0,0.75,0.9872611464968153,1.0,0.8571428571428571,0.9580662393162394,0.966033966033966,0.9217171717171717,143,0,2,12,157,14,8.92,0.2523770809190373,0.0051765098508402465,0.9921074427630941,0.08596174365938272
789,6,LEGACY_A,14,0.11212525399969309,2.0,0.75,0.9872611464968153,1.0,0.8571428571428571,0.9580662393162394,0.9775224775224776,0.9407107670654469,143,0,2,12,157,14,8.92,0.26512874627847033,3.5905907453552544e-08,0.9999995464717996,0.0763040966368738
789,7,E_all_ce_noW,15,0.12499059600031615,2.0,0.75,1.0,1.0,1.0,1.0,1.0,0.9999999999999999,143,0,0,14,157,14,8.92,0.27938031971703,3.6045784996641215e-08,0.9999987480702018,0.08719958140062016
789,7,G_all_focal_noW,15,0.09413593099998252,2.0,0.75,1.0,1.0,1.0,1.0,1.0,1.0,143,0,0,14,157,14,8.92,0.2726174821314831,0.002577022690167267,0.9917721745577079,0.09632727220486233
789,7,LEGACY_A,14,0.12291644600009022,2.0,0.75,1.0,1.0,1.0,1.0,1.0,0.9999999999999999,143,0,0,14,157,14,8.92,0.28609181368867426,3.250768704455516e-08,0.9999996600614568,0.0919018043899696
789,8,E_all_ce_noW,15,0.12438430800011702,2.0,0.75,0.9872611464968153,1.0,0.8571428571428571,0.9580662393162394,0.998001998001998,0.984126984126984,143,0,2,12,157,14,8.92,0.26608756338061246,2.9027481512917076e-08,0.9999991711289606,0.0802469356083405
789,8,G_all_focal_noW,15,0.09305159900031867,2.0,0.75,0.9872611464968153,1.0,0.8571428571428571,0.9580662393162394,0.9945054945054945,0.9685714285714285,143,0,2,12,157,14,8.92,0.2599021119066928,0.0027386661222759665,0.9935314608259886,0.09276917054301924
789,8,LEGACY_A,14,0.11498459300037212,2.0,0.75,0.9936305732484076,1.0,0.9285714285714286,0.9797393212027359,1.0,0.9999999999999998,143,0,1,13,157,14,8.92,0.27065790899012304,2.578244832941542e-08,0.99999967996645,0.08154340198334943
789,9,E_all_ce_noW,15,0.13030228200022975,2.0,0.75,1.0,1.0,1.0,1.0,1.0,0.9999999999999998,143,0,0,14,157,14,8.92,0.28329065826099553,3.9611980849222876e-08,0.9999984974654764,0.08990943787382201
789,9,G_all_focal_noW,15,0.09291096000015386,2.0,0.75,0.9936305732484076,0.9333333333333333,1.0,0.981004234724743,1.0,0.9999999999999998,142,1,0,14,157,14,8.92,0.27604069188613206,0.0038209965431097023,0.9935471265151938,0.10167813742081402
789,9,LEGACY_A,14,0.11060389700014639,2.0,0.75,1.0,1.0,1.0,1.0,1.0,0.9999999999999998,143,0,0,14,157,14,8.92,0.2818860482738707,4.709899926819149e-08,0.9999994871957097,0.08953826788885892
789,10,E_all_ce_noW,15,0.12663753000015276,2.0,0.75,0.9743589743589743,0.8461538461538461,0.8461538461538461,0.916083916083916,0.9967724583109199,0.9669202592279513,141,2,2,11,156,13,8.33,0.2690164145470543,3.351551479372741e-08,0.9999991051103042,0.08412919188636978
789,10,G_all_focal_noW,15,0.09533096900031524,2.0,0.75,0.967948717948718,0.8333333333333334,0.7692307692307693,0.8912891986062719,0.9967724583109199,0.9669202592279516,141,2,3,10,156,13,8.33,0.25582054424114825,0.001981274844223175,0.993515422136965,0.09252958052527849
789,10,LEGACY_A,14,0.11485073899984855,2.0,0.75,0.9743589743589743,0.9090909090909091,0.7692307692307693,0.9097222222222223,0.9983862291554599,0.9821780783319245,142,1,3,10,156,13,8.33,0.25542785225041936,3.01744432522608e-08,0.9999995650394733,0.07352597255401945
789,11,E_all_ce_noW,15,0.11945569800082012,2.0,0.75,0.9745222929936306,1.0,0.7142857142857143,0.9097701149425288,0.9145854145854145,0.8398539013425743,143,0,4,10,157,14,8.92,0.24412306684707807,7.062427518688811e-08,0.9999988906676802,0.06576515857712598
789,11,G_all_focal_noW,15,0.0858363580000514,2.0,0.75,0.9808917197452229,1.0,0.7857142857142857,0.9348096885813149,0.9315684315684316,0.851485413985414,143,0,3,11,157,14,8.92,0.23889870464873145,0.0049655818016475966,0.9911606178895177,0.07697243687240518
789,11,LEGACY_A,14,0.0993327109999882,2.0,0.75,0.9745222929936306,0.9166666666666666,0.7857142857142857,0.9161324786324787,0.932067932067932,0.8394750032487421,142,1,3,11,157,14,8.92,0.2620177241294655,3.486046321568434e-08,0.999999596238444,0.07549467973810133
789,12,E_all_ce_noW,15,0.12859358599962434,2.0,0.75,0.9936305732484076,0.9333333333333333,1.0,0.981004234724743,0.999000999000999,0.9901360544217687,142,1,0,14,157,14,8.92,0.2853262591719549,2.9781488808665826e-08,0.9999991330225617,0.09222043812481741
789,12,G_all_focal_noW,15,0.09552971799985244,2.0,0.75,0.9872611464968153,0.9285714285714286,0.9285714285714286,0.9607892107892109,0.9990009990009989,0.9901360544217687,142,1,1,13,157,14,8.92,0.26823184410495376,0.0019498541127671138,0.9925556500332813,0.09767857137588999
789,12,LEGACY_A,14,0.11546331499994267,2.0,0.75,0.9936305732484076,0.9333333333333333,1.0,0.981004234724743,1.0,1.0,142,1,0,14,157,14,8.92,0.2838971223908095,3.0939186151833114e-08,0.999999578215665,0.0919223365578776
789,13,E_all_ce_noW,15,0.12693182800012437,2.0,0.75,0.9936305732484076,1.0,0.9285714285714286,0.9797393212027359,1.0,0.9999999999999999,143,0,1,13,157,14,8.92,0.27565844774978715,3.463026369483435e-08,0.9999989684231437,0.08460930829960639
789,13,G_all_focal_noW,15,0.1165640480003276,2.0,0.75,0.9936305732484076,1.0,0.9285714285714286,0.9797393212027359,0.9990009990009989,0.9910714285714286,143,0,1,13,157,14,8.92,0.2660958259618687,0.003099256147600562,0.993484118189343,0.09678314266916539
789,13,LEGACY_A,14,0.1131844910005384,2.0,0.75,1.0,1.0,1.0,1.0,1.0,0.9999999999999999,143,0,0,14,157,14,8.92,0.286584207634958,3.2490389965526434e-08,0.9999996713534799,0.09282396538112082
789,14,E_all_ce_noW,15,0.13401579699984723,2.0,0.75,0.9872611464968153,1.0,0.8571428571428571,0.9580662393162394,0.9995004995004995,0.995238095238095,143,0,2,12,157,14,8.92,0.2655697268039703,3.1219925824904976e-08,0.9999979545962626,0.07703465050099366
789,14,G_all_focal_noW,15,0.09453604000009364,2.0,0.75,0.9936305732484076,1.0,0.9285714285714286,0.9797393212027359,1.0,0.9999999999999998,143,0,1,13,157,14,8.92,0.26152915057414744,0.0020320574700286964,0.9926995370997183,0.08824605040143559
789,14,LEGACY_A,14,0.12084807700011879,2.0,0.75,0.9872611464968153,1.0,0.8571428571428571,0.9580662393162394,0.9995004995004995,0.995238095238095,143,0,2,12,157,14,8.92,0.2668041014013288,2.865156468645125e-08,0.9999996895036141,0.07919899225980408
789,15,E_all_ce_noW,15,0.19329841999933706,2.0,0.75,1.0,1.0,1.0,1.0,1.0,0.9999999999999998,143,0,0,13,156,13,8.33,0.27627404444855536,3.642028792216495e-08,0.9999985010261309,0.0838373622809723
789,15,G_all_focal_noW,15,0.17902005699943402,2.0,0.75,0.9935897435897436,0.9285714285714286,1.0,0.9797270955165691,1.0,0.9999999999999999,142,1,0,13,156,13,8.33,0.2708617143117507,0.0028783268415177123,0.9920637545182847,0.09798260822019057
789,15,LEGACY_A,14,0.1989019209995604,2.0,0.75,1.0,1.0,1.0,1.0,1.0,1.0,143,0,0,13,156,13,8.33,0.2763405961115023,2.920065492108823e-08,0.9999996346587476,0.08347809357159239
789,16,E_all_ce_noW,15,0.1988947330000883,2.0,0.75,0.9872611464968153,1.0,0.8571428571428571,0.9580662393162394,0.999000999000999,0.9910714285714285,143,0,2,12,157,14,8.92,0.2590437374713642,4.349493166205642e-08,0.999997770925435,0.07560524219427317
789,16,G_all_focal_noW,15,0.1501370060004774,2.0,0.75,0.9808917197452229,1.0,0.7857142857142857,0.9348096885813149,0.9995004995004996,0.9952380952380953,143,0,3,11,157,14,8.92,0.24864008167782503,0.002897454595926653,0.9893971713003611,0.08576178886826684
789,16,LEGACY_A,14,0.1835343920001833,2.0,0.75,0.9745222929936306,1.0,0.7142857142857143,0.9097701149425288,0.9995004995004994,0.9952380952380953,143,0,4,10,157,14,8.92,0.24665356956592124,7.096725646883915e-08,0.9999994979121808,0.06977277064676365
789,17,E_all_ce_noW,15,0.2084891249996872,2.0,0.75,0.9936305732484076,1.0,0.9285714285714286,0.9797393212027359,1.0,1.0,143,0,1,13,157,14,8.92,0.26820274931678084,2.812206179065592e-08,0.9999986935275611,0.08148171681722148
789,17,G_all_focal_noW,15,0.15826106300028187,2.0,0.75,0.9872611464968153,1.0,0.8571428571428571,0.9580662393162394,0.9990009990009989,0.9901360544217687,143,0,2,12,157,14,8.92,0.26001713361564344,0.0012731141876753515,0.9945126833847102,0.08524316666168644
789,17,LEGACY_A,14,0.1957300469994152,2.0,0.75,0.9936305732484076,1.0,0.9285714285714286,0.9797393212027359,1.0,0.9999999999999999,143,0,1,13,157,14,8.92,0.27548004738598786,2.6686421869641653e-08,0.9999993800895938,0.08282623822165246
789,18,E_all_ce_noW,15,0.2166105599999355,2.0,0.75,0.9936305732484076,0.9333333333333333,1.0,0.981004234724743,1.0,1.0,142,1,0,14,157,14,8.92,0.29353641510248246,3.382257031369537e-08,0.9999989617967892,0.09550015705612046
789,18,G_all_focal_noW,15,0.1692977789998622,2.0,0.75,0.9936305732484076,0.9333333333333333,1.0,0.981004234724743,0.9999999999999999,1.0,142,1,0,14,157,14,8.92,0.28180498501208856,0.003014999404161849,0.9948489726250334,0.10296951606562592
789,18,LEGACY_A,14,0.19395341000017652,2.0,0.75,0.9936305732484076,0.9333333333333333,1.0,0.981004234724743,0.9999999999999999,1.0,142,1,0,14,157,14,8.92,0.2935604165964873,2.993640828396793e-08,0.9999996363048712,0.09544198028530533
789,19,E_all_ce_noW,15,0.18975986999976158,2.0,0.75,0.9872611464968153,1.0,0.8571428571428571,0.9580662393162394,0.99000999000999,0.9450980392156862,143,0,2,12,157,14,8.92,0.26552365653848536,7.444908860003308e-08,0.9999987459395888,0.07653977525121677
789,19,G_all_focal_noW,15,0.14134887699947285,2.0,0.75,0.9872611464968153,1.0,0.8571428571428571,0.9580662393162394,0.9545454545454546,0.916116047694995,143,0,2,12,157,14,8.92,0.25602744542383604,0.004996328750774794,0.9914900340463887,0.08661743504398187
789,19,LEGACY_A,14,0.19315519199972186,2.0,0.75,0.9872611464968153,1.0,0.8571428571428571,0.9580662393162394,0.9485514485514486,0.9206142634044767,143,0,2,12,157,14,8.92,0.26562252365603284,4.612057751178407e-08,0.9999995883571429,0.07652546816229167
789,20,E_all_ce_noW,15,0.20054181599971344,2.0,0.75,0.9935897435897436,1.0,0.9230769230769231,0.9782578397212544,0.9983862291554599,0.9855769230769229,143,0,1,12,156,13,8.33,0.2663066323911603,3.416270392623e-08,0.9999995608447066,0.07756517879335277
789,20,G_all_focal_noW,15,0.16897246300050028,2.0,0.75,0.9871794871794872,0.9230769230769231,0.9230769230769231,0.9580419580419581,0.9978483055406132,0.9819004524886876,142,1,1,12,156,13,8.33,0.26214504928521926,0.0026407142388774935,0.9955342175424589,0.09482702352621154
789,20,LEGACY_A,14,0.18876053399981174,2.0,0.75,0.9935897435897436,1.0,0.9230769230769231,0.9782578397212544,0.9983862291554599,0.9855769230769229,143,0,1,12,156,13,8.33,0.2680419983446978,2.835106232293596e-08,0.9999997402399652,0.08066028266243645
789,21,E_all_ce_noW,15,0.2149903039999117,2.0,0.75,0.9936305732484076,1.0,0.9285714285714286,0.9797393212027359,0.9855144855144855,0.9518272425249168,143,0,1,13,157,14,8.92,0.27537943083105304,3.130837712099147e-08,0.9999988880257499,0.08340192862192328
789,21,G_all_focal_noW,15,0.1681206849998489,2.0,0.75,0.9936305732484076,1.0,0.9285714285714286,0.9797393212027359,0.9805194805194806,0.9474393530997303,143,0,1,13,157,14,8.92,0.267389737058235,0.0029135996812161232,0.9931501280559153,0.09052976299028902
789,21,LEGACY_A,14,0.17379477099984797,2.0,0.75,0.9936305732484076,1.0,0.9285714285714286,0.9797393212027359,0.9815184815184815,0.9481792717086834,143,0,1,13,157,14,8.92,0.2754444838957137,3.101561461732043e-08,0.9999995407750248,0.08385718470440429
789,22,E_all_ce_noW,15,0.1108897590002016,2.0,0.75,0.9808917197452229,0.9230769230769231,0.8571428571428571,0.9392179636082074,0.9085914085914086,0.8788765724249595,142,1,2,12,157,14,8.92,0.2679404783447293,3.5498413850641513e-08,0.9999994048041664,0.07978645192535787
789,22,G_all_focal_noW,15,0.0881835209993369,2.0,0.75,0.9808917197452229,0.9230769230769231,0.8571428571428571,0.9392179636082074,0.8771228771228771,0.8714637194407561,142,1,2,12,157,14,8.92,0.2637491971422609,0.0029860903422871637,0.9953825856771543,0.0856592732861543
789,22,LEGACY_A,14,0.11015563900036796,2.0,0.75,0.9872611464968153,1.0,0.8571428571428571,0.9580662393162394,0.8621378621378621,0.8698699259923748,143,0,2,12,157,14,8.92,0.2655385728846281,2.9999827124846395e-08,0.9999996228867832,0.07708498561840499
789,23,E_all_ce_noW,15,0.1361004979999052,2.0,0.75,1.0,1.0,1.0,1.0,1.0,0.9999999999999999,143,0,0,14,157,14,8.92,0.28475552210839283,4.605949584963856e-08,0.9999988776098289,0.09078500638654034
789,23,G_all_focal_noW,15,0.0937778529996649,2.0,0.75,1.0,1.0,1.0,1.0,1.0,1.0,143,0,0,14,157,14,8.92,0.2779954563543598,0.0029030463990857265,0.9925445667119491,0.10670229849831175
789,23,LEGACY_A,14,0.11397305199989205,2.0,0.75,1.0,1.0,1.0,1.0,1.0,1.0,143,0,0,14,157,14,8.92,0.2855436415689772,3.1038534261939024e-08,0.9999995214373675,0.09524806303614634
789,24,E_all_ce_noW,15,0.12349170899960882,2.0,0.75,0.9681528662420382,1.0,0.6428571428571429,0.8827132825339907,0.999000999000999,0.9910714285714285,143,0,5,9,157,14,8.92,0.23469583907691288,3.615190438960579e-08,0.9999971101105468,0.06251391561711035
789,24,G_all_focal_noW,15,0.09414954600015335,2.0,0.75,0.9745222929936306,1.0,0.7142857142857143,0.9097701149425288,0.9985014985014985,0.9859693877551019,143,0,4,10,157,14,8.92,0.22293260734836035,0.002477014964010331,0.9911281709085356,0.07366962619037169
789,24,LEGACY_A,14,0.11435818299923994,2.0,0.75,0.9808917197452229,1.0,0.7857142857142857,0.9348096885813149,1.0,0.9999999999999999,143,0,3,11,157,14,8.92,0.24370105259603145,3.0584924649180246e-08,0.999999436557169,0.06720697634408063
789,25,E_all_ce_noW,15,0.12082654499954515,2.0,0.75,0.9807692307692307,0.8571428571428571,0.9230769230769231,0.9391812865497076,0.9989241527703066,0.9897435897435896,141,2,1,12,156,13,8.33,0.28024976008772035,3.817556737164923e-08,0.9999990892677392,0.08803831065508061
789,25,G_all_focal_noW,15,0.10914710000088235,2.0,0.75,0.9807692307692307,0.8571428571428571,0.9230769230769231,0.9391812865497076,0.9978483055406133,0.9819004524886876,141,2,1,12,156,13,8.33,0.2724078753536324,0.002803992250047848,0.993901962949557,0.0986137454565182
789,25,LEGACY_A,14,0.11281102400062082,2.0,0.75,0.9807692307692307,0.8571428571428571,0.9230769230769231,0.9391812865497076,0.9989241527703067,0.9897435897435896,141,2,1,12,156,13,8.33,0.2841634990660319,2.8097194028353964e-08,0.9999996632376275,0.08933324440601306
1024,1,E_all_ce_noW,15,0.1261018340001101,2.0,0.75,1.0,1.0,1.0,1.0,1.0,0.9999999999999999,143,0,0,14,157,14,8.92,0.2849142738264956,3.145852312445079e-08,0.9999991909724418,0.0891623953659807
1024,1,G_all_focal_noW,15,0.09196600199993554,2.0,0.75,1.0,1.0,1.0,1.0,1.0,1.0,143,0,0,14,157,14,8.92,0.27634384709908755,0.0028581217812944466,0.9938635182405984,0.0988238115810879
1024,1,LEGACY_A,14,0.1148734489997878,2.0,0.75,1.0,1.0,1.0,1.0,0.9999999999999999,1.0,143,0,0,14,157,14,8.92,0.28496373540593484,3.2492488097100205e-08,0.9999996527391142,0.08920414093202846
1024,2,E_all_ce_noW,15,0.1079777879995163,2.0,0.75,0.9872611464968153,1.0,0.8571428571428571,0.9580662393162394,0.904095904095904,0.8758530787516294,143,0,2,12,157,14,8.92,0.26553252760305973,3.981069697874461e-08,0.9999990343499435,0.07722704098559643
1024,2,G_all_focal_noW,15,0.10329357000046002,2.0,0.75,0.9872611464968153,1.0,0.8571428571428571,0.9580662393162394,0.8801198801198801,0.8715973003374576,143,0,2,12,157,14,8.92,0.26242613407022564,0.0024985493856427123,0.9949159455863842,0.08586266898200952
1024,2,LEGACY_A,14,0.104334149999886,2.0,0.75,0.9872611464968153,1.0,0.8571428571428571,0.9580662393162394,0.8646353646353645,0.8700847763347762,143,0,2,12,157,14,8.92,0.2656059851715362,3.6940304168660945e-08,0.9999996435450658,0.07674968479591421
1024,3,E_all_ce_noW,15,0.12438405499960936,2.0,0.75,1.0,1.0,1.0,1.0,1.0,1.0,143,0,0,14,157,14,8.92,0.2840675320068572,3.8598217050004615e-08,0.9999988834837645,0.08900477078420155
1024,3,G_all_focal_noW,15,0.09410136400038027,2.0,0.75,1.0,1.0,1.0,1.0,1.0,1.0,143,0,0,14,157,14,8.92,0.2728422156445372,0.0027763657337443915,0.9931480897424525,0.09704198191796272
1024,3,LEGACY_A,14,0.11286069099969609,2.0,0.75,0.9936305732484076,1.0,0.9285714285714286,0.9797393212027359,0.9999999999999999,1.0,143,0,1,13,157,14,8.92,0.27559502950342735,3.116662158298269e-08,0.9999995571212635,0.08445246526661289
1024,4,E_all_ce_noW,15,0.1269816340000034,2.0,0.75,0.9808917197452229,0.9230769230769231,0.8571428571428571,0.9392179636082074,0.985014985014985,0.9467252017085903,142,1,2,12,157,14,8.92,0.275803992311507,4.74222201283897e-08,0.9999984771667696,0.08582660820836728
1024,4,G_all_focal_noW,15,0.0948854680000295,2.0,0.75,0.9872611464968153,0.9285714285714286,0.9285714285714286,0.9607892107892109,0.9825174825174825,0.9392514780052772,142,1,1,13,157,14,8.92,0.2658967300147813,0.00428423123878087,0.9923066736062348,0.099517663899674
1024,4,LEGACY_A,14,0.12381151400040835,2.0,0.75,0.9808917197452229,0.8666666666666667,0.9285714285714286,0.9430127041742287,0.9660339660339661,0.9358150667674476,141,2,1,13,157,14,8.92,0.28426287185553734,4.219320099321341e-08,0.9999995205981105,0.09221790748891279
1024,5,E_all_ce_noW,15,0.12203319999935047,2.0,0.75,0.9807692307692307,0.9166666666666666,0.8461538461538461,0.9347735191637631,0.9983862291554599,0.9838264299802759,142,1,2,11,156,13,8.33,0.24967674817287885,4.4859812008023896e-08,0.9999988229084844,0.07467262841623469
1024,5,G_all_focal_noW,15,0.09152666999943904,2.0,0.75,0.9871794871794872,1.0,0.8461538461538461,0.9548611111111112,0.9983862291554599,0.9838264299802759,143,0,2,11,156,13,8.33,0.23959773104234294,0.002279623956590628,0.9945089956198054,0.079766705983165
1024,5,LEGACY_A,14,0.1110590130001583,2.0,0.75,0.9807692307692307,0.9166666666666666,0.8461538461538461,0.9347735191637631,0.9978483055406132,0.9787545787545786,142,1,2,11,156,13,8.33,0.25279821793558094,5.2328807086875385e-08,0.999999498254244,0.07425561396239642
1024,6,E_all_ce_noW,15,0.13092175099973247,2.0,0.75,0.9936305732484076,1.0,0.9285714285714286,0.9797393212027359,1.0,0.9999999999999998,143,0,1,13,157,14,8.92,0.26843556527290735,2.712274343985664e-08,0.9999991951121855,0.08076699433742478
1024,6,G_all_focal_noW,15,0.093262985000365,2.0,0.75,1.0,1.0,1.0,1.0,1.0,0.9999999999999999,143,0,0,14,157,14,8.92,0.261139985583458,0.0028264981367978146,0.9932797781070164,0.08989910742042846
1024,6,LEGACY_A,14,0.11691215100017871,2.0,0.75,0.9936305732484076,1.0,0.9285714285714286,0.9797393212027359,1.0,0.9999999999999998,143,0,1,13,157,14,8.92,0.2735224675699801,2.6285372175692718e-08,0.9999996580897236,0.08371826829854268
1024,7,E_all_ce_noW,15,0.12026647199945728,2.0,0.75,0.9936305732484076,1.0,0.9285714285714286,0.9797393212027359,0.999000999000999,0.9910714285714285,143,0,1,13,157,14,8.92,0.27556863839665574,4.50615119592328e-08,0.9999989652102405,0.0828415012629779
1024,7,G_all_focal_noW,15,0.09220993799954158,2.0,0.75,0.9936305732484076,1.0,0.9285714285714286,0.9797393212027359,0.999000999000999,0.9910714285714286,143,0,1,13,157,14,8.92,0.26852743916299265,0.0029290818913238763,0.9928731585912272,0.09459478390895328
1024,7,LEGACY_A,14,0.11031195900068269,2.0,0.75,0.9936305732484076,1.0,0.9285714285714286,0.9797393212027359,0.9985014985014985,0.9873949579831931,143,0,1,13,157,14,8.92,0.27554380225867803,5.534229830031963e-08,0.9999996734509615,0.08294285477586197
1024,8,E_all_ce_noW,15,0.1261570849992495,2.0,0.75,0.9936305732484076,1.0,0.9285714285714286,0.9797393212027359,0.9885114885114885,0.9555984555984556,143,0,1,13,157,14,8.92,0.2753203690448503,2.905189704163037e-08,0.9999986191632395,0.0831856288391168
1024,8,G_all_focal_noW,15,0.09322791400063579,2.0,0.75,0.9936305732484076,1.0,0.9285714285714286,0.9797393212027359,0.9920079920079921,0.9619047619047618,143,0,1,13,157,14,8.92,0.26781074128855664,0.0017178357715338657,0.9940660057226395,0.09116829723550056
1024,8,LEGACY_A,14,0.11167681400002039,2.0,0.75,0.9936305732484076,1.0,0.9285714285714286,0.9797393212027359,0.9905094905094904,0.9588744588744587,143,0,1,13,157,14,8.92,0.2753212905946674,2.9637403550766563e-08,0.9999996906171829,0.0828336138813954
1024,9,E_all_ce_noW,15,0.1336280670002452,2.0,0.75,0.9808917197452229,0.8666666666666667,0.9285714285714286,0.9430127041742287,0.998001998001998,0.984126984126984,141,2,1,13,157,14,8.92,0.2862576513624311,4.868460175353302e-08,0.9999988754942608,0.09343462730321146
1024,9,G_all_focal_noW,15,0.09166727899992111,2.0,0.75,0.9808917197452229,0.8666666666666667,0.9285714285714286,0.9430127041742287,0.9985014985014985,0.9873949579831931,141,2,1,13,157,14,8.92,0.27178242937293423,0.0028638348636118045,0.9919502674032977,0.1001439435809542
1024,9,LEGACY_A,14,0.11014707699996507,2.0,0.75,0.9872611464968153,0.9285714285714286,0.9285714285714286,0.9607892107892109,0.998001998001998,0.984126984126984,142,1,1,13,157,14,8.92,0.2801032003726861,4.14475954936653e-08,0.9999994703926076,0.08846285614997766
1024,10,E_all_ce_noW,15,0.12598960299965256,2.0,0.75,0.9807692307692307,0.9166666666666666,0.8461538461538461,0.9347735191637631,0.9978483055406132,0.9787545787545787,142,1,2,11,156,13,8.33,0.25924837837097847,2.8959263285670903e-08,0.9999988025817576,0.07850761371647302
1024,10,G_all_focal_noW,15,0.10354039699996065,2.0,0.75,0.9743589743589743,0.8461538461538461,0.8461538461538461,0.916083916083916,0.9967724583109199,0.9709114414996767,141,2,2,11,156,13,8.33,0.25732102740041624,0.002256441696123266,0.9943366314557526,0.09704963253981287
1024,10,LEGACY_A,14,0.11393219999990833,2.0,0.75,0.9807692307692307,0.8571428571428571,0.9230769230769231,0.9391812865497076,0.9978483055406132,0.9819004524886876,141,2,1,12,156,13,8.33,0.27500714373768365,3.630804997904788e-08,0.9999996647900355,0.0867533568212424
1024,11,E_all_ce_noW,15,0.14422166900021693,2.0,0.75,1.0,1.0,1.0,1.0,1.0,0.9999999999999998,143,0,0,14,157,14,8.92,0.28432245451858174,3.1416357471998475e-08,0.9999990053572999,0.08896643360862869
1024,11,G_all_focal_noW,15,0.09637647500039748,2.0,0.75,1.0,1.0,1.0,1.0,1.0,0.9999999999999998,143,0,0,14,157,14,8.92,0.2747031724511011,0.0030555736293621334,0.9946793097820927,0.09686318596276831
1024,11,LEGACY_A,14,0.11204699100017024,2.0,0.75,1.0,1.0,1.0,1.0,1.0,0.9999999999999998,143,0,0,14,157,14,8.92,0.279562185883511,4.2422583547499775e-08,0.9999994896621971,0.0871365112598429
1024,12,E_all_ce_noW,15,0.11229893300060212,2.0,0.75,0.9808917197452229,1.0,0.7857142857142857,0.9348096885813149,0.987012987012987,0.9308235624025097,143,0,3,11,157,14,8.92,0.2561823392316975,9.073179587851251e-08,0.9999987498395221,0.07687504418682226
1024,12,G_all_focal_noW,15,0.09708084799967764,2.0,0.75,0.9808917197452229,0.9230769230769231,0.8571428571428571,0.9392179636082074,0.9730269730269729,0.9133771929824561,142,1,2,12,157,14,8.92,0.2483997909325818,0.0052599956313665415,0.9913441037389533,0.09008685344882252
1024,12,LEGACY_A,14,0.10010037800020655,2.0,0.75,0.9681528662420382,0.8461538461538461,0.7857142857142857,0.8986966060136792,0.9855144855144856,0.9243823845327603,141,2,3,11,157,14,8.92,0.2739651277157811,1.4731342387290106e-07,0.9999994590295527,0.08253306809056783
1024,13,E_all_ce_noW,15,0.12209766900014074,2.0,0.75,0.9872611464968153,1.0,0.8571428571428571,0.9580662393162394,0.999000999000999,0.9901360544217687,143,0,2,12,157,14,8.92,0.25852415679648705,2.990044953715972e-08,0.9999992725430854,0.07597428646061744
1024,13,G_all_focal_noW,15,0.11195884300013859,2.0,0.75,0.9872611464968153,1.0,0.8571428571428571,0.9580662393162394,0.9995004995004996,0.9952380952380951,143,0,2,12,157,14,8.92,0.25912726842743933,0.0030170888775572285,0.99277628665835,0.09288563080842493
1024,13,LEGACY_A,14,0.11630318700008502,2.0,0.75,0.9936305732484076,1.0,0.9285714285714286,0.9797393212027359,1.0,0.9999999999999999,143,0,1,13,157,14,8.92,0.2750818240973012,2.6594329631384333e-08,0.9999996836574406,0.08282019656141548
1024,14,E_all_ce_noW,15,0.12525821100007306,2.0,0.75,1.0,1.0,1.0,1.0,1.0,0.9999999999999999,143,0,0,14,157,14,8.92,0.2818656374970199,3.624476767146214e-08,0.999998724690682,0.0881111312192918
1024,14,G_all_focal_noW,15,0.09587577300044359,2.0,0.75,1.0,1.0,1.0,1.0,1.0,1.0,143,0,0,14,157,14,8.92,0.2743876373086975,0.00230789191993148,0.9924185751956341,0.09394564980165018
1024,14,LEGACY_A,14,0.1208760359995722,2.0,0.75,1.0,1.0,1.0,1.0,1.0,1.0,143,0,0,14,157,14,8.92,0.28443305272131664,3.1209153831596577e-08,0.9999996165121788,0.0889966449953586
1024,15,E_all_ce_noW,15,0.11844806999943103,2.0,0.75,0.9807692307692307,0.8571428571428571,0.9230769230769231,0.9391812865497076,0.9973103819257665,0.9786324786324785,141,2,1,12,156,13,8.33,0.2854245093373358,3.7035798871769264e-08,0.9999989884139678,0.09010994595055195
1024,15,G_all_focal_noW,15,0.09421834299973852,2.0,0.75,0.9807692307692307,0.8571428571428571,0.9230769230769231,0.9391812865497076,0.9956966110812264,0.9671597633136093,141,2,1,12,156,13,8.33,0.2755279180973291,0.002951837765430224,0.9931614337517428,0.10478860777443104
1024,15,LEGACY_A,14,0.13078556499931437,2.0,0.75,0.9871794871794872,0.9230769230769231,0.9230769230769231,0.9580419580419581,0.9994620763851533,0.9945054945054943,142,1,1,12,156,13,8.33,0.27656022256922547,3.4386857295446375e-08,0.9999996769981521,0.08841775831351907
1024,16,E_all_ce_noW,15,0.12158997300048213,2.0,0.75,0.9936305732484076,0.9333333333333333,1.0,0.981004234724743,1.0,0.9999999999999999,142,1,0,14,157,14,8.92,0.28762506956284173,3.742214627360926e-08,0.9999990561060849,0.09309935629850662
1024,16,G_all_focal_noW,15,0.09381459699943662,2.0,0.75,0.9936305732484076,0.9333333333333333,1.0,0.981004234724743,1.0,1.0,142,1,0,14,157,14,8.92,0.27442947663616085,0.003627006152485599,0.9927597085313239,0.09796097134557158
1024,16,LEGACY_A,14,0.12034030900031212,2.0,0.75,0.9936305732484076,0.9333333333333333,1.0,0.981004234724743,1.0,0.9999999999999998,142,1,0,14,157,14,8.92,0.29006346859886895,2.986565318272307e-08,0.9999996375961816,0.09414076748538094
1024,17,E_all_ce_noW,15,0.11800759100060532,2.0,0.75,0.9808917197452229,0.9230769230769231,0.8571428571428571,0.9392179636082074,0.9980019980019981,0.981547619047619,142,1,2,12,157,14,8.92,0.2725034204294887,6.646215758685221e-08,0.9999987027348882,0.08244976747958199
1024,17,G_all_focal_noW,15,0.09162540600027569,2.0,0.75,0.9808917197452229,0.9230769230769231,0.8571428571428571,0.9392179636082074,0.998001998001998,0.9815476190476189,142,1,2,12,157,14,8.92,0.2648321720931657,0.0030265127594604115,0.9946280022416953,0.09315059742143833
1024,17,LEGACY_A,14,0.11198123900067003,2.0,0.75,0.9872611464968153,1.0,0.8571428571428571,0.9580662393162394,0.9980019980019981,0.9815476190476189,143,0,2,12,157,14,8.92,0.2655958313922167,5.247555064862272e-08,0.9999996593948887,0.07730922662485346
1024,18,E_all_ce_noW,15,0.20682407599997532,2.0,0.75,1.0,1.0,1.0,1.0,1.0,0.9999999999999999,143,0,0,14,157,14,8.92,0.2860225337681501,4.9870567899098714e-08,0.9999989269706676,0.09193434729426278
1024,18,G_all_focal_noW,15,0.16193436899993685,2.0,0.75,1.0,1.0,1.0,1.0,1.0,1.0,143,0,0,14,157,14,8.92,0.2757210197855566,0.0029399954254892306,0.9925194941286842,0.1028097105769413
1024,18,LEGACY_A,14,0.19111204500040913,2.0,0.75,1.0,1.0,1.0,1.0,1.0,0.9999999999999999,143,0,0,14,157,14,8.92,0.2848352287224659,3.082714652983145e-08,0.999999607050673,0.0896715366826372
1024,19,E_all_ce_noW,15,0.2070464610005729,2.0,0.75,0.9936305732484076,1.0,0.9285714285714286,0.9797393212027359,0.9925074925074925,0.9630541871921182,143,0,1,13,157,14,8.92,0.27507190604820764,2.7631675173456874e-08,0.9999979565172129,0.08270678697967934
1024,19,G_all_focal_noW,15,0.14543934199991781,2.0,0.75,0.9936305732484076,1.0,0.9285714285714286,0.9797393212027359,0.9805194805194806,0.9474393530997305,143,0,1,13,157,14,8.92,0.26433860060716335,0.0019582981849538654,0.9925768827721279,0.08800168696184861
1024,19,LEGACY_A,14,0.17362769999999728,2.0,0.75,0.9936305732484076,1.0,0.9285714285714286,0.9797393212027359,0.9725274725274725,0.9430641821946169,143,0,1,13,157,14,8.92,0.2689028446761563,4.001723231702747e-08,0.9999995969289811,0.08058647096460328
1024,20,E_all_ce_noW,15,0.210041115000422,2.0,0.75,0.9807692307692307,1.0,0.7692307692307693,0.929592297276967,0.994620763851533,0.9514135437212359,143,0,3,10,156,13,8.33,0.24489027050648943,2.75203007066205e-08,0.9999989350550008,0.06696003454289168
1024,20,G_all_focal_noW,15,0.1620761610001864,2.0,0.75,0.967948717948718,0.8333333333333334,0.7692307692307693,0.8912891986062719,0.9924690693921463,0.9388278388278388,141,2,3,10,156,13,8.33,0.24498827657601657,0.0015719302275082276,0.9945119657912711,0.0824265273678717
1024,20,LEGACY_A,14,0.19880696500058548,2.0,0.75,0.9807692307692307,0.9166666666666666,0.8461538461538461,0.9347735191637631,0.9967724583109199,0.9701923076923076,142,1,2,11,156,13,8.33,0.2538246058140331,3.0824382111214004e-08,0.9999996414633867,0.07352347081274216
1024,21,E_all_ce_noW,15,0.21690665599999193,2.0,0.75,0.9872611464968153,0.9285714285714286,0.9285714285714286,0.9607892107892109,0.9995004995004995,0.9952380952380953,142,1,1,13,157,14,8.92,0.27352746876414064,3.160239783801627e-08,0.9999990503415271,0.08760867166217333
1024,21,G_all_focal_noW,15,0.15527489699979924,2.0,0.75,0.9936305732484076,1.0,0.9285714285714286,0.9797393212027359,0.9995004995004995,0.995238095238095,143,0,1,13,157,14,8.92,0.2637454053740582,0.002043463194637041,0.9945588354171306,0.09268119564413228
1024,21,LEGACY_A,14,0.19475815599980706,2.0,0.75,0.9872611464968153,0.9285714285714286,0.9285714285714286,0.9607892107892109,0.999000999000999,0.9910714285714284,142,1,1,13,157,14,8.92,0.27977196474795835,2.9517825443635227e-08,0.9999996135139341,0.08882878012384618
1024,22,E_all_ce_noW,15,0.2072081789992808,2.0,0.75,0.9872611464968153,1.0,0.8571428571428571,0.9580662393162394,0.994005994005994,0.9670329670329669,143,0,2,12,157,14,8.92,0.26538840411413545,3.405019424821818e-08,0.9999992984815108,0.0765883573021094
1024,22,G_all_focal_noW,15,0.14871456000037142,2.0,0.75,0.9872611464968153,1.0,0.8571428571428571,0.9580662393162394,0.9900099900099899,0.9537724180581322,143,0,2,12,157,14,8.92,0.2555672246809234,0.002981800094862925,0.9943443983356892,0.08670801771058277
1024,22,LEGACY_A,14,0.17903607800053578,2.0,0.75,0.9936305732484076,1.0,0.9285714285714286,0.9797393212027359,0.99000999000999,0.9579831932773109,143,0,1,13,157,14,8.92,0.275482919385708,3.0786645390081104e-08,0.9999996216476127,0.0830423860858722
1024,23,E_all_ce_noW,15,0.2009544439997626,2.0,0.75,0.9808917197452229,1.0,0.7857142857142857,0.9348096885813149,0.9995004995004995,0.9952380952380951,143,0,3,11,157,14,8.92,0.25509506702185886,5.18243191224774e-08,0.9999980096021865,0.07252398313799188
1024,23,G_all_focal_noW,15,0.1502310830001079,2.0,0.75,0.9808917197452229,1.0,0.7857142857142857,0.9348096885813149,0.998001998001998,0.9822929171668666,143,0,3,11,157,14,8.92,0.24853738806831852,0.0034906973759143067,0.9904952990176641,0.08820116687070967
1024,23,LEGACY_A,14,0.1901118010000573,2.0,0.75,0.9745222929936306,0.9166666666666666,0.7857142857142857,0.9161324786324787,0.998001998001998,0.9804748822605964,142,1,3,11,157,14,8.92,0.25991934612309797,4.1118508944909405e-08,0.9999995571802733,0.0791085191377502
1024,24,E_all_ce_noW,15,0.20865152500027762,2.0,0.75,0.9872611464968153,0.875,1.0,0.9631455399061033,0.9995004995004995,0.9952380952380953,141,2,0,14,157,14,8.92,0.28729207774697496,3.9675463776132877e-08,0.9999994266964438,0.09561617411695786
1024,24,G_all_focal_noW,15,0.15415097499953845,2.0,0.75,0.9872611464968153,0.875,1.0,0.9631455399061033,0.999000999000999,0.9910714285714286,141,2,0,14,157,14,8.92,0.2812937978977186,0.0026007918293450604,0.9937232327010975,0.10720108786989846
1024,24,LEGACY_A,14,0.11544559200046933,2.0,0.75,0.9936305732484076,0.9333333333333333,1.0,0.981004234724743,0.9995004995004995,0.9952380952380953,142,1,0,14,157,14,8.92,0.2870532354384823,2.7371309688837745e-08,0.9999996597294464,0.0928751683996275
1024,25,E_all_ce_noW,15,0.11614385100074287,2.0,0.75,0.9935897435897436,1.0,0.9230769230769231,0.9782578397212544,0.9983862291554599,0.9855769230769231,143,0,1,12,156,13,8.33,0.26672697130883266,1.0412737925621135e-07,0.9999991953269614,0.07867792319551321
1024,25,G_all_focal_noW,15,0.11497033999967243,2.0,0.75,0.9871794871794872,0.9230769230769231,0.9230769230769231,0.9580419580419581,0.9989241527703067,0.9897435897435896,142,1,1,12,156,13,8.33,0.25815024289107164,0.003381126887656951,0.9916051669486743,0.09136306711901482
1024,25,LEGACY_A,14,0.11202951099949132,2.0,0.75,0.9935897435897436,1.0,0.9230769230769231,0.9782578397212544,0.9983862291554599,0.9855769230769231,143,0,1,12,156,13,8.33,0.2635788622520003,7.536046768931125e-08,0.9999995636835001,0.07608912701421489
2048,1,E_all_ce_noW,15,0.1244456190006531,2.0,0.75,0.9936305732484076,1.0,0.9285714285714286,0.9797393212027359,1.0,0.9999999999999999,143,0,1,13,157,14,8.92,0.2756881813686507,3.3990533623500294e-08,0.9999990416247392,0.08582563496568012
2048,1,G_all_focal_noW,15,0.09339228599947091,2.0,0.75,0.9936305732484076,1.0,0.9285714285714286,0.9797393212027359,0.9990009990009989,0.9910714285714286,143,0,1,13,157,14,8.92,0.27042757768931186,0.0023716783072290485,0.992205008027578,0.09756342744166786
2048,1,LEGACY_A,14,0.11576491999949212,2.0,0.75,1.0,1.0,1.0,1.0,1.0,0.9999999999999999,143,0,0,14,157,14,8.92,0.2845478290559384,2.771834010743888e-08,0.999999625193816,0.09013732012263052
2048,2,E_all_ce_noW,15,0.12308684499930678,2.0,0.75,0.9808917197452229,1.0,0.7857142857142857,0.9348096885813149,0.994005994005994,0.9670329670329669,143,0,3,11,157,14,8.92,0.25608198875844196,3.4219378946905045e-08,0.9999991161210501,0.07448984174342445
2048,2,G_all_focal_noW,15,0.09636322099959216,2.0,0.75,0.9808917197452229,1.0,0.7857142857142857,0.9348096885813149,0.9950049950049951,0.9702380952380951,143,0,3,11,157,14,8.92,0.2520079292750576,0.0023976520134460144,0.993607855815475,0.08791592259780999
2048,2,LEGACY_A,14,0.12362522599960357,2.0,0.75,0.9872611464968153,1.0,0.8571428571428571,0.9580662393162394,0.9905094905094904,0.9588744588744589,143,0,2,12,157,14,8.92,0.257350891945995,3.5246445988548095e-08,0.9999995486341732,0.0737263871731054
2048,3,E_all_ce_noW,15,0.12004109299959964,2.0,0.75,0.9808917197452229,0.9230769230769231,0.8571428571428571,0.9392179636082074,0.9980019980019981,0.9815476190476189,142,1,2,12,157,14,8.92,0.2750508783503355,5.949524282341563e-08,0.9999987675306314,0.0840920312293133
2048,3,G_all_focal_noW,15,0.09364610300053755,2.0,0.75,0.9872611464968153,0.9285714285714286,0.9285714285714286,0.9607892107892109,0.9985014985014985,0.9859693877551019,142,1,1,13,157,14,8.92,0.26674410181442826,0.0031529034077249045,0.9914763533284062,0.0991439135148575
2048,3,LEGACY_A,14,0.11159276200032764,2.0,0.75,0.9808917197452229,0.9230769230769231,0.8571428571428571,0.9392179636082074,0.999000999000999,0.9901360544217686,142,1,2,12,157,14,8.92,0.2686716403284341,4.9676569477979144e-08,0.9999995890482732,0.08265541961243761
2048,4,E_all_ce_noW,15,0.12392958400050702,2.0,0.75,0.9936305732484076,0.9333333333333333,1.0,0.981004234724743,0.9995004995004995,0.995238095238095,142,1,0,14,157,14,8.92,0.2858685902394499,3.563509540448756e-08,0.9999990969492242,0.09255398854000835
2048,4,G_all_focal_noW,15,0.09267792199989344,2.0,0.75,0.9936305732484076,0.9333333333333333,1.0,0.981004234724743,1.0,0.9999999999999999,142,1,0,14,157,14,8.92,0.2701922079160753,0.003496929374468288,0.9931941033144361,0.10124329675759032
2048,4,LEGACY_A,14,0.13599324000006163,2.0,0.75,0.9936305732484076,0.9333333333333333,1.0,0.981004234724743,1.0,0.9999999999999998,142,1,0,14,157,14,8.92,0.287720927742459,3.346116460895255e-08,0.9999996195367085,0.09319591511867696
2048,5,E_all_ce_noW,15,0.12180678100048681,2.0,0.75,0.9871794871794872,1.0,0.8461538461538461,0.9548611111111112,0.9983862291554598,0.9855769230769231,143,0,2,11,156,13,8.33,0.25564889398224766,5.6951917781741e-08,0.999999451872716,0.07109012850191221
2048,5,G_all_focal_noW,15,0.09373126399987086,2.0,0.75,0.9871794871794872,1.0,0.8461538461538461,0.9548611111111112,0.9962345346960731,0.9676434676434675,143,0,2,11,156,13,8.33,0.24958890232607484,0.0024473329938350633,0.9953611901595911,0.08254279005962165
2048,5,LEGACY_A,14,0.1136062560008213,2.0,0.75,0.9871794871794872,1.0,0.8461538461538461,0.9548611111111112,0.9973103819257666,0.9786324786324787,143,0,2,11,156,13,8.33,0.25597537781499224,4.4679363768492756e-08,0.9999997041152472,0.07218352504924966
2048,6,E_all_ce_noW,15,0.1202424200000678,2.0,0.75,0.9936305732484076,1.0,0.9285714285714286,0.9797393212027359,0.9995004995004995,0.995238095238095,143,0,1,13,157,14,8.92,0.27538152795087373,3.499744674958924e-08,0.9999987398175461,0.08297039376561702
2048,6,G_all_focal_noW,15,0.09329016599986062,2.0,0.75,0.9936305732484076,1.0,0.9285714285714286,0.9797393212027359,0.9995004995004995,0.995238095238095,143,0,1,13,157,14,8.92,0.2627070407281889,0.0020997145110291434,0.9923221299941767,0.09715162701092572
2048,6,LEGACY_A,14,0.1186078050004653,2.0,0.75,0.9936305732484076,1.0,0.9285714285714286,0.9797393212027359,1.0,0.9999999999999998,143,0,1,13,157,14,8.92,0.2755504300202545,3.1592142831561693e-08,0.9999996192452805,0.0829118431109783
2048,7,E_all_ce_noW,15,0.1189671330002966,2.0,0.75,0.9936305732484076,1.0,0.9285714285714286,0.9797393212027359,0.9995004995004995,0.9952380952380951,143,0,1,13,157,14,8.92,0.2751638911120686,1.0799981551396795e-07,0.9999987972426609,0.08268074506923377
2048,7,G_all_focal_noW,15,0.09253569999964384,2.0,0.75,0.9936305732484076,1.0,0.9285714285714286,0.9797393212027359,0.9985014985014985,0.9873949579831933,143,0,1,13,157,14,8.92,0.2660289265471829,0.005797646114968746,0.9938021566256039,0.09363241393097961
2048,7,LEGACY_A,14,0.11132861399983085,2.0,0.75,0.9936305732484076,1.0,0.9285714285714286,0.9797393212027359,1.0,1.0,143,0,1,13,157,14,8.92,0.27477516901792226,8.057714289353838e-08,0.9999995706981903,0.08255766587872032
2048,8,E_all_ce_noW,15,0.12450744800025859,2.0,0.75,0.9936305732484076,1.0,0.9285714285714286,0.9797393212027359,0.999000999000999,0.9910714285714284,143,0,1,13,157,14,8.92,0.2712875470579396,3.290057469804587e-08,0.9999987621407316,0.08200032677631014
2048,8,G_all_focal_noW,15,0.09313261799979955,2.0,0.75,0.9936305732484076,1.0,0.9285714285714286,0.9797393212027359,0.9985014985014984,0.9873949579831931,143,0,1,13,157,14,8.92,0.2597640028379125,0.0024904425615507103,0.9929140748228311,0.09190744544979033
2048,8,LEGACY_A,14,0.1151860919999308,2.0,0.75,1.0,1.0,1.0,1.0,1.0,0.9999999999999998,143,0,0,14,157,14,8.92,0.28250311137902223,2.9848936496031227e-08,0.9999996458957897,0.09115923293302039
2048,9,E_all_ce_noW,15,0.14486312000008184,2.0,0.75,0.9872611464968153,0.9285714285714286,0.9285714285714286,0.9607892107892109,0.9995004995004995,0.9952380952380953,142,1,1,13,157,14,8.92,0.28583304668785353,2.9489962058592504e-08,0.9999994630899541,0.09187975830382286
2048,9,G_all_focal_noW,15,0.09399770299933152,2.0,0.75,0.9872611464968153,0.9285714285714286,0.9285714285714286,0.9607892107892109,0.9995004995004995,0.9952380952380951,142,1,1,13,157,14,8.92,0.27716389926660495,0.002714371800017858,0.9948172526484603,0.10154302687391821
2048,9,LEGACY_A,14,0.11346405800031789,2.0,0.75,0.9936305732484076,0.9333333333333333,1.0,0.981004234724743,0.9995004995004995,0.9952380952380953,142,1,0,14,157,14,8.92,0.2936154859342144,3.2682093000723294e-08,0.9999996534847184,0.09545753591213786
2048,10,E_all_ce_noW,15,0.12304581700027484,2.0,0.75,0.9871794871794872,1.0,0.8461538461538461,0.9548611111111112,0.9870898332436794,0.9501039501039501,143,0,2,11,156,13,8.33,0.25308592507201677,3.0229556550262623e-08,0.9999995370773458,0.06991916596140073
2048,10,G_all_focal_noW,15,0.09272241999951802,2.0,0.75,0.9871794871794872,1.0,0.8461538461538461,0.9548611111111112,0.9903173749327596,0.9553349875930521,143,0,2,11,156,13,8.33,0.24213379937845214,0.0024123662602247883,0.9943931676663718,0.07731991982505353
2048,10,LEGACY_A,14,0.10952904300029331,2.0,0.75,0.9807692307692307,0.9166666666666666,0.8461538461538461,0.9347735191637631,0.9854760623991392,0.9428007889546353,142,1,2,11,156,13,8.33,0.25535518444604666,4.847036092181189e-08,0.9999997084359236,0.07325006175012795
2048,11,E_all_ce_noW,15,0.1305800240006647,2.0,0.75,0.9936305732484076,1.0,0.9285714285714286,0.9797393212027359,0.9925074925074925,0.9630541871921181,143,0,1,13,157,14,8.92,0.27543112143514936,2.847766255934782e-08,0.9999991977436532,0.08376766778714466
2048,11,G_all_focal_noW,15,0.09354448199974286,2.0,0.75,0.9936305732484076,1.0,0.9285714285714286,0.9797393212027359,0.989010989010989,0.9563492063492063,143,0,1,13,157,14,8.92,0.2702607826062143,0.002267241409443179,0.9941941601283222,0.09433474767203821
2048,11,LEGACY_A,14,0.11306377599976258,2.0,0.75,0.9936305732484076,1.0,0.9285714285714286,0.9797393212027359,0.9885114885114885,0.9555984555984556,143,0,1,13,157,14,8.92,0.27550593295468556,2.9794417185630833e-08,0.9999996088013048,0.08320017486828979
2048,12,E_all_ce_noW,15,0.12041381800008821,2.0,0.75,0.9872611464968153,1.0,0.8571428571428571,0.9580662393162394,0.997002997002997,0.974002100840336,143,0,2,12,157,14,8.92,0.2631878513722609,3.266899987798549e-08,0.9999993426163114,0.0764028015519171
2048,12,G_all_focal_noW,15,0.09325333800006774,2.0,0.75,0.9872611464968153,1.0,0.8571428571428571,0.9580662393162394,0.9960039960039959,0.9678101503759398,143,0,2,12,157,14,8.92,0.2477528202393633,0.003344840337195852,0.9937787355074312,0.08807871371915518
2048,12,LEGACY_A,14,0.11108910300026764,2.0,0.75,0.9872611464968153,1.0,0.8571428571428571,0.9580662393162394,0.998001998001998,0.984126984126984,143,0,2,12,157,14,8.92,0.2660715711400734,2.7861710114165574e-08,0.9999996457123214,0.07961673768837105
2048,13,E_all_ce_noW,15,0.10997150499952113,2.0,0.75,0.9808917197452229,0.9230769230769231,0.8571428571428571,0.9392179636082074,0.8706293706293705,0.8706372549019606,142,1,2,12,157,14,8.92,0.2754218990432318,4.7584351327293306e-08,0.9999994469113348,0.08297043065018923
2048,13,G_all_focal_noW,15,0.10261086399987107,2.0,0.75,0.9808917197452229,0.9230769230769231,0.8571428571428571,0.9392179636082074,0.9005994005994005,0.8744676964528317,142,1,2,12,157,14,8.92,0.26731865517606596,0.0031355764498876846,0.9964201283918127,0.08952609268834065
2048,13,LEGACY_A,14,0.10503109899946139,2.0,0.75,0.9808917197452229,0.9230769230769231,0.8571428571428571,0.9392179636082074,0.8841158841158842,0.8720309092148308,142,1,2,12,157,14,8.92,0.275356332155379,3.2999366990763904e-08,0.9999997169402259,0.08277008985859821
2048,14,E_all_ce_noW,15,0.1259457599999223,2.0,0.75,1.0,1.0,1.0,1.0,1.0,0.9999999999999999,143,0,0,14,157,14,8.92,0.28493041170165445,3.2687907765380435e-08,0.9999989394888738,0.08933687369132703
2048,14,G_all_focal_noW,15,0.0935034900003302,2.0,0.75,1.0,1.0,1.0,1.0,1.0,0.9999999999999998,143,0,0,14,157,14,8.92,0.27807526459881166,0.002839998017123032,0.9928135230786479,0.09919865686642394
2048,14,LEGACY_A,14,0.11557431399978668,2.0,0.75,1.0,1.0,1.0,1.0,1.0,0.9999999999999999,143,0,0,14,157,14,8.92,0.284881795826461,3.1344828551730526e-08,0.9999996020660138,0.08938772104714864
2048,15,E_all_ce_noW,15,0.1262231900000188,2.0,0.75,0.9871794871794872,1.0,0.8461538461538461,0.9548611111111112,0.9983862291554599,0.983826429980276,143,0,2,11,156,13,8.33,0.2533433199188437,4.616667804515321e-08,0.9999982379610922,0.07096091084572932
2048,15,G_all_focal_noW,15,0.09795565900003567,2.0,0.75,0.9935897435897436,1.0,0.9230769230769231,0.9782578397212544,0.9983862291554599,0.9855769230769229,143,0,1,12,156,13,8.33,0.2514750837243905,0.002711948206383097,0.9921749282081114,0.0860482040679814
2048,15,LEGACY_A,14,0.12649417400007223,2.0,0.75,0.9871794871794872,1.0,0.8461538461538461,0.9548611111111112,1.0,1.0,143,0,2,11,156,13,8.33,0.24884419749276443,5.477885209316506e-08,0.9999994491452714,0.07124525687809664
2048,16,E_all_ce_noW,15,0.11496262600030605,2.0,0.75,0.9808917197452229,0.9230769230769231,0.8571428571428571,0.9392179636082074,0.9895104895104895,0.9329975579975579,142,1,2,12,157,14,8.92,0.26230302344813494,3.336334594096581e-08,0.9999989915859814,0.07796139949277328
2048,16,G_all_focal_noW,15,0.09226049300013983,2.0,0.75,0.9808917197452229,0.9230769230769231,0.8571428571428571,0.9392179636082074,0.988011988011988,0.9279014844804317,142,1,2,12,157,14,8.92,0.24901871056285765,0.0022905079176252525,0.9941422453760338,0.08191407714099008
2048,16,LEGACY_A,14,0.10062180700060708,2.0,0.75,0.9745222929936306,0.9166666666666666,0.7857142857142857,0.9161324786324787,0.988011988011988,0.9457526600383742,142,1,3,11,157,14,8.92,0.26550052284942827,4.737035114465713e-08,0.9999996017009473,0.07643834340097605
2048,17,E_all_ce_noW,15,0.12270783100029803,2.0,0.75,0.9872611464968153,1.0,0.8571428571428571,0.9580662393162394,0.999000999000999,0.9910714285714285,143,0,2,12,157,14,8.92,0.26489470297538653,4.0911439928222093e-08,0.9999986628285719,0.07925361562769183
2048,17,G_all_focal_noW,15,0.0947831559997212,2.0,0.75,0.9872611464968153,1.0,0.8571428571428571,0.9580662393162394,0.998001998001998,0.984126984126984,143,0,2,12,157,14,8.92,0.25719259425077595,0.0017932171771614185,0.9922682167254593,0.08958842557963322
2048,17,LEGACY_A,14,0.11782116799986397,2.0,0.75,0.9936305732484076,1.0,0.9285714285714286,0.9797393212027359,0.999000999000999,0.9910714285714286,143,0,1,13,157,14,8.92,0.26729257188804767,2.7692467799360574e-08,0.9999994321663461,0.08273722664691793
2048,18,E_all_ce_noW,15,0.12299999999959255,2.0,0.75,1.0,1.0,1.0,1.0,1.0,0.9999999999999999,143,0,0,14,157,14,8.92,0.27752308408444387,4.7792431890637605e-08,0.9999990879365582,0.08665072670185235
2048,18,G_all_focal_noW,15,0.09548777999953018,2.0,0.75,1.0,1.0,1.0,1.0,1.0,0.9999999999999998,143,0,0,14,157,14,8.92,0.274004371550593,0.003157097412033742,0.993755924343366,0.1042093452415685
2048,18,LEGACY_A,14,0.11392194200016093,2.0,0.75,1.0,1.0,1.0,1.0,1.0,0.9999999999999998,143,0,0,14,157,14,8.92,0.2838173596436002,3.464055824002005e-08,0.9999996000245318,0.09031107184709657
2048,19,E_all_ce_noW,15,0.1260816199992405,2.0,0.75,1.0,1.0,1.0,1.0,1.0,1.0,143,0,0,14,157,14,8.92,0.2849870490928896,4.357152135946097e-08,0.9999992237111899,0.08917537057850783
2048,19,G_all_focal_noW,15,0.09986810100053845,2.0,0.75,1.0,1.0,1.0,1.0,1.0,1.0,143,0,0,14,157,14,8.92,0.2782735028112752,0.0026617522543161535,0.9941064362774389,0.09734114626650532
2048,19,LEGACY_A,14,0.11818692999986524,2.0,0.75,1.0,1.0,1.0,1.0,1.0,1.0,143,0,0,14,157,14,8.92,0.2849715734846007,2.667306460572889e-08,0.9999996707152335,0.08917959266864796
2048,20,E_all_ce_noW,15,0.13447033000011288,2.0,0.75,0.9935897435897436,1.0,0.9230769230769231,0.9782578397212544,0.9962345346960731,0.973076923076923,143,0,1,12,156,13,8.33,0.2651792845037503,8.133625353720568e-08,0.9999984958912606,0.07832414392470227
2048,20,G_all_focal_noW,15,0.09380151500045031,2.0,0.75,0.9935897435897436,1.0,0.9230769230769231,0.9782578397212544,0.9973103819257665,0.9786324786324786,143,0,1,12,156,13,8.33,0.2539723489979362,0.003248661899661231,0.9915018098095402,0.08971105954711558
2048,20,LEGACY_A,14,0.19527584899969952,2.0,0.75,0.9935897435897436,1.0,0.9230769230769231,0.9782578397212544,0.9962345346960731,0.973076923076923,143,0,1,12,156,13,8.33,0.2659927668820012,5.6193333649585434e-08,0.9999994541163764,0.07729151987188747
2048,21,E_all_ce_noW,15,0.19871830899955967,2.0,0.75,0.9872611464968153,1.0,0.8571428571428571,0.9580662393162394,0.996003996003996,0.974025974025974,143,0,2,12,157,14,8.92,0.26159965801480184,2.7305675394615146e-08,0.9999979537176049,0.07595220846067094
2048,21,G_all_focal_noW,15,0.14857068800029083,2.0,0.75,0.9872611464968153,1.0,0.8571428571428571,0.9580662393162394,0.9900099900099901,0.9579831932773109,143,0,2,12,157,14,8.92,0.25355088604030057,0.002174626885291914,0.9942192369998436,0.08417311663430718
2048,21,LEGACY_A,14,0.18909257700033777,2.0,0.75,0.9872611464968153,1.0,0.8571428571428571,0.9580662393162394,0.9905094905094904,0.9588744588744589,143,0,2,12,157,14,8.92,0.26310917241816056,2.7243011929459224e-08,0.999999663597967,0.075721674305982
2048,22,E_all_ce_noW,15,0.21894283999972686,2.0,0.75,1.0,1.0,1.0,1.0,1.0,0.9999999999999999,143,0,0,14,157,14,8.92,0.2765493804717687,4.21593139990781e-08,0.9999989758965296,0.08796205312117124
2048,22,G_all_focal_noW,15,0.15019154899982823,2.0,0.75,0.9936305732484076,1.0,0.9285714285714286,0.9797393212027359,1.0,0.9999999999999999,143,0,1,13,157,14,8.92,0.26135926386852165,0.002872163551552259,0.9937862378459313,0.09799384291045096
2048,22,LEGACY_A,14,0.18610256700048922,2.0,0.75,0.9808917197452229,0.9230769230769231,0.8571428571428571,0.9392179636082074,0.999000999000999,0.9901360544217687,142,1,2,12,157,14,8.92,0.2701829183003961,5.2167096532341524e-08,0.999999573234033,0.08569219111370825
2048,23,E_all_ce_noW,15,0.21362002299974847,2.0,0.75,0.9808917197452229,0.8666666666666667,0.9285714285714286,0.9430127041742287,0.997002997002997,0.9708460307199802,141,2,1,13,157,14,8.92,0.29293218513125935,2.99466273956148e-08,0.9999994436653219,0.09750701060623138
2048,23,G_all_focal_noW,15,0.15232476999972278,2.0,0.75,0.9808917197452229,0.8666666666666667,0.9285714285714286,0.9430127041742287,0.9965034965034966,0.9643525242264739,141,2,1,13,157,14,8.92,0.2725355367353059,0.0024306125130751505,0.99496185712167,0.10232943223345894
2048,23,LEGACY_A,14,0.19556366899996647,2.0,0.75,0.9936305732484076,0.9333333333333333,1.0,0.981004234724743,0.999000999000999,0.9901360544217687,142,1,0,14,157,14,8.92,0.2929991458980179,2.6634020363693503e-08,0.9999996841538138,0.09531831940803273
2048,24,E_all_ce_noW,15,0.2114963740004896,2.0,0.75,1.0,1.0,1.0,1.0,1.0,0.9999999999999999,143,0,0,14,157,14,8.92,0.28475060577969896,3.645239561660009e-08,0.9999991163381542,0.08920846357012553
2048,24,G_all_focal_noW,15,0.16524370400020416,2.0,0.75,1.0,1.0,1.0,1.0,1.0,1.0,143,0,0,14,157,14,8.92,0.27701940879367876,0.0034126239358258626,0.9942053028739283,0.0997586702841797
2048,24,LEGACY_A,14,0.18950487499932933,2.0,0.75,1.0,1.0,1.0,1.0,1.0,0.9999999999999998,143,0,0,14,157,14,8.92,0.28493826421894414,3.013997136148603e-08,0.9999995895270528,0.08933764831158561
2048,25,E_all_ce_noW,15,0.19475997799963807,2.0,0.75,0.9935897435897436,1.0,0.9230769230769231,0.9782578397212544,1.0,1.0,143,0,1,12,156,13,8.33,0.26646671438039554,7.449404556330998e-08,0.9999991553023898,0.07692487606508412
2048,25,G_all_focal_noW,15,0.14646145400001842,2.0,0.75,0.9935897435897436,1.0,0.9230769230769231,0.9782578397212544,0.9994620763851534,0.9945054945054945,143,0,1,12,156,13,8.33,0.26044888112149966,0.004403668747984676,0.9933861256524558,0.08682352722594872
2048,25,LEGACY_A,14,0.1809110630001669,2.0,0.75,0.9935897435897436,1.0,0.9230769230769231,0.9782578397212544,1.0,1.0,143,0,1,12,156,13,8.33,0.2664339854761221,4.380545432073253e-08,0.9999996911526626,0.07691529430824787
3333,1,E_all_ce_noW,15,0.19643131300017558,2.0,0.75,0.9872611464968153,1.0,0.8571428571428571,0.9580662393162394,0.9905094905094906,0.9513056835637481,143,0,2,12,157,14,8.92,0.25924399715946145,8.592582097086208e-08,0.9999990357913757,0.07451682083722234
3333,1,G_all_focal_noW,15,0.5440077620005468,2.0,0.75,0.9872611464968153,1.0,0.8571428571428571,0.9580662393162394,0.9775224775224776,0.9299465240641711,143,0,2,12,157,14,8.92,0.24813218740987134,0.004757681357914771,0.991181992422884,0.08475439680043062
3333,1,LEGACY_A,14,0.13198404600007052,2.0,0.75,0.9872611464968153,1.0,0.8571428571428571,0.9580662393162394,0.9855144855144855,0.9401785714285713,143,0,2,12,157,14,8.92,0.26447810530364096,7.19347315428636e-08,0.9999995614583845,0.07686040886025762
3333,2,E_all_ce_noW,15,0.1396958920004181,2.0,0.75,0.9745222929936306,0.9166666666666666,0.7857142857142857,0.9161324786324787,0.9970029970029971,0.9723766429648781,142,1,3,11,157,14,8.92,0.258332765326184,4.029548382524568e-08,0.9999977351333569,0.0760671127530064
3333,2,G_all_focal_noW,15,0.09780088400020759,2.0,0.75,0.9872611464968153,1.0,0.8571428571428571,0.9580662393162394,0.9985014985014985,0.9873949579831931,143,0,2,12,157,14,8.92,0.25393198505537706,0.0019480485517224604,0.9920552420201343,0.09021539818913266
3333,2,LEGACY_A,14,0.11332116199992015,2.0,0.75,0.9872611464968153,1.0,0.8571428571428571,0.9580662393162394,0.9995004995004995,0.9952380952380953,143,0,2,12,157,14,8.92,0.2603342116839307,3.1070244467708715e-08,0.9999996558050995,0.07672327355503934
3333,3,E_all_ce_noW,15,0.12455036900064442,2.0,0.75,0.9936305732484076,1.0,0.9285714285714286,0.9797393212027359,1.0,0.9999999999999999,143,0,1,13,157,14,8.92,0.2750565824530189,3.230006581040254e-08,0.9999992885263757,0.08384391026198978
3333,3,G_all_focal_noW,15,0.09358008099934523,2.0,0.75,0.9936305732484076,1.0,0.9285714285714286,0.9797393212027359,0.9995004995004996,0.9952380952380951,143,0,1,13,157,14,8.92,0.26953156441585957,0.0026542368020059373,0.9933977445511667,0.09748491824358134
3333,3,LEGACY_A,14,0.11066502199992101,2.0,0.75,1.0,1.0,1.0,1.0,1.0,1.0,143,0,0,14,157,14,8.92,0.28257891257494616,3.856294362345982e-08,0.9999995928923441,0.08917959832759512
3333,4,E_all_ce_noW,15,0.1399560420004491,2.0,0.75,1.0,1.0,1.0,1.0,1.0,1.0,143,0,0,14,157,14,8.92,0.2849205885186973,4.180620014277799e-08,0.9999990799235726,0.08944969528956977
3333,4,G_all_focal_noW,15,0.09289329600051133,2.0,0.75,1.0,1.0,1.0,1.0,1.0,1.0,143,0,0,14,157,14,8.92,0.27838269076295935,0.003748621581856387,0.9934118193522884,0.10163709397778604
3333,4,LEGACY_A,14,0.11769168299997546,2.0,0.75,1.0,1.0,1.0,1.0,1.0,0.9999999999999998,143,0,0,14,157,14,8.92,0.28493355533533227,2.8797670558452764e-08,0.9999997095528437,0.0893740087711671
3333,5,E_all_ce_noW,15,0.12569866000012553,2.0,0.75,0.9807692307692307,0.8571428571428571,0.9230769230769231,0.9391812865497076,0.9978483055406132,0.9787545787545786,141,2,1,12,156,13,8.33,0.28384673925492254,3.285898877699514e-08,0.9999988092521243,0.08934887948893082
3333,5,G_all_focal_noW,15,0.09423436899942317,2.0,0.75,0.9807692307692307,0.8571428571428571,0.9230769230769231,0.9391812865497076,0.9989241527703067,0.9897435897435896,141,2,1,12,156,13,8.33,0.261735550275349,0.0033246025565504185,0.9921017527852669,0.09201381477208417
3333,5,LEGACY_A,14,0.11527449899949715,2.0,0.75,0.9871794871794872,0.8666666666666667,1.0,0.9607645875251509,0.9983862291554599,0.9821780783319243,141,2,0,13,156,13,8.33,0.29258065936509514,2.7421506838438276e-08,0.9999996696142509,0.09541239984574353
3333,6,E_all_ce_noW,15,0.13957417599976907,2.0,0.75,0.9872611464968153,1.0,0.8571428571428571,0.9580662393162394,0.9905094905094904,0.9485119047619046,143,0,2,12,157,14,8.92,0.2656140228033538,9.396242610232553e-08,0.9999986303714341,0.07743724313100005
3333,6,G_all_focal_noW,15,0.10138185100004193,2.0,0.75,0.9808917197452229,0.9230769230769231,0.8571428571428571,0.9392179636082074,0.9285714285714286,0.9183006535947711,142,1,2,12,157,14,8.92,0.2611344531312197,0.0045649332875172055,0.9914729392793354,0.09093870389280301
3333,6,LEGACY_A,14,0.11320734399942012,2.0,0.75,0.9808917197452229,0.9230769230769231,0.8571428571428571,0.9392179636082074,0.983016983016983,0.931985972683647,142,1,2,12,157,14,8.92,0.2713940316246208,5.541934043073975e-08,0.9999996442397139,0.08141782196194447
3333,7,E_all_ce_noW,15,0.1271303909998096,2.0,0.75,0.9872611464968153,1.0,0.8571428571428571,0.9580662393162394,1.0,0.9999999999999999,143,0,2,12,157,14,8.92,0.26588635544934824,3.577556527342704e-08,0.9999974341799467,0.0790459282340292
3333,7,G_all_focal_noW,15,0.09514257999944675,2.0,0.75,0.9872611464968153,1.0,0.8571428571428571,0.9580662393162394,1.0,0.9999999999999999,143,0,2,12,157,14,8.92,0.25726064434446505,0.002676877704036174,0.9918327551010963,0.08817059975755956
3333,7,LEGACY_A,14,0.1132818349997251,2.0,0.75,0.9872611464968153,1.0,0.8571428571428571,0.9580662393162394,1.0,0.9999999999999999,143,0,2,12,157,14,8.92,0.26305132201819154,3.256196446269435e-08,0.9999996449638598,0.07806094325892804
3333,8,E_all_ce_noW,15,0.12415220999992016,2.0,0.75,1.0,1.0,1.0,1.0,1.0,0.9999999999999999,143,0,0,14,157,14,8.92,0.27673871173623715,3.7589619219890754e-08,0.9999990955549953,0.0862761327426421
3333,8,G_all_focal_noW,15,0.1117910450002455,2.0,0.75,0.9936305732484076,1.0,0.9285714285714286,0.9797393212027359,1.0,1.0,143,0,1,13,157,14,8.92,0.26731662101809134,0.0022353225611575944,0.9942683723660041,0.09299344736283272
3333,8,LEGACY_A,14,0.11606422599925281,2.0,0.75,0.9936305732484076,1.0,0.9285714285714286,0.9797393212027359,0.9995004995004995,0.9952380952380953,143,0,1,13,157,14,8.92,0.2749913533837908,3.263522998295327e-08,0.9999996466449735,0.08282805836956635
3333,9,E_all_ce_noW,15,0.1253074270007346,2.0,0.75,0.9872611464968153,0.9285714285714286,0.9285714285714286,0.9607892107892109,0.9995004995004995,0.9952380952380951,142,1,1,13,157,14,8.92,0.2782707030906747,3.835202871472528e-08,0.999999194854544,0.08980203697192038
3333,9,G_all_focal_noW,15,0.09294026400039002,2.0,0.75,0.9936305732484076,1.0,0.9285714285714286,0.9797393212027359,1.0,0.9999999999999999,143,0,1,13,157,14,8.92,0.2597596927770559,0.0027091508200692655,0.9940360390699241,0.09561186205869236
3333,9,LEGACY_A,14,0.11320093300037115,2.0,0.75,0.9936305732484076,1.0,0.9285714285714286,0.9797393212027359,0.9995004995004995,0.9952380952380953,143,0,1,13,157,14,8.92,0.27719784720773827,2.983188375356671e-08,0.9999996358794325,0.08696155462961978
3333,10,E_all_ce_noW,15,0.1283687799996187,2.0,0.75,0.9807692307692307,0.9166666666666666,0.8461538461538461,0.9347735191637631,0.9978483055406133,0.9796597633136093,142,1,2,11,156,13,8.33,0.2663638194560492,3.338920088133723e-08,0.9999992966584501,0.07870612194280877
3333,10,G_all_focal_noW,15,0.09269417399991653,2.0,0.75,0.9807692307692307,0.9166666666666666,0.8461538461538461,0.9347735191637631,0.9989241527703066,0.988588334742181,142,1,2,11,156,13,8.33,0.2587900839965906,0.002279829682174259,0.9945589085778322,0.08913101772322489
3333,10,LEGACY_A,14,0.1291003249998539,2.0,0.75,0.9807692307692307,0.8571428571428571,0.9230769230769231,0.9391812865497076,0.9983862291554599,0.9855769230769231,141,2,1,12,156,13,8.33,0.27743492909073747,4.995375138752753e-08,0.9999995479116334,0.08909030123104224
3333,11,E_all_ce_noW,15,0.12527329599924997,2.0,0.75,1.0,1.0,1.0,1.0,1.0,0.9999999999999998,143,0,0,14,157,14,8.92,0.28320637395866216,3.22504349526305e-08,0.999997803453347,0.08886365586564755
3333,11,G_all_focal_noW,15,0.09690079800020612,2.0,0.75,1.0,1.0,1.0,1.0,1.0,0.9999999999999998,143,0,0,14,157,14,8.92,0.27384593365534093,0.0029997984125738615,0.9935009623357166,0.10000561950447594
3333,11,LEGACY_A,14,0.1150058370003535,2.0,0.75,1.0,1.0,1.0,1.0,1.0,0.9999999999999998,143,0,0,14,157,14,8.92,0.2848935673623471,2.8419058677959467e-08,0.9999996450898404,0.08944275715187404
3333,12,E_all_ce_noW,15,0.1212458459995105,2.0,0.75,0.9936305732484076,1.0,0.9285714285714286,0.9797393212027359,0.9985014985014984,0.9873949579831932,143,0,1,13,157,14,8.92,0.2678539957446078,7.1937725436216e-08,0.9999989828021916,0.07972760186188618
3333,12,G_all_focal_noW,15,0.0921920359996875,2.0,0.75,0.9936305732484076,1.0,0.9285714285714286,0.9797393212027359,0.9975024975024975,0.981203007518797,143,0,1,13,157,14,8.92,0.25766000674753525,0.00605976532587127,0.9932892860768148,0.09200574482723688
3333,12,LEGACY_A,14,0.10820534499998757,2.0,0.75,0.9936305732484076,1.0,0.9285714285714286,0.9797393212027359,0.996003996003996,0.974025974025974,143,0,1,13,157,14,8.92,0.27455593327007743,5.866808023335172e-08,0.9999995670690127,0.08251480263082037
3333,13,E_all_ce_noW,15,0.12560126100015623,2.0,0.75,0.9872611464968153,1.0,0.8571428571428571,0.9580662393162394,0.999000999000999,0.9910714285714286,143,0,2,12,157,14,8.92,0.267584145105182,3.1758637663619365e-08,0.9999986099479534,0.08102295022673589
3333,13,G_all_focal_noW,15,0.09735928700047225,2.0,0.75,0.9872611464968153,0.9285714285714286,0.9285714285714286,0.9607892107892109,0.9995004995004995,0.9952380952380951,142,1,1,13,157,14,8.92,0.2652644986908473,0.0018986130951690655,0.9930922224340473,0.09362157169722493
3333,13,LEGACY_A,14,0.11695025799963332,2.0,0.75,0.9872611464968153,0.9285714285714286,0.9285714285714286,0.9607892107892109,0.9990009990009991,0.9910714285714286,142,1,1,13,157,14,8.92,0.2840023525566407,2.6298849771126322e-08,0.9999996064401809,0.088920195540202
3333,14,E_all_ce_noW,15,0.11898692199974903,2.0,0.75,0.9872611464968153,0.9285714285714286,0.9285714285714286,0.9607892107892109,0.9915084915084915,0.9608294930875575,142,1,1,13,157,14,8.92,0.2804292274480455,3.667130315871396e-08,0.9999995062581082,0.08776267621586725
3333,14,G_all_focal_noW,15,0.09095051100030105,2.0,0.75,0.9872611464968153,0.9285714285714286,0.9285714285714286,0.9607892107892109,0.983016983016983,0.9494047619047619,142,1,1,13,157,14,8.92,0.27069434700394585,0.0025070972281379324,0.9954641873015988,0.09689996868894434
3333,14,LEGACY_A,14,0.1052118799998425,2.0,0.75,0.9936305732484076,1.0,0.9285714285714286,0.9797393212027359,0.9885114885114885,0.9555984555984556,143,0,1,13,157,14,8.92,0.2759610006623126,3.3709479048305394e-08,0.9999997289784777,0.08578005348655666
3333,15,E_all_ce_noW,15,0.14133951399981015,2.0,0.75,0.9807692307692307,0.9166666666666666,0.8461538461538461,0.9347735191637631,0.9989241527703067,0.9885883347421809,142,1,2,11,156,13,8.33,0.2604536540925154,2.5654311167149405e-08,0.999998935319826,0.07651954804266776
3333,15,G_all_focal_noW,15,0.09706828900016262,2.0,0.75,0.9871794871794872,1.0,0.8461538461538461,0.9548611111111112,0.9978483055406132,0.9787545787545786,143,0,2,11,156,13,8.33,0.251852914085045,0.0014566871830393711,0.9925926687884136,0.08436855799335409
3333,15,LEGACY_A,14,0.11133656800029712,2.0,0.75,0.9871794871794872,0.9230769230769231,0.9230769230769231,0.9580419580419581,0.9994620763851533,0.9945054945054943,142,1,1,12,156,13,8.33,0.2686524481358902,4.426312865359001e-08,0.9999995093164872,0.08149699167602577
3333,16,E_all_ce_noW,15,0.1275333359999422,2.0,0.75,0.9936305732484076,1.0,0.9285714285714286,0.9797393212027359,0.9995004995004996,0.9952380952380953,143,0,1,13,157,14,8.92,0.27544647593510585,3.395714349088666e-08,0.9999986118707325,0.08403438175650414
3333,16,G_all_focal_noW,15,0.0933980400004657,2.0,0.75,0.9936305732484076,1.0,0.9285714285714286,0.9797393212027359,1.0,0.9999999999999998,143,0,1,13,157,14,8.92,0.26977321564665374,0.003239749963542609,0.994440194803246,0.09496047691885674
3333,16,LEGACY_A,14,0.11629145000006247,2.0,0.75,1.0,1.0,1.0,1.0,1.0,0.9999999999999999,143,0,0,14,157,14,8.92,0.2847790352965788,3.055350923033337e-08,0.9999995366509742,0.08932364268308585
3333,17,E_all_ce_noW,15,0.14019454600020254,2.0,0.75,0.9808917197452229,0.9230769230769231,0.8571428571428571,0.9392179636082074,0.998001998001998,0.9815476190476189,142,1,2,12,157,14,8.92,0.2740802246545429,5.6021991973078965e-08,0.9999977815214705,0.08235921890474386
3333,17,G_all_focal_noW,15,0.09337372299978597,2.0,0.75,0.9808917197452229,0.9230769230769231,0.8571428571428571,0.9392179636082074,0.997002997002997,0.9740021008403361,142,1,2,12,157,14,8.92,0.2607979320660665,0.003282644969224846,0.9922006128908516,0.09112986157588916
3333,17,LEGACY_A,14,0.11377049300062936,2.0,0.75,0.9808917197452229,0.9230769230769231,0.8571428571428571,0.9392179636082074,0.9965034965034965,0.9716791979949874,142,1,2,12,157,14,8.92,0.27170974803896447,5.449761837323236e-08,0.9999994761368107,0.08152055618723769
3333,18,E_all_ce_noW,15,0.12591238300046825,2.0,0.75,0.9936305732484076,1.0,0.9285714285714286,0.9797393212027359,1.0,0.9999999999999999,143,0,1,13,157,14,8.92,0.27493464374551874,2.8668265965562692e-08,0.9999990199061233,0.08305405116759336
3333,18,G_all_focal_noW,15,0.0946728909993908,2.0,0.75,0.9936305732484076,1.0,0.9285714285714286,0.9797393212027359,1.0,1.0,143,0,1,13,157,14,8.92,0.26133947771465527,0.002322757113935707,0.9940467913492532,0.09257012757223132
3333,18,LEGACY_A,14,0.11300988199946005,2.0,0.75,0.9936305732484076,1.0,0.9285714285714286,0.9797393212027359,0.9995004995004996,0.9952380952380951,143,0,1,13,157,14,8.92,0.2754127860046194,2.6419795790777167e-08,0.9999996394435989,0.08313792341416369
3333,19,E_all_ce_noW,15,0.12516904700078157,2.0,0.75,0.9936305732484076,1.0,0.9285714285714286,0.9797393212027359,1.0,0.9999999999999999,143,0,1,13,157,14,8.92,0.27515262748341635,3.1891461040413956e-08,0.9999991173004683,0.08361014963864617
3333,19,G_all_focal_noW,15,0.11254087299948878,2.0,0.75,0.9936305732484076,1.0,0.9285714285714286,0.9797393212027359,1.0,1.0,143,0,1,13,157,14,8.92,0.2688515928333917,0.001789498461346463,0.9923781707863931,0.09619222841603672
3333,19,LEGACY_A,14,0.11452990300040256,2.0,0.75,0.9936305732484076,1.0,0.9285714285714286,0.9797393212027359,0.9995004995004995,0.9952380952380951,143,0,1,13,157,14,8.92,0.27517178647425833,3.016461932082076e-08,0.9999996763464039,0.08275882682888602
3333,20,E_all_ce_noW,15,0.12238179199994192,2.0,0.75,0.9871794871794872,0.9230769230769231,0.9230769230769231,0.9580419580419581,0.991393222162453,0.9575596816976126,142,1,1,12,156,13,8.33,0.2693668552236953,3.59026167502181e-08,0.9999989623948241,0.08210698631529827
3333,20,G_all_focal_noW,15,0.09320440800001961,2.0,0.75,0.9871794871794872,0.9230769230769231,0.9230769230769231,0.9580419580419581,0.977407208176439,0.9356782818321279,142,1,1,12,156,13,8.33,0.25833670715056173,0.0029411629871040554,0.9934191293228031,0.09371677350432417
3333,20,LEGACY_A,14,0.1047745229998327,2.0,0.75,0.9871794871794872,0.9230769230769231,0.9230769230769231,0.9580419580419581,0.9817105970952126,0.9443535188216039,142,1,1,12,156,13,8.33,0.2731109196565206,5.9135591382413816e-08,0.9999995459021002,0.08312663295067509
3333,21,E_all_ce_noW,15,0.1217896190000829,2.0,0.75,0.9936305732484076,0.9333333333333333,1.0,0.981004234724743,0.9995004995004995,0.9952380952380951,142,1,0,14,157,14,8.92,0.29217237286195613,3.352134657588269e-08,0.9999993358238225,0.09584386033337525
3333,21,G_all_focal_noW,15,0.09628789899943513,2.0,0.75,0.9936305732484076,0.9333333333333333,1.0,0.981004234724743,1.0,0.9999999999999999,142,1,0,14,157,14,8.92,0.2822485538306895,0.0020117190220717966,0.9944829283621749,0.10184690281191601
3333,21,LEGACY_A,14,0.11871023299954686,2.0,0.75,0.9936305732484076,0.9333333333333333,1.0,0.981004234724743,1.0,0.9999999999999999,142,1,0,14,157,14,8.92,0.2930323776189009,2.7803454126607662e-08,0.999999679798718,0.09525196486226635
3333,22,E_all_ce_noW,15,0.12070519600001717,2.0,0.75,1.0,1.0,1.0,1.0,1.0,0.9999999999999998,143,0,0,14,157,14,8.92,0.2847746539444396,4.148503651827626e-08,0.9999987684408473,0.08978977010757098
3333,22,G_all_focal_noW,15,0.10560836300010124,2.0,0.75,1.0,1.0,1.0,1.0,1.0,0.9999999999999998,143,0,0,14,157,14,8.92,0.27506801382367374,0.0034190405572053703,0.9938481366260707,0.10140554583672078
3333,22,LEGACY_A,14,0.19517922999966686,2.0,0.75,1.0,1.0,1.0,1.0,1.0,0.9999999999999998,143,0,0,14,157,14,8.92,0.2860504187820619,3.079018683302741e-08,0.9999995283770632,0.09191972448184235
3333,23,E_all_ce_noW,15,0.1980385610004305,2.0,0.75,0.9872611464968153,1.0,0.8571428571428571,0.9580662393162394,0.9985014985014985,0.9873949579831931,143,0,2,12,157,14,8.92,0.2658172735773279,4.736558336484066e-08,0.9999985751920585,0.07854549601333193
3333,23,G_all_focal_noW,15,0.1555424749994927,2.0,0.75,0.9872611464968153,1.0,0.8571428571428571,0.9580662393162394,0.9975024975024975,0.9790249433106576,143,0,2,12,157,14,8.92,0.26044939878751533,0.003231159450992389,0.9926277776473178,0.09458071672980499
3333,23,LEGACY_A,14,0.18582945599973755,2.0,0.75,0.9936305732484076,1.0,0.9285714285714286,0.9797393212027359,0.997002997002997,0.9785714285714284,143,0,1,13,157,14,8.92,0.27331736635025006,4.980181416550968e-08,0.9999996630918933,0.08230286959723938
3333,24,E_all_ce_noW,15,0.20166428799984715,2.0,0.75,0.9808917197452229,1.0,0.7857142857142857,0.9348096885813149,0.9945054945054945,0.9651360544217686,143,0,3,11,157,14,8.92,0.25535107946508073,2.6914116516419414e-08,0.9999992353191701,0.07129840369835924
3333,24,G_all_focal_noW,15,0.15102560900049866,2.0,0.75,0.9872611464968153,1.0,0.8571428571428571,0.9580662393162394,0.9850149850149851,0.9512987012987013,143,0,2,12,157,14,8.92,0.2529608220135014,0.001678589141460276,0.9952571707696817,0.08133796700119517
3333,24,LEGACY_A,14,0.1906281739993574,2.0,0.75,0.9808917197452229,1.0,0.7857142857142857,0.9348096885813149,0.9935064935064934,0.9656084656084656,143,0,3,11,157,14,8.92,0.2554051518852352,2.5667155039403788e-08,0.9999996733433746,0.07216538080626958
3333,25,E_all_ce_noW,15,0.20006293000005826,2.0,0.75,0.9807692307692307,1.0,0.7692307692307693,0.929592297276967,1.0,1.0,143,0,3,10,156,13,8.33,0.2393992761078445,5.177693577573467e-08,0.9999979814885155,0.06360087146016574
3333,25,G_all_focal_noW,15,0.15680448900002375,2.0,0.75,0.9807692307692307,1.0,0.7692307692307693,0.929592297276967,1.0,1.0,143,0,3,10,156,13,8.33,0.23610314700372895,0.0031248770884518993,0.9898384186225517,0.07944650369846008
3333,25,LEGACY_A,14,0.19291587099996832,2.0,0.75,0.9871794871794872,1.0,0.8461538461538461,0.9548611111111112,1.0,1.0,143,0,2,11,156,13,8.33,0.25020896751774696,4.790253419782863e-08,0.999999403414219,0.0708660664532524
5555,1,E_all_ce_noW,15,0.22159193499919638,2.0,0.75,0.9745222929936306,1.0,0.7142857142857143,0.9097701149425288,0.9980019980019981,0.9841269841269841,143,0,4,10,157,14,8.92,0.2445975040230215,4.364564597308809e-08,0.9999987914659101,0.06702465828324772
5555,1,G_all_focal_noW,15,0.14888386200073,2.0,0.75,0.9872611464968153,1.0,0.8571428571428571,0.9580662393162394,0.994005994005994,0.9670329670329669,143,0,2,12,157,14,8.92,0.24381494501316672,0.003020117400027193,0.9957850437362521,0.08496811777034083
5555,1,LEGACY_A,14,0.17963738900016324,2.0,0.75,0.9872611464968153,1.0,0.8571428571428571,0.9580662393162394,0.9945054945054946,0.9685714285714286,143,0,2,12,157,14,8.92,0.2656295664800736,4.232117584934409e-08,0.9999995550303139,0.07932640023637172
5555,2,E_all_ce_noW,15,0.2001951479996933,2.0,0.75,0.9872611464968153,0.9285714285714286,0.9285714285714286,0.9607892107892109,0.9985014985014985,0.9873949579831931,142,1,1,13,157,14,8.92,0.2846727335824865,9.167322748552354e-08,0.9999994130519702,0.08915550428654928
5555,2,G_all_focal_noW,15,0.1448448000001008,2.0,0.75,0.9872611464968153,0.9285714285714286,0.9285714285714286,0.9607892107892109,0.998001998001998,0.984126984126984,142,1,1,13,157,14,8.92,0.2767943981162997,0.0038777276700934127,0.9938636803891062,0.09959985178080731
5555,2,LEGACY_A,14,0.19794216600075742,2.0,0.75,0.9872611464968153,0.9285714285714286,0.9285714285714286,0.9607892107892109,0.9975024975024974,0.981203007518797,142,1,1,13,157,14,8.92,0.2847652906179834,7.852564217651854e-08,0.9999997126906064,0.08915363370476545
5555,3,E_all_ce_noW,15,0.20963796800060663,2.0,0.75,0.9808917197452229,0.9230769230769231,0.8571428571428571,0.9392179636082074,0.999000999000999,0.9901360544217686,142,1,2,12,157,14,8.92,0.272576338286381,4.0790775075706053e-08,0.9999979394459861,0.08540904884651704
5555,3,G_all_focal_noW,15,0.1504543310002191,2.0,0.75,0.9872611464968153,1.0,0.8571428571428571,0.9580662393162394,1.0,0.9999999999999998,143,0,2,12,157,14,8.92,0.2593442139775821,0.0022791467109291655,0.9927497922545089,0.09312726565246227
5555,3,LEGACY_A,14,0.18967238500044914,2.0,0.75,0.9872611464968153,0.9285714285714286,0.9285714285714286,0.9607892107892109,0.9985014985014985,0.9859693877551019,142,1,1,13,157,14,8.92,0.2784498855440254,3.085330015222501e-08,0.9999995068432911,0.09003444051567171
5555,4,E_all_ce_noW,15,0.18530298999939987,2.0,0.75,0.9936305732484076,1.0,0.9285714285714286,0.9797393212027359,1.0,0.9999999999999999,143,0,1,13,157,14,8.92,0.27524121867128915,3.034839061990841e-08,0.9999987927821518,0.08323566893755907
5555,4,G_all_focal_noW,15,0.09334329000012076,2.0,0.75,0.9936305732484076,1.0,0.9285714285714286,0.9797393212027359,0.999000999000999,0.9910714285714284,143,0,1,13,157,14,8.92,0.2679691275157625,0.0020091247320995144,0.9939263376296956,0.09742910744085782
5555,4,LEGACY_A,14,0.11415670299993508,2.0,0.75,1.0,1.0,1.0,1.0,1.0,0.9999999999999998,143,0,0,14,157,14,8.92,0.2829928286452344,2.8753187986017153e-08,0.9999996033100441,0.0886905411951193
5555,5,E_all_ce_noW,15,0.11949588700008462,2.0,0.75,0.9935897435897436,1.0,0.9230769230769231,0.9782578397212544,1.0,1.0,143,0,1,12,156,13,8.33,0.26622766220251565,3.064003685043987e-08,0.9999985613273928,0.07863339206338903
5555,5,G_all_focal_noW,15,0.09439887099961197,2.0,0.75,0.9935897435897436,1.0,0.9230769230769231,0.9782578397212544,1.0,0.9999999999999998,143,0,1,12,156,13,8.33,0.2597368548466463,0.0018222732002180604,0.9931651246324982,0.08723402765464268
5555,5,LEGACY_A,14,0.11657375199956732,2.0,0.75,0.9935897435897436,1.0,0.9230769230769231,0.9782578397212544,1.0,0.9999999999999998,143,0,1,12,156,13,8.33,0.2663268362691146,3.78683295355609e-08,0.999999598232052,0.0772503485175898
5555,6,E_all_ce_noW,15,0.1297839489998296,2.0,0.75,0.9936305732484076,1.0,0.9285714285714286,0.9797393212027359,1.0,0.9999999999999999,143,0,1,13,157,14,8.92,0.27586509674643706,5.4738489349893744e-08,0.9999982696869351,0.0851452885057474
5555,6,G_all_focal_noW,15,0.09550194199982798,2.0,0.75,1.0,1.0,1.0,1.0,1.0,0.9999999999999999,143,0,0,14,157,14,8.92,0.2634033965436548,0.003923194841251246,0.9911629988008128,0.0968053059254552
5555,6,LEGACY_A,14,0.11472677500023565,2.0,0.75,1.0,1.0,1.0,1.0,1.0,0.9999999999999999,143,0,0,14,157,14,8.92,0.27919635435830265,2.993573169359466e-08,0.9999993207227085,0.08719871472258447
5555,7,E_all_ce_noW,15,0.12671100299940008,2.0,0.75,0.9936305732484076,1.0,0.9285714285714286,0.9797393212027359,0.9975024975024975,0.9812030075187969,143,0,1,13,157,14,8.92,0.2752936358041385,3.0358794050299815e-08,0.9999994469818055,0.08412164996248177
5555,7,G_all_focal_noW,15,0.0930354210004225,2.0,0.75,0.9936305732484076,1.0,0.9285714285714286,0.9797393212027359,0.9985014985014985,0.9873949579831931,143,0,1,13,157,14,8.92,0.27056795194964445,0.0025392733138593477,0.9941950474187443,0.09965581460738498
5555,7,LEGACY_A,14,0.11310007999964,2.0,0.75,0.9936305732484076,1.0,0.9285714285714286,0.9797393212027359,0.9990009990009989,0.9910714285714285,143,0,1,13,157,14,8.92,0.2755769343562904,3.1779838135260705e-08,0.9999996304463221,0.08478871455287945
5555,8,E_all_ce_noW,15,0.12733694300004572,2.0,0.75,1.0,1.0,1.0,1.0,1.0,1.0,143,0,0,14,157,14,8.92,0.28255864155922644,3.664790323261713e-08,0.999998979985892,0.08838773274415271
5555,8,G_all_focal_noW,15,0.11308361800001876,2.0,0.75,1.0,1.0,1.0,1.0,1.0,1.0,143,0,0,14,157,14,8.92,0.2722916078860643,0.0024482750439748053,0.9948398000681882,0.09470374576034649
5555,8,LEGACY_A,14,0.11494697499983886,2.0,0.75,1.0,1.0,1.0,1.0,1.0,1.0,143,0,0,14,157,14,8.92,0.284831744261916,3.161262670719173e-08,0.9999996036666746,0.08946026995949337
5555,9,E_all_ce_noW,15,0.13125263199981418,2.0,0.75,0.9745222929936306,0.9166666666666666,0.7857142857142857,0.9161324786324787,0.9980019980019981,0.9804748822605964,142,1,3,11,157,14,8.92,0.2615208383030058,3.212348926712126e-08,0.9999994450698482,0.07553987810669334
5555,9,G_all_focal_noW,15,0.09327593299985892,2.0,0.75,0.9745222929936306,0.9166666666666666,0.7857142857142857,0.9161324786324787,0.996003996003996,0.9679748822605965,142,1,3,11,157,14,8.92,0.24874017661924866,0.0023772306077248285,0.9938810982576077,0.08536238280221708
5555,9,LEGACY_A,14,0.11818586200024583,2.0,0.75,0.9808917197452229,0.9230769230769231,0.8571428571428571,0.9392179636082074,0.9985014985014984,0.9846415489272631,142,1,2,12,157,14,8.92,0.2690194666675467,3.0466900336320194e-08,0.999999678664605,0.08219800933267027
5555,10,E_all_ce_noW,15,0.11687172199981433,2.0,0.75,0.9871794871794872,1.0,0.8461538461538461,0.9548611111111112,0.9881656804733728,0.9423909423909425,143,0,2,11,156,13,8.33,0.25795027846357854,9.037742303853045e-08,0.9999989691164601,0.07371857693910873
5555,10,G_all_focal_noW,15,0.090911309999683,2.0,0.75,0.9807692307692307,0.9166666666666666,0.8461538461538461,0.9347735191637631,0.9644970414201184,0.9139660022012963,142,1,2,11,156,13,8.33,0.25469213684101333,0.0042089576795816186,0.9928981927211651,0.08555711355624841
5555,10,LEGACY_A,14,0.12322905600012746,2.0,0.75,0.9871794871794872,1.0,0.8461538461538461,0.9548611111111112,0.9623453469607316,0.9201923076923078,143,0,2,11,156,13,8.33,0.25596105917285483,5.1573586356623935e-08,0.9999995919684206,0.07120276019293595
5555,11,E_all_ce_noW,15,0.13079853299950628,2.0,0.75,0.9936305732484076,1.0,0.9285714285714286,0.9797393212027359,0.9915084915084915,0.9608294930875576,143,0,1,13,157,14,8.92,0.27363994494412236,2.7713317958933504e-08,0.9999986992392738,0.08219196870904423
5555,11,G_all_focal_noW,15,0.09452199999941513,2.0,0.75,0.9936305732484076,1.0,0.9285714285714286,0.9797393212027359,0.9825174825174825,0.9489795918367347,143,0,1,13,157,14,8.92,0.2671246485978106,0.001885145247281278,0.9936318436578729,0.08809354379561052
5555,11,LEGACY_A,14,0.11166205500012438,2.0,0.75,0.9936305732484076,1.0,0.9285714285714286,0.9797393212027359,0.9895104895104895,0.9571428571428572,143,0,1,13,157,14,8.92,0.270332923987165,3.150800545678403e-08,0.9999995118329823,0.08095675182841634
5555,12,E_all_ce_noW,15,0.13264388300012797,2.0,0.75,1.0,1.0,1.0,1.0,1.0,0.9999999999999999,143,0,0,14,157,14,8.92,0.27927446974078063,3.112443144127896e-08,0.999998846819177,0.0878696974693068
5555,12,G_all_focal_noW,15,0.09537627400004567,2.0,0.75,0.9936305732484076,1.0,0.9285714285714286,0.9797393212027359,1.0,0.9999999999999999,143,0,1,13,157,14,8.92,0.27180603644242507,0.0020326278996940397,0.9951452161063755,0.09655644939464503
5555,12,LEGACY_A,14,0.13605667299998458,2.0,0.75,0.9936305732484076,1.0,0.9285714285714286,0.9797393212027359,0.9995004995004996,0.9952380952380953,143,0,1,13,157,14,8.92,0.2757866728317202,3.53781076957692e-08,0.9999996391595195,0.08500234153650338
5555,13,E_all_ce_noW,15,0.1200575700004265,2.0,0.75,0.9872611464968153,1.0,0.8571428571428571,0.9580662393162394,0.998001998001998,0.9841269841269841,143,0,2,12,157,14,8.92,0.25452062462173464,7.045271432617875e-08,0.9999989733627274,0.07306837156341059
5555,13,G_all_focal_noW,15,0.09665466800015565,2.0,0.75,0.9872611464968153,1.0,0.8571428571428571,0.9580662393162394,0.997002997002997,0.9761009667024704,143,0,2,12,157,14,8.92,0.23938689583355777,0.0036054357757180975,0.9933446938710477,0.08380127268986629
5555,13,LEGACY_A,14,0.11216056300054333,2.0,0.75,0.9872611464968153,1.0,0.8571428571428571,0.9580662393162394,0.9965034965034965,0.973469387755102,143,0,2,12,157,14,8.92,0.2646559083576838,1.0151108401350954e-07,0.9999995088615318,0.07778164984707535
5555,14,E_all_ce_noW,15,0.12332951499956835,2.0,0.75,0.9745222929936306,0.8571428571428571,0.8571428571428571,0.9215784215784215,0.994005994005994,0.9461271688162444,141,2,2,12,157,14,8.92,0.2848598304469745,4.1723505204305645e-08,0.9999991846209171,0.08970533986805126
5555,14,G_all_focal_noW,15,0.0936547100000098,2.0,0.75,0.9745222929936306,0.8571428571428571,0.8571428571428571,0.9215784215784215,0.9940059940059941,0.9461271688162444,141,2,2,12,157,14,8.92,0.27659332159874844,0.003241630529109485,0.9908574616936687,0.1020814996787868
5555,14,LEGACY_A,14,0.13174101599997812,2.0,0.75,0.9808917197452229,0.8666666666666667,0.9285714285714286,0.9430127041742287,0.9975024975024975,0.9767984116723613,141,2,1,13,157,14,8.92,0.28868406544688097,3.532071678227002e-08,0.9999996689594223,0.09498477169751751
5555,15,E_all_ce_noW,15,0.12568184999963705,2.0,0.75,1.0,1.0,1.0,1.0,1.0,0.9999999999999998,143,0,0,13,156,13,8.33,0.2722872587591635,4.610640618132902e-08,0.999999105104267,0.08329810896993849
5555,15,G_all_focal_noW,15,0.09949351499926706,2.0,0.75,1.0,1.0,1.0,1.0,1.0,0.9999999999999998,143,0,0,13,156,13,8.33,0.2644488355716422,0.0024444554552000793,0.9941957441258608,0.09291070738183187
5555,15,LEGACY_A,14,0.11587194999992789,2.0,0.75,1.0,1.0,1.0,1.0,1.0,1.0,143,0,0,13,156,13,8.33,0.27634921209059876,3.389133075715088e-08,0.9999996225845141,0.08341276494344756
5555,16,E_all_ce_noW,15,0.13298568499976682,2.0,0.75,0.9872611464968153,1.0,0.8571428571428571,0.9580662393162394,0.9985014985014985,0.9859693877551019,143,0,2,12,157,14,8.92,0.26442670773275456,4.269940743070839e-08,0.9999995616319212,0.07690975627573375
5555,16,G_all_focal_noW,15,0.09370566199959285,2.0,0.75,0.9872611464968153,1.0,0.8571428571428571,0.9580662393162394,0.9995004995004995,0.9952380952380951,143,0,2,12,157,14,8.92,0.25442649841857323,0.002551866932880086,0.994510766868799,0.0899201864071884
5555,16,LEGACY_A,14,0.12232869600029517,2.0,0.75,0.9872611464968153,1.0,0.8571428571428571,0.9580662393162394,0.9995004995004995,0.9952380952380953,143,0,2,12,157,14,8.92,0.26605141722393816,2.6463593401933916e-08,0.9999996956817732,0.07990134171016418
5555,17,E_all_ce_noW,15,0.13122226799987402,2.0,0.75,0.9936305732484076,0.9333333333333333,1.0,0.981004234724743,0.999000999000999,0.9901360544217686,142,1,0,14,157,14,8.92,0.29470978730073705,3.453851110476686e-08,0.9999990365888394,0.09812180235789358
5555,17,G_all_focal_noW,15,0.10049258300023212,2.0,0.75,0.9872611464968153,0.875,1.0,0.9631455399061033,0.9995004995004995,0.9952380952380951,141,2,0,14,157,14,8.92,0.2849626906110132,0.0022585105966391166,0.9937760750526379,0.10667431235323133
5555,17,LEGACY_A,14,0.11212885599979927,2.0,0.75,0.9936305732484076,0.9333333333333333,1.0,0.981004234724743,1.0,0.9999999999999999,142,1,0,14,157,14,8.92,0.2934342910549611,3.365306344732206e-08,0.9999996332952222,0.09575868722559804
5555,18,E_all_ce_noW,15,0.12991257199973916,2.0,0.75,0.9872611464968153,1.0,0.8571428571428571,0.9580662393162394,0.9995004995004995,0.9952380952380953,143,0,2,12,157,14,8.92,0.26564739166141177,2.6981405989580627e-08,0.9999992765108389,0.07958914219011194
5555,18,G_all_focal_noW,15,0.09431164900070144,2.0,0.75,0.9808917197452229,0.9230769230769231,0.8571428571428571,0.9392179636082074,0.999000999000999,0.9901360544217688,142,1,2,12,157,14,8.92,0.2662950657033867,0.00250917260194661,0.993747764967347,0.09653213264912326
5555,18,LEGACY_A,14,0.11589729600018472,2.0,0.75,0.9936305732484076,1.0,0.9285714285714286,0.9797393212027359,0.9985014985014984,0.9873949579831932,143,0,1,13,157,14,8.92,0.2754336067085796,3.639241666106019e-08,0.9999995619969781,0.08348001144763359
5555,19,E_all_ce_noW,15,0.13170303300012165,2.0,0.75,0.9872611464968153,1.0,0.8571428571428571,0.9580662393162394,0.993006993006993,0.9642857142857142,143,0,2,12,157,14,8.92,0.2647547011663449,9.47215903692716e-08,0.9999993724665891,0.07618702268261368
5555,19,G_all_focal_noW,15,0.2124642299995685,2.0,0.75,0.9872611464968153,1.0,0.8571428571428571,0.9580662393162394,0.9835164835164835,0.9350205198358412,143,0,2,12,157,14,8.92,0.25436432741522197,0.003874482781412414,0.9928291160933042,0.08459286462241333
5555,19,LEGACY_A,14,0.23955058499996085,2.0,0.75,0.9872611464968153,1.0,0.8571428571428571,0.9580662393162394,0.9535464535464535,0.9214734437464305,143,0,2,12,157,14,8.92,0.26543474518102117,5.33826847928428e-08,0.9999996464702707,0.07643849210132893
5555,20,E_all_ce_noW,15,0.1279508289999285,2.0,0.75,1.0,1.0,1.0,1.0,1.0,1.0,143,0,0,13,156,13,8.33,0.2735609214190774,3.572816224052453e-08,0.9999983259384887,0.08255620819082496
5555,20,G_all_focal_noW,15,0.09517507999953523,2.0,0.75,1.0,1.0,1.0,1.0,1.0,1.0,143,0,0,13,156,13,8.33,0.264193867030687,0.0029323104715280337,0.9930353628902361,0.0907134848949517
5555,20,LEGACY_A,14,0.13149838800018188,2.0,0.75,1.0,1.0,1.0,1.0,1.0,0.9999999999999999,143,0,0,13,156,13,8.33,0.26937672817180497,2.8303712106827498e-08,0.9999995462393606,0.08073675509189039
5555,21,E_all_ce_noW,15,0.11639421200015931,2.0,0.75,0.9872611464968153,1.0,0.8571428571428571,0.9580662393162394,0.9980019980019981,0.984126984126984,143,0,2,12,157,14,8.92,0.26160484184287014,5.8250457127351297e-08,0.9999984106893237,0.07637561975025155
5555,21,G_all_focal_noW,15,0.0921301170001243,2.0,0.75,0.9872611464968153,1.0,0.8571428571428571,0.9580662393162394,0.9975024975024975,0.9812030075187969,143,0,2,12,157,14,8.92,0.24901481775488526,0.003435883405753793,0.9915730309045079,0.08879071953678257
5555,21,LEGACY_A,14,0.10739497799931996,2.0,0.75,0.9936305732484076,1.0,0.9285714285714286,0.9797393212027359,0.9965034965034966,0.976190476190476,143,0,1,13,157,14,8.92,0.2654455879227552,5.125467051591952e-08,0.9999995797661173,0.08036102266022974
5555,22,E_all_ce_noW,15,0.1319911009995849,2.0,0.75,0.9936305732484076,1.0,0.9285714285714286,0.9797393212027359,1.0,0.9999999999999999,143,0,1,13,157,14,8.92,0.27178567562179906,2.9482216791350823e-08,0.9999990487819457,0.08368086848528844
5555,22,G_all_focal_noW,15,0.09708254500037583,2.0,0.75,0.9936305732484076,1.0,0.9285714285714286,0.9797393212027359,1.0,1.0,143,0,1,13,157,14,8.92,0.26908527763897566,0.0017206837712781986,0.9943719334941861,0.09493482876659845
5555,22,LEGACY_A,14,0.11755590599932475,2.0,0.75,0.9936305732484076,1.0,0.9285714285714286,0.9797393212027359,1.0,0.9999999999999999,143,0,1,13,157,14,8.92,0.2748207640183955,2.5297262367442008e-08,0.9999994994508984,0.08301988242422087
5555,23,E_all_ce_noW,15,0.12766478499997902,2.0,0.75,0.9872611464968153,0.9285714285714286,0.9285714285714286,0.9607892107892109,0.9980019980019981,0.9786891679748821,142,1,1,13,157,14,8.92,0.2846264584905716,3.329473837290155e-08,0.9999995831579677,0.08941710146335458
5555,23,G_all_focal_noW,15,0.09376217699991685,2.0,0.75,0.9872611464968153,0.9285714285714286,0.9285714285714286,0.9607892107892109,0.9990009990009989,0.9910714285714286,142,1,1,13,157,14,8.92,0.2742397034238113,0.0027345468199321374,0.9938079494927848,0.10105730104948572
5555,23,LEGACY_A,14,0.11597469099979207,2.0,0.75,0.9872611464968153,0.9285714285714286,0.9285714285714286,0.9607892107892109,0.999000999000999,0.9901360544217686,142,1,1,13,157,14,8.92,0.2844755460720472,2.7092614179457445e-08,0.9999996811313183,0.0892876143362044
5555,24,E_all_ce_noW,15,0.12795152699982282,2.0,0.75,0.9936305732484076,1.0,0.9285714285714286,0.9797393212027359,1.0,0.9999999999999999,143,0,1,13,157,14,8.92,0.2755999245471539,3.35296244561523e-08,0.9999993787130602,0.08425597191312952
5555,24,G_all_focal_noW,15,0.17448393900031078,2.0,0.75,0.9872611464968153,0.9285714285714286,0.9285714285714286,0.9607892107892109,0.9995004995004995,0.9952380952380953,142,1,1,13,157,14,8.92,0.26972705754419724,0.0023108033527789265,0.9944394796823187,0.09456700885125598
5555,24,LEGACY_A,14,0.20458952899934957,2.0,0.75,1.0,1.0,1.0,1.0,1.0,0.9999999999999999,143,0,0,14,157,14,8.92,0.2849599517517693,3.150850034635983e-08,0.9999996163024085,0.08919058503246484
5555,25,E_all_ce_noW,15,0.19578739600001427,2.0,0.75,0.9935897435897436,1.0,0.9230769230769231,0.9782578397212544,0.9908552985476062,0.9564102564102563,143,0,1,12,156,13,8.33,0.256040202957096,4.550886997206829e-08,0.9999989209069775,0.0738173833786373
5555,25,G_all_focal_noW,15,0.14905510500011587,2.0,0.75,0.9935897435897436,1.0,0.9230769230769231,0.9782578397212544,0.9892415277030662,0.9533799533799534,143,0,1,12,156,13,8.33,0.25142995337445195,0.003463742625812647,0.9940592220945997,0.08704027921538335
5555,25,LEGACY_A,14,0.17862985899955675,2.0,0.75,0.9935897435897436,1.0,0.9230769230769231,0.9782578397212544,0.9784830554061323,0.9419448476052248,143,0,1,12,156,13,8.33,0.2588160971790349,5.148443717646144e-08,0.9999995204472177,0.07625852333646613
7777,1,E_all_ce_noW,15,0.23108859800049686,2.0,0.75,0.9872611464968153,0.9285714285714286,0.9285714285714286,0.9607892107892109,0.9995004995004995,0.9952380952380951,142,1,1,13,157,14,8.92,0.2787736909695634,3.604090264929382e-08,0.9999983702742569,0.08772807253302621
7777,1,G_all_focal_noW,15,0.1486256529997263,2.0,0.75,0.9872611464968153,0.9285714285714286,0.9285714285714286,0.9607892107892109,0.9995004995004995,0.9952380952380951,142,1,1,13,157,14,8.92,0.27377600150844505,0.0021543112137695796,0.990701358881086,0.10252216572144938
7777,1,LEGACY_A,14,0.19937861200014595,2.0,0.75,0.9872611464968153,0.9285714285714286,0.9285714285714286,0.9607892107892109,0.9995004995004995,0.9952380952380951,142,1,1,13,157,14,8.92,0.2817666194840769,3.3232980216996193e-08,0.9999996251670769,0.08996884462264788
7777,2,E_all_ce_noW,15,0.21923432699986733,2.0,0.75,0.9872611464968153,0.9285714285714286,0.9285714285714286,0.9607892107892109,0.9985014985014985,0.9859693877551019,142,1,1,13,157,14,8.92,0.2859489491376056,2.990841864917834e-08,0.999999185103632,0.09342518928159976
7777,2,G_all_focal_noW,15,0.16078358499999013,2.0,0.75,0.9872611464968153,0.9285714285714286,0.9285714285714286,0.9607892107892109,0.999000999000999,0.9910714285714284,142,1,1,13,157,14,8.92,0.2758914111963634,0.002085907278536951,0.9942241399983132,0.10045041122641601
7777,2,LEGACY_A,14,0.19754321000073105,2.0,0.75,0.9872611464968153,0.9285714285714286,0.9285714285714286,0.9607892107892109,0.9985014985014985,0.9859693877551019,142,1,1,13,157,14,8.92,0.2853419425806986,3.204959290715285e-08,0.9999996579698565,0.0918507706080704
7777,3,E_all_ce_noW,15,0.19533808500000305,2.0,0.75,0.9872611464968153,1.0,0.8571428571428571,0.9580662393162394,0.9865134865134866,0.9529616724738675,143,0,2,12,157,14,8.92,0.2649726061192427,3.100666576749372e-08,0.9999990608441158,0.07686475362543266
7777,3,G_all_focal_noW,15,0.14589860799969756,2.0,0.75,0.9872611464968153,1.0,0.8571428571428571,0.9580662393162394,0.9785214785214785,0.9461152882205512,143,0,2,12,157,14,8.92,0.25375344783972886,0.0024037959432466286,0.9921881310832734,0.08294171167834309
7777,3,LEGACY_A,14,0.18231182700037607,2.0,0.75,0.9936305732484076,1.0,0.9285714285714286,0.9797393212027359,0.9675324675324675,0.9412296564195298,143,0,1,13,157,14,8.92,0.2755719571205365,3.811288209957142e-08,0.9999995681025893,0.08280589373711528
7777,4,E_all_ce_noW,15,0.20303278400024283,2.0,0.75,0.9872611464968153,1.0,0.8571428571428571,0.9580662393162394,0.9985014985014985,0.985969387755102,143,0,2,12,157,14,8.92,0.26553513619557784,7.833171284963373e-08,0.9999993360992034,0.07705773231049225
7777,4,G_all_focal_noW,15,0.14577152099991508,2.0,0.75,0.9872611464968153,1.0,0.8571428571428571,0.9580662393162394,0.9980019980019981,0.981547619047619,143,0,2,12,157,14,8.92,0.2566980660396124,0.003387463603432731,0.992176456947482,0.08962829648845777
7777,4,LEGACY_A,14,0.1874578400002065,2.0,0.75,0.9808917197452229,0.9230769230769231,0.8571428571428571,0.9392179636082074,0.997002997002997,0.9761009667024703,142,1,2,12,157,14,8.92,0.2705142836133399,6.763790094308611e-08,0.99999966220168,0.0820647798099645
7777,5,E_all_ce_noW,15,0.20784897599969554,2.0,0.75,0.9871794871794872,1.0,0.8461538461538461,0.9548611111111112,0.9994620763851533,0.9945054945054943,143,0,2,11,156,13,8.33,0.25633950550488016,4.526321321968271e-08,0.999998007251444,0.07245800842227226
7777,5,G_all_focal_noW,15,0.16409111199936888,2.0,0.75,0.9935897435897436,1.0,0.9230769230769231,0.9782578397212544,0.9994620763851534,0.9945054945054943,143,0,1,12,156,13,8.33,0.2527395799361023,0.0029947166031507474,0.9925672788354573,0.08713410992873782
7777,5,LEGACY_A,14,0.20205546200031677,2.0,0.75,0.9935897435897436,1.0,0.9230769230769231,0.9782578397212544,0.9994620763851533,0.9945054945054943,143,0,1,12,156,13,8.33,0.25847008772815167,3.241485370914295e-08,0.9999995752010223,0.0748200225417391
7777,6,E_all_ce_noW,15,0.12669202799952473,2.0,0.75,0.9872611464968153,1.0,0.8571428571428571,0.9580662393162394,1.0,0.9999999999999999,143,0,2,12,157,14,8.92,0.2654527547639897,3.113005219116376e-08,0.9999992582954312,0.0777728786523932
7777,6,G_all_focal_noW,15,0.09336965600050462,2.0,0.75,0.9872611464968153,1.0,0.8571428571428571,0.9580662393162394,1.0,0.9999999999999998,143,0,2,12,157,14,8.92,0.2559777920911778,0.002047873646775697,0.9924236445590635,0.08850995319650024
7777,6,LEGACY_A,14,0.11513176799962821,2.0,0.75,0.9936305732484076,1.0,0.9285714285714286,0.9797393212027359,1.0,0.9999999999999998,143,0,1,13,157,14,8.92,0.2750165855368952,4.023769485327906e-08,0.9999995306718199,0.08337461802653649
7777,7,E_all_ce_noW,15,0.12179971099976683,2.0,0.75,0.9936305732484076,1.0,0.9285714285714286,0.9797393212027359,1.0,0.9999999999999998,143,0,1,13,157,14,8.92,0.26866506611512003,7.924043287697727e-08,0.9999992293889414,0.08016911360657174
7777,7,G_all_focal_noW,15,0.10219298300035007,2.0,0.75,0.9936305732484076,1.0,0.9285714285714286,0.9797393212027359,1.0,0.9999999999999998,143,0,1,13,157,14,8.92,0.2611582979062304,0.002735427109809698,0.9956896506009824,0.09101743074725258
7777,7,LEGACY_A,14,0.11943980999967607,2.0,0.75,0.9936305732484076,1.0,0.9285714285714286,0.9797393212027359,0.9995004995004995,0.995238095238095,143,0,1,13,157,14,8.92,0.27519107228619244,3.9722707467797934e-08,0.9999996654629839,0.08273345207842281
7777,8,E_all_ce_noW,15,0.12527190699984203,2.0,0.75,0.9936305732484076,1.0,0.9285714285714286,0.9797393212027359,1.0,1.0,143,0,1,13,157,14,8.92,0.27536505027327995,3.491050877487585e-08,0.9999990984992955,0.08310987858868847
7777,8,G_all_focal_noW,15,0.09418202300003031,2.0,0.75,0.9936305732484076,1.0,0.9285714285714286,0.9797393212027359,0.9995004995004995,0.9952380952380953,143,0,1,13,157,14,8.92,0.26855893755990445,0.002003113457004317,0.9951014412268323,0.09796622715414671
7777,8,LEGACY_A,14,0.11939600000005157,2.0,0.75,0.9936305732484076,1.0,0.9285714285714286,0.9797393212027359,0.9995004995004995,0.9952380952380951,143,0,1,13,157,14,8.92,0.27546259295757786,2.9446898766795428e-08,0.999999644872491,0.08325943427977008
7777,9,E_all_ce_noW,15,0.1217203829992286,2.0,0.75,1.0,1.0,1.0,1.0,1.0,0.9999999999999999,143,0,0,14,157,14,8.92,0.2837801502899793,3.968193185934256e-08,0.9999994341496445,0.0890197290436116
7777,9,G_all_focal_noW,15,0.09444350200010376,2.0,0.75,1.0,1.0,1.0,1.0,1.0,0.9999999999999999,143,0,0,14,157,14,8.92,0.2750503812629947,0.004644506135344022,0.994101825113993,0.10214078562227223
7777,9,LEGACY_A,14,0.1323359169991818,2.0,0.75,0.9872611464968153,0.875,1.0,0.9631455399061033,1.0,0.9999999999999999,141,2,0,14,157,14,8.92,0.28927196200769845,4.343350446445021e-08,0.9999996577502325,0.0964394602693095
7777,10,E_all_ce_noW,15,0.12221842600047239,2.0,0.75,0.9807692307692307,0.9166666666666666,0.8461538461538461,0.9347735191637631,0.9935449166218396,0.958826429980276,142,1,2,11,156,13,8.33,0.26453859161768917,2.7668572970797914e-08,0.9999991375903953,0.07848445748865347
7777,10,G_all_focal_noW,15,0.09056013999997958,2.0,0.75,0.9871794871794872,0.9230769230769231,0.9230769230769231,0.9580419580419581,0.9833243679397525,0.9345590307128768,142,1,1,12,156,13,8.33,0.2548783361331974,0.0025904962930212534,0.9928515532889878,0.08519560539947374
7777,10,LEGACY_A,14,0.1083729330002825,2.0,0.75,0.9807692307692307,0.9166666666666666,0.8461538461538461,0.9347735191637631,0.9849381387842926,0.9421597633136094,142,1,2,11,156,13,8.33,0.2663986106313075,2.8277264501732936e-08,0.999999653608255,0.0792097290166052
7777,11,E_all_ce_noW,15,0.11961838600018382,2.0,0.75,0.9808917197452229,0.9230769230769231,0.8571428571428571,0.9392179636082074,0.998001998001998,0.9822929171668666,142,1,2,12,157,14,8.92,0.2731099403596142,1.0016335484451045e-07,0.9999991446577081,0.08289331595711907
7777,11,G_all_focal_noW,15,0.09227151999948546,2.0,0.75,0.9808917197452229,0.9230769230769231,0.8571428571428571,0.9392179636082074,0.9980019980019981,0.9822929171668666,142,1,2,12,157,14,8.92,0.2559505997152994,0.004330035480046936,0.9919516547623749,0.09157150777756193
7777,11,LEGACY_A,14,0.11182452400043985,2.0,0.75,0.9936305732484076,1.0,0.9285714285714286,0.9797393212027359,0.998001998001998,0.9841269841269841,143,0,1,13,157,14,8.92,0.2713907375266197,7.457396563277129e-08,0.9999996254795763,0.08498544357037002
7777,12,E_all_ce_noW,15,0.1232236030000422,2.0,0.75,0.9872611464968153,1.0,0.8571428571428571,0.9580662393162394,0.9935064935064934,0.9656084656084656,143,0,2,12,157,14,8.92,0.2655180733102338,2.904682990545646e-08,0.9999994027850917,0.07815278638394542
7777,12,G_all_focal_noW,15,0.09298788100022648,2.0,0.75,0.9872611464968153,1.0,0.8571428571428571,0.9580662393162394,0.989010989010989,0.9563492063492063,143,0,2,12,157,14,8.92,0.25693588930927314,0.003018470491060983,0.992039458757857,0.08660313223799292
7777,12,LEGACY_A,14,0.1104961490000278,2.0,0.75,0.9936305732484076,1.0,0.9285714285714286,0.9797393212027359,0.9750249750249751,0.9441964285714285,143,0,1,13,157,14,8.92,0.27552440916295545,3.0072206954278104e-08,0.9999995507801567,0.08400090432224297
7777,13,E_all_ce_noW,15,0.12623464899934334,2.0,0.75,1.0,1.0,1.0,1.0,1.0,0.9999999999999999,143,0,0,14,157,14,8.92,0.2849558569632997,3.247629616626005e-08,0.9999991978850656,0.08918643626178394
7777,13,G_all_focal_noW,15,0.09471090999977605,2.0,0.75,1.0,1.0,1.0,1.0,1.0,1.0,143,0,0,14,157,14,8.92,0.27750139793906387,0.0028871329188031613,0.9937631057389633,0.10029284041559607
7777,13,LEGACY_A,14,0.1170495350006604,2.0,0.75,1.0,1.0,1.0,1.0,1.0,1.0,143,0,0,14,157,14,8.92,0.28486326100175435,2.686648619725104e-08,0.9999994106422073,0.0899416417921621
7777,14,E_all_ce_noW,15,0.13175506700008555,2.0,0.75,0.9936305732484076,0.9333333333333333,1.0,0.981004234724743,0.9985014985014986,0.9846415489272631,142,1,0,14,157,14,8.92,0.28267467815098274,3.970756765705295e-08,0.9999986106340292,0.09320639116900652
7777,14,G_all_focal_noW,15,0.0922939829997631,2.0,0.75,0.9872611464968153,0.9285714285714286,0.9285714285714286,0.9607892107892109,0.9985014985014985,0.9846415489272632,142,1,1,13,157,14,8.92,0.26697676862145464,0.0031567733247363085,0.9930356011017261,0.10061538537391311
7777,14,LEGACY_A,14,0.11576186499951291,2.0,0.75,0.9808917197452229,0.9230769230769231,0.8571428571428571,0.9392179636082074,0.999000999000999,0.9901360544217686,142,1,2,12,157,14,8.92,0.27734155457883597,3.475428255464031e-08,0.9999996479679234,0.08865006705557171
7777,15,E_all_ce_noW,15,0.12837457200021163,2.0,0.75,0.9871794871794872,0.9230769230769231,0.9230769230769231,0.9580419580419581,0.9983862291554599,0.985576923076923,142,1,1,12,156,13,8.33,0.2731757246095575,3.1581486523404905e-08,0.9999985245810189,0.08270744268599395
7777,15,G_all_focal_noW,15,0.09400721800011524,2.0,0.75,0.9871794871794872,0.9230769230769231,0.9230769230769231,0.9580419580419581,0.9994620763851534,0.9945054945054944,142,1,1,12,156,13,8.33,0.2635805796437226,0.001957180423152858,0.993455548677366,0.09189218826629261
7777,15,LEGACY_A,14,0.11518946300020616,2.0,0.75,0.9935897435897436,1.0,0.9230769230769231,0.9782578397212544,0.9983862291554599,0.985576923076923,143,0,1,12,156,13,8.33,0.2662805804733928,3.320781306662448e-08,0.9999995603133759,0.0781345804027021
7777,16,E_all_ce_noW,15,0.1333174709998275,2.0,0.75,0.9872611464968153,1.0,0.8571428571428571,0.9580662393162394,0.99000999000999,0.9502976190476191,143,0,2,12,157,14,8.92,0.2656480220437227,8.544867440692033e-08,0.9999988535400376,0.07657900641423256
7777,16,G_all_focal_noW,15,0.09010685499924875,2.0,0.75,0.9872611464968153,1.0,0.8571428571428571,0.9580662393162394,0.9685314685314685,0.9323809523809524,143,0,2,12,157,14,8.92,0.2598695989214416,0.0034139441968617764,0.9934171255753697,0.08710476956588606
7777,16,LEGACY_A,14,0.11041493599987007,2.0,0.75,0.9872611464968153,1.0,0.8571428571428571,0.9580662393162394,0.9585414585414586,0.9195997239475502,143,0,2,12,157,14,8.92,0.26557165856230003,6.290302507207545e-08,0.9999995634515461,0.07697454995403465
7777,17,E_all_ce_noW,15,0.12644571800046833,2.0,0.75,0.9872611464968153,1.0,0.8571428571428571,0.9580662393162394,1.0,1.0,143,0,2,12,157,14,8.92,0.25939698917207066,4.179543020429542e-08,0.9999988645254397,0.07786720787272429
7777,17,G_all_focal_noW,15,0.094307845000003,2.0,0.75,0.9936305732484076,1.0,0.9285714285714286,0.9797393212027359,0.999000999000999,0.9910714285714286,143,0,1,13,157,14,8.92,0.24038404077765016,0.0024837522437799516,0.9945965727046726,0.08352770194777707
7777,17,LEGACY_A,14,0.11544245599998249,2.0,0.75,1.0,1.0,1.0,1.0,1.0,1.0,143,0,0,14,157,14,8.92,0.2765896624956645,2.6919110945686044e-08,0.9999995791334809,0.0868182363067443
7777,18,E_all_ce_noW,15,0.12815033899914852,2.0,0.75,0.9936305732484076,1.0,0.9285714285714286,0.9797393212027359,1.0,0.9999999999999998,143,0,1,13,157,14,8.92,0.2752195471620292,2.9718857058568898e-08,0.9999986604991379,0.08390301556155946
7777,18,G_all_focal_noW,15,0.11140081099983945,2.0,0.75,1.0,1.0,1.0,1.0,1.0,0.9999999999999999,143,0,0,14,157,14,8.92,0.26908620720200843,0.002700076328874321,0.9921277999546919,0.09519871306965243
7777,18,LEGACY_A,14,0.11512954699992406,2.0,0.75,0.9936305732484076,1.0,0.9285714285714286,0.9797393212027359,1.0,0.9999999999999999,143,0,1,13,157,14,8.92,0.2724154854735288,4.543205964655071e-08,0.9999995385734823,0.08246716925304975
7777,19,E_all_ce_noW,15,0.1260846010000023,2.0,0.75,0.9872611464968153,1.0,0.8571428571428571,0.9580662393162394,0.9985014985014986,0.985969387755102,143,0,2,12,157,14,8.92,0.26588444423119995,3.686243746565544e-08,0.9999995251650399,0.08029738745593185
7777,19,G_all_focal_noW,15,0.09175020800012135,2.0,0.75,0.9808917197452229,0.9230769230769231,0.8571428571428571,0.9392179636082074,0.9975024975024975,0.9778711484593836,142,1,2,12,157,14,8.92,0.25892456982199663,0.004393856760642781,0.993051622383143,0.09597556447840008
7777,19,LEGACY_A,14,0.1119547420003073,2.0,0.75,0.9808917197452229,0.9230769230769231,0.8571428571428571,0.9392179636082074,0.9990009990009989,0.9901360544217686,142,1,2,12,157,14,8.92,0.275453253447293,3.255089264122803e-08,0.9999996666327523,0.0849708587918178
7777,20,E_all_ce_noW,15,0.15246400900014123,2.0,0.75,0.9935897435897436,0.9285714285714286,1.0,0.9797270955165691,1.0,1.0,142,1,0,13,156,13,8.33,0.2853177820539186,4.0981053526669676e-08,0.9999992108000983,0.08959173783657806
7777,20,G_all_focal_noW,15,0.11287025599995104,2.0,0.75,0.9935897435897436,0.9285714285714286,1.0,0.9797270955165691,1.0,1.0,142,1,0,13,156,13,8.33,0.2706854820790794,0.0024975339952053527,0.9928661946603738,0.09599191531157225
7777,20,LEGACY_A,14,0.11791984899991803,2.0,0.75,0.9935897435897436,0.9285714285714286,1.0,0.9797270955165691,1.0,1.0,142,1,0,13,156,13,8.33,0.28509538019155156,2.9292398041461002e-08,0.9999997167697622,0.0895192763794725
7777,21,E_all_ce_noW,15,0.12893209499998193,2.0,0.75,0.9936305732484076,1.0,0.9285714285714286,0.9797393212027359,0.9995004995004995,0.9952380952380951,143,0,1,13,157,14,8.92,0.2747794337488847,4.111005732299862e-08,0.999999102936487,0.08318504827927686
7777,21,G_all_focal_noW,15,0.09445828400021128,2.0,0.75,0.9936305732484076,1.0,0.9285714285714286,0.9797393212027359,0.9995004995004995,0.9952380952380951,143,0,1,13,157,14,8.92,0.267829472660541,0.0030491421560617637,0.9937400766591448,0.094300340220327
7777,21,LEGACY_A,14,0.11310427599983086,2.0,0.75,0.9936305732484076,1.0,0.9285714285714286,0.9797393212027359,0.999000999000999,0.9910714285714285,143,0,1,13,157,14,8.92,0.27543582336724415,4.159205682526408e-08,0.9999995234252619,0.08483885835860742
7777,22,E_all_ce_noW,15,0.12239562000013393,2.0,0.75,1.0,1.0,1.0,1.0,1.0,1.0,143,0,0,14,157,14,8.92,0.2783724264329885,3.3119662603797444e-08,0.9999987062346435,0.08688132403693283
7777,22,G_all_focal_noW,15,0.09577727499981847,2.0,0.75,1.0,1.0,1.0,1.0,1.0,1.0,143,0,0,14,157,14,8.92,0.26920881838011257,0.0031808849663254373,0.9943825245940577,0.0958917007845165
7777,22,LEGACY_A,14,0.1318986970009064,2.0,0.75,1.0,1.0,1.0,1.0,1.0,0.9999999999999999,143,0,0,14,157,14,8.92,0.27803352479373616,3.2577913585865476e-08,0.9999994992952619,0.08689158877804196
7777,23,E_all_ce_noW,15,0.11750375500014343,2.0,0.75,0.9808917197452229,0.9230769230769231,0.8571428571428571,0.9392179636082074,0.9965034965034965,0.969108669108669,142,1,2,12,157,14,8.92,0.2677185480440822,7.574683823820845e-08,0.9999989637626183,0.08276647549779016
7777,23,G_all_focal_noW,15,0.09667698000066594,2.0,0.75,0.9681528662420382,0.8461538461538461,0.7857142857142857,0.8986966060136792,0.9960039960039959,0.9643990929705215,141,2,3,11,157,14,8.92,0.25505408320528067,0.004338088328590743,0.9925019445055907,0.09517692822533184
7777,23,LEGACY_A,14,0.10739255600037723,2.0,0.75,0.9808917197452229,0.9230769230769231,0.8571428571428571,0.9392179636082074,0.9955044955044955,0.9655939298796441,142,1,2,12,157,14,8.92,0.27070618455132683,8.054062227040922e-08,0.9999995243195363,0.08321047572535685
7777,24,E_all_ce_noW,15,0.12338105399976484,2.0,0.75,0.9936305732484076,1.0,0.9285714285714286,0.9797393212027359,0.989010989010989,0.9563492063492063,143,0,1,13,157,14,8.92,0.27033344162712436,2.7631649103812265e-08,0.9999982517422787,0.08102430062566854
7777,24,G_all_focal_noW,15,0.09526571500009595,2.0,0.75,0.9936305732484076,1.0,0.9285714285714286,0.9797393212027359,0.989010989010989,0.9563492063492063,143,0,1,13,157,14,8.92,0.2595540167216939,0.0020987114990373705,0.9916545345020296,0.08874703832138063
7777,24,LEGACY_A,14,0.10821262299941736,2.0,0.75,0.9936305732484076,1.0,0.9285714285714286,0.9797393212027359,0.986013986013986,0.9523809523809524,143,0,1,13,157,14,8.92,0.2728564796172294,4.301512910027328e-08,0.9999996050596457,0.08318936278409256
7777,25,E_all_ce_noW,15,0.12365341500026261,2.0,0.75,0.9935897435897436,1.0,0.9230769230769231,0.9782578397212544,0.9994620763851534,0.9945054945054945,143,0,1,12,156,13,8.33,0.2647515187335418,4.219022547893432e-08,0.9999988949237428,0.07854134027246731
7777,25,G_all_focal_noW,15,0.10070389000065916,2.0,0.75,0.9935897435897436,1.0,0.9230769230769231,0.9782578397212544,0.9994620763851532,0.9945054945054945,143,0,1,12,156,13,8.33,0.25494025268159376,0.0037635943106237215,0.9920940715412497,0.08930402485757546
7777,25,LEGACY_A,14,0.40677833999961877,2.0,0.75,1.0,1.0,1.0,1.0,1.0,1.0,143,0,0,13,156,13,8.33,0.2706260802680908,3.1253983285542596e-08,0.9999995883545638,0.08128064642617037
9999,1,E_all_ce_noW,15,0.15576794000025984,2.0,0.75,0.9872611464968153,1.0,0.8571428571428571,0.9580662393162394,0.9880119880119881,0.9548872180451127,143,0,2,12,157,14,8.92,0.2587038204229136,3.8276815593464836e-08,0.9999979877212962,0.07539709086546735
9999,1,G_all_focal_noW,15,0.16337723400010873,2.0,0.75,0.9936305732484076,1.0,0.9285714285714286,0.9797393212027359,0.9920079920079921,0.9619047619047618,143,0,1,13,157,14,8.92,0.24173874242348947,0.0019809129036499804,0.9921740752833265,0.07904476909106556
9999,1,LEGACY_A,14,0.7364633850002065,2.0,0.75,0.9872611464968153,1.0,0.8571428571428571,0.9580662393162394,0.9785214785214786,0.9461152882205512,143,0,2,12,157,14,8.92,0.2574681849524641,3.775712693442055e-08,0.9999994863393976,0.07384023602460867
9999,2,E_all_ce_noW,15,0.2072852969995438,2.0,0.75,0.9936305732484076,1.0,0.9285714285714286,0.9797393212027359,1.0,0.9999999999999999,143,0,1,13,157,14,8.92,0.2752619070326089,3.09873457178283e-08,0.9999990419538748,0.08386191697445096
9999,2,G_all_focal_noW,15,0.14757318700048927,2.0,0.75,0.9936305732484076,1.0,0.9285714285714286,0.9797393212027359,0.9985014985014985,0.9873949579831932,143,0,1,13,157,14,8.92,0.2688789992369487,0.0022547445630060176,0.9957519705744591,0.100303174378243
9999,2,LEGACY_A,14,0.18624533099955443,2.0,0.75,0.9936305732484076,1.0,0.9285714285714286,0.9797393212027359,1.0,0.9999999999999998,143,0,1,13,157,14,8.92,0.2755569118206307,3.1807043544638935e-08,0.9999996568730656,0.08288686505487333
9999,3,E_all_ce_noW,15,0.2049821119999251,2.0,0.75,0.9936305732484076,0.9333333333333333,1.0,0.981004234724743,1.0,0.9999999999999998,142,1,0,14,157,14,8.92,0.28950008769799396,3.6698327078433964e-08,0.9999986691151848,0.09510159305746017
9999,3,G_all_focal_noW,15,0.18260039600045275,2.0,0.75,1.0,1.0,1.0,1.0,1.0,0.9999999999999999,143,0,0,14,157,14,8.92,0.27908121056540214,0.0025866777301357053,0.9940535116705479,0.10149481918898008
9999,3,LEGACY_A,14,0.1925726579993352,2.0,0.75,0.9936305732484076,0.9333333333333333,1.0,0.981004234724743,1.0,0.9999999999999999,142,1,0,14,157,14,8.92,0.2899815896053213,2.8723988293296807e-08,0.9999995893626067,0.0944198924943017
9999,4,E_all_ce_noW,15,0.21272184800000105,2.0,0.75,0.9745222929936306,0.9166666666666666,0.7857142857142857,0.9161324786324787,0.996003996003996,0.9661846925004818,142,1,3,11,157,14,8.92,0.26020329465117775,2.6838955651810142e-08,0.999999080185965,0.07586425562229163
9999,4,G_all_focal_noW,15,0.15251302299930103,2.0,0.75,0.9745222929936306,0.9166666666666666,0.7857142857142857,0.9161324786324787,0.992007992007992,0.9536891679748822,142,1,3,11,157,14,8.92,0.25227493597229833,0.0014941506674888015,0.9922546431654194,0.09031705226462831
9999,4,LEGACY_A,14,0.18709058900003583,2.0,0.75,0.9745222929936306,0.8571428571428571,0.8571428571428571,0.9215784215784215,0.9965034965034965,0.9716791979949874,141,2,2,12,157,14,8.92,0.27500753302508746,4.717962346915577e-08,0.9999996422451508,0.08794820789007277
9999,5,E_all_ce_noW,15,0.19574442199973419,2.0,0.75,0.9871794871794872,0.9230769230769231,0.9230769230769231,0.9580419580419581,0.9983862291554599,0.9855769230769227,142,1,1,12,156,13,8.33,0.2710706403018432,6.258634461672467e-08,0.9999981747305157,0.08147371892155383
9999,5,G_all_focal_noW,15,0.1449334489998364,2.0,0.75,0.9871794871794872,0.9230769230769231,0.9230769230769231,0.9580419580419581,0.9994620763851533,0.9945054945054945,142,1,1,12,156,13,8.33,0.26162921411222706,0.003281880214103758,0.9935582858411395,0.09088007289133983
9999,5,LEGACY_A,14,0.18056070500006172,2.0,0.75,0.9935897435897436,1.0,0.9230769230769231,0.9782578397212544,0.9989241527703067,0.9897435897435898,143,0,1,12,156,13,8.33,0.26645824844412574,5.1976089400748486e-08,0.9999996560473627,0.077944235536399
9999,6,E_all_ce_noW,15,0.21333420799965097,2.0,0.75,1.0,1.0,1.0,1.0,1.0,0.9999999999999999,143,0,0,14,157,14,8.92,0.2849288235352591,2.9711299262328076e-08,0.9999986804672995,0.08938125439698347
9999,6,G_all_focal_noW,15,0.15369714700045733,2.0,0.75,1.0,1.0,1.0,1.0,1.0,0.9999999999999999,143,0,0,14,157,14,8.92,0.2786456986893531,0.0026577991779099495,0.9936514179176356,0.1010956068058436
9999,6,LEGACY_A,14,0.19125775799966505,2.0,0.75,1.0,1.0,1.0,1.0,1.0,1.0,143,0,0,14,157,14,8.92,0.28496597258263534,3.527042550737264e-08,0.999999615066158,0.08925469300454798
9999,7,E_all_ce_noW,15,0.17640449900045496,2.0,0.75,0.9745222929936306,1.0,0.7142857142857143,0.9097701149425288,0.9995004995004995,0.9952380952380953,143,0,4,10,157,14,8.92,0.2441062874212398,1.0920916192328754e-07,0.9999985726397099,0.06612598179012819
9999,7,G_all_focal_noW,15,0.09036612099953345,2.0,0.75,0.9808917197452229,1.0,0.7857142857142857,0.9348096885813149,0.9985014985014985,0.9846415489272632,143,0,3,11,157,14,8.92,0.23810337091036696,0.0034426642749794036,0.9896931831733038,0.0812099588510311
9999,7,LEGACY_A,14,0.11160966500028735,2.0,0.75,0.9808917197452229,1.0,0.7857142857142857,0.9348096885813149,0.9995004995004995,0.9952380952380953,143,0,3,11,157,14,8.92,0.2549128171527445,5.4865757681910156e-08,0.9999995547638221,0.07050730116944681
9999,8,E_all_ce_noW,15,0.1382971640005053,2.0,0.75,0.9936305732484076,1.0,0.9285714285714286,0.9797393212027359,1.0,0.9999999999999999,143,0,1,13,157,14,8.92,0.27551873231663704,3.237459058301233e-08,0.9999989922454963,0.08372327607177421
9999,8,G_all_focal_noW,15,0.09508131200072967,2.0,0.75,0.9936305732484076,1.0,0.9285714285714286,0.9797393212027359,1.0,0.9999999999999999,143,0,1,13,157,14,8.92,0.26813786219489083,0.002277492178971927,0.9939441850538475,0.09382277937188804
9999,8,LEGACY_A,14,0.11581543000011152,2.0,0.75,1.0,1.0,1.0,1.0,1.0,0.9999999999999999,143,0,0,14,157,14,8.92,0.28496793121241454,2.784597731594998e-08,0.9999996265792876,0.08918885589463622
9999,9,E_all_ce_noW,15,0.12539853999987827,2.0,0.75,1.0,1.0,1.0,1.0,1.0,0.9999999999999999,143,0,0,14,157,14,8.92,0.27751011454947,3.18928719754693e-08,0.9999990586180691,0.08684414720100431
9999,9,G_all_focal_noW,15,0.09528061299988622,2.0,0.75,0.9936305732484076,1.0,0.9285714285714286,0.9797393212027359,1.0,0.9999999999999999,143,0,1,13,157,14,8.92,0.26650876707786725,0.003039251605496375,0.9929430789920979,0.09646703666425815
9999,9,LEGACY_A,14,0.11079355400033819,2.0,0.75,0.9936305732484076,1.0,0.9285714285714286,0.9797393212027359,0.9995004995004995,0.9952380952380951,143,0,1,13,157,14,8.92,0.27541627012246656,3.260520699195032e-08,0.999999675595125,0.08330263774350773
9999,10,E_all_ce_noW,15,0.13425231000019267,2.0,0.75,0.9743589743589743,0.8461538461538461,0.8461538461538461,0.916083916083916,0.9881656804733727,0.9389423076923076,141,2,2,11,156,13,8.33,0.27189641595687036,4.466335499317431e-08,0.9999989010364947,0.081859886524826
9999,10,G_all_focal_noW,15,0.09018097799980751,2.0,0.75,0.9743589743589743,0.8461538461538461,0.8461538461538461,0.916083916083916,0.9768692845615923,0.9098510185466706,141,2,2,11,156,13,8.33,0.2618185588462302,0.003067478420359925,0.9948502825792364,0.0902303723699779
9999,10,LEGACY_A,14,0.09978676799983077,2.0,0.75,0.9743589743589743,0.8461538461538461,0.8461538461538461,0.916083916083916,0.9795589026358257,0.9285256410256411,141,2,2,11,156,13,8.33,0.2767779463681868,7.552942793721987e-08,0.9999995222142628,0.08581173604873008
9999,11,E_all_ce_noW,15,0.12545066500024404,2.0,0.75,1.0,1.0,1.0,1.0,1.0,0.9999999999999998,143,0,0,14,157,14,8.92,0.27865805030549384,4.3474453633809414e-08,0.9999992274398346,0.08821559232323543
9999,11,G_all_focal_noW,15,0.09450498699970922,2.0,0.75,0.9936305732484076,1.0,0.9285714285714286,0.9797393212027359,1.0,0.9999999999999998,143,0,1,13,157,14,8.92,0.2705269376536542,0.0035751625472503,0.9947960005241023,0.09959153329466384
9999,11,LEGACY_A,14,0.11248482700011664,2.0,0.75,0.9936305732484076,0.9333333333333333,1.0,0.981004234724743,1.0,0.9999999999999998,142,1,0,14,157,14,8.92,0.28747682336890634,2.6671969075433365e-08,0.9999994750448145,0.09294416631901929
9999,12,E_all_ce_noW,15,0.10099568999976327,2.0,0.75,0.9745222929936306,1.0,0.7142857142857143,0.9097701149425288,0.9405594405594405,0.8641924987693457,143,0,4,10,157,14,8.92,0.24284510755772004,1.159830881073208e-07,0.9999971593533596,0.06436930926271524
9999,12,G_all_focal_noW,15,0.09946913299972948,2.0,0.75,0.9745222929936306,1.0,0.7142857142857143,0.9097701149425288,0.936063936063936,0.8524581195668852,143,0,4,10,157,14,8.92,0.2333812786997795,0.006077343441001453,0.9886825174033419,0.07077755145212776
9999,12,LEGACY_A,14,0.10052253899993957,2.0,0.75,0.9808917197452229,1.0,0.7857142857142857,0.9348096885813149,0.9315684315684316,0.8517917267917268,143,0,3,11,157,14,8.92,0.24852673137250014,4.275020494825765e-08,0.9999995519690641,0.06816736644610746
9999,13,E_all_ce_noW,15,0.12546432700037258,2.0,0.75,0.9872611464968153,1.0,0.8571428571428571,0.9580662393162394,0.9995004995004995,0.9952380952380951,143,0,2,12,157,14,8.92,0.26627841303977884,3.7350164644559336e-08,0.9999987373137634,0.07862852235417184
9999,13,G_all_focal_noW,15,0.09080407199962792,2.0,0.75,0.9872611464968153,1.0,0.8571428571428571,0.9580662393162394,0.9995004995004996,0.9952380952380951,143,0,2,12,157,14,8.92,0.25900110448049213,0.003973502717769248,0.9920476064899655,0.09683067361708048
9999,13,LEGACY_A,14,0.1120260280004004,2.0,0.75,0.9936305732484076,1.0,0.9285714285714286,0.9797393212027359,0.9995004995004995,0.9952380952380953,143,0,1,13,157,14,8.92,0.27511898664043005,3.5597247615258886e-08,0.99999963485184,0.08378054166393085
9999,14,E_all_ce_noW,15,0.12680179000017233,2.0,0.75,0.9745222929936306,0.8125,0.9285714285714286,0.9262910798122066,0.9975024975024975,0.9778711484593836,140,3,1,13,157,14,8.92,0.2975707595936881,3.359925224200438e-08,0.9999991645334799,0.10058068148861604
9999,14,G_all_focal_noW,15,0.0935610300002736,2.0,0.75,0.9745222929936306,0.8125,0.9285714285714286,0.9262910798122066,0.997002997002997,0.974002100840336,140,3,1,13,157,14,8.92,0.28024057478019637,0.0029548101820353525,0.9943891396094546,0.10797473093439684
9999,14,LEGACY_A,14,0.1316188910004712,2.0,0.75,0.9872611464968153,0.9285714285714286,0.9285714285714286,0.9607892107892109,0.9980019980019981,0.9822929171668666,142,1,1,13,157,14,8.92,0.283297804470938,2.6657345098199388e-08,0.9999996781103645,0.09214166668628566
9999,15,E_all_ce_noW,15,0.12260814199999004,2.0,0.75,1.0,1.0,1.0,1.0,1.0,1.0,143,0,0,13,156,13,8.33,0.2730789573058316,3.961238533551325e-08,0.9999990949452031,0.08226100389365462
9999,15,G_all_focal_noW,15,0.09828414599996904,2.0,0.75,1.0,1.0,1.0,1.0,1.0,1.0,143,0,0,13,156,13,8.33,0.2630298809548705,0.0026472660436704805,0.993806943010928,0.08784547893206864
9999,15,LEGACY_A,14,0.11413501200058818,2.0,0.75,1.0,1.0,1.0,1.0,1.0,1.0,143,0,0,13,156,13,8.33,0.276128355182999,3.2884334035432387e-08,0.9999996336725329,0.08325904776581708
9999,16,E_all_ce_noW,15,0.12347976799992466,2.0,0.75,0.9872611464968153,1.0,0.8571428571428571,0.9580662393162394,0.9995004995004995,0.9952380952380953,143,0,2,12,157,14,8.92,0.2648458142359358,4.430257082577147e-08,0.9999985153443283,0.07621909854771883
9999,16,G_all_focal_noW,15,0.09195868200004043,2.0,0.75,0.9872611464968153,1.0,0.8571428571428571,0.9580662393162394,0.9990009990009989,0.9901360544217687,143,0,2,12,157,14,8.92,0.24495429635917726,0.0024217016850743233,0.9943436583247947,0.0825953642511576
9999,16,LEGACY_A,14,0.11294214200006536,2.0,0.75,0.9872611464968153,1.0,0.8571428571428571,0.9580662393162394,0.999000999000999,0.9901360544217687,143,0,2,12,157,14,8.92,0.2650771716898998,5.641511915587143e-08,0.9999996473355035,0.07636644427863834
9999,17,E_all_ce_noW,15,0.11946736000027158,2.0,0.75,0.9808917197452229,0.9230769230769231,0.8571428571428571,0.9392179636082074,0.9925074925074925,0.9591836734693877,142,1,2,12,157,14,8.92,0.2747420494966663,2.7842132776610824e-08,0.9999993763323355,0.08273367622737546
9999,17,G_all_focal_noW,15,0.09459442500065052,2.0,0.75,0.9808917197452229,0.9230769230769231,0.8571428571428571,0.9392179636082074,0.9895104895104895,0.9528811524609844,142,1,2,12,157,14,8.92,0.26621731183896097,0.001776998080682403,0.9947173318831487,0.08979887515941672
9999,17,LEGACY_A,14,0.10935166299987031,2.0,0.75,0.9872611464968153,0.9285714285714286,0.9285714285714286,0.9607892107892109,0.9905094905094904,0.9588744588744587,142,1,1,13,157,14,8.92,0.2846935171439448,3.109359954572522e-08,0.9999996619252239,0.08908234031179176
9999,18,E_all_ce_noW,15,0.12409093800033588,2.0,0.75,0.9936305732484076,0.9333333333333333,1.0,0.981004234724743,1.0,0.9999999999999999,142,1,0,14,157,14,8.92,0.2839286584895471,3.352203855112049e-08,0.9999979706074786,0.09185228570380388
9999,18,G_all_focal_noW,15,0.09468342699983623,2.0,0.75,1.0,1.0,1.0,1.0,1.0,0.9999999999999999,143,0,0,14,157,14,8.92,0.2759213768963248,0.004025953061265421,0.9919278694767354,0.10398851703432281
9999,18,LEGACY_A,14,0.11259283100025641,2.0,0.75,0.9936305732484076,0.9333333333333333,1.0,0.981004234724743,1.0,0.9999999999999999,142,1,0,14,157,14,8.92,0.2867849073038737,3.14270778493083e-08,0.9999995783903463,0.09253358912520532
9999,19,E_all_ce_noW,15,0.13800876999994216,2.0,0.75,1.0,1.0,1.0,1.0,1.0,0.9999999999999999,143,0,0,14,157,14,8.92,0.27297745573418797,3.269815835544075e-08,0.9999987520267386,0.08580704457791055
9999,19,G_all_focal_noW,15,0.09169964599914238,2.0,0.75,0.9872611464968153,0.9285714285714286,0.9285714285714286,0.9607892107892109,0.9995004995004995,0.9952380952380951,142,1,1,13,157,14,8.92,0.2643792977207773,0.0031968816697260064,0.9930880457198611,0.09949979461622534
9999,19,LEGACY_A,14,0.11424964399975579,2.0,0.75,0.9936305732484076,1.0,0.9285714285714286,0.9797393212027359,1.0,0.9999999999999999,143,0,1,13,157,14,8.92,0.27184475862142204,2.6845854397995984e-08,0.9999995680910161,0.08412291945045514
9999,20,E_all_ce_noW,15,0.12883880600020348,2.0,0.75,1.0,1.0,1.0,1.0,1.0,0.9999999999999998,143,0,0,13,156,13,8.33,0.27752118605289156,3.406428595657528e-08,0.9999990593901485,0.08630955832535177
9999,20,G_all_focal_noW,15,0.10053853299996263,2.0,0.75,1.0,1.0,1.0,1.0,1.0,0.9999999999999998,143,0,0,13,156,13,8.33,0.2682997503916879,0.0024861496157765166,0.9942504281518993,0.09438904834778707
9999,20,LEGACY_A,14,0.11564714199994341,2.0,0.75,0.9935897435897436,0.9285714285714286,1.0,0.9797270955165691,1.0,1.0,142,1,0,13,156,13,8.33,0.2853881709501984,3.4681336681537955e-08,0.9999996230178352,0.0896433746356894
9999,21,E_all_ce_noW,15,0.12942244199984998,2.0,0.75,0.9872611464968153,1.0,0.8571428571428571,0.9580662393162394,0.8856143856143858,0.8723095898859081,143,0,2,12,157,14,8.92,0.2645830011337105,4.2472180445038306e-08,0.9999988476801105,0.07611998957474367
9999,21,G_all_focal_noW,15,0.0893111779996616,2.0,0.75,0.9872611464968153,1.0,0.8571428571428571,0.9580662393162394,0.878121878121878,0.8713709740188983,143,0,2,12,157,14,8.92,0.25625011572618617,0.0021394611260889067,0.99648345078658,0.07953633763630574
9999,21,LEGACY_A,14,0.10496291300023586,2.0,0.75,0.9872611464968153,1.0,0.8571428571428571,0.9580662393162394,0.885114885114885,0.872150133398011,143,0,2,12,157,14,8.92,0.26469681665260447,3.373500821782608e-08,0.9999995204622515,0.07615782418097937
9999,22,E_all_ce_noW,15,0.12847164000049816,2.0,0.75,0.9936305732484076,1.0,0.9285714285714286,0.9797393212027359,1.0,0.9999999999999999,143,0,1,13,157,14,8.92,0.27563484008471784,3.318232863951393e-08,0.9999992653066321,0.08524835816381697
9999,22,G_all_focal_noW,15,0.09895740899992234,2.0,0.75,0.9872611464968153,0.9285714285714286,0.9285714285714286,0.9607892107892109,0.999000999000999,0.9910714285714285,142,1,1,13,157,14,8.92,0.2690897028237124,0.002643733129206984,0.9948213346204363,0.09842200859458884
9999,22,LEGACY_A,14,0.11567947300045489,2.0,0.75,1.0,1.0,1.0,1.0,1.0,0.9999999999999999,143,0,0,14,157,14,8.92,0.28452734858001255,2.9500642713464506e-08,0.999999575195187,0.0891333174945531
9999,23,E_all_ce_noW,15,0.12157262099935906,2.0,0.75,0.9936305732484076,1.0,0.9285714285714286,0.9797393212027359,1.0,1.0,143,0,1,13,157,14,8.92,0.2687814136832142,5.398889902606592e-08,0.9999987615820993,0.08294324316430841
9999,23,G_all_focal_noW,15,0.11291818999961833,2.0,0.75,0.9872611464968153,1.0,0.8571428571428571,0.9580662393162394,1.0,1.0,143,0,2,12,157,14,8.92,0.2583206111486147,0.0032186853472399935,0.9927158776221273,0.0945709739299933
9999,23,LEGACY_A,14,0.11416017900046427,2.0,0.75,0.9936305732484076,1.0,0.9285714285714286,0.9797393212027359,1.0,1.0,143,0,1,13,157,14,8.92,0.2691534273270136,5.230589376752121e-08,0.9999995431569109,0.0829835917349499
9999,24,E_all_ce_noW,15,0.11951061000036134,2.0,0.75,0.9808917197452229,0.9230769230769231,0.8571428571428571,0.9392179636082074,0.9985014985014985,0.9846415489272632,142,1,2,12,157,14,8.92,0.2753951454026578,5.683270321252443e-08,0.999998784747772,0.08336224496611346
9999,24,G_all_focal_noW,15,0.09192572800020571,2.0,0.75,0.9808917197452229,0.9230769230769231,0.8571428571428571,0.9392179636082074,0.9985014985014985,0.985969387755102,142,1,2,12,157,14,8.92,0.26835702903723757,0.0030654411980517737,0.9908102857379532,0.09629865686449643
9999,24,LEGACY_A,14,0.11546959899987996,2.0,0.75,0.9808917197452229,0.9230769230769231,0.8571428571428571,0.9392179636082074,0.9980019980019981,0.9822929171668666,142,1,2,12,157,14,8.92,0.27348201276231476,2.9746887063461772e-08,0.9999996489692411,0.08390051874345766
9999,25,E_all_ce_noW,15,0.1238295980001567,2.0,0.75,0.9871794871794872,1.0,0.8461538461538461,0.9548611111111112,0.991393222162453,0.9575596816976126,143,0,2,11,156,13,8.33,0.2564662252059595,3.084667176410404e-08,0.9999985501787626,0.07239840981450332
9999,25,G_all_focal_noW,15,0.09302585299974453,2.0,0.75,0.9935897435897436,1.0,0.9230769230769231,0.9782578397212544,0.9774072081764389,0.9412587412587412,143,0,1,12,156,13,8.33,0.25274744659301,0.003333242059941432,0.9951163292084774,0.08612283699123968
9999,25,LEGACY_A,14,0.12970521399984136,2.0,0.75,0.9935897435897436,1.0,0.9230769230769231,0.9782578397212544,0.9827864443249059,0.9452991452991453,143,0,1,12,156,13,8.33,0.2652273050018311,2.9923798294402876e-08,0.999999631755578,0.0768708894674465
