seed,fold,arm,search_trials,n_features,fit_seconds,accuracy,precision,recall,macro_f1,auc_roc,auc_pr,tn,fp,fn,tp,n,n_positive,base_rate_pct,pred_std,pred_min,pred_max,pred_mean
42,1,Logistic Regression,0,47,0.0767268619999868,0.9681528662420382,0.7368421052631579,1.0,0.9153456270893994,0.9985014985014985,0.9859693877551019,138,5,0,14,157,14,8.92,0.2991352524420075,6.198089720244933e-10,0.9999999972372351,0.11867817142259533
42,1,Decision Tree,0,47,0.020490551000079904,0.9808917197452229,0.8235294117647058,1.0,0.946312549868916,0.9895104895104896,0.8235294117647058,140,3,0,14,157,14,8.92,0.31073403611848327,0.0,1.0,0.10828025477707007
42,1,Random Forest,0,47,2.391976535000026,0.9936305732484076,1.0,0.9285714285714286,0.9797393212027359,1.0,0.9999999999999998,143,0,1,13,157,14,8.92,0.24303125569580744,0.0,0.99,0.08764331210191081
42,1,XGBoost,0,47,0.3515341369999305,0.9936305732484076,0.9333333333333333,1.0,0.981004234724743,1.0,1.0,142,1,0,14,157,14,8.92,0.2816435992717743,8.961145795183256e-05,0.9993789196014404,0.09862753003835678
42,1,LightGBM,0,47,0.4399819170000683,1.0,1.0,1.0,1.0,1.0,0.9999999999999998,143,0,0,14,157,14,8.92,0.2840283071915198,7.773191776720131e-08,0.9999989271978713,0.09013457201476689
42,1,CatBoost,0,47,7.273610961000031,1.0,1.0,1.0,1.0,1.0,0.9999999999999998,143,0,0,14,157,14,8.92,0.2715876310562062,5.900962205467623e-05,0.9962421289126723,0.08945194771991793
42,2,Logistic Regression,0,47,0.009809142999984033,0.9745222929936306,0.8571428571428571,0.8571428571428571,0.9215784215784215,0.995004995004995,0.9645021645021644,141,2,2,12,157,14,8.92,0.27757511549400443,4.1879023996535736e-10,0.9999999997603617,0.09831645351005008
42,2,Decision Tree,0,47,0.010113950999993904,0.9872611464968153,1.0,0.8571428571428571,0.9580662393162394,0.9285714285714286,0.8698817106460418,143,0,2,12,157,14,8.92,0.26568985496323827,0.0,1.0,0.07643312101910828
42,2,Random Forest,0,47,0.43171886899995116,0.9872611464968153,1.0,0.8571428571428571,0.9580662393162394,1.0,1.0,143,0,2,12,157,14,8.92,0.24538423018347208,0.0,1.0,0.08117834394904458
42,2,XGBoost,0,47,0.06289482300007876,0.9808917197452229,1.0,0.7857142857142857,0.9348096885813149,0.999000999000999,0.9901360544217688,143,0,3,11,157,14,8.92,0.25548872351646423,7.242465653689578e-05,0.9993990659713745,0.07746301591396332
42,2,LightGBM,0,47,0.1610528459999614,0.9872611464968153,1.0,0.8571428571428571,0.9580662393162394,0.9999999999999999,0.9999999999999998,143,0,2,12,157,14,8.92,0.26441545759412155,6.504868493883457e-08,0.9999991884929711,0.0767025346711034
42,2,CatBoost,0,47,4.977651049999963,0.9872611464968153,1.0,0.8571428571428571,0.9580662393162394,1.0,1.0,143,0,2,12,157,14,8.92,0.26140031003339365,7.965858589441396e-05,0.9980692901125657,0.07801400542056053
42,3,Logistic Regression,0,47,0.027069891999985884,0.9745222929936306,0.7777777777777778,1.0,0.9304078014184397,0.9975024975024974,0.9745225013082155,139,4,0,14,157,14,8.92,0.30660213128135183,3.597085956748978e-09,0.9999997073518542,0.12282281274175753
42,3,Decision Tree,0,47,0.012285665000035806,0.9808917197452229,0.8235294117647058,1.0,0.946312549868916,0.9895104895104896,0.8235294117647058,140,3,0,14,157,14,8.92,0.31073403611848327,0.0,1.0,0.10828025477707007
42,3,Random Forest,0,47,0.657748913999967,0.9936305732484076,0.9333333333333333,1.0,0.981004234724743,1.0,0.9999999999999998,142,1,0,14,157,14,8.92,0.2578441345306786,0.0,0.995,0.09496815286624202
42,3,XGBoost,0,47,0.073975216000008,0.9872611464968153,0.875,1.0,0.9631455399061033,0.9985014985014985,0.985969387755102,141,2,0,14,157,14,8.92,0.2906022071838379,5.1046194130321965e-05,0.999645471572876,0.09869536757469177
42,3,LightGBM,0,47,0.20266942800003562,0.9872611464968153,0.875,1.0,0.9631455399061033,0.9995004995004995,0.9952380952380953,141,2,0,14,157,14,8.92,0.3006857154591841,5.960499980283145e-08,0.9999985707387327,0.10147703784072964
42,3,CatBoost,0,47,3.7076220019999937,0.9872611464968153,0.9285714285714286,0.9285714285714286,0.9607892107892109,0.9990009990009989,0.9910714285714285,142,1,1,13,157,14,8.92,0.27413306516868596,5.234942003363703e-05,0.9973726949893241,0.09096315047058626
42,4,Logistic Regression,0,47,0.012344583000071907,1.0,1.0,1.0,1.0,1.0,0.9999999999999999,143,0,0,14,157,14,8.92,0.28277719821469033,2.518519054715769e-10,0.9999999987038057,0.09756201478981824
42,4,Decision Tree,0,47,0.010732467000025281,0.9936305732484076,1.0,0.9285714285714286,0.9797393212027359,0.9642857142857143,0.934940855323021,143,0,1,13,157,14,8.92,0.2755835369781393,0.0,1.0,0.08280254777070063
42,4,Random Forest,0,47,0.48273931999995057,0.9936305732484076,1.0,0.9285714285714286,0.9797393212027359,1.0,1.0,143,0,1,13,157,14,8.92,0.26083542526230524,0.0,1.0,0.0871656050955414
42,4,XGBoost,0,47,0.10034041399990201,0.9936305732484076,1.0,0.9285714285714286,0.9797393212027359,0.9990009990009989,0.9910714285714286,143,0,1,13,157,14,8.92,0.2739732265472412,9.151484846370295e-05,0.9994831085205078,0.08469466120004654
42,4,LightGBM,0,47,0.1944318949999797,0.9936305732484076,1.0,0.9285714285714286,0.9797393212027359,1.0,1.0,143,0,1,13,157,14,8.92,0.27641348737336197,5.7785116246142826e-08,0.9999996573186747,0.08600519852958406
42,4,CatBoost,0,47,3.5770075809999753,1.0,1.0,1.0,1.0,1.0,1.0,143,0,0,14,157,14,8.92,0.2750540867758562,7.561246535716108e-05,0.9982484221859642,0.0871150967499635
42,5,Logistic Regression,0,47,0.010762884999962807,0.9615384615384616,0.8181818181818182,0.6923076923076923,0.8645833333333333,0.9553523399677246,0.8237465149229855,141,2,4,9,156,13,8.33,0.24713651742835047,1.5636986045711064e-09,0.9999997227422761,0.08066664808287823
42,5,Decision Tree,0,47,0.012605632999907357,0.9807692307692307,1.0,0.7692307692307693,0.929592297276967,0.8846153846153846,0.7884615384615385,143,0,3,10,156,13,8.33,0.2449355535197795,0.0,1.0,0.0641025641025641
42,5,Random Forest,0,47,0.4316199789999473,0.9807692307692307,1.0,0.7692307692307693,0.929592297276967,0.9983862291554599,0.9855769230769229,143,0,3,10,156,13,8.33,0.22021848601523042,0.0,1.0,0.06932692307692309
42,5,XGBoost,0,47,0.06459165499995834,0.9807692307692307,1.0,0.7692307692307693,0.929592297276967,0.9897794513179129,0.9202865761689292,143,0,3,10,156,13,8.33,0.23734009265899658,0.0001281239528907463,0.9993496537208557,0.06594577431678772
42,5,LightGBM,0,47,0.28306014500003585,0.9807692307692307,1.0,0.7692307692307693,0.929592297276967,0.9983862291554599,0.9838264299802761,143,0,3,10,156,13,8.33,0.24228698599362566,6.768084515621094e-08,0.9999982490651056,0.06520804705182294
42,5,CatBoost,0,47,5.171418872999993,0.9807692307692307,1.0,0.7692307692307693,0.929592297276967,0.9967724583109198,0.9695730363151176,143,0,3,10,156,13,8.33,0.23203053764856946,6.163669283050109e-05,0.9975716536095496,0.06243571903890885
42,6,Logistic Regression,0,47,0.011362812000015765,0.9936305732484076,0.9333333333333333,1.0,0.981004234724743,1.0,0.9999999999999998,142,1,0,14,157,14,8.92,0.284818283131902,5.923358951672225e-10,0.999999999492724,0.1087770414191019
42,6,Decision Tree,0,47,0.010599845000001551,1.0,1.0,1.0,1.0,1.0,1.0,143,0,0,14,157,14,8.92,0.28499181300888016,0.0,1.0,0.08917197452229299
42,6,Random Forest,0,47,0.444734034000021,1.0,1.0,1.0,1.0,1.0,0.9999999999999999,143,0,0,14,157,14,8.92,0.2644138118194427,0.0,1.0,0.0920700636942675
42,6,XGBoost,0,47,0.058937327000080586,1.0,1.0,1.0,1.0,1.0,1.0,143,0,0,14,157,14,8.92,0.2838670015335083,8.202328899642453e-05,0.9996483325958252,0.08971186727285385
42,6,LightGBM,0,47,0.16850446800003738,1.0,1.0,1.0,1.0,1.0,0.9999999999999999,143,0,0,14,157,14,8.92,0.28496034827941324,5.477457304956187e-08,0.9999991151099125,0.08923843459919889
42,6,CatBoost,0,47,3.3680231609999964,1.0,1.0,1.0,1.0,1.0,0.9999999999999998,143,0,0,14,157,14,8.92,0.28199144238176926,8.229348604451615e-05,0.9976141550955964,0.08955115654225171
42,7,Logistic Regression,0,47,0.016005325000037374,0.9554140127388535,0.7692307692307693,0.7142857142857143,0.8581752484191508,0.9720279720279721,0.8523692810457515,140,3,4,10,157,14,8.92,0.2602454297219369,5.928536037050613e-10,0.9999999951267233,0.08703757693772814
42,7,Decision Tree,0,47,0.00988031500003217,0.9617834394904459,0.75,0.8571428571428571,0.8894366197183099,0.9145854145854146,0.6555959963603275,139,4,2,12,157,14,8.92,0.3025310085869533,0.0,1.0,0.10191082802547771
42,7,Random Forest,0,47,0.7644820660000278,0.9745222929936306,0.8571428571428571,0.8571428571428571,0.9215784215784215,0.9942557442557443,0.9463976499690784,141,2,2,12,157,14,8.92,0.2367105653753436,0.0,1.0,0.08617834394904458
42,7,XGBoost,0,47,0.282441896000023,0.9681528662420382,0.8,0.8571428571428571,0.9050211736237144,0.9875124875124874,0.9039562289562288,140,3,2,12,157,14,8.92,0.26627206802368164,0.00019469876133371145,0.9988981485366821,0.08790446072816849
42,7,LightGBM,0,47,0.438335592000044,0.9617834394904459,0.75,0.8571428571428571,0.8894366197183099,0.9935064935064936,0.9438243129419599,139,4,2,12,157,14,8.92,0.2980320738004329,1.1055357172587381e-07,0.9999990318446165,0.10032147562557085
42,7,CatBoost,0,47,3.9386684659999673,0.9681528662420382,0.8461538461538461,0.7857142857142857,0.8986966060136792,0.9905094905094906,0.936987615559044,141,2,3,11,157,14,8.92,0.25929502007739164,7.268658882814622e-05,0.998767047339814,0.0841372180860278
42,8,Logistic Regression,0,47,0.10152011800005312,0.9808917197452229,0.9230769230769231,0.8571428571428571,0.9392179636082074,0.993006993006993,0.948139579718527,142,1,2,12,157,14,8.92,0.2697832475021594,1.4539687292115804e-10,0.9999994814232687,0.08674446035218641
42,8,Decision Tree,0,47,0.02039718800006085,0.9872611464968153,1.0,0.8571428571428571,0.9580662393162394,0.9285714285714286,0.8698817106460418,143,0,2,12,157,14,8.92,0.2656898549632383,0.0,1.0,0.07643312101910828
42,8,Random Forest,0,47,0.6401350989999628,0.9872611464968153,1.0,0.8571428571428571,0.9580662393162394,1.0,0.9999999999999999,143,0,2,12,157,14,8.92,0.25038939206995714,0.0,1.0,0.0859235668789809
42,8,XGBoost,0,47,0.15467685200007963,0.9872611464968153,1.0,0.8571428571428571,0.9580662393162394,0.9965034965034965,0.9707341269841269,143,0,2,12,157,14,8.92,0.2571588456630707,7.159610686358064e-05,0.9992772936820984,0.07847650349140167
42,8,LightGBM,0,47,0.266994555999986,0.9872611464968153,1.0,0.8571428571428571,0.9580662393162394,1.0,0.9999999999999999,143,0,2,12,157,14,8.92,0.2661172039623477,4.7577543475656474e-08,0.9999992113638925,0.07847877331911411
42,8,CatBoost,0,47,4.177895189999958,0.9872611464968153,1.0,0.8571428571428571,0.9580662393162394,0.9960039960039959,0.9673202614379084,143,0,2,12,157,14,8.92,0.26260165200924,6.764202196606268e-05,0.9977784752612185,0.0799226387252767
42,9,Logistic Regression,0,47,0.011037184999963756,0.9808917197452229,0.8235294117647058,1.0,0.946312549868916,0.999000999000999,0.9910714285714284,140,3,0,14,157,14,8.92,0.3010820545767517,2.902978243816498e-10,0.9999999966080859,0.11365951518007668
42,9,Decision Tree,0,47,0.010214464999990014,0.9936305732484076,1.0,0.9285714285714286,0.9797393212027359,0.9642857142857143,0.934940855323021,143,0,1,13,157,14,8.92,0.2755835369781393,0.0,1.0,0.08280254777070063
42,9,Random Forest,0,47,0.4073475160000726,0.9936305732484076,1.0,0.9285714285714286,0.9797393212027359,1.0,0.9999999999999998,143,0,1,13,157,14,8.92,0.245393401744094,0.0,1.0,0.0828343949044586
42,9,XGBoost,0,47,0.06127976400000534,0.9936305732484076,1.0,0.9285714285714286,0.9797393212027359,1.0,1.0,143,0,1,13,157,14,8.92,0.2729257047176361,5.0903567171189934e-05,0.999349057674408,0.0843057706952095
42,9,LightGBM,0,47,0.18462652799996704,0.9936305732484076,1.0,0.9285714285714286,0.9797393212027359,1.0,1.0,143,0,1,13,157,14,8.92,0.2755148795184755,6.282854764844954e-08,0.9999992867337615,0.0828697045341759
42,9,CatBoost,0,47,3.209759900999984,0.9936305732484076,1.0,0.9285714285714286,0.9797393212027359,1.0,0.9999999999999999,143,0,1,13,157,14,8.92,0.2675926098985987,6.251885929475353e-05,0.9982705134715788,0.08283542081351605
42,10,Logistic Regression,0,47,0.010739883000042028,0.9935897435897436,0.9285714285714286,1.0,0.9797270955165691,0.9994620763851533,0.9945054945054943,142,1,0,13,156,13,8.33,0.2764934550625818,1.2072412358131899e-08,0.99999997692831,0.09709769152656292
42,10,Decision Tree,0,47,0.01003145399999994,0.9935897435897436,1.0,0.9230769230769231,0.9782578397212544,0.9615384615384616,0.9294871794871795,143,0,1,12,156,13,8.33,0.26646935501059654,0.0,1.0,0.07692307692307693
42,10,Random Forest,0,47,0.4391676879999977,0.9935897435897436,1.0,0.9230769230769231,0.9782578397212544,1.0,1.0,143,0,1,12,156,13,8.33,0.2255140663913632,0.0,1.0,0.0719551282051282
42,10,XGBoost,0,47,0.07838497399995958,0.9935897435897436,1.0,0.9230769230769231,0.9782578397212544,0.9956966110812265,0.9706959706959706,143,0,1,12,156,13,8.33,0.25396043062210083,9.330719331046566e-05,0.999211311340332,0.07640495151281357
42,10,LightGBM,0,47,0.15714702299999317,0.9935897435897436,1.0,0.9230769230769231,0.9782578397212544,1.0,0.9999999999999998,143,0,1,12,156,13,8.33,0.2652730195321402,5.280159038293832e-08,0.9999992829946797,0.07716231242140775
42,10,CatBoost,0,47,3.4012759579999283,0.9935897435897436,1.0,0.9230769230769231,0.9782578397212544,1.0,0.9999999999999998,143,0,1,12,156,13,8.33,0.2564539371416787,8.32106650940383e-05,0.9979226635026978,0.07659674498552328
42,11,Logistic Regression,0,47,0.08840680299999804,0.9936305732484076,0.9333333333333333,1.0,0.981004234724743,0.999000999000999,0.9901360544217686,142,1,0,14,157,14,8.92,0.27574980339576377,7.462622235413269e-10,0.9999999944268574,0.1044986675894448
42,11,Decision Tree,0,47,0.023029186000030677,0.9617834394904459,0.75,0.8571428571428571,0.8894366197183099,0.9145854145854146,0.6555959963603275,139,4,2,12,157,14,8.92,0.3025310085869533,0.0,1.0,0.10191082802547771
42,11,Random Forest,0,47,0.6594094189999851,0.9808917197452229,1.0,0.7857142857142857,0.9348096885813149,1.0,0.9999999999999998,143,0,3,11,157,14,8.92,0.2313448529609443,0.0,0.99,0.0794904458598726
42,11,XGBoost,0,47,0.20731799599991518,0.9872611464968153,1.0,0.8571428571428571,0.9580662393162394,1.0,0.9999999999999998,143,0,2,12,157,14,8.92,0.2601333558559418,8.201632590498775e-05,0.9990527033805847,0.07835029810667038
42,11,LightGBM,0,47,0.3094035259999828,0.9872611464968153,1.0,0.8571428571428571,0.9580662393162394,1.0,0.9999999999999999,143,0,2,12,157,14,8.92,0.2635913235370987,4.7620051353928884e-08,0.999999087679189,0.07660682043329724
42,11,CatBoost,0,47,4.2652317260000245,0.9872611464968153,1.0,0.8571428571428571,0.9580662393162394,1.0,0.9999999999999998,143,0,2,12,157,14,8.92,0.26256762129363204,7.524974386347587e-05,0.9970731371744392,0.08138685171100078
42,12,Logistic Regression,0,47,0.009539427000049727,0.9808917197452229,0.8666666666666667,0.9285714285714286,0.9430127041742287,0.971028971028971,0.9424603174603174,141,2,1,13,157,14,8.92,0.2950954415773774,4.051442993083345e-10,0.9999999959241472,0.10996804523516734
42,12,Decision Tree,0,47,0.010352869000030296,0.9936305732484076,0.9333333333333333,1.0,0.981004234724743,0.9965034965034966,0.9333333333333333,142,1,0,14,157,14,8.92,0.2939612932283905,0.0,1.0,0.09554140127388536
42,12,Random Forest,0,47,0.41133671700004015,0.9936305732484076,1.0,0.9285714285714286,0.9797393212027359,0.9975024975024975,0.981203007518797,143,0,1,13,157,14,8.92,0.26551316972209504,0.0,1.0,0.08977707006369427
42,12,XGBoost,0,47,0.05848782199996094,0.9872611464968153,0.9285714285714286,0.9285714285714286,0.9607892107892109,0.996003996003996,0.974025974025974,142,1,1,13,157,14,8.92,0.27855175733566284,6.68620559736155e-05,0.9993938207626343,0.09016212075948715
42,12,LightGBM,0,47,0.17261635499994554,0.9872611464968153,0.9285714285714286,0.9285714285714286,0.9607892107892109,0.9965034965034966,0.9761904761904763,142,1,1,13,157,14,8.92,0.2788028885418846,6.380816948688398e-08,0.9999989208267972,0.08819326522691665
42,12,CatBoost,0,47,3.2230369830000427,0.9872611464968153,0.9285714285714286,0.9285714285714286,0.9607892107892109,0.9975024975024975,0.981203007518797,142,1,1,13,157,14,8.92,0.27708594500182804,6.777333722166492e-05,0.99803273082937,0.0884773162308449
42,13,Logistic Regression,0,47,0.010125759000061407,0.9808917197452229,0.8235294117647058,1.0,0.946312549868916,0.9975024975024975,0.9778711484593836,140,3,0,14,157,14,8.92,0.2920179871734014,5.807364795471548e-10,0.9999999996991289,0.11020197117593823
42,13,Decision Tree,0,47,0.009807019000049877,0.9681528662420382,0.8461538461538461,0.7857142857142857,0.8986966060136792,0.8858641358641358,0.6839434450899419,141,2,3,11,157,14,8.92,0.2755835369781393,0.0,1.0,0.08280254777070063
42,13,Random Forest,0,47,0.41236712300008094,0.9936305732484076,1.0,0.9285714285714286,0.9797393212027359,1.0,0.9999999999999998,143,0,1,13,157,14,8.92,0.23666169302940326,0.0,1.0,0.08003184713375797
42,13,XGBoost,0,47,0.0973884380000527,0.9872611464968153,1.0,0.8571428571428571,0.9580662393162394,1.0,1.0,143,0,2,12,157,14,8.92,0.26136133074760437,8.46199836814776e-05,0.9992803931236267,0.08234658092260361
42,13,LightGBM,0,47,0.16381426700002066,0.9936305732484076,1.0,0.9285714285714286,0.9797393212027359,1.0,0.9999999999999999,143,0,1,13,157,14,8.92,0.2753794811750461,7.458406145376035e-08,0.9999990817613239,0.0840693553082803
42,13,CatBoost,0,47,3.326510497999948,0.9936305732484076,1.0,0.9285714285714286,0.9797393212027359,0.9995004995004995,0.9952380952380951,143,0,1,13,157,14,8.92,0.2643559400412327,7.187480349200646e-05,0.9979763355271158,0.08414093490569788
42,14,Logistic Regression,0,47,0.08817564000003131,0.9745222929936306,0.8571428571428571,0.8571428571428571,0.9215784215784215,0.9855144855144856,0.8947340358054643,141,2,2,12,157,14,8.92,0.26292877449307095,1.150859911243465e-10,0.9999999897446229,0.09173667959726356
42,14,Decision Tree,0,47,0.02042945299990606,0.9681528662420382,0.8,0.8571428571428571,0.9050211736237144,0.9180819180819182,0.6984531392174704,140,3,2,12,157,14,8.92,0.2939612932283905,0.0,1.0,0.09554140127388536
42,14,Random Forest,0,47,0.629348815999947,0.9808917197452229,1.0,0.7857142857142857,0.9348096885813149,0.9985014985014985,0.9846415489272631,143,0,3,11,157,14,8.92,0.23844474152823122,0.0,1.0,0.08420382165605095
42,14,XGBoost,0,47,0.15916643699995348,0.9745222929936306,0.9166666666666666,0.7857142857142857,0.9161324786324787,0.9975024975024975,0.9745225013082155,142,1,3,11,157,14,8.92,0.25004321336746216,0.00013695770758204162,0.9993127584457397,0.07753408700227737
42,14,LightGBM,0,47,0.26497197800006234,0.9872611464968153,1.0,0.8571428571428571,0.9580662393162394,0.9990009990009989,0.9910714285714285,143,0,2,12,157,14,8.92,0.25902520483779,6.749257275871264e-08,0.9999991366159964,0.07873715090993437
42,14,CatBoost,0,47,4.40364539299992,0.9872611464968153,1.0,0.8571428571428571,0.9580662393162394,0.9980019980019981,0.9815476190476189,143,0,2,12,157,14,8.92,0.2498486983936291,8.777100331623258e-05,0.9980873704579913,0.0763270641194957
42,15,Logistic Regression,0,47,0.010165045999997346,0.9935897435897436,0.9285714285714286,1.0,0.9797270955165691,0.9994620763851534,0.9945054945054943,142,1,0,13,156,13,8.33,0.28222824853924716,9.274091868504743e-10,0.9999999994188493,0.10136496584685158
42,15,Decision Tree,0,47,0.009207995999986451,0.9935897435897436,1.0,0.9230769230769231,0.9782578397212544,0.9615384615384616,0.9294871794871795,143,0,1,12,156,13,8.33,0.26646935501059654,0.0,1.0,0.07692307692307693
42,15,Random Forest,0,47,0.432098902000007,1.0,1.0,1.0,1.0,1.0,1.0,143,0,0,13,156,13,8.33,0.2508791248902944,0.0,1.0,0.08115384615384616
42,15,XGBoost,0,47,0.058688117000087914,0.9935897435897436,0.9285714285714286,1.0,0.9797270955165691,0.9994620763851533,0.9945054945054944,142,1,0,13,156,13,8.33,0.27332404255867004,5.736313687521033e-05,0.9994858503341675,0.08617281168699265
42,15,LightGBM,0,47,0.1905573590000813,1.0,1.0,1.0,1.0,1.0,1.0,143,0,0,13,156,13,8.33,0.27563131298145604,4.634518690376266e-08,0.9999989546678523,0.08315026543919735
42,15,CatBoost,0,47,3.3145217410000214,1.0,1.0,1.0,1.0,1.0,1.0,143,0,0,13,156,13,8.33,0.2687676287205552,6.244499390550046e-05,0.9979620787825942,0.08249186485070749
42,16,Logistic Regression,0,47,0.009592278000013721,0.9617834394904459,0.8333333333333334,0.7142857142857143,0.874198717948718,0.964035964035964,0.8865504024248487,141,2,4,10,157,14,8.92,0.25176031020104045,3.430579603956292e-09,0.9999999458062954,0.08224422311243197
42,16,Decision Tree,0,47,0.009260831000005965,0.9617834394904459,0.7857142857142857,0.7857142857142857,0.8823676323676324,0.8823676323676323,0.6364552190302872,140,3,3,11,157,14,8.92,0.2849918130088802,0.0,1.0,0.08917197452229299
42,16,Random Forest,0,47,0.4339575199999217,0.9808917197452229,1.0,0.7857142857142857,0.9348096885813149,0.997002997002997,0.9785714285714285,143,0,3,11,157,14,8.92,0.23580944760965553,0.0,1.0,0.08117834394904457
42,16,XGBoost,0,47,0.05510372699995969,0.9808917197452229,1.0,0.7857142857142857,0.9348096885813149,0.9935064935064934,0.9656084656084656,143,0,3,11,157,14,8.92,0.25186699628829956,0.00010279112757416442,0.9993973970413208,0.07437089085578918
42,16,LightGBM,0,47,0.14306630900000528,0.9808917197452229,1.0,0.7857142857142857,0.9348096885813149,0.9945054945054945,0.9614531431301617,143,0,3,11,157,14,8.92,0.2568297492268684,1.2112272324882995e-07,0.9999986028783492,0.07374217705166082
42,16,CatBoost,0,47,3.227999569000076,0.9872611464968153,1.0,0.8571428571428571,0.9580662393162394,0.995004995004995,0.9613617376775272,143,0,2,12,157,14,8.92,0.25556864388009626,7.146671817206348e-05,0.9984389819013897,0.07857817478659167
42,17,Logistic Regression,0,47,0.023053798999967512,0.9872611464968153,0.875,1.0,0.9631455399061033,0.9925074925074925,0.9122484658198943,141,2,0,14,157,14,8.92,0.2910127023326625,4.162076766716473e-10,0.9999999984041401,0.11238632134495959
42,17,Decision Tree,0,47,0.010764555000037035,0.9554140127388535,0.7692307692307693,0.7142857142857143,0.8581752484191508,0.8466533466533468,0.5749282564569189,140,3,4,10,157,14,8.92,0.2755835369781393,0.0,1.0,0.08280254777070063
42,17,Random Forest,0,47,0.6285253009999678,0.9808917197452229,0.9230769230769231,0.8571428571428571,0.9392179636082074,0.9985014985014985,0.9846415489272631,142,1,2,12,157,14,8.92,0.24103340708450338,0.0,1.0,0.08372611464968154
42,17,XGBoost,0,47,0.16864613500001724,0.9808917197452229,0.9230769230769231,0.8571428571428571,0.9392179636082074,0.9985014985014985,0.9846415489272631,142,1,2,12,157,14,8.92,0.26665031909942627,8.507267193635926e-05,0.9994673132896423,0.0847637727856636
42,17,LightGBM,0,47,0.27276880799990977,0.9808917197452229,0.9230769230769231,0.8571428571428571,0.9392179636082074,0.999000999000999,0.9901360544217688,142,1,2,12,157,14,8.92,0.27533773946806195,7.614880205110684e-08,0.9999994704349473,0.08453183494419456
42,17,CatBoost,0,47,4.473431742999992,0.9936305732484076,1.0,0.9285714285714286,0.9797393212027359,0.9995004995004995,0.9952380952380953,143,0,1,13,157,14,8.92,0.26765663267280126,5.9695049986597174e-05,0.9975604986226272,0.08720969431223041
42,18,Logistic Regression,0,47,0.012263081000014608,0.9872611464968153,0.875,1.0,0.9631455399061033,1.0,0.9999999999999999,141,2,0,14,157,14,8.92,0.2905738502622631,3.922191375917665e-10,0.9999999985617241,0.1117094854791809
42,18,Decision Tree,0,47,0.009919587000013053,0.9936305732484076,1.0,0.9285714285714286,0.9797393212027359,0.9642857142857143,0.934940855323021,143,0,1,13,157,14,8.92,0.2755835369781393,0.0,1.0,0.08280254777070063
42,18,Random Forest,0,47,0.4292103820000648,0.9936305732484076,1.0,0.9285714285714286,0.9797393212027359,1.0,0.9999999999999998,143,0,1,13,157,14,8.92,0.24121676729592983,0.0,1.0,0.08235668789808917
42,18,XGBoost,0,47,0.058304372000065996,1.0,1.0,1.0,1.0,1.0,0.9999999999999998,143,0,0,14,157,14,8.92,0.2795666456222534,6.519220914924517e-05,0.9996529817581177,0.08878783881664276
42,18,LightGBM,0,47,0.1714165729999877,1.0,1.0,1.0,1.0,1.0,1.0,143,0,0,14,157,14,8.92,0.2842740293168688,5.28088879895975e-08,0.9999988951971557,0.08899578888777106
42,18,CatBoost,0,47,3.3550042090000716,0.9936305732484076,1.0,0.9285714285714286,0.9797393212027359,1.0,0.9999999999999999,143,0,1,13,157,14,8.92,0.2651831522713099,6.813745163321448e-05,0.9978520039372435,0.08127940833877188
42,19,Logistic Regression,0,47,0.010642791999998735,0.9936305732484076,0.9333333333333333,1.0,0.981004234724743,1.0,0.9999999999999999,142,1,0,14,157,14,8.92,0.2873321329184351,1.0140429498542734e-09,0.9999999935388979,0.10616276294696778
42,19,Decision Tree,0,47,0.009504605000074662,1.0,1.0,1.0,1.0,1.0,1.0,143,0,0,14,157,14,8.92,0.28499181300888016,0.0,1.0,0.08917197452229299
42,19,Random Forest,0,47,0.43371225900000354,1.0,1.0,1.0,1.0,1.0,1.0,143,0,0,14,157,14,8.92,0.259308214547575,0.0,1.0,0.08703821656050954
42,19,XGBoost,0,47,0.06108502699999008,1.0,1.0,1.0,1.0,1.0,0.9999999999999999,143,0,0,14,157,14,8.92,0.2769568860530853,7.7652650361415e-05,0.9991453886032104,0.08796841651201248
42,19,LightGBM,0,47,0.1947603790000585,1.0,1.0,1.0,1.0,1.0,1.0,143,0,0,14,157,14,8.92,0.28423341187643697,5.359969947190446e-08,0.9999994698846283,0.08895608863177087
42,19,CatBoost,0,47,3.3691175039999735,0.9936305732484076,1.0,0.9285714285714286,0.9797393212027359,1.0,1.0,143,0,1,13,157,14,8.92,0.27299692146275745,5.6496659954322984e-05,0.9964646118990967,0.0852662629618197
42,20,Logistic Regression,0,47,0.017669162999936816,0.9871794871794872,0.9230769230769231,0.9230769230769231,0.9580419580419581,0.9978483055406132,0.9774161735700198,142,1,1,12,156,13,8.33,0.2684344954221322,5.507393224964363e-09,0.9999999951484038,0.09007921143758042
42,20,Decision Tree,0,47,0.009401299000046492,0.9871794871794872,1.0,0.8461538461538461,0.9548611111111112,0.9230769230769231,0.8589743589743589,143,0,2,11,156,13,8.33,0.25600930189379306,0.0,1.0,0.07051282051282051
42,20,Random Forest,0,47,0.6534736280000288,1.0,1.0,1.0,1.0,1.0,1.0,143,0,0,13,156,13,8.33,0.24869979736501938,0.0,1.0,0.08458333333333333
42,20,XGBoost,0,47,0.13396507799996016,1.0,1.0,1.0,1.0,1.0,1.0,143,0,0,13,156,13,8.33,0.26736390590667725,5.6185021094279364e-05,0.999572217464447,0.08242837339639664
42,20,LightGBM,0,47,0.3045070590000023,1.0,1.0,1.0,1.0,1.0,1.0,143,0,0,13,156,13,8.33,0.2753950402061289,5.284518976896358e-08,0.9999993941413781,0.08312967287680326
42,20,CatBoost,0,47,4.345147323999981,1.0,1.0,1.0,1.0,1.0,1.0,143,0,0,13,156,13,8.33,0.2663999351294406,7.501658142153036e-05,0.9981256045424226,0.08174329495435556
42,21,Logistic Regression,0,47,0.01169807500002662,0.9936305732484076,1.0,0.9285714285714286,0.9797393212027359,0.999000999000999,0.9910714285714286,143,0,1,13,157,14,8.92,0.2662321409229298,3.688473933859951e-10,0.999999991502896,0.08737704849597026
42,21,Decision Tree,0,47,0.009825652000017726,0.9872611464968153,0.9285714285714286,0.9285714285714286,0.9607892107892109,0.9607892107892109,0.868614324710776,142,1,1,13,157,14,8.92,0.28499181300888016,0.0,1.0,0.08917197452229299
42,21,Random Forest,0,47,0.43285929499995746,0.9872611464968153,1.0,0.8571428571428571,0.9580662393162394,1.0,1.0,143,0,2,12,157,14,8.92,0.24617300032927922,0.0,0.995,0.08111464968152866
42,21,XGBoost,0,47,0.057693051000001105,0.9872611464968153,1.0,0.8571428571428571,0.9580662393162394,1.0,0.9999999999999999,143,0,2,12,157,14,8.92,0.2641583979129791,9.559250611346215e-05,0.9997631907463074,0.0801844522356987
42,21,LightGBM,0,47,0.15120991699996011,0.9936305732484076,1.0,0.9285714285714286,0.9797393212027359,1.0,1.0,143,0,1,13,157,14,8.92,0.27441208326281247,7.494514054965805e-08,0.9999991521269954,0.08258965544139298
42,21,CatBoost,0,47,3.157264957999928,0.9872611464968153,1.0,0.8571428571428571,0.9580662393162394,0.9995004995004996,0.9952380952380953,143,0,2,12,157,14,8.92,0.25933215633999623,9.209314276437865e-05,0.9969712411088841,0.07668978941235537
42,22,Logistic Regression,0,47,0.009259474000032242,0.9872611464968153,0.9285714285714286,0.9285714285714286,0.9607892107892109,0.9760239760239762,0.944700460829493,142,1,1,13,157,14,8.92,0.2828419038497823,5.674106309323103e-10,0.9999999961773784,0.09779048844245534
42,22,Decision Tree,0,47,0.010230993999925886,0.9872611464968153,0.9285714285714286,0.9285714285714286,0.9607892107892109,0.9607892107892109,0.868614324710776,142,1,1,13,157,14,8.92,0.2849918130088802,0.0,1.0,0.08917197452229299
42,22,Random Forest,0,47,0.4042545790000531,0.9936305732484076,1.0,0.9285714285714286,0.9797393212027359,0.9990009990009989,0.9910714285714286,143,0,1,13,157,14,8.92,0.26005881536253805,0.0,1.0,0.08707006369426752
42,22,XGBoost,0,47,0.07605822899995474,0.9872611464968153,0.9285714285714286,0.9285714285714286,0.9607892107892109,0.9985014985014985,0.9873949579831931,142,1,1,13,157,14,8.92,0.278473824262619,8.384359534829855e-05,0.9994494318962097,0.08823498338460922
42,22,LightGBM,0,47,0.16268839199995,0.9936305732484076,1.0,0.9285714285714286,0.9797393212027359,0.9965034965034965,0.976190476190476,143,0,1,13,157,14,8.92,0.2775661823117974,5.622558413538338e-08,0.9999992093922343,0.08732472086479011
42,22,CatBoost,0,47,4.5715845480000326,0.9872611464968153,0.9285714285714286,0.9285714285714286,0.9607892107892109,0.9990009990009989,0.9910714285714285,142,1,1,13,157,14,8.92,0.2761605386292726,6.0616387254850315e-05,0.9981418481756428,0.08691978699792358
42,23,Logistic Regression,0,47,0.017850389000045652,0.9745222929936306,0.9166666666666666,0.7857142857142857,0.9161324786324787,0.9900099900099899,0.9284848951022056,142,1,3,11,157,14,8.92,0.250090015804003,4.278755236820823e-10,0.9999999757639261,0.08042433416147833
42,23,Decision Tree,0,47,0.012240203000033034,0.9745222929936306,0.9166666666666666,0.7857142857142857,0.9161324786324787,0.8893606393606392,0.7393463754928723,142,1,3,11,157,14,8.92,0.26568985496323827,0.0,1.0,0.07643312101910828
42,23,Random Forest,0,47,0.6424041719999423,0.9872611464968153,1.0,0.8571428571428571,0.9580662393162394,0.9995004995004995,0.9952380952380953,143,0,2,12,157,14,8.92,0.22988023117797138,0.0,1.0,0.07643312101910828
42,23,XGBoost,0,47,0.9751638200000343,0.9872611464968153,1.0,0.8571428571428571,0.9580662393162394,1.0,0.9999999999999999,143,0,2,12,157,14,8.92,0.26485806703567505,6.998059689067304e-05,0.9993677735328674,0.08397489041090012
42,23,LightGBM,0,47,0.2751544399999375,0.9936305732484076,1.0,0.9285714285714286,0.9797393212027359,1.0,0.9999999999999999,143,0,1,13,157,14,8.92,0.2610999441496585,7.09243227967984e-08,0.9999989100664808,0.07797859372693494
42,23,CatBoost,0,47,3.5071445720000156,0.9872611464968153,1.0,0.8571428571428571,0.9580662393162394,0.9995004995004995,0.9952380952380951,143,0,2,12,157,14,8.92,0.2552830650859041,6.730988072328543e-05,0.9977900177394977,0.07569309511016432
42,24,Logistic Regression,0,47,0.00954947600007472,0.9808917197452229,0.8666666666666667,0.9285714285714286,0.9430127041742287,0.9985014985014986,0.985969387755102,141,2,1,13,157,14,8.92,0.284191404761919,1.8040163590983788e-08,0.9999999595671846,0.11397950231160849
42,24,Decision Tree,0,47,0.009592338000061318,0.9872611464968153,0.9285714285714286,0.9285714285714286,0.9607892107892109,0.9607892107892109,0.868614324710776,142,1,1,13,157,14,8.92,0.2849918130088802,0.0,1.0,0.08917197452229299
42,24,Random Forest,0,47,0.40670010000008006,0.9808917197452229,1.0,0.7857142857142857,0.9348096885813149,1.0,0.9999999999999998,143,0,3,11,157,14,8.92,0.24113147705083007,0.0,1.0,0.0786624203821656
42,24,XGBoost,0,47,0.056620843000018795,0.9872611464968153,1.0,0.8571428571428571,0.9580662393162394,1.0,1.0,143,0,2,12,157,14,8.92,0.2625519633293152,7.235286466311663e-05,0.9992687106132507,0.07886181026697159
42,24,LightGBM,0,47,0.17714683799999875,0.9872611464968153,1.0,0.8571428571428571,0.9580662393162394,1.0,1.0,143,0,2,12,157,14,8.92,0.2644687448758708,5.58512041986229e-08,0.999999046295528,0.07713249688379002
42,24,CatBoost,0,47,3.2365977759999396,0.9936305732484076,1.0,0.9285714285714286,0.9797393212027359,1.0,0.9999999999999999,143,0,1,13,157,14,8.92,0.2634758916760697,8.041664169672914e-05,0.9976120075699101,0.08184941153914801
42,25,Logistic Regression,0,47,0.011947658000053707,0.9615384615384616,0.6842105263157895,1.0,0.8955357142857143,0.9967724583109199,0.9681776556776556,137,6,0,13,156,13,8.33,0.3034877968715452,7.438401866734734e-10,0.9999999997786759,0.1253344953047042
42,25,Decision Tree,0,47,0.009741211000005023,0.9807692307692307,0.8571428571428571,0.9230769230769231,0.9391812865497076,0.9545454545454546,0.7976190476190476,141,2,1,12,156,13,8.33,0.2858140616616404,0.0,1.0,0.08974358974358974
42,25,Random Forest,0,47,0.40668594400005986,0.9935897435897436,0.9285714285714286,1.0,0.9797270955165691,0.9994620763851533,0.9945054945054944,142,1,0,13,156,13,8.33,0.2449660909694484,0.0,1.0,0.0933653846153846
42,25,XGBoost,0,47,0.07370335899997826,0.9935897435897436,0.9285714285714286,1.0,0.9797270955165691,0.99838622915546,0.9821780783319243,142,1,0,13,156,13,8.33,0.2732909619808197,6.630103598581627e-05,0.999167799949646,0.09281623363494873
42,25,LightGBM,0,47,0.15874196200002189,0.9935897435897436,0.9285714285714286,1.0,0.9797270955165691,0.9994620763851533,0.9945054945054945,142,1,0,13,156,13,8.33,0.28037033142526885,6.02462219286514e-08,0.999998487963533,0.08896619533465103
42,25,CatBoost,0,47,3.9226135709999426,0.9935897435897436,0.9285714285714286,1.0,0.9797270955165691,1.0,0.9999999999999998,142,1,0,13,156,13,8.33,0.2721996948439646,4.955365706900094e-05,0.9977769422381766,0.09651028442227805
123,1,Logistic Regression,0,47,0.08715139600008115,0.9681528662420382,0.7647058823529411,0.9285714285714286,0.9105209164481933,0.986013986013986,0.940819597069597,139,4,1,13,157,14,8.92,0.2889509764497681,2.673310621673461e-10,0.999999993530704,0.11023300589103958
123,1,Decision Tree,0,47,0.02246777100003783,0.9936305732484076,1.0,0.9285714285714286,0.9797393212027359,0.9642857142857143,0.934940855323021,143,0,1,13,157,14,8.92,0.2755835369781393,0.0,1.0,0.08280254777070063
123,1,Random Forest,0,47,0.6176603719999321,1.0,1.0,1.0,1.0,1.0,1.0,143,0,0,14,157,14,8.92,0.2511846208288289,0.0,1.0,0.09353503184713376
123,1,XGBoost,0,47,0.5237248500000078,0.9936305732484076,1.0,0.9285714285714286,0.9797393212027359,1.0,0.9999999999999998,143,0,1,13,157,14,8.92,0.26947149634361267,6.943087646504864e-05,0.9993994235992432,0.08786891400814056
123,1,LightGBM,0,47,0.26937016399995173,0.9936305732484076,1.0,0.9285714285714286,0.9797393212027359,0.9995004995004995,0.9952380952380951,143,0,1,13,157,14,8.92,0.27544094731898244,6.185368572068377e-08,0.9999992740441767,0.08471236244113858
123,1,CatBoost,0,47,3.484857101999978,1.0,1.0,1.0,1.0,1.0,0.9999999999999999,143,0,0,14,157,14,8.92,0.2747399167470732,6.868552480417249e-05,0.997456696828739,0.09023116480911877
123,2,Logistic Regression,0,47,0.009328590999984954,0.9808917197452229,0.9230769230769231,0.8571428571428571,0.9392179636082074,0.959040959040959,0.9143467643467642,142,1,2,12,157,14,8.92,0.26886134074371787,2.0835091857242577e-10,0.9999999940720796,0.09401064539865858
123,2,Decision Tree,0,47,0.00939947500000926,0.9745222929936306,0.8571428571428571,0.8571428571428571,0.9215784215784215,0.9215784215784216,0.747432731054205,141,2,2,12,157,14,8.92,0.2849918130088802,0.0,1.0,0.08917197452229299
123,2,Random Forest,0,47,0.41396309599997494,0.9681528662420382,0.9090909090909091,0.7142857142857143,0.8913494809688581,0.9972527472527473,0.9708460307199803,142,1,4,10,157,14,8.92,0.23531394356171348,0.0,1.0,0.07710191082802548
123,2,XGBoost,0,47,0.05544292100000803,0.9745222929936306,0.9166666666666666,0.7857142857142857,0.9161324786324787,0.996003996003996,0.964654080255584,142,1,3,11,157,14,8.92,0.2595910131931305,0.00010254696098854765,0.9993208646774292,0.07825353741645813
123,2,LightGBM,0,47,0.1746981080000296,0.9808917197452229,0.9230769230769231,0.8571428571428571,0.9392179636082074,0.9975024975024975,0.9745225013082155,142,1,2,12,157,14,8.92,0.25967777597766517,6.429406059479363e-08,0.999999492072789,0.07691441773161185
123,2,CatBoost,0,47,3.256479638999963,0.9872611464968153,1.0,0.8571428571428571,0.9580662393162394,0.9990009990009989,0.9910714285714285,143,0,2,12,157,14,8.92,0.2520484089291218,7.133438023015355e-05,0.9980813726449214,0.07706616740202046
123,3,Logistic Regression,0,47,0.010458136000011109,0.9936305732484076,0.9333333333333333,1.0,0.981004234724743,1.0,0.9999999999999999,142,1,0,14,157,14,8.92,0.2860568512177894,2.970794824752093e-10,0.9999999991388955,0.11260430888146616
123,3,Decision Tree,0,47,0.009150035999937245,1.0,1.0,1.0,1.0,1.0,1.0,143,0,0,14,157,14,8.92,0.2849918130088802,0.0,1.0,0.08917197452229299
123,3,Random Forest,0,47,0.42465926399995624,0.9936305732484076,1.0,0.9285714285714286,0.9797393212027359,1.0,0.9999999999999999,143,0,1,13,157,14,8.92,0.26060311262848657,0.0,1.0,0.08872611464968153
123,3,XGBoost,0,47,0.0604412320000165,1.0,1.0,1.0,1.0,1.0,0.9999999999999999,143,0,0,14,157,14,8.92,0.2758490741252899,5.749046249547973e-05,0.999197781085968,0.08817263692617416
123,3,LightGBM,0,47,0.17182196599992494,1.0,1.0,1.0,1.0,1.0,0.9999999999999999,143,0,0,14,157,14,8.92,0.2848068445795803,6.092555925666872e-08,0.9999985411644564,0.08912914317790932
123,3,CatBoost,0,47,4.107188514999962,1.0,1.0,1.0,1.0,1.0,1.0,143,0,0,14,157,14,8.92,0.2726696457905169,5.8763444982302944e-05,0.9965785297682307,0.08637909925593831
123,4,Logistic Regression,0,47,0.019703668999909496,0.9745222929936306,0.8125,0.9285714285714286,0.9262910798122066,0.9915084915084915,0.9113086161958341,140,3,1,13,157,14,8.92,0.287513465607927,6.4091500916517065e-09,0.999999996798647,0.11125198480293998
123,4,Decision Tree,0,47,0.01573142799998095,0.9745222929936306,0.8125,0.9285714285714286,0.9262910798122066,0.9537962037962038,0.760833712465878,140,3,1,13,157,14,8.92,0.3025310085869533,0.0,1.0,0.10191082802547771
123,4,Random Forest,0,47,0.652232020999918,0.9872611464968153,1.0,0.8571428571428571,0.9580662393162394,0.9985014985014985,0.9859693877551019,143,0,2,12,157,14,8.92,0.2390927294570885,0.0,1.0,0.08630573248407643
123,4,XGBoost,0,47,0.4647915369999964,0.9872611464968153,0.9285714285714286,0.9285714285714286,0.9607892107892109,0.9995004995004996,0.9952380952380953,142,1,1,13,157,14,8.92,0.26403096318244934,0.00013929470151197165,0.9995200634002686,0.08860383927822113
123,4,LightGBM,0,47,0.26894479999998566,0.9808917197452229,0.9230769230769231,0.8571428571428571,0.9392179636082074,0.9975024975024974,0.9760531135531135,142,1,2,12,157,14,8.92,0.27553677979683106,8.270727985302545e-08,0.9999991019249729,0.08618157950023819
123,4,CatBoost,0,47,3.613030016000039,0.9808917197452229,0.9230769230769231,0.8571428571428571,0.9392179636082074,0.9985014985014985,0.985969387755102,142,1,2,12,157,14,8.92,0.2671010941740137,6.638632539317863e-05,0.9980329899770845,0.08787229829187529
123,5,Logistic Regression,0,47,0.015170275000059519,0.9807692307692307,0.8571428571428571,0.9230769230769231,0.9391812865497076,0.9967724583109199,0.9727153188691648,141,2,1,12,156,13,8.33,0.2798813299694798,5.124346087043012e-09,0.9999999895268553,0.09426307977716136
123,5,Decision Tree,0,47,0.011588460999973904,0.9807692307692307,1.0,0.7692307692307693,0.929592297276967,0.8846153846153846,0.7884615384615385,143,0,3,10,156,13,8.33,0.24493555351977947,0.0,1.0,0.0641025641025641
123,5,Random Forest,0,47,0.46097320199999103,0.9871794871794872,1.0,0.8461538461538461,0.9548611111111112,1.0,1.0,143,0,2,11,156,13,8.33,0.23858859613041974,0.0,1.0,0.07419871794871795
123,5,XGBoost,0,47,0.06523816700007501,0.9871794871794872,1.0,0.8461538461538461,0.9548611111111112,1.0,1.0,143,0,2,11,156,13,8.33,0.25152304768562317,6.698229117318988e-05,0.9992932081222534,0.07374799251556396
123,5,LightGBM,0,47,0.17029177200004142,0.9935897435897436,1.0,0.9230769230769231,0.9782578397212544,1.0,1.0,143,0,1,12,156,13,8.33,0.2646967491306456,6.805129413387165e-08,0.9999992683115295,0.07658638675924294
123,5,CatBoost,0,47,3.512286675000041,0.9871794871794872,1.0,0.8461538461538461,0.9548611111111112,0.9983862291554598,0.9855769230769229,143,0,2,11,156,13,8.33,0.24815985972848748,7.555757807652593e-05,0.9981666396145844,0.07127783817257606
123,6,Logistic Regression,0,47,0.009456559000000198,0.9681528662420382,0.7368421052631579,1.0,0.9153456270893994,0.999000999000999,0.9901360544217686,138,5,0,14,157,14,8.92,0.31229988792405894,1.9753565853223097e-10,0.9999999991362767,0.12240577919147617
123,6,Decision Tree,0,47,0.008942365000052632,0.9872611464968153,0.9285714285714286,0.9285714285714286,0.9607892107892109,0.9607892107892109,0.868614324710776,142,1,1,13,157,14,8.92,0.2849918130088802,0.0,1.0,0.08917197452229299
123,6,Random Forest,0,47,0.4169552079999903,0.9872611464968153,0.9285714285714286,0.9285714285714286,0.9607892107892109,0.9995004995004995,0.9952380952380951,142,1,1,13,157,14,8.92,0.27339981032593835,0.0,1.0,0.09678343949044586
123,6,XGBoost,0,47,0.05713738500003274,0.9872611464968153,0.9285714285714286,0.9285714285714286,0.9607892107892109,0.9995004995004995,0.995238095238095,142,1,1,13,157,14,8.92,0.28317853808403015,7.941874355310574e-05,0.9996542930603027,0.09154322743415833
123,6,LightGBM,0,47,0.17511239599991768,0.9872611464968153,0.875,1.0,0.9631455399061033,0.999000999000999,0.9910714285714286,141,2,0,14,157,14,8.92,0.2956122707694099,5.559566881936432e-08,0.9999994890363297,0.09898200473059335
123,6,CatBoost,0,47,4.4328467130000035,0.9936305732484076,0.9333333333333333,1.0,0.981004234724743,1.0,0.9999999999999999,142,1,0,14,157,14,8.92,0.28470083895593185,7.222240892519468e-05,0.9980033351409173,0.09656999755104027
123,7,Logistic Regression,0,47,0.10591313500003707,0.9936305732484076,1.0,0.9285714285714286,0.9797393212027359,0.989010989010989,0.9563492063492063,143,0,1,13,157,14,8.92,0.2611760136987874,3.2074758931498213e-10,0.9999999998440148,0.08528369087446536
123,7,Decision Tree,0,47,0.02284570800009078,0.9936305732484076,1.0,0.9285714285714286,0.9797393212027359,0.9642857142857143,0.934940855323021,143,0,1,13,157,14,8.92,0.2755835369781393,0.0,1.0,0.08280254777070063
123,7,Random Forest,0,47,0.6563090929998907,0.9936305732484076,1.0,0.9285714285714286,0.9797393212027359,1.0,1.0,143,0,1,13,157,14,8.92,0.23895902127867125,0.0,1.0,0.08098726114649682
123,7,XGBoost,0,47,0.1332371159999184,1.0,1.0,1.0,1.0,1.0,0.9999999999999998,143,0,0,14,157,14,8.92,0.27084702253341675,6.302734982455149e-05,0.9996107220649719,0.08625998347997665
123,7,LightGBM,0,47,0.2862408900000446,0.9936305732484076,1.0,0.9285714285714286,0.9797393212027359,1.0,0.9999999999999999,143,0,1,13,157,14,8.92,0.27709577596786217,4.2989392918009327e-08,0.9999989237480081,0.08576059973807947
123,7,CatBoost,0,47,3.3381946429999516,1.0,1.0,1.0,1.0,1.0,0.9999999999999999,143,0,0,14,157,14,8.92,0.27533040184891383,7.099136269584e-05,0.998016274156878,0.08784446096315579
123,8,Logistic Regression,0,47,0.019216030000052342,0.9681528662420382,0.7647058823529411,0.9285714285714286,0.9105209164481933,0.97002997002997,0.9009713500784928,139,4,1,13,157,14,8.92,0.27429530502974564,1.9162975195663628e-09,0.9999994317973253,0.10141031776334072
123,8,Decision Tree,0,47,0.010125984000069366,0.9681528662420382,0.8461538461538461,0.7857142857142857,0.8986966060136792,0.8858641358641358,0.6839434450899419,141,2,3,11,157,14,8.92,0.27558353697813925,0.0,1.0,0.08280254777070063
123,8,Random Forest,0,47,0.42293945699998403,0.9745222929936306,1.0,0.7142857142857143,0.9097701149425288,0.9955044955044955,0.9620225013082155,143,0,4,10,157,14,8.92,0.21559164594089691,0.0,1.0,0.07098726114649681
123,8,XGBoost,0,47,0.05743331900009707,0.9745222929936306,1.0,0.7142857142857143,0.9097701149425288,0.9875124875124875,0.9450019092876236,143,0,4,10,157,14,8.92,0.2330770641565323,0.00010847302473848686,0.9991350769996643,0.06609047204256058
123,8,LightGBM,0,47,0.1622907450000639,0.9872611464968153,1.0,0.8571428571428571,0.9580662393162394,0.9975024975024975,0.981203007518797,143,0,2,12,157,14,8.92,0.25855219249215255,7.916119436041108e-08,0.9999991134952239,0.07431135546419772
123,8,CatBoost,0,47,3.202449615999967,0.9808917197452229,1.0,0.7857142857142857,0.9348096885813149,0.9965034965034965,0.9706064612079648,143,0,3,11,157,14,8.92,0.24558654264861698,5.436617404013369e-05,0.9967884727767272,0.0721247960031288
123,9,Logistic Regression,0,47,0.010331556000096498,0.9936305732484076,0.9333333333333333,1.0,0.981004234724743,1.0,0.9999999999999999,142,1,0,14,157,14,8.92,0.276965964436104,2.60423460276722e-09,0.9999999939832618,0.10245845168581962
123,9,Decision Tree,0,47,0.009478963999981715,1.0,1.0,1.0,1.0,1.0,1.0,143,0,0,14,157,14,8.92,0.28499181300888016,0.0,1.0,0.08917197452229299
123,9,Random Forest,0,47,0.4428275669999948,1.0,1.0,1.0,1.0,1.0,1.0,143,0,0,14,157,14,8.92,0.2525482646720898,0.0,1.0,0.08923566878980893
123,9,XGBoost,0,47,0.058547473999965405,0.9936305732484076,1.0,0.9285714285714286,0.9797393212027359,0.9999999999999999,1.0,143,0,1,13,157,14,8.92,0.27498355507850647,8.799845090834424e-05,0.9995555281639099,0.08724330365657806
123,9,LightGBM,0,47,0.17823020700006964,1.0,1.0,1.0,1.0,1.0,1.0,143,0,0,14,157,14,8.92,0.28055289926986643,6.101341395536205e-08,0.9999990571237987,0.08771967269334921
123,9,CatBoost,0,47,4.283592284999941,0.9936305732484076,1.0,0.9285714285714286,0.9797393212027359,1.0,0.9999999999999999,143,0,1,13,157,14,8.92,0.27114843747154327,5.859475493025273e-05,0.9975072229073831,0.08396377565658977
123,10,Logistic Regression,0,47,0.0974742429999651,0.9807692307692307,0.8571428571428571,0.9230769230769231,0.9391812865497076,0.9973103819257666,0.9786324786324785,141,2,1,12,156,13,8.33,0.275282279803173,3.0810339261329765e-10,0.9999999811103003,0.09315647397707304
123,10,Decision Tree,0,47,0.021220500000026732,0.9807692307692307,0.9166666666666666,0.8461538461538461,0.9347735191637631,0.9195804195804197,0.7884615384615383,142,1,2,11,156,13,8.33,0.26646935501059654,0.0,1.0,0.07692307692307693
123,10,Random Forest,0,47,0.6945709679999936,1.0,1.0,1.0,1.0,1.0,1.0,143,0,0,13,156,13,8.33,0.24036927301466582,0.0,1.0,0.07762820512820512
123,10,XGBoost,0,47,0.11162679700009903,0.9935897435897436,1.0,0.9230769230769231,0.9782578397212544,1.0,0.9999999999999998,143,0,1,12,156,13,8.33,0.2603258192539215,4.65706289105583e-05,0.999388575553894,0.07886970043182373
123,10,LightGBM,0,47,0.25237256000002617,0.9935897435897436,1.0,0.9230769230769231,0.9782578397212544,1.0,0.9999999999999998,143,0,1,12,156,13,8.33,0.2662170596405578,5.6083685879856443e-08,0.9999992702405726,0.07757330378900758
123,10,CatBoost,0,47,3.335443424999994,0.9935897435897436,1.0,0.9230769230769231,0.9782578397212544,0.9983862291554599,0.9855769230769231,143,0,1,12,156,13,8.33,0.25243199465978844,7.166464005756841e-05,0.9979456269274932,0.07438002524579816
123,11,Logistic Regression,0,47,0.010168668999995134,0.9872611464968153,1.0,0.8571428571428571,0.9580662393162394,0.8771228771228772,0.871267540832758,143,0,2,12,157,14,8.92,0.26459185858742,3.041705446597744e-11,0.9999999997711166,0.08132606276274294
123,11,Decision Tree,0,47,0.008678049999957693,0.9745222929936306,0.9166666666666666,0.7857142857142857,0.9161324786324787,0.8893606393606392,0.7393463754928723,142,1,3,11,157,14,8.92,0.26568985496323827,0.0,1.0,0.07643312101910828
123,11,Random Forest,0,47,0.416345543000034,0.9872611464968153,1.0,0.8571428571428571,0.9580662393162394,0.9907592407592407,0.942063492063492,143,0,2,12,157,14,8.92,0.2309482952869475,0.0,1.0,0.07038216560509554
123,11,XGBoost,0,47,0.05333176499993897,0.9872611464968153,1.0,0.8571428571428571,0.9580662393162394,0.8686313686313686,0.8705656759348033,143,0,2,12,157,14,8.92,0.26084643602371216,0.0001393155544064939,0.9988269209861755,0.07699725776910782
123,11,LightGBM,0,47,0.14704347199995027,0.9872611464968153,1.0,0.8571428571428571,0.9580662393162394,0.8771228771228771,0.8712698583082867,143,0,2,12,157,14,8.92,0.2652010262621838,6.402138238288382e-08,0.999998980112874,0.07632738291791112
123,11,CatBoost,0,47,3.307224904000009,0.9872611464968153,1.0,0.8571428571428571,0.9580662393162394,0.9765234765234766,0.9103525881470367,143,0,2,12,157,14,8.92,0.25637134954452995,7.027105766434101e-05,0.9986201296466477,0.07458896392697849
123,12,Logistic Regression,0,47,0.00918844300008459,0.9745222929936306,0.9166666666666666,0.7857142857142857,0.9161324786324787,0.956043956043956,0.8786917205906752,142,1,3,11,157,14,8.92,0.25024426376890785,1.7206487201393569e-10,0.9999999610889518,0.08026725387338021
123,12,Decision Tree,0,47,0.012929267000004074,0.9681528662420382,0.9090909090909091,0.7142857142857143,0.8913494809688581,0.8536463536463537,0.6748283563570188,142,1,4,10,157,14,8.92,0.2552543300575016,0.0,1.0,0.07006369426751592
123,12,Random Forest,0,47,0.4050927020000472,0.9681528662420382,1.0,0.6428571428571429,0.8827132825339907,0.9985014985014985,0.9859693877551019,143,0,5,9,157,14,8.92,0.2115423991074765,0.0,1.0,0.06761146496815287
123,12,XGBoost,0,47,0.051499485000022105,0.9617834394904459,1.0,0.5714285714285714,0.8533623910336239,0.989010989010989,0.9242424242424243,143,0,6,8,157,14,8.92,0.22207011282444,0.00014838205242995173,0.9992590546607971,0.05907801538705826
123,12,LightGBM,0,47,0.15613261399994371,0.9681528662420382,1.0,0.6428571428571429,0.8827132825339907,0.999000999000999,0.9910714285714284,143,0,5,9,157,14,8.92,0.23165197516553904,6.932512736699536e-08,0.9999994305232515,0.06000078378531195
123,12,CatBoost,0,47,4.417869881000001,0.9745222929936306,1.0,0.7142857142857143,0.9097701149425288,0.994005994005994,0.9501105705440069,143,0,4,10,157,14,8.92,0.23021734610833022,7.093780942832079e-05,0.997910847110386,0.06437923451501046
123,13,Logistic Regression,0,47,0.02061243800005741,0.9745222929936306,0.7777777777777778,1.0,0.9304078014184397,0.9980019980019981,0.9786891679748821,139,4,0,14,157,14,8.92,0.3063847705247389,8.196461969170323e-10,0.9999994057291565,0.1255131805548417
123,13,Decision Tree,0,47,0.009972193000066909,0.9808917197452229,0.8235294117647058,1.0,0.946312549868916,0.9895104895104896,0.8235294117647058,140,3,0,14,157,14,8.92,0.31073403611848327,0.0,1.0,0.10828025477707007
123,13,Random Forest,0,47,0.6340114370000265,0.9872611464968153,0.9285714285714286,0.9285714285714286,0.9607892107892109,0.9985014985014985,0.9873949579831932,142,1,1,13,157,14,8.92,0.2607162449167746,0.0,1.0,0.09433121019108281
123,13,XGBoost,0,47,0.10776708299999882,0.9872611464968153,0.9285714285714286,0.9285714285714286,0.9607892107892109,0.999000999000999,0.9910714285714284,142,1,1,13,157,14,8.92,0.2840079963207245,7.373702828772366e-05,0.9997056126594543,0.09389667212963104
123,13,LightGBM,0,47,0.30353101200000765,0.9872611464968153,0.9285714285714286,0.9285714285714286,0.9607892107892109,0.9985014985014984,0.9873949579831932,142,1,1,13,157,14,8.92,0.2851715937040751,9.564560661566915e-08,0.9999984103898765,0.09134545900957629
123,13,CatBoost,0,47,3.568681250000054,0.9872611464968153,0.9285714285714286,0.9285714285714286,0.9607892107892109,0.999000999000999,0.9910714285714285,142,1,1,13,157,14,8.92,0.2751034443172775,5.9532768714783816e-05,0.9974976666936497,0.09013636053741615
123,14,Logistic Regression,0,47,0.010967361000098208,0.9745222929936306,0.7777777777777778,1.0,0.9304078014184397,0.998001998001998,0.9815476190476189,139,4,0,14,157,14,8.92,0.3036468285127532,2.6301987015251923e-09,0.9999999994659563,0.1154473388496863
123,14,Decision Tree,0,47,0.010413629000026958,0.9872611464968153,0.9285714285714286,0.9285714285714286,0.9607892107892109,0.9607892107892109,0.868614324710776,142,1,1,13,157,14,8.92,0.2849918130088802,0.0,1.0,0.08917197452229299
123,14,Random Forest,0,47,0.45365464099995734,0.9936305732484076,1.0,0.9285714285714286,0.9797393212027359,1.0,0.9999999999999998,143,0,1,13,157,14,8.92,0.2575919933458804,0.0,1.0,0.09187898089171977
123,14,XGBoost,0,47,0.05796810499998628,0.9936305732484076,0.9333333333333333,1.0,0.981004234724743,1.0,0.9999999999999998,142,1,0,14,157,14,8.92,0.281769335269928,0.0001072754748747684,0.9994015693664551,0.09258734434843063
123,14,LightGBM,0,47,0.17070016700006363,0.9936305732484076,0.9333333333333333,1.0,0.981004234724743,1.0,0.9999999999999999,142,1,0,14,157,14,8.92,0.29100193894596943,5.558931242235083e-08,0.9999989688937634,0.0946141647528156
123,14,CatBoost,0,47,3.25000804299998,0.9936305732484076,0.9333333333333333,1.0,0.981004234724743,1.0,0.9999999999999999,142,1,0,14,157,14,8.92,0.2826954252619426,5.795364716393007e-05,0.997860611326132,0.09347323455129389
123,15,Logistic Regression,0,47,0.009824364999985846,0.9743589743589743,0.8461538461538461,0.8461538461538461,0.916083916083916,0.9892415277030662,0.9323076923076921,141,2,2,11,156,13,8.33,0.2650121748849057,5.773018467203155e-09,0.999999981801953,0.09237154334812338
123,15,Decision Tree,0,47,0.011687259000041195,0.9871794871794872,1.0,0.8461538461538461,0.9548611111111112,0.9230769230769231,0.8589743589743589,143,0,2,11,156,13,8.33,0.25600930189379306,0.0,1.0,0.07051282051282051
123,15,Random Forest,0,47,0.43121925299999475,0.9871794871794872,1.0,0.8461538461538461,0.9548611111111112,1.0,1.0,143,0,2,11,156,13,8.33,0.24884069631659278,0.0,1.0,0.08301282051282051
123,15,XGBoost,0,47,0.05991726700005984,0.9871794871794872,1.0,0.8461538461538461,0.9548611111111112,0.9978483055406132,0.9794871794871796,143,0,2,11,156,13,8.33,0.25415945053100586,6.609720003325492e-05,0.9995239973068237,0.07508626580238342
123,15,LightGBM,0,47,0.16672516799997084,0.9871794871794872,1.0,0.8461538461538461,0.9548611111111112,1.0,1.0,143,0,2,11,156,13,8.33,0.2559631925882469,5.616458305665027e-08,0.9999988921359863,0.07145542662852698
123,15,CatBoost,0,47,4.22656113000005,0.9871794871794872,1.0,0.8461538461538461,0.9548611111111112,0.9989241527703067,0.9897435897435896,143,0,2,11,156,13,8.33,0.2538849886039887,6.177911333911855e-05,0.9977390125491601,0.0722568846639563
123,16,Logistic Regression,0,47,0.019249801999990268,0.9872611464968153,0.875,1.0,0.9631455399061033,0.9975024975024975,0.9745225013082155,141,2,0,14,157,14,8.92,0.28842929414751356,6.272127618710698e-09,0.9999999886859604,0.10715535101208458
123,16,Decision Tree,0,47,0.009771615999966343,0.9936305732484076,1.0,0.9285714285714286,0.9797393212027359,0.9642857142857143,0.934940855323021,143,0,1,13,157,14,8.92,0.2755835369781393,0.0,1.0,0.08280254777070063
123,16,Random Forest,0,47,0.6501069230000667,0.9872611464968153,1.0,0.8571428571428571,0.9580662393162394,1.0,0.9999999999999999,143,0,2,12,157,14,8.92,0.2249115160870217,0.0,1.0,0.07503184713375796
123,16,XGBoost,0,47,0.12856329500004904,0.9872611464968153,1.0,0.8571428571428571,0.9580662393162394,0.9985014985014985,0.9873949579831932,143,0,2,12,157,14,8.92,0.24854961037635803,5.8145142247667536e-05,0.9996144771575928,0.07452858239412308
123,16,LightGBM,0,47,0.2856197449999627,0.9872611464968153,1.0,0.8571428571428571,0.9580662393162394,1.0,0.9999999999999998,143,0,2,12,157,14,8.92,0.26670721953734167,6.005260936520017e-08,0.9999988500733624,0.07902783324830431
123,16,CatBoost,0,47,3.459560662000058,0.9872611464968153,1.0,0.8571428571428571,0.9580662393162394,1.0,0.9999999999999998,143,0,2,12,157,14,8.92,0.2556461498976589,6.8795441588521e-05,0.998242839564024,0.07832882641061577
123,17,Logistic Regression,0,47,0.009773881000000983,0.9681528662420382,0.7368421052631579,1.0,0.9153456270893994,0.9945054945054945,0.9413069073783358,138,5,0,14,157,14,8.92,0.29537706370138395,3.9031307517348073e-10,0.9999999967169111,0.11640809358861957
123,17,Decision Tree,0,47,0.009239159000003383,0.9936305732484076,0.9333333333333333,1.0,0.981004234724743,0.9965034965034966,0.9333333333333333,142,1,0,14,157,14,8.92,0.29396129322839043,0.0,1.0,0.09554140127388536
123,17,Random Forest,0,47,0.43644154399999024,0.9872611464968153,1.0,0.8571428571428571,0.9580662393162394,1.0,1.0,143,0,2,12,157,14,8.92,0.23452115126851142,0.0,1.0,0.08191082802547771
123,17,XGBoost,0,47,0.05864084100005584,0.9936305732484076,1.0,0.9285714285714286,0.9797393212027359,1.0,1.0,143,0,1,13,157,14,8.92,0.2667709290981293,6.0413000028347597e-05,0.9994910955429077,0.08532802015542984
123,17,LightGBM,0,47,0.15499479899995094,1.0,1.0,1.0,1.0,1.0,1.0,143,0,0,14,157,14,8.92,0.28061469327178395,7.051297001891795e-08,0.9999990856938534,0.08843478873936768
123,17,CatBoost,0,47,3.3129108779999115,0.9936305732484076,1.0,0.9285714285714286,0.9797393212027359,1.0,0.9999999999999999,143,0,1,13,157,14,8.92,0.26183895339734076,6.629730987888528e-05,0.9979097855205095,0.08397445947337362
123,18,Logistic Regression,0,47,0.01001279499996599,0.9872611464968153,0.875,1.0,0.9631455399061033,0.997002997002997,0.9650528043385185,141,2,0,14,157,14,8.92,0.30302573092818946,2.1469924997953406e-10,0.9999999956346424,0.12022197729556063
123,18,Decision Tree,0,47,0.009145781000029274,0.9745222929936306,0.7777777777777778,1.0,0.9304078014184397,0.9860139860139859,0.7777777777777778,139,4,0,14,157,14,8.92,0.3185987006471287,0.0,1.0,0.11464968152866242
123,18,Random Forest,0,47,0.4400638549999485,0.9872611464968153,0.875,1.0,0.9631455399061033,1.0,0.9999999999999999,141,2,0,14,157,14,8.92,0.27456973447342453,0.0,1.0,0.09821656050955414
123,18,XGBoost,0,47,0.06300282799998058,0.9872611464968153,0.875,1.0,0.9631455399061033,0.9970029970029971,0.9650528043385187,141,2,0,14,157,14,8.92,0.29852238297462463,7.408881356241181e-05,0.9993966817855835,0.10345692187547684
123,18,LightGBM,0,47,0.17630914699998357,0.9872611464968153,0.875,1.0,0.9631455399061033,1.0,0.9999999999999999,141,2,0,14,157,14,8.92,0.3022099425846745,5.06214822471996e-08,0.9999990504442723,0.10181792752351788
123,18,CatBoost,0,47,4.2255949869999085,0.9936305732484076,0.9333333333333333,1.0,0.981004234724743,1.0,0.9999999999999999,142,1,0,14,157,14,8.92,0.2868935398228206,6.677777178099576e-05,0.9980960128394025,0.09684331207056761
123,19,Logistic Regression,0,47,0.032101361999821165,0.9936305732484076,1.0,0.9285714285714286,0.9797393212027359,0.9975024975024975,0.981203007518797,143,0,1,13,157,14,8.92,0.2687548315702842,1.8348087021374347e-09,0.999999998564604,0.08799544127607835
123,19,Decision Tree,0,47,0.011139951000131987,0.9872611464968153,1.0,0.8571428571428571,0.9580662393162394,0.9285714285714286,0.8698817106460418,143,0,2,12,157,14,8.92,0.26568985496323827,0.0,1.0,0.07643312101910828
123,19,Random Forest,0,47,0.6358770679998997,1.0,1.0,1.0,1.0,1.0,1.0,143,0,0,14,157,14,8.92,0.259222972662075,0.0,1.0,0.09076433121019108
123,19,XGBoost,0,47,0.13323940400005085,0.9936305732484076,1.0,0.9285714285714286,0.9797393212027359,0.9995004995004995,0.9952380952380953,143,0,1,13,157,14,8.92,0.27150657773017883,5.4249361710390076e-05,0.999596893787384,0.0857512354850769
123,19,LightGBM,0,47,0.2831823319997966,0.9936305732484076,1.0,0.9285714285714286,0.9797393212027359,1.0,0.9999999999999999,143,0,1,13,157,14,8.92,0.2755144661814537,5.505479169707973e-08,0.9999990980747843,0.08294807052099562
123,19,CatBoost,0,47,3.7904042289999325,0.9936305732484076,1.0,0.9285714285714286,0.9797393212027359,0.999000999000999,0.9910714285714286,143,0,1,13,157,14,8.92,0.26949703739739744,0.00010300519947113238,0.997585237431345,0.08279646393225151
123,20,Logistic Regression,0,47,0.010519895000015822,0.9807692307692307,1.0,0.7692307692307693,0.929592297276967,0.9591178052716514,0.8810096153846152,143,0,3,10,156,13,8.33,0.24680674015357798,1.9527411105763505e-11,0.9999999925479394,0.07317373711025318
123,20,Decision Tree,0,47,0.01309243399987281,0.967948717948718,0.9,0.6923076923076923,0.882653828794945,0.8426573426573426,0.6487179487179487,142,1,4,9,156,13,8.33,0.24493555351977947,0.0,1.0,0.0641025641025641
123,20,Random Forest,0,47,0.42487730199991347,0.9871794871794872,1.0,0.8461538461538461,0.9548611111111112,0.9994620763851533,0.9945054945054945,143,0,2,11,156,13,8.33,0.22746677902605147,0.0,0.99,0.06939102564102564
123,20,XGBoost,0,47,0.055134973000122045,0.9871794871794872,1.0,0.8461538461538461,0.9548611111111112,0.9978483055406133,0.9819004524886876,143,0,2,11,156,13,8.33,0.25097033381462097,7.072075823089108e-05,0.9990243911743164,0.07381346076726913
123,20,LightGBM,0,47,0.1583115060000182,0.9935897435897436,1.0,0.9230769230769231,0.9782578397212544,0.994620763851533,0.9665551839464881,143,0,1,12,156,13,8.33,0.26066798655329093,6.689779484929915e-08,0.9999986532079403,0.07604963593122156
123,20,CatBoost,0,47,3.2804621769998903,0.9935897435897436,1.0,0.9230769230769231,0.9782578397212544,0.9994620763851534,0.9945054945054943,143,0,1,12,156,13,8.33,0.2603312895296379,6.866660469739766e-05,0.9968939523726439,0.07789939675861846
123,21,Logistic Regression,0,47,0.010997374999988097,0.9936305732484076,0.9333333333333333,1.0,0.981004234724743,1.0,0.9999999999999998,142,1,0,14,157,14,8.92,0.2909517267291295,3.4880462928804637e-09,0.9999999984789085,0.10388237921563255
123,21,Decision Tree,0,47,0.009847138000168343,0.9872611464968153,1.0,0.8571428571428571,0.9580662393162394,0.9285714285714286,0.8698817106460418,143,0,2,12,157,14,8.92,0.2656898549632383,0.0,1.0,0.07643312101910828
123,21,Random Forest,0,47,0.437257099000135,1.0,1.0,1.0,1.0,1.0,1.0,143,0,0,14,157,14,8.92,0.2569432396281406,0.0,1.0,0.08646496815286624
123,21,XGBoost,0,47,0.06533468600014203,1.0,1.0,1.0,1.0,1.0,0.9999999999999998,143,0,0,14,157,14,8.92,0.2834496796131134,5.4950756748439744e-05,0.9994491934776306,0.08971410989761353
123,21,LightGBM,0,47,0.16996672799996304,1.0,1.0,1.0,1.0,1.0,1.0,143,0,0,14,157,14,8.92,0.2849810612157961,5.440482940067483e-08,0.9999992519288688,0.0891771058200115
123,21,CatBoost,0,47,4.353244713000095,1.0,1.0,1.0,1.0,1.0,0.9999999999999998,143,0,0,14,157,14,8.92,0.2796863177817326,6.072136405546606e-05,0.9981876162670381,0.088113298494821
123,22,Logistic Regression,0,47,0.09465713300005518,0.9745222929936306,0.8125,0.9285714285714286,0.9262910798122066,0.9635364635364636,0.9208917301860502,140,3,1,13,157,14,8.92,0.2954950197331921,5.095232611339312e-10,0.9999999822256652,0.11038669119710832
123,22,Decision Tree,0,47,0.026639566000085324,0.9872611464968153,1.0,0.8571428571428571,0.9580662393162394,0.9285714285714286,0.8698817106460418,143,0,2,12,157,14,8.92,0.26568985496323827,0.0,1.0,0.07643312101910828
123,22,Random Forest,0,47,0.6578113979999216,0.9808917197452229,1.0,0.7857142857142857,0.9348096885813149,0.9985014985014986,0.9873949579831933,143,0,3,11,157,14,8.92,0.23865991730501718,0.0,0.995,0.07675159235668791
123,22,XGBoost,0,47,0.18242941599987716,0.9872611464968153,1.0,0.8571428571428571,0.9580662393162394,0.9945054945054945,0.9651360544217686,143,0,2,12,157,14,8.92,0.25840044021606445,0.00010901087807724252,0.9991349577903748,0.07745879143476486
123,22,LightGBM,0,47,0.2818187569998827,0.9808917197452229,1.0,0.7857142857142857,0.9348096885813149,0.9960039960039959,0.9679748822605965,143,0,3,11,157,14,8.92,0.25529224273153256,7.056469758807394e-08,0.9999988151180386,0.07236382243313977
123,22,CatBoost,0,47,3.2783112009999513,0.9808917197452229,1.0,0.7857142857142857,0.9348096885813149,0.995004995004995,0.9611721611721611,143,0,3,11,157,14,8.92,0.2529184465228766,6.121772200487031e-05,0.997978735964432,0.07392359175942112
123,23,Logistic Regression,0,47,0.00983288099996571,0.9490445859872612,0.65,0.9285714285714286,0.8680672268907563,0.9945054945054945,0.9531480424337566,136,7,1,13,157,14,8.92,0.306486612442335,2.7470120426079698e-09,0.9999999996910798,0.1296966127899008
123,23,Decision Tree,0,47,0.009185010000010152,0.9808917197452229,0.8666666666666667,0.9285714285714286,0.9430127041742287,0.9572927072927073,0.8111313315134971,141,2,1,13,157,14,8.92,0.2939612932283905,0.0,1.0,0.09554140127388536
123,23,Random Forest,0,47,0.410526063999896,0.9872611464968153,0.9285714285714286,0.9285714285714286,0.9607892107892109,0.9985014985014984,0.985969387755102,142,1,1,13,157,14,8.92,0.2533481746095579,0.0,1.0,0.09359872611464969
123,23,XGBoost,0,47,0.053857256999890524,0.9872611464968153,0.9285714285714286,0.9285714285714286,0.9607892107892109,0.9980019980019981,0.9822929171668667,142,1,1,13,157,14,8.92,0.27889829874038696,7.307427586056292e-05,0.9996516704559326,0.09131921082735062
123,23,LightGBM,0,47,0.1536466110001129,0.9872611464968153,0.875,1.0,0.9631455399061033,0.9985014985014985,0.9859693877551019,141,2,0,14,157,14,8.92,0.29909774905122966,7.22210729505154e-08,0.9999994623872676,0.10129567922116377
123,23,CatBoost,0,47,3.2288069290000294,0.9872611464968153,0.875,1.0,0.9631455399061033,0.9995004995004995,0.995238095238095,141,2,0,14,157,14,8.92,0.2837415329876832,6.969175118210913e-05,0.997805565261374,0.09936132351140425
123,24,Logistic Regression,0,47,0.009829097999954683,0.9745222929936306,0.9166666666666666,0.7857142857142857,0.9161324786324787,0.9945054945054945,0.9614531431301617,142,1,3,11,157,14,8.92,0.2510850369292084,8.806890708207598e-10,0.9999994634764523,0.08268408523896545
123,24,Decision Tree,0,47,0.009638509999831513,0.9808917197452229,0.9230769230769231,0.8571428571428571,0.9392179636082074,0.9250749250749252,0.8039476447119759,142,1,2,12,157,14,8.92,0.2755835369781393,0.0,1.0,0.08280254777070063
123,24,Random Forest,0,47,0.4101222509998479,1.0,1.0,1.0,1.0,1.0,0.9999999999999998,143,0,0,14,157,14,8.92,0.23681643442021827,0.0,1.0,0.08331210191082802
123,24,XGBoost,0,47,0.056313620999844716,0.9872611464968153,1.0,0.8571428571428571,0.9580662393162394,1.0,0.9999999999999999,143,0,2,12,157,14,8.92,0.2606974244117737,0.00010705371823860332,0.9986720085144043,0.08225000649690628
123,24,LightGBM,0,47,0.1490767049999704,0.9808917197452229,0.9230769230769231,0.8571428571428571,0.9392179636082074,0.999000999000999,0.9901360544217687,142,1,2,12,157,14,8.92,0.2688303566906479,7.19649277530098e-08,0.9999987351393556,0.08326191255633912
123,24,CatBoost,0,47,4.0513710549998905,0.9936305732484076,1.0,0.9285714285714286,0.9797393212027359,0.9985014985014985,0.9873949579831932,143,0,1,13,157,14,8.92,0.26040046530884275,9.212096415209211e-05,0.998252278331684,0.0810679093371705
123,25,Logistic Regression,0,47,0.09513063500003227,0.9871794871794872,0.8666666666666667,1.0,0.9607645875251509,1.0,1.0,141,2,0,13,156,13,8.33,0.2703798452059784,4.5565400929194777e-10,0.9999999971098412,0.09979881903660585
123,25,Decision Tree,0,47,0.02030593199992836,1.0,1.0,1.0,1.0,1.0,1.0,143,0,0,13,156,13,8.33,0.2763853991962833,0.0,1.0,0.08333333333333333
123,25,Random Forest,0,47,0.6262254800001301,0.9871794871794872,1.0,0.8461538461538461,0.9548611111111112,1.0,0.9999999999999999,143,0,2,11,156,13,8.33,0.2427385516103073,0.0,1.0,0.08173076923076926
123,25,XGBoost,0,47,0.30492418300013924,1.0,1.0,1.0,1.0,1.0,0.9999999999999998,143,0,0,13,156,13,8.33,0.26014798879623413,7.127742719603702e-05,0.9994162321090698,0.07909835875034332
123,25,LightGBM,0,47,0.3065918600000259,1.0,1.0,1.0,1.0,1.0,1.0,143,0,0,13,156,13,8.33,0.26994572267736394,6.993748959172049e-08,0.9999986635419289,0.08116585974544832
123,25,CatBoost,0,47,3.497168241000054,0.9935897435897436,1.0,0.9230769230769231,0.9782578397212544,1.0,1.0,143,0,1,12,156,13,8.33,0.25854700503919975,6.173775822886778e-05,0.9979679807958415,0.07721682690854004
456,1,Logistic Regression,0,47,0.011146677999931853,0.9681528662420382,0.8461538461538461,0.7857142857142857,0.8986966060136792,0.985014985014985,0.9100779967159276,141,2,3,11,157,14,8.92,0.2675288245818177,2.236773441060241e-10,0.999999925146271,0.09042560473294173
456,1,Decision Tree,0,47,0.009398336999993262,0.9872611464968153,1.0,0.8571428571428571,0.9580662393162394,0.9285714285714286,0.8698817106460418,143,0,2,12,157,14,8.92,0.2656898549632383,0.0,1.0,0.07643312101910828
456,1,Random Forest,0,47,0.410446304000061,0.9872611464968153,1.0,0.8571428571428571,0.9580662393162394,1.0,0.9999999999999998,143,0,2,12,157,14,8.92,0.24173112013046857,0.0,1.0,0.08331210191082801
456,1,XGBoost,0,47,0.06486585500010733,0.9872611464968153,1.0,0.8571428571428571,0.9580662393162394,0.999000999000999,0.9904761904761903,143,0,2,12,157,14,8.92,0.25384947657585144,0.00010872643179027364,0.9995489716529846,0.07723132520914078
456,1,LightGBM,0,47,0.1562951509999948,0.9872611464968153,1.0,0.8571428571428571,0.9580662393162394,1.0,0.9999999999999998,143,0,2,12,157,14,8.92,0.2656225369956443,6.388778549626167e-08,0.9999989014966767,0.07900722649906565
456,1,CatBoost,0,47,3.1903078949999326,0.9872611464968153,1.0,0.8571428571428571,0.9580662393162394,0.9985014985014985,0.9859693877551019,143,0,2,12,157,14,8.92,0.25793288409136134,5.7889883587971596e-05,0.9979765299829291,0.07652827451361059
456,2,Logistic Regression,0,47,0.010895774000118763,0.9745222929936306,0.8125,0.9285714285714286,0.9262910798122066,0.9950049950049951,0.9669476486246672,140,3,1,13,157,14,8.92,0.27913276527171826,4.604244091846665e-10,0.9999999974251312,0.09822506998800623
456,2,Decision Tree,0,47,0.011776694999980464,0.9872611464968153,1.0,0.8571428571428571,0.9580662393162394,0.9285714285714286,0.8698817106460418,143,0,2,12,157,14,8.92,0.26568985496323827,0.0,1.0,0.07643312101910828
456,2,Random Forest,0,47,0.4649573120000241,0.9936305732484076,1.0,0.9285714285714286,0.9797393212027359,1.0,1.0,143,0,1,13,157,14,8.92,0.2549646562608804,0.0,1.0,0.08627388535031848
456,2,XGBoost,0,47,0.06603737499995077,0.9936305732484076,1.0,0.9285714285714286,0.9797393212027359,0.9995004995004996,0.9952380952380953,143,0,1,13,157,14,8.92,0.2671523988246918,7.053641456877813e-05,0.9995089769363403,0.08474384248256683
456,2,LightGBM,0,47,0.18191005600010612,0.9936305732484076,1.0,0.9285714285714286,0.9797393212027359,0.9995004995004995,0.9952380952380953,143,0,1,13,157,14,8.92,0.2762986030055095,5.968060412703884e-08,0.9999991383743762,0.08662790607756975
456,2,CatBoost,0,47,4.029410849999977,0.9936305732484076,1.0,0.9285714285714286,0.9797393212027359,0.999000999000999,0.9910714285714286,143,0,1,13,157,14,8.92,0.2712494309465028,0.00010675550235873479,0.9979403006507992,0.08514980228547932
456,3,Logistic Regression,0,47,0.02499801999988449,0.9936305732484076,0.9333333333333333,1.0,0.981004234724743,0.9980019980019981,0.9786891679748821,142,1,0,14,157,14,8.92,0.2921187851415222,4.754570343601625e-10,0.9999999944950735,0.1060409953293589
456,3,Decision Tree,0,47,0.015031603999887011,0.9808917197452229,0.8666666666666667,0.9285714285714286,0.9430127041742287,0.9572927072927073,0.8111313315134971,141,2,1,13,157,14,8.92,0.2939612932283905,0.0,1.0,0.09554140127388536
456,3,Random Forest,0,47,0.599720441000045,0.9872611464968153,0.9285714285714286,0.9285714285714286,0.9607892107892109,0.999000999000999,0.9901360544217686,142,1,1,13,157,14,8.92,0.24332365247535934,0.0,1.0,0.0843312101910828
456,3,XGBoost,0,47,0.5276280250000127,0.9936305732484076,0.9333333333333333,1.0,0.981004234724743,0.9980019980019981,0.9786891679748821,142,1,0,14,157,14,8.92,0.2889028787612915,6.0121390561107546e-05,0.9995582699775696,0.09603475779294968
456,3,LightGBM,0,47,0.30274275299984765,0.9936305732484076,1.0,0.9285714285714286,0.9797393212027359,1.0,0.9999999999999999,143,0,1,13,157,14,8.92,0.2765322693314671,6.801082583908882e-08,0.9999984685700318,0.08586308681988601
456,3,CatBoost,0,47,3.5044463239999004,0.9936305732484076,1.0,0.9285714285714286,0.9797393212027359,1.0,0.9999999999999999,143,0,1,13,157,14,8.92,0.261392986328347,7.067846124105408e-05,0.9977825370875076,0.08118470735548078
456,4,Logistic Regression,0,47,0.010201226999924984,0.9872611464968153,0.875,1.0,0.9631455399061033,1.0,0.9999999999999999,141,2,0,14,157,14,8.92,0.28660098058987327,2.0656812847704202e-09,0.9999999786563785,0.11292090183101261
456,4,Decision Tree,0,47,0.008661571999937223,0.9808917197452229,0.8235294117647058,1.0,0.946312549868916,0.9895104895104896,0.8235294117647058,140,3,0,14,157,14,8.92,0.31073403611848327,0.0,1.0,0.10828025477707007
456,4,Random Forest,0,47,0.4287218830002075,1.0,1.0,1.0,1.0,1.0,1.0,143,0,0,14,157,14,8.92,0.26195219427847094,0.0,1.0,0.09079617834394905
456,4,XGBoost,0,47,0.058791816999928415,1.0,1.0,1.0,1.0,0.9999999999999999,0.9999999999999998,143,0,0,14,157,14,8.92,0.27667227387428284,7.86098898970522e-05,0.9995731711387634,0.08932024240493774
456,4,LightGBM,0,47,0.15899753999997301,1.0,1.0,1.0,1.0,1.0,1.0,143,0,0,14,157,14,8.92,0.28455402175142686,6.74877070654273e-08,0.9999987451009731,0.08929852533854325
456,4,CatBoost,0,47,3.173630383000045,1.0,1.0,1.0,1.0,1.0,0.9999999999999999,143,0,0,14,157,14,8.92,0.27985041958519896,6.152808198177097e-05,0.9977997330962104,0.0914301966731403
456,5,Logistic Regression,0,47,0.009079939999992348,0.9743589743589743,0.8,0.9230769230769231,0.9215291750503019,0.9757934373318988,0.9403183023872679,140,3,1,12,156,13,8.33,0.28265641809350234,6.205822044270537e-09,0.9999999659767738,0.10263422493815576
456,5,Decision Tree,0,47,0.008843276000106925,0.9615384615384616,0.8181818181818182,0.6923076923076923,0.8645833333333333,0.8391608391608392,0.5920745920745921,141,2,4,9,156,13,8.33,0.25600930189379306,0.0,1.0,0.07051282051282051
456,5,Random Forest,0,47,0.4195891720000873,0.9807692307692307,1.0,0.7692307692307693,0.929592297276967,0.9962345346960733,0.9663050624589085,143,0,3,10,156,13,8.33,0.22392109283973327,0.0,1.0,0.07384615384615384
456,5,XGBoost,0,47,0.06237002200009556,0.9807692307692307,1.0,0.7692307692307693,0.929592297276967,0.9763313609467456,0.9080267558528425,143,0,3,10,156,13,8.33,0.23605285584926605,0.0001111628080252558,0.9987297654151917,0.06559435278177261
456,5,LightGBM,0,47,0.1517101989998082,0.9871794871794872,1.0,0.8461538461538461,0.9548611111111112,0.9940828402366862,0.9530840676351511,143,0,2,11,156,13,8.33,0.248114187252115,7.501992861950445e-08,0.9999988929800727,0.06845908480782407
456,5,CatBoost,0,47,3.995487803999822,0.9807692307692307,1.0,0.7692307692307693,0.929592297276967,0.996234534696073,0.9697913422609779,143,0,3,10,156,13,8.33,0.24160118183161253,8.608854415489746e-05,0.9982119152526822,0.06786900943262765
456,6,Logistic Regression,0,47,0.09124753800006147,0.9808917197452229,0.8235294117647058,1.0,0.946312549868916,0.999000999000999,0.9901360544217686,140,3,0,14,157,14,8.92,0.3004955639659313,2.552563625363615e-10,0.9999999999845532,0.11987257590767582
456,6,Decision Tree,0,47,0.019919088000051488,0.9872611464968153,1.0,0.8571428571428571,0.9580662393162394,0.9285714285714286,0.8698817106460418,143,0,2,12,157,14,8.92,0.26568985496323827,0.0,1.0,0.07643312101910828
456,6,Random Forest,0,47,0.6056742530001884,1.0,1.0,1.0,1.0,1.0,1.0,143,0,0,14,157,14,8.92,0.2597983025706305,0.0,1.0,0.09025477707006369
456,6,XGBoost,0,47,0.45987586499995814,1.0,1.0,1.0,1.0,0.9999999999999999,0.9999999999999998,143,0,0,14,157,14,8.92,0.2825160026550293,4.999728116672486e-05,0.9991716146469116,0.09241750836372375
456,6,LightGBM,0,47,0.26765170199996646,1.0,1.0,1.0,1.0,1.0,0.9999999999999999,143,0,0,14,157,14,8.92,0.2848902604340163,5.0246690969103246e-08,0.9999990777110765,0.08931961060860649
456,6,CatBoost,0,47,3.4802204319998964,1.0,1.0,1.0,1.0,1.0,0.9999999999999999,143,0,0,14,157,14,8.92,0.2786981067824709,6.559010845704491e-05,0.9971986801806114,0.09026097147960015
456,7,Logistic Regression,0,47,0.01593690799995784,0.9872611464968153,1.0,0.8571428571428571,0.9580662393162394,0.9695304695304695,0.91015873015873,143,0,2,12,157,14,8.92,0.2600446277733391,5.625099682613999e-11,0.9999999925766128,0.0795294756983707
456,7,Decision Tree,0,47,0.0176747670000168,0.9681528662420382,0.9090909090909091,0.7142857142857143,0.8913494809688581,0.8536463536463537,0.6748283563570188,142,1,4,10,157,14,8.92,0.2552543300575016,0.0,1.0,0.07006369426751592
456,7,Random Forest,0,47,0.38514012600012393,0.9872611464968153,1.0,0.8571428571428571,0.9580662393162394,0.9977522477522478,0.9790249433106575,143,0,2,12,157,14,8.92,0.22621995394882186,0.0,0.995,0.0755732484076433
456,7,XGBoost,0,47,0.05339473000003636,0.9808917197452229,1.0,0.7857142857142857,0.9348096885813149,0.9920079920079921,0.9547619047619047,143,0,3,11,157,14,8.92,0.23769542574882507,0.0001056149194482714,0.9989404082298279,0.0702870637178421
456,7,LightGBM,0,47,0.15580502399984653,0.9872611464968153,1.0,0.8571428571428571,0.9580662393162394,0.9930069930069929,0.9575091575091574,143,0,2,12,157,14,8.92,0.26358150051116047,1.0405684165484884e-07,0.999998370125365,0.07644685426878178
456,7,CatBoost,0,47,3.0942626519999976,0.9872611464968153,1.0,0.8571428571428571,0.9580662393162394,0.9960039960039959,0.9678101503759398,143,0,2,12,157,14,8.92,0.25315571593685565,7.954929560768779e-05,0.9980988474079409,0.07587476212540868
456,8,Logistic Regression,0,47,0.0091851200002111,0.9554140127388535,0.7058823529411765,0.8571428571428571,0.8747292830274707,0.981018981018981,0.8764095889095889,138,5,2,12,157,14,8.92,0.2857390233940848,2.6835072105093027e-09,0.9999999978139302,0.11335111088765575
456,8,Decision Tree,0,47,0.009360834000062823,0.9808917197452229,0.9230769230769231,0.8571428571428571,0.9392179636082074,0.9250749250749252,0.8039476447119759,142,1,2,12,157,14,8.92,0.2755835369781393,0.0,1.0,0.08280254777070063
456,8,Random Forest,0,47,0.43227505899994867,0.9681528662420382,0.9090909090909091,0.7142857142857143,0.8913494809688581,0.9980019980019981,0.9786891679748821,142,1,4,10,157,14,8.92,0.23784861225454698,0.0,1.0,0.08458598726114651
456,8,XGBoost,0,47,0.05301521299998058,0.9681528662420382,0.9090909090909091,0.7142857142857143,0.8913494809688581,0.9955044955044954,0.9602323115481008,142,1,4,10,157,14,8.92,0.2498023509979248,0.00012901781883556396,0.9994255304336548,0.075417160987854
456,8,LightGBM,0,47,0.15225149399998372,0.9745222929936306,0.9166666666666666,0.7857142857142857,0.9161324786324787,0.9980019980019981,0.9786891679748823,142,1,3,11,157,14,8.92,0.2526085548827747,1.0270300962163381e-07,0.9999993373140177,0.07460345915081106
456,8,CatBoost,0,47,3.7905933039999127,0.9681528662420382,0.9090909090909091,0.7142857142857143,0.8913494809688581,0.9965034965034966,0.9675780568637711,142,1,4,10,157,14,8.92,0.24584756434292634,8.760904519314132e-05,0.9982557124646815,0.07579764172190312
456,9,Logistic Regression,0,47,0.09489963900000475,0.9872611464968153,0.875,1.0,0.9631455399061033,0.999000999000999,0.9901360544217686,141,2,0,14,157,14,8.92,0.2850874103049252,7.181743358468969e-10,0.999999983727933,0.10888516267905762
456,9,Decision Tree,0,47,0.022779930000069726,1.0,1.0,1.0,1.0,1.0,1.0,143,0,0,14,157,14,8.92,0.28499181300888016,0.0,1.0,0.08917197452229299
456,9,Random Forest,0,47,0.6250319179998769,1.0,1.0,1.0,1.0,1.0,1.0,143,0,0,14,157,14,8.92,0.2519841422622484,0.0,1.0,0.0864968152866242
456,9,XGBoost,0,47,0.5230701259999933,1.0,1.0,1.0,1.0,1.0,0.9999999999999998,143,0,0,14,157,14,8.92,0.2800552248954773,5.172323653823696e-05,0.9997218251228333,0.0885748639702797
456,9,LightGBM,0,47,0.31971043799990184,1.0,1.0,1.0,1.0,1.0,0.9999999999999998,143,0,0,14,157,14,8.92,0.28435733111063305,5.496036714402618e-08,0.9999993966631374,0.08897504282272484
456,9,CatBoost,0,47,5.06124739400002,0.9936305732484076,1.0,0.9285714285714286,0.9797393212027359,1.0,0.9999999999999998,143,0,1,13,157,14,8.92,0.27386137210523726,5.690743151868512e-05,0.9981510083444769,0.08483109868643447
456,10,Logistic Regression,0,47,0.009747285999992528,0.9871794871794872,0.8666666666666667,1.0,0.9607645875251509,1.0,0.9999999999999998,141,2,0,13,156,13,8.33,0.2872420261643508,2.715929416205868e-09,0.9999999910278435,0.09886264600530087
456,10,Decision Tree,0,47,0.0089669070000582,0.9743589743589743,0.8,0.9230769230769231,0.9215291750503019,0.9510489510489512,0.7448717948717949,140,3,1,12,156,13,8.33,0.2948021099376133,0.0,1.0,0.09615384615384616
456,10,Random Forest,0,47,0.41083914300020297,0.9935897435897436,1.0,0.9230769230769231,0.9782578397212544,1.0,1.0,143,0,1,12,156,13,8.33,0.24676613843723413,0.0,1.0,0.08176282051282051
456,10,XGBoost,0,47,0.06551846100001057,0.9935897435897436,0.9285714285714286,1.0,0.9797270955165691,1.0,1.0,142,1,0,13,156,13,8.33,0.27233949303627014,6.122455670265481e-05,0.9994053840637207,0.0875457152724266
456,10,LightGBM,0,47,0.1622541330000331,0.9871794871794872,0.9230769230769231,0.9230769230769231,0.9580419580419581,0.9994620763851534,0.9945054945054945,142,1,1,12,156,13,8.33,0.27555144223345507,5.7800842885265816e-08,0.9999990890226605,0.08406037974586714
456,10,CatBoost,0,47,3.191292278999981,0.9871794871794872,0.9230769230769231,0.9230769230769231,0.9580419580419581,0.9994620763851532,0.9945054945054945,142,1,1,12,156,13,8.33,0.2667710375121106,6.180314820683063e-05,0.9972476626519631,0.08295327160378727
456,11,Logistic Regression,0,47,0.009883221999871239,0.9808917197452229,0.8666666666666667,0.9285714285714286,0.9430127041742287,0.9745254745254746,0.9439560439560439,141,2,1,13,157,14,8.92,0.27972239536182136,2.834326245837157e-10,0.9999999939060025,0.09535526712278565
456,11,Decision Tree,0,47,0.009820231000048807,0.9745222929936306,0.8125,0.9285714285714286,0.9262910798122066,0.9537962037962038,0.760833712465878,140,3,1,13,157,14,8.92,0.30253100858695325,0.0,1.0,0.10191082802547771
456,11,Random Forest,0,47,0.4264125080001122,0.9936305732484076,1.0,0.9285714285714286,0.9797393212027359,0.9995004995004995,0.995238095238095,143,0,1,13,157,14,8.92,0.25367373355926,0.0,1.0,0.08117834394904459
456,11,XGBoost,0,47,0.06335095100007493,0.9936305732484076,1.0,0.9285714285714286,0.9797393212027359,0.9985014985014984,0.9873949579831932,143,0,1,13,157,14,8.92,0.267028272151947,7.274159725056961e-05,0.9992914199829102,0.08129484206438065
456,11,LightGBM,0,47,0.1762066789999608,0.9936305732484076,1.0,0.9285714285714286,0.9797393212027359,0.998001998001998,0.9841269841269841,143,0,1,13,157,14,8.92,0.2755142509846116,5.551346897324052e-08,0.9999988445937065,0.08290964601554374
456,11,CatBoost,0,47,4.733269851999921,0.9936305732484076,1.0,0.9285714285714286,0.9797393212027359,0.9985014985014985,0.9873949579831931,143,0,1,13,157,14,8.92,0.27045792129231505,8.488031986091853e-05,0.99798835556998,0.08283007381479048
456,12,Logistic Regression,0,47,0.09160567800017816,0.9808917197452229,0.8235294117647058,1.0,0.946312549868916,0.9960039960039959,0.9617146858743495,140,3,0,14,157,14,8.92,0.294750166283805,5.372201362900371e-10,0.9999999225073466,0.12150765055279444
456,12,Decision Tree,0,47,0.012761854000018502,0.9872611464968153,0.9285714285714286,0.9285714285714286,0.9607892107892109,0.9607892107892109,0.868614324710776,142,1,1,13,157,14,8.92,0.2849918130088802,0.0,1.0,0.08917197452229299
456,12,Random Forest,0,47,0.6021195499999976,0.9808917197452229,1.0,0.7857142857142857,0.9348096885813149,1.0,0.9999999999999998,143,0,3,11,157,14,8.92,0.24037765515128115,0.0,1.0,0.08194267515923566
456,12,XGBoost,0,47,0.05728856099995028,0.9808917197452229,1.0,0.7857142857142857,0.9348096885813149,0.9850149850149851,0.9251152073732718,143,0,3,11,157,14,8.92,0.255163311958313,4.947361958329566e-05,0.9992891550064087,0.07644601166248322
456,12,LightGBM,0,47,0.15780687799997395,0.9872611464968153,1.0,0.8571428571428571,0.9580662393162394,0.9935064935064936,0.9568452380952379,143,0,2,12,157,14,8.92,0.25651324891716,8.163088848853582e-08,0.9999988785505765,0.07496513550970345
456,12,CatBoost,0,47,3.2473517599999013,0.9872611464968153,1.0,0.8571428571428571,0.9580662393162394,0.9935064935064936,0.9536340852130324,143,0,2,12,157,14,8.92,0.252038715622137,6.544827504658775e-05,0.9974137734138135,0.07506814185446503
456,13,Logistic Regression,0,47,0.009304114000087793,0.9808917197452229,0.9230769230769231,0.8571428571428571,0.9392179636082074,0.9885114885114885,0.9512471655328798,142,1,2,12,157,14,8.92,0.26816011534137896,1.6892817921498966e-10,0.9999999999492313,0.08818074382469954
456,13,Decision Tree,0,47,0.00967335100017408,0.9808917197452229,0.9230769230769231,0.8571428571428571,0.9392179636082074,0.9250749250749252,0.8039476447119759,142,1,2,12,157,14,8.92,0.2755835369781393,0.0,1.0,0.08280254777070063
456,13,Random Forest,0,47,0.44687010200004806,0.9936305732484076,1.0,0.9285714285714286,0.9797393212027359,1.0,1.0,143,0,1,13,157,14,8.92,0.23539631347698656,0.0,1.0,0.07885350318471337
456,13,XGBoost,0,47,0.06645487899982072,0.9872611464968153,1.0,0.8571428571428571,0.9580662393162394,0.9990009990009989,0.9901360544217688,143,0,2,12,157,14,8.92,0.2631814777851105,9.790725744096562e-05,0.9990873336791992,0.08292022347450256
456,13,LightGBM,0,47,0.17181459300013557,0.9936305732484076,1.0,0.9285714285714286,0.9797393212027359,0.9995004995004995,0.9952380952380951,143,0,1,13,157,14,8.92,0.272974778157222,6.237463554721825e-08,0.9999987074501819,0.0822612746219473
456,13,CatBoost,0,47,3.2406487690000176,0.9936305732484076,1.0,0.9285714285714286,0.9797393212027359,1.0,0.9999999999999999,143,0,1,13,157,14,8.92,0.25804211946221733,6.08430056768706e-05,0.9977870254856396,0.08000662259277783
456,14,Logistic Regression,0,47,0.009406871999999566,0.9681528662420382,0.8,0.8571428571428571,0.9050211736237144,0.989010989010989,0.9305715118215117,140,3,2,12,157,14,8.92,0.28185794555302,9.216924406722222e-09,0.9999990361086453,0.09972741044406934
456,14,Decision Tree,0,47,0.010675659000071391,0.9681528662420382,0.8,0.8571428571428571,0.9050211736237144,0.9180819180819182,0.6984531392174704,140,3,2,12,157,14,8.92,0.2939612932283905,0.0,1.0,0.09554140127388536
456,14,Random Forest,0,47,0.4349986049999188,0.9808917197452229,0.9230769230769231,0.8571428571428571,0.9392179636082074,0.9985014985014984,0.9859693877551019,142,1,2,12,157,14,8.92,0.24800510419170846,0.0,1.0,0.08920382165605097
456,14,XGBoost,0,47,0.06348071399997934,0.9745222929936306,0.8571428571428571,0.8571428571428571,0.9215784215784215,0.998001998001998,0.9821428571428571,141,2,2,12,157,14,8.92,0.2777080833911896,9.217231854563579e-05,0.9994304776191711,0.08989594131708145
456,14,LightGBM,0,47,0.1472379430001638,0.9745222929936306,0.8571428571428571,0.8571428571428571,0.9215784215784215,0.9960039960039961,0.9673202614379085,141,2,2,12,157,14,8.92,0.28497345821154946,1.0060971985919468e-07,0.9999990516803114,0.08917931981914119
456,14,CatBoost,0,47,4.647055998999804,0.9745222929936306,0.8571428571428571,0.8571428571428571,0.9215784215784215,0.9955044955044955,0.9643962848297212,141,2,2,12,157,14,8.92,0.2721203959909747,6.866483245149476e-05,0.9973369363595287,0.08647771874382511
456,15,Logistic Regression,0,47,0.0976213149999694,0.9871794871794872,0.9230769230769231,0.9230769230769231,0.9580419580419581,0.9940828402366864,0.9647435897435896,142,1,1,12,156,13,8.33,0.26841103442239733,8.317963706831301e-10,0.9999999988502082,0.10037025065691181
456,15,Decision Tree,0,47,0.024795160000167016,0.9807692307692307,1.0,0.7692307692307693,0.929592297276967,0.8846153846153846,0.7884615384615385,143,0,3,10,156,13,8.33,0.24493555351977947,0.0,1.0,0.0641025641025641
456,15,Random Forest,0,47,0.6154532730001847,0.9935897435897436,1.0,0.9230769230769231,0.9782578397212544,1.0,1.0,143,0,1,12,156,13,8.33,0.23583820979966788,0.0,1.0,0.08522435897435898
456,15,XGBoost,0,47,0.057531172999915725,0.9935897435897436,1.0,0.9230769230769231,0.9782578397212544,0.9989241527703067,0.9897435897435897,143,0,1,12,156,13,8.33,0.2650335133075714,5.966726166661829e-05,0.9994966983795166,0.08331971615552902
456,15,LightGBM,0,47,0.1584751159998632,0.9871794871794872,0.9230769230769231,0.9230769230769231,0.9580419580419581,0.9994620763851534,0.9945054945054943,142,1,1,12,156,13,8.33,0.2697597873334728,6.667669226916566e-08,0.9999992939332087,0.081754491364394
456,15,CatBoost,0,47,3.109320497999988,0.9935897435897436,1.0,0.9230769230769231,0.9782578397212544,0.9973103819257665,0.9786324786324787,143,0,1,12,156,13,8.33,0.2618581918620246,0.00011158084737527956,0.998103487086685,0.07895509674560366
456,16,Logistic Regression,0,47,0.008975960000043415,0.9681528662420382,0.7647058823529411,0.9285714285714286,0.9105209164481933,0.9690309690309691,0.9272517436900998,139,4,1,13,157,14,8.92,0.2900580309951437,6.798044225069992e-10,0.9999999919270245,0.11133419576148693
456,16,Decision Tree,0,47,0.009126849000040238,0.9808917197452229,1.0,0.7857142857142857,0.9348096885813149,0.8928571428571428,0.8048225659690628,143,0,3,11,157,14,8.92,0.2552543300575016,0.0,1.0,0.07006369426751592
456,16,Random Forest,0,47,0.42355752599996777,0.9808917197452229,1.0,0.7857142857142857,0.9348096885813149,0.9977522477522478,0.9790249433106577,143,0,3,11,157,14,8.92,0.23887416046553703,0.0,1.0,0.08035031847133758
456,16,XGBoost,0,47,0.05653885700007777,0.9872611464968153,1.0,0.8571428571428571,0.9580662393162394,0.9955044955044955,0.9666666666666667,143,0,2,12,157,14,8.92,0.26124340295791626,0.00012036132829962298,0.9990304708480835,0.07904521375894547
456,16,LightGBM,0,47,0.15834488499990584,0.9808917197452229,0.9230769230769231,0.8571428571428571,0.9392179636082074,0.9935064935064936,0.9552197802197802,142,1,2,12,157,14,8.92,0.2629002487351374,6.838389507892808e-08,0.999999077491737,0.07919900338526169
456,16,CatBoost,0,47,3.199679049999986,0.9872611464968153,1.0,0.8571428571428571,0.9580662393162394,0.9945054945054945,0.9593837535014005,143,0,2,12,157,14,8.92,0.2523542810223129,7.28769538216613e-05,0.99817964786401,0.0764219822777983
456,17,Logistic Regression,0,47,0.010008580999965488,0.9936305732484076,0.9333333333333333,1.0,0.981004234724743,1.0,0.9999999999999999,142,1,0,14,157,14,8.92,0.2868101811253134,4.3657114305477116e-10,0.9999999999252045,0.11571592963007674
456,17,Decision Tree,0,47,0.009094107999999324,0.9936305732484076,0.9333333333333333,1.0,0.981004234724743,0.9965034965034966,0.9333333333333333,142,1,0,14,157,14,8.92,0.2939612932283905,0.0,1.0,0.09554140127388536
456,17,Random Forest,0,47,0.42551525900012166,0.9936305732484076,1.0,0.9285714285714286,0.9797393212027359,1.0,0.9999999999999999,143,0,1,13,157,14,8.92,0.2558045285641922,0.0,1.0,0.08872611464968155
456,17,XGBoost,0,47,0.0563372789999903,1.0,1.0,1.0,1.0,1.0,1.0,143,0,0,14,157,14,8.92,0.27739405632019043,5.343315933714621e-05,0.9993324875831604,0.09004304558038712
456,17,LightGBM,0,47,0.16301115800001753,1.0,1.0,1.0,1.0,1.0,1.0,143,0,0,14,157,14,8.92,0.28465359199655094,5.4738316710735484e-08,0.9999988764400677,0.08950683572123909
456,17,CatBoost,0,47,4.343641761000072,1.0,1.0,1.0,1.0,1.0,0.9999999999999999,143,0,0,14,157,14,8.92,0.2787030878096907,5.264364498378044e-05,0.9975554787797911,0.08925870986139732
456,18,Logistic Regression,0,47,0.0974210409999614,0.9745222929936306,0.8125,0.9285714285714286,0.9262910798122066,0.9875124875124875,0.9237786023500308,140,3,1,13,157,14,8.92,0.28803025123368375,2.4678114041264124e-11,0.9999999981860843,0.10328979710859765
456,18,Decision Tree,0,47,0.014245389999814506,0.9745222929936306,0.7777777777777778,1.0,0.9304078014184397,0.9860139860139859,0.7777777777777778,139,4,0,14,157,14,8.92,0.3185987006471287,0.0,1.0,0.11464968152866242
456,18,Random Forest,0,47,0.7056716880001659,0.9936305732484076,0.9333333333333333,1.0,0.981004234724743,0.9990009990009989,0.9901360544217687,142,1,0,14,157,14,8.92,0.24967459044045107,0.0,1.0,0.09098726114649681
456,18,XGBoost,0,47,0.1855312209997919,0.9872611464968153,0.875,1.0,0.9631455399061033,0.9980019980019981,0.9786891679748821,141,2,0,14,157,14,8.92,0.28653040528297424,7.76566521381028e-05,0.9982507824897766,0.09983105957508087
456,18,LightGBM,0,47,0.28940855700011525,0.9872611464968153,0.875,1.0,0.9631455399061033,0.9985014985014985,0.9846415489272632,141,2,0,14,157,14,8.92,0.2993331560374954,5.600873139735977e-08,0.9999993877378337,0.10130220635886296
456,18,CatBoost,0,47,3.1909046709999984,0.9936305732484076,0.9333333333333333,1.0,0.981004234724743,1.0,1.0,142,1,0,14,157,14,8.92,0.2838186816465675,7.248109895413091e-05,0.9975456691705089,0.09574932995508516
456,19,Logistic Regression,0,47,0.01037406499995086,0.9681528662420382,0.7647058823529411,0.9285714285714286,0.9105209164481933,0.9960039960039961,0.974025974025974,139,4,1,13,157,14,8.92,0.2933826613517793,3.6528658419085196e-09,0.9999999453556524,0.10907609163553321
456,19,Decision Tree,0,47,0.009957896000059918,0.9936305732484076,1.0,0.9285714285714286,0.9797393212027359,0.9642857142857143,0.934940855323021,143,0,1,13,157,14,8.92,0.2755835369781393,0.0,1.0,0.08280254777070063
456,19,Random Forest,0,47,0.43479165699977784,0.9936305732484076,1.0,0.9285714285714286,0.9797393212027359,1.0,0.9999999999999998,143,0,1,13,157,14,8.92,0.24461355752917746,0.0,1.0,0.08334394904458599
456,19,XGBoost,0,47,0.06492880900009368,0.9936305732484076,1.0,0.9285714285714286,0.9797393212027359,1.0,1.0,143,0,1,13,157,14,8.92,0.26452991366386414,5.231998147792183e-05,0.9998353719711304,0.08184593915939331
456,19,LightGBM,0,47,0.1738711489999787,0.9872611464968153,1.0,0.8571428571428571,0.9580662393162394,1.0,1.0,143,0,2,12,157,14,8.92,0.26014677331250924,7.788149564980829e-08,0.9999993638594092,0.07788529048062853
456,19,CatBoost,0,47,3.1380627849998746,0.9808917197452229,1.0,0.7857142857142857,0.9348096885813149,1.0,1.0,143,0,3,11,157,14,8.92,0.2534332354857088,6.168435125838342e-05,0.9982282568048249,0.07378097348319013
456,20,Logistic Regression,0,47,0.009462564999921597,0.9807692307692307,0.9166666666666666,0.8461538461538461,0.9347735191637631,0.9989241527703067,0.9885883347421809,142,1,2,11,156,13,8.33,0.26244309435431984,3.765836430889095e-09,0.9999999931945471,0.08897619788664364
456,20,Decision Tree,0,47,0.00920239899983244,0.9871794871794872,1.0,0.8461538461538461,0.9548611111111112,0.9230769230769231,0.8589743589743589,143,0,2,11,156,13,8.33,0.25600930189379306,0.0,1.0,0.07051282051282051
456,20,Random Forest,0,47,0.42406428200001756,0.9871794871794872,1.0,0.8461538461538461,0.9548611111111112,1.0,0.9999999999999999,143,0,2,11,156,13,8.33,0.23263242677984644,0.0,1.0,0.07698717948717948
456,20,XGBoost,0,47,0.059314492000112296,0.9935897435897436,1.0,0.9230769230769231,0.9782578397212544,0.9983862291554599,0.9855769230769229,143,0,1,12,156,13,8.33,0.261258065700531,9.437195694772527e-05,0.9994186162948608,0.07815203070640564
456,20,LightGBM,0,47,0.18024044799994954,0.9935897435897436,1.0,0.9230769230769231,0.9782578397212544,1.0,0.9999999999999998,143,0,1,12,156,13,8.33,0.26227892516119755,7.206991803199552e-08,0.9999994881222527,0.07750327814482819
456,20,CatBoost,0,47,4.283155652999994,1.0,1.0,1.0,1.0,1.0,0.9999999999999998,143,0,0,13,156,13,8.33,0.262944483972189,7.917633280273473e-05,0.998196505112814,0.08266230941462131
456,21,Logistic Regression,0,47,0.09670302699987587,0.9745222929936306,0.8571428571428571,0.8571428571428571,0.9215784215784215,0.9920079920079921,0.9295061218974262,141,2,2,12,157,14,8.92,0.2756031835242359,8.297528218839217e-10,0.9999998876037788,0.09652664559522135
456,21,Decision Tree,0,47,0.02044707799996104,0.9745222929936306,0.9166666666666666,0.7857142857142857,0.9161324786324787,0.8893606393606392,0.7393463754928723,142,1,3,11,157,14,8.92,0.26568985496323827,0.0,1.0,0.07643312101910828
456,21,Random Forest,0,47,0.641950186000031,0.9808917197452229,0.9230769230769231,0.8571428571428571,0.9392179636082074,0.9980019980019981,0.9786891679748821,142,1,2,12,157,14,8.92,0.22589609514791345,0.0,0.99,0.07713375796178344
456,21,XGBoost,0,47,0.1820580839998911,0.9808917197452229,0.9230769230769231,0.8571428571428571,0.9392179636082074,0.9970029970029971,0.9650528043385185,142,1,2,12,157,14,8.92,0.2661888003349304,5.864548438694328e-05,0.9995309114456177,0.0846099853515625
456,21,LightGBM,0,47,0.2706192910000027,0.9808917197452229,0.9230769230769231,0.8571428571428571,0.9392179636082074,0.9980019980019981,0.9786891679748823,142,1,2,12,157,14,8.92,0.26787968299477105,9.64724713328511e-08,0.999998952143978,0.08105765756383873
456,21,CatBoost,0,47,3.2814256589999786,0.9745222929936306,0.9166666666666666,0.7857142857142857,0.9161324786324787,0.9975024975024975,0.9767984116723611,142,1,3,11,157,14,8.92,0.2549844639550829,9.766811865648207e-05,0.9976806782871538,0.07761729226688406
456,22,Logistic Regression,0,47,0.010472692999883293,0.9681528662420382,0.7368421052631579,1.0,0.9153456270893994,0.999000999000999,0.9901360544217687,138,5,0,14,157,14,8.92,0.31391224147894736,2.5291121669738996e-09,0.9999999998999376,0.1290623318809779
456,22,Decision Tree,0,47,0.009040887000082876,0.9872611464968153,0.875,1.0,0.9631455399061033,0.993006993006993,0.875,141,2,0,14,157,14,8.92,0.3025310085869533,0.0,1.0,0.10191082802547771
456,22,Random Forest,0,47,0.4110702099999344,1.0,1.0,1.0,1.0,1.0,0.9999999999999998,143,0,0,14,157,14,8.92,0.2745434287753829,0.0,1.0,0.0987579617834395
456,22,XGBoost,0,47,0.06094072199994116,1.0,1.0,1.0,1.0,1.0,0.9999999999999999,143,0,0,14,157,14,8.92,0.2854268252849579,0.00011505519796628505,0.999402642250061,0.09733959287405014
456,22,LightGBM,0,47,0.16690779900000052,1.0,1.0,1.0,1.0,1.0,1.0,143,0,0,14,157,14,8.92,0.2849425343307635,4.691893655477174e-08,0.9999988612602444,0.08934136381575794
456,22,CatBoost,0,47,3.397642444999974,1.0,1.0,1.0,1.0,1.0,1.0,143,0,0,14,157,14,8.92,0.2830270403638303,5.299019735810785e-05,0.9975690873148627,0.09452130532022804
456,23,Logistic Regression,0,47,0.011502547999953094,0.9872611464968153,0.9285714285714286,0.9285714285714286,0.9607892107892109,0.986013986013986,0.947859631657541,142,1,1,13,157,14,8.92,0.2713409455450081,5.354419051941634e-10,0.9999999998294196,0.10003859158041557
456,23,Decision Tree,0,47,0.009446737999951438,0.9681528662420382,0.8461538461538461,0.7857142857142857,0.8986966060136792,0.8858641358641358,0.6839434450899419,141,2,3,11,157,14,8.92,0.2755835369781393,0.0,1.0,0.08280254777070063
456,23,Random Forest,0,47,0.5927033670000128,0.9936305732484076,1.0,0.9285714285714286,0.9797393212027359,0.9999999999999999,0.9999999999999999,143,0,1,13,157,14,8.92,0.23811598663721573,0.0,1.0,0.08764331210191084
456,23,XGBoost,0,47,0.08076182800004972,0.9936305732484076,1.0,0.9285714285714286,0.9797393212027359,0.9965034965034966,0.976190476190476,143,0,1,13,157,14,8.92,0.2586251497268677,8.490336767863482e-05,0.9994240999221802,0.08245262503623962
456,23,LightGBM,0,47,0.15595839000002343,0.9681528662420382,0.8,0.8571428571428571,0.9050211736237144,0.9965034965034966,0.970734126984127,140,3,2,12,157,14,8.92,0.2774590296737879,8.114006492560312e-08,0.999999347310839,0.09141196044589915
456,23,CatBoost,0,47,4.179566182999906,0.9936305732484076,1.0,0.9285714285714286,0.9797393212027359,1.0,0.9999999999999999,143,0,1,13,157,14,8.92,0.2574990264302911,6.174708090213841e-05,0.998282697777492,0.08139503746545504
456,24,Logistic Regression,0,47,0.10250901700010218,0.9872611464968153,0.875,1.0,0.9631455399061033,0.9985014985014985,0.9859693877551019,141,2,0,14,157,14,8.92,0.2946073682075756,2.5639276010556114e-10,0.9999999969707296,0.10732689357019659
456,24,Decision Tree,0,47,0.0202657789998284,0.9808917197452229,1.0,0.7857142857142857,0.9348096885813149,0.8928571428571428,0.8048225659690628,143,0,3,11,157,14,8.92,0.2552543300575016,0.0,1.0,0.07006369426751592
456,24,Random Forest,0,47,0.644270416000154,0.9936305732484076,1.0,0.9285714285714286,0.9797393212027359,1.0,1.0,143,0,1,13,157,14,8.92,0.2597267840501565,0.0,1.0,0.08710191082802549
456,24,XGBoost,0,47,0.15747948600005657,0.9936305732484076,1.0,0.9285714285714286,0.9797393212027359,1.0,0.9999999999999998,143,0,1,13,157,14,8.92,0.27596110105514526,7.115023618098348e-05,0.9994934797286987,0.08643567562103271
456,24,LightGBM,0,47,0.25146614799996314,1.0,1.0,1.0,1.0,1.0,0.9999999999999998,143,0,0,14,157,14,8.92,0.28475184754084676,6.115016110388878e-08,0.999999395276816,0.0895664099431896
456,24,CatBoost,0,47,3.4450570730000436,1.0,1.0,1.0,1.0,1.0,0.9999999999999999,143,0,0,14,157,14,8.92,0.27952574551216774,7.28784413570491e-05,0.998101735494476,0.08850140598778021
456,25,Logistic Regression,0,47,0.009353559999908612,0.9871794871794872,0.9230769230769231,0.9230769230769231,0.9580419580419581,0.9698762775685853,0.9318656456665506,142,1,1,12,156,13,8.33,0.2565336530306668,3.955408331464785e-09,0.9999999902859756,0.08276484028047636
456,25,Decision Tree,0,47,0.009594709000111834,0.9423076923076923,0.6428571428571429,0.6923076923076923,0.8175438596491228,0.8286713286713286,0.47069597069597074,138,5,4,9,156,13,8.33,0.2858140616616404,0.0,1.0,0.08974358974358974
456,25,Random Forest,0,47,0.4089282480001657,0.9871794871794872,1.0,0.8461538461538461,0.9548611111111112,0.9994620763851533,0.9945054945054945,143,0,2,11,156,13,8.33,0.2333953738139458,0.0,1.0,0.07355769230769231
456,25,XGBoost,0,47,0.056576057999791374,0.9807692307692307,0.9166666666666666,0.8461538461538461,0.9347735191637631,0.9962345346960733,0.9663050624589087,142,1,2,11,156,13,8.33,0.25267714262008667,5.284785584080964e-05,0.9989427924156189,0.0761507973074913
456,25,LightGBM,0,47,0.15674134799996864,0.9807692307692307,0.9166666666666666,0.8461538461538461,0.9347735191637631,0.9967724583109198,0.9695730363151176,142,1,2,11,156,13,8.33,0.2565259001679599,8.659706681096057e-08,0.9999984947788436,0.07433993819765061
456,25,CatBoost,0,47,3.212167731000136,0.9743589743589743,0.9090909090909091,0.7692307692307693,0.9097222222222223,0.9962345346960731,0.9637820512820512,142,1,3,10,156,13,8.33,0.24316533306588647,8.550461784578048e-05,0.9966251679096371,0.07107396378990738
