seed,fold,arm,search_trials,n_features,fit_seconds,accuracy,precision,recall,macro_f1,auc_roc,auc_pr,tn,fp,fn,tp,n,n_positive,base_rate_pct,pred_std,pred_min,pred_max,pred_mean
42,1,Logistic Regression,0,15,0.18234064399985073,0.9554140127388535,0.6666666666666666,1.0,0.8874551971326166,0.9955044955044956,0.9566780558377195,136,7,0,14,157,14,8.92,0.3012666004698708,3.765635098368327e-06,0.9999999947552949,0.15749262819332818
42,1,Decision Tree,0,15,0.055136641999979474,0.9681528662420382,0.7647058823529411,0.9285714285714286,0.9105209164481933,0.9502997002997002,0.7164534603650378,139,4,1,13,157,14,8.92,0.31073403611848327,0.0,1.0,0.10828025477707007
42,1,Random Forest,0,15,1.6168653409999934,0.9936305732484076,0.9333333333333333,1.0,0.981004234724743,0.9995004995004996,0.9952380952380953,142,1,0,14,157,14,8.92,0.25430238024126534,0.0,1.0,0.09200636942675158
42,1,XGBoost,0,15,0.2200797830000738,0.9936305732484076,0.9333333333333333,1.0,0.981004234724743,0.9999999999999999,0.9999999999999999,142,1,0,14,157,14,8.92,0.2785804271697998,5.8892917877528816e-05,0.9987987279891968,0.09337014704942703
42,1,LightGBM,0,15,0.4748381379999955,0.9936305732484076,0.9333333333333333,1.0,0.981004234724743,1.0,0.9999999999999999,142,1,0,14,157,14,8.92,0.2921163412240668,3.64308192719666e-08,0.9999991016958469,0.09501881578760271
42,1,CatBoost,0,15,5.2529657099998985,1.0,1.0,1.0,1.0,1.0,0.9999999999999999,143,0,0,14,157,14,8.92,0.2750764322676482,0.00024399666181036057,0.9981370168640592,0.09316067794749121
42,2,Logistic Regression,0,15,0.06047317699994892,0.9617834394904459,0.7222222222222222,0.9285714285714286,0.8956117021276595,0.9470529470529471,0.9369047619047619,138,5,1,13,157,14,8.92,0.29625287524695276,5.656276759823109e-07,0.9999999940560413,0.12766033864035214
42,2,Decision Tree,0,15,0.006903812000018661,0.9936305732484076,1.0,0.9285714285714286,0.9797393212027359,0.9642857142857143,0.934940855323021,143,0,1,13,157,14,8.92,0.2755835369781393,0.0,1.0,0.08280254777070063
42,2,Random Forest,0,15,0.8348691720000261,0.9872611464968153,1.0,0.8571428571428571,0.9580662393162394,1.0,1.0,143,0,2,12,157,14,8.92,0.2549651773734801,0.0,1.0,0.08101910828025477
42,2,XGBoost,0,15,0.10948763700002928,0.9872611464968153,1.0,0.8571428571428571,0.9580662393162394,0.9965034965034965,0.9716791979949875,143,0,2,12,157,14,8.92,0.26024875044822693,3.880423537339084e-05,0.9988937973976135,0.08116276562213898
42,2,LightGBM,0,15,0.12336975299990627,0.9872611464968153,1.0,0.8571428571428571,0.9580662393162394,0.9985014985014985,0.9873949579831932,143,0,2,12,157,14,8.92,0.2648561706494068,4.667597617639056e-08,0.9999989876893653,0.07650681234838577
42,2,CatBoost,0,15,2.0167256199999883,0.9872611464968153,1.0,0.8571428571428571,0.9580662393162394,0.9765234765234766,0.9449648711943794,143,0,2,12,157,14,8.92,0.2624970712264069,8.696062982479836e-05,0.9984158398636251,0.07827193222940727
42,3,Logistic Regression,0,15,0.007868739999821628,0.9426751592356688,0.6190476190476191,0.9285714285714286,0.8552995391705069,0.9745254745254746,0.9157674564078504,135,8,1,13,157,14,8.92,0.29095529634921763,2.3292234085716395e-06,0.9999985254646495,0.1538751286718366
42,3,Decision Tree,0,15,0.006677050000007512,0.9681528662420382,0.8,0.8571428571428571,0.9050211736237144,0.9180819180819182,0.6984531392174704,140,3,2,12,157,14,8.92,0.29396129322839043,0.0,1.0,0.09554140127388536
42,3,Random Forest,0,15,0.6121172870000464,0.9808917197452229,0.9230769230769231,0.8571428571428571,0.9392179636082074,0.999000999000999,0.9901360544217688,142,1,2,12,157,14,8.92,0.26188966028862604,0.0,1.0,0.09305732484076434
42,3,XGBoost,0,15,0.21641714700012926,0.9872611464968153,0.9285714285714286,0.9285714285714286,0.9607892107892109,0.998001998001998,0.9822929171668666,142,1,1,13,157,14,8.92,0.27933481335639954,9.424604650121182e-05,0.9989851117134094,0.09342785179615021
42,3,LightGBM,0,15,0.18359499099983623,0.9872611464968153,0.9285714285714286,0.9285714285714286,0.9607892107892109,0.999000999000999,0.9901360544217687,142,1,1,13,157,14,8.92,0.27644057098856695,2.6871556243365246e-08,0.9999991852333935,0.08941970254589968
42,3,CatBoost,0,15,3.312220095999919,0.9808917197452229,0.9230769230769231,0.8571428571428571,0.9392179636082074,0.997002997002997,0.9746031746031745,142,1,2,12,157,14,8.92,0.2676864432938517,0.00020044045837626213,0.9983516456096081,0.08958014318158662
42,4,Logistic Regression,0,15,0.019670223999810332,0.9872611464968153,0.875,1.0,0.9631455399061033,1.0,0.9999999999999999,141,2,0,14,157,14,8.92,0.2830142274960185,1.4969095381538602e-06,0.9999999911003284,0.1293891003575592
42,4,Decision Tree,0,15,0.006662374999905296,0.9872611464968153,0.9285714285714286,0.9285714285714286,0.9607892107892109,0.9607892107892109,0.868614324710776,142,1,1,13,157,14,8.92,0.28499181300888016,0.0,1.0,0.08917197452229299
42,4,Random Forest,0,15,0.40931858999988435,0.9936305732484076,1.0,0.9285714285714286,0.9797393212027359,1.0,0.9999999999999999,143,0,1,13,157,14,8.92,0.2644055838888316,0.0,1.0,0.08633757961783439
42,4,XGBoost,0,15,0.03471404900005837,0.9936305732484076,1.0,0.9285714285714286,0.9797393212027359,0.997002997002997,0.9785714285714286,143,0,1,13,157,14,8.92,0.27384376525878906,4.9641956138657406e-05,0.9987276196479797,0.08566790819168091
42,4,LightGBM,0,15,0.12199000800001158,0.9872611464968153,0.9285714285714286,0.9285714285714286,0.9607892107892109,0.9995004995004995,0.9952380952380953,142,1,1,13,157,14,8.92,0.2842513473731224,3.632947923756612e-08,0.999999237460505,0.09032630105294565
42,4,CatBoost,0,15,1.9828980470001625,1.0,1.0,1.0,1.0,1.0,0.9999999999999999,143,0,0,14,157,14,8.92,0.27395447771894155,0.0002386785707013739,0.9983899925865477,0.08837432423325928
42,5,Logistic Regression,0,15,0.00830956499999047,0.9487179487179487,0.631578947368421,0.9230769230769231,0.8607142857142858,0.9644970414201183,0.8906079835657299,136,7,1,12,156,13,8.33,0.2976608226041223,1.08512406960767e-07,0.9999999945790958,0.13612603136972776
42,5,Decision Tree,0,15,0.006983084000012241,0.9807692307692307,1.0,0.7692307692307693,0.929592297276967,0.8846153846153846,0.7884615384615385,143,0,3,10,156,13,8.33,0.24493555351977947,0.0,1.0,0.0641025641025641
42,5,Random Forest,0,15,0.39503978900006587,0.9743589743589743,1.0,0.6923076923076923,0.9021943573667712,0.9973103819257665,0.9786324786324785,143,0,4,9,156,13,8.33,0.21955118613136593,0.0,1.0,0.06746794871794871
42,5,XGBoost,0,15,0.03441747900001246,0.9807692307692307,1.0,0.7692307692307693,0.929592297276967,0.9790209790209791,0.9260858189429619,143,0,3,10,156,13,8.33,0.23136408627033234,0.00012149415852036327,0.9990274906158447,0.06738460063934326
42,5,LightGBM,0,15,0.13187738700003138,0.9935897435897436,1.0,0.9230769230769231,0.9782578397212544,0.9892415277030662,0.9533799533799532,143,0,1,12,156,13,8.33,0.2507990416924627,4.453292088321696e-08,0.9999988544018982,0.07321470042333583
42,5,CatBoost,0,15,1.9517002860000048,0.9743589743589743,1.0,0.6923076923076923,0.9021943573667712,0.9967724583109199,0.9727153188691648,143,0,4,9,156,13,8.33,0.23145601203501076,0.0002132130890337854,0.998373105574424,0.06517650354619561
42,6,Logistic Regression,0,15,0.008321135999949547,0.9554140127388535,0.6666666666666666,1.0,0.8874551971326166,0.999000999000999,0.9910714285714284,136,7,0,14,157,14,8.92,0.3060110178375985,1.1221055819741955e-06,0.9999999963908455,0.16639008348563267
42,6,Decision Tree,0,15,0.006992179000008036,0.9936305732484076,0.9333333333333333,1.0,0.981004234724743,0.9965034965034966,0.9333333333333333,142,1,0,14,157,14,8.92,0.2939612932283905,0.0,1.0,0.09554140127388536
42,6,Random Forest,0,15,0.39027939599986894,1.0,1.0,1.0,1.0,1.0,1.0,143,0,0,14,157,14,8.92,0.2758786302370031,0.0,1.0,0.0939171974522293
42,6,XGBoost,0,15,0.03522859100007736,0.9936305732484076,0.9333333333333333,1.0,0.981004234724743,1.0,1.0,142,1,0,14,157,14,8.92,0.2876778244972229,0.00010730933718150482,0.9992044568061829,0.09777265787124634
42,6,LightGBM,0,15,0.12266460799992274,1.0,1.0,1.0,1.0,1.0,0.9999999999999998,143,0,0,14,157,14,8.92,0.2849102640205838,3.597148899262374e-08,0.9999991712318542,0.08953076359404372
42,6,CatBoost,0,15,1.969461524000053,1.0,1.0,1.0,1.0,1.0,0.9999999999999998,143,0,0,14,157,14,8.92,0.2825946163155957,0.00025136194124939453,0.9982852685651072,0.09107655242048827
42,7,Logistic Regression,0,15,0.007867310000165162,0.9617834394904459,0.75,0.8571428571428571,0.8894366197183099,0.939060939060939,0.7910767803624945,139,4,2,12,157,14,8.92,0.2811419303033253,4.775307550611444e-09,0.9999999609796191,0.11283686129315511
42,7,Decision Tree,0,15,0.006062766000013653,0.9554140127388535,0.7058823529411765,0.8571428571428571,0.8747292830274707,0.9110889110889111,0.6177808703099074,138,5,2,12,157,14,8.92,0.31073403611848327,0.0,1.0,0.10828025477707007
42,7,Random Forest,0,15,0.4029972270000144,0.9617834394904459,0.8333333333333334,0.7142857142857143,0.874198717948718,0.9930069930069929,0.9405716132606887,141,2,4,10,157,14,8.92,0.24580015198244465,0.0,1.0,0.08748407643312102
42,7,XGBoost,0,15,0.03273480099983317,0.9681528662420382,0.8,0.8571428571428571,0.9050211736237144,0.9745254745254744,0.8354785154154902,140,3,2,12,157,14,8.92,0.27252817153930664,0.00011266870569670573,0.9987026453018188,0.09094731509685516
42,7,LightGBM,0,15,0.11567491199980395,0.9617834394904459,0.75,0.8571428571428571,0.8894366197183099,0.988011988011988,0.9327785966156084,139,4,2,12,157,14,8.92,0.2914451166568937,1.1176699099185173e-07,0.9999987979706519,0.09759817638942136
42,7,CatBoost,0,15,2.4037236000001485,0.9808917197452229,0.9230769230769231,0.8571428571428571,0.9392179636082074,0.974025974025974,0.9134098983723042,142,1,2,12,157,14,8.92,0.2620899656647807,7.865544118600197e-05,0.9985293082005311,0.0857921970814826
42,8,Logistic Regression,0,15,0.023133366000138267,0.9490445859872612,0.65,0.9285714285714286,0.8680672268907563,0.977022977022977,0.9404185402974747,136,7,1,13,157,14,8.92,0.29729823532529953,5.284403458951384e-06,0.9999999114387513,0.14987307075479978
42,8,Decision Tree,0,15,0.006841023000106361,0.9808917197452229,1.0,0.7857142857142857,0.9348096885813149,0.8928571428571428,0.8048225659690628,143,0,3,11,157,14,8.92,0.25525433005750164,0.0,1.0,0.07006369426751592
42,8,Random Forest,0,15,0.6270692569999028,0.9808917197452229,1.0,0.7857142857142857,0.9348096885813149,1.0,1.0,143,0,3,11,157,14,8.92,0.25420382963578875,0.0,1.0,0.08410828025477707
42,8,XGBoost,0,15,0.10281946299983247,0.9808917197452229,1.0,0.7857142857142857,0.9348096885813149,0.9980019980019981,0.9804748822605965,143,0,3,11,157,14,8.92,0.25407156348228455,8.229632658185437e-05,0.9986650943756104,0.07689336687326431
42,8,LightGBM,0,15,0.18745644199998424,0.9872611464968153,1.0,0.8571428571428571,0.9580662393162394,1.0,0.9999999999999998,143,0,2,12,157,14,8.92,0.2656596613483012,3.4423247427174735e-08,0.9999989337478992,0.0776085330437077
42,8,CatBoost,0,15,2.903407449999804,0.9808917197452229,1.0,0.7857142857142857,0.9348096885813149,0.9965034965034966,0.9685075953458304,143,0,3,11,157,14,8.92,0.2543928701135531,0.00015788522891003958,0.9984012854862897,0.0778302626095882
42,9,Logistic Regression,0,15,0.008020494999982475,0.9745222929936306,0.7777777777777778,1.0,0.9304078014184397,0.9965034965034966,0.9685075953458304,139,4,0,14,157,14,8.92,0.28273081708496667,2.6242670304224467e-06,0.9999999222608502,0.1389285113778546
42,9,Decision Tree,0,15,0.007185108999919976,0.9745222929936306,0.8571428571428571,0.8571428571428571,0.9215784215784215,0.9215784215784216,0.747432731054205,141,2,2,12,157,14,8.92,0.2849918130088802,0.0,1.0,0.08917197452229299
42,9,Random Forest,0,15,0.4019693999998708,0.9872611464968153,1.0,0.8571428571428571,0.9580662393162394,1.0,0.9999999999999999,143,0,2,12,157,14,8.92,0.24982034195333594,0.0,1.0,0.08159235668789809
42,9,XGBoost,0,15,0.03681626399998095,0.9936305732484076,1.0,0.9285714285714286,0.9797393212027359,0.9995004995004995,0.995238095238095,143,0,1,13,157,14,8.92,0.2687719166278839,3.952022234443575e-05,0.9989598989486694,0.08399355411529541
42,9,LightGBM,0,15,0.12661508900009721,0.9872611464968153,1.0,0.8571428571428571,0.9580662393162394,0.9995004995004996,0.9952380952380951,143,0,2,12,157,14,8.92,0.2655729958208461,3.9827642467926665e-08,0.9999989750615654,0.07689352742378115
42,9,CatBoost,0,15,1.9567225850000796,0.9872611464968153,1.0,0.8571428571428571,0.9580662393162394,1.0,0.9999999999999998,143,0,2,12,157,14,8.92,0.26098980590175874,0.00021208969234571122,0.9982822054843469,0.08062942459540169
42,10,Logistic Regression,0,15,0.01401407699995616,1.0,1.0,1.0,1.0,1.0,0.9999999999999998,143,0,0,13,156,13,8.33,0.27181688184508507,4.411375891072087e-06,0.9999999753692749,0.12632559305631003
42,10,Decision Tree,0,15,0.007235171000047558,0.9871794871794872,0.9230769230769231,0.9230769230769231,0.9580419580419581,0.958041958041958,0.8584812623274163,142,1,1,12,156,13,8.33,0.2763853991962833,0.0,1.0,0.08333333333333333
42,10,Random Forest,0,15,0.3946737349999694,0.9935897435897436,1.0,0.9230769230769231,0.9782578397212544,1.0,1.0,143,0,1,12,156,13,8.33,0.23372183422231213,0.0,1.0,0.0764102564102564
42,10,XGBoost,0,15,0.03856302600001982,0.9935897435897436,1.0,0.9230769230769231,0.9782578397212544,0.9935449166218397,0.9630769230769232,143,0,1,12,156,13,8.33,0.2531866431236267,5.413866165326908e-05,0.9991003274917603,0.07553950697183609
42,10,LightGBM,0,15,0.12155635600015557,0.9871794871794872,0.9230769230769231,0.9230769230769231,0.9580419580419581,0.9989241527703067,0.9897435897435898,142,1,1,12,156,13,8.33,0.26890582834374227,4.256473598438973e-08,0.9999990605863617,0.08237049132449194
42,10,CatBoost,0,15,1.9687814230001095,0.9935897435897436,1.0,0.9230769230769231,0.9782578397212544,1.0,0.9999999999999998,143,0,1,12,156,13,8.33,0.2544330379123586,0.00021704458004383846,0.9979881136502338,0.07753796742363268
42,11,Logistic Regression,0,15,0.007534595999914018,0.9617834394904459,0.7,1.0,0.9010504201680671,0.9995004995004995,0.995238095238095,137,6,0,14,157,14,8.92,0.2814833077584033,5.047335665852373e-06,0.999999631834796,0.1502658761516565
42,11,Decision Tree,0,15,0.006334594999998444,0.9745222929936306,0.8571428571428571,0.8571428571428571,0.9215784215784215,0.9215784215784216,0.747432731054205,141,2,2,12,157,14,8.92,0.28499181300888016,0.0,1.0,0.08917197452229299
42,11,Random Forest,0,15,0.40866238900002827,0.9872611464968153,1.0,0.8571428571428571,0.9580662393162394,1.0,0.9999999999999998,143,0,2,12,157,14,8.92,0.24509210672011064,0.0,1.0,0.07971337579617835
42,11,XGBoost,0,15,0.037314298000183044,0.9872611464968153,1.0,0.8571428571428571,0.9580662393162394,0.9995004995004995,0.9952380952380953,143,0,2,12,157,14,8.92,0.26339486241340637,2.7302165108267218e-05,0.9986057877540588,0.0778781995177269
42,11,LightGBM,0,15,0.1234324029999243,0.9872611464968153,1.0,0.8571428571428571,0.9580662393162394,0.9980019980019981,0.9815476190476189,143,0,2,12,157,14,8.92,0.26560796917804314,2.8661218268371157e-08,0.9999990558016241,0.07768515271567436
42,11,CatBoost,0,15,1.9436888550001186,0.9936305732484076,1.0,0.9285714285714286,0.9797393212027359,1.0,0.9999999999999998,143,0,1,13,157,14,8.92,0.263378585836548,0.00022698958488486898,0.9981303146785052,0.08254523961151841
42,12,Logistic Regression,0,15,0.00816119199998866,0.9554140127388535,0.6842105263157895,0.9285714285714286,0.881483877925159,0.97002997002997,0.9207209199469261,137,6,1,13,157,14,8.92,0.2937793899346801,1.4691717338895526e-07,0.9999999978990783,0.13519245363252305
42,12,Decision Tree,0,15,0.006636456000023827,0.9872611464968153,0.9285714285714286,0.9285714285714286,0.9607892107892109,0.9607892107892109,0.868614324710776,142,1,1,13,157,14,8.92,0.2849918130088802,0.0,1.0,0.08917197452229299
42,12,Random Forest,0,15,0.3921298159998514,0.9936305732484076,1.0,0.9285714285714286,0.9797393212027359,0.997002997002997,0.9785714285714285,143,0,1,13,157,14,8.92,0.2689069348155042,0.0,1.0,0.08939490445859873
42,12,XGBoost,0,15,0.03542801799994777,0.9936305732484076,1.0,0.9285714285714286,0.9797393212027359,0.986013986013986,0.9523809523809524,143,0,1,13,157,14,8.92,0.2743664085865021,6.800103437853977e-05,0.998566210269928,0.08674933016300201
42,12,LightGBM,0,15,0.11837730899992494,0.9936305732484076,1.0,0.9285714285714286,0.9797393212027359,0.994005994005994,0.9670329670329672,143,0,1,13,157,14,8.92,0.27544474133684155,2.9185008627397597e-08,0.9999993306402415,0.08406494722860257
42,12,CatBoost,0,15,2.8278259549999802,0.9936305732484076,1.0,0.9285714285714286,0.9797393212027359,0.996003996003996,0.974025974025974,143,0,1,13,157,14,8.92,0.27430813660162245,0.00019236789967309902,0.9983134206230015,0.08674786905080417
42,13,Logistic Regression,0,15,0.07555632799994783,0.9426751592356688,0.6190476190476191,0.9285714285714286,0.8552995391705069,0.9735264735264736,0.9211035220539827,135,8,1,13,157,14,8.92,0.3061137472339406,1.9253256384787566e-06,0.9999999857749071,0.15273026143608026
42,13,Decision Tree,0,15,0.013123403999998118,0.9681528662420382,0.8461538461538461,0.7857142857142857,0.8986966060136792,0.8858641358641358,0.6839434450899419,141,2,3,11,157,14,8.92,0.2755835369781393,0.0,1.0,0.08280254777070063
42,13,Random Forest,0,15,0.6159898969999631,0.9808917197452229,1.0,0.7857142857142857,0.9348096885813149,0.9985014985014985,0.9846415489272632,143,0,3,11,157,14,8.92,0.23877177795065704,0.0,1.0,0.08235668789808917
42,13,XGBoost,0,15,0.37673917200004325,0.9808917197452229,1.0,0.7857142857142857,0.9348096885813149,0.9920079920079921,0.9435314685314685,143,0,3,11,157,14,8.92,0.2513755261898041,0.00012521697499323636,0.9977917671203613,0.0797547996044159
42,13,LightGBM,0,15,0.2034560600000077,0.9872611464968153,1.0,0.8571428571428571,0.9580662393162394,0.9980019980019981,0.9822929171668666,143,0,2,12,157,14,8.92,0.2652884976839845,5.457855649865041e-08,0.9999984196595809,0.07987673202927403
42,13,CatBoost,0,15,2.3556599910000386,0.9808917197452229,1.0,0.7857142857142857,0.9348096885813149,0.998001998001998,0.9822929171668666,143,0,3,11,157,14,8.92,0.2530340305277613,0.00020951006942447457,0.9982900417367765,0.0795514224396214
42,14,Logistic Regression,0,15,0.0077207469998938905,0.9554140127388535,0.7058823529411765,0.8571428571428571,0.8747292830274707,0.9345654345654346,0.8421462910917352,138,5,2,12,157,14,8.92,0.28818952113561397,8.182639739438371e-07,0.9999999988725226,0.13006906507710564
42,14,Decision Tree,0,15,0.00667394900006002,0.9745222929936306,0.8571428571428571,0.8571428571428571,0.9215784215784215,0.9215784215784216,0.747432731054205,141,2,2,12,157,14,8.92,0.28499181300888016,0.0,1.0,0.08917197452229299
42,14,Random Forest,0,15,0.39513940300003014,0.9745222929936306,0.9166666666666666,0.7857142857142857,0.9161324786324787,0.9965034965034965,0.9675780568637712,142,1,3,11,157,14,8.92,0.24849982774241036,0.0,1.0,0.08525477707006368
42,14,XGBoost,0,15,0.034004721999963294,0.9808917197452229,0.9230769230769231,0.8571428571428571,0.9392179636082074,0.9935064935064936,0.9490072556842742,142,1,2,12,157,14,8.92,0.2600068747997284,5.936656452831812e-05,0.9979210495948792,0.08373620361089706
42,14,LightGBM,0,15,0.12096032900012688,0.9936305732484076,1.0,0.9285714285714286,0.9797393212027359,0.9965034965034965,0.976190476190476,143,0,1,13,157,14,8.92,0.2674517964485408,9.148098064346233e-08,0.9999988302802745,0.08168651127253307
42,14,CatBoost,0,15,1.9251082010000573,0.9808917197452229,0.9230769230769231,0.8571428571428571,0.9392179636082074,0.9805194805194806,0.9386554621848738,142,1,2,12,157,14,8.92,0.25559842932999866,0.00011029867334109842,0.9986571816497652,0.08124682565334636
42,15,Logistic Regression,0,15,0.00757521400009864,0.967948717948718,0.7222222222222222,1.0,0.9104580415566526,0.9978483055406131,0.9787545787545786,138,5,0,13,156,13,8.33,0.29813687853376836,1.5602875739973112e-06,0.9999999809961445,0.15234740123399057
42,15,Decision Tree,0,15,0.007151812999836693,0.9935897435897436,1.0,0.9230769230769231,0.9782578397212544,0.9615384615384616,0.9294871794871795,143,0,1,12,156,13,8.33,0.26646935501059654,0.0,1.0,0.07692307692307693
42,15,Random Forest,0,15,0.41354891800006044,1.0,1.0,1.0,1.0,1.0,1.0,143,0,0,13,156,13,8.33,0.2531154417599422,0.0,1.0,0.08378205128205127
42,15,XGBoost,0,15,0.03703646300004948,0.9935897435897436,0.9285714285714286,1.0,0.9797270955165691,0.9999999999999999,1.0,142,1,0,13,156,13,8.33,0.2761479616165161,4.2114948882954195e-05,0.9989446997642517,0.08838556706905365
42,15,LightGBM,0,15,0.12496035800018035,1.0,1.0,1.0,1.0,1.0,0.9999999999999998,143,0,0,13,156,13,8.33,0.27621875387162736,3.36973268867758e-08,0.9999987683529228,0.08329515562752383
42,15,CatBoost,0,15,1.9779308270001366,1.0,1.0,1.0,1.0,1.0,0.9999999999999998,143,0,0,13,156,13,8.33,0.2689492991795818,0.00021254911182289933,0.998516199455757,0.08370435145913216
42,16,Logistic Regression,0,15,0.00793674600004124,0.9554140127388535,0.7058823529411765,0.8571428571428571,0.8747292830274707,0.9425574425574426,0.858700217994538,138,5,2,12,157,14,8.92,0.28298545888768056,4.800058538652671e-10,0.9999999981478935,0.10925254293509029
42,16,Decision Tree,0,15,0.005878664999954708,0.9617834394904459,0.7857142857142857,0.7857142857142857,0.8823676323676324,0.8823676323676323,0.6364552190302872,140,3,3,11,157,14,8.92,0.2849918130088802,0.0,1.0,0.08917197452229299
42,16,Random Forest,0,15,0.3885361869999997,0.9808917197452229,0.9230769230769231,0.8571428571428571,0.9392179636082074,0.996003996003996,0.9678101503759398,142,1,2,12,157,14,8.92,0.24657680691579945,0.0,1.0,0.0836624203821656
42,16,XGBoost,0,15,0.03370705399993312,0.9872611464968153,1.0,0.8571428571428571,0.9580662393162394,0.985014985014985,0.9291383219954649,143,0,2,12,157,14,8.92,0.25451362133026123,0.00018286565318703651,0.9983932375907898,0.07549459487199783
42,16,LightGBM,0,15,0.12514622099979533,0.9745222929936306,0.9166666666666666,0.7857142857142857,0.9161324786324787,0.9885114885114885,0.9465463108320251,142,1,3,11,157,14,8.92,0.2602082327496685,8.073347656225149e-08,0.9999987272442973,0.07615780539933983
42,16,CatBoost,0,15,1.9823236699999143,0.9872611464968153,1.0,0.8571428571428571,0.9580662393162394,0.9720279720279721,0.9194444444444443,143,0,2,12,157,14,8.92,0.2600221161716219,7.823012115256113e-05,0.9985586218624347,0.07948149149384291
42,17,Logistic Regression,0,15,0.00864932000013141,0.9490445859872612,0.65,0.9285714285714286,0.8680672268907563,0.9635364635364636,0.8964674214674214,136,7,1,13,157,14,8.92,0.2814783013124195,8.77875947076019e-07,0.9999999709616434,0.142197979464253
42,17,Decision Tree,0,15,0.006249295999850801,0.9808917197452229,0.9230769230769231,0.8571428571428571,0.9392179636082074,0.9250749250749252,0.8039476447119759,142,1,2,12,157,14,8.92,0.2755835369781393,0.0,1.0,0.08280254777070063
42,17,Random Forest,0,15,0.5539402089998475,0.9745222929936306,0.9166666666666666,0.7857142857142857,0.9161324786324787,0.9985014985014984,0.9846415489272632,142,1,3,11,157,14,8.92,0.24487143308919046,0.0,1.0,0.08101910828025477
42,17,XGBoost,0,15,0.25164331299993137,0.9745222929936306,0.9166666666666666,0.7857142857142857,0.9161324786324787,0.996003996003996,0.9679748822605967,142,1,3,11,157,14,8.92,0.25997358560562134,2.8313750590314157e-05,0.9980970025062561,0.07929203659296036
42,17,LightGBM,0,15,0.18306801399990036,0.9745222929936306,0.9166666666666666,0.7857142857142857,0.9161324786324787,0.9975024975024975,0.9760531135531135,142,1,3,11,157,14,8.92,0.26544548144473623,3.312731822992025e-08,0.9999993388565501,0.07723153577165022
42,17,CatBoost,0,15,3.255221557000141,0.9808917197452229,0.9230769230769231,0.8571428571428571,0.9392179636082074,0.9975024975024975,0.9760531135531135,142,1,2,12,157,14,8.92,0.26134147237742283,0.0001524330031595134,0.9985569996761696,0.08171929395886296
42,18,Logistic Regression,0,15,0.01436690900004578,0.9490445859872612,0.6363636363636364,1.0,0.8745003996802558,0.997002997002997,0.9761009667024703,135,8,0,14,157,14,8.92,0.2975557951629634,4.729511619631196e-06,0.9999998635485257,0.15462452288832054
42,18,Decision Tree,0,15,0.008694917999946483,0.9808917197452229,0.9230769230769231,0.8571428571428571,0.9392179636082074,0.9250749250749252,0.8039476447119759,142,1,2,12,157,14,8.92,0.2755835369781393,0.0,1.0,0.08280254777070063
42,18,Random Forest,0,15,0.48351252800011935,0.9872611464968153,1.0,0.8571428571428571,0.9580662393162394,1.0,1.0,143,0,2,12,157,14,8.92,0.24339577378803892,0.0,1.0,0.0789171974522293
42,18,XGBoost,0,15,0.03612894400021105,0.9936305732484076,1.0,0.9285714285714286,0.9797393212027359,1.0,0.9999999999999998,143,0,1,13,157,14,8.92,0.2710202634334564,5.3846310038352385e-05,0.9987251162528992,0.08623194694519043
42,18,LightGBM,0,15,0.13803237199999785,1.0,1.0,1.0,1.0,1.0,0.9999999999999999,143,0,0,14,157,14,8.92,0.2784617059005676,3.187656893357608e-08,0.9999975189631738,0.08715403161983477
42,18,CatBoost,0,15,1.9691119040001013,0.9872611464968153,1.0,0.8571428571428571,0.9580662393162394,0.9995004995004995,0.9952380952380951,143,0,2,12,157,14,8.92,0.2616793475489946,0.00018089722417514645,0.9970617335892981,0.08090532684671449
42,19,Logistic Regression,0,15,0.008004110999991099,0.9745222929936306,0.7777777777777778,1.0,0.9304078014184397,0.9965034965034965,0.9685075953458305,139,4,0,14,157,14,8.92,0.2979091483577606,3.976765156122836e-06,0.9999999933936243,0.14823806361477312
42,19,Decision Tree,0,15,0.007117464999964795,1.0,1.0,1.0,1.0,1.0,1.0,143,0,0,14,157,14,8.92,0.28499181300888016,0.0,1.0,0.08917197452229299
42,19,Random Forest,0,15,0.4024066979998224,0.9936305732484076,1.0,0.9285714285714286,0.9797393212027359,1.0,0.9999999999999999,143,0,1,13,157,14,8.92,0.2642797049045559,0.0,1.0,0.08812101910828025
42,19,XGBoost,0,15,0.03555366400019011,0.9936305732484076,1.0,0.9285714285714286,0.9797393212027359,1.0,0.9999999999999999,143,0,1,13,157,14,8.92,0.2747935652732849,5.535215314012021e-05,0.9988301396369934,0.08979814499616623
42,19,LightGBM,0,15,0.12388006399987717,1.0,1.0,1.0,1.0,1.0,0.9999999999999999,143,0,0,14,157,14,8.92,0.28080561353666855,3.997108755089408e-08,0.9999988587081885,0.08819153670610734
42,19,CatBoost,0,15,1.9598664509999253,1.0,1.0,1.0,1.0,1.0,0.9999999999999999,143,0,0,14,157,14,8.92,0.27327233401602474,0.00018454305676999966,0.9980873751177901,0.08728097896183666
42,20,Logistic Regression,0,15,0.007793321000008291,0.967948717948718,0.7222222222222222,1.0,0.9104580415566526,1.0,1.0,138,5,0,13,156,13,8.33,0.2781586425524368,8.88795845023675e-06,0.9999995826737073,0.13404147381551068
42,20,Decision Tree,0,15,0.007362077999914618,0.9807692307692307,0.9166666666666666,0.8461538461538461,0.9347735191637631,0.9195804195804197,0.7884615384615383,142,1,2,11,156,13,8.33,0.26646935501059654,0.0,1.0,0.07692307692307693
42,20,Random Forest,0,15,0.41466352599991296,0.9935897435897436,1.0,0.9230769230769231,0.9782578397212544,1.0,1.0,143,0,1,12,156,13,8.33,0.25327524183431893,0.0,1.0,0.08384615384615385
42,20,XGBoost,0,15,0.035659911000038846,1.0,1.0,1.0,1.0,1.0,1.0,143,0,0,13,156,13,8.33,0.2727362811565399,6.072930045775138e-05,0.9990060925483704,0.08451135456562042
42,20,LightGBM,0,15,0.12080755099987073,1.0,1.0,1.0,1.0,1.0,1.0,143,0,0,13,156,13,8.33,0.27705948349514337,3.35161572403432e-08,0.9999994271613257,0.08669065873917947
42,20,CatBoost,0,15,1.9662135519999993,1.0,1.0,1.0,1.0,1.0,1.0,143,0,0,13,156,13,8.33,0.2661817141502592,0.0002587068689574574,0.9983734794885297,0.08354996586047121
42,21,Logistic Regression,0,15,0.007681917000127214,0.9936305732484076,1.0,0.9285714285714286,0.9797393212027359,0.952047952047952,0.9376623376623376,143,0,1,13,157,14,8.92,0.26046413664123275,7.406004893726237e-07,0.9999999452610647,0.10631966444187967
42,21,Decision Tree,0,15,0.006658295000079306,0.9872611464968153,1.0,0.8571428571428571,0.9580662393162394,0.9285714285714286,0.8698817106460418,143,0,2,12,157,14,8.92,0.2656898549632383,0.0,1.0,0.07643312101910828
42,21,Random Forest,0,15,0.4061806750000869,0.9872611464968153,1.0,0.8571428571428571,0.9580662393162394,1.0,1.0,143,0,2,12,157,14,8.92,0.24746437763751225,0.0,1.0,0.07853503184713377
42,21,XGBoost,0,15,0.03463801099996999,0.9872611464968153,1.0,0.8571428571428571,0.9580662393162394,1.0,0.9999999999999999,143,0,2,12,157,14,8.92,0.2624710202217102,7.872166315792128e-05,0.9989101886749268,0.07716064900159836
42,21,LightGBM,0,15,0.11783884800001942,0.9936305732484076,1.0,0.9285714285714286,0.9797393212027359,0.9999999999999999,1.0,143,0,1,13,157,14,8.92,0.26926549267334676,9.538954215975306e-08,0.9999990274376256,0.08058774938073487
42,21,CatBoost,0,15,2.4733861929998966,0.9872611464968153,1.0,0.8571428571428571,0.9580662393162394,0.98001998001998,0.9470899470899471,143,0,2,12,157,14,8.92,0.2597867731963903,0.00010679764300149785,0.9982910670144578,0.07722589226703529
42,22,Logistic Regression,0,15,0.09740994700018746,0.9681528662420382,0.7647058823529411,0.9285714285714286,0.9105209164481933,0.9715284715284714,0.9282589959060547,139,4,1,13,157,14,8.92,0.2763525936881392,1.3144077488454342e-07,0.9999999772805596,0.11644676152642829
42,22,Decision Tree,0,15,0.006704127000148219,0.9872611464968153,0.9285714285714286,0.9285714285714286,0.9607892107892109,0.9607892107892109,0.868614324710776,142,1,1,13,157,14,8.92,0.2849918130088802,0.0,1.0,0.08917197452229299
42,22,Random Forest,0,15,0.5880639960000735,0.9936305732484076,1.0,0.9285714285714286,0.9797393212027359,0.9995004995004995,0.9952380952380951,143,0,1,13,157,14,8.92,0.26256155762884364,0.0,1.0,0.08464968152866241
42,22,XGBoost,0,15,0.08927701599986904,0.9936305732484076,1.0,0.9285714285714286,0.9797393212027359,0.987012987012987,0.9535714285714285,143,0,1,13,157,14,8.92,0.2735300362110138,6.43616949673742e-05,0.9989284873008728,0.08418268710374832
42,22,LightGBM,0,15,0.194891595999934,0.9936305732484076,1.0,0.9285714285714286,0.9797393212027359,0.995004995004995,0.9702380952380951,143,0,1,13,157,14,8.92,0.27553706977203557,2.9397231831609155e-08,0.9999991581845321,0.08296701692617707
42,22,CatBoost,0,15,2.8902588619998824,0.9936305732484076,1.0,0.9285714285714286,0.9797393212027359,0.9980019980019981,0.984126984126984,143,0,1,13,157,14,8.92,0.27282316856280703,0.00020196545767383502,0.9981430640313961,0.0854980491895358
42,23,Logistic Regression,0,15,0.007554159000164873,0.9745222929936306,0.8125,0.9285714285714286,0.9262910798122066,0.9925074925074926,0.9175005666602304,140,3,1,13,157,14,8.92,0.2733630327547815,2.448156018425026e-06,0.9999999117412672,0.137527712494199
42,23,Decision Tree,0,15,0.007096467999872402,0.9808917197452229,1.0,0.7857142857142857,0.9348096885813149,0.8928571428571428,0.8048225659690628,143,0,3,11,157,14,8.92,0.2552543300575016,0.0,1.0,0.07006369426751592
42,23,Random Forest,0,15,0.39750613699993664,0.9872611464968153,1.0,0.8571428571428571,0.9580662393162394,0.999000999000999,0.9901360544217688,143,0,2,12,157,14,8.92,0.2449239222633509,0.0,1.0,0.0814968152866242
42,23,XGBoost,0,15,0.035399144000166416,1.0,1.0,1.0,1.0,1.0,0.9999999999999998,143,0,0,14,157,14,8.92,0.2705127000808716,6.015924009261653e-05,0.9991928935050964,0.08787545561790466
42,23,LightGBM,0,15,0.12058521099993413,0.9936305732484076,1.0,0.9285714285714286,0.9797393212027359,1.0,0.9999999999999999,143,0,1,13,157,14,8.92,0.27279484235549756,3.8511071190482754e-08,0.9999991177780743,0.08229132789364084
42,23,CatBoost,0,15,1.93545969600018,0.9872611464968153,1.0,0.8571428571428571,0.9580662393162394,1.0,0.9999999999999999,143,0,2,12,157,14,8.92,0.2552011893535099,0.00023780284175871203,0.9984557275301668,0.07858888751926753
42,24,Logistic Regression,0,15,0.007821151999905851,0.9426751592356688,0.6086956521739131,1.0,0.8621328910137575,0.9975024975024975,0.9745225013082155,134,9,0,14,157,14,8.92,0.3067910212178972,6.676530735707297e-06,0.9999999920182,0.15878007650818127
42,24,Decision Tree,0,15,0.007132635000061782,0.9808917197452229,0.9230769230769231,0.8571428571428571,0.9392179636082074,0.9250749250749252,0.8039476447119759,142,1,2,12,157,14,8.92,0.2755835369781393,0.0,1.0,0.08280254777070063
42,24,Random Forest,0,15,0.409484146000068,0.9872611464968153,1.0,0.8571428571428571,0.9580662393162394,0.9997502497502497,0.9952380952380951,143,0,2,12,157,14,8.92,0.24759570064713238,0.0,1.0,0.08121019108280254
42,24,XGBoost,0,15,0.034600181999849156,0.9872611464968153,1.0,0.8571428571428571,0.9580662393162394,0.995004995004995,0.9669476486246671,143,0,2,12,157,14,8.92,0.2619578540325165,2.9032398742856458e-05,0.9987301230430603,0.07914292812347412
42,24,LightGBM,0,15,0.12357268300002033,0.9872611464968153,1.0,0.8571428571428571,0.9580662393162394,0.9980019980019981,0.981547619047619,143,0,2,12,157,14,8.92,0.2656303691866583,2.6955932602671735e-08,0.9999992714079001,0.0779220084822041
42,24,CatBoost,0,15,1.955086141000038,0.9936305732484076,1.0,0.9285714285714286,0.9797393212027359,1.0,0.9999999999999999,143,0,1,13,157,14,8.92,0.26353795672374714,0.0002213911895133973,0.9983179850480005,0.08390033400166591
42,25,Logistic Regression,0,15,0.007993647999910536,0.9102564102564102,0.48,0.9230769230769231,0.790242028428736,0.9682625067240451,0.936965811965812,130,13,1,12,156,13,8.33,0.31415737204011795,1.105977112901551e-06,0.9999999944969924,0.17340801347778984
42,25,Decision Tree,0,15,0.006642489999876489,0.967948717948718,0.8333333333333334,0.7692307692307693,0.8912891986062719,0.8776223776223776,0.6602564102564104,141,2,3,10,156,13,8.33,0.26646935501059654,0.0,1.0,0.07692307692307693
42,25,Random Forest,0,15,0.39004175699983534,0.9807692307692307,0.8571428571428571,0.9230769230769231,0.9391812865497076,0.9978483055406132,0.9774161735700198,141,2,1,12,156,13,8.33,0.2499582558836938,0.0,1.0,0.0948076923076923
42,25,XGBoost,0,15,0.03508816400017167,0.9871794871794872,0.9230769230769231,0.9230769230769231,0.9580419580419581,0.993006993006993,0.9472347607799112,142,1,1,12,156,13,8.33,0.2647608518600464,0.00010674556688172743,0.9989288449287415,0.09193922579288483
42,25,LightGBM,0,15,0.11917463700001463,0.9807692307692307,0.8571428571428571,0.9230769230769231,0.9391812865497076,0.9978483055406132,0.9774161735700196,141,2,1,12,156,13,8.33,0.27357099566097365,5.944638603638793e-08,0.9999987544712142,0.08612082247298115
42,25,CatBoost,0,15,1.9713237349999417,0.9807692307692307,0.8571428571428571,0.9230769230769231,0.9391812865497076,0.996234534696073,0.9676434676434675,141,2,1,12,156,13,8.33,0.26557816958562847,0.00018360521202542468,0.9984460124357418,0.09123758128655471
123,1,Logistic Regression,0,15,0.018461660999946616,0.9808917197452229,0.8666666666666667,0.9285714285714286,0.9430127041742287,0.9635364635364636,0.9350972947318461,141,2,1,13,157,14,8.92,0.2758068326384884,3.227762924794294e-06,0.9999999190482342,0.14505309018628304
123,1,Decision Tree,0,15,0.007501571999910084,0.9808917197452229,0.9230769230769231,0.8571428571428571,0.9392179636082074,0.9250749250749252,0.8039476447119759,142,1,2,12,157,14,8.92,0.2755835369781393,0.0,1.0,0.08280254777070063
123,1,Random Forest,0,15,0.40033228000015697,0.9936305732484076,1.0,0.9285714285714286,0.9797393212027359,1.0,1.0,143,0,1,13,157,14,8.92,0.25474531649256993,0.0,1.0,0.09156050955414012
123,1,XGBoost,0,15,0.03506402499988326,0.9936305732484076,1.0,0.9285714285714286,0.9797393212027359,0.9990009990009989,0.9910714285714284,143,0,1,13,157,14,8.92,0.27111756801605225,0.00011135527165606618,0.9988221526145935,0.087366484105587
123,1,LightGBM,0,15,0.12306452999996509,0.9936305732484076,1.0,0.9285714285714286,0.9797393212027359,1.0,0.9999999999999999,143,0,1,13,157,14,8.92,0.27155903408903576,3.02364397526212e-08,0.9999986789963582,0.08327658746388943
123,1,CatBoost,0,15,2.877625018999879,0.9936305732484076,1.0,0.9285714285714286,0.9797393212027359,0.9995004995004995,0.9952380952380951,143,0,1,13,157,14,8.92,0.26692114504123304,0.0002361955708680152,0.9984217943358416,0.08499486300531887
123,2,Logistic Regression,0,15,0.08670926699983283,0.9681528662420382,0.7647058823529411,0.9285714285714286,0.9105209164481933,0.971028971028971,0.9333333333333332,139,4,1,13,157,14,8.92,0.2803103645676168,3.486997718547318e-08,0.9999999964663406,0.13086100947025475
123,2,Decision Tree,0,15,0.01705486299988479,0.9745222929936306,0.8571428571428571,0.8571428571428571,0.9215784215784215,0.9215784215784216,0.747432731054205,141,2,2,12,157,14,8.92,0.2849918130088802,0.0,1.0,0.08917197452229299
123,2,Random Forest,0,15,0.5887394750000112,0.9681528662420382,0.9090909090909091,0.7142857142857143,0.8913494809688581,0.9947552447552448,0.9552197802197802,142,1,4,10,157,14,8.92,0.23994609131932423,0.0,1.0,0.07802547770700637
123,2,XGBoost,0,15,0.3104864590000034,0.9745222929936306,0.9166666666666666,0.7857142857142857,0.9161324786324787,0.9835164835164835,0.9221956614813758,142,1,3,11,157,14,8.92,0.2591971158981323,5.254518328001723e-05,0.9992541670799255,0.07947305589914322
123,2,LightGBM,0,15,0.19271386600007645,0.9808917197452229,0.9230769230769231,0.8571428571428571,0.9392179636082074,0.9895104895104895,0.9482779125636267,142,1,2,12,157,14,8.92,0.266875634555846,4.319571260482715e-08,0.9999994200317859,0.08097071450513904
123,2,CatBoost,0,15,2.3290332970000236,0.9872611464968153,0.9285714285714286,0.9285714285714286,0.9607892107892109,0.9950049950049951,0.959641548927263,142,1,1,13,157,14,8.92,0.260273230461963,0.00013877542066991348,0.9985332057177045,0.08145137587483775
123,3,Logistic Regression,0,15,0.007431683000049816,0.9490445859872612,0.6363636363636364,1.0,0.8745003996802558,0.9985014985014985,0.985969387755102,135,8,0,14,157,14,8.92,0.3052253490131529,1.8778436240485565e-06,0.9999999859240309,0.1529652518573646
123,3,Decision Tree,0,15,0.007204126000033284,1.0,1.0,1.0,1.0,1.0,1.0,143,0,0,14,157,14,8.92,0.2849918130088802,0.0,1.0,0.08917197452229299
123,3,Random Forest,0,15,0.41452641399996537,1.0,1.0,1.0,1.0,1.0,1.0,143,0,0,14,157,14,8.92,0.2687156710929769,0.0,1.0,0.09009554140127388
123,3,XGBoost,0,15,0.03570029299999078,1.0,1.0,1.0,1.0,1.0,0.9999999999999999,143,0,0,14,157,14,8.92,0.28367337584495544,3.52950046362821e-05,0.9991488456726074,0.09416802227497101
123,3,LightGBM,0,15,0.11946112900000116,1.0,1.0,1.0,1.0,1.0,0.9999999999999999,143,0,0,14,157,14,8.92,0.28483727589038654,3.4049481486943234e-08,0.9999986369601486,0.08962243134700376
123,3,CatBoost,0,15,1.9621300459998565,1.0,1.0,1.0,1.0,1.0,0.9999999999999999,143,0,0,14,157,14,8.92,0.2768775799545666,0.00024027496119635462,0.9982392212394486,0.09048312367559005
123,4,Logistic Regression,0,15,0.007007915000031062,0.9171974522292994,0.5263157894736842,0.7142857142857143,0.7798986304324382,0.968031968031968,0.7870167153471929,134,9,4,10,157,14,8.92,0.3030062875710071,1.0201768383438124e-06,0.9999999991592476,0.16055270423958695
123,4,Decision Tree,0,15,0.006934407000017018,0.9681528662420382,0.8461538461538461,0.7857142857142857,0.8986966060136792,0.8858641358641358,0.6839434450899419,141,2,3,11,157,14,8.92,0.2755835369781393,0.0,1.0,0.08280254777070063
123,4,Random Forest,0,15,0.38288857899988216,0.9872611464968153,1.0,0.8571428571428571,0.9580662393162394,0.9975024975024975,0.9790249433106577,143,0,2,12,157,14,8.92,0.2469403381583516,0.0,1.0,0.08936305732484078
123,4,XGBoost,0,15,0.03875226499985729,0.9808917197452229,0.9230769230769231,0.8571428571428571,0.9392179636082074,0.9955044955044956,0.9689239332096473,142,1,2,12,157,14,8.92,0.2687937915325165,3.854845272144303e-05,0.9990096092224121,0.09091194719076157
123,4,LightGBM,0,15,0.13337700900001437,0.9681528662420382,0.8,0.8571428571428571,0.9050211736237144,0.996003996003996,0.9673202614379084,140,3,2,12,157,14,8.92,0.28399228403467724,3.168712363734113e-08,0.9999994408918882,0.09494552371980322
123,4,CatBoost,0,15,1.9340431360001276,0.9872611464968153,1.0,0.8571428571428571,0.9580662393162394,0.996003996003996,0.9673202614379084,143,0,2,12,157,14,8.92,0.2604474622116973,0.00025961366663257126,0.9960425452556559,0.08571544582446
123,5,Logistic Regression,0,15,0.01013523599999644,0.9743589743589743,0.8,0.9230769230769231,0.9215291750503019,0.9505110274341043,0.9217966499519896,140,3,1,12,156,13,8.33,0.27964088697668643,2.749860832172759e-07,0.9999999816550945,0.10395016337668526
123,5,Decision Tree,0,15,0.007650345999991259,0.9807692307692307,1.0,0.7692307692307693,0.929592297276967,0.8846153846153846,0.7884615384615385,143,0,3,10,156,13,8.33,0.24493555351977947,0.0,1.0,0.0641025641025641
123,5,Random Forest,0,15,0.3918972290000511,0.9807692307692307,1.0,0.7692307692307693,0.929592297276967,1.0,1.0,143,0,3,10,156,13,8.33,0.2418472171226708,0.0,1.0,0.0728846153846154
123,5,XGBoost,0,15,0.034645696999859865,0.9807692307692307,1.0,0.7692307692307693,0.929592297276967,0.9989241527703067,0.9897435897435898,143,0,3,10,156,13,8.33,0.24377024173736572,9.040314762387425e-05,0.997951328754425,0.06946912407875061
123,5,LightGBM,0,15,0.1153682659999049,0.9935897435897436,1.0,0.9230769230769231,0.9782578397212544,0.9989241527703066,0.9897435897435896,143,0,1,12,156,13,8.33,0.2575421802872343,6.809690681554866e-08,0.9999984090523646,0.07398022948040271
123,5,CatBoost,0,15,2.5682495209998706,0.9807692307692307,1.0,0.7692307692307693,0.929592297276967,0.979020979020979,0.9423076923076923,143,0,3,10,156,13,8.33,0.24490630783479767,0.00010060414812379992,0.9981358955821257,0.06949952502131164
123,6,Logistic Regression,0,15,0.01205173699986517,0.9490445859872612,0.6363636363636364,1.0,0.8745003996802558,0.9980019980019981,0.9822929171668666,135,8,0,14,157,14,8.92,0.30440639633246097,3.500992159775368e-06,0.9999996669224448,0.15806982635344824
123,6,Decision Tree,0,15,0.006975759999932052,0.9808917197452229,0.8666666666666667,0.9285714285714286,0.9430127041742287,0.9572927072927073,0.8111313315134971,141,2,1,13,157,14,8.92,0.2939612932283905,0.0,1.0,0.09554140127388536
123,6,Random Forest,0,15,0.6024385040000197,0.9872611464968153,0.9285714285714286,0.9285714285714286,0.9607892107892109,0.9995004995004995,0.9952380952380953,142,1,1,13,157,14,8.92,0.2763290332080498,0.0,1.0,0.09684713375796178
123,6,XGBoost,0,15,0.4099734629999148,0.9872611464968153,0.9285714285714286,0.9285714285714286,0.9607892107892109,0.9965034965034966,0.9761904761904762,142,1,1,13,157,14,8.92,0.2807053327560425,5.174839679966681e-05,0.9986881613731384,0.09024267643690109
123,6,LightGBM,0,15,0.18901645799996913,0.9872611464968153,0.9285714285714286,0.9285714285714286,0.9607892107892109,0.9995004995004995,0.9952380952380954,142,1,1,13,157,14,8.92,0.2862156513404755,3.2014461663924114e-08,0.9999994510325534,0.09431667561169674
123,6,CatBoost,0,15,3.1387571309999203,0.9936305732484076,0.9333333333333333,1.0,0.981004234724743,1.0,0.9999999999999999,142,1,0,14,157,14,8.92,0.2858091942404575,0.00020647467143500937,0.9984115086958459,0.09808056340844652
123,7,Logistic Regression,0,15,0.008317607999970278,0.9745222929936306,0.8125,0.9285714285714286,0.9262910798122066,0.97002997002997,0.9173839100857732,140,3,1,13,157,14,8.92,0.28430504801610185,2.063699919696789e-06,0.999999990938773,0.14180982495460884
123,7,Decision Tree,0,15,0.007117043000107515,0.9808917197452229,0.9230769230769231,0.8571428571428571,0.9392179636082074,0.9250749250749252,0.8039476447119759,142,1,2,12,157,14,8.92,0.2755835369781393,0.0,1.0,0.08280254777070063
123,7,Random Forest,0,15,0.3936435949999577,0.9936305732484076,1.0,0.9285714285714286,0.9797393212027359,1.0,1.0,143,0,1,13,157,14,8.92,0.25320271537971767,0.0,1.0,0.0849044585987261
123,7,XGBoost,0,15,0.03509196000004522,0.9936305732484076,1.0,0.9285714285714286,0.9797393212027359,0.998001998001998,0.9841269841269842,143,0,1,13,157,14,8.92,0.26784569025039673,6.973079143790528e-05,0.9990630745887756,0.08716724067926407
123,7,LightGBM,0,15,0.1372266529999706,0.9936305732484076,1.0,0.9285714285714286,0.9797393212027359,1.0,0.9999999999999999,143,0,1,13,157,14,8.92,0.27041507465469355,3.1674554903541176e-08,0.999998830941444,0.08316612454690749
123,7,CatBoost,0,15,1.9772131569998237,0.9936305732484076,1.0,0.9285714285714286,0.9797393212027359,0.9990009990009989,0.9910714285714285,143,0,1,13,157,14,8.92,0.26692255436977386,0.00018481868826287384,0.9983262811403427,0.0841828043547026
123,8,Logistic Regression,0,15,0.00802756899997803,0.9681528662420382,0.7647058823529411,0.9285714285714286,0.9105209164481933,0.965034965034965,0.8657388289764065,139,4,1,13,157,14,8.92,0.27579930493921145,1.5413983575783623e-07,0.9999997581693473,0.12696334326771547
123,8,Decision Tree,0,15,0.006392272000084631,0.9681528662420382,0.9090909090909091,0.7142857142857143,0.8913494809688581,0.8536463536463537,0.6748283563570188,142,1,4,10,157,14,8.92,0.2552543300575016,0.0,1.0,0.07006369426751592
123,8,Random Forest,0,15,0.38803503400004047,0.9745222929936306,1.0,0.7142857142857143,0.9097701149425288,0.9950049950049951,0.9552197802197803,143,0,4,10,157,14,8.92,0.21981186564456698,0.0,1.0,0.06949044585987262
123,8,XGBoost,0,15,0.040771636000044964,0.9808917197452229,1.0,0.7857142857142857,0.9348096885813149,0.9480519480519481,0.8766146866216773,143,0,3,11,157,14,8.92,0.2435285747051239,2.675685209396761e-05,0.998915433883667,0.07153749465942383
123,8,LightGBM,0,15,0.4996696659998179,0.9808917197452229,1.0,0.7857142857142857,0.9348096885813149,0.9945054945054945,0.9625258799171841,143,0,3,11,157,14,8.92,0.25378563200033954,2.8977779818709908e-08,0.9999989245896549,0.07008866735274327
123,8,CatBoost,0,15,1.9780778629999531,0.9808917197452229,1.0,0.7857142857142857,0.9348096885813149,0.99000999000999,0.9421768707482991,143,0,3,11,157,14,8.92,0.24493655173222662,0.00015218774243814517,0.9984823940222624,0.07206921880868505
123,9,Logistic Regression,0,15,0.007334877000175766,0.9554140127388535,0.6666666666666666,1.0,0.8874551971326166,0.9995004995004995,0.9952380952380951,136,7,0,14,157,14,8.92,0.29574337661820377,3.5584066755083674e-06,0.9999999700658107,0.15160282229472496
123,9,Decision Tree,0,15,0.007096921000083967,0.9936305732484076,0.9333333333333333,1.0,0.981004234724743,0.9965034965034966,0.9333333333333333,142,1,0,14,157,14,8.92,0.29396129322839043,0.0,1.0,0.09554140127388536
123,9,Random Forest,0,15,0.3933506469998065,1.0,1.0,1.0,1.0,1.0,1.0,143,0,0,14,157,14,8.92,0.25382394168188277,0.0,1.0,0.08589171974522293
123,9,XGBoost,0,15,0.035238672000105,0.9936305732484076,1.0,0.9285714285714286,0.9797393212027359,1.0,1.0,143,0,1,13,157,14,8.92,0.2733204960823059,6.37441044091247e-05,0.9988627433776855,0.08792208135128021
123,9,LightGBM,0,15,0.13871196700006294,0.9936305732484076,1.0,0.9285714285714286,0.9797393212027359,1.0,0.9999999999999999,143,0,1,13,157,14,8.92,0.27649438186166747,4.311340541966202e-08,0.9999987117440632,0.08547438016828583
123,9,CatBoost,0,15,1.944298095000022,0.9936305732484076,1.0,0.9285714285714286,0.9797393212027359,1.0,0.9999999999999999,143,0,1,13,157,14,8.92,0.27163952907526634,0.00021437137791214492,0.9980924195271452,0.08707181795558415
123,10,Logistic Regression,0,15,0.009595178000154192,0.967948717948718,0.75,0.9230769230769231,0.9049591811867918,0.9451317912856374,0.9209374696100359,139,4,1,12,156,13,8.33,0.27813092392725586,2.3542744331718954e-07,0.9999999986226693,0.11032696274457662
123,10,Decision Tree,0,15,0.006538090000049124,0.9871794871794872,0.9230769230769231,0.9230769230769231,0.9580419580419581,0.958041958041958,0.8584812623274163,142,1,1,12,156,13,8.33,0.2763853991962833,0.0,1.0,0.08333333333333333
123,10,Random Forest,0,15,0.39173680699991564,0.9935897435897436,1.0,0.9230769230769231,0.9782578397212544,0.9994620763851534,0.9945054945054944,143,0,1,12,156,13,8.33,0.24166097685949708,0.0,1.0,0.07567307692307693
123,10,XGBoost,0,15,0.0346911579999869,0.9935897435897436,1.0,0.9230769230769231,0.9782578397212544,0.9983862291554599,0.985576923076923,143,0,1,12,156,13,8.33,0.2561624050140381,0.00011025377170881256,0.998519241809845,0.07698693871498108
123,10,LightGBM,0,15,0.1033205700000508,0.9935897435897436,1.0,0.9230769230769231,0.9782578397212544,0.9994620763851533,0.9945054945054945,143,0,1,12,156,13,8.33,0.2615776498156441,6.871264218882053e-08,0.9999977737410279,0.07532897619367795
123,10,CatBoost,0,15,3.161755137,0.9871794871794872,1.0,0.8461538461538461,0.9548611111111112,0.979020979020979,0.9423076923076923,143,0,2,11,156,13,8.33,0.24861397042637393,8.102029813117903e-05,0.998500296487819,0.07389230204454908
123,11,Logistic Regression,0,15,0.021792451999999685,0.9872611464968153,1.0,0.8571428571428571,0.9580662393162394,0.865134865134865,0.8701263362487851,143,0,2,12,157,14,8.92,0.2658287632059221,2.8973121231826217e-11,0.9999999999997917,0.08584018491031606
123,11,Decision Tree,0,15,0.01239925699997002,0.9745222929936306,0.9166666666666666,0.7857142857142857,0.9161324786324787,0.8893606393606392,0.7393463754928723,142,1,3,11,157,14,8.92,0.26568985496323827,0.0,1.0,0.07643312101910828
123,11,Random Forest,0,15,0.6012972210000953,0.9872611464968153,1.0,0.8571428571428571,0.9580662393162394,0.9500499500499501,0.8900428961393474,143,0,2,12,157,14,8.92,0.24087139970951346,0.0,1.0,0.07197452229299363
123,11,XGBoost,0,15,0.29058963800002857,0.9872611464968153,1.0,0.8571428571428571,0.9580662393162394,0.8731268731268731,0.8696213064508402,143,0,2,12,157,14,8.92,0.25612974166870117,6.499760638689622e-05,0.999365508556366,0.07437746971845627
123,11,LightGBM,0,15,0.1794161749999148,0.9808917197452229,1.0,0.7857142857142857,0.9348096885813149,0.9280719280719281,0.8807359307359306,143,0,3,11,157,14,8.92,0.25697422826561733,3.6975341744619694e-08,0.999998202601439,0.07293763826242931
123,11,CatBoost,0,15,2.0404715449999458,0.9808917197452229,1.0,0.7857142857142857,0.9348096885813149,0.936063936063936,0.8844669943449076,143,0,3,11,157,14,8.92,0.2532043721052008,4.405711360606542e-05,0.9989269027101523,0.07312830634887278
123,12,Logistic Regression,0,15,0.007811756999899444,0.9681528662420382,0.7647058823529411,0.9285714285714286,0.9105209164481933,0.9705294705294706,0.9320593893028499,139,4,1,13,157,14,8.92,0.2691769349615534,5.736129200155031e-07,0.9999999962060657,0.11859242789101267
123,12,Decision Tree,0,15,0.006796364000138055,0.9745222929936306,0.9166666666666666,0.7857142857142857,0.9161324786324787,0.8893606393606392,0.7393463754928723,142,1,3,11,157,14,8.92,0.26568985496323827,0.0,1.0,0.07643312101910828
123,12,Random Forest,0,15,0.4016122579998864,0.9745222929936306,1.0,0.7142857142857143,0.9097701149425288,0.9975024975024975,0.9790249433106577,143,0,4,10,157,14,8.92,0.21828649029546232,0.0,1.0,0.06640127388535032
123,12,XGBoost,0,15,0.034189666000202124,0.9745222929936306,1.0,0.7142857142857143,0.9097701149425288,0.968031968031968,0.8746748699479792,143,0,4,10,157,14,8.92,0.22481587529182434,6.266781565500423e-05,0.9977177381515503,0.06199662387371063
123,12,LightGBM,0,15,0.13348814799996944,0.9808917197452229,1.0,0.7857142857142857,0.9348096885813149,0.9925074925074925,0.9560846560846559,143,0,3,11,157,14,8.92,0.2513601884544044,2.927733731990374e-08,0.9999995819477994,0.0691699381353066
123,12,CatBoost,0,15,1.9834041760000218,0.9808917197452229,1.0,0.7857142857142857,0.9348096885813149,0.997002997002997,0.9785714285714284,143,0,3,11,157,14,8.92,0.24155093057756336,0.00014460327327900978,0.9986516965805655,0.06918316890919883
123,13,Logistic Regression,0,15,0.0078443510001307,0.9426751592356688,0.6086956521739131,1.0,0.8621328910137575,0.9985014985014985,0.9846415489272632,134,9,0,14,157,14,8.92,0.31037969679401944,3.486334636153029e-06,0.9999996922200077,0.17558129886157028
123,13,Decision Tree,0,15,0.007047850999924776,0.9745222929936306,0.8125,0.9285714285714286,0.9262910798122066,0.9537962037962038,0.760833712465878,140,3,1,13,157,14,8.92,0.30253100858695325,0.0,1.0,0.10191082802547771
123,13,Random Forest,0,15,0.39666575000001103,0.9872611464968153,0.9285714285714286,0.9285714285714286,0.9607892107892109,0.9975024975024975,0.981203007518797,142,1,1,13,157,14,8.92,0.261509864489901,0.0,1.0,0.09149681528662422
123,13,XGBoost,0,15,0.058689732999937405,0.9808917197452229,0.8666666666666667,0.9285714285714286,0.9430127041742287,0.9990009990009989,0.9910714285714285,141,2,1,13,157,14,8.92,0.2862642705440521,3.7230529414955527e-05,0.9988101720809937,0.09511830657720566
123,13,LightGBM,0,15,0.11978232800015576,0.9808917197452229,0.8666666666666667,0.9285714285714286,0.9430127041742287,0.9980019980019981,0.9841269841269841,141,2,1,13,157,14,8.92,0.291194021774818,3.210600768529832e-08,0.9999990547674851,0.09462661263221497
123,13,CatBoost,0,15,1.9658688889999212,0.9808917197452229,0.8666666666666667,0.9285714285714286,0.9430127041742287,0.9990009990009989,0.9910714285714285,141,2,1,13,157,14,8.92,0.2786541012385185,0.0001983278629052174,0.9978000677035654,0.0927180833128947
123,14,Logistic Regression,0,15,0.008042427999953361,0.9617834394904459,0.7,1.0,0.9010504201680671,0.997002997002997,0.9723766429648781,137,6,0,14,157,14,8.92,0.2975471566533838,7.304288379344437e-06,0.9999992120280922,0.14288833448655192
123,14,Decision Tree,0,15,0.007132771999977194,0.9936305732484076,0.9333333333333333,1.0,0.981004234724743,0.9965034965034966,0.9333333333333333,142,1,0,14,157,14,8.92,0.2939612932283905,0.0,1.0,0.09554140127388536
123,14,Random Forest,0,15,0.4052389470000435,1.0,1.0,1.0,1.0,1.0,1.0,143,0,0,14,157,14,8.92,0.26064481094647846,0.0,1.0,0.09181528662420381
123,14,XGBoost,0,15,0.03696760299999369,1.0,1.0,1.0,1.0,1.0,1.0,143,0,0,14,157,14,8.92,0.28374841809272766,4.024804002256133e-05,0.9989086389541626,0.09409784525632858
123,14,LightGBM,0,15,0.12492825000003904,1.0,1.0,1.0,1.0,1.0,0.9999999999999999,143,0,0,14,157,14,8.92,0.28472516197942593,3.9945013327042934e-08,0.9999990707455964,0.09035540753726139
123,14,CatBoost,0,15,2.01306862499996,1.0,1.0,1.0,1.0,1.0,0.9999999999999999,143,0,0,14,157,14,8.92,0.27834680504666665,0.00025838922324779567,0.9981247712167959,0.09234704511807687
123,15,Logistic Regression,0,15,0.014571528999795191,0.9615384615384616,0.6842105263157895,1.0,0.8955357142857143,0.9967724583109199,0.9701923076923076,137,6,0,13,156,13,8.33,0.30013870458354364,2.0433039324576653e-06,0.999999998056585,0.1547574520832701
123,15,Decision Tree,0,15,0.0121234360001381,0.9807692307692307,0.9166666666666666,0.8461538461538461,0.9347735191637631,0.9195804195804197,0.7884615384615383,142,1,2,11,156,13,8.33,0.26646935501059654,0.0,1.0,0.07692307692307693
123,15,Random Forest,0,15,0.5844675289999941,0.9871794871794872,1.0,0.8461538461538461,0.9548611111111112,0.9994620763851533,0.9945054945054945,143,0,2,11,156,13,8.33,0.25560504176703136,0.0,1.0,0.08519230769230769
123,15,XGBoost,0,15,0.08047354399991491,0.9871794871794872,1.0,0.8461538461538461,0.9548611111111112,0.9989241527703067,0.9885883347421809,143,0,2,11,156,13,8.33,0.2568785548210144,5.414072802523151e-05,0.9987967014312744,0.07807641476392746
123,15,LightGBM,0,15,0.17061887099998785,0.9935897435897436,1.0,0.9230769230769231,0.9782578397212544,1.0,1.0,143,0,1,12,156,13,8.33,0.2591900246127212,4.7563686784214516e-08,0.9999990323316608,0.07443628563098732
123,15,CatBoost,0,15,3.1682519729999967,0.9871794871794872,1.0,0.8461538461538461,0.9548611111111112,1.0,0.9999999999999998,143,0,2,11,156,13,8.33,0.2552746489029588,0.00020781806851441164,0.9984194878645763,0.07651133193359563
123,16,Logistic Regression,0,15,0.014350458999842886,0.9617834394904459,0.7222222222222222,0.9285714285714286,0.8956117021276595,0.966033966033966,0.9278367992766725,138,5,1,13,157,14,8.92,0.26896128034880407,1.3843326656625014e-06,0.9999999824846143,0.12920799921514847
123,16,Decision Tree,0,15,0.010692210000115665,0.9808917197452229,0.9230769230769231,0.8571428571428571,0.9392179636082074,0.9250749250749252,0.8039476447119759,142,1,2,12,157,14,8.92,0.2755835369781393,0.0,1.0,0.08280254777070063
123,16,Random Forest,0,15,0.4774556739998843,0.9808917197452229,1.0,0.7857142857142857,0.9348096885813149,1.0,0.9999999999999999,143,0,3,11,157,14,8.92,0.23027625416305608,0.0,1.0,0.07353503184713375
123,16,XGBoost,0,15,0.03359137500001452,0.9808917197452229,1.0,0.7857142857142857,0.9348096885813149,0.9965034965034965,0.9716791979949874,143,0,3,11,157,14,8.92,0.24549990892410278,3.234663381590508e-05,0.9978923201560974,0.0710214152932167
123,16,LightGBM,0,15,0.12494454700004098,0.9808917197452229,1.0,0.7857142857142857,0.9348096885813149,1.0,0.9999999999999999,143,0,3,11,157,14,8.92,0.2515548867780044,2.736311612757875e-08,0.9999993188741655,0.07004052575649224
123,16,CatBoost,0,15,1.9462490579999212,0.9808917197452229,1.0,0.7857142857142857,0.9348096885813149,1.0,0.9999999999999998,143,0,3,11,157,14,8.92,0.24725850816030634,0.00019634207339681633,0.9983241424302942,0.0732627337780978
123,17,Logistic Regression,0,15,0.0077185889999782376,0.9554140127388535,0.6666666666666666,1.0,0.8874551971326166,0.9935064935064936,0.9505205320994794,136,7,0,14,157,14,8.92,0.2975988579559657,2.5817612954757063e-06,0.9999999534348554,0.15455309083615823
123,17,Decision Tree,0,15,0.007242155000085404,0.9872611464968153,1.0,0.8571428571428571,0.9580662393162394,0.9285714285714286,0.8698817106460418,143,0,2,12,157,14,8.92,0.26568985496323827,0.0,1.0,0.07643312101910828
123,17,Random Forest,0,15,0.3974581240001953,0.9936305732484076,1.0,0.9285714285714286,0.9797393212027359,1.0,1.0,143,0,1,13,157,14,8.92,0.24490784621579262,0.0,1.0,0.08398089171974522
123,17,XGBoost,0,15,0.06973190300004717,0.9936305732484076,1.0,0.9285714285714286,0.9797393212027359,1.0,1.0,143,0,1,13,157,14,8.92,0.26326754689216614,4.297895065974444e-05,0.999029278755188,0.08296974003314972
123,17,LightGBM,0,15,0.12638025299997935,1.0,1.0,1.0,1.0,1.0,0.9999999999999999,143,0,0,14,157,14,8.92,0.28152857808579873,3.4736057224860515e-08,0.9999987492370114,0.08937139921325297
123,17,CatBoost,0,15,2.00426819900008,0.9872611464968153,1.0,0.8571428571428571,0.9580662393162394,1.0,0.9999999999999999,143,0,2,12,157,14,8.92,0.2586864376068826,0.0001943163442239348,0.9982568153493256,0.08355754832526312
123,18,Logistic Regression,0,15,0.007556506000128138,0.9363057324840764,0.5833333333333334,1.0,0.8503051106025934,0.9925074925074926,0.9375522138680032,133,10,0,14,157,14,8.92,0.31448764152879605,2.283805515385001e-06,0.9999999900253213,0.16451893321324124
123,18,Decision Tree,0,15,0.0069548470000881935,0.9808917197452229,0.8235294117647058,1.0,0.946312549868916,0.9895104895104896,0.8235294117647058,140,3,0,14,157,14,8.92,0.31073403611848327,0.0,1.0,0.10828025477707007
123,18,Random Forest,0,15,0.4008066349999808,0.9872611464968153,0.875,1.0,0.9631455399061033,0.9995004995004995,0.9952380952380951,141,2,0,14,157,14,8.92,0.2785063439165593,0.0,1.0,0.10235668789808917
123,18,XGBoost,0,15,0.03545589500004098,0.9872611464968153,0.875,1.0,0.9631455399061033,0.9995004995004996,0.9952380952380954,141,2,0,14,157,14,8.92,0.2985544502735138,4.8798599891597405e-05,0.9988947510719299,0.10564792156219482
123,18,LightGBM,0,15,0.12114784799996414,0.9936305732484076,0.9333333333333333,1.0,0.981004234724743,1.0,1.0,142,1,0,14,157,14,8.92,0.2935828516183421,4.296054786308969e-08,0.9999984674337208,0.0967895496514359
123,18,CatBoost,0,15,1.987038117000111,0.9872611464968153,0.875,1.0,0.9631455399061033,1.0,0.9999999999999999,141,2,0,14,157,14,8.92,0.291682376258835,0.0001914973154444111,0.998559414505611,0.10140337372296772
123,19,Logistic Regression,0,15,0.007588773999941623,0.9681528662420382,0.7647058823529411,0.9285714285714286,0.9105209164481933,0.951048951048951,0.9375,139,4,1,13,157,14,8.92,0.2864280036450332,4.233259061583062e-07,0.9999999959741215,0.11996817250839813
123,19,Decision Tree,0,15,0.006634010999960083,0.9872611464968153,1.0,0.8571428571428571,0.9580662393162394,0.9285714285714286,0.8698817106460418,143,0,2,12,157,14,8.92,0.26568985496323827,0.0,1.0,0.07643312101910828
123,19,Random Forest,0,15,0.40858171600007154,0.9872611464968153,1.0,0.8571428571428571,0.9580662393162394,0.9995004995004995,0.9952380952380953,143,0,2,12,157,14,8.92,0.25887240781185883,0.0,1.0,0.08700636942675159
123,19,XGBoost,0,15,0.035615362999806166,0.9936305732484076,1.0,0.9285714285714286,0.9797393212027359,0.996003996003996,0.974025974025974,143,0,1,13,157,14,8.92,0.2671513557434082,8.393638563575223e-05,0.9982258677482605,0.08513788878917694
123,19,LightGBM,0,15,0.11579344599999786,0.9872611464968153,1.0,0.8571428571428571,0.9580662393162394,0.9990009990009989,0.9910714285714285,143,0,2,12,157,14,8.92,0.26563261618833706,1.0835566548102224e-07,0.9999974617649923,0.07665420302410814
123,19,CatBoost,0,15,2.3031937069999913,0.9872611464968153,1.0,0.8571428571428571,0.9580662393162394,0.9845154845154845,0.9507936507936507,143,0,2,12,157,14,8.92,0.2642045792436483,8.202118177449448e-05,0.998300281813087,0.08058158623598521
123,20,Logistic Regression,0,15,0.080381091000163,0.9743589743589743,0.8,0.9230769230769231,0.9215291750503019,0.9655728886498117,0.9240828402366863,140,3,1,12,156,13,8.33,0.2766244598312823,6.629701351938203e-08,0.9999999915608798,0.11509928489778022
123,20,Decision Tree,0,15,0.013072149999970861,0.9871794871794872,0.9230769230769231,0.9230769230769231,0.9580419580419581,0.958041958041958,0.8584812623274163,142,1,1,12,156,13,8.33,0.2763853991962833,0.0,1.0,0.08333333333333333
123,20,Random Forest,0,15,0.6153296760001012,0.9871794871794872,1.0,0.8461538461538461,0.9548611111111112,0.9989241527703066,0.9897435897435898,143,0,2,11,156,13,8.33,0.24405730051616972,0.0,1.0,0.0744551282051282
123,20,XGBoost,0,15,0.12452802999996493,0.9871794871794872,0.9230769230769231,0.9230769230769231,0.9580419580419581,0.9892415277030662,0.9533799533799534,142,1,1,12,156,13,8.33,0.25737401843070984,6.821738497819752e-05,0.9991487264633179,0.07932282239198685
123,20,LightGBM,0,15,0.18539625900007195,0.9935897435897436,1.0,0.9230769230769231,0.9782578397212544,0.9903173749327596,0.9553349875930519,143,0,1,12,156,13,8.33,0.26599880980535245,2.8690149845428907e-08,0.999998665736998,0.07696066869948166
123,20,CatBoost,0,15,2.927603981000175,0.9935897435897436,1.0,0.9230769230769231,0.9782578397212544,0.9967724583109199,0.9757085020242913,143,0,1,12,156,13,8.33,0.2594957868589245,0.00020463757244713337,0.9982121487270865,0.07703371388522098
123,21,Logistic Regression,0,15,0.008370861999992485,0.9872611464968153,0.875,1.0,0.9631455399061033,1.0,0.9999999999999998,141,2,0,14,157,14,8.92,0.2803978560514966,1.0719053534001022e-05,0.9999998868537688,0.14184479617021267
123,21,Decision Tree,0,15,0.007072628000059922,0.9872611464968153,1.0,0.8571428571428571,0.9580662393162394,0.9285714285714286,0.8698817106460418,143,0,2,12,157,14,8.92,0.2656898549632383,0.0,1.0,0.07643312101910828
123,21,Random Forest,0,15,0.41286249099994166,0.9936305732484076,1.0,0.9285714285714286,0.9797393212027359,1.0,0.9999999999999998,143,0,1,13,157,14,8.92,0.25907396480958855,0.0,1.0,0.08347133757961783
123,21,XGBoost,0,15,0.03598211000007723,1.0,1.0,1.0,1.0,1.0,1.0,143,0,0,14,157,14,8.92,0.27631038427352905,8.044354035519063e-05,0.9983909130096436,0.08777489513158798
123,21,LightGBM,0,15,0.1244909889999235,1.0,1.0,1.0,1.0,1.0,1.0,143,0,0,14,157,14,8.92,0.2847451955158958,3.3231964523319717e-08,0.9999990569682984,0.08909854938089541
123,21,CatBoost,0,15,1.9758551230002013,0.9936305732484076,1.0,0.9285714285714286,0.9797393212027359,1.0,0.9999999999999998,143,0,1,13,157,14,8.92,0.27389077580780374,0.00022197318092694818,0.9982296015678299,0.08547285443895439
123,22,Logistic Regression,0,15,0.011310584000057133,0.9554140127388535,0.6842105263157895,0.9285714285714286,0.881483877925159,0.9665334665334666,0.8970030590784526,137,6,1,13,157,14,8.92,0.28745655240743356,1.1393141879774845e-07,0.9999999752981267,0.13108207994891305
123,22,Decision Tree,0,15,0.006556221999971967,0.9808917197452229,1.0,0.7857142857142857,0.9348096885813149,0.8928571428571428,0.8048225659690628,143,0,3,11,157,14,8.92,0.2552543300575016,0.0,1.0,0.07006369426751592
123,22,Random Forest,0,15,0.41176825200000167,0.9808917197452229,1.0,0.7857142857142857,0.9348096885813149,0.9935064935064934,0.9551785714285714,143,0,3,11,157,14,8.92,0.24105632632342605,0.0,1.0,0.07388535031847134
123,22,XGBoost,0,15,0.03466787499996826,0.9808917197452229,1.0,0.7857142857142857,0.9348096885813149,0.961038961038961,0.8974292615596963,143,0,3,11,157,14,8.92,0.25350624322891235,3.173008735757321e-05,0.99937504529953,0.07326159626245499
123,22,LightGBM,0,15,0.12388436700007333,0.9808917197452229,1.0,0.7857142857142857,0.9348096885813149,0.994005994005994,0.9607142857142856,143,0,3,11,157,14,8.92,0.2553136260857485,3.344065548514223e-08,0.9999990448955977,0.07252427434847272
123,22,CatBoost,0,15,1.9538776059998781,0.9808917197452229,1.0,0.7857142857142857,0.9348096885813149,0.991008991008991,0.9453983516483515,143,0,3,11,157,14,8.92,0.2530035726457158,0.0001772913419482132,0.9982321706257268,0.07568424932653635
123,23,Logistic Regression,0,15,0.007414683999968474,0.9299363057324841,0.56,1.0,0.838974358974359,0.9885114885114885,0.9015483892612375,132,11,0,14,157,14,8.92,0.30818897087927116,1.557172485422477e-06,0.9999999988389539,0.16608352154219977
123,23,Decision Tree,0,15,0.006506656000055955,0.9872611464968153,0.9285714285714286,0.9285714285714286,0.9607892107892109,0.9607892107892109,0.868614324710776,142,1,1,13,157,14,8.92,0.28499181300888016,0.0,1.0,0.08917197452229299
123,23,Random Forest,0,15,0.41255080400014776,0.9872611464968153,0.9285714285714286,0.9285714285714286,0.9607892107892109,0.9980019980019981,0.9804748822605965,142,1,1,13,157,14,8.92,0.25635955197186727,0.0,1.0,0.09229299363057324
123,23,XGBoost,0,15,0.03759975100001611,0.9808917197452229,0.8666666666666667,0.9285714285714286,0.9430127041742287,0.9950049950049951,0.9669476486246672,141,2,1,13,157,14,8.92,0.278556227684021,4.369039015728049e-05,0.9985213875770569,0.09470312297344208
123,23,LightGBM,0,15,0.11915359099998568,0.9808917197452229,0.8666666666666667,0.9285714285714286,0.9430127041742287,0.9985014985014985,0.9859693877551019,141,2,1,13,157,14,8.92,0.2826498925659713,2.832949580981569e-08,0.9999994047456084,0.09391103436268564
123,23,CatBoost,0,15,1.989146761000029,0.9936305732484076,0.9333333333333333,1.0,0.981004234724743,0.999000999000999,0.9901360544217686,142,1,0,14,157,14,8.92,0.2794633442640849,0.00022041782699112135,0.9984770506933766,0.09731428861677985
123,24,Logistic Regression,0,15,0.008189637999976185,0.9617834394904459,0.7222222222222222,0.9285714285714286,0.8956117021276595,0.943056943056943,0.8736538088428843,138,5,1,13,157,14,8.92,0.30109787872634136,6.869950635927595e-07,0.999999959690346,0.13079131867473964
123,24,Decision Tree,0,15,0.006600050000088231,0.9745222929936306,0.8571428571428571,0.8571428571428571,0.9215784215784215,0.9215784215784216,0.747432731054205,141,2,2,12,157,14,8.92,0.28499181300888016,0.0,1.0,0.08917197452229299
123,24,Random Forest,0,15,0.38788054000019656,0.9936305732484076,1.0,0.9285714285714286,0.9797393212027359,0.9990009990009989,0.9910714285714285,143,0,1,13,157,14,8.92,0.24702932983098652,0.0,1.0,0.08697452229299364
123,24,XGBoost,0,15,0.034466665000081775,0.9872611464968153,0.9285714285714286,0.9285714285714286,0.9607892107892109,0.9970029970029971,0.9785714285714285,142,1,1,13,157,14,8.92,0.2715561091899872,5.5260377848753706e-05,0.9989151954650879,0.08754290640354156
123,24,LightGBM,0,15,0.1310618169998179,0.9872611464968153,0.9285714285714286,0.9285714285714286,0.9607892107892109,0.9980019980019981,0.9822929171668666,142,1,1,13,157,14,8.92,0.2731387104669597,8.304956920893826e-08,0.9999981624613729,0.08493445779083492
123,24,CatBoost,0,15,2.945590660000107,0.9936305732484076,1.0,0.9285714285714286,0.9797393212027359,0.985014985014985,0.9512987012987013,143,0,1,13,157,14,8.92,0.26467776884655153,9.304628043293271e-05,0.998536784008308,0.08434293284992403
123,25,Logistic Regression,0,15,0.02048478000006071,0.9551282051282052,0.6666666666666666,0.9230769230769231,0.8746412581793135,0.9644970414201184,0.9357351509250242,137,6,1,12,156,13,8.33,0.28459713409446297,6.546559462244969e-07,0.9999999956712271,0.13673723788814454
123,25,Decision Tree,0,15,0.008632478999970772,0.9935897435897436,1.0,0.9230769230769231,0.9782578397212544,0.9615384615384616,0.9294871794871795,143,0,1,12,156,13,8.33,0.26646935501059654,0.0,1.0,0.07692307692307693
123,25,Random Forest,0,15,0.8951684200001182,0.9935897435897436,1.0,0.9230769230769231,0.9782578397212544,1.0,1.0,143,0,1,12,156,13,8.33,0.24621024661015165,0.0,1.0,0.07974358974358975
123,25,XGBoost,0,15,0.7511881780001204,0.9935897435897436,1.0,0.9230769230769231,0.9782578397212544,0.9994620763851534,0.9945054945054945,143,0,1,12,156,13,8.33,0.25492432713508606,0.00010197533265454695,0.9988679885864258,0.07610370218753815
123,25,LightGBM,0,15,0.41735979199984286,0.9871794871794872,1.0,0.8461538461538461,0.9548611111111112,1.0,1.0,143,0,2,11,156,13,8.33,0.2572129313762466,3.118758408342604e-08,0.9999989063854969,0.07417843999252192
123,25,CatBoost,0,15,2.0129747910000333,0.9935897435897436,1.0,0.9230769230769231,0.9782578397212544,1.0,1.0,143,0,1,12,156,13,8.33,0.2525228831805171,0.00017853124537540332,0.9983136644080305,0.0744098306131519
456,1,Logistic Regression,0,15,0.007914913999911732,0.9681528662420382,0.7647058823529411,0.9285714285714286,0.9105209164481933,0.968031968031968,0.9311327769974385,139,4,1,13,157,14,8.92,0.28740923142865876,1.3394043463687697e-06,0.9999999770877613,0.1375954269392636
456,1,Decision Tree,0,15,0.006552568999950381,0.9808917197452229,1.0,0.7857142857142857,0.9348096885813149,0.8928571428571428,0.8048225659690628,143,0,3,11,157,14,8.92,0.2552543300575016,0.0,1.0,0.07006369426751592
456,1,Random Forest,0,15,0.3993691480000052,0.9808917197452229,1.0,0.7857142857142857,0.9348096885813149,1.0,0.9999999999999999,143,0,3,11,157,14,8.92,0.24296785932408838,0.0,1.0,0.07926751592356689
456,1,XGBoost,0,15,0.03479078999998819,0.9808917197452229,1.0,0.7857142857142857,0.9348096885813149,0.999000999000999,0.9910714285714284,143,0,3,11,157,14,8.92,0.253772497177124,5.70802585571073e-05,0.999047577381134,0.07787048071622849
456,1,LightGBM,0,15,0.12307712699998774,0.9872611464968153,1.0,0.8571428571428571,0.9580662393162394,1.0,0.9999999999999998,143,0,2,12,157,14,8.92,0.26615437075187715,3.6334518777406746e-08,0.9999985682795401,0.08056160024879114
456,1,CatBoost,0,15,1.9774150830000963,0.9808917197452229,1.0,0.7857142857142857,0.9348096885813149,0.999000999000999,0.9901360544217686,143,0,3,11,157,14,8.92,0.2525842508594915,0.0001878675704091943,0.9984310419735221,0.07543032702403925
456,2,Logistic Regression,0,15,0.008913997000036034,0.9872611464968153,0.9285714285714286,0.9285714285714286,0.9607892107892109,0.9525474525474525,0.937745740498034,142,1,1,13,157,14,8.92,0.27385891507389887,1.4307946234568028e-06,0.9999999957994923,0.1181284651597082
456,2,Decision Tree,0,15,0.006537161000096603,0.9872611464968153,0.9285714285714286,0.9285714285714286,0.9607892107892109,0.9607892107892109,0.868614324710776,142,1,1,13,157,14,8.92,0.2849918130088802,0.0,1.0,0.08917197452229299
456,2,Random Forest,0,15,0.4051228779999292,0.9936305732484076,1.0,0.9285714285714286,0.9797393212027359,0.9995004995004995,0.9952380952380953,143,0,1,13,157,14,8.92,0.2627083055007169,0.0,1.0,0.08681528662420383
456,2,XGBoost,0,15,0.034849126999915825,0.9936305732484076,1.0,0.9285714285714286,0.9797393212027359,0.9980019980019981,0.9841269841269842,143,0,1,13,157,14,8.92,0.2669437825679779,6.941035098861903e-05,0.998971700668335,0.08301853388547897
456,2,LightGBM,0,15,0.11439955800005919,0.9936305732484076,1.0,0.9285714285714286,0.9797393212027359,0.9995004995004995,0.9952380952380953,143,0,1,13,157,14,8.92,0.2707874699203137,6.545590573713308e-08,0.9999993204009578,0.08147630964950041
456,2,CatBoost,0,15,1.9556841119999717,0.9936305732484076,1.0,0.9285714285714286,0.9797393212027359,0.98001998001998,0.9470899470899471,143,0,1,13,157,14,8.92,0.27083259595185466,0.0001073442226787133,0.9982079003738943,0.08446788014423412
456,3,Logistic Regression,0,15,0.007603127000038512,0.9617834394904459,0.7,1.0,0.9010504201680671,0.999000999000999,0.9910714285714285,137,6,0,14,157,14,8.92,0.29865986223991725,1.8421049401775398e-06,0.9999999187497087,0.14604085071872838
456,3,Decision Tree,0,15,0.008258029999979044,0.9681528662420382,0.7647058823529411,0.9285714285714286,0.9105209164481933,0.9502997002997002,0.7164534603650378,139,4,1,13,157,14,8.92,0.31073403611848327,0.0,1.0,0.10828025477707007
456,3,Random Forest,0,15,0.3953365910001594,0.9808917197452229,0.9230769230769231,0.8571428571428571,0.9392179636082074,0.9990009990009989,0.9901360544217687,142,1,2,12,157,14,8.92,0.2533502443300208,0.0,1.0,0.08710191082802547
456,3,XGBoost,0,15,0.035592682000014975,0.9936305732484076,0.9333333333333333,1.0,0.981004234724743,0.999000999000999,0.9901360544217686,142,1,0,14,157,14,8.92,0.27848896384239197,5.262948616291396e-05,0.9987350106239319,0.09320934861898422
456,3,LightGBM,0,15,0.13417595700002494,0.9936305732484076,1.0,0.9285714285714286,0.9797393212027359,1.0,0.9999999999999999,143,0,1,13,157,14,8.92,0.2742083864596982,4.7419965476637916e-08,0.999998552840804,0.08591538409307238
456,3,CatBoost,0,15,2.014432235999948,0.9872611464968153,1.0,0.8571428571428571,0.9580662393162394,1.0,0.9999999999999999,143,0,2,12,157,14,8.92,0.2617237732965665,0.00021093327460258677,0.998314896401872,0.08278771294071605
456,4,Logistic Regression,0,15,0.07670824999991055,0.9554140127388535,0.6666666666666666,1.0,0.8874551971326166,0.9960039960039959,0.9603545264259549,136,7,0,14,157,14,8.92,0.3059518876445096,2.797606935545757e-06,0.9999999960635608,0.16141124706722643
456,4,Decision Tree,0,15,0.015904758000033326,0.9872611464968153,0.875,1.0,0.9631455399061033,0.993006993006993,0.875,141,2,0,14,157,14,8.92,0.30253100858695325,0.0,1.0,0.10191082802547771
456,4,Random Forest,0,15,0.5722789829999329,1.0,1.0,1.0,1.0,1.0,1.0,143,0,0,14,157,14,8.92,0.2662400572869957,0.0,1.0,0.09394904458598727
456,4,XGBoost,0,15,0.35534484100003283,1.0,1.0,1.0,1.0,1.0,0.9999999999999999,143,0,0,14,157,14,8.92,0.2823527455329895,4.562933827401139e-05,0.9988648891448975,0.09466306120157242
456,4,LightGBM,0,15,0.19736240200018074,1.0,1.0,1.0,1.0,1.0,0.9999999999999999,143,0,0,14,157,14,8.92,0.2844370213743735,3.0953768104781555e-08,0.9999989826121337,0.08963036156531924
456,4,CatBoost,0,15,3.140430465999998,1.0,1.0,1.0,1.0,1.0,0.9999999999999999,143,0,0,14,157,14,8.92,0.28049918044996003,0.00024613589773011147,0.9983369356481766,0.09386179598149297
456,5,Logistic Regression,0,15,0.008051136999938535,0.9551282051282052,0.6666666666666666,0.9230769230769231,0.8746412581793135,0.9644970414201182,0.880257757849731,137,6,1,12,156,13,8.33,0.2797249538956014,2.1755901265495956e-07,0.9999999982839713,0.12327509916533404
456,5,Decision Tree,0,15,0.0070319589999598975,0.967948717948718,0.9,0.6923076923076923,0.882653828794945,0.8426573426573426,0.6487179487179487,142,1,4,9,156,13,8.33,0.24493555351977947,0.0,1.0,0.0641025641025641
456,5,Random Forest,0,15,0.380698442000039,0.9743589743589743,0.9090909090909091,0.7692307692307693,0.9097222222222223,0.9911242603550297,0.9427146927146928,142,1,3,10,156,13,8.33,0.23003461242290807,0.0,1.0,0.07198717948717949
456,5,XGBoost,0,15,0.03330341900004896,0.9807692307692307,1.0,0.7692307692307693,0.929592297276967,0.9225389994620763,0.8492804069369847,143,0,3,10,156,13,8.33,0.23544077575206757,5.620093361358158e-05,0.9990536570549011,0.06473974138498306
456,5,LightGBM,0,15,0.1343551119998665,0.9807692307692307,1.0,0.7692307692307693,0.929592297276967,0.9784830554061323,0.9128371628371628,143,0,3,10,156,13,8.33,0.24477666928239425,3.383141271015816e-08,0.9999993426238978,0.06433030033442831
456,5,CatBoost,0,15,1.9706860369999504,0.9807692307692307,1.0,0.7692307692307693,0.929592297276967,0.991393222162453,0.9491249491249489,143,0,3,10,156,13,8.33,0.2411510031238006,0.0001901432468336584,0.9984078615367805,0.06879874494703998
456,6,Logistic Regression,0,15,0.008206314000062775,0.9426751592356688,0.6086956521739131,1.0,0.8621328910137575,0.9980019980019981,0.9815476190476189,134,9,0,14,157,14,8.92,0.31017117637478614,4.622657063916987e-06,0.9999999908283695,0.16572565513510534
456,6,Decision Tree,0,15,0.007420531999969171,0.9936305732484076,1.0,0.9285714285714286,0.9797393212027359,0.9642857142857143,0.934940855323021,143,0,1,13,157,14,8.92,0.2755835369781393,0.0,1.0,0.08280254777070063
456,6,Random Forest,0,15,0.406460892000041,1.0,1.0,1.0,1.0,1.0,1.0,143,0,0,14,157,14,8.92,0.2684210310174867,0.0,1.0,0.0923248407643312
456,6,XGBoost,0,15,0.03699221800002306,1.0,1.0,1.0,1.0,1.0,0.9999999999999999,143,0,0,14,157,14,8.92,0.2794412672519684,5.5654800235060975e-05,0.9987094402313232,0.09136789292097092
456,6,LightGBM,0,15,0.12138369300009799,1.0,1.0,1.0,1.0,1.0,1.0,143,0,0,14,157,14,8.92,0.28483900066218704,3.318783941781479e-08,0.9999989924182278,0.08958196519972483
456,6,CatBoost,0,15,2.0236569910000526,1.0,1.0,1.0,1.0,1.0,0.9999999999999998,143,0,0,14,157,14,8.92,0.27963361236732376,0.00019574744310404355,0.9984200040108107,0.09059951812369987
456,7,Logistic Regression,0,15,0.007694915000001856,0.9490445859872612,0.6875,0.7857142857142857,0.8525821596244132,0.9505494505494505,0.8422128466771323,138,5,3,11,157,14,8.92,0.26705393666610344,3.647527603360933e-09,0.999999996943314,0.1186984522179649
456,7,Decision Tree,0,15,0.005852897000067969,0.9681528662420382,0.9090909090909091,0.7142857142857143,0.8913494809688581,0.8536463536463537,0.6748283563570188,142,1,4,10,157,14,8.92,0.2552543300575016,0.0,1.0,0.07006369426751592
456,7,Random Forest,0,15,0.4078721260000293,0.9745222929936306,1.0,0.7142857142857143,0.9097701149425288,0.9932567432567433,0.9551785714285714,143,0,4,10,157,14,8.92,0.23116341142107416,0.0,1.0,0.07531847133757961
456,7,XGBoost,0,15,0.0337595550001879,0.9808917197452229,1.0,0.7857142857142857,0.9348096885813149,0.9475524475524475,0.8999215070643642,143,0,3,11,157,14,8.92,0.24112938344478607,4.547885691863485e-05,0.9985136389732361,0.06920421868562698
456,7,LightGBM,0,15,0.11127442099996188,0.9808917197452229,1.0,0.7857142857142857,0.9348096885813149,0.9790209790209791,0.9258780435251022,143,0,3,11,157,14,8.92,0.2517382430395176,6.435119217989719e-08,0.9999976692332578,0.07207778864436681
456,7,CatBoost,0,15,2.004979933999948,0.9745222929936306,1.0,0.7142857142857143,0.9097701149425288,0.991008991008991,0.9513082155939299,143,0,4,10,157,14,8.92,0.2393319804102331,0.00018729741591056145,0.9983018415887825,0.06756573758179561
456,8,Logistic Regression,0,15,0.007623499999908745,0.9363057324840764,0.5909090909090909,0.9285714285714286,0.8431254996003197,0.9325674325674327,0.8139087737659166,134,9,1,13,157,14,8.92,0.30305616655129053,2.261483230596435e-07,0.9999999999552898,0.13936268521794215
456,8,Decision Tree,0,15,0.006030835000046864,0.9808917197452229,0.9230769230769231,0.8571428571428571,0.9392179636082074,0.9250749250749252,0.8039476447119759,142,1,2,12,157,14,8.92,0.2755835369781393,0.0,1.0,0.08280254777070063
456,8,Random Forest,0,15,0.3905985819999387,0.9681528662420382,0.9090909090909091,0.7142857142857143,0.8913494809688581,0.997002997002997,0.968028994814709,142,1,4,10,157,14,8.92,0.235824707417404,0.0,1.0,0.07898089171974523
456,8,XGBoost,0,15,0.03384426299999177,0.9745222929936306,0.9166666666666666,0.7857142857142857,0.9161324786324787,0.9885114885114885,0.9226680726680725,142,1,3,11,157,14,8.92,0.2497723400592804,6.357339589158073e-05,0.9991793036460876,0.07647889852523804
456,8,LightGBM,0,15,0.11614883600009307,0.9808917197452229,0.9230769230769231,0.8571428571428571,0.9392179636082074,0.9965034965034965,0.970606461207965,142,1,2,12,157,14,8.92,0.2605260909615837,7.272431997040145e-08,0.9999993592833454,0.08021542251057885
456,8,CatBoost,0,15,2.7980007730000125,0.9808917197452229,0.9230769230769231,0.8571428571428571,0.9392179636082074,0.9805194805194805,0.9320225013082155,142,1,2,12,157,14,8.92,0.25059908662480085,9.901145112490877e-05,0.9985154452180685,0.07921877393167952
456,9,Logistic Regression,0,15,0.012988786000050823,0.9554140127388535,0.6666666666666666,1.0,0.8874551971326166,0.9985014985014985,0.9873949579831931,136,7,0,14,157,14,8.92,0.2992863746234001,7.598424029389091e-06,0.999999581544394,0.1650498235199189
456,9,Decision Tree,0,15,0.0074216200000591925,0.9936305732484076,0.9333333333333333,1.0,0.981004234724743,0.9965034965034966,0.9333333333333333,142,1,0,14,157,14,8.92,0.2939612932283905,0.0,1.0,0.09554140127388536
456,9,Random Forest,0,15,0.593186908000007,0.9936305732484076,1.0,0.9285714285714286,0.9797393212027359,1.0,1.0,143,0,1,13,157,14,8.92,0.2619389134920499,0.0,1.0,0.08652866242038217
456,9,XGBoost,0,15,0.6118389709999974,1.0,1.0,1.0,1.0,1.0,1.0,143,0,0,14,157,14,8.92,0.2767528295516968,4.669558984460309e-05,0.9989400506019592,0.08821495622396469
456,9,LightGBM,0,15,0.20923253599994496,1.0,1.0,1.0,1.0,1.0,0.9999999999999998,143,0,0,14,157,14,8.92,0.28280365567678695,3.4734990865991526e-08,0.9999987327509189,0.0893745505330492
456,9,CatBoost,0,15,2.3779428170000756,0.9936305732484076,1.0,0.9285714285714286,0.9797393212027359,1.0,0.9999999999999998,143,0,1,13,157,14,8.92,0.27373713064933286,0.00021107939708420035,0.9980292902100698,0.08752933919515109
456,10,Logistic Regression,0,15,0.007830266999917512,0.9807692307692307,0.8125,1.0,0.942975508712075,0.9967724583109199,0.9669202592279513,140,3,0,13,156,13,8.33,0.28214214301606066,2.7504496224282723e-06,0.9999997997605782,0.127058416661835
456,10,Decision Tree,0,15,0.007441273000040383,0.9807692307692307,0.8571428571428571,0.9230769230769231,0.9391812865497076,0.9545454545454546,0.7976190476190476,141,2,1,12,156,13,8.33,0.2858140616616404,0.0,1.0,0.08974358974358974
456,10,Random Forest,0,15,0.39666709299990544,0.9935897435897436,1.0,0.9230769230769231,0.9782578397212544,0.9994620763851534,0.9945054945054945,143,0,1,12,156,13,8.33,0.25573893689884974,0.0,1.0,0.0825
456,10,XGBoost,0,15,0.036171800000147414,0.9935897435897436,0.9285714285714286,1.0,0.9797270955165691,0.9994620763851533,0.9945054945054944,142,1,0,13,156,13,8.33,0.2735186219215393,4.2683434003265575e-05,0.9990518689155579,0.08880532532930374
456,10,LightGBM,0,15,0.13772012300000824,0.9935897435897436,1.0,0.9230769230769231,0.9782578397212544,1.0,0.9999999999999998,143,0,1,12,156,13,8.33,0.2663645216457233,3.481807815424413e-08,0.9999994698527432,0.07847536338466941
456,10,CatBoost,0,15,2.059833606999973,0.9935897435897436,1.0,0.9230769230769231,0.9782578397212544,0.9994620763851533,0.9945054945054943,143,0,1,12,156,13,8.33,0.2629526970854423,0.0002228281232084208,0.9983486089015464,0.08184896548517173
456,11,Logistic Regression,0,15,0.010115036999877702,0.9808917197452229,0.9230769230769231,0.8571428571428571,0.9392179636082074,0.9745254745254746,0.9059317875107348,142,1,2,12,157,14,8.92,0.26489569149000247,3.750829171088288e-08,0.9999999344831515,0.10596590288566676
456,11,Decision Tree,0,15,0.00743784900009814,0.9872611464968153,1.0,0.8571428571428571,0.9580662393162394,0.9285714285714286,0.8698817106460418,143,0,2,12,157,14,8.92,0.26568985496323827,0.0,1.0,0.07643312101910828
456,11,Random Forest,0,15,0.3967314390001775,0.9872611464968153,1.0,0.8571428571428571,0.9580662393162394,0.9985014985014985,0.9873949579831933,143,0,2,12,157,14,8.92,0.25579054397200124,0.0,1.0,0.08098726114649682
456,11,XGBoost,0,15,0.03488269200011018,0.9872611464968153,1.0,0.8571428571428571,0.9580662393162394,0.9895104895104896,0.9528811524609841,143,0,2,12,157,14,8.92,0.264833927154541,0.00011706571240210906,0.9989783763885498,0.08076188713312149
456,11,LightGBM,0,15,0.116154761999951,0.9936305732484076,1.0,0.9285714285714286,0.9797393212027359,0.9875124875124875,0.9542124542124542,143,0,1,13,157,14,8.92,0.26910803172352593,3.159860686690881e-08,0.9999990252063494,0.08078199747687131
456,11,CatBoost,0,15,2.0326125480000883,0.9872611464968153,1.0,0.8571428571428571,0.9580662393162394,0.9950049950049951,0.9645021645021644,143,0,2,12,157,14,8.92,0.26280734465188355,0.00015953138801814198,0.9983249038916967,0.07856062405241665
456,12,Logistic Regression,0,15,0.0078037559999302175,0.9554140127388535,0.6666666666666666,1.0,0.8874551971326166,0.99000999000999,0.91330840028319,136,7,0,14,157,14,8.92,0.3037435419634279,8.385004992774311e-06,0.9999999978137306,0.16028043899107716
456,12,Decision Tree,0,15,0.006618803999799638,0.9872611464968153,1.0,0.8571428571428571,0.9580662393162394,0.9285714285714286,0.8698817106460418,143,0,2,12,157,14,8.92,0.26568985496323827,0.0,1.0,0.07643312101910828
456,12,Random Forest,0,15,0.4238525490000029,0.9808917197452229,1.0,0.7857142857142857,0.9348096885813149,0.9980019980019981,0.9841269841269842,143,0,3,11,157,14,8.92,0.24608747014670085,0.0,1.0,0.08277070063694268
456,12,XGBoost,0,15,0.03679168899998331,0.9681528662420382,0.8461538461538461,0.7857142857142857,0.8986966060136792,0.983016983016983,0.9109593837535014,141,2,3,11,157,14,8.92,0.2592777609825134,6.383425352396443e-05,0.9988424181938171,0.08290516585111618
456,12,LightGBM,0,15,0.11995473299998594,0.9681528662420382,0.8461538461538461,0.7857142857142857,0.8986966060136792,0.9930069930069929,0.9425736961451245,141,2,3,11,157,14,8.92,0.26184454906598714,4.227361577187276e-08,0.9999989358225132,0.08096587835042156
456,12,CatBoost,0,15,1.9968499789999896,0.9808917197452229,0.9230769230769231,0.8571428571428571,0.9392179636082074,0.994005994005994,0.9532356532356532,142,1,2,12,157,14,8.92,0.2576609842222427,0.0001416685267653815,0.9985482728896059,0.08194966987399323
456,13,Logistic Regression,0,15,0.08206588399980319,0.9745222929936306,0.7777777777777778,1.0,0.9304078014184397,0.9980019980019981,0.9786891679748821,139,4,0,14,157,14,8.92,0.2895971962596353,9.940880024967016e-06,0.9999999508812751,0.14760132463215944
456,13,Decision Tree,0,15,0.007976565000035407,0.9872611464968153,1.0,0.8571428571428571,0.9580662393162394,0.9285714285714286,0.8698817106460418,143,0,2,12,157,14,8.92,0.2656898549632383,0.0,1.0,0.07643312101910828
456,13,Random Forest,0,15,0.5622713519999252,0.9808917197452229,1.0,0.7857142857142857,0.9348096885813149,0.9992507492507493,0.9901360544217687,143,0,3,11,157,14,8.92,0.24368324646036024,0.0,1.0,0.07993630573248409
456,13,XGBoost,0,15,0.0707023229999777,0.9872611464968153,0.9285714285714286,0.9285714285714286,0.9607892107892109,0.9985014985014985,0.985969387755102,142,1,1,13,157,14,8.92,0.2718590497970581,2.4268836568808183e-05,0.9987697005271912,0.0866367369890213
456,13,LightGBM,0,15,0.17822719199989479,0.9872611464968153,1.0,0.8571428571428571,0.9580662393162394,0.9995004995004995,0.9952380952380951,143,0,2,12,157,14,8.92,0.2673498085566053,3.1527456402792285e-08,0.9999983318179211,0.07952439274024535
456,13,CatBoost,0,15,3.281573589000118,0.9872611464968153,1.0,0.8571428571428571,0.9580662393162394,1.0,0.9999999999999999,143,0,2,12,157,14,8.92,0.2556890771248675,0.0002498004079942314,0.9985147927375013,0.07892837497967527
456,14,Logistic Regression,0,15,0.014760961999854771,0.9617834394904459,0.7,1.0,0.9010504201680671,0.9995004995004995,0.9952380952380951,137,6,0,14,157,14,8.92,0.29998784891699043,8.268145720949717e-06,0.9999999790281684,0.15772494148625402
456,14,Decision Tree,0,15,0.01025496700003714,0.9808917197452229,0.9230769230769231,0.8571428571428571,0.9392179636082074,0.9250749250749252,0.8039476447119759,142,1,2,12,157,14,8.92,0.2755835369781393,0.0,1.0,0.08280254777070063
456,14,Random Forest,0,15,0.45029250800007503,0.9808917197452229,0.9230769230769231,0.8571428571428571,0.9392179636082074,0.998001998001998,0.9815476190476191,142,1,2,12,157,14,8.92,0.2638865494837086,0.0,1.0,0.093343949044586
456,14,XGBoost,0,15,0.035711788999833516,0.9745222929936306,0.8571428571428571,0.8571428571428571,0.9215784215784215,0.998001998001998,0.9815476190476191,141,2,2,12,157,14,8.92,0.2769668698310852,5.092847641208209e-05,0.9986670017242432,0.09137340635061264
456,14,LightGBM,0,15,0.11702188100002786,0.9745222929936306,0.8571428571428571,0.8571428571428571,0.9215784215784215,0.9965034965034965,0.970734126984127,141,2,2,12,157,14,8.92,0.27743003033426905,5.147186031156146e-08,0.9999993332663533,0.0860646552329223
456,14,CatBoost,0,15,1.9893730379999397,0.9745222929936306,0.8571428571428571,0.8571428571428571,0.9215784215784215,0.9980019980019981,0.9815476190476189,141,2,2,12,157,14,8.92,0.27287359608953105,0.0002472408795491927,0.9981183889359091,0.08809621931715236
456,15,Logistic Regression,0,15,0.007745194000108313,0.9487179487179487,0.631578947368421,0.9230769230769231,0.8607142857142858,0.9429800968262506,0.9030609741136058,136,7,1,12,156,13,8.33,0.2929297160037399,2.542029724155392e-07,0.9999999910601421,0.14117496669905977
456,15,Decision Tree,0,15,0.006904200999997556,0.9871794871794872,0.9230769230769231,0.9230769230769231,0.9580419580419581,0.958041958041958,0.8584812623274163,142,1,1,12,156,13,8.33,0.27638539919628335,0.0,1.0,0.08333333333333333
456,15,Random Forest,0,15,0.396104590999812,0.9935897435897436,1.0,0.9230769230769231,0.9782578397212544,0.9989241527703066,0.9897435897435898,143,0,1,12,156,13,8.33,0.24433676572942054,0.0,1.0,0.08400641025641023
456,15,XGBoost,0,15,0.034056985000006534,0.9871794871794872,0.9230769230769231,0.9230769230769231,0.9580419580419581,0.9940828402366864,0.9647435897435899,142,1,1,12,156,13,8.33,0.26299354434013367,5.6029159168247133e-05,0.9982122182846069,0.08336783945560455
456,15,LightGBM,0,15,0.11673364299986133,0.9935897435897436,1.0,0.9230769230769231,0.9782578397212544,0.9973103819257666,0.9786324786324787,143,0,1,12,156,13,8.33,0.26632320274137383,7.929497191141927e-08,0.9999992977615317,0.07782230601411735
456,15,CatBoost,0,15,1.9503756809999686,0.9935897435897436,1.0,0.9230769230769231,0.9782578397212544,0.9822485207100591,0.9448160535117056,143,0,1,12,156,13,8.33,0.26071566463036383,0.00010667680835962324,0.9983063136808538,0.07958719471220212
456,16,Logistic Regression,0,15,0.009194779000154085,0.9426751592356688,0.631578947368421,0.8571428571428571,0.8476221287609188,0.956043956043956,0.8527026027802425,136,7,2,12,157,14,8.92,0.2885809853756906,4.932493855822954e-08,0.9999999994318565,0.13730868554027492
456,16,Decision Tree,0,15,0.007806794999851263,0.9872611464968153,1.0,0.8571428571428571,0.9580662393162394,0.9285714285714286,0.8698817106460418,143,0,2,12,157,14,8.92,0.26568985496323827,0.0,1.0,0.07643312101910828
456,16,Random Forest,0,15,0.4284766620000937,0.9872611464968153,1.0,0.8571428571428571,0.9580662393162394,0.9962537462537463,0.9690476190476189,143,0,2,12,157,14,8.92,0.24117340050663036,0.0,1.0,0.07614649681528661
456,16,XGBoost,0,15,0.03435732100001587,0.9872611464968153,1.0,0.8571428571428571,0.9580662393162394,0.9565434565434566,0.8938706563706562,143,0,2,12,157,14,8.92,0.26286667585372925,4.54111177532468e-05,0.9994620680809021,0.08193668723106384
456,16,LightGBM,0,15,0.12450039800000923,0.9872611464968153,1.0,0.8571428571428571,0.9580662393162394,0.9845154845154845,0.928387571244714,143,0,2,12,157,14,8.92,0.2656294709170915,3.808357487977611e-08,0.9999990119867804,0.07657215944526001
456,16,CatBoost,0,15,1.978728320000073,0.9872611464968153,1.0,0.8571428571428571,0.9580662393162394,0.9885114885114885,0.9399801587301586,143,0,2,12,157,14,8.92,0.2559249520606506,0.00016856346676407248,0.9984299908881112,0.07909989112289441
456,17,Logistic Regression,0,15,0.008083967999937158,0.9554140127388535,0.6666666666666666,1.0,0.8874551971326166,0.999000999000999,0.9910714285714285,136,7,0,14,157,14,8.92,0.3118056952193391,9.013023524582928e-07,0.9999999977683875,0.14733557961155702
456,17,Decision Tree,0,15,0.007566428000018277,0.9872611464968153,0.875,1.0,0.9631455399061033,0.993006993006993,0.875,141,2,0,14,157,14,8.92,0.3025310085869533,0.0,1.0,0.10191082802547771
456,17,Random Forest,0,15,0.3957095239998125,0.9936305732484076,1.0,0.9285714285714286,0.9797393212027359,1.0,1.0,143,0,1,13,157,14,8.92,0.2637469100350651,0.0,1.0,0.09159235668789809
456,17,XGBoost,0,15,0.03794079799990868,1.0,1.0,1.0,1.0,1.0,0.9999999999999999,143,0,0,14,157,14,8.92,0.2820329964160919,5.6426270020892844e-05,0.9989224672317505,0.09087729454040527
456,17,LightGBM,0,15,0.1272926000001462,1.0,1.0,1.0,1.0,1.0,0.9999999999999999,143,0,0,14,157,14,8.92,0.28631721129292653,3.139215615525419e-08,0.9999989190506784,0.09203597411003603
456,17,CatBoost,0,15,2.4355156599999646,1.0,1.0,1.0,1.0,1.0,0.9999999999999999,143,0,0,14,157,14,8.92,0.2796568108371902,0.0002260697819192542,0.9985086571345765,0.09091091851780411
456,18,Logistic Regression,0,15,0.07086103100004948,0.9681528662420382,0.7647058823529411,0.9285714285714286,0.9105209164481933,0.979020979020979,0.9416512059369202,139,4,1,13,157,14,8.92,0.28022751612817376,2.6424598150888242e-06,0.9999999744767556,0.13667413212811913
456,18,Decision Tree,0,15,0.011877316999971299,0.9681528662420382,0.7647058823529411,0.9285714285714286,0.9105209164481933,0.9502997002997002,0.7164534603650378,139,4,1,13,157,14,8.92,0.31073403611848327,0.0,1.0,0.10828025477707007
456,18,Random Forest,0,15,0.6088719080000828,0.9808917197452229,0.8666666666666667,0.9285714285714286,0.9430127041742287,0.9980019980019981,0.981547619047619,141,2,1,13,157,14,8.92,0.2638429647826848,0.0,1.0,0.09576433121019111
456,18,XGBoost,0,15,0.08111980900002891,0.9808917197452229,0.8666666666666667,0.9285714285714286,0.9430127041742287,0.9965034965034965,0.9706064612079648,141,2,1,13,157,14,8.92,0.28423431515693665,0.00016381578461732715,0.9979013204574585,0.09761317074298859
456,18,LightGBM,0,15,0.18891404399983003,0.9936305732484076,0.9333333333333333,1.0,0.981004234724743,0.9990009990009991,0.9901360544217687,142,1,0,14,157,14,8.92,0.2939715830566267,4.5805802545489195e-08,0.9999984562283801,0.09868645374537956
456,18,CatBoost,0,15,2.9092158990001735,0.9872611464968153,0.9285714285714286,0.9285714285714286,0.9607892107892109,0.9980019980019981,0.9822929171668666,142,1,1,13,157,14,8.92,0.2757244256874824,0.00015680581939675234,0.998458228726448,0.09285669382876592
456,19,Logistic Regression,0,15,0.007869704999848182,0.9808917197452229,0.9230769230769231,0.8571428571428571,0.9392179636082074,0.9485514485514486,0.9266705344345095,142,1,2,12,157,14,8.92,0.27403544149284353,3.9535933004929935e-07,0.9999999705721077,0.1080421888446267
456,19,Decision Tree,0,15,0.006807981000065411,0.9872611464968153,1.0,0.8571428571428571,0.9580662393162394,0.9285714285714286,0.8698817106460418,143,0,2,12,157,14,8.92,0.26568985496323827,0.0,1.0,0.07643312101910828
456,19,Random Forest,0,15,0.39484483899991574,0.9808917197452229,1.0,0.7857142857142857,0.9348096885813149,1.0,1.0,143,0,3,11,157,14,8.92,0.24855662280892904,0.0,1.0,0.07901273885350317
456,19,XGBoost,0,15,0.040135348999911,0.9872611464968153,1.0,0.8571428571428571,0.9580662393162394,0.999000999000999,0.9910714285714285,143,0,2,12,157,14,8.92,0.26112112402915955,7.82838833401911e-05,0.9991266131401062,0.0789811983704567
456,19,LightGBM,0,15,0.1187041840000802,0.9808917197452229,1.0,0.7857142857142857,0.9348096885813149,0.9985014985014985,0.9873949579831932,143,0,3,11,157,14,8.92,0.2551186054912491,9.490602967580366e-08,0.9999992882877262,0.07400931966167316
456,19,CatBoost,0,15,2.5314170819999617,0.9808917197452229,1.0,0.7857142857142857,0.9348096885813149,0.9810189810189811,0.9478021978021978,143,0,3,11,157,14,8.92,0.2536926324836139,8.450063393471488e-05,0.9984914668794589,0.07330214718691846
456,20,Logistic Regression,0,15,0.03387934700003825,0.9551282051282052,0.65,1.0,0.8813945910720105,0.9989241527703066,0.9885883347421809,136,7,0,13,156,13,8.33,0.283562894502657,3.052773932718326e-06,0.9999999697549902,0.1558503409993132
456,20,Decision Tree,0,15,0.031145631999834222,0.9935897435897436,1.0,0.9230769230769231,0.9782578397212544,0.9615384615384616,0.9294871794871795,143,0,1,12,156,13,8.33,0.26646935501059654,0.0,1.0,0.07692307692307693
456,20,Random Forest,0,15,0.5097881839999445,0.9935897435897436,1.0,0.9230769230769231,0.9782578397212544,0.9994620763851534,0.9945054945054945,143,0,1,12,156,13,8.33,0.23903258024064902,0.0,1.0,0.07631410256410256
456,20,XGBoost,0,15,0.07311622099996384,0.9935897435897436,1.0,0.9230769230769231,0.9782578397212544,0.9983862291554598,0.9855769230769229,143,0,1,12,156,13,8.33,0.2597549259662628,5.520423292182386e-05,0.9989545345306396,0.07722492516040802
456,20,LightGBM,0,15,0.19100948499999504,0.9935897435897436,1.0,0.9230769230769231,0.9782578397212544,1.0,1.0,143,0,1,12,156,13,8.33,0.2652763722134398,3.790495467759457e-08,0.9999983703456655,0.07727120680219116
456,20,CatBoost,0,15,2.6874856889999137,1.0,1.0,1.0,1.0,1.0,0.9999999999999998,143,0,0,13,156,13,8.33,0.2608593277216849,0.0002452559871631054,0.9982911194674816,0.08323628201115904
456,21,Logistic Regression,0,15,0.011310357999946064,0.9554140127388535,0.6842105263157895,0.9285714285714286,0.881483877925159,0.9405594405594405,0.8830679410601013,137,6,1,13,157,14,8.92,0.2881939366254493,1.7895220034482471e-07,0.9999997426949263,0.1255556905512232
456,21,Decision Tree,0,15,0.007055930999968041,0.9808917197452229,0.9230769230769231,0.8571428571428571,0.9392179636082074,0.9250749250749252,0.8039476447119759,142,1,2,12,157,14,8.92,0.2755835369781393,0.0,1.0,0.08280254777070063
456,21,Random Forest,0,15,0.5581868929998564,0.9808917197452229,0.9230769230769231,0.8571428571428571,0.9392179636082074,0.997002997002997,0.9650528043385186,142,1,2,12,157,14,8.92,0.23291407751304488,0.0,1.0,0.07697452229299362
456,21,XGBoost,0,15,0.04493607599988536,0.9808917197452229,0.9230769230769231,0.8571428571428571,0.9392179636082074,0.996003996003996,0.952949629735344,142,1,2,12,157,14,8.92,0.26032784581184387,4.3240248487563804e-05,0.9989547729492188,0.08114919811487198
456,21,LightGBM,0,15,0.158254794999948,0.9745222929936306,0.9166666666666666,0.7857142857142857,0.9161324786324787,0.9975024975024975,0.9721956614813757,142,1,3,11,157,14,8.92,0.26552286351249493,5.8584082053363105e-08,0.9999993609314438,0.07706884939482975
456,21,CatBoost,0,15,4.660535829000082,0.9745222929936306,0.9166666666666666,0.7857142857142857,0.9161324786324787,0.976023976023976,0.9346415489272631,142,1,3,11,157,14,8.92,0.2577920483477424,8.253524128612175e-05,0.9986142599958565,0.07846676677840567
456,22,Logistic Regression,0,15,0.01780344599978889,0.9554140127388535,0.6666666666666666,1.0,0.8874551971326166,0.9930069930069929,0.9405867610201974,136,7,0,14,157,14,8.92,0.31398021698873907,2.1222987109541087e-06,0.9999999988830259,0.16157016969150165
456,22,Decision Tree,0,15,0.011817786000165142,1.0,1.0,1.0,1.0,1.0,1.0,143,0,0,14,157,14,8.92,0.2849918130088802,0.0,1.0,0.08917197452229299
456,22,Random Forest,0,15,0.5999611929998991,0.9936305732484076,0.9333333333333333,1.0,0.981004234724743,1.0,1.0,142,1,0,14,157,14,8.92,0.27822981525085905,0.0,1.0,0.09869426751592357
456,22,XGBoost,0,15,0.16989023099995393,0.9936305732484076,0.9333333333333333,1.0,0.981004234724743,1.0,1.0,142,1,0,14,157,14,8.92,0.28921449184417725,6.441339064622298e-05,0.9989792704582214,0.1025223582983017
456,22,LightGBM,0,15,0.18258019800009606,1.0,1.0,1.0,1.0,1.0,1.0,143,0,0,14,157,14,8.92,0.284918773998069,3.399224865333098e-08,0.9999988974308525,0.08941408961996136
456,22,CatBoost,0,15,2.636793599999919,1.0,1.0,1.0,1.0,1.0,1.0,143,0,0,14,157,14,8.92,0.28398210290551046,0.00018079309756609133,0.9984836432686407,0.09794105056196425
456,23,Logistic Regression,0,15,0.00811469100017348,0.9681528662420382,0.7647058823529411,0.9285714285714286,0.9105209164481933,0.9595404595404595,0.9185897435897434,139,4,1,13,157,14,8.92,0.2793463157958461,4.464269618125521e-06,0.9999999918574766,0.1319167201911946
456,23,Decision Tree,0,15,0.005927374000293639,0.9681528662420382,0.8,0.8571428571428571,0.9050211736237144,0.9180819180819182,0.6984531392174704,140,3,2,12,157,14,8.92,0.2939612932283905,0.0,1.0,0.09554140127388536
456,23,Random Forest,0,15,0.38477596699976857,0.9872611464968153,1.0,0.8571428571428571,0.9580662393162394,0.9975024975024975,0.9778711484593838,143,0,2,12,157,14,8.92,0.24349444179762333,0.0,1.0,0.08423566878980891
456,23,XGBoost,0,15,0.03445027299994763,0.9745222929936306,0.8571428571428571,0.8571428571428571,0.9215784215784215,0.983016983016983,0.924991674991675,141,2,2,12,157,14,8.92,0.2596109211444855,6.869058415759355e-05,0.9983047246932983,0.08630220592021942
456,23,LightGBM,0,15,0.13669826100021965,0.9617834394904459,0.7857142857142857,0.7857142857142857,0.8823676323676324,0.994005994005994,0.9494631185807656,140,3,3,11,157,14,8.92,0.28494598800215976,2.7078570851037185e-08,0.9999995140119194,0.09456942974094315
456,23,CatBoost,0,15,1.9589257889997498,0.9872611464968153,1.0,0.8571428571428571,0.9580662393162394,0.997002997002997,0.9746031746031745,143,0,2,12,157,14,8.92,0.249058369024731,0.0001534231141784051,0.9985869397525705,0.0803521256396231
456,24,Logistic Regression,0,15,0.007618093000019144,0.9617834394904459,0.7,1.0,0.9010504201680671,1.0,0.9999999999999998,137,6,0,14,157,14,8.92,0.30093796024139496,1.7606637870183435e-06,0.9999999592956704,0.1558382682155045
456,24,Decision Tree,0,15,0.007207046999610611,1.0,1.0,1.0,1.0,1.0,1.0,143,0,0,14,157,14,8.92,0.2849918130088802,0.0,1.0,0.08917197452229299
456,24,Random Forest,0,15,0.40168522000021767,0.9936305732484076,1.0,0.9285714285714286,0.9797393212027359,1.0,1.0,143,0,1,13,157,14,8.92,0.2672244620922503,0.0,1.0,0.09006369426751594
456,24,XGBoost,0,15,0.03554311300013069,1.0,1.0,1.0,1.0,1.0,1.0,143,0,0,14,157,14,8.92,0.2830633819103241,5.5123953643487766e-05,0.9990118741989136,0.09090320020914078
456,24,LightGBM,0,15,0.11922795899999983,1.0,1.0,1.0,1.0,1.0,1.0,143,0,0,14,157,14,8.92,0.2849023955735611,3.667921599638791e-08,0.9999992907269378,0.08952322815371527
456,24,CatBoost,0,15,1.9710126130003118,1.0,1.0,1.0,1.0,1.0,0.9999999999999998,143,0,0,14,157,14,8.92,0.2800641670210768,0.0002597770388666267,0.9981513012972071,0.08993005947203184
456,25,Logistic Regression,0,15,0.008429973000147584,0.9487179487179487,0.6470588235294118,0.8461538461538461,0.8524822695035461,0.9639591178052715,0.8879731194112463,137,6,2,11,156,13,8.33,0.25807097037240995,3.599521133244867e-08,0.999999991511313,0.12016559195317214
456,25,Decision Tree,0,15,0.006591241000023729,0.9615384615384616,0.8181818181818182,0.6923076923076923,0.8645833333333333,0.8391608391608392,0.5920745920745921,141,2,4,9,156,13,8.33,0.25600930189379306,0.0,1.0,0.07051282051282051
456,25,Random Forest,0,15,0.4163156249996973,0.9807692307692307,1.0,0.7692307692307693,0.929592297276967,0.9967724583109198,0.9697913422609779,143,0,3,10,156,13,8.33,0.22959389976650824,0.0,1.0,0.07198717948717949
456,25,XGBoost,0,15,0.03784637799981283,0.9935897435897436,1.0,0.9230769230769231,0.9782578397212544,0.9838622915545993,0.9463327370304115,143,0,1,12,156,13,8.33,0.2496810406446457,6.47439737804234e-05,0.9984738230705261,0.07505465298891068
456,25,LightGBM,0,15,0.12123032199997397,0.9935897435897436,1.0,0.9230769230769231,0.9782578397212544,0.991393222162453,0.9575596816976126,143,0,1,12,156,13,8.33,0.25075114863984094,2.9132373481920784e-08,0.9999987925483609,0.07353847292328991
456,25,CatBoost,0,15,1.9988994000000275,0.967948717948718,0.9,0.6923076923076923,0.882653828794945,0.9946207638515331,0.9513162276320171,142,1,4,9,156,13,8.33,0.23648260108489003,0.00019812656546366596,0.9977564302894399,0.06896316694715947
