seed,fold,arm,n_features,fit_seconds,gamma,alpha,accuracy,precision,recall,macro_f1,auc_roc,auc_pr,tn,fp,fn,tp,n,n_positive,base_rate_pct,pred_std,pred_min,pred_max,pred_mean
42,1,E_all_ce_noW,47,0.535120787999972,2.0,0.75,1.0,1.0,1.0,1.0,1.0,0.9999999999999998,143,0,0,14,157,14,8.92,0.2840283071915198,7.773191776720131e-08,0.9999989271978713,0.09013457201476689
42,1,G_all_focal_noW,47,0.35993158600001607,2.0,0.75,1.0,1.0,1.0,1.0,1.0,1.0,143,0,0,14,157,14,8.92,0.276346920808293,0.003139030300479555,0.9956387427973291,0.10344015761282838
42,1,LEGACY_A,44,0.44985595100001774,2.0,0.75,0.9936305732484076,0.9333333333333333,1.0,0.981004234724743,1.0,0.9999999999999998,142,1,0,14,157,14,8.92,0.2898169846443595,4.491722663284232e-08,0.9999995535390466,0.0963317844353818
42,2,E_all_ce_noW,47,0.37619276499992793,2.0,0.75,0.9872611464968153,1.0,0.8571428571428571,0.9580662393162394,0.9999999999999999,0.9999999999999998,143,0,2,12,157,14,8.92,0.26441545759412155,6.504868493883457e-08,0.9999991884929711,0.0767025346711034
42,2,G_all_focal_noW,47,0.6511965219999638,2.0,0.75,0.9872611464968153,1.0,0.8571428571428571,0.9580662393162394,1.0,1.0,143,0,2,12,157,14,8.92,0.25710404478993926,0.0035844818118798733,0.9937422844893323,0.08945063056873809
42,2,LEGACY_A,44,0.49662161300000207,2.0,0.75,0.9872611464968153,1.0,0.8571428571428571,0.9580662393162394,1.0,1.0,143,0,2,12,157,14,8.92,0.2665309325678401,7.743580981320771e-08,0.9999995746308079,0.07892385659510984
42,3,E_all_ce_noW,47,0.9941104270000096,2.0,0.75,0.9872611464968153,0.875,1.0,0.9631455399061033,0.9995004995004995,0.9952380952380953,141,2,0,14,157,14,8.92,0.3006857154591841,5.960499980283145e-08,0.9999985707387327,0.10147703784072964
42,3,G_all_focal_noW,47,0.7999410139999554,2.0,0.75,0.9872611464968153,0.875,1.0,0.9631455399061033,0.999000999000999,0.9910714285714286,141,2,0,14,157,14,8.92,0.28466878774592547,0.003425429461186279,0.9954769979761459,0.10778253309947362
42,3,LEGACY_A,44,1.5415228929999785,2.0,0.75,0.9936305732484076,0.9333333333333333,1.0,0.981004234724743,1.0,0.9999999999999999,142,1,0,14,157,14,8.92,0.28954295536398494,3.334395359334169e-08,0.9999996450466991,0.09530411667761131
42,4,E_all_ce_noW,47,0.6547752019999962,2.0,0.75,0.9936305732484076,1.0,0.9285714285714286,0.9797393212027359,1.0,1.0,143,0,1,13,157,14,8.92,0.27641348737336197,5.7785116246142826e-08,0.9999996573186747,0.08600519852958406
42,4,G_all_focal_noW,47,0.3105673280000474,2.0,0.75,0.9936305732484076,1.0,0.9285714285714286,0.9797393212027359,0.9995004995004995,0.9952380952380953,143,0,1,13,157,14,8.92,0.2704429300611255,0.003918250537093331,0.9956904318834611,0.09651730965286912
42,4,LEGACY_A,44,0.36805945200001133,2.0,0.75,1.0,1.0,1.0,1.0,1.0,0.9999999999999999,143,0,0,14,157,14,8.92,0.2848710048510599,4.810940857666468e-08,0.9999996011670994,0.08953679074055658
42,5,E_all_ce_noW,47,0.3413510209999231,2.0,0.75,0.9807692307692307,1.0,0.7692307692307693,0.929592297276967,0.9983862291554599,0.9838264299802761,143,0,3,10,156,13,8.33,0.24228698599362566,6.768084515621094e-08,0.9999982490651056,0.06520804705182294
42,5,G_all_focal_noW,47,0.32069548799995573,2.0,0.75,0.9807692307692307,1.0,0.7692307692307693,0.929592297276967,0.9989241527703066,0.9897435897435898,143,0,3,10,156,13,8.33,0.22671327771730648,0.005254966267708679,0.9913251525981164,0.07465317217074753
42,5,LEGACY_A,44,0.4019252640000559,2.0,0.75,0.9807692307692307,1.0,0.7692307692307693,0.929592297276967,0.9940828402366865,0.9647435897435896,143,0,3,10,156,13,8.33,0.24455253162574114,7.173268844865847e-08,0.9999995441182561,0.0651438247978189
42,6,E_all_ce_noW,47,0.5342161529999885,2.0,0.75,1.0,1.0,1.0,1.0,1.0,0.9999999999999999,143,0,0,14,157,14,8.92,0.28496034827941324,5.477457304956187e-08,0.9999991151099125,0.08923843459919889
42,6,G_all_focal_noW,47,0.3985908220000738,2.0,0.75,1.0,1.0,1.0,1.0,1.0,0.9999999999999999,143,0,0,14,157,14,8.92,0.27931086727355164,0.003393991243181832,0.9950671587626495,0.09680187327468882
42,6,LEGACY_A,44,0.3260273020000568,2.0,0.75,1.0,1.0,1.0,1.0,1.0,0.9999999999999998,143,0,0,14,157,14,8.92,0.28493574718988457,4.676051877736309e-08,0.9999996045126983,0.08938726944363105
42,7,E_all_ce_noW,47,0.3074421500000426,2.0,0.75,0.9617834394904459,0.75,0.8571428571428571,0.8894366197183099,0.9935064935064936,0.9438243129419599,139,4,2,12,157,14,8.92,0.2980320738004329,1.1055357172587381e-07,0.9999990318446165,0.10032147562557085
42,7,G_all_focal_noW,47,0.57711688400002,2.0,0.75,0.9617834394904459,0.75,0.8571428571428571,0.8894366197183099,0.9925074925074926,0.9392788583965055,139,4,2,12,157,14,8.92,0.2724922447762665,0.007298105889013178,0.9915262743577934,0.10587699515565116
42,7,LEGACY_A,44,0.2345472189999782,2.0,0.75,0.9681528662420382,0.8,0.8571428571428571,0.9050211736237144,0.9925074925074926,0.9381906608797363,140,3,2,12,157,14,8.92,0.28411421668973624,5.704321599709918e-08,0.9999995784768316,0.09218355288637045
42,8,E_all_ce_noW,47,0.22614471999997932,2.0,0.75,0.9872611464968153,1.0,0.8571428571428571,0.9580662393162394,1.0,0.9999999999999999,143,0,2,12,157,14,8.92,0.2661172039623477,4.7577543475656474e-08,0.9999992113638925,0.07847877331911411
42,8,G_all_focal_noW,47,0.1523426719999179,2.0,0.75,0.9872611464968153,1.0,0.8571428571428571,0.9580662393162394,1.0,0.9999999999999998,143,0,2,12,157,14,8.92,0.2597345141694737,0.0036059029704817586,0.9942767443870637,0.09103048730806815
42,8,LEGACY_A,44,0.14767617899997276,2.0,0.75,0.9872611464968153,1.0,0.8571428571428571,0.9580662393162394,1.0,0.9999999999999999,143,0,2,12,157,14,8.92,0.26756052943454006,5.991193747932419e-08,0.9999995409495073,0.07971881277909787
42,9,E_all_ce_noW,47,0.20164076799994746,2.0,0.75,0.9936305732484076,1.0,0.9285714285714286,0.9797393212027359,1.0,1.0,143,0,1,13,157,14,8.92,0.2755148795184755,6.282854764844954e-08,0.9999992867337615,0.0828697045341759
42,9,G_all_focal_noW,47,0.25364782500003,2.0,0.75,0.9936305732484076,1.0,0.9285714285714286,0.9797393212027359,1.0,0.9999999999999998,143,0,1,13,157,14,8.92,0.2671360682002449,0.0036712241730119193,0.9942270671168826,0.09296007489971184
42,9,LEGACY_A,44,0.2618405889999167,2.0,0.75,0.9936305732484076,1.0,0.9285714285714286,0.9797393212027359,1.0,0.9999999999999999,143,0,1,13,157,14,8.92,0.27551382756589476,5.4518175390460336e-08,0.9999995745738786,0.08303777058244927
42,10,E_all_ce_noW,47,0.2730733199999804,2.0,0.75,0.9935897435897436,1.0,0.9230769230769231,0.9782578397212544,1.0,0.9999999999999998,143,0,1,12,156,13,8.33,0.2652730195321402,5.280159038293832e-08,0.9999992829946797,0.07716231242140775
42,10,G_all_focal_noW,47,0.2096255479999627,2.0,0.75,0.9935897435897436,1.0,0.9230769230769231,0.9782578397212544,0.9983862291554599,0.9855769230769227,143,0,1,12,156,13,8.33,0.25540178408692915,0.002891057891071154,0.9940415274583411,0.08810631106055841
42,10,LEGACY_A,44,0.23577470499992614,2.0,0.75,0.9935897435897436,1.0,0.9230769230769231,0.9782578397212544,1.0,0.9999999999999998,143,0,1,12,156,13,8.33,0.2669076018860604,5.761067741925043e-08,0.9999995417362375,0.07892625720020947
42,11,E_all_ce_noW,47,0.2880257489999849,2.0,0.75,0.9872611464968153,1.0,0.8571428571428571,0.9580662393162394,1.0,0.9999999999999999,143,0,2,12,157,14,8.92,0.2635913235370987,4.7620051353928884e-08,0.999999087679189,0.07660682043329724
42,11,G_all_focal_noW,47,0.21164400500003921,2.0,0.75,0.9872611464968153,1.0,0.8571428571428571,0.9580662393162394,1.0,1.0,143,0,2,12,157,14,8.92,0.25400483567824256,0.003744524146885813,0.9936999387249285,0.08812192314426201
42,11,LEGACY_A,44,0.25715394299993477,2.0,0.75,0.9936305732484076,1.0,0.9285714285714286,0.9797393212027359,1.0,0.9999999999999998,143,0,1,13,157,14,8.92,0.27021951862808435,3.5580165668492935e-08,0.9999995792236275,0.08112020584583687
42,12,E_all_ce_noW,47,0.2654312509999954,2.0,0.75,0.9872611464968153,0.9285714285714286,0.9285714285714286,0.9607892107892109,0.9965034965034966,0.9761904761904763,142,1,1,13,157,14,8.92,0.2788028885418846,6.380816948688398e-08,0.9999989208267972,0.08819326522691665
42,12,G_all_focal_noW,47,0.18347023399996942,2.0,0.75,0.9872611464968153,0.9285714285714286,0.9285714285714286,0.9607892107892109,0.9950049950049951,0.9702380952380952,142,1,1,13,157,14,8.92,0.274041679430729,0.004189488452839797,0.9938360803795327,0.09913504558046911
42,12,LEGACY_A,44,0.27140856200003327,2.0,0.75,0.9936305732484076,1.0,0.9285714285714286,0.9797393212027359,0.9930069930069929,0.9642857142857142,143,0,1,13,157,14,8.92,0.2755385030984665,4.819548025956765e-08,0.9999996796840211,0.08296105460511374
42,13,E_all_ce_noW,47,0.30367625700000644,2.0,0.75,0.9936305732484076,1.0,0.9285714285714286,0.9797393212027359,1.0,0.9999999999999999,143,0,1,13,157,14,8.92,0.2753794811750461,7.458406145376035e-08,0.9999990817613239,0.0840693553082803
42,13,G_all_focal_noW,47,0.22253989099999671,2.0,0.75,0.9936305732484076,1.0,0.9285714285714286,0.9797393212027359,0.9995004995004995,0.9952380952380951,143,0,1,13,157,14,8.92,0.2650994597710448,0.004279330463048752,0.9934778020308808,0.0970961480292592
42,13,LEGACY_A,44,0.17504977800001598,2.0,0.75,0.9936305732484076,1.0,0.9285714285714286,0.9797393212027359,0.9995004995004995,0.9952380952380951,143,0,1,13,157,14,8.92,0.2758304662787465,6.282036199169436e-08,0.9999995807344492,0.08561324077554801
42,14,E_all_ce_noW,47,0.1845109109999612,2.0,0.75,0.9872611464968153,1.0,0.8571428571428571,0.9580662393162394,0.9990009990009989,0.9910714285714285,143,0,2,12,157,14,8.92,0.25902520483779,6.749257275871264e-08,0.9999991366159964,0.07873715090993437
42,14,G_all_focal_noW,47,0.12855891099991368,2.0,0.75,0.9872611464968153,0.9285714285714286,0.9285714285714286,0.9607892107892109,0.9975024975024974,0.9745225013082155,142,1,1,13,157,14,8.92,0.24910993448957877,0.005141910140576591,0.9936883367400701,0.09136064184108159
42,14,LEGACY_A,44,0.14844832200003566,2.0,0.75,0.9936305732484076,1.0,0.9285714285714286,0.9797393212027359,0.9995004995004995,0.9952380952380953,143,0,1,13,157,14,8.92,0.27415912630416067,8.434538874482374e-08,0.9999995083353824,0.08310803344214306
42,15,E_all_ce_noW,47,0.1636820369999441,2.0,0.75,1.0,1.0,1.0,1.0,1.0,1.0,143,0,0,13,156,13,8.33,0.27563131298145604,4.634518690376266e-08,0.9999989546678523,0.08315026543919735
42,15,G_all_focal_noW,47,0.1325205759999335,2.0,0.75,1.0,1.0,1.0,1.0,1.0,0.9999999999999998,143,0,0,13,156,13,8.33,0.2674476189756838,0.0038082338517762392,0.9935888896399284,0.09114282662711821
42,15,LEGACY_A,44,0.19914988400000766,2.0,0.75,1.0,1.0,1.0,1.0,1.0,0.9999999999999998,143,0,0,13,156,13,8.33,0.2763554436535962,4.0475419897069455e-08,0.9999996108744222,0.08338850316089079
42,16,E_all_ce_noW,47,0.15149889099996017,2.0,0.75,0.9808917197452229,1.0,0.7857142857142857,0.9348096885813149,0.9945054945054945,0.9614531431301617,143,0,3,11,157,14,8.92,0.2568297492268684,1.2112272324882995e-07,0.9999986028783492,0.07374217705166082
42,16,G_all_focal_noW,47,0.12931721199993262,2.0,0.75,0.9808917197452229,1.0,0.7857142857142857,0.9348096885813149,0.973026973026973,0.9253090659340659,143,0,3,11,157,14,8.92,0.24500714894216152,0.005892173506199825,0.9911630031961579,0.08559443254360158
42,16,LEGACY_A,44,0.1403462960000752,2.0,0.75,0.9808917197452229,0.9230769230769231,0.8571428571428571,0.9392179636082074,0.994005994005994,0.9596415489272632,142,1,2,12,157,14,8.92,0.27238371842114745,5.7325497853649335e-08,0.9999995700638064,0.08193654940489604
42,17,E_all_ce_noW,47,0.16718140399996173,2.0,0.75,0.9808917197452229,0.9230769230769231,0.8571428571428571,0.9392179636082074,0.999000999000999,0.9901360544217688,142,1,2,12,157,14,8.92,0.27533773946806195,7.614880205110684e-08,0.9999994704349473,0.08453183494419456
42,17,G_all_focal_noW,47,0.13224657199998546,2.0,0.75,0.9808917197452229,0.9230769230769231,0.8571428571428571,0.9392179636082074,0.9985014985014985,0.9846415489272632,142,1,2,12,157,14,8.92,0.2676573662703843,0.003921516241608234,0.995271362534451,0.09622081846113995
42,17,LEGACY_A,44,0.13837193599999864,2.0,0.75,0.9872611464968153,0.9285714285714286,0.9285714285714286,0.9607892107892109,0.9995004995004995,0.9952380952380953,142,1,1,13,157,14,8.92,0.28572424878442904,7.727507967535747e-08,0.9999995828659428,0.09444095783061585
42,18,E_all_ce_noW,47,0.18519234300003973,2.0,0.75,1.0,1.0,1.0,1.0,1.0,1.0,143,0,0,14,157,14,8.92,0.2842740293168688,5.28088879895975e-08,0.9999988951971557,0.08899578888777106
42,18,G_all_focal_noW,47,0.15207258899999943,2.0,0.75,1.0,1.0,1.0,1.0,1.0,0.9999999999999998,143,0,0,14,157,14,8.92,0.2701778768243571,0.003753189091173387,0.9954089653878192,0.09476757973837162
42,18,LEGACY_A,44,0.15696333300002152,2.0,0.75,1.0,1.0,1.0,1.0,1.0,0.9999999999999999,143,0,0,14,157,14,8.92,0.284814811601545,4.609621676344442e-08,0.9999996283681949,0.08912566694374642
42,19,E_all_ce_noW,47,0.16669525700001486,2.0,0.75,1.0,1.0,1.0,1.0,1.0,1.0,143,0,0,14,157,14,8.92,0.28423341187643697,5.359969947190446e-08,0.9999994698846283,0.08895608863177087
42,19,G_all_focal_noW,47,0.15058333599995422,2.0,0.75,1.0,1.0,1.0,1.0,1.0,1.0,143,0,0,14,157,14,8.92,0.2729408476682174,0.0039453953941896505,0.9950323711664334,0.09682088443677224
42,19,LEGACY_A,44,0.17711600300003738,2.0,0.75,1.0,1.0,1.0,1.0,1.0,1.0,143,0,0,14,157,14,8.92,0.28418296052714875,4.749098724237301e-08,0.9999995476677653,0.08920055218000117
42,20,E_all_ce_noW,47,0.2700353409999252,2.0,0.75,1.0,1.0,1.0,1.0,1.0,1.0,143,0,0,13,156,13,8.33,0.2753950402061289,5.284518976896358e-08,0.9999993941413781,0.08312967287680326
42,20,G_all_focal_noW,47,0.1976009329999897,2.0,0.75,1.0,1.0,1.0,1.0,1.0,0.9999999999999998,143,0,0,13,156,13,8.33,0.26583502125382436,0.0028221778539348668,0.9948513234091432,0.09022254643325486
42,20,LEGACY_A,44,0.18402854600003593,2.0,0.75,1.0,1.0,1.0,1.0,1.0,1.0,143,0,0,13,156,13,8.33,0.2712896651564646,4.123447902029236e-08,0.9999996311693188,0.0817083368070684
42,21,E_all_ce_noW,47,0.19137194300003557,2.0,0.75,0.9936305732484076,1.0,0.9285714285714286,0.9797393212027359,1.0,1.0,143,0,1,13,157,14,8.92,0.27441208326281247,7.494514054965805e-08,0.9999991521269954,0.08258965544139298
42,21,G_all_focal_noW,47,0.13591509000002588,2.0,0.75,0.9936305732484076,1.0,0.9285714285714286,0.9797393212027359,1.0,0.9999999999999998,143,0,1,13,157,14,8.92,0.262904685857779,0.0040546694166795055,0.9956807754451444,0.0897447697791222
42,21,LEGACY_A,44,0.14043412400008037,2.0,0.75,0.9936305732484076,1.0,0.9285714285714286,0.9797393212027359,1.0,0.9999999999999999,143,0,1,13,157,14,8.92,0.2744935309177075,6.511139421435038e-08,0.999999555493795,0.0830995409673077
42,22,E_all_ce_noW,47,0.16316434700001992,2.0,0.75,0.9936305732484076,1.0,0.9285714285714286,0.9797393212027359,0.9965034965034965,0.976190476190476,143,0,1,13,157,14,8.92,0.2775661823117974,5.622558413538338e-08,0.9999992093922343,0.08732472086479011
42,22,G_all_focal_noW,47,0.13879530899998826,2.0,0.75,0.9872611464968153,0.9285714285714286,0.9285714285714286,0.9607892107892109,0.9975024975024975,0.981203007518797,142,1,1,13,157,14,8.92,0.27210911726652404,0.004515393063393308,0.9938031671196746,0.09528079517801155
42,22,LEGACY_A,44,0.14691731099992467,2.0,0.75,0.9936305732484076,1.0,0.9285714285714286,0.9797393212027359,0.9910089910089911,0.9598214285714285,143,0,1,13,157,14,8.92,0.2755794926745971,3.548717000420596e-08,0.9999996399598212,0.0828145691036286
42,23,E_all_ce_noW,47,0.1705397370000128,2.0,0.75,0.9936305732484076,1.0,0.9285714285714286,0.9797393212027359,1.0,0.9999999999999999,143,0,1,13,157,14,8.92,0.2610999441496585,7.09243227967984e-08,0.9999989100664808,0.07797859372693494
42,23,G_all_focal_noW,47,0.13419068200005313,2.0,0.75,0.9872611464968153,1.0,0.8571428571428571,0.9580662393162394,1.0,1.0,143,0,2,12,157,14,8.92,0.2510749318147839,0.0035179203126642447,0.992852203713743,0.08555626994657171
42,23,LEGACY_A,44,0.16047072000003482,2.0,0.75,0.9936305732484076,1.0,0.9285714285714286,0.9797393212027359,1.0,0.9999999999999999,143,0,1,13,157,14,8.92,0.26990265401514524,5.735869081187316e-08,0.9999995632196366,0.08095240419474807
42,24,E_all_ce_noW,47,0.17102775700004713,2.0,0.75,0.9872611464968153,1.0,0.8571428571428571,0.9580662393162394,1.0,1.0,143,0,2,12,157,14,8.92,0.2644687448758708,5.58512041986229e-08,0.999999046295528,0.07713249688379002
42,24,G_all_focal_noW,47,0.14865097699998842,2.0,0.75,0.9872611464968153,1.0,0.8571428571428571,0.9580662393162394,1.0,0.9999999999999998,143,0,2,12,157,14,8.92,0.2558406336780906,0.0038061967293567677,0.989954181582663,0.09075178281797096
42,24,LEGACY_A,44,0.14984239099999286,2.0,0.75,0.9936305732484076,1.0,0.9285714285714286,0.9797393212027359,1.0,0.9999999999999999,143,0,1,13,157,14,8.92,0.2716316266576957,4.760544782073266e-08,0.999999574715858,0.08208588011933139
42,25,E_all_ce_noW,47,0.15748957800008156,2.0,0.75,0.9935897435897436,0.9285714285714286,1.0,0.9797270955165691,0.9994620763851533,0.9945054945054945,142,1,0,13,156,13,8.33,0.28037033142526885,6.02462219286514e-08,0.999998487963533,0.08896619533465103
42,25,G_all_focal_noW,47,0.15940111299994442,2.0,0.75,0.9935897435897436,0.9285714285714286,1.0,0.9797270955165691,0.9994620763851533,0.9945054945054945,142,1,0,13,156,13,8.33,0.27028815025131614,0.0033940021163748326,0.9928601908300656,0.10597944518795807
42,25,LEGACY_A,44,0.17314771600001677,2.0,0.75,0.9871794871794872,0.8666666666666667,1.0,0.9607645875251509,0.9994620763851533,0.9945054945054943,141,2,0,13,156,13,8.33,0.2928343462040118,4.8438341717992374e-08,0.9999995324113428,0.09671653196284365
123,1,E_all_ce_noW,47,0.2836346520000461,2.0,0.75,0.9936305732484076,1.0,0.9285714285714286,0.9797393212027359,0.9995004995004995,0.9952380952380951,143,0,1,13,157,14,8.92,0.27544094731898244,6.185368572068377e-08,0.9999992740441767,0.08471236244113858
123,1,G_all_focal_noW,47,0.20035582399998475,2.0,0.75,0.9936305732484076,1.0,0.9285714285714286,0.9797393212027359,0.9995004995004995,0.9952380952380951,143,0,1,13,157,14,8.92,0.26777611157323994,0.0036463458541748034,0.9922879548804746,0.09767323067633782
123,1,LEGACY_A,44,0.23434244199995646,2.0,0.75,1.0,1.0,1.0,1.0,1.0,1.0,143,0,0,14,157,14,8.92,0.28428992134770126,5.0925154763566695e-08,0.9999995907999903,0.08917355622346541
123,2,E_all_ce_noW,47,0.2644304730000613,2.0,0.75,0.9808917197452229,0.9230769230769231,0.8571428571428571,0.9392179636082074,0.9975024975024975,0.9745225013082155,142,1,2,12,157,14,8.92,0.25967777597766517,6.429406059479363e-08,0.999999492072789,0.07691441773161185
123,2,G_all_focal_noW,47,0.19008266799994544,2.0,0.75,0.9745222929936306,0.9166666666666666,0.7857142857142857,0.9161324786324787,0.997002997002997,0.9708460307199802,142,1,3,11,157,14,8.92,0.25151726265730484,0.005968167954705223,0.9946659389790874,0.08815875909142072
123,2,LEGACY_A,44,0.24889019399995505,2.0,0.75,0.9745222929936306,0.9166666666666666,0.7857142857142857,0.9161324786324787,0.9945054945054945,0.9614531431301616,142,1,3,11,157,14,8.92,0.26584014388628285,4.6307864121514635e-08,0.9999996349463289,0.07866573018006673
123,3,E_all_ce_noW,47,0.25707408799996756,2.0,0.75,1.0,1.0,1.0,1.0,1.0,0.9999999999999999,143,0,0,14,157,14,8.92,0.2848068445795803,6.092555925666872e-08,0.9999985411644564,0.08912914317790932
123,3,G_all_focal_noW,47,0.1939080270000204,2.0,0.75,1.0,1.0,1.0,1.0,1.0,0.9999999999999998,143,0,0,14,157,14,8.92,0.27450345093450174,0.004105920699571995,0.9921049127386578,0.09794230014138885
123,3,LEGACY_A,44,0.24243885999999293,2.0,0.75,1.0,1.0,1.0,1.0,1.0,1.0,143,0,0,14,157,14,8.92,0.28497385796804153,4.672618082091624e-08,0.9999996013377324,0.08920180867076953
123,4,E_all_ce_noW,47,0.25283593599999676,2.0,0.75,0.9808917197452229,0.9230769230769231,0.8571428571428571,0.9392179636082074,0.9975024975024974,0.9760531135531135,142,1,2,12,157,14,8.92,0.27553677979683106,8.270727985302545e-08,0.9999991019249729,0.08618157950023819
123,4,G_all_focal_noW,47,0.22919325800000934,2.0,0.75,0.9745222929936306,0.8571428571428571,0.8571428571428571,0.9215784215784215,0.998001998001998,0.981547619047619,141,2,2,12,157,14,8.92,0.2655624868857596,0.005020100334432881,0.9941119190538814,0.10262947003365035
123,4,LEGACY_A,44,0.24706324800001767,2.0,0.75,0.9808917197452229,0.9230769230769231,0.8571428571428571,0.9392179636082074,0.9990009990009989,0.9901360544217687,142,1,2,12,157,14,8.92,0.2748236182653059,5.41987653074997e-08,0.9999995934877826,0.08597687891407167
123,5,E_all_ce_noW,47,0.16122027999995225,2.0,0.75,0.9935897435897436,1.0,0.9230769230769231,0.9782578397212544,1.0,1.0,143,0,1,12,156,13,8.33,0.2646967491306456,6.805129413387165e-08,0.9999992683115295,0.07658638675924294
123,5,G_all_focal_noW,47,0.13195408700005373,2.0,0.75,0.9935897435897436,1.0,0.9230769230769231,0.9782578397212544,1.0,0.9999999999999998,143,0,1,12,156,13,8.33,0.2515457253337972,0.004492729714499785,0.9940947569180554,0.08485659257605657
123,5,LEGACY_A,44,0.1571226479999268,2.0,0.75,0.9935897435897436,1.0,0.9230769230769231,0.9782578397212544,1.0,1.0,143,0,1,12,156,13,8.33,0.26641314195984206,4.811498870855423e-08,0.9999996439955066,0.07706543872248438
123,6,E_all_ce_noW,47,0.16575318699995023,2.0,0.75,0.9872611464968153,0.875,1.0,0.9631455399061033,0.999000999000999,0.9910714285714286,141,2,0,14,157,14,8.92,0.2956122707694099,5.559566881936432e-08,0.9999994890363297,0.09898200473059335
123,6,G_all_focal_noW,47,0.13073639100002765,2.0,0.75,0.9808917197452229,0.8666666666666667,0.9285714285714286,0.9430127041742287,0.999000999000999,0.9910714285714285,141,2,1,13,157,14,8.92,0.2842847034842738,0.0039294989353595485,0.9957394484212104,0.10521484817685155
123,6,LEGACY_A,44,0.18436581399998886,2.0,0.75,0.9936305732484076,0.9333333333333333,1.0,0.981004234724743,1.0,0.9999999999999999,142,1,0,14,157,14,8.92,0.2869992997832983,5.824726422062064e-08,0.9999996240017951,0.09304566009590691
123,7,E_all_ce_noW,47,0.2156333849999328,2.0,0.75,0.9936305732484076,1.0,0.9285714285714286,0.9797393212027359,1.0,0.9999999999999999,143,0,1,13,157,14,8.92,0.27709577596786217,4.2989392918009327e-08,0.9999989237480081,0.08576059973807947
123,7,G_all_focal_noW,47,0.14142911800001912,2.0,0.75,0.9936305732484076,1.0,0.9285714285714286,0.9797393212027359,1.0,1.0,143,0,1,13,157,14,8.92,0.2658583542779333,0.0027925434787124895,0.9942384218295801,0.09238510381776138
123,7,LEGACY_A,44,0.18166823699993984,2.0,0.75,1.0,1.0,1.0,1.0,1.0,0.9999999999999999,143,0,0,14,157,14,8.92,0.2845951489680975,3.7749447577471015e-08,0.99999962726938,0.08906672737122032
123,8,E_all_ce_noW,47,0.19707869299998038,2.0,0.75,0.9872611464968153,1.0,0.8571428571428571,0.9580662393162394,0.9975024975024975,0.981203007518797,143,0,2,12,157,14,8.92,0.25855219249215255,7.916119436041108e-08,0.9999991134952239,0.07431135546419772
123,8,G_all_focal_noW,47,0.1504523269999254,2.0,0.75,0.9872611464968153,1.0,0.8571428571428571,0.9580662393162394,0.997002997002997,0.9785714285714284,143,0,2,12,157,14,8.92,0.24794690463750088,0.00514272111619544,0.9936910628711404,0.08718274851275254
123,8,LEGACY_A,44,0.17374103800000285,2.0,0.75,0.9872611464968153,1.0,0.8571428571428571,0.9580662393162394,0.998001998001998,0.984126984126984,143,0,2,12,157,14,8.92,0.26460739406577277,4.891840011744862e-08,0.9999995562377582,0.07654976630263963
123,9,E_all_ce_noW,47,0.23343060299998797,2.0,0.75,1.0,1.0,1.0,1.0,1.0,1.0,143,0,0,14,157,14,8.92,0.28055289926986643,6.101341395536205e-08,0.9999990571237987,0.08771967269334921
123,9,G_all_focal_noW,47,0.177666553999984,2.0,0.75,1.0,1.0,1.0,1.0,1.0,0.9999999999999998,143,0,0,14,157,14,8.92,0.26699699299111346,0.0031208389261030522,0.9935642880983199,0.0943399770232043
123,9,LEGACY_A,44,0.1612605860000258,2.0,0.75,1.0,1.0,1.0,1.0,1.0,0.9999999999999999,143,0,0,14,157,14,8.92,0.28467933993963124,5.0164638982799315e-08,0.9999995550305795,0.0890870715831239
123,10,E_all_ce_noW,47,0.2236420059999773,2.0,0.75,0.9935897435897436,1.0,0.9230769230769231,0.9782578397212544,1.0,0.9999999999999998,143,0,1,12,156,13,8.33,0.2662170596405578,5.6083685879856443e-08,0.9999992702405726,0.07757330378900758
123,10,G_all_focal_noW,47,0.1851854200000389,2.0,0.75,0.9935897435897436,1.0,0.9230769230769231,0.9782578397212544,0.9994620763851533,0.9945054945054943,143,0,1,12,156,13,8.33,0.25731333277103197,0.004271562974349954,0.9906617526102484,0.08755584767913105
123,10,LEGACY_A,44,0.23481174400001237,2.0,0.75,0.9871794871794872,0.9230769230769231,0.9230769230769231,0.9580419580419581,0.9994620763851534,0.9945054945054943,142,1,1,12,156,13,8.33,0.27013010960443573,7.078310730381187e-08,0.9999995648144704,0.08110508695986007
123,11,E_all_ce_noW,47,0.1781509790000655,2.0,0.75,0.9872611464968153,1.0,0.8571428571428571,0.9580662393162394,0.8771228771228771,0.8712698583082867,143,0,2,12,157,14,8.92,0.2652010262621838,6.402138238288382e-08,0.999998980112874,0.07632738291791112
123,11,G_all_focal_noW,47,0.1443805589999556,2.0,0.75,0.9872611464968153,1.0,0.8571428571428571,0.9580662393162394,0.867132867132867,0.8707482993197277,143,0,2,12,157,14,8.92,0.25657798919775876,0.003942971740075855,0.9940495522070802,0.08321724941695773
123,11,LEGACY_A,44,0.15490877500008082,2.0,0.75,0.9872611464968153,1.0,0.8571428571428571,0.9580662393162394,0.9125874125874126,0.876231104386444,143,0,2,12,157,14,8.92,0.26564689543726344,3.844263226288806e-08,0.9999995414686023,0.0764253939856233
123,12,E_all_ce_noW,47,0.24133215400001973,2.0,0.75,0.9681528662420382,1.0,0.6428571428571429,0.8827132825339907,0.999000999000999,0.9910714285714284,143,0,5,9,157,14,8.92,0.23165197516553904,6.932512736699536e-08,0.9999994305232515,0.06000078378531195
123,12,G_all_focal_noW,47,0.2117703449999908,2.0,0.75,0.9681528662420382,1.0,0.6428571428571429,0.8827132825339907,0.9920079920079921,0.9470496894409937,143,0,5,9,157,14,8.92,0.22102542753906237,0.004865530229270765,0.9942437875342474,0.07159156220338446
123,12,LEGACY_A,44,0.19196798899997702,2.0,0.75,0.9808917197452229,1.0,0.7857142857142857,0.9348096885813149,0.9885114885114885,0.9318594104308389,143,0,3,11,157,14,8.92,0.24417500037736423,6.529464896429292e-08,0.9999995451779925,0.06743422182324697
123,13,E_all_ce_noW,47,0.24878142000000025,2.0,0.75,0.9872611464968153,0.9285714285714286,0.9285714285714286,0.9607892107892109,0.9985014985014984,0.9873949579831932,142,1,1,13,157,14,8.92,0.2851715937040751,9.564560661566915e-08,0.9999984103898765,0.09134545900957629
123,13,G_all_focal_noW,47,0.2384815160000926,2.0,0.75,0.9808917197452229,0.8666666666666667,0.9285714285714286,0.9430127041742287,0.999000999000999,0.9910714285714286,141,2,1,13,157,14,8.92,0.2785978792001786,0.004153417516884315,0.9919070071949483,0.10414720911140253
123,13,LEGACY_A,44,0.2849785890000476,2.0,0.75,0.9808917197452229,0.8666666666666667,0.9285714285714286,0.9430127041742287,0.9990009990009989,0.9910714285714285,141,2,1,13,157,14,8.92,0.28667024577390227,6.732672306718716e-08,0.9999994949103155,0.09296842536929154
123,14,E_all_ce_noW,47,0.2518123329999753,2.0,0.75,0.9936305732484076,0.9333333333333333,1.0,0.981004234724743,1.0,0.9999999999999999,142,1,0,14,157,14,8.92,0.29100193894596943,5.558931242235083e-08,0.9999989688937634,0.0946141647528156
123,14,G_all_focal_noW,47,0.3278600109999843,2.0,0.75,0.9936305732484076,0.9333333333333333,1.0,0.981004234724743,1.0,1.0,142,1,0,14,157,14,8.92,0.27975708901072666,0.0029813045998230434,0.9933900939098856,0.10173562767925566
123,14,LEGACY_A,44,0.38538070899994636,2.0,0.75,1.0,1.0,1.0,1.0,1.0,0.9999999999999999,143,0,0,14,157,14,8.92,0.2833652685502274,4.0559522110405855e-08,0.9999996211318006,0.08958665624613299
123,15,E_all_ce_noW,47,0.2767074880000564,2.0,0.75,0.9871794871794872,1.0,0.8461538461538461,0.9548611111111112,1.0,1.0,143,0,2,11,156,13,8.33,0.2559631925882469,5.616458305665027e-08,0.9999988921359863,0.07145542662852698
123,15,G_all_focal_noW,47,0.19176700499997423,2.0,0.75,0.9871794871794872,1.0,0.8461538461538461,0.9548611111111112,1.0,0.9999999999999998,143,0,2,11,156,13,8.33,0.25356609008633874,0.003846484158171045,0.995023981385019,0.08693297154378732
123,15,LEGACY_A,44,0.24837534399989636,2.0,0.75,0.9871794871794872,1.0,0.8461538461538461,0.9548611111111112,1.0,0.9999999999999998,143,0,2,11,156,13,8.33,0.25592439599206446,4.102445530686974e-08,0.9999995752972631,0.07089868045234486
123,16,E_all_ce_noW,47,0.25911536199998864,2.0,0.75,0.9872611464968153,1.0,0.8571428571428571,0.9580662393162394,1.0,0.9999999999999998,143,0,2,12,157,14,8.92,0.26670721953734167,6.005260936520017e-08,0.9999988500733624,0.07902783324830431
123,16,G_all_focal_noW,47,0.1923262270000805,2.0,0.75,0.9936305732484076,1.0,0.9285714285714286,0.9797393212027359,1.0,0.9999999999999998,143,0,1,13,157,14,8.92,0.2567080083237613,0.00429872221618632,0.9930980478439004,0.09100025466994724
123,16,LEGACY_A,44,0.25741426500007947,2.0,0.75,0.9936305732484076,1.0,0.9285714285714286,0.9797393212027359,1.0,0.9999999999999998,143,0,1,13,157,14,8.92,0.27573121306653325,3.9298105079416085e-08,0.9999996454689275,0.08430790005651279
123,17,E_all_ce_noW,47,0.24856061399998453,2.0,0.75,1.0,1.0,1.0,1.0,1.0,1.0,143,0,0,14,157,14,8.92,0.28061469327178395,7.051297001891795e-08,0.9999990856938534,0.08843478873936768
123,17,G_all_focal_noW,47,0.2135261089999858,2.0,0.75,0.9936305732484076,0.9333333333333333,1.0,0.981004234724743,1.0,0.9999999999999999,142,1,0,14,157,14,8.92,0.2659463947073841,0.005141405945431789,0.9925745970090561,0.09973367076381395
123,17,LEGACY_A,44,0.2545784910000748,2.0,0.75,1.0,1.0,1.0,1.0,1.0,0.9999999999999999,143,0,0,14,157,14,8.92,0.2853370545828763,4.420423083658505e-08,0.9999996068250625,0.09130492839171041
123,18,E_all_ce_noW,47,0.29154638800002886,2.0,0.75,0.9872611464968153,0.875,1.0,0.9631455399061033,1.0,0.9999999999999999,141,2,0,14,157,14,8.92,0.3022099425846745,5.06214822471996e-08,0.9999990504442723,0.10181792752351788
123,18,G_all_focal_noW,47,0.15521074000002955,2.0,0.75,0.9872611464968153,0.875,1.0,0.9631455399061033,0.9980019980019981,0.9786891679748821,141,2,0,14,157,14,8.92,0.29322954656150846,0.0032839401983243664,0.9955476622037068,0.10908063800701649
123,18,LEGACY_A,44,0.14753009900005054,2.0,0.75,0.9872611464968153,0.875,1.0,0.9631455399061033,1.0,0.9999999999999999,141,2,0,14,157,14,8.92,0.2976209608903675,4.635211660842589e-08,0.9999995723496803,0.10015665379652587
123,19,E_all_ce_noW,47,0.16799658200000067,2.0,0.75,0.9936305732484076,1.0,0.9285714285714286,0.9797393212027359,1.0,0.9999999999999999,143,0,1,13,157,14,8.92,0.2755144661814537,5.505479169707973e-08,0.9999990980747843,0.08294807052099562
123,19,G_all_focal_noW,47,0.15010003700001562,2.0,0.75,0.9936305732484076,1.0,0.9285714285714286,0.9797393212027359,1.0,1.0,143,0,1,13,157,14,8.92,0.26766373316657066,0.0035369203215514303,0.9950294509094184,0.09290301802181046
123,19,LEGACY_A,44,0.15610177799999292,2.0,0.75,0.9936305732484076,1.0,0.9285714285714286,0.9797393212027359,1.0,1.0,143,0,1,13,157,14,8.92,0.27554214957217443,7.263503482575993e-08,0.9999995735110361,0.08290509338826328
123,20,E_all_ce_noW,47,0.17165016000001287,2.0,0.75,0.9935897435897436,1.0,0.9230769230769231,0.9782578397212544,0.994620763851533,0.9665551839464881,143,0,1,12,156,13,8.33,0.26066798655329093,6.689779484929915e-08,0.9999986532079403,0.07604963593122156
123,20,G_all_focal_noW,47,0.133964553999931,2.0,0.75,0.9871794871794872,1.0,0.8461538461538461,0.9548611111111112,0.9903173749327595,0.9553349875930519,143,0,2,11,156,13,8.33,0.2503596128712514,0.004724404952961162,0.9943928948093183,0.08412756294521191
123,20,LEGACY_A,44,0.16762223700004597,2.0,0.75,0.9935897435897436,1.0,0.9230769230769231,0.9782578397212544,0.9897794513179129,0.9543269230769229,143,0,1,12,156,13,8.33,0.2662572665412081,3.8625744109562556e-08,0.9999995686556837,0.07702893893051774
123,21,E_all_ce_noW,47,0.1875285220000933,2.0,0.75,1.0,1.0,1.0,1.0,1.0,1.0,143,0,0,14,157,14,8.92,0.2849810612157961,5.440482940067483e-08,0.9999992519288688,0.0891771058200115
123,21,G_all_focal_noW,47,0.14815167400001883,2.0,0.75,1.0,1.0,1.0,1.0,1.0,1.0,143,0,0,14,157,14,8.92,0.2784028802246892,0.0030053006566128733,0.9948828194868939,0.0962961715105299
123,21,LEGACY_A,44,0.1647056749999365,2.0,0.75,1.0,1.0,1.0,1.0,1.0,0.9999999999999998,143,0,0,14,157,14,8.92,0.28498625336389033,4.069681945120788e-08,0.9999995959086317,0.08918176359407466
123,22,E_all_ce_noW,47,0.17065263100005268,2.0,0.75,0.9808917197452229,1.0,0.7857142857142857,0.9348096885813149,0.9960039960039959,0.9679748822605965,143,0,3,11,157,14,8.92,0.25529224273153256,7.056469758807394e-08,0.9999988151180386,0.07236382243313977
123,22,G_all_focal_noW,47,0.14239142700000684,2.0,0.75,0.9808917197452229,1.0,0.7857142857142857,0.9348096885813149,0.9960039960039959,0.9710884353741496,143,0,3,11,157,14,8.92,0.25230836390041067,0.005090946762571548,0.9936070017526533,0.08777801325589103
123,22,LEGACY_A,44,0.15335596300008092,2.0,0.75,0.9872611464968153,1.0,0.8571428571428571,0.9580662393162394,0.996003996003996,0.9690476190476189,143,0,2,12,157,14,8.92,0.2634078772975271,3.4643131074417615e-08,0.9999996307908654,0.07821062770799968
123,23,E_all_ce_noW,47,0.16428740599997127,2.0,0.75,0.9872611464968153,0.875,1.0,0.9631455399061033,0.9985014985014985,0.9859693877551019,141,2,0,14,157,14,8.92,0.29909774905122966,7.22210729505154e-08,0.9999994623872676,0.10129567922116377
123,23,G_all_focal_noW,47,0.13932106199990812,2.0,0.75,0.9872611464968153,0.875,1.0,0.9631455399061033,0.997002997002997,0.9701007326007326,141,2,0,14,157,14,8.92,0.28576853504658606,0.004030829655226674,0.9962260123966521,0.11171941201075747
123,23,LEGACY_A,44,0.14004396300003918,2.0,0.75,0.9936305732484076,0.9333333333333333,1.0,0.981004234724743,1.0,0.9999999999999998,142,1,0,14,157,14,8.92,0.2936314749193543,5.926374884594618e-08,0.9999995934448503,0.09626301964035608
123,24,E_all_ce_noW,47,0.16221320100009962,2.0,0.75,0.9808917197452229,0.9230769230769231,0.8571428571428571,0.9392179636082074,0.999000999000999,0.9901360544217687,142,1,2,12,157,14,8.92,0.2688303566906479,7.19649277530098e-08,0.9999987351393556,0.08326191255633912
123,24,G_all_focal_noW,47,0.1319501539999237,2.0,0.75,0.9808917197452229,0.9230769230769231,0.8571428571428571,0.9392179636082074,0.9985014985014985,0.9859693877551019,142,1,2,12,157,14,8.92,0.2575527978916957,0.0048790456659379994,0.9917756113302719,0.09418929005574798
123,24,LEGACY_A,44,0.174553885000023,2.0,0.75,0.9872611464968153,0.9285714285714286,0.9285714285714286,0.9607892107892109,0.9995004995004995,0.9952380952380953,142,1,1,13,157,14,8.92,0.280159856331848,6.048281741529616e-08,0.9999995301861155,0.0886772461803281
123,25,E_all_ce_noW,47,0.2026278609999963,2.0,0.75,1.0,1.0,1.0,1.0,1.0,1.0,143,0,0,13,156,13,8.33,0.26994572267736394,6.993748959172049e-08,0.9999986635419289,0.08116585974544832
123,25,G_all_focal_noW,47,0.1569599010000502,2.0,0.75,1.0,1.0,1.0,1.0,1.0,1.0,143,0,0,13,156,13,8.33,0.2631028769239069,0.0034042938016393765,0.9927859804883421,0.0900906768996438
123,25,LEGACY_A,44,0.17809376299999258,2.0,0.75,1.0,1.0,1.0,1.0,1.0,1.0,143,0,0,13,156,13,8.33,0.2733135736436994,8.283983683314989e-08,0.9999995225789965,0.08240994933999254
456,1,E_all_ce_noW,47,0.2086621629999854,2.0,0.75,0.9872611464968153,1.0,0.8571428571428571,0.9580662393162394,1.0,0.9999999999999998,143,0,2,12,157,14,8.92,0.2656225369956443,6.388778549626167e-08,0.9999989014966767,0.07900722649906565
456,1,G_all_focal_noW,47,0.13925538700004836,2.0,0.75,0.9872611464968153,1.0,0.8571428571428571,0.9580662393162394,1.0,0.9999999999999998,143,0,2,12,157,14,8.92,0.25644420037124244,0.0040350966967394415,0.9918879352020864,0.08943659438728349
456,1,LEGACY_A,44,0.14452582399997027,2.0,0.75,0.9872611464968153,1.0,0.8571428571428571,0.9580662393162394,0.999000999000999,0.9901360544217686,143,0,2,12,157,14,8.92,0.25872610103278215,6.140662711414315e-08,0.999999524903817,0.07650336022716347
456,2,E_all_ce_noW,47,0.1627843580000672,2.0,0.75,0.9936305732484076,1.0,0.9285714285714286,0.9797393212027359,0.9995004995004995,0.9952380952380953,143,0,1,13,157,14,8.92,0.2762986030055095,5.968060412703884e-08,0.9999991383743762,0.08662790607756975
456,2,G_all_focal_noW,47,0.13090303600006337,2.0,0.75,0.9936305732484076,1.0,0.9285714285714286,0.9797393212027359,1.0,0.9999999999999999,143,0,1,13,157,14,8.92,0.2667405564174104,0.004029105315486202,0.9942859257755517,0.09513998740219583
456,2,LEGACY_A,44,0.16983454799992614,2.0,0.75,0.9936305732484076,1.0,0.9285714285714286,0.9797393212027359,1.0,1.0,143,0,1,13,157,14,8.92,0.27503547829930947,6.147267754130348e-08,0.9999995747158351,0.08268870166688988
456,3,E_all_ce_noW,47,0.16048697300004733,2.0,0.75,0.9936305732484076,1.0,0.9285714285714286,0.9797393212027359,1.0,0.9999999999999999,143,0,1,13,157,14,8.92,0.2765322693314671,6.801082583908882e-08,0.9999984685700318,0.08586308681988601
456,3,G_all_focal_noW,47,0.13820754799996848,2.0,0.75,0.9936305732484076,0.9333333333333333,1.0,0.981004234724743,1.0,1.0,142,1,0,14,157,14,8.92,0.27427979370887345,0.003395954919648475,0.9962923083073651,0.09846529873093862
456,3,LEGACY_A,44,0.15862728599995535,2.0,0.75,1.0,1.0,1.0,1.0,1.0,0.9999999999999999,143,0,0,14,157,14,8.92,0.28020516777424775,4.5721606189878937e-08,0.9999995222740099,0.08769088899858504
456,4,E_all_ce_noW,47,0.15556046200003948,2.0,0.75,1.0,1.0,1.0,1.0,1.0,1.0,143,0,0,14,157,14,8.92,0.28455402175142686,6.74877070654273e-08,0.9999987451009731,0.08929852533854325
456,4,G_all_focal_noW,47,0.1301941369999895,2.0,0.75,0.9936305732484076,0.9333333333333333,1.0,0.981004234724743,1.0,0.9999999999999998,142,1,0,14,157,14,8.92,0.2771474131124887,0.0039446632744695115,0.9923564587680073,0.102413566669694
456,4,LEGACY_A,44,0.17978254499996638,2.0,0.75,1.0,1.0,1.0,1.0,1.0,0.9999999999999999,143,0,0,14,157,14,8.92,0.28533457350490143,4.718640463696528e-08,0.9999995510395381,0.09176778148608761
456,5,E_all_ce_noW,47,0.1774323770000592,2.0,0.75,0.9871794871794872,1.0,0.8461538461538461,0.9548611111111112,0.9940828402366862,0.9530840676351511,143,0,2,11,156,13,8.33,0.248114187252115,7.501992861950445e-08,0.9999988929800727,0.06845908480782407
456,5,G_all_focal_noW,47,0.13840427499997077,2.0,0.75,0.9871794871794872,1.0,0.8461538461538461,0.9548611111111112,0.9919311457772997,0.9476923076923076,143,0,2,11,156,13,8.33,0.23784626521539282,0.004026660446120204,0.9925401727478294,0.08226345770170426
456,5,LEGACY_A,44,0.21197046800000408,2.0,0.75,0.9871794871794872,1.0,0.8461538461538461,0.9548611111111112,0.9940828402366864,0.9553113553113552,143,0,2,11,156,13,8.33,0.2557877763890298,5.3222581384475575e-08,0.9999995610486331,0.07083417809106181
456,6,E_all_ce_noW,47,0.2862666479999234,2.0,0.75,1.0,1.0,1.0,1.0,1.0,0.9999999999999999,143,0,0,14,157,14,8.92,0.2848902604340163,5.0246690969103246e-08,0.9999990777110765,0.08931961060860649
456,6,G_all_focal_noW,47,0.19082074400000693,2.0,0.75,1.0,1.0,1.0,1.0,1.0,1.0,143,0,0,14,157,14,8.92,0.27709715520485767,0.003316595319484652,0.9941774565776551,0.10049829885359976
456,6,LEGACY_A,44,0.2322562739999512,2.0,0.75,1.0,1.0,1.0,1.0,1.0,0.9999999999999998,143,0,0,14,157,14,8.92,0.2849587598579924,3.816634063743462e-08,0.999999617136863,0.08926452768162157
456,7,E_all_ce_noW,47,0.2800328929999978,2.0,0.75,0.9872611464968153,1.0,0.8571428571428571,0.9580662393162394,0.9930069930069929,0.9575091575091574,143,0,2,12,157,14,8.92,0.26358150051116047,1.0405684165484884e-07,0.999998370125365,0.07644685426878178
456,7,G_all_focal_noW,47,0.20446735899997748,2.0,0.75,0.9872611464968153,1.0,0.8571428571428571,0.9580662393162394,0.9935064935064934,0.9590476190476189,143,0,2,12,157,14,8.92,0.24924164082665723,0.0044531890063492655,0.9935001264657431,0.09070286326636538
456,7,LEGACY_A,44,0.2612823169999956,2.0,0.75,0.9808917197452229,0.9230769230769231,0.8571428571428571,0.9392179636082074,0.993006993006993,0.9534313725490196,142,1,2,12,157,14,8.92,0.26805316266978657,6.542704862381591e-08,0.9999995545543557,0.08005197870304111
456,8,E_all_ce_noW,47,0.26382863100002396,2.0,0.75,0.9745222929936306,0.9166666666666666,0.7857142857142857,0.9161324786324787,0.9980019980019981,0.9786891679748823,142,1,3,11,157,14,8.92,0.2526085548827747,1.0270300962163381e-07,0.9999993373140177,0.07460345915081106
456,8,G_all_focal_noW,47,0.17522624800005815,2.0,0.75,0.9808917197452229,0.9230769230769231,0.8571428571428571,0.9392179636082074,0.9980019980019978,0.9786891679748821,142,1,2,12,157,14,8.92,0.25336435564722365,0.0060056317101605345,0.9949106539804324,0.09464442544023724
456,8,LEGACY_A,44,0.22163497100007135,2.0,0.75,0.9681528662420382,0.9090909090909091,0.7142857142857143,0.8913494809688581,0.9960039960039959,0.9617146858743497,142,1,4,10,157,14,8.92,0.2521433973858992,6.473469034335524e-08,0.9999995400927478,0.07173319181340371
456,9,E_all_ce_noW,47,0.2940328109999655,2.0,0.75,1.0,1.0,1.0,1.0,1.0,0.9999999999999998,143,0,0,14,157,14,8.92,0.28435733111063305,5.496036714402618e-08,0.9999993966631374,0.08897504282272484
456,9,G_all_focal_noW,47,0.21101658999998563,2.0,0.75,1.0,1.0,1.0,1.0,1.0,1.0,143,0,0,14,157,14,8.92,0.2737237391806166,0.0033110232817070845,0.9945139700504331,0.09441440110281135
456,9,LEGACY_A,44,0.1961177849999558,2.0,0.75,1.0,1.0,1.0,1.0,1.0,0.9999999999999998,143,0,0,14,157,14,8.92,0.2847029848316455,5.078091830395942e-08,0.9999996062769905,0.08909287293643918
456,10,E_all_ce_noW,47,0.1957643769999322,2.0,0.75,0.9871794871794872,0.9230769230769231,0.9230769230769231,0.9580419580419581,0.9994620763851534,0.9945054945054945,142,1,1,12,156,13,8.33,0.27555144223345507,5.7800842885265816e-08,0.9999990890226605,0.08406037974586714
456,10,G_all_focal_noW,47,0.13685593399998197,2.0,0.75,0.9871794871794872,0.9230769230769231,0.9230769230769231,0.9580419580419581,0.9989241527703067,0.9897435897435898,142,1,1,12,156,13,8.33,0.26791165979761694,0.00346648053589049,0.9949363123864804,0.09317096132804649
456,10,LEGACY_A,44,0.16536775400004444,2.0,0.75,1.0,1.0,1.0,1.0,1.0,1.0,143,0,0,13,156,13,8.33,0.2722762597245804,3.669854589863872e-08,0.9999995812543409,0.08222199514257657
456,11,E_all_ce_noW,47,0.16251725300003272,2.0,0.75,0.9936305732484076,1.0,0.9285714285714286,0.9797393212027359,0.998001998001998,0.9841269841269841,143,0,1,13,157,14,8.92,0.2755142509846116,5.551346897324052e-08,0.9999988445937065,0.08290964601554374
456,11,G_all_focal_noW,47,0.15526302600005693,2.0,0.75,0.9936305732484076,1.0,0.9285714285714286,0.9797393212027359,0.9975024975024975,0.9812030075187969,143,0,1,13,157,14,8.92,0.2671395988811269,0.004036216134375231,0.9932329270094519,0.09228698889014855
456,11,LEGACY_A,44,0.15554342500001894,2.0,0.75,0.9936305732484076,1.0,0.9285714285714286,0.9797393212027359,0.9985014985014985,0.9873949579831931,143,0,1,13,157,14,8.92,0.2755039626584933,5.016459941889077e-08,0.9999995275718621,0.08297402919115336
456,12,E_all_ce_noW,47,0.16226529800007938,2.0,0.75,0.9872611464968153,1.0,0.8571428571428571,0.9580662393162394,0.9935064935064936,0.9568452380952379,143,0,2,12,157,14,8.92,0.25651324891716,8.163088848853582e-08,0.9999988785505765,0.07496513550970345
456,12,G_all_focal_noW,47,0.13977572599992527,2.0,0.75,0.9808917197452229,1.0,0.7857142857142857,0.9348096885813149,0.9945054945054945,0.9606331168831168,143,0,3,11,157,14,8.92,0.2508199250046179,0.003703571124918351,0.993204025382029,0.08967278377063653
456,12,LEGACY_A,44,0.171394652999993,2.0,0.75,0.9681528662420382,0.9090909090909091,0.7142857142857143,0.8913494809688581,0.9855144855144855,0.9124758994506892,142,1,4,10,157,14,8.92,0.25380434694903115,6.453329314094438e-08,0.9999995033378439,0.06997207376242731
456,13,E_all_ce_noW,47,0.1811565339999106,2.0,0.75,0.9936305732484076,1.0,0.9285714285714286,0.9797393212027359,0.9995004995004995,0.9952380952380951,143,0,1,13,157,14,8.92,0.272974778157222,6.237463554721825e-08,0.9999987074501819,0.0822612746219473
456,13,G_all_focal_noW,47,0.1322987070000181,2.0,0.75,0.9936305732484076,1.0,0.9285714285714286,0.9797393212027359,0.9995004995004995,0.9952380952380953,143,0,1,13,157,14,8.92,0.2603398469628496,0.004100023292183772,0.9933949178682682,0.09118726013643329
456,13,LEGACY_A,44,0.15199533499992413,2.0,0.75,0.9936305732484076,1.0,0.9285714285714286,0.9797393212027359,1.0,0.9999999999999999,143,0,1,13,157,14,8.92,0.2724008772728482,4.7254949791794404e-08,0.9999995282988401,0.0829144118522583
456,14,E_all_ce_noW,47,0.16456125499996688,2.0,0.75,0.9745222929936306,0.8571428571428571,0.8571428571428571,0.9215784215784215,0.9960039960039961,0.9673202614379085,141,2,2,12,157,14,8.92,0.28497345821154946,1.0060971985919468e-07,0.9999990516803114,0.08917931981914119
456,14,G_all_focal_noW,47,0.1417494089999991,2.0,0.75,0.9745222929936306,0.8571428571428571,0.8571428571428571,0.9215784215784215,0.9955044955044956,0.9651785714285712,141,2,2,12,157,14,8.92,0.2758000284921133,0.004952028513015028,0.993898933081463,0.09886414788967614
456,14,LEGACY_A,44,0.17743756899994878,2.0,0.75,0.9808917197452229,0.9230769230769231,0.8571428571428571,0.9392179636082074,0.9955044955044955,0.9643962848297212,142,1,2,12,157,14,8.92,0.27549811341869035,6.740090901236186e-08,0.9999995952047369,0.08292865401914912
456,15,E_all_ce_noW,47,0.18910052299997915,2.0,0.75,0.9871794871794872,0.9230769230769231,0.9230769230769231,0.9580419580419581,0.9994620763851534,0.9945054945054943,142,1,1,12,156,13,8.33,0.2697597873334728,6.667669226916566e-08,0.9999992939332087,0.081754491364394
456,15,G_all_focal_noW,47,0.13758938900002704,2.0,0.75,0.9935897435897436,1.0,0.9230769230769231,0.9782578397212544,0.9994620763851534,0.9945054945054943,143,0,1,12,156,13,8.33,0.26096841515855634,0.003975612903823691,0.9945652817316358,0.09243013967324568
456,15,LEGACY_A,44,0.17746941300003982,2.0,0.75,0.9935897435897436,1.0,0.9230769230769231,0.9782578397212544,0.9989241527703067,0.9897435897435898,143,0,1,12,156,13,8.33,0.2663594064739832,5.964194897298687e-08,0.9999996174612955,0.07751998397087696
456,16,E_all_ce_noW,47,0.16555637900000875,2.0,0.75,0.9808917197452229,0.9230769230769231,0.8571428571428571,0.9392179636082074,0.9935064935064936,0.9552197802197802,142,1,2,12,157,14,8.92,0.2629002487351374,6.838389507892808e-08,0.999999077491737,0.07919900338526169
456,16,G_all_focal_noW,47,0.1356724849999864,2.0,0.75,0.9872611464968153,1.0,0.8571428571428571,0.9580662393162394,0.9900099900099901,0.9502976190476189,143,0,2,12,157,14,8.92,0.2576570697107594,0.005411360536095782,0.9933209436378144,0.09233208037827464
456,16,LEGACY_A,44,0.16499138900007893,2.0,0.75,0.9872611464968153,1.0,0.8571428571428571,0.9580662393162394,0.9785214785214785,0.9413265306122447,143,0,2,12,157,14,8.92,0.2655097701713911,4.751490170345006e-08,0.9999995711821077,0.0766060483045801
456,17,E_all_ce_noW,47,0.17586570499997833,2.0,0.75,1.0,1.0,1.0,1.0,1.0,1.0,143,0,0,14,157,14,8.92,0.28465359199655094,5.4738316710735484e-08,0.9999988764400677,0.08950683572123909
456,17,G_all_focal_noW,47,0.13427442199997586,2.0,0.75,1.0,1.0,1.0,1.0,1.0,1.0,143,0,0,14,157,14,8.92,0.2769955168161498,0.00337749189427067,0.99314014579954,0.10112203821916285
456,17,LEGACY_A,44,0.1552719100000104,2.0,0.75,0.9936305732484076,0.9333333333333333,1.0,0.981004234724743,1.0,0.9999999999999999,142,1,0,14,157,14,8.92,0.28758195197965947,4.342846317625637e-08,0.9999996108403977,0.0929570741282235
456,18,E_all_ce_noW,47,0.1709390109999731,2.0,0.75,0.9872611464968153,0.875,1.0,0.9631455399061033,0.9985014985014985,0.9846415489272632,141,2,0,14,157,14,8.92,0.2993331560374954,5.600873139735977e-08,0.9999993877378337,0.10130220635886296
456,18,G_all_focal_noW,47,0.1291559280000456,2.0,0.75,0.9872611464968153,0.875,1.0,0.9631455399061033,0.999000999000999,0.9901360544217686,141,2,0,14,157,14,8.92,0.2832332396543876,0.004228494126850005,0.9906154821232392,0.1076114583413631
456,18,LEGACY_A,44,0.15845615499995347,2.0,0.75,0.9936305732484076,0.9333333333333333,1.0,0.981004234724743,1.0,0.9999999999999998,142,1,0,14,157,14,8.92,0.2943715738985295,3.6058733859812136e-08,0.9999995812387363,0.09801674501528809
456,19,E_all_ce_noW,47,0.18073883600004592,2.0,0.75,0.9872611464968153,1.0,0.8571428571428571,0.9580662393162394,1.0,1.0,143,0,2,12,157,14,8.92,0.26014677331250924,7.788149564980829e-08,0.9999993638594092,0.07788529048062853
456,19,G_all_focal_noW,47,0.15091217700000925,2.0,0.75,1.0,1.0,1.0,1.0,1.0,0.9999999999999998,143,0,0,14,157,14,8.92,0.26208743732943834,0.005283354377163974,0.9941015129856424,0.09485057148782985
456,19,LEGACY_A,44,0.15147363200003383,2.0,0.75,0.9936305732484076,1.0,0.9285714285714286,0.9797393212027359,1.0,0.9999999999999998,143,0,1,13,157,14,8.92,0.27111386837186613,6.758825122563964e-08,0.9999995844077432,0.0819447325585107
456,20,E_all_ce_noW,47,0.1676358250000476,2.0,0.75,0.9935897435897436,1.0,0.9230769230769231,0.9782578397212544,1.0,0.9999999999999998,143,0,1,12,156,13,8.33,0.26227892516119755,7.206991803199552e-08,0.9999994881222527,0.07750327814482819
456,20,G_all_focal_noW,47,0.14382247200001075,2.0,0.75,0.9935897435897436,1.0,0.9230769230769231,0.9782578397212544,0.9994620763851534,0.9945054945054945,143,0,1,12,156,13,8.33,0.2550115680535116,0.0049720530983796704,0.993665541522734,0.08936853535652992
456,20,LEGACY_A,44,0.15678314000001592,2.0,0.75,1.0,1.0,1.0,1.0,1.0,1.0,143,0,0,13,156,13,8.33,0.27419745551063635,5.1453212803307974e-08,0.9999995935770629,0.08327107164815696
456,21,E_all_ce_noW,47,0.16256385799999862,2.0,0.75,0.9808917197452229,0.9230769230769231,0.8571428571428571,0.9392179636082074,0.9980019980019981,0.9786891679748823,142,1,2,12,157,14,8.92,0.26787968299477105,9.64724713328511e-08,0.999998952143978,0.08105765756383873
456,21,G_all_focal_noW,47,0.15312358300002415,2.0,0.75,0.9872611464968153,0.9285714285714286,0.9285714285714286,0.9607892107892109,0.9975024975024975,0.9721956614813758,142,1,1,13,157,14,8.92,0.25666561879713057,0.0057255711319124285,0.9917880845071556,0.09281442263980627
456,21,LEGACY_A,44,0.16637044599997353,2.0,0.75,0.9808917197452229,0.9230769230769231,0.8571428571428571,0.9392179636082074,0.999000999000999,0.9901360544217687,142,1,2,12,157,14,8.92,0.2733809714798407,6.3915770463878e-08,0.9999995666038091,0.08268521639589635
456,22,E_all_ce_noW,47,0.2863994060001005,2.0,0.75,1.0,1.0,1.0,1.0,1.0,1.0,143,0,0,14,157,14,8.92,0.2849425343307635,4.691893655477174e-08,0.9999988612602444,0.08934136381575794
456,22,G_all_focal_noW,47,0.19799960199998168,2.0,0.75,1.0,1.0,1.0,1.0,0.9999999999999999,1.0,143,0,0,14,157,14,8.92,0.2786926870292313,0.00339515830385826,0.9934816212210458,0.10003680494992134
456,22,LEGACY_A,44,0.26223093800001607,2.0,0.75,1.0,1.0,1.0,1.0,1.0,1.0,143,0,0,14,157,14,8.92,0.2848842418479246,3.518467791286855e-08,0.9999996199948079,0.08956968488757747
456,23,E_all_ce_noW,47,0.24405031999992843,2.0,0.75,0.9681528662420382,0.8,0.8571428571428571,0.9050211736237144,0.9965034965034966,0.970734126984127,140,3,2,12,157,14,8.92,0.2774590296737879,8.114006492560312e-08,0.999999347310839,0.09141196044589915
456,23,G_all_focal_noW,47,0.22046883899997738,2.0,0.75,0.9681528662420382,0.8,0.8571428571428571,0.9050211736237144,0.996003996003996,0.9673202614379084,140,3,2,12,157,14,8.92,0.26733107578423343,0.0036667971424392955,0.9935213415219442,0.10028872297497282
456,23,LEGACY_A,44,0.2520406260000527,2.0,0.75,0.9936305732484076,0.9333333333333333,1.0,0.981004234724743,1.0,0.9999999999999999,142,1,0,14,157,14,8.92,0.2894433006249631,6.478761232659693e-08,0.9999995981351156,0.09649925341788679
456,24,E_all_ce_noW,47,0.29204405300004055,2.0,0.75,1.0,1.0,1.0,1.0,1.0,0.9999999999999998,143,0,0,14,157,14,8.92,0.28475184754084676,6.115016110388878e-08,0.999999395276816,0.0895664099431896
456,24,G_all_focal_noW,47,0.24748459399995681,2.0,0.75,1.0,1.0,1.0,1.0,1.0,0.9999999999999999,143,0,0,14,157,14,8.92,0.2760486615125197,0.0031075490804735035,0.9954004738178649,0.09572369454352886
456,24,LEGACY_A,44,0.23661199900004704,2.0,0.75,1.0,1.0,1.0,1.0,1.0,0.9999999999999998,143,0,0,14,157,14,8.92,0.284446943941553,3.405698672550643e-08,0.9999996568363,0.08923091307530509
456,25,E_all_ce_noW,47,0.3081807180000169,2.0,0.75,0.9807692307692307,0.9166666666666666,0.8461538461538461,0.9347735191637631,0.9967724583109198,0.9695730363151176,142,1,2,11,156,13,8.33,0.2565259001679599,8.659706681096057e-08,0.9999984947788436,0.07433993819765061
456,25,G_all_focal_noW,47,0.19797258500000225,2.0,0.75,0.9807692307692307,0.9166666666666666,0.8461538461538461,0.9347735191637631,0.9951586874663798,0.9563880788577144,142,1,2,11,156,13,8.33,0.24724723507374943,0.0038882523993572803,0.9890881960937464,0.0857303501177799
456,25,LEGACY_A,44,0.25001342300004126,2.0,0.75,0.9871794871794872,1.0,0.8461538461538461,0.9548611111111112,0.9951586874663798,0.9685314685314683,143,0,2,11,156,13,8.33,0.25633568215453334,6.378125376499483e-08,0.999999422285702,0.07325253604842744
789,1,E_all_ce_noW,47,0.1912883510000256,2.0,0.75,1.0,1.0,1.0,1.0,1.0,0.9999999999999998,143,0,0,14,157,14,8.92,0.2844270158905745,6.78812940213348e-08,0.9999987479391463,0.08933785555349885
789,1,G_all_focal_noW,47,0.13342765699997017,2.0,0.75,1.0,1.0,1.0,1.0,1.0,1.0,143,0,0,14,157,14,8.92,0.2744705222344439,0.00304385537536373,0.9955101140674972,0.10143967791304705
789,1,LEGACY_A,44,0.16157241900009467,2.0,0.75,1.0,1.0,1.0,1.0,1.0,0.9999999999999999,143,0,0,14,157,14,8.92,0.2847617999608116,6.152244228910063e-08,0.9999995659050617,0.08988017927437388
789,2,E_all_ce_noW,47,0.17787805599994044,2.0,0.75,0.9936305732484076,1.0,0.9285714285714286,0.9797393212027359,1.0,0.9999999999999999,143,0,1,13,157,14,8.92,0.26598670793879364,9.020865236143732e-08,0.9999989019033947,0.0822329761185806
789,2,G_all_focal_noW,47,0.1535216129999526,2.0,0.75,0.9808917197452229,0.9230769230769231,0.8571428571428571,0.9392179636082074,0.999000999000999,0.9901360544217688,142,1,2,12,157,14,8.92,0.25354999823889984,0.005076989907597023,0.9934110450747329,0.09260301408809593
789,2,LEGACY_A,44,0.1505924570000161,2.0,0.75,0.9936305732484076,1.0,0.9285714285714286,0.9797393212027359,0.9990009990009989,0.9910714285714286,143,0,1,13,157,14,8.92,0.2765169747602432,6.676229466641734e-08,0.9999995828485145,0.08565945033855986
789,3,E_all_ce_noW,47,0.16023384400000396,2.0,0.75,1.0,1.0,1.0,1.0,1.0,0.9999999999999999,143,0,0,14,157,14,8.92,0.27829969050011105,6.683927778893728e-08,0.999999075726017,0.08710409836674309
789,3,G_all_focal_noW,47,0.1550546990000612,2.0,0.75,0.9936305732484076,1.0,0.9285714285714286,0.9797393212027359,1.0,0.9999999999999999,143,0,1,13,157,14,8.92,0.26871928893057284,0.0040462885360851245,0.9940493679424001,0.09838728195621096
789,3,LEGACY_A,44,0.14600066599996353,2.0,0.75,1.0,1.0,1.0,1.0,1.0,0.9999999999999999,143,0,0,14,157,14,8.92,0.2803197474384385,4.274554702213881e-08,0.9999996763380996,0.08829318412126559
789,4,E_all_ce_noW,47,0.16468229899999187,2.0,0.75,0.9872611464968153,0.9285714285714286,0.9285714285714286,0.9607892107892109,0.996003996003996,0.974025974025974,142,1,1,13,157,14,8.92,0.28482302646859714,5.600131035393843e-08,0.9999985739478189,0.0891220566651475
789,4,G_all_focal_noW,47,0.12319288799994865,2.0,0.75,0.9872611464968153,0.9285714285714286,0.9285714285714286,0.9607892107892109,0.9965034965034965,0.9761904761904763,142,1,1,13,157,14,8.92,0.2742250644613827,0.004091860194954361,0.9929961278499445,0.09544476334337994
789,4,LEGACY_A,44,0.14172323999991931,2.0,0.75,0.9872611464968153,0.9285714285714286,0.9285714285714286,0.9607892107892109,0.9950049950049951,0.9702380952380952,142,1,1,13,157,14,8.92,0.278924356752377,6.006034959094171e-08,0.9999995199190337,0.08691408689284792
789,5,E_all_ce_noW,47,0.16680081900005916,2.0,0.75,0.9871794871794872,0.9230769230769231,0.9230769230769231,0.9580419580419581,0.9994620763851533,0.9945054945054945,142,1,1,12,156,13,8.33,0.2742623776406524,6.448100817553302e-08,0.9999991925871716,0.08278567835699972
789,5,G_all_focal_noW,47,0.15798278399995525,2.0,0.75,0.9871794871794872,0.9230769230769231,0.9230769230769231,0.9580419580419581,0.9994620763851534,0.9945054945054943,142,1,1,12,156,13,8.33,0.26435596486064683,0.003984257202951133,0.9941594181827352,0.09197244943345091
789,5,LEGACY_A,44,0.18091949600000135,2.0,0.75,0.9935897435897436,1.0,0.9230769230769231,0.9782578397212544,1.0,1.0,143,0,1,12,156,13,8.33,0.266441969717202,4.9110817574401245e-08,0.9999995879572351,0.07698766970345802
789,6,E_all_ce_noW,47,0.14964388299995335,2.0,0.75,0.9872611464968153,1.0,0.8571428571428571,0.9580662393162394,0.9945054945054945,0.9685714285714285,143,0,2,12,157,14,8.92,0.263558984460223,7.254474761451816e-08,0.9999987841181541,0.07613719578167807
789,6,G_all_focal_noW,47,0.1452079360000198,2.0,0.75,0.9872611464968153,1.0,0.8571428571428571,0.9580662393162394,0.989010989010989,0.9563492063492063,143,0,2,12,157,14,8.92,0.248415611059078,0.004399883026615224,0.992776797404298,0.0846283869842663
789,6,LEGACY_A,44,0.1660264529999722,2.0,0.75,0.9872611464968153,1.0,0.8571428571428571,0.9580662393162394,0.9925074925074925,0.9630541871921183,143,0,2,12,157,14,8.92,0.26561397782491725,6.208485864489881e-08,0.9999995989324056,0.07642409241405691
789,7,E_all_ce_noW,47,0.160800393000045,2.0,0.75,0.9936305732484076,1.0,0.9285714285714286,0.9797393212027359,1.0,0.9999999999999999,143,0,1,13,157,14,8.92,0.274785602869216,5.183880347456986e-08,0.9999993635297738,0.08325038197872689
789,7,G_all_focal_noW,47,0.1305015770000182,2.0,0.75,0.9936305732484076,1.0,0.9285714285714286,0.9797393212027359,1.0,0.9999999999999998,143,0,1,13,157,14,8.92,0.26313382029520954,0.0037186562182973575,0.9938288885940452,0.09090943924472113
789,7,LEGACY_A,44,0.1606296409999004,2.0,0.75,1.0,1.0,1.0,1.0,1.0,1.0,143,0,0,14,157,14,8.92,0.2838294761588813,4.707952819979403e-08,0.9999995934405325,0.08915847642222592
789,8,E_all_ce_noW,47,0.15950605299997278,2.0,0.75,0.9872611464968153,1.0,0.8571428571428571,0.9580662393162394,0.999000999000999,0.9910714285714284,143,0,2,12,157,14,8.92,0.26627307106571146,5.704950498964662e-08,0.9999994391977715,0.07945957904789068
789,8,G_all_focal_noW,47,0.1385177180000028,2.0,0.75,0.9872611464968153,1.0,0.8571428571428571,0.9580662393162394,0.9975024975024974,0.9812030075187967,143,0,2,12,157,14,8.92,0.26127819347317466,0.003441436499928253,0.9917768259845324,0.09311317639891384
789,8,LEGACY_A,44,0.19278818899999806,2.0,0.75,0.9936305732484076,1.0,0.9285714285714286,0.9797393212027359,1.0,0.9999999999999998,143,0,1,13,157,14,8.92,0.27086597333555046,5.791085694320805e-08,0.99999962746646,0.0815255759924247
789,9,E_all_ce_noW,47,0.16263494800000444,2.0,0.75,1.0,1.0,1.0,1.0,1.0,0.9999999999999998,143,0,0,14,157,14,8.92,0.2844560641554876,8.389067814449645e-08,0.9999988724987161,0.09031940879802272
789,9,G_all_focal_noW,47,0.12833438500001648,2.0,0.75,0.9936305732484076,0.9333333333333333,1.0,0.981004234724743,1.0,0.9999999999999998,142,1,0,14,157,14,8.92,0.27674943394052853,0.005108922217396774,0.9925820417159595,0.10127537126746808
789,9,LEGACY_A,44,0.13765379500000563,2.0,0.75,1.0,1.0,1.0,1.0,1.0,0.9999999999999998,143,0,0,14,157,14,8.92,0.28460310327261357,5.596054833020352e-08,0.9999995082649071,0.09105803586612081
789,10,E_all_ce_noW,47,0.17974446900007024,2.0,0.75,0.9807692307692307,0.8571428571428571,0.9230769230769231,0.9391812865497076,0.9967724583109199,0.9669202592279513,141,2,1,12,156,13,8.33,0.2856917072225464,6.126220485028415e-08,0.99999791327353,0.0898668876759651
789,10,G_all_focal_noW,47,0.14319497700000738,2.0,0.75,0.9807692307692307,0.8571428571428571,0.9230769230769231,0.9391812865497076,0.9978483055406132,0.9774161735700195,141,2,1,12,156,13,8.33,0.27472420848571405,0.004190299612482597,0.9913304389412576,0.1020026737182359
789,10,LEGACY_A,44,0.18461182200007897,2.0,0.75,0.9807692307692307,0.8571428571428571,0.9230769230769231,0.9391812865497076,0.9978483055406132,0.9819004524886876,141,2,1,12,156,13,8.33,0.2844201454099483,5.770896364924784e-08,0.9999994849016232,0.09330207456985172
789,11,E_all_ce_noW,47,0.16532393500006037,2.0,0.75,0.9745222929936306,1.0,0.7142857142857143,0.9097701149425288,0.9715284715284715,0.8686452436452435,143,0,4,10,157,14,8.92,0.24506295176661824,6.881264806589901e-08,0.9999989520435446,0.06633644212958045
789,11,G_all_focal_noW,47,0.11268695800004025,2.0,0.75,0.9681528662420382,0.9090909090909091,0.7142857142857143,0.8913494809688581,0.9775224775224776,0.8808292282430212,142,1,4,10,157,14,8.92,0.23823870291818833,0.007592597232515495,0.989022871021226,0.08355940818373551
789,11,LEGACY_A,44,0.13264429999992444,2.0,0.75,0.9745222929936306,0.9166666666666666,0.7857142857142857,0.9161324786324787,0.9605394605394605,0.8538555666168905,142,1,3,11,157,14,8.92,0.25851844286880293,3.588080166967014e-08,0.9999996392830832,0.07450801442993392
789,12,E_all_ce_noW,47,0.15539612099996702,2.0,0.75,0.9936305732484076,0.9333333333333333,1.0,0.981004234724743,1.0,0.9999999999999998,142,1,0,14,157,14,8.92,0.28589544447847887,8.490458078780767e-08,0.9999990712617125,0.09387027802700472
789,12,G_all_focal_noW,47,0.1262593440000046,2.0,0.75,0.9936305732484076,0.9333333333333333,1.0,0.981004234724743,0.999000999000999,0.9901360544217686,142,1,0,14,157,14,8.92,0.26977722541552224,0.0032886295215098474,0.9943701063884786,0.09955886420055049
789,12,LEGACY_A,44,0.16457998599992152,2.0,0.75,1.0,1.0,1.0,1.0,1.0,1.0,143,0,0,14,157,14,8.92,0.2811181517602714,5.885706032512755e-08,0.9999995720380235,0.0910509605755365
789,13,E_all_ce_noW,47,0.2686106290000225,2.0,0.75,0.9936305732484076,1.0,0.9285714285714286,0.9797393212027359,1.0,0.9999999999999998,143,0,1,13,157,14,8.92,0.27631638744149645,6.866054099223245e-08,0.9999994881610559,0.08505894280714293
789,13,G_all_focal_noW,47,0.19475113099997543,2.0,0.75,0.9936305732484076,1.0,0.9285714285714286,0.9797393212027359,1.0,0.9999999999999998,143,0,1,13,157,14,8.92,0.2673130594431629,0.004823717598874168,0.992555759069556,0.09527176519877571
789,13,LEGACY_A,44,0.24186473399993247,2.0,0.75,1.0,1.0,1.0,1.0,1.0,0.9999999999999999,143,0,0,14,157,14,8.92,0.28502834095606483,7.749195749824085e-08,0.9999995482120043,0.09074239467562424
789,14,E_all_ce_noW,47,0.2640069169999606,2.0,0.75,0.9936305732484076,1.0,0.9285714285714286,0.9797393212027359,1.0,0.9999999999999999,143,0,1,13,157,14,8.92,0.27552631894420415,5.994570937324581e-08,0.999999179099764,0.08288151070807173
789,14,G_all_focal_noW,47,0.1942133879999801,2.0,0.75,0.9936305732484076,1.0,0.9285714285714286,0.9797393212027359,1.0,0.9999999999999999,143,0,1,13,157,14,8.92,0.2678390853647242,0.0028943708834241783,0.9943331474970007,0.0911092910638952
789,14,LEGACY_A,44,0.27194342899997537,2.0,0.75,0.9936305732484076,1.0,0.9285714285714286,0.9797393212027359,1.0,0.9999999999999998,143,0,1,13,157,14,8.92,0.27550960021266113,5.580964963159465e-08,0.9999995967554552,0.08315055473402876
789,15,E_all_ce_noW,47,0.2701432979999936,2.0,0.75,0.9935897435897436,0.9285714285714286,1.0,0.9797270955165691,0.9994620763851533,0.9945054945054945,142,1,0,13,156,13,8.33,0.284020403602893,6.52886387040456e-08,0.9999991232080065,0.08989348193228221
789,15,G_all_focal_noW,47,0.20636355699991782,2.0,0.75,0.9935897435897436,0.9285714285714286,1.0,0.9797270955165691,0.9994620763851534,0.9945054945054945,142,1,0,13,156,13,8.33,0.27712177240478925,0.004033908909647931,0.9947345045322075,0.09950042402899928
789,15,LEGACY_A,44,0.29854299700002684,2.0,0.75,1.0,1.0,1.0,1.0,1.0,0.9999999999999998,143,0,0,13,156,13,8.33,0.2763173841982135,4.980115656361151e-08,0.9999996037381873,0.08342145906344843
789,16,E_all_ce_noW,47,0.27713917400001264,2.0,0.75,0.9936305732484076,1.0,0.9285714285714286,0.9797393212027359,0.999000999000999,0.9910714285714286,143,0,1,13,157,14,8.92,0.27352697269575615,9.254031197180501e-08,0.9999989549479386,0.0829099089052747
789,16,G_all_focal_noW,47,0.2128305779999664,2.0,0.75,0.9936305732484076,1.0,0.9285714285714286,0.9797393212027359,0.9995004995004995,0.9952380952380953,143,0,1,13,157,14,8.92,0.26059062966862284,0.0038329595061303945,0.993194626354952,0.09433879518254021
789,16,LEGACY_A,44,0.2564827060000425,2.0,0.75,0.9936305732484076,1.0,0.9285714285714286,0.9797393212027359,0.9995004995004995,0.9952380952380951,143,0,1,13,157,14,8.92,0.2743900219915841,5.8405796396149377e-08,0.9999995165536982,0.08370890572322714
789,17,E_all_ce_noW,47,0.16201055500005168,2.0,0.75,0.9936305732484076,1.0,0.9285714285714286,0.9797393212027359,1.0,1.0,143,0,1,13,157,14,8.92,0.27525147651262244,6.225187106462946e-08,0.999999521122408,0.08336344259828239
789,17,G_all_focal_noW,47,0.1488781259999996,2.0,0.75,0.9936305732484076,1.0,0.9285714285714286,0.9797393212027359,1.0,0.9999999999999999,143,0,1,13,157,14,8.92,0.2648208953068761,0.0042586275175095,0.9939196931216425,0.08985297204535905
789,17,LEGACY_A,44,0.14546213799997076,2.0,0.75,1.0,1.0,1.0,1.0,1.0,0.9999999999999999,143,0,0,14,157,14,8.92,0.2848939000044445,4.080584724487391e-08,0.9999995650771845,0.08914285606005999
789,18,E_all_ce_noW,47,0.16249317599999813,2.0,0.75,0.9936305732484076,0.9333333333333333,1.0,0.981004234724743,0.9995004995004995,0.9952380952380953,142,1,0,14,157,14,8.92,0.2926250166140092,5.041073710640023e-08,0.9999988840905032,0.09510818379000065
789,18,G_all_focal_noW,47,0.1235005360000514,2.0,0.75,0.9936305732484076,0.9333333333333333,1.0,0.981004234724743,0.999000999000999,0.9901360544217686,142,1,0,14,157,14,8.92,0.27875639810353714,0.003623532638369141,0.9955560621769267,0.10041043330624601
789,18,LEGACY_A,44,0.14576380200003314,2.0,0.75,0.9936305732484076,0.9333333333333333,1.0,0.981004234724743,1.0,1.0,142,1,0,14,157,14,8.92,0.2866775886826941,4.8338071440454676e-08,0.999999547779626,0.09246664915050966
789,19,E_all_ce_noW,47,0.15105177800001002,2.0,0.75,0.9872611464968153,1.0,0.8571428571428571,0.9580662393162394,0.9960039960039959,0.974025974025974,143,0,2,12,157,14,8.92,0.26549653654898697,8.015437662266376e-08,0.9999988649792217,0.07741430634431018
789,19,G_all_focal_noW,47,0.13164289099995585,2.0,0.75,0.9872611464968153,1.0,0.8571428571428571,0.9580662393162394,0.99000999000999,0.9502976190476189,143,0,2,12,157,14,8.92,0.2579302446374915,0.004515148577888965,0.992185578248674,0.08873387145638174
789,19,LEGACY_A,44,0.1431968470000129,2.0,0.75,0.9872611464968153,1.0,0.8571428571428571,0.9580662393162394,0.9935064935064936,0.9656084656084656,143,0,2,12,157,14,8.92,0.26560680523011626,6.222110825503203e-08,0.9999995613659959,0.0768918172458979
789,20,E_all_ce_noW,47,0.17715077500008647,2.0,0.75,0.9871794871794872,0.9230769230769231,0.9230769230769231,0.9580419580419581,0.9994620763851533,0.9945054945054943,142,1,1,12,156,13,8.33,0.2725973347943458,6.005837135568858e-08,0.9999993249308724,0.08302290527214187
789,20,G_all_focal_noW,47,0.14012743099999625,2.0,0.75,0.9871794871794872,0.9230769230769231,0.9230769230769231,0.9580419580419581,0.9994620763851533,0.9945054945054943,142,1,1,12,156,13,8.33,0.26463626258972733,0.003503247782822784,0.9952693625750364,0.09587094497757895
789,20,LEGACY_A,44,0.17708212799993817,2.0,0.75,1.0,1.0,1.0,1.0,1.0,0.9999999999999998,143,0,0,13,156,13,8.33,0.27196699763325877,4.8001955882182324e-08,0.9999996302830724,0.08252312911569541
789,21,E_all_ce_noW,47,0.1730088250000108,2.0,0.75,0.9936305732484076,1.0,0.9285714285714286,0.9797393212027359,0.9965034965034966,0.976190476190476,143,0,1,13,157,14,8.92,0.2707940864836041,7.229937751635587e-08,0.9999988309976094,0.08122810350572277
789,21,G_all_focal_noW,47,0.15209484900003645,2.0,0.75,0.9872611464968153,1.0,0.8571428571428571,0.9580662393162394,0.9965034965034966,0.976190476190476,143,0,2,12,157,14,8.92,0.25857021664727137,0.00446617930710083,0.9930571605464807,0.08892961942505413
789,21,LEGACY_A,44,0.15251007100005154,2.0,0.75,0.9936305732484076,1.0,0.9285714285714286,0.9797393212027359,0.99000999000999,0.9579831932773109,143,0,1,13,157,14,8.92,0.2750770679656759,3.568355091782404e-08,0.999999572131787,0.08298217040806781
789,22,E_all_ce_noW,47,0.15881597999998576,2.0,0.75,0.9872611464968153,1.0,0.8571428571428571,0.9580662393162394,0.9345654345654346,0.881627719580983,143,0,2,12,157,14,8.92,0.2664297031566937,4.9428600850049473e-08,0.9999991732442973,0.07928859820836358
789,22,G_all_focal_noW,47,0.13588337999999567,2.0,0.75,0.9872611464968153,1.0,0.8571428571428571,0.9580662393162394,0.864135864135864,0.8700388831331618,143,0,2,12,157,14,8.92,0.26021724312925776,0.004591518040263461,0.9927379604974155,0.08875076251487594
789,22,LEGACY_A,44,0.14071545299998434,2.0,0.75,0.9872611464968153,1.0,0.8571428571428571,0.9580662393162394,0.9535464535464535,0.8892747985551541,143,0,2,12,157,14,8.92,0.26565992200212196,4.397459643160711e-08,0.9999995221419652,0.07824588888917189
789,23,E_all_ce_noW,47,0.16759515100000044,2.0,0.75,1.0,1.0,1.0,1.0,0.9999999999999999,1.0,143,0,0,14,157,14,8.92,0.28469101152184434,6.782076520862448e-08,0.9999992818780875,0.09033509974722627
789,23,G_all_focal_noW,47,0.13837006799997198,2.0,0.75,1.0,1.0,1.0,1.0,1.0,1.0,143,0,0,14,157,14,8.92,0.2738272925381409,0.0030269204560309953,0.9943051260134333,0.10031401094899081
789,23,LEGACY_A,44,0.15192175700008193,2.0,0.75,1.0,1.0,1.0,1.0,1.0,0.9999999999999999,143,0,0,14,157,14,8.92,0.284953799183436,5.355201166244681e-08,0.9999995980812458,0.09125668734366961
789,24,E_all_ce_noW,47,0.17224386700002015,2.0,0.75,0.9617834394904459,0.9,0.6428571428571429,0.8646551724137931,0.9925074925074925,0.9292375283446711,142,1,5,9,157,14,8.92,0.2391393535570574,5.398002188753345e-08,0.9999994063683,0.06331222280186505
789,24,G_all_focal_noW,47,0.11719798900003298,2.0,0.75,0.9617834394904459,0.9,0.6428571428571429,0.8646551724137931,0.993006993006993,0.9325055022008804,142,1,5,9,157,14,8.92,0.2284944097222266,0.004638404970069288,0.9947105500790411,0.07543299197254093
789,24,LEGACY_A,44,0.14033995599993432,2.0,0.75,0.9681528662420382,1.0,0.6428571428571429,0.8827132825339907,0.994005994005994,0.9487262737262736,143,0,5,9,157,14,8.92,0.232375560512691,6.235909598236608e-08,0.9999994882290019,0.05929578815260416
789,25,E_all_ce_noW,47,0.15858217900006366,2.0,0.75,0.9871794871794872,0.9230769230769231,0.9230769230769231,0.9580419580419581,0.9989241527703066,0.9897435897435898,142,1,1,12,156,13,8.33,0.27638611987614164,7.67082692246595e-08,0.9999989699852512,0.08449882068142779
789,25,G_all_focal_noW,47,0.1341717370000879,2.0,0.75,0.9807692307692307,0.8571428571428571,0.9230769230769231,0.9391812865497076,0.9989241527703067,0.9897435897435898,141,2,1,12,156,13,8.33,0.2723200895502343,0.004230503815689094,0.993269562447474,0.09647337954787345
789,25,LEGACY_A,44,0.1502742999999782,2.0,0.75,0.9807692307692307,0.8571428571428571,0.9230769230769231,0.9391812865497076,0.9989241527703067,0.9897435897435896,141,2,1,12,156,13,8.33,0.2844960464321313,5.7074091127330993e-08,0.9999995790113698,0.09108098750254201
1024,1,E_all_ce_noW,47,0.17583065600001646,2.0,0.75,1.0,1.0,1.0,1.0,1.0,0.9999999999999999,143,0,0,14,157,14,8.92,0.28066216452324627,5.154636003993909e-08,0.9999989689926618,0.087639285007092
1024,1,G_all_focal_noW,47,0.12997169999994185,2.0,0.75,1.0,1.0,1.0,1.0,1.0,1.0,143,0,0,14,157,14,8.92,0.27238893820156157,0.003595593061047815,0.9934210053011892,0.09550977652894951
1024,1,LEGACY_A,44,0.14715340599991578,2.0,0.75,1.0,1.0,1.0,1.0,1.0,0.9999999999999999,143,0,0,14,157,14,8.92,0.28494532841522,4.8152691803036546e-08,0.9999995619740776,0.08916609594658328
1024,2,E_all_ce_noW,47,0.14832199699992543,2.0,0.75,0.9872611464968153,1.0,0.8571428571428571,0.9580662393162394,0.9605394605394605,0.8935185185185185,143,0,2,12,157,14,8.92,0.2656718966561311,6.504355784124938e-08,0.9999983782437265,0.07643984711663725
1024,2,G_all_focal_noW,47,0.12117030899992187,2.0,0.75,0.9872611464968153,1.0,0.8571428571428571,0.9580662393162394,0.9105894105894106,0.8758618832148243,143,0,2,12,157,14,8.92,0.2586118578334059,0.004567615333110293,0.9927883434548027,0.08436403557766028
1024,2,LEGACY_A,44,0.1389011929999242,2.0,0.75,0.9872611464968153,1.0,0.8571428571428571,0.9580662393162394,0.9340659340659341,0.8813973482963029,143,0,2,12,157,14,8.92,0.265667020473953,5.4956713003367245e-08,0.9999995148771512,0.07651503162705275
1024,3,E_all_ce_noW,47,0.18814600600001086,2.0,0.75,1.0,1.0,1.0,1.0,1.0,1.0,143,0,0,14,157,14,8.92,0.2838013492592947,3.9714341100759135e-08,0.9999988554687828,0.08886335287538452
1024,3,G_all_focal_noW,47,0.14405091599996922,2.0,0.75,1.0,1.0,1.0,1.0,1.0,1.0,143,0,0,14,157,14,8.92,0.2751865969003242,0.002952867070060044,0.9944051508651542,0.09913939890708169
1024,3,LEGACY_A,44,0.14934439199998906,2.0,0.75,1.0,1.0,1.0,1.0,1.0,1.0,143,0,0,14,157,14,8.92,0.2849648456968482,4.951078557751996e-08,0.9999995736562187,0.08918167837190313
1024,4,E_all_ce_noW,47,0.1486484179999934,2.0,0.75,0.9872611464968153,0.9285714285714286,0.9285714285714286,0.9607892107892109,0.997002997002997,0.9785714285714284,142,1,1,13,157,14,8.92,0.27716777079190147,1.1338830386555606e-07,0.9999991058006297,0.08866043862908966
1024,4,G_all_focal_noW,47,0.12000993700007712,2.0,0.75,0.9745222929936306,0.8125,0.9285714285714286,0.9262910798122066,0.9965034965034965,0.9706064612079648,140,3,1,13,157,14,8.92,0.2641575451961922,0.006737190738458179,0.9921663825762191,0.10251617059609636
1024,4,LEGACY_A,44,0.15966525700002876,2.0,0.75,0.9808917197452229,0.8666666666666667,0.9285714285714286,0.9430127041742287,0.994005994005994,0.9570313744226786,141,2,1,13,157,14,8.92,0.2921381937967937,5.657374291725623e-08,0.9999995681189442,0.0952091268874908
1024,5,E_all_ce_noW,47,0.27287429599994084,2.0,0.75,0.9935897435897436,1.0,0.9230769230769231,0.9782578397212544,1.0,1.0,143,0,1,12,156,13,8.33,0.256813885716139,1.375685562586838e-07,0.9999989783090306,0.07675476128088829
1024,5,G_all_focal_noW,47,0.19024060800006737,2.0,0.75,0.9807692307692307,0.9166666666666666,0.8461538461538461,0.9347735191637631,0.9989241527703066,0.9885883347421809,142,1,2,11,156,13,8.33,0.2502080918389881,0.0044853728013244856,0.9932628516853077,0.0889528695703737
1024,5,LEGACY_A,44,0.2527147650000643,2.0,0.75,0.9935897435897436,1.0,0.9230769230769231,0.9782578397212544,1.0,0.9999999999999998,143,0,1,12,156,13,8.33,0.26378201493375947,5.464457704998973e-08,0.9999995165682135,0.07846928684216851
1024,6,E_all_ce_noW,47,0.24865215900001658,2.0,0.75,0.9872611464968153,1.0,0.8571428571428571,0.9580662393162394,1.0,0.9999999999999998,143,0,2,12,157,14,8.92,0.26695092488613414,5.175390825577598e-08,0.9999992320919818,0.07953369827804571
1024,6,G_all_focal_noW,47,0.19069590300000527,2.0,0.75,1.0,1.0,1.0,1.0,1.0,0.9999999999999999,143,0,0,14,157,14,8.92,0.26472480823844907,0.004083030589231649,0.9944735325536382,0.09177450111516776
1024,6,LEGACY_A,44,0.26075942700003907,2.0,0.75,1.0,1.0,1.0,1.0,1.0,0.9999999999999998,143,0,0,14,157,14,8.92,0.28357806014306053,4.1729597050739806e-08,0.999999617835267,0.08872549827582821
1024,7,E_all_ce_noW,47,0.24828969099996812,2.0,0.75,0.9936305732484076,1.0,0.9285714285714286,0.9797393212027359,0.9995004995004996,0.9952380952380953,143,0,1,13,157,14,8.92,0.2764033534149741,7.494419768603305e-08,0.999999215077109,0.08628849510111251
1024,7,G_all_focal_noW,47,0.1876720429999068,2.0,0.75,0.9936305732484076,1.0,0.9285714285714286,0.9797393212027359,0.9995004995004995,0.9952380952380951,143,0,1,13,157,14,8.92,0.2695240092418404,0.004069085073550976,0.9919739908144196,0.09623435541415437
1024,7,LEGACY_A,44,0.25485333500000706,2.0,0.75,0.9936305732484076,1.0,0.9285714285714286,0.9797393212027359,0.999000999000999,0.9910714285714285,143,0,1,13,157,14,8.92,0.2754963506998145,6.473448817335068e-08,0.9999995609070041,0.08321893787922745
1024,8,E_all_ce_noW,47,0.2517652100000305,2.0,0.75,0.9936305732484076,1.0,0.9285714285714286,0.9797393212027359,0.998001998001998,0.984126984126984,143,0,1,13,157,14,8.92,0.27546557996274357,5.135602738731249e-08,0.9999990586908353,0.08367400677364313
1024,8,G_all_focal_noW,47,0.19872311599999648,2.0,0.75,0.9872611464968153,0.9285714285714286,0.9285714285714286,0.9607892107892109,0.997002997002997,0.9785714285714284,142,1,1,13,157,14,8.92,0.26986848421192505,0.0035097546175033804,0.9946356979112598,0.09685705441761518
1024,8,LEGACY_A,44,0.24800633800009564,2.0,0.75,0.9936305732484076,1.0,0.9285714285714286,0.9797393212027359,0.995004995004995,0.9702380952380951,143,0,1,13,157,14,8.92,0.27552501731495804,4.467547964423862e-08,0.9999995552697448,0.0828216615594404
1024,9,E_all_ce_noW,47,0.2385192570000072,2.0,0.75,0.9872611464968153,0.9285714285714286,0.9285714285714286,0.9607892107892109,0.9985014985014986,0.9873949579831931,142,1,1,13,157,14,8.92,0.27739717562105903,6.762541461690021e-08,0.9999986529351814,0.08809923004445927
1024,9,G_all_focal_noW,47,0.13898576100007176,2.0,0.75,0.9872611464968153,0.9285714285714286,0.9285714285714286,0.9607892107892109,0.999000999000999,0.9910714285714285,142,1,1,13,157,14,8.92,0.266072007931001,0.005334934791955645,0.9901793014092468,0.1001232976523058
1024,9,LEGACY_A,44,0.15529098499996508,2.0,0.75,0.9936305732484076,1.0,0.9285714285714286,0.9797393212027359,0.9995004995004995,0.995238095238095,143,0,1,13,157,14,8.92,0.2753183476354026,5.047768429101579e-08,0.9999995658187077,0.0853745379236456
1024,10,E_all_ce_noW,47,0.16797114700000293,2.0,0.75,0.9871794871794872,0.9230769230769231,0.9230769230769231,0.9580419580419581,0.9994620763851534,0.9945054945054945,142,1,1,12,156,13,8.33,0.27611359413670833,4.7450272545762775e-08,0.9999995645853712,0.08536258784124184
1024,10,G_all_focal_noW,47,0.1320791550000422,2.0,0.75,0.9871794871794872,0.9230769230769231,0.9230769230769231,0.9580419580419581,0.9989241527703067,0.9885883347421809,142,1,1,12,156,13,8.33,0.26268127328852486,0.0035206184790256547,0.9954033223119451,0.09228933236994766
1024,10,LEGACY_A,44,0.15569857100001627,2.0,0.75,1.0,1.0,1.0,1.0,1.0,1.0,143,0,0,13,156,13,8.33,0.2768474194538999,5.1164225447736345e-08,0.9999996150906527,0.08544250244730578
1024,11,E_all_ce_noW,47,0.17337798400001248,2.0,0.75,1.0,1.0,1.0,1.0,1.0,0.9999999999999999,143,0,0,14,157,14,8.92,0.28405757156191574,5.9498159066244715e-08,0.9999988949437945,0.08888361019916212
1024,11,G_all_focal_noW,47,0.14152614899990112,2.0,0.75,1.0,1.0,1.0,1.0,1.0,1.0,143,0,0,14,157,14,8.92,0.27811450193321635,0.0036453600117813596,0.995283281942054,0.09660593372285933
1024,11,LEGACY_A,44,0.14628519300003973,2.0,0.75,1.0,1.0,1.0,1.0,1.0,0.9999999999999998,143,0,0,14,157,14,8.92,0.2847489646695217,5.6922328905554074e-08,0.9999995154307287,0.08933052736173709
1024,12,E_all_ce_noW,47,0.16794145699998353,2.0,0.75,0.9872611464968153,1.0,0.8571428571428571,0.9580662393162394,0.9955044955044955,0.9666666666666666,143,0,2,12,157,14,8.92,0.2430332856861639,1.070528756158324e-07,0.9999984704065472,0.07048906975918372
1024,12,G_all_focal_noW,47,0.11800825099999201,2.0,0.75,0.9872611464968153,1.0,0.8571428571428571,0.9580662393162394,0.9880119880119881,0.9411764705882353,143,0,2,12,157,14,8.92,0.23590194734796477,0.006918844852278397,0.9911267297215473,0.08537864972668158
1024,12,LEGACY_A,44,0.1319892000000209,2.0,0.75,0.9681528662420382,0.8461538461538461,0.7857142857142857,0.8986966060136792,0.9905094905094906,0.9386054421768707,141,2,3,11,157,14,8.92,0.2658499117361013,2.2451950675648037e-07,0.9999994434990548,0.07955996379625868
1024,13,E_all_ce_noW,47,0.15678133500000513,2.0,0.75,0.9936305732484076,1.0,0.9285714285714286,0.9797393212027359,1.0,0.9999999999999999,143,0,1,13,157,14,8.92,0.27396910541744074,6.813501229835744e-08,0.9999993319660614,0.08394054847806195
1024,13,G_all_focal_noW,47,0.17781098900002235,2.0,0.75,0.9936305732484076,1.0,0.9285714285714286,0.9797393212027359,1.0,0.9999999999999999,143,0,1,13,157,14,8.92,0.25827335892370823,0.004326329404282569,0.9932007136967033,0.09073391044269224
1024,13,LEGACY_A,44,0.14980048200004603,2.0,0.75,1.0,1.0,1.0,1.0,1.0,0.9999999999999999,143,0,0,14,157,14,8.92,0.284923021954956,4.392989492696512e-08,0.9999996193312809,0.08918269519969868
1024,14,E_all_ce_noW,47,0.17603786100005436,2.0,0.75,1.0,1.0,1.0,1.0,1.0,0.9999999999999999,143,0,0,14,157,14,8.92,0.2849617565370562,4.403130543494198e-08,0.9999991291123657,0.08916510088546349
1024,14,G_all_focal_noW,47,0.16530105399999684,2.0,0.75,1.0,1.0,1.0,1.0,1.0,0.9999999999999999,143,0,0,14,157,14,8.92,0.27631358947996026,0.003435891818106679,0.9948990669578599,0.09486828170896994
1024,14,LEGACY_A,44,0.2034020580000515,2.0,0.75,1.0,1.0,1.0,1.0,1.0,0.9999999999999999,143,0,0,14,157,14,8.92,0.28498009289866694,5.7098419311081423e-08,0.9999996058507356,0.08917132070565051
1024,15,E_all_ce_noW,47,0.16665347100001782,2.0,0.75,0.9807692307692307,0.8571428571428571,0.9230769230769231,0.9391812865497076,0.9983862291554599,0.9838264299802761,141,2,1,12,156,13,8.33,0.2855652353211617,7.305456315869793e-08,0.9999991203260634,0.08980608338355114
1024,15,G_all_focal_noW,47,0.12927663999994365,2.0,0.75,0.9807692307692307,0.8571428571428571,0.9230769230769231,0.9391812865497076,0.9978483055406131,0.9774161735700198,141,2,1,12,156,13,8.33,0.27322010993037743,0.0047103264748598675,0.993136034483132,0.10244333264274597
1024,15,LEGACY_A,44,0.1491829650000227,2.0,0.75,0.9871794871794872,0.9230769230769231,0.9230769230769231,0.9580419580419581,0.9994620763851533,0.9945054945054943,142,1,1,12,156,13,8.33,0.27684728504322076,6.072615124477271e-08,0.9999996554085291,0.08833873030183755
1024,16,E_all_ce_noW,47,0.16387406399996962,2.0,0.75,1.0,1.0,1.0,1.0,1.0,0.9999999999999999,143,0,0,14,157,14,8.92,0.284321185883717,6.53090685793552e-08,0.999999022052174,0.08920517349383739
1024,16,G_all_focal_noW,47,0.13559531499993227,2.0,0.75,1.0,1.0,1.0,1.0,1.0,0.9999999999999999,143,0,0,14,157,14,8.92,0.2730184388301502,0.003768080793902484,0.9956496301670235,0.09851830835055664
1024,16,LEGACY_A,44,0.1644476000000168,2.0,0.75,1.0,1.0,1.0,1.0,1.0,0.9999999999999999,143,0,0,14,157,14,8.92,0.2858710146948286,4.214986907579056e-08,0.9999996617299042,0.09175574031993369
1024,17,E_all_ce_noW,47,0.15202112500003295,2.0,0.75,0.9872611464968153,1.0,0.8571428571428571,0.9580662393162394,0.9995004995004996,0.9952380952380951,143,0,2,12,157,14,8.92,0.2640585454333835,7.508290475349155e-08,0.9999991212985487,0.07737166496305369
1024,17,G_all_focal_noW,47,0.1301607679999961,2.0,0.75,0.9808917197452229,0.9230769230769231,0.8571428571428571,0.9392179636082074,0.9990009990009989,0.9901360544217687,142,1,2,12,157,14,8.92,0.25730946038309693,0.00422586012843341,0.9929770036022499,0.08880561552546061
1024,17,LEGACY_A,44,0.1422250850000637,2.0,0.75,0.9872611464968153,1.0,0.8571428571428571,0.9580662393162394,1.0,0.9999999999999999,143,0,2,12,157,14,8.92,0.2645563392552475,6.412694293985924e-08,0.99999952978957,0.07635729623321255
1024,18,E_all_ce_noW,47,0.16326276699999198,2.0,0.75,1.0,1.0,1.0,1.0,1.0,1.0,143,0,0,14,157,14,8.92,0.28486244478350536,5.3062437127526e-08,0.9999992311721968,0.0909546622328873
1024,18,G_all_focal_noW,47,0.14209986699995625,2.0,0.75,1.0,1.0,1.0,1.0,1.0,1.0,143,0,0,14,157,14,8.92,0.2752884841470429,0.003323507227901594,0.9943828583509603,0.10162298531623813
1024,18,LEGACY_A,44,0.1643077449999737,2.0,0.75,1.0,1.0,1.0,1.0,1.0,0.9999999999999999,143,0,0,14,157,14,8.92,0.2846737745791944,5.2139823524158284e-08,0.9999996181091779,0.08978990627361819
1024,19,E_all_ce_noW,47,0.1561951329999829,2.0,0.75,0.9936305732484076,1.0,0.9285714285714286,0.9797393212027359,0.9985014985014985,0.9873949579831932,143,0,1,13,157,14,8.92,0.27465215743150106,5.790132949722761e-08,0.9999986521721517,0.08252132607423482
1024,19,G_all_focal_noW,47,0.13617197099995337,2.0,0.75,0.9936305732484076,1.0,0.9285714285714286,0.9797393212027359,0.997002997002997,0.9785714285714286,143,0,1,13,157,14,8.92,0.2658461239089526,0.0033922321339406253,0.9936427109988717,0.09035339841355075
1024,19,LEGACY_A,44,0.15177033500003745,2.0,0.75,0.9936305732484076,1.0,0.9285714285714286,0.9797393212027359,0.98001998001998,0.9470899470899471,143,0,1,13,157,14,8.92,0.2729373303617226,5.3980855407425206e-08,0.9999994977838713,0.08198494450883001
1024,20,E_all_ce_noW,47,0.16068345799999406,2.0,0.75,0.9743589743589743,0.8461538461538461,0.8461538461538461,0.916083916083916,0.9967724583109199,0.9701923076923076,141,2,2,11,156,13,8.33,0.2627551137685602,6.056457321639411e-08,0.9999988320027249,0.07881992597209199
1024,20,G_all_focal_noW,47,0.13091602800000146,2.0,0.75,0.9743589743589743,0.8461538461538461,0.8461538461538461,0.916083916083916,0.9951586874663798,0.9568376068376068,141,2,2,11,156,13,8.33,0.2534062302449251,0.003723902049915039,0.9916344383178239,0.08815368943009254
1024,20,LEGACY_A,44,0.44860486899995067,2.0,0.75,0.9807692307692307,0.9166666666666666,0.8461538461538461,0.9347735191637631,0.9978483055406133,0.9796597633136093,142,1,2,11,156,13,8.33,0.26291012585204604,4.834413962017327e-08,0.9999995953473572,0.07894517813140538
1024,21,E_all_ce_noW,47,0.17591206900010548,2.0,0.75,0.9936305732484076,1.0,0.9285714285714286,0.9797393212027359,1.0,0.9999999999999998,143,0,1,13,157,14,8.92,0.2687048262857357,6.516429872462248e-08,0.9999992251961153,0.08208643966316584
1024,21,G_all_focal_noW,47,0.18393213699994249,2.0,0.75,1.0,1.0,1.0,1.0,1.0,0.9999999999999998,143,0,0,14,157,14,8.92,0.26336137169087726,0.005243556137366963,0.9918763528922636,0.09844560521125245
1024,21,LEGACY_A,44,0.25409106600000086,2.0,0.75,0.9872611464968153,1.0,0.8571428571428571,0.9580662393162394,1.0,0.9999999999999998,143,0,2,12,157,14,8.92,0.2676336203609135,6.254936441346728e-08,0.9999995847946114,0.08148197311234395
1024,22,E_all_ce_noW,47,0.255242466000027,2.0,0.75,0.9872611464968153,0.9285714285714286,0.9285714285714286,0.9607892107892109,0.9945054945054945,0.9651360544217686,142,1,1,13,157,14,8.92,0.27253856715873137,4.550679264974388e-08,0.9999992553260842,0.08474991329622332
1024,22,G_all_focal_noW,47,0.1834117820000074,2.0,0.75,0.9872611464968153,1.0,0.8571428571428571,0.9580662393162394,0.9955044955044955,0.9720496894409936,143,0,2,12,157,14,8.92,0.253892663742362,0.003644402281380549,0.9929278464988203,0.08889489016426613
1024,22,LEGACY_A,44,0.22099484399996072,2.0,0.75,0.9936305732484076,1.0,0.9285714285714286,0.9797393212027359,0.9880119880119881,0.9548872180451127,143,0,1,13,157,14,8.92,0.2753824835649665,4.083671176891583e-08,0.9999995434921051,0.08279187091502692
1024,23,E_all_ce_noW,47,0.2684148790000336,2.0,0.75,0.9936305732484076,1.0,0.9285714285714286,0.9797393212027359,1.0,0.9999999999999999,143,0,1,13,157,14,8.92,0.2687329684080561,5.640547065643902e-08,0.9999990233941592,0.08082271425231674
1024,23,G_all_focal_noW,47,0.20278489000008904,2.0,0.75,0.9936305732484076,1.0,0.9285714285714286,0.9797393212027359,1.0,1.0,143,0,1,13,157,14,8.92,0.2548360534837307,0.004191260237192648,0.9920364594103472,0.08964015676512918
1024,23,LEGACY_A,44,0.2456737490000478,2.0,0.75,0.9936305732484076,1.0,0.9285714285714286,0.9797393212027359,1.0,0.9999999999999999,143,0,1,13,157,14,8.92,0.27327929988989885,5.206502389797218e-08,0.999999523087936,0.08233629389820503
1024,24,E_all_ce_noW,47,0.32113638399994215,2.0,0.75,0.9872611464968153,0.875,1.0,0.9631455399061033,0.999000999000999,0.9910714285714285,141,2,0,14,157,14,8.92,0.29852026894643197,5.6874905161579606e-08,0.9999994242909646,0.10058383068823162
1024,24,G_all_focal_noW,47,0.18482220800001414,2.0,0.75,0.9872611464968153,0.875,1.0,0.9631455399061033,0.999000999000999,0.9910714285714285,141,2,0,14,157,14,8.92,0.288439023823198,0.0037339130032229763,0.9961148961711254,0.10727955650814872
1024,24,LEGACY_A,44,0.2502508759999955,2.0,0.75,0.9936305732484076,0.9333333333333333,1.0,0.981004234724743,1.0,0.9999999999999999,142,1,0,14,157,14,8.92,0.29178813897334993,5.365657789193917e-08,0.9999996487293731,0.0968331470089067
1024,25,E_all_ce_noW,47,0.25870991499994034,2.0,0.75,0.9935897435897436,1.0,0.9230769230769231,0.9782578397212544,0.9994620763851533,0.9945054945054943,143,0,1,12,156,13,8.33,0.26610601618154867,6.965863665261468e-08,0.9999993731001036,0.07788828630930676
1024,25,G_all_focal_noW,47,0.20619890300008592,2.0,0.75,0.9935897435897436,1.0,0.9230769230769231,0.9782578397212544,0.9994620763851534,0.9945054945054945,143,0,1,12,156,13,8.33,0.25295654191572636,0.004118147938016818,0.994869512481892,0.08965720436919832
1024,25,LEGACY_A,44,0.13739073700003246,2.0,0.75,0.9935897435897436,1.0,0.9230769230769231,0.9782578397212544,0.9994620763851533,0.9945054945054945,143,0,1,12,156,13,8.33,0.2657347379389615,6.366155041141883e-08,0.9999995228286848,0.07728352795464982
2048,1,E_all_ce_noW,47,0.1529043930000853,2.0,0.75,0.9936305732484076,1.0,0.9285714285714286,0.9797393212027359,1.0,0.9999999999999999,143,0,1,13,157,14,8.92,0.2755493961007518,6.910798881835659e-08,0.9999991703275521,0.08468011985449984
2048,1,G_all_focal_noW,47,0.13732560400001148,2.0,0.75,0.9936305732484076,1.0,0.9285714285714286,0.9797393212027359,0.9995004995004995,0.9952380952380953,143,0,1,13,157,14,8.92,0.26603657360540134,0.0039579575351698535,0.9928099731977983,0.09393034754808688
2048,1,LEGACY_A,44,0.15295713900002283,2.0,0.75,1.0,1.0,1.0,1.0,1.0,0.9999999999999999,143,0,0,14,157,14,8.92,0.28109144405377384,3.755055631564382e-08,0.9999996235466708,0.08786672992064462
2048,2,E_all_ce_noW,47,0.17377219200000127,2.0,0.75,0.9872611464968153,1.0,0.8571428571428571,0.9580662393162394,0.9975024975024975,0.9790249433106575,143,0,2,12,157,14,8.92,0.26427778900553744,6.259272922928894e-08,0.9999992270045879,0.07809615651467415
2048,2,G_all_focal_noW,47,0.12409032200002912,2.0,0.75,0.9872611464968153,0.9285714285714286,0.9285714285714286,0.9607892107892109,0.997002997002997,0.9761009667024705,142,1,1,13,157,14,8.92,0.2562472268053847,0.004171062949054316,0.9936605805478596,0.09034718591150229
2048,2,LEGACY_A,44,0.14248818099997607,2.0,0.75,0.9872611464968153,1.0,0.8571428571428571,0.9580662393162394,0.9985014985014986,0.9873949579831932,143,0,2,12,157,14,8.92,0.26552436123124135,5.5038108604910407e-08,0.9999995771025622,0.07859709481053358
2048,3,E_all_ce_noW,47,0.17833324100001846,2.0,0.75,0.9872611464968153,0.9285714285714286,0.9285714285714286,0.9607892107892109,0.9985014985014985,0.9859693877551019,142,1,1,13,157,14,8.92,0.28292934988326696,7.50080591623171e-08,0.9999993473704876,0.08865468307903479
2048,3,G_all_focal_noW,47,0.13926545699996495,2.0,0.75,0.9872611464968153,0.9285714285714286,0.9285714285714286,0.9607892107892109,0.9985014985014985,0.9859693877551019,142,1,1,13,157,14,8.92,0.2705592187800129,0.004785010144718528,0.9941271919273035,0.10021454834608592
2048,3,LEGACY_A,44,0.15779641400001765,2.0,0.75,0.9872611464968153,0.9285714285714286,0.9285714285714286,0.9607892107892109,0.9995004995004996,0.9952380952380951,142,1,1,13,157,14,8.92,0.27673269613361456,4.941110410270104e-08,0.9999996020298779,0.08706969738426834
2048,4,E_all_ce_noW,47,0.16119001599997773,2.0,0.75,1.0,1.0,1.0,1.0,1.0,0.9999999999999998,143,0,0,14,157,14,8.92,0.2830405144198068,6.06732871875305e-08,0.9999990439388041,0.0899745869547555
2048,4,G_all_focal_noW,47,0.1389359309999918,2.0,0.75,1.0,1.0,1.0,1.0,1.0,0.9999999999999998,143,0,0,14,157,14,8.92,0.2716743891359253,0.003134347621641438,0.9922639507002528,0.09756599657035835
2048,4,LEGACY_A,44,0.15857618600000478,2.0,0.75,0.9936305732484076,0.9333333333333333,1.0,0.981004234724743,1.0,0.9999999999999998,142,1,0,14,157,14,8.92,0.2886345047934374,4.3321734882760126e-08,0.9999995152770247,0.09351238918454406
2048,5,E_all_ce_noW,47,0.15254343899994183,2.0,0.75,0.9871794871794872,1.0,0.8461538461538461,0.9548611111111112,1.0,0.9999999999999998,143,0,2,11,156,13,8.33,0.256137420021029,8.247836826895062e-08,0.9999992750877246,0.07279187649061375
2048,5,G_all_focal_noW,47,0.12597507099997074,2.0,0.75,0.9935897435897436,1.0,0.9230769230769231,0.9782578397212544,0.9994620763851534,0.9945054945054943,143,0,1,12,156,13,8.33,0.2466602035333332,0.0049233723879901345,0.9946274086137054,0.08457937408522821
2048,5,LEGACY_A,44,0.17914427100004104,2.0,0.75,0.9871794871794872,1.0,0.8461538461538461,0.9548611111111112,1.0,0.9999999999999998,143,0,2,11,156,13,8.33,0.2561114637971175,7.092364652286594e-08,0.9999996406731514,0.07190944035246254
2048,6,E_all_ce_noW,47,0.18194453000000976,2.0,0.75,0.9872611464968153,0.9285714285714286,0.9285714285714286,0.9607892107892109,0.9995004995004995,0.995238095238095,142,1,1,13,157,14,8.92,0.2817004961975612,4.6449907581222384e-08,0.99999929795615,0.0883591240829933
2048,6,G_all_focal_noW,47,0.126273928000046,2.0,0.75,0.9872611464968153,0.9285714285714286,0.9285714285714286,0.9607892107892109,0.999000999000999,0.9901360544217686,142,1,1,13,157,14,8.92,0.2664010123815223,0.003886797792456412,0.9950864190132482,0.09362040797925444
2048,6,LEGACY_A,44,0.14886946299998272,2.0,0.75,0.9936305732484076,1.0,0.9285714285714286,0.9797393212027359,1.0,0.9999999999999998,143,0,1,13,157,14,8.92,0.2759041288832137,4.9572778624964565e-08,0.9999995652197068,0.08462967383266454
2048,7,E_all_ce_noW,47,0.1541292040000144,2.0,0.75,0.9936305732484076,1.0,0.9285714285714286,0.9797393212027359,1.0,0.9999999999999999,143,0,1,13,157,14,8.92,0.2754924670096274,6.584243431615392e-08,0.9999989873612145,0.08292423668299893
2048,7,G_all_focal_noW,47,0.16927097500001764,2.0,0.75,0.9936305732484076,1.0,0.9285714285714286,0.9797393212027359,1.0,0.9999999999999998,143,0,1,13,157,14,8.92,0.26885060844957487,0.0033234982437044557,0.9953558245727688,0.092789288092243
2048,7,LEGACY_A,44,0.14643525599990426,2.0,0.75,0.9936305732484076,1.0,0.9285714285714286,0.9797393212027359,1.0,1.0,143,0,1,13,157,14,8.92,0.2747767074765182,6.315262871655374e-08,0.999999576117873,0.08376711716916797
2048,8,E_all_ce_noW,47,0.16401907199997368,2.0,0.75,0.9872611464968153,1.0,0.8571428571428571,0.9580662393162394,1.0,0.9999999999999998,143,0,2,12,157,14,8.92,0.26712300244762816,5.466403666538212e-08,0.9999988362427722,0.0806926777399818
2048,8,G_all_focal_noW,47,0.13888454400000683,2.0,0.75,0.9936305732484076,1.0,0.9285714285714286,0.9797393212027359,0.9990009990009989,0.9910714285714284,143,0,1,13,157,14,8.92,0.2635983604921037,0.00308449995709673,0.9912528849591093,0.09469043013034388
2048,8,LEGACY_A,44,0.18928616499999862,2.0,0.75,1.0,1.0,1.0,1.0,1.0,0.9999999999999998,143,0,0,14,157,14,8.92,0.2845899007219559,4.51852515758533e-08,0.9999995945077959,0.08997594140764789
2048,9,E_all_ce_noW,47,0.15969914800007246,2.0,0.75,0.9872611464968153,0.9285714285714286,0.9285714285714286,0.9607892107892109,0.9995004995004996,0.9952380952380953,142,1,1,13,157,14,8.92,0.2846902105082306,4.55898250561775e-08,0.9999992356580178,0.08998876616899966
2048,9,G_all_focal_noW,47,0.1324091540000154,2.0,0.75,0.9936305732484076,0.9333333333333333,1.0,0.981004234724743,0.9990009990009989,0.9901360544217688,142,1,0,14,157,14,8.92,0.27558631697513275,0.0031531531488454994,0.9952770356915397,0.10327472304282856
2048,9,LEGACY_A,44,0.14656231399999342,2.0,0.75,0.9936305732484076,0.9333333333333333,1.0,0.981004234724743,0.999000999000999,0.9901360544217687,142,1,0,14,157,14,8.92,0.28987993347375696,3.794593044851084e-08,0.9999996158900514,0.09425532509938196
2048,10,E_all_ce_noW,47,0.18042350800010354,2.0,0.75,0.9935897435897436,1.0,0.9230769230769231,0.9782578397212544,0.9973103819257666,0.9786324786324787,143,0,1,12,156,13,8.33,0.26457604947457264,7.180582763374223e-08,0.9999992047405699,0.07637273464061613
2048,10,G_all_focal_noW,47,0.13193818100000954,2.0,0.75,0.9935897435897436,1.0,0.9230769230769231,0.9782578397212544,0.9903173749327596,0.9553349875930521,143,0,1,12,156,13,8.33,0.24740543194105935,0.003795305624083504,0.9929887942258402,0.0818007769038045
2048,10,LEGACY_A,44,0.14774087599994346,2.0,0.75,0.9935897435897436,1.0,0.9230769230769231,0.9782578397212544,0.9946207638515331,0.9665551839464883,143,0,1,12,156,13,8.33,0.26365026389202045,5.612747797510087e-08,0.9999996429326246,0.07609203530057382
2048,11,E_all_ce_noW,47,0.17263548599999012,2.0,0.75,0.9872611464968153,0.9285714285714286,0.9285714285714286,0.9607892107892109,0.9975024975024974,0.9812030075187967,142,1,1,13,157,14,8.92,0.28389754866444955,7.124112238611869e-08,0.9999991604242374,0.09075789223633747
2048,11,G_all_focal_noW,47,0.15779032300008566,2.0,0.75,0.9872611464968153,0.9285714285714286,0.9285714285714286,0.9607892107892109,0.9970029970029971,0.9785714285714284,142,1,1,13,157,14,8.92,0.2746746450507763,0.0038021790024828357,0.9942188121608596,0.09806868367794498
2048,11,LEGACY_A,44,0.14812506999999187,2.0,0.75,0.9936305732484076,1.0,0.9285714285714286,0.9797393212027359,0.9925074925074925,0.9630541871921181,143,0,1,13,157,14,8.92,0.2754569287223128,4.51370856783687e-08,0.99999959506103,0.08330114524392268
2048,12,E_all_ce_noW,47,0.15660911999998461,2.0,0.75,0.9808917197452229,1.0,0.7857142857142857,0.9348096885813149,0.9960039960039959,0.9673202614379084,143,0,3,11,157,14,8.92,0.2533016827543855,7.705135224199688e-08,0.9999994000647463,0.07045364169215755
2048,12,G_all_focal_noW,47,0.13040409799998542,2.0,0.75,0.9808917197452229,1.0,0.7857142857142857,0.9348096885813149,0.997002997002997,0.9746031746031745,143,0,3,11,157,14,8.92,0.24653229633671614,0.0037181486099362457,0.9955622086320024,0.08750371895310159
2048,12,LEGACY_A,44,0.16015023800002837,2.0,0.75,0.9872611464968153,1.0,0.8571428571428571,0.9580662393162394,0.9995004995004995,0.9952380952380951,143,0,2,12,157,14,8.92,0.26370129241594586,3.8862710028635916e-08,0.9999996299545321,0.07715968005006948
2048,13,E_all_ce_noW,47,0.14600944099993285,2.0,0.75,0.9808917197452229,0.9230769230769231,0.8571428571428571,0.9392179636082074,0.962037962037962,0.8945822102425875,142,1,2,12,157,14,8.92,0.2754013913563006,7.030256855774483e-08,0.9999991836006888,0.08276404452695557
2048,13,G_all_focal_noW,47,0.19641833500008943,2.0,0.75,0.9808917197452229,0.9230769230769231,0.8571428571428571,0.9392179636082074,0.9655344655344655,0.8979727589483686,142,1,2,12,157,14,8.92,0.26472666660588995,0.0049730895933712115,0.9949622969497998,0.09188933933786174
2048,13,LEGACY_A,44,0.21912320999990698,2.0,0.75,0.9808917197452229,0.9230769230769231,0.8571428571428571,0.9392179636082074,0.978021978021978,0.9114512471655328,142,1,2,12,157,14,8.92,0.2753279076966208,6.410535527030528e-08,0.9999994890848986,0.08273999524542826
2048,14,E_all_ce_noW,47,0.26086376000000655,2.0,0.75,1.0,1.0,1.0,1.0,1.0,1.0,143,0,0,14,157,14,8.92,0.28507387896341674,5.937621292989743e-08,0.9999992288484594,0.09091236486379761
2048,14,G_all_focal_noW,47,0.1898073329999761,2.0,0.75,0.9936305732484076,0.9333333333333333,1.0,0.981004234724743,1.0,1.0,142,1,0,14,157,14,8.92,0.2759816561388068,0.0028991845757463733,0.9948646601932813,0.09687719692137796
2048,14,LEGACY_A,44,0.23624824199998784,2.0,0.75,1.0,1.0,1.0,1.0,1.0,0.9999999999999998,143,0,0,14,157,14,8.92,0.2841195131115905,4.939010505321384e-08,0.999999631046703,0.08958851034535084
2048,15,E_all_ce_noW,47,0.25888790500005143,2.0,0.75,0.9871794871794872,1.0,0.8461538461538461,0.9548611111111112,0.9989241527703066,0.9897435897435896,143,0,2,11,156,13,8.33,0.25740546071441617,8.81183231291904e-08,0.9999989725993834,0.07393787908515817
2048,15,G_all_focal_noW,47,0.19915800900002978,2.0,0.75,0.9935897435897436,1.0,0.9230769230769231,0.9782578397212544,0.9983862291554599,0.9855769230769231,143,0,1,12,156,13,8.33,0.251018997680173,0.004488972557473451,0.9911034425825953,0.08841762741282827
2048,15,LEGACY_A,44,0.23337532499999725,2.0,0.75,0.9935897435897436,1.0,0.9230769230769231,0.9782578397212544,1.0,1.0,143,0,1,12,156,13,8.33,0.2593456820350377,8.065938348192606e-08,0.9999994808560217,0.07492931019152721
2048,16,E_all_ce_noW,47,0.2589862049999283,2.0,0.75,0.9808917197452229,0.9230769230769231,0.8571428571428571,0.9392179636082074,0.9865134865134866,0.9436159079016221,142,1,2,12,157,14,8.92,0.2697247739486002,8.368579421331059e-08,0.999999308520478,0.08124098874686995
2048,16,G_all_focal_noW,47,0.16191583300008006,2.0,0.75,0.9745222929936306,0.9166666666666666,0.7857142857142857,0.9161324786324787,0.992007992007992,0.9536891679748822,142,1,3,11,157,14,8.92,0.24678417266538055,0.006445299639911834,0.9925712798534698,0.09295648862287274
2048,16,LEGACY_A,44,0.24030005800000254,2.0,0.75,0.9808917197452229,0.9230769230769231,0.8571428571428571,0.9392179636082074,0.9885114885114885,0.9354937177517822,142,1,2,12,157,14,8.92,0.2709487011009704,3.94648350830664e-08,0.9999995889171749,0.08188228266671116
2048,17,E_all_ce_noW,47,0.28290561599999364,2.0,0.75,0.9872611464968153,1.0,0.8571428571428571,0.9580662393162394,0.9985014985014985,0.985969387755102,143,0,2,12,157,14,8.92,0.26560523745012476,5.812744906145384e-08,0.9999995546442345,0.0767617748933026
2048,17,G_all_focal_noW,47,0.2137386129999186,2.0,0.75,0.9872611464968153,1.0,0.8571428571428571,0.9580662393162394,0.9980019980019981,0.9822929171668666,143,0,2,12,157,14,8.92,0.2596715941415115,0.002956722178624672,0.9945636808392079,0.08815346925209505
2048,17,LEGACY_A,44,0.14933236600006694,2.0,0.75,0.9936305732484076,1.0,0.9285714285714286,0.9797393212027359,1.0,0.9999999999999998,143,0,1,13,157,14,8.92,0.27475933852719164,4.7347683085310673e-08,0.9999996365525143,0.08416272909962383
2048,18,E_all_ce_noW,47,0.19903042600003573,2.0,0.75,0.9936305732484076,0.9333333333333333,1.0,0.981004234724743,0.9995004995004995,0.9952380952380953,142,1,0,14,157,14,8.92,0.29192210706333693,7.073706698399134e-08,0.9999982220855599,0.09518096206499914
2048,18,G_all_focal_noW,47,0.1316281639999488,2.0,0.75,0.9936305732484076,0.9333333333333333,1.0,0.981004234724743,0.9995004995004995,0.9952380952380951,142,1,0,14,157,14,8.92,0.2779252357804462,0.003815548366400929,0.9921352276813363,0.10302177319660014
2048,18,LEGACY_A,44,0.13888082300002225,2.0,0.75,0.9936305732484076,1.0,0.9285714285714286,0.9797393212027359,1.0,0.9999999999999999,143,0,1,13,157,14,8.92,0.2771847910510427,7.322511257775983e-08,0.9999994886220155,0.08607513947193193
2048,19,E_all_ce_noW,47,0.1734077689999367,2.0,0.75,1.0,1.0,1.0,1.0,1.0,1.0,143,0,0,14,157,14,8.92,0.28487075918003185,4.6895018437235386e-08,0.9999993127966456,0.08914052155653959
2048,19,G_all_focal_noW,47,0.14187565700001414,2.0,0.75,1.0,1.0,1.0,1.0,1.0,1.0,143,0,0,14,157,14,8.92,0.277462468282637,0.002648630080002657,0.9957870986790895,0.09675355366330718
2048,19,LEGACY_A,44,0.1461506839999629,2.0,0.75,1.0,1.0,1.0,1.0,1.0,1.0,143,0,0,14,157,14,8.92,0.28490588503887687,4.994841478963187e-08,0.9999995827400048,0.0892378161290579
2048,20,E_all_ce_noW,47,0.1527914690000216,2.0,0.75,0.9935897435897436,1.0,0.9230769230769231,0.9782578397212544,1.0,1.0,143,0,1,12,156,13,8.33,0.266011004845205,6.913904799446166e-08,0.9999992519273723,0.07730884105081254
2048,20,G_all_focal_noW,47,0.15278537999995478,2.0,0.75,0.9935897435897436,1.0,0.9230769230769231,0.9782578397212544,0.9994620763851533,0.9945054945054943,143,0,1,12,156,13,8.33,0.25724184932029187,0.003542191266886597,0.9942302311376165,0.0872736855437038
2048,20,LEGACY_A,44,0.17517089700004362,2.0,0.75,0.9871794871794872,0.9230769230769231,0.9230769230769231,0.9580419580419581,0.9994620763851533,0.9945054945054943,142,1,1,12,156,13,8.33,0.2689129815073993,5.54843520363949e-08,0.9999995613530764,0.08045086245658767
2048,21,E_all_ce_noW,47,0.1543391120000024,2.0,0.75,0.9872611464968153,1.0,0.8571428571428571,0.9580662393162394,0.997002997002997,0.9785714285714286,143,0,2,12,157,14,8.92,0.2615432734427634,8.668187705082693e-08,0.9999987802377771,0.07524461584262393
2048,21,G_all_focal_noW,47,0.1282166400000051,2.0,0.75,0.9872611464968153,1.0,0.8571428571428571,0.9580662393162394,0.9985014985014985,0.9873949579831932,143,0,2,12,157,14,8.92,0.24573356258719048,0.0049930320974232905,0.9925069180672377,0.08336235789763735
2048,21,LEGACY_A,44,0.14227804600000127,2.0,0.75,0.9872611464968153,1.0,0.8571428571428571,0.9580662393162394,0.9845154845154845,0.9423034330011073,143,0,2,12,157,14,8.92,0.2628680500407075,6.693933615195722e-08,0.9999995503145448,0.07571741459601367
2048,22,E_all_ce_noW,47,0.15124175599999035,2.0,0.75,0.9936305732484076,0.9333333333333333,1.0,0.981004234724743,1.0,0.9999999999999999,142,1,0,14,157,14,8.92,0.28022703467138077,8.522593153399311e-08,0.9999982816880914,0.09007902683776808
2048,22,G_all_focal_noW,47,0.12931087500010108,2.0,0.75,0.9936305732484076,0.9333333333333333,1.0,0.981004234724743,0.9995004995004995,0.9952380952380953,142,1,0,14,157,14,8.92,0.27342487455348413,0.003947394251584562,0.9934714008009129,0.10362679815100416
2048,22,LEGACY_A,44,0.14802034100000583,2.0,0.75,0.9936305732484076,0.9333333333333333,1.0,0.981004234724743,0.9995004995004995,0.9952380952380953,142,1,0,14,157,14,8.92,0.2896496974114176,4.074695785255282e-08,0.9999995814898943,0.09411176557525933
2048,23,E_all_ce_noW,47,0.18109474400000636,2.0,0.75,0.9808917197452229,0.8666666666666667,0.9285714285714286,0.9430127041742287,0.9955044955044955,0.9527878983761335,141,2,1,13,157,14,8.92,0.28731888335347405,4.361683422285843e-08,0.9999996935397497,0.09522646604878349
2048,23,G_all_focal_noW,47,0.43600791699998354,2.0,0.75,0.9745222929936306,0.8125,0.9285714285714286,0.9262910798122066,0.9965034965034966,0.9643525242264737,140,3,1,13,157,14,8.92,0.272347208074178,0.0038165578873362287,0.9972332507403268,0.10177941405186575
2048,23,LEGACY_A,44,0.15958184800001618,2.0,0.75,0.9936305732484076,0.9333333333333333,1.0,0.981004234724743,0.9985014985014985,0.9846415489272632,142,1,0,14,157,14,8.92,0.29046261009415,5.2604707247498126e-08,0.999999628837409,0.09793167200337072
2048,24,E_all_ce_noW,47,0.4874845849999474,2.0,0.75,1.0,1.0,1.0,1.0,1.0,0.9999999999999998,143,0,0,14,157,14,8.92,0.2848896301855189,4.966952106778174e-08,0.9999988869188873,0.0902330424271405
2048,24,G_all_focal_noW,47,0.13837804000002052,2.0,0.75,1.0,1.0,1.0,1.0,1.0,0.9999999999999998,143,0,0,14,157,14,8.92,0.2781534482193863,0.0034987571643424263,0.9945358913816262,0.10090241712874862
2048,24,LEGACY_A,44,0.1553197870000531,2.0,0.75,1.0,1.0,1.0,1.0,1.0,0.9999999999999998,143,0,0,14,157,14,8.92,0.2849059883635135,4.692341687348594e-08,0.9999995672592846,0.08954060426607366
2048,25,E_all_ce_noW,47,0.16836601099998916,2.0,0.75,0.9935897435897436,1.0,0.9230769230769231,0.9782578397212544,1.0,1.0,143,0,1,12,156,13,8.33,0.2662653724921406,6.350015050127612e-08,0.9999990918445859,0.07708576234671674
2048,25,G_all_focal_noW,47,0.13325686999996833,2.0,0.75,0.9935897435897436,1.0,0.9230769230769231,0.9782578397212544,1.0,0.9999999999999998,143,0,1,12,156,13,8.33,0.25789325746273273,0.0033079554929639618,0.9958140591492759,0.08429364307746123
2048,25,LEGACY_A,44,0.1482727900000782,2.0,0.75,0.9935897435897436,1.0,0.9230769230769231,0.9782578397212544,1.0,1.0,143,0,1,12,156,13,8.33,0.2650464621089599,6.060635432287843e-08,0.9999995735353366,0.07656207915808218
3333,1,E_all_ce_noW,47,0.16190569599996252,2.0,0.75,0.9808917197452229,1.0,0.7857142857142857,0.9348096885813149,0.9935064935064934,0.9656084656084656,143,0,3,11,157,14,8.92,0.24684308675844735,7.79049229405775e-08,0.9999992675353804,0.06879127021930591
3333,1,G_all_focal_noW,47,0.14329036900005576,2.0,0.75,0.9872611464968153,1.0,0.8571428571428571,0.9580662393162394,0.98001998001998,0.9470899470899472,143,0,2,12,157,14,8.92,0.2416493138641254,0.004994206669642386,0.991655901604358,0.08518564550234783
3333,1,LEGACY_A,44,0.1399564339999415,2.0,0.75,0.9872611464968153,1.0,0.8571428571428571,0.9580662393162394,0.9960039960039959,0.9710884353741496,143,0,2,12,157,14,8.92,0.26065346318335963,8.906403078930731e-08,0.9999995555137786,0.0755444151267472
3333,2,E_all_ce_noW,47,0.15986434600006305,2.0,0.75,0.9872611464968153,0.9285714285714286,0.9285714285714286,0.9607892107892109,0.999000999000999,0.9910714285714285,142,1,1,13,157,14,8.92,0.2781126231017998,6.248738988929833e-08,0.9999990029981359,0.08646815303397626
3333,2,G_all_focal_noW,47,0.1363174489999892,2.0,0.75,0.9872611464968153,0.9285714285714286,0.9285714285714286,0.9607892107892109,0.9985014985014985,0.9873949579831931,142,1,1,13,157,14,8.92,0.2655092679910449,0.0034195755247406296,0.9927957257019818,0.0968915128523979
3333,2,LEGACY_A,44,0.17182921500000248,2.0,0.75,0.9936305732484076,1.0,0.9285714285714286,0.9797393212027359,1.0,0.9999999999999999,143,0,1,13,157,14,8.92,0.27540708400267755,5.7184491413656625e-08,0.9999995721493548,0.08371507128676646
3333,3,E_all_ce_noW,47,0.15445726600000853,2.0,0.75,0.9872611464968153,0.9285714285714286,0.9285714285714286,0.9607892107892109,0.9995004995004995,0.9952380952380953,142,1,1,13,157,14,8.92,0.2839133336603608,7.894360852218009e-08,0.9999990205075382,0.09007097293951291
3333,3,G_all_focal_noW,47,0.14667073900000105,2.0,0.75,0.9872611464968153,0.9285714285714286,0.9285714285714286,0.9607892107892109,0.9995004995004995,0.9952380952380953,142,1,1,13,157,14,8.92,0.27584092406380634,0.0036701898347570004,0.9938685699037204,0.10022425545597596
3333,3,LEGACY_A,44,0.13977496499990139,2.0,0.75,1.0,1.0,1.0,1.0,1.0,0.9999999999999999,143,0,0,14,157,14,8.92,0.28275768759240777,7.371170984612291e-08,0.9999995953904216,0.08923116535635897
3333,4,E_all_ce_noW,47,0.16533435599990298,2.0,0.75,1.0,1.0,1.0,1.0,1.0,0.9999999999999998,143,0,0,14,157,14,8.92,0.28495507385331964,5.7853989836555814e-08,0.999999150772882,0.08928289244166715
3333,4,G_all_focal_noW,47,0.13176721199999974,2.0,0.75,1.0,1.0,1.0,1.0,1.0,0.9999999999999999,143,0,0,14,157,14,8.92,0.27885350434611267,0.0036015560932895797,0.9943588276032511,0.09991404587156773
3333,4,LEGACY_A,44,0.2541550749999715,2.0,0.75,1.0,1.0,1.0,1.0,1.0,1.0,143,0,0,14,157,14,8.92,0.2852871172691417,4.523330585851702e-08,0.9999996320560923,0.0913908248032585
3333,5,E_all_ce_noW,47,0.2776143889999503,2.0,0.75,0.9743589743589743,0.9090909090909091,0.7692307692307693,0.9097222222222223,0.9967724583109199,0.9653513153513151,142,1,3,10,156,13,8.33,0.24912947759422832,4.921480281145203e-08,0.9999993996953815,0.06997880318436696
3333,5,G_all_focal_noW,47,0.16400529700001698,2.0,0.75,0.9743589743589743,0.9090909090909091,0.7692307692307693,0.9097222222222223,0.9973103819257665,0.9704231665770127,142,1,3,10,156,13,8.33,0.2418761174574177,0.0047251770072668,0.9948309820570971,0.08254046061327831
3333,5,LEGACY_A,44,0.22642989899998156,2.0,0.75,0.9871794871794872,0.9230769230769231,0.9230769230769231,0.9580419580419581,0.9989241527703067,0.9885883347421807,142,1,1,12,156,13,8.33,0.263188124474284,4.730980340654914e-08,0.9999995459471577,0.08007987127723602
3333,6,E_all_ce_noW,47,0.2609813930000655,2.0,0.75,0.9872611464968153,1.0,0.8571428571428571,0.9580662393162394,0.9915084915084915,0.9535303776683087,143,0,2,12,157,14,8.92,0.2655536023331823,8.441643739005175e-08,0.999999154620476,0.07706080780694222
3333,6,G_all_focal_noW,47,0.1772154179999461,2.0,0.75,0.9808917197452229,0.9230769230769231,0.8571428571428571,0.9392179636082074,0.9915084915084915,0.9535303776683087,142,1,2,12,157,14,8.92,0.2623867543866331,0.004406905710388476,0.9923946945125739,0.09244875960877459
3333,6,LEGACY_A,44,0.23436762199992245,2.0,0.75,0.9872611464968153,1.0,0.8571428571428571,0.9580662393162394,0.9930069930069929,0.960506424792139,143,0,2,12,157,14,8.92,0.26592484480039696,6.064557983520946e-08,0.9999995614215692,0.07799161079872334
3333,7,E_all_ce_noW,47,0.26277679499992246,2.0,0.75,0.9872611464968153,1.0,0.8571428571428571,0.9580662393162394,1.0,1.0,143,0,2,12,157,14,8.92,0.2654019823556062,4.748847900239406e-08,0.9999985070909917,0.07826249016035348
3333,7,G_all_focal_noW,47,0.1879084199999852,2.0,0.75,0.9872611464968153,1.0,0.8571428571428571,0.9580662393162394,1.0,1.0,143,0,2,12,157,14,8.92,0.25553021555747457,0.003735418230661173,0.9915302571108712,0.08925757212634805
3333,7,LEGACY_A,44,0.22685907200002475,2.0,0.75,0.9872611464968153,1.0,0.8571428571428571,0.9580662393162394,1.0,1.0,143,0,2,12,157,14,8.92,0.25767592973673376,4.830793120688142e-08,0.9999995948362675,0.07373944512433081
3333,8,E_all_ce_noW,47,0.2745568340000091,2.0,0.75,1.0,1.0,1.0,1.0,1.0,0.9999999999999999,143,0,0,14,157,14,8.92,0.2843804853397121,5.2659425854969945e-08,0.9999988675179237,0.08898442420645006
3333,8,G_all_focal_noW,47,0.21382462600001872,2.0,0.75,1.0,1.0,1.0,1.0,1.0,1.0,143,0,0,14,157,14,8.92,0.27468057106519317,0.003003379593249983,0.9952433747400723,0.09476242364729047
3333,8,LEGACY_A,44,0.21539578700003403,2.0,0.75,1.0,1.0,1.0,1.0,1.0,1.0,143,0,0,14,157,14,8.92,0.28490730183991725,4.968203056400554e-08,0.9999995400696352,0.08919468744379576
3333,9,E_all_ce_noW,47,0.1563110139999253,2.0,0.75,1.0,1.0,1.0,1.0,1.0,1.0,143,0,0,14,157,14,8.92,0.2762857655918272,5.1528558383363687e-08,0.9999991315427096,0.08745701472079953
3333,9,G_all_focal_noW,47,0.12772832500002096,2.0,0.75,1.0,1.0,1.0,1.0,1.0,1.0,143,0,0,14,157,14,8.92,0.261776997586636,0.004289685945977752,0.9922391761116014,0.09527760856804124
3333,9,LEGACY_A,44,0.15340414500008137,2.0,0.75,0.9936305732484076,0.9333333333333333,1.0,0.981004234724743,1.0,0.9999999999999999,142,1,0,14,157,14,8.92,0.2882932584763661,4.1284817249689246e-08,0.9999996074966333,0.09356177422304134
3333,10,E_all_ce_noW,47,0.1568533509999952,2.0,0.75,0.9807692307692307,0.9166666666666666,0.8461538461538461,0.9347735191637631,0.9989241527703066,0.9885883347421809,142,1,2,11,156,13,8.33,0.266582595851388,6.160944667997224e-08,0.9999994514223359,0.0797991726501244
3333,10,G_all_focal_noW,47,0.1357883270000002,2.0,0.75,0.9807692307692307,0.9166666666666666,0.8461538461538461,0.9347735191637631,0.9989241527703066,0.9885883347421809,142,1,2,11,156,13,8.33,0.2594795292874918,0.003991845180918446,0.9942339038633834,0.09451680104677078
3333,10,LEGACY_A,44,0.15078288400002293,2.0,0.75,0.9935897435897436,0.9285714285714286,1.0,0.9797270955165691,0.9994620763851533,0.9945054945054945,142,1,0,13,156,13,8.33,0.27371436490590945,5.078431371489137e-08,0.9999996018140929,0.0858389049038862
3333,11,E_all_ce_noW,47,0.15808429399999113,2.0,0.75,1.0,1.0,1.0,1.0,1.0,0.9999999999999999,143,0,0,14,157,14,8.92,0.278088950424335,4.632909681550932e-08,0.9999990096536053,0.08685285438281473
3333,11,G_all_focal_noW,47,0.12710749699999724,2.0,0.75,0.9936305732484076,1.0,0.9285714285714286,0.9797393212027359,1.0,1.0,143,0,1,13,157,14,8.92,0.271373028770406,0.003975412582102381,0.9952866522002025,0.09817934037200002
3333,11,LEGACY_A,44,0.20022492299995065,2.0,0.75,1.0,1.0,1.0,1.0,1.0,0.9999999999999998,143,0,0,14,157,14,8.92,0.2849335533296494,4.4820788179780023e-08,0.9999996138557111,0.08920200811396757
3333,12,E_all_ce_noW,47,0.16222851899999569,2.0,0.75,0.9936305732484076,1.0,0.9285714285714286,0.9797393212027359,1.0,0.9999999999999999,143,0,1,13,157,14,8.92,0.2692011125019446,7.805148531229458e-08,0.9999989401452534,0.08183445832270374
3333,12,G_all_focal_noW,47,0.13030570300009003,2.0,0.75,0.9936305732484076,1.0,0.9285714285714286,0.9797393212027359,1.0,1.0,143,0,1,13,157,14,8.92,0.2564296736137574,0.00399834240153902,0.9924414319162856,0.09376935247805876
3333,12,LEGACY_A,44,0.14653872300004878,2.0,0.75,0.9872611464968153,1.0,0.8571428571428571,0.9580662393162394,0.9985014985014984,0.9873949579831932,143,0,2,12,157,14,8.92,0.26531394760108123,7.472636101117648e-08,0.9999995690488371,0.07938407180749156
3333,13,E_all_ce_noW,47,0.1616723639999691,2.0,0.75,0.9936305732484076,1.0,0.9285714285714286,0.9797393212027359,0.9995004995004995,0.9952380952380953,143,0,1,13,157,14,8.92,0.27540255900859817,8.359672932714639e-08,0.9999985217870095,0.08380401881452086
3333,13,G_all_focal_noW,47,0.14302055000007385,2.0,0.75,0.9872611464968153,0.9285714285714286,0.9285714285714286,0.9607892107892109,0.9995004995004995,0.995238095238095,142,1,1,13,157,14,8.92,0.26971337132797046,0.0040820155745091725,0.9914485139558215,0.09807998731797404
3333,13,LEGACY_A,44,0.16292232400007833,2.0,0.75,0.9872611464968153,0.9285714285714286,0.9285714285714286,0.9607892107892109,0.9995004995004995,0.9952380952380953,142,1,1,13,157,14,8.92,0.2795859677975816,5.410119430864747e-08,0.999999530488362,0.08752044860488131
3333,14,E_all_ce_noW,47,0.1653705239999681,2.0,0.75,0.9872611464968153,0.9285714285714286,0.9285714285714286,0.9607892107892109,0.9955044955044955,0.9689239332096473,142,1,1,13,157,14,8.92,0.28072696176988265,4.9608819162605315e-08,0.9999989738200105,0.08772794625951674
3333,14,G_all_focal_noW,47,0.13185260199998083,2.0,0.75,0.9872611464968153,0.9285714285714286,0.9285714285714286,0.9607892107892109,0.994005994005994,0.9670329670329669,142,1,1,13,157,14,8.92,0.27431745334917834,0.0037480701724930724,0.9953707628594296,0.09570203951326152
3333,14,LEGACY_A,44,0.1497449079998887,2.0,0.75,0.9936305732484076,1.0,0.9285714285714286,0.9797393212027359,0.9840159840159841,0.9503105590062111,143,0,1,13,157,14,8.92,0.27138562236744845,4.2472981819267144e-08,0.9999996037412173,0.08249759476750677
3333,15,E_all_ce_noW,47,0.16943279899999197,2.0,0.75,0.9935897435897436,1.0,0.9230769230769231,0.9782578397212544,1.0,0.9999999999999998,143,0,1,12,156,13,8.33,0.2663943130682184,6.020059688816126e-08,0.9999994145742984,0.0788074249633024
3333,15,G_all_focal_noW,47,0.13231798900005742,2.0,0.75,0.9935897435897436,1.0,0.9230769230769231,0.9782578397212544,0.9989241527703067,0.9897435897435896,143,0,1,12,156,13,8.33,0.25868192960801023,0.0037240434186766283,0.9937049131799113,0.08912077204200887
3333,15,LEGACY_A,44,0.16963203199998134,2.0,0.75,1.0,1.0,1.0,1.0,1.0,0.9999999999999998,143,0,0,13,156,13,8.33,0.27630915402806466,5.625450154544741e-08,0.9999995744850657,0.08336203989500339
3333,16,E_all_ce_noW,47,0.15543336299992916,2.0,0.75,0.9936305732484076,1.0,0.9285714285714286,0.9797393212027359,1.0,0.9999999999999998,143,0,1,13,157,14,8.92,0.2754382558951307,5.095841773213714e-08,0.9999993187477134,0.0838027320326238
3333,16,G_all_focal_noW,47,0.1317085189999716,2.0,0.75,0.9936305732484076,1.0,0.9285714285714286,0.9797393212027359,1.0,0.9999999999999999,143,0,1,13,157,14,8.92,0.2671232801249686,0.003533484242156166,0.993870884849834,0.09394044105840645
3333,16,LEGACY_A,44,0.1514716670000098,2.0,0.75,1.0,1.0,1.0,1.0,1.0,1.0,143,0,0,14,157,14,8.92,0.2849384154111668,4.075604501839731e-08,0.999999624318275,0.08917070003040828
3333,17,E_all_ce_noW,47,0.165833062000047,2.0,0.75,0.9872611464968153,1.0,0.8571428571428571,0.9580662393162394,0.9995004995004995,0.9952380952380953,143,0,2,12,157,14,8.92,0.26416123118573476,8.554468569479038e-08,0.9999988173656362,0.07769796822178994
3333,17,G_all_focal_noW,47,0.12614188600002763,2.0,0.75,0.9808917197452229,0.9230769230769231,0.8571428571428571,0.9392179636082074,0.999000999000999,0.9901360544217688,142,1,2,12,157,14,8.92,0.2573968941612239,0.0053283896959177394,0.9911994421631353,0.09055279568516661
3333,17,LEGACY_A,44,0.14394219700000122,2.0,0.75,0.9808917197452229,0.9230769230769231,0.8571428571428571,0.9392179636082074,0.999000999000999,0.9901360544217688,142,1,2,12,157,14,8.92,0.2681534820640463,4.733223936746469e-08,0.9999995501273359,0.08010356027893933
3333,18,E_all_ce_noW,47,0.1734923679999838,2.0,0.75,1.0,1.0,1.0,1.0,1.0,0.9999999999999999,143,0,0,14,157,14,8.92,0.27011176397303405,4.1444486079875346e-08,0.9999984494484709,0.08327028217376208
3333,18,G_all_focal_noW,47,0.13231442800008608,2.0,0.75,0.9936305732484076,1.0,0.9285714285714286,0.9797393212027359,0.9999999999999999,1.0,143,0,1,13,157,14,8.92,0.2636389439064834,0.0037438305001727336,0.9946915151940928,0.0937294592558146
3333,18,LEGACY_A,44,0.15741293199994288,2.0,0.75,1.0,1.0,1.0,1.0,1.0,0.9999999999999999,143,0,0,14,157,14,8.92,0.2839731713435514,4.5960197134214325e-08,0.9999996337109749,0.08890960929275712
3333,19,E_all_ce_noW,47,0.16714393200004452,2.0,0.75,1.0,1.0,1.0,1.0,1.0,0.9999999999999999,143,0,0,14,157,14,8.92,0.2849128735058248,4.2620468858504113e-08,0.9999988654792604,0.08932911553653199
3333,19,G_all_focal_noW,47,0.13451439700008905,2.0,0.75,1.0,1.0,1.0,1.0,1.0,0.9999999999999999,143,0,0,14,157,14,8.92,0.2761142309586513,0.00322537362856992,0.9933250510352097,0.0988142066901422
3333,19,LEGACY_A,44,0.17166392600006475,2.0,0.75,1.0,1.0,1.0,1.0,1.0,0.9999999999999999,143,0,0,14,157,14,8.92,0.2849375677494207,4.3434046129945335e-08,0.9999995880160651,0.08933789716190893
3333,20,E_all_ce_noW,47,0.18444278100002975,2.0,0.75,0.9807692307692307,0.8571428571428571,0.9230769230769231,0.9391812865497076,0.9924690693921463,0.9473443223443223,141,2,1,12,156,13,8.33,0.2766074373488397,8.413211705872305e-08,0.9999985882522608,0.08676758506147438
3333,20,G_all_focal_noW,47,0.11914242399996056,2.0,0.75,0.9807692307692307,0.8571428571428571,0.9230769230769231,0.9391812865497076,0.9935449166218397,0.9542277677729181,141,2,1,12,156,13,8.33,0.2565072466685469,0.0074242869012634514,0.9913197779884781,0.0955658206100996
3333,20,LEGACY_A,44,0.14482178399998702,2.0,0.75,0.9871794871794872,0.9230769230769231,0.9230769230769231,0.9580419580419581,0.9940828402366864,0.9606380241831747,142,1,1,12,156,13,8.33,0.2713894236125215,5.915505107021682e-08,0.9999995004518201,0.08232036354508203
3333,21,E_all_ce_noW,47,0.15929621099996893,2.0,0.75,0.9872611464968153,0.875,1.0,0.9631455399061033,0.9995004995004995,0.9952380952380953,141,2,0,14,157,14,8.92,0.30056416001786457,5.9188538127150054e-08,0.9999991473377025,0.10125659960708991
3333,21,G_all_focal_noW,47,0.12494738199995936,2.0,0.75,0.9872611464968153,0.875,1.0,0.9631455399061033,0.9985014985014985,0.9859693877551019,141,2,0,14,157,14,8.92,0.28409650011076276,0.0041497291360682465,0.9938854116090893,0.10481862817985654
3333,21,LEGACY_A,44,0.2587375880000309,2.0,0.75,0.9936305732484076,0.9333333333333333,1.0,0.981004234724743,1.0,0.9999999999999999,142,1,0,14,157,14,8.92,0.29308622356130815,3.9021765504556435e-08,0.9999996091661163,0.09531207375863586
3333,22,E_all_ce_noW,47,0.27796718899992356,2.0,0.75,0.9936305732484076,0.9333333333333333,1.0,0.981004234724743,1.0,0.9999999999999999,142,1,0,14,157,14,8.92,0.29006810617017925,7.099377805630564e-08,0.9999992847332175,0.09492881402450588
3333,22,G_all_focal_noW,47,0.2014630890000717,2.0,0.75,0.9936305732484076,0.9333333333333333,1.0,0.981004234724743,1.0,1.0,142,1,0,14,157,14,8.92,0.27754102571273137,0.004072913152528359,0.9921914523519917,0.10474397201064171
3333,22,LEGACY_A,44,0.24453246899997794,2.0,0.75,0.9936305732484076,0.9333333333333333,1.0,0.981004234724743,1.0,0.9999999999999998,142,1,0,14,157,14,8.92,0.2932358439708476,4.320276503420791e-08,0.9999996129215463,0.09629286397815189
3333,23,E_all_ce_noW,47,0.26660824299995056,2.0,0.75,0.9872611464968153,1.0,0.8571428571428571,0.9580662393162394,1.0,0.9999999999999999,143,0,2,12,157,14,8.92,0.2667169953149623,6.923805780506949e-08,0.9999993129515936,0.08085760308389467
3333,23,G_all_focal_noW,47,0.18873046399994564,2.0,0.75,0.9936305732484076,1.0,0.9285714285714286,0.9797393212027359,1.0,1.0,143,0,1,13,157,14,8.92,0.2569053320170579,0.003910225726298404,0.995013370006519,0.09255128138040244
3333,23,LEGACY_A,44,0.23213406000002124,2.0,0.75,0.9936305732484076,1.0,0.9285714285714286,0.9797393212027359,1.0,0.9999999999999999,143,0,1,13,157,14,8.92,0.2689817337643033,6.752544739898248e-08,0.9999995859941531,0.08054931634202035
3333,24,E_all_ce_noW,47,0.24765097400006653,2.0,0.75,0.9808917197452229,1.0,0.7857142857142857,0.9348096885813149,0.9945054945054945,0.9685714285714285,143,0,3,11,157,14,8.92,0.255787923907274,9.138314559138129e-08,0.9999992126351458,0.07200844272830934
3333,24,G_all_focal_noW,47,0.19170827700008886,2.0,0.75,0.9872611464968153,1.0,0.8571428571428571,0.9580662393162394,0.9985014985014985,0.9859693877551019,143,0,2,12,157,14,8.92,0.2528321470251544,0.004188455677041961,0.9942395383249577,0.08553522949098395
3333,24,LEGACY_A,44,0.24698747500008267,2.0,0.75,0.9872611464968153,1.0,0.8571428571428571,0.9580662393162394,0.9955044955044956,0.9689239332096474,143,0,2,12,157,14,8.92,0.2654351449379096,4.93357512460279e-08,0.9999996163102955,0.07647166968869126
3333,25,E_all_ce_noW,47,0.27856788700000834,2.0,0.75,1.0,1.0,1.0,1.0,1.0,1.0,143,0,0,13,156,13,8.33,0.2707293708625381,6.49302575422952e-08,0.99999888394901,0.08143956162930892
3333,25,G_all_focal_noW,47,0.20933194899998853,2.0,0.75,1.0,1.0,1.0,1.0,1.0,1.0,143,0,0,13,156,13,8.33,0.2574437163909259,0.003574184709599381,0.9931780479081527,0.08960228746079088
3333,25,LEGACY_A,44,0.19286303900003077,2.0,0.75,1.0,1.0,1.0,1.0,1.0,1.0,143,0,0,13,156,13,8.33,0.2752522826554196,4.219771136280285e-08,0.9999995822833239,0.08304534560880882
5555,1,E_all_ce_noW,47,0.1564001949999465,2.0,0.75,0.9745222929936306,1.0,0.7142857142857143,0.9097701149425288,0.9965034965034965,0.9691086691086691,143,0,4,10,157,14,8.92,0.24341986575237137,8.90360910123076e-08,0.9999988915713616,0.06379047675693168
5555,1,G_all_focal_noW,47,0.1293060120000291,2.0,0.75,0.9745222929936306,1.0,0.7142857142857143,0.9097701149425288,0.9965034965034967,0.9761904761904762,143,0,4,10,157,14,8.92,0.23695659744696201,0.006268153586929744,0.9937892669322107,0.08137484522614798
5555,1,LEGACY_A,44,0.13972924900008366,2.0,0.75,0.9745222929936306,1.0,0.7142857142857143,0.9097701149425288,0.9985014985014985,0.9873949579831933,143,0,4,10,157,14,8.92,0.24467473947210341,5.776884957545221e-08,0.9999995492619329,0.066783842572684
5555,2,E_all_ce_noW,47,0.17657894400008445,2.0,0.75,0.9936305732484076,1.0,0.9285714285714286,0.9797393212027359,0.9995004995004995,0.9952380952380953,143,0,1,13,157,14,8.92,0.2766133610051615,7.30806718929783e-08,0.9999991609196726,0.08635261537836489
5555,2,G_all_focal_noW,47,0.13062930700004927,2.0,0.75,0.9872611464968153,0.9285714285714286,0.9285714285714286,0.9607892107892109,0.999000999000999,0.9910714285714286,142,1,1,13,157,14,8.92,0.2747246241979248,0.004583446232063922,0.9947455375731765,0.10108880304620299
5555,2,LEGACY_A,44,0.1717828489998965,2.0,0.75,0.9936305732484076,1.0,0.9285714285714286,0.9797393212027359,0.999000999000999,0.9910714285714284,143,0,1,13,157,14,8.92,0.27647379395850463,6.426225362375854e-08,0.9999995794525499,0.08664428460409317
5555,3,E_all_ce_noW,47,0.17197005000002719,2.0,0.75,0.9936305732484076,1.0,0.9285714285714286,0.9797393212027359,1.0,0.9999999999999999,143,0,1,13,157,14,8.92,0.27025508830162137,7.241149299593305e-08,0.9999987265554205,0.08102644571044464
5555,3,G_all_focal_noW,47,0.1323816590000888,2.0,0.75,0.9936305732484076,1.0,0.9285714285714286,0.9797393212027359,1.0,1.0,143,0,1,13,157,14,8.92,0.25910914866830514,0.003910572061474271,0.9914551865199837,0.09229060449098543
5555,3,LEGACY_A,44,0.1629326710000214,2.0,0.75,0.9872611464968153,1.0,0.8571428571428571,0.9580662393162394,0.9995004995004995,0.995238095238095,143,0,2,12,157,14,8.92,0.26586338307536944,4.466490662782752e-08,0.999999518009978,0.07924824789980792
5555,4,E_all_ce_noW,47,0.17443014900004528,2.0,0.75,0.9936305732484076,1.0,0.9285714285714286,0.9797393212027359,1.0,0.9999999999999998,143,0,1,13,157,14,8.92,0.27603213314807346,5.670707265255319e-08,0.9999990763340006,0.08521106518270073
5555,4,G_all_focal_noW,47,0.13508506200003012,2.0,0.75,0.9872611464968153,0.9285714285714286,0.9285714285714286,0.9607892107892109,0.9995004995004995,0.9952380952380951,142,1,1,13,157,14,8.92,0.2701858181403317,0.003648101069803967,0.9936131307105188,0.09886133670254962
5555,4,LEGACY_A,44,0.13931790100002672,2.0,0.75,1.0,1.0,1.0,1.0,1.0,0.9999999999999998,143,0,0,14,157,14,8.92,0.2846719948634951,5.299399494776727e-08,0.9999995691692312,0.0892060160643756
5555,5,E_all_ce_noW,47,0.19858029399995303,2.0,0.75,1.0,1.0,1.0,1.0,1.0,0.9999999999999998,143,0,0,13,156,13,8.33,0.27546764972266885,5.488996252230443e-08,0.9999987583263722,0.08326884761610885
5555,5,G_all_focal_noW,47,0.1462861840000187,2.0,0.75,1.0,1.0,1.0,1.0,1.0,0.9999999999999998,143,0,0,13,156,13,8.33,0.26505258118467495,0.003667323491177978,0.9933389189558193,0.09138706345708858
5555,5,LEGACY_A,44,0.16503163100003349,2.0,0.75,1.0,1.0,1.0,1.0,1.0,0.9999999999999998,143,0,0,13,156,13,8.33,0.27474126789219844,4.249544853774064e-08,0.99999962487085,0.08299083608250217
5555,6,E_all_ce_noW,47,0.18740803499997583,2.0,0.75,1.0,1.0,1.0,1.0,1.0,0.9999999999999999,143,0,0,14,157,14,8.92,0.28485907592319426,5.065366687325567e-08,0.9999990271079388,0.08929539148465958
5555,6,G_all_focal_noW,47,0.13122603299996172,2.0,0.75,1.0,1.0,1.0,1.0,1.0,0.9999999999999999,143,0,0,14,157,14,8.92,0.27382725737594105,0.0026638303697617983,0.9934391339995974,0.0976477152257117
5555,6,LEGACY_A,44,0.1503857179999386,2.0,0.75,1.0,1.0,1.0,1.0,1.0,0.9999999999999999,143,0,0,14,157,14,8.92,0.2850707346890116,5.65632039820392e-08,0.9999995573760804,0.09078056462942483
5555,7,E_all_ce_noW,47,0.19847766099996988,2.0,0.75,1.0,1.0,1.0,1.0,1.0,0.9999999999999999,143,0,0,14,157,14,8.92,0.2847513970534086,6.736854791636945e-08,0.999999220747661,0.08968309719972911
5555,7,G_all_focal_noW,47,0.16095530100005817,2.0,0.75,1.0,1.0,1.0,1.0,1.0,0.9999999999999999,143,0,0,14,157,14,8.92,0.275726530182219,0.003996597575956572,0.9941649333557053,0.10244583471553052
5555,7,LEGACY_A,44,0.1477500159999181,2.0,0.75,1.0,1.0,1.0,1.0,1.0,0.9999999999999999,143,0,0,14,157,14,8.92,0.2848886283414131,5.892171708432923e-08,0.9999995783060773,0.09060956436596569
5555,8,E_all_ce_noW,47,0.1689428739999812,2.0,0.75,1.0,1.0,1.0,1.0,1.0,0.9999999999999999,143,0,0,14,157,14,8.92,0.2844134047809953,6.369174964337555e-08,0.9999990226894774,0.08900918779385371
5555,8,G_all_focal_noW,47,0.1386137609999878,2.0,0.75,1.0,1.0,1.0,1.0,1.0,0.9999999999999999,143,0,0,14,157,14,8.92,0.2709123214484445,0.002773530365709657,0.9949384804931936,0.09289258839891959
5555,8,LEGACY_A,44,0.19948144199997841,2.0,0.75,1.0,1.0,1.0,1.0,1.0,0.9999999999999999,143,0,0,14,157,14,8.92,0.28124608744537954,4.182537108534517e-08,0.9999996116204203,0.08791133389565596
5555,9,E_all_ce_noW,47,0.20000211499996112,2.0,0.75,0.9745222929936306,0.9166666666666666,0.7857142857142857,0.9161324786324787,0.997002997002997,0.973530437816152,142,1,3,11,157,14,8.92,0.2550720158999974,8.221023745580092e-08,0.9999991510236379,0.07541785817123432
5555,9,G_all_focal_noW,47,0.11903337700005068,2.0,0.75,0.9808917197452229,0.9230769230769231,0.8571428571428571,0.9392179636082074,0.9965034965034965,0.9706064612079649,142,1,2,12,157,14,8.92,0.2502908098179611,0.005341609156364636,0.9946474526634959,0.09140052817302838
5555,9,LEGACY_A,44,0.14089288200000283,2.0,0.75,0.9808917197452229,1.0,0.7857142857142857,0.9348096885813149,0.999000999000999,0.9910714285714285,143,0,3,11,157,14,8.92,0.25221484217011736,4.6095548999631934e-08,0.9999995787515708,0.07258611123637848
5555,10,E_all_ce_noW,47,0.16450173199996243,2.0,0.75,0.9871794871794872,1.0,0.8461538461538461,0.9548611111111112,0.9908552985476062,0.9478021978021975,143,0,2,11,156,13,8.33,0.25600324001282754,8.305368904026482e-08,0.9999983436492034,0.07206217395441834
5555,10,G_all_focal_noW,47,0.1299465470000314,2.0,0.75,0.9807692307692307,0.9166666666666666,0.8461538461538461,0.9347735191637631,0.9887036040882194,0.9474627936166395,142,1,2,11,156,13,8.33,0.2528216336811514,0.005358287234844262,0.9929213151772629,0.08694180296318652
5555,10,LEGACY_A,44,0.1809991350000928,2.0,0.75,0.9871794871794872,1.0,0.8461538461538461,0.9548611111111112,0.9951586874663797,0.9685314685314685,143,0,2,11,156,13,8.33,0.2559817149977834,7.032921168563285e-08,0.9999995663876087,0.07062032409176491
5555,11,E_all_ce_noW,47,0.1851445900000499,2.0,0.75,0.9936305732484076,1.0,0.9285714285714286,0.9797393212027359,0.9995004995004995,0.9952380952380953,143,0,1,13,157,14,8.92,0.2744385564425678,5.3506181101536385e-08,0.9999989645227618,0.082452244736841
5555,11,G_all_focal_noW,47,0.13612996100005148,2.0,0.75,0.9936305732484076,1.0,0.9285714285714286,0.9797393212027359,0.995004995004995,0.9702380952380952,143,0,1,13,157,14,8.92,0.264556753606939,0.003956167566178465,0.9933215984672118,0.08964400273128398
5555,11,LEGACY_A,44,0.16744782999990093,2.0,0.75,0.9936305732484076,1.0,0.9285714285714286,0.9797393212027359,0.9865134865134866,0.9529616724738676,143,0,1,13,157,14,8.92,0.2753781448812013,4.6171438336075454e-08,0.9999996208249845,0.0827450643086168
5555,12,E_all_ce_noW,47,0.1609045769999966,2.0,0.75,1.0,1.0,1.0,1.0,1.0,0.9999999999999999,143,0,0,14,157,14,8.92,0.2846222359903692,7.183789610797706e-08,0.9999989939528438,0.08992910456004857
5555,12,G_all_focal_noW,47,0.1421695039999804,2.0,0.75,1.0,1.0,1.0,1.0,1.0,1.0,143,0,0,14,157,14,8.92,0.27692735644192695,0.0038128391375008568,0.9918128337044536,0.1016041568272479
5555,12,LEGACY_A,44,0.1651634989999593,2.0,0.75,1.0,1.0,1.0,1.0,1.0,0.9999999999999999,143,0,0,14,157,14,8.92,0.28484080577222365,4.590833207673715e-08,0.9999995644713932,0.09031665644105497
5555,13,E_all_ce_noW,47,0.26606655199998386,2.0,0.75,0.9872611464968153,1.0,0.8571428571428571,0.9580662393162394,1.0,1.0,143,0,2,12,157,14,8.92,0.2591315049640824,7.742487303855449e-08,0.999998157501246,0.07717235837103573
5555,13,G_all_focal_noW,47,0.18982501700008925,2.0,0.75,0.9872611464968153,1.0,0.8571428571428571,0.9580662393162394,1.0,0.9999999999999998,143,0,2,12,157,14,8.92,0.2402604271704828,0.0048579900862557625,0.9900606661655538,0.08609524752359721
5555,13,LEGACY_A,44,0.24767140300002666,2.0,0.75,0.9936305732484076,1.0,0.9285714285714286,0.9797393212027359,1.0,1.0,143,0,1,13,157,14,8.92,0.26862458869521877,5.7690673163088096e-08,0.9999995223211432,0.08112898490818632
5555,14,E_all_ce_noW,47,0.27172846299993125,2.0,0.75,0.9745222929936306,0.8571428571428571,0.8571428571428571,0.9215784215784215,0.9955044955044955,0.957845638255302,141,2,2,12,157,14,8.92,0.2844739273133366,6.147114440476605e-08,0.9999993645734927,0.0903348641755941
5555,14,G_all_focal_noW,47,0.16195447699999477,2.0,0.75,0.9681528662420382,0.8,0.8571428571428571,0.9050211736237144,0.9945054945054944,0.9463155017251655,140,3,2,12,157,14,8.92,0.2764435335138605,0.004856927722659582,0.9954178940969892,0.10421111387339164
5555,14,LEGACY_A,44,0.2638964110000188,2.0,0.75,0.9808917197452229,0.8666666666666667,0.9285714285714286,0.9430127041742287,0.9975024975024975,0.9745225013082156,141,2,1,13,157,14,8.92,0.2890740219562729,5.026311916307772e-08,0.9999995871285056,0.0940618717215675
5555,15,E_all_ce_noW,47,0.26895487000001594,2.0,0.75,1.0,1.0,1.0,1.0,1.0,0.9999999999999998,143,0,0,13,156,13,8.33,0.2717791822501763,5.425966266040385e-08,0.9999989232871291,0.08291279791110509
5555,15,G_all_focal_noW,47,0.19826510600000802,2.0,0.75,0.9935897435897436,1.0,0.9230769230769231,0.9782578397212544,1.0,0.9999999999999998,143,0,1,12,156,13,8.33,0.2588042156914659,0.003347765604892434,0.9925847232462895,0.08934885098288142
5555,15,LEGACY_A,44,0.2653521910000336,2.0,0.75,1.0,1.0,1.0,1.0,1.0,0.9999999999999998,143,0,0,13,156,13,8.33,0.275412250477886,4.3229667867255105e-08,0.9999996389989612,0.08309093086853278
5555,16,E_all_ce_noW,47,0.2612026670000205,2.0,0.75,0.9872611464968153,1.0,0.8571428571428571,0.9580662393162394,0.9999999999999999,1.0,143,0,2,12,157,14,8.92,0.26071670339494374,5.518313040779697e-08,0.9999993179606785,0.07703985041216774
5555,16,G_all_focal_noW,47,0.22401451299992914,2.0,0.75,0.9808917197452229,1.0,0.7857142857142857,0.9348096885813149,1.0,0.9999999999999998,143,0,3,11,157,14,8.92,0.2515298823342138,0.0038370973542025287,0.9955117598526556,0.08876522841359118
5555,16,LEGACY_A,44,0.23356620499998826,2.0,0.75,1.0,1.0,1.0,1.0,1.0,0.9999999999999999,143,0,0,14,157,14,8.92,0.2723431122700307,5.458806722219264e-08,0.9999995760194206,0.08463501452049797
5555,17,E_all_ce_noW,47,0.24042855899995175,2.0,0.75,0.9872611464968153,0.875,1.0,0.9631455399061033,0.999000999000999,0.9901360544217686,141,2,0,14,157,14,8.92,0.30123995268524406,4.3040265588942745e-08,0.9999987161335863,0.10148516040163653
5555,17,G_all_focal_noW,47,0.14959464399998978,2.0,0.75,0.9872611464968153,0.875,1.0,0.9631455399061033,0.999000999000999,0.9901360544217687,141,2,0,14,157,14,8.92,0.28507877880260113,0.004221545580658212,0.9934315946751997,0.10714912041627726
5555,17,LEGACY_A,44,0.15390864099992996,2.0,0.75,0.9872611464968153,0.875,1.0,0.9631455399061033,1.0,0.9999999999999999,141,2,0,14,157,14,8.92,0.29521869265182893,4.866334869022226e-08,0.9999995623202526,0.09869473393005372
5555,18,E_all_ce_noW,47,0.2020673130000432,2.0,0.75,0.9872611464968153,0.9285714285714286,0.9285714285714286,0.9607892107892109,0.9990009990009989,0.9910714285714286,142,1,1,13,157,14,8.92,0.2795911867527852,5.828016956788963e-08,0.9999995264822163,0.09224127151979095
5555,18,G_all_focal_noW,47,0.13930781100009426,2.0,0.75,0.9808917197452229,0.8666666666666667,0.9285714285714286,0.9430127041742287,0.998001998001998,0.9841269841269842,141,2,1,13,157,14,8.92,0.2772083418502608,0.004522228004215221,0.9932593930105544,0.10839063622813307
5555,18,LEGACY_A,44,0.19667470699994283,2.0,0.75,0.9872611464968153,0.875,1.0,0.9631455399061033,1.0,0.9999999999999999,141,2,0,14,157,14,8.92,0.2914578337136348,4.1074069594767815e-08,0.9999996103695689,0.09863744318358632
5555,19,E_all_ce_noW,47,0.19110688600005687,2.0,0.75,0.9872611464968153,1.0,0.8571428571428571,0.9580662393162394,0.9950049950049951,0.9702380952380951,143,0,2,12,157,14,8.92,0.2582574724527948,6.963895765663355e-08,0.9999992176047097,0.07374827893320152
5555,19,G_all_focal_noW,47,0.12096993000000111,2.0,0.75,0.9872611464968153,1.0,0.8571428571428571,0.9580662393162394,0.985014985014985,0.9512987012987013,143,0,2,12,157,14,8.92,0.25429680445469377,0.0048560559471435335,0.9941841363548255,0.08635030212108652
5555,19,LEGACY_A,44,0.14501717699999972,2.0,0.75,0.9872611464968153,1.0,0.8571428571428571,0.9580662393162394,0.9875124875124875,0.9542124542124542,143,0,2,12,157,14,8.92,0.2655689720990954,5.488474973676523e-08,0.9999995671146475,0.07644110450825081
5555,20,E_all_ce_noW,47,0.16016203200001655,2.0,0.75,1.0,1.0,1.0,1.0,1.0,0.9999999999999998,143,0,0,13,156,13,8.33,0.27422622130343105,4.3496088859239615e-08,0.9999990892985731,0.08264906860036521
5555,20,G_all_focal_noW,47,0.13201487800006362,2.0,0.75,1.0,1.0,1.0,1.0,1.0,0.9999999999999999,143,0,0,13,156,13,8.33,0.2648970755608365,0.003144739080231642,0.9945812544950192,0.0890039919158252
5555,20,LEGACY_A,44,0.14994875499996851,2.0,0.75,1.0,1.0,1.0,1.0,1.0,1.0,143,0,0,13,156,13,8.33,0.276372245563779,4.8500349815715584e-08,0.9999995761150802,0.08333567365288817
5555,21,E_all_ce_noW,47,0.14508980000005067,2.0,0.75,0.9872611464968153,1.0,0.8571428571428571,0.9580662393162394,1.0,1.0,143,0,2,12,157,14,8.92,0.26262135952136756,9.08016910835898e-08,0.9999992039499428,0.07814452278271636
5555,21,G_all_focal_noW,47,0.13349729799995202,2.0,0.75,0.9872611464968153,1.0,0.8571428571428571,0.9580662393162394,1.0,0.9999999999999998,143,0,2,12,157,14,8.92,0.25138738168699204,0.00470320997506894,0.9942112156005338,0.09069235059601054
5555,21,LEGACY_A,44,0.13734951200001433,2.0,0.75,0.9936305732484076,1.0,0.9285714285714286,0.9797393212027359,0.999000999000999,0.9910714285714285,143,0,1,13,157,14,8.92,0.27529179639407797,6.439421925963367e-08,0.9999995583966147,0.08524314344530887
5555,22,E_all_ce_noW,47,0.21080663200007166,2.0,0.75,1.0,1.0,1.0,1.0,1.0,0.9999999999999999,143,0,0,14,157,14,8.92,0.2815062198638053,4.9267658037621225e-08,0.999998988411687,0.08803065902430644
5555,22,G_all_focal_noW,47,0.12864771900001415,2.0,0.75,1.0,1.0,1.0,1.0,1.0,1.0,143,0,0,14,157,14,8.92,0.2721489763316662,0.0034407416656227195,0.9947362186620131,0.09507393415087934
5555,22,LEGACY_A,44,0.16105296900002486,2.0,0.75,1.0,1.0,1.0,1.0,1.0,0.9999999999999999,143,0,0,14,157,14,8.92,0.2836320125566272,3.9865012909057256e-08,0.9999995675452028,0.08887314760526711
5555,23,E_all_ce_noW,47,0.16661168899997847,2.0,0.75,0.9872611464968153,0.9285714285714286,0.9285714285714286,0.9607892107892109,0.9995004995004995,0.9952380952380953,142,1,1,13,157,14,8.92,0.28488655669357327,7.687333988856524e-08,0.9999991550245196,0.089233940376259
5555,23,G_all_focal_noW,47,0.1344364599999608,2.0,0.75,0.9872611464968153,0.9285714285714286,0.9285714285714286,0.9607892107892109,0.9995004995004994,0.995238095238095,142,1,1,13,157,14,8.92,0.27832940911906073,0.0037940176989212206,0.9959968240536125,0.10091192203168461
5555,23,LEGACY_A,44,0.16846021799995015,2.0,0.75,0.9872611464968153,0.9285714285714286,0.9285714285714286,0.9607892107892109,0.9995004995004995,0.995238095238095,142,1,1,13,157,14,8.92,0.28375267651350455,5.767507161317183e-08,0.9999995827906787,0.08959211210593204
5555,24,E_all_ce_noW,47,0.16121056099996167,2.0,0.75,0.9936305732484076,0.9333333333333333,1.0,0.981004234724743,0.9995004995004995,0.9952380952380951,142,1,0,14,157,14,8.92,0.28559648835065843,5.7270911544339005e-08,0.9999991299549289,0.09257004411238154
5555,24,G_all_focal_noW,47,0.1330461809999406,2.0,0.75,0.9872611464968153,0.9285714285714286,0.9285714285714286,0.9607892107892109,0.9995004995004995,0.9952380952380953,142,1,1,13,157,14,8.92,0.2724005014632395,0.003992891998942723,0.9911069753794362,0.0976692159698913
5555,24,LEGACY_A,44,0.14917454199996882,2.0,0.75,1.0,1.0,1.0,1.0,1.0,0.9999999999999999,143,0,0,14,157,14,8.92,0.2849636027037785,4.909958661074396e-08,0.9999996039404867,0.08923527113323008
5555,25,E_all_ce_noW,47,0.21404161100008423,2.0,0.75,0.9935897435897436,1.0,0.9230769230769231,0.9782578397212544,0.9940828402366864,0.9647435897435896,143,0,1,12,156,13,8.33,0.263511948741644,7.372289403735564e-08,0.9999987783579085,0.0766235171362439
5555,25,G_all_focal_noW,47,0.13161009999998896,2.0,0.75,0.9935897435897436,1.0,0.9230769230769231,0.9782578397212544,0.9919311457772997,0.9587912087912087,143,0,1,12,156,13,8.33,0.2569191089465405,0.003955773286455416,0.9935403288842859,0.0869968612938381
5555,25,LEGACY_A,44,0.1411755170000788,2.0,0.75,0.9871794871794872,1.0,0.8461538461538461,0.9548611111111112,0.9908552985476062,0.9564102564102563,143,0,2,11,156,13,8.33,0.2559091974127661,4.232701413194686e-08,0.9999995661203958,0.07218871183293733
7777,1,E_all_ce_noW,47,0.15824359900000218,2.0,0.75,1.0,1.0,1.0,1.0,1.0,1.0,143,0,0,14,157,14,8.92,0.28091203727282416,6.073268422742155e-08,0.9999988891686966,0.08833642191534694
7777,1,G_all_focal_noW,47,0.12646323499996015,2.0,0.75,1.0,1.0,1.0,1.0,1.0,0.9999999999999998,143,0,0,14,157,14,8.92,0.2706138575058559,0.0036994623388630203,0.9943467666070878,0.0971363386383106
7777,1,LEGACY_A,44,0.1620678219999263,2.0,0.75,1.0,1.0,1.0,1.0,1.0,0.9999999999999999,143,0,0,14,157,14,8.92,0.2839903848268498,4.9442151500194103e-08,0.999999581150989,0.08954662937667318
7777,2,E_all_ce_noW,47,0.16542232099993726,2.0,0.75,0.9872611464968153,0.875,1.0,0.9631455399061033,0.9975024975024975,0.9760531135531134,141,2,0,14,157,14,8.92,0.3016223059401011,5.489478703057696e-08,0.9999993124634947,0.10160957907905951
7777,2,G_all_focal_noW,47,0.13076641100008146,2.0,0.75,0.9872611464968153,0.875,1.0,0.9631455399061033,0.9990009990009991,0.9901360544217688,141,2,0,14,157,14,8.92,0.28523519346208265,0.00440810504113191,0.9954020136669455,0.10690613679884713
7777,2,LEGACY_A,44,0.1397536570000284,2.0,0.75,0.9936305732484076,0.9333333333333333,1.0,0.981004234724743,0.9995004995004995,0.9952380952380951,142,1,0,14,157,14,8.92,0.2913126277697044,7.018097353867143e-08,0.9999995766951479,0.09508755189449668
7777,3,E_all_ce_noW,47,0.152412469000069,2.0,0.75,0.9872611464968153,1.0,0.8571428571428571,0.9580662393162394,0.9980019980019981,0.9841269841269841,143,0,2,12,157,14,8.92,0.26666103678502623,1.0228511341961433e-07,0.999998952911762,0.07914003171634892
7777,3,G_all_focal_noW,47,0.12542692199997418,2.0,0.75,0.9872611464968153,1.0,0.8571428571428571,0.9580662393162394,0.9975024975024975,0.981203007518797,143,0,2,12,157,14,8.92,0.2534946274759063,0.004341592635480304,0.9925876719225263,0.08541131799983058
7777,3,LEGACY_A,44,0.13987633299996105,2.0,0.75,0.9936305732484076,1.0,0.9285714285714286,0.9797393212027359,0.9950049950049951,0.9702380952380951,143,0,1,13,157,14,8.92,0.2754808460827225,7.935099177372064e-08,0.9999995073781955,0.08277567806059676
7777,4,E_all_ce_noW,47,0.15724745900001835,2.0,0.75,0.9872611464968153,1.0,0.8571428571428571,0.9580662393162394,1.0,0.9999999999999999,143,0,2,12,157,14,8.92,0.2655199807227421,7.540950748394178e-08,0.9999992940333292,0.07817595276123804
7777,4,G_all_focal_noW,47,0.14722217899998213,2.0,0.75,0.9872611464968153,1.0,0.8571428571428571,0.9580662393162394,0.9995004995004995,0.995238095238095,143,0,2,12,157,14,8.92,0.2615740837494321,0.00438483119895324,0.9957652033844944,0.09197606967246552
7777,4,LEGACY_A,44,0.14554425400001492,2.0,0.75,0.9936305732484076,1.0,0.9285714285714286,0.9797393212027359,0.9995004995004995,0.9952380952380953,143,0,1,13,157,14,8.92,0.27174051362573726,6.732465896062334e-08,0.9999995753722193,0.08430839631442627
7777,5,E_all_ce_noW,47,0.2758064419999755,2.0,0.75,0.9935897435897436,1.0,0.9230769230769231,0.9782578397212544,1.0,1.0,143,0,1,12,156,13,8.33,0.26287772546624294,6.563343431130666e-08,0.9999989971840721,0.07588805068576954
7777,5,G_all_focal_noW,47,0.21592597799997293,2.0,0.75,0.9935897435897436,1.0,0.9230769230769231,0.9782578397212544,1.0,1.0,143,0,1,12,156,13,8.33,0.2524584647617972,0.003556931261912913,0.9935350633789752,0.0858980726599204
7777,5,LEGACY_A,44,0.24368205399991894,2.0,0.75,0.9935897435897436,1.0,0.9230769230769231,0.9782578397212544,1.0,0.9999999999999998,143,0,1,12,156,13,8.33,0.26639369627590276,6.734553947880084e-08,0.9999995866082446,0.07717894571843849
7777,6,E_all_ce_noW,47,0.238478829000087,2.0,0.75,1.0,1.0,1.0,1.0,1.0,0.9999999999999999,143,0,0,14,157,14,8.92,0.27522337308986605,7.553143714865223e-08,0.9999990859702242,0.08537135093799166
7777,6,G_all_focal_noW,47,0.22475313100005678,2.0,0.75,0.9936305732484076,1.0,0.9285714285714286,0.9797393212027359,1.0,0.9999999999999998,143,0,1,13,157,14,8.92,0.2593104205526813,0.0043827976178184595,0.9938503886675955,0.09332348051127588
7777,6,LEGACY_A,44,0.24219569899992166,2.0,0.75,1.0,1.0,1.0,1.0,1.0,0.9999999999999999,143,0,0,14,157,14,8.92,0.28318823335359605,4.787420464373631e-08,0.999999572882523,0.09037103409763275
7777,7,E_all_ce_noW,47,0.26395320400001765,2.0,0.75,0.9872611464968153,1.0,0.8571428571428571,0.9580662393162394,1.0,0.9999999999999999,143,0,2,12,157,14,8.92,0.26591003847054495,6.375565283256479e-08,0.9999989576870978,0.0784210509508292
7777,7,G_all_focal_noW,47,0.20732819099998778,2.0,0.75,0.9872611464968153,1.0,0.8571428571428571,0.9580662393162394,1.0,1.0,143,0,2,12,157,14,8.92,0.2600046888525562,0.003784528963853723,0.9940930405179579,0.08849314673338338
7777,7,LEGACY_A,44,0.22700392900003408,2.0,0.75,0.9936305732484076,1.0,0.9285714285714286,0.9797393212027359,1.0,0.9999999999999999,143,0,1,13,157,14,8.92,0.27473801017772653,6.985181382058786e-08,0.9999995472622534,0.0830436906830075
7777,8,E_all_ce_noW,47,0.27678823799999464,2.0,0.75,0.9872611464968153,0.9285714285714286,0.9285714285714286,0.9607892107892109,0.9995004995004995,0.9952380952380953,142,1,1,13,157,14,8.92,0.2820484604207961,6.174735930745997e-08,0.9999989156908913,0.08876122910218577
7777,8,G_all_focal_noW,47,0.20950048800000332,2.0,0.75,0.9872611464968153,0.9285714285714286,0.9285714285714286,0.9607892107892109,0.9995004995004995,0.9952380952380953,142,1,1,13,157,14,8.92,0.2741743558760016,0.003876637667979122,0.9933675408104262,0.10258387451747349
7777,8,LEGACY_A,44,0.25345076100006736,2.0,0.75,0.9936305732484076,1.0,0.9285714285714286,0.9797393212027359,1.0,0.9999999999999999,143,0,1,13,157,14,8.92,0.2719956104914948,4.6912725932970084e-08,0.9999995827135228,0.08181681047317862
7777,9,E_all_ce_noW,47,0.17711490700003196,2.0,0.75,1.0,1.0,1.0,1.0,1.0,0.9999999999999999,143,0,0,14,157,14,8.92,0.28480993493523926,6.123251025256785e-08,0.9999993433267653,0.08942626806732291
7777,9,G_all_focal_noW,47,0.14094803100010722,2.0,0.75,1.0,1.0,1.0,1.0,1.0,0.9999999999999999,143,0,0,14,157,14,8.92,0.27587159299707315,0.00313941149511809,0.9952202423427006,0.09808174128119142
7777,9,LEGACY_A,44,0.14049257900001066,2.0,0.75,1.0,1.0,1.0,1.0,1.0,0.9999999999999999,143,0,0,14,157,14,8.92,0.2849188742884741,6.516631762168615e-08,0.9999995537170128,0.08940566840542002
7777,10,E_all_ce_noW,47,0.19755254600011085,2.0,0.75,0.9871794871794872,0.9230769230769231,0.9230769230769231,0.9580419580419581,0.9951586874663798,0.9607495069033529,142,1,1,12,156,13,8.33,0.26932312067680564,7.241943804856569e-08,0.9999986866723207,0.08102789003720887
7777,10,G_all_focal_noW,47,0.13200880800002324,2.0,0.75,0.9871794871794872,0.9230769230769231,0.9230769230769231,0.9580419580419581,0.9967724583109199,0.9695730363151176,142,1,1,12,156,13,8.33,0.25874718094653293,0.004780888765537347,0.9948366588635794,0.09034996716751262
7777,10,LEGACY_A,44,0.17089467999994667,2.0,0.75,0.9871794871794872,0.9230769230769231,0.9230769230769231,0.9580419580419581,0.9924690693921463,0.9601139601139601,142,1,1,12,156,13,8.33,0.26164215676276265,4.282312931306502e-08,0.9999995569476645,0.07785411963027979
7777,11,E_all_ce_noW,47,0.15008100599993668,2.0,0.75,0.9936305732484076,1.0,0.9285714285714286,0.9797393212027359,0.9995004995004994,0.9952380952380953,143,0,1,13,157,14,8.92,0.26789540993466304,7.899187644635141e-08,0.9999991215250342,0.08141470274673691
7777,11,G_all_focal_noW,47,0.1213212330000033,2.0,0.75,0.9872611464968153,1.0,0.8571428571428571,0.9580662393162394,1.0,1.0,143,0,2,12,157,14,8.92,0.25506980577565713,0.004690635451191561,0.99440334753914,0.09089344780670389
7777,11,LEGACY_A,44,0.14017531100000724,2.0,0.75,0.9872611464968153,0.9285714285714286,0.9285714285714286,0.9607892107892109,0.9995004995004995,0.9952380952380951,142,1,1,13,157,14,8.92,0.2803946409747701,9.852468594592248e-08,0.9999994873742052,0.0879322336149863
7777,12,E_all_ce_noW,47,0.1608718840000165,2.0,0.75,0.9808917197452229,1.0,0.7857142857142857,0.9348096885813149,0.9985014985014985,0.9873949579831931,143,0,3,11,157,14,8.92,0.25508853461416486,4.978297051902215e-08,0.9999995197674966,0.07297797344039125
7777,12,G_all_focal_noW,47,0.12770641300005536,2.0,0.75,0.9808917197452229,1.0,0.7857142857142857,0.9348096885813149,0.996003996003996,0.974025974025974,143,0,3,11,157,14,8.92,0.24860260302739634,0.0037991969575853603,0.9946890824712411,0.08330188537255825
7777,12,LEGACY_A,44,0.13900912700000845,2.0,0.75,0.9936305732484076,1.0,0.9285714285714286,0.9797393212027359,0.9965034965034965,0.976190476190476,143,0,1,13,157,14,8.92,0.27435845452249374,6.186244035431027e-08,0.999999565236093,0.0824948226666132
7777,13,E_all_ce_noW,47,0.17029576000004454,2.0,0.75,1.0,1.0,1.0,1.0,1.0,1.0,143,0,0,14,157,14,8.92,0.2849701898705794,5.566031051539009e-08,0.9999992432143755,0.08917899292274863
7777,13,G_all_focal_noW,47,0.15018920199997865,2.0,0.75,1.0,1.0,1.0,1.0,1.0,0.9999999999999998,143,0,0,14,157,14,8.92,0.2763177665071147,0.003608246946821618,0.995183938069332,0.0985527985805831
7777,13,LEGACY_A,44,0.1458218840000427,2.0,0.75,1.0,1.0,1.0,1.0,1.0,1.0,143,0,0,14,157,14,8.92,0.2849569756366398,5.074981872863388e-08,0.9999995724718962,0.08928228347600596
7777,14,E_all_ce_noW,47,0.15746127399995657,2.0,0.75,0.9872611464968153,0.9285714285714286,0.9285714285714286,0.9607892107892109,0.9980019980019981,0.9786891679748821,142,1,1,13,157,14,8.92,0.2848022221828017,5.998671365768087e-08,0.9999993059711284,0.09009688538380707
7777,14,G_all_focal_noW,47,0.12240008699995997,2.0,0.75,0.9872611464968153,0.9285714285714286,0.9285714285714286,0.9607892107892109,0.9985014985014985,0.9846415489272633,142,1,1,13,157,14,8.92,0.2751078439855903,0.003718502868492652,0.9942974631900477,0.10115270499327363
7777,14,LEGACY_A,44,0.15489522600000782,2.0,0.75,0.9936305732484076,0.9333333333333333,1.0,0.981004234724743,0.9995004995004995,0.9952380952380951,142,1,0,14,157,14,8.92,0.2897094923646672,4.641450801364817e-08,0.9999996390520379,0.0941302133575893
7777,15,E_all_ce_noW,47,0.15834423100000095,2.0,0.75,0.9871794871794872,0.9230769230769231,0.9230769230769231,0.9580419580419581,0.9973103819257666,0.9759832927253742,142,1,1,12,156,13,8.33,0.273463946644306,7.291142366573903e-08,0.9999990324322852,0.08340035041918509
7777,15,G_all_focal_noW,47,0.1273703410000735,2.0,0.75,0.9871794871794872,0.9230769230769231,0.9230769230769231,0.9580419580419581,0.9978483055406132,0.9796597633136095,142,1,1,12,156,13,8.33,0.2632558282484794,0.0036091767472504915,0.9928118542886879,0.09399285748713958
7777,15,LEGACY_A,44,0.18716355699996257,2.0,0.75,0.9807692307692307,0.8571428571428571,0.9230769230769231,0.9391812865497076,0.9983862291554599,0.9855769230769231,141,2,1,12,156,13,8.33,0.2760153567142455,4.4775973059611265e-08,0.9999995478255916,0.08673254314628737
7777,16,E_all_ce_noW,47,0.1657529940000586,2.0,0.75,0.9872611464968153,1.0,0.8571428571428571,0.9580662393162394,0.994005994005994,0.9634693877551019,143,0,2,12,157,14,8.92,0.26556544158618034,7.184837675466423e-08,0.9999986411449848,0.07697820805482082
7777,16,G_all_focal_noW,47,0.130684603000077,2.0,0.75,0.9872611464968153,1.0,0.8571428571428571,0.9580662393162394,0.988011988011988,0.9468253968253968,143,0,2,12,157,14,8.92,0.2599426558137003,0.004599736492138995,0.9935398665416852,0.08995900577365344
7777,16,LEGACY_A,44,0.14025242100001378,2.0,0.75,0.9872611464968153,1.0,0.8571428571428571,0.9580662393162394,0.9915084915084915,0.9568027210884353,143,0,2,12,157,14,8.92,0.2655680604395062,5.096153702564747e-08,0.9999995639809078,0.07693463364944099
7777,17,E_all_ce_noW,47,0.16880057900004886,2.0,0.75,0.9681528662420382,1.0,0.6428571428571429,0.8827132825339907,0.9985014985014985,0.9846415489272631,143,0,5,9,157,14,8.92,0.23267006000851256,9.035637248801186e-08,0.999999179939376,0.06076297816376551
7777,17,G_all_focal_noW,47,0.15040785799999412,2.0,0.75,0.9745222929936306,1.0,0.7142857142857143,0.9097701149425288,0.9980019980019981,0.9786891679748823,143,0,4,10,157,14,8.92,0.22833570418723834,0.004295710964847349,0.9935310195616279,0.07885674738706384
7777,17,LEGACY_A,44,0.1626042249999955,2.0,0.75,0.9745222929936306,1.0,0.7142857142857143,0.9097701149425288,0.999000999000999,0.9901360544217686,143,0,4,10,157,14,8.92,0.24216760601027892,7.73656924145979e-08,0.9999995745528552,0.06343879658214989
7777,18,E_all_ce_noW,47,0.17126270200003546,2.0,0.75,1.0,1.0,1.0,1.0,1.0,0.9999999999999998,143,0,0,14,157,14,8.92,0.28480660725779905,5.7221817498646515e-08,0.9999993155428131,0.08929746860150968
7777,18,G_all_focal_noW,47,0.15284361300007276,2.0,0.75,1.0,1.0,1.0,1.0,1.0,0.9999999999999998,143,0,0,14,157,14,8.92,0.2763447810406582,0.0034601105209516973,0.9954322551923226,0.10017266683435694
7777,18,LEGACY_A,44,0.15231122199998026,2.0,0.75,1.0,1.0,1.0,1.0,1.0,0.9999999999999999,143,0,0,14,157,14,8.92,0.28472916279212707,5.6672937056754943e-08,0.999999627168926,0.08924226418916839
7777,19,E_all_ce_noW,47,0.16112822800005233,2.0,0.75,0.9872611464968153,1.0,0.8571428571428571,0.9580662393162394,1.0,0.9999999999999999,143,0,2,12,157,14,8.92,0.26510859558514244,1.0453550592035529e-07,0.9999989136304188,0.07810506928098701
7777,19,G_all_focal_noW,47,0.13289541599999666,2.0,0.75,0.9872611464968153,0.9285714285714286,0.9285714285714286,0.9607892107892109,0.9990009990009989,0.9901360544217687,142,1,1,13,157,14,8.92,0.26573674381152673,0.004076128769904976,0.995024033448771,0.09650955332190411
7777,19,LEGACY_A,44,0.14130963699994936,2.0,0.75,0.9872611464968153,0.9285714285714286,0.9285714285714286,0.9607892107892109,0.999000999000999,0.9901360544217687,142,1,1,13,157,14,8.92,0.2776727826837903,6.824568632053863e-08,0.9999995169072302,0.0887457085850773
7777,20,E_all_ce_noW,47,0.17691986900001666,2.0,0.75,0.9935897435897436,0.9285714285714286,1.0,0.9797270955165691,0.9994620763851533,0.9945054945054945,142,1,0,13,156,13,8.33,0.28009403821375767,5.069579064596195e-08,0.9999987904350027,0.08772295252839271
7777,20,G_all_focal_noW,47,0.12017767200006801,2.0,0.75,0.9935897435897436,0.9285714285714286,1.0,0.9797270955165691,0.9994620763851533,0.9945054945054943,142,1,0,13,156,13,8.33,0.26935467341193703,0.003962590554192488,0.9932700469719615,0.09427383925445836
7777,20,LEGACY_A,44,0.16034024700002192,2.0,0.75,1.0,1.0,1.0,1.0,1.0,1.0,143,0,0,13,156,13,8.33,0.2765941611645454,5.0064270639448595e-08,0.9999996119570065,0.08490733945307556
7777,21,E_all_ce_noW,47,0.16233894000004057,2.0,0.75,0.9936305732484076,1.0,0.9285714285714286,0.9797393212027359,0.9995004995004995,0.9952380952380953,143,0,1,13,157,14,8.92,0.2753310167106881,8.901544900884199e-08,0.9999989751604501,0.08280127357276623
7777,21,G_all_focal_noW,47,0.14550641599998926,2.0,0.75,0.9936305732484076,1.0,0.9285714285714286,0.9797393212027359,1.0,0.9999999999999998,143,0,1,13,157,14,8.92,0.26671682516171374,0.0033015702841174724,0.9945203902069731,0.09274293229868605
7777,21,LEGACY_A,44,0.14289340800007722,2.0,0.75,0.9936305732484076,1.0,0.9285714285714286,0.9797393212027359,1.0,0.9999999999999999,143,0,1,13,157,14,8.92,0.2754506064141032,5.5218400795344535e-08,0.999999504634413,0.08294978728233986
7777,22,E_all_ce_noW,47,0.27891575199998897,2.0,0.75,1.0,1.0,1.0,1.0,1.0,1.0,143,0,0,14,157,14,8.92,0.2728679704336122,5.582811591750878e-08,0.9999990717727291,0.08457042613282216
7777,22,G_all_focal_noW,47,0.18465973100001065,2.0,0.75,0.9872611464968153,1.0,0.8571428571428571,0.9580662393162394,1.0,1.0,143,0,2,12,157,14,8.92,0.26201153891060897,0.0039302451743570615,0.9933237466236964,0.09427307773923183
7777,22,LEGACY_A,44,0.25373378200004026,2.0,0.75,0.9872611464968153,1.0,0.8571428571428571,0.9580662393162394,1.0,0.9999999999999999,143,0,2,12,157,14,8.92,0.26761422751707326,4.276107518578483e-08,0.9999996105776552,0.08091027618307431
7777,23,E_all_ce_noW,47,0.2533267449999812,2.0,0.75,0.9808917197452229,0.9230769230769231,0.8571428571428571,0.9392179636082074,0.9985014985014984,0.9846415489272632,142,1,2,12,157,14,8.92,0.26666819085201793,1.0034867885139e-07,0.9999992673294852,0.08416173959690715
7777,23,G_all_focal_noW,47,0.18284544300001926,2.0,0.75,0.9745222929936306,0.8571428571428571,0.8571428571428571,0.9215784215784215,0.997002997002997,0.9713435374149659,141,2,2,12,157,14,8.92,0.2620556793511742,0.0044680605186244,0.9933552572993897,0.0973057027845591
7777,23,LEGACY_A,44,0.2525584259999505,2.0,0.75,0.9808917197452229,0.8666666666666667,0.9285714285714286,0.9430127041742287,0.9975024975024975,0.9812030075187969,141,2,1,13,157,14,8.92,0.2879533585129075,6.998068840808756e-08,0.9999995368641479,0.09444899791951077
7777,24,E_all_ce_noW,47,0.26181531199995334,2.0,0.75,0.9872611464968153,1.0,0.8571428571428571,0.9580662393162394,0.9965034965034965,0.976190476190476,143,0,2,12,157,14,8.92,0.26753255332821413,6.355227109958502e-08,0.9999990421248031,0.07995069667173631
7777,24,G_all_focal_noW,47,0.2069730860000618,2.0,0.75,0.9936305732484076,1.0,0.9285714285714286,0.9797393212027359,0.997002997002997,0.9785714285714284,143,0,1,13,157,14,8.92,0.2602386548597092,0.004786863619422813,0.9934996428516962,0.09124008723828522
7777,24,LEGACY_A,44,0.24042854599997554,2.0,0.75,0.9936305732484076,1.0,0.9285714285714286,0.9797393212027359,0.9935064935064934,0.9656084656084656,143,0,1,13,157,14,8.92,0.2750349802845227,3.6201260745765994e-08,0.999999560593145,0.08281442363796437
7777,25,E_all_ce_noW,47,0.24896523500001422,2.0,0.75,0.9935897435897436,1.0,0.9230769230769231,0.9782578397212544,1.0,1.0,143,0,1,12,156,13,8.33,0.26660668086871836,5.1374231830769754e-08,0.9999995742117699,0.07833137539177118
7777,25,G_all_focal_noW,47,0.22878042399997867,2.0,0.75,0.9935897435897436,1.0,0.9230769230769231,0.9782578397212544,0.9999999999999999,0.9999999999999998,143,0,1,12,156,13,8.33,0.25879093344383836,0.0032998191718955554,0.993429832339904,0.08627828444459908
7777,25,LEGACY_A,44,0.2393827580000334,2.0,0.75,1.0,1.0,1.0,1.0,1.0,0.9999999999999998,143,0,0,13,156,13,8.33,0.2763725747856202,4.7940046255091145e-08,0.9999995763039206,0.08333139411930164
9999,1,E_all_ce_noW,47,0.20220296799993775,2.0,0.75,0.9681528662420382,1.0,0.6428571428571429,0.8827132825339907,1.0,0.9999999999999998,143,0,5,9,157,14,8.92,0.2236466115547024,1.2677770726761725e-07,0.9999985551567415,0.0564993308342046
9999,1,G_all_focal_noW,47,0.14698997899995447,2.0,0.75,0.9745222929936306,1.0,0.7142857142857143,0.9097701149425288,1.0,0.9999999999999999,143,0,4,10,157,14,8.92,0.22262671238069576,0.00586204732545953,0.9919457699841078,0.07371101632343229
9999,1,LEGACY_A,44,0.15495168999996167,2.0,0.75,0.9681528662420382,1.0,0.6428571428571429,0.8827132825339907,0.9990009990009989,0.9910714285714285,143,0,5,9,157,14,8.92,0.2293361492862427,5.178879972332877e-08,0.9999994935009967,0.05874004592455366
9999,2,E_all_ce_noW,47,0.16366465700002664,2.0,0.75,0.9872611464968153,0.9285714285714286,0.9285714285714286,0.9607892107892109,0.9995004995004995,0.9952380952380953,142,1,1,13,157,14,8.92,0.2808393899155421,5.392765490168462e-08,0.9999990177820803,0.08801227595314448
9999,2,G_all_focal_noW,47,0.1260553050000226,2.0,0.75,0.9872611464968153,0.9285714285714286,0.9285714285714286,0.9607892107892109,0.9995004995004995,0.995238095238095,142,1,1,13,157,14,8.92,0.2701414532400135,0.004099556571037293,0.9946941903619438,0.0961732019895637
9999,2,LEGACY_A,44,0.14748963699992146,2.0,0.75,0.9936305732484076,1.0,0.9285714285714286,0.9797393212027359,1.0,1.0,143,0,1,13,157,14,8.92,0.27550097793230727,5.236566121142632e-08,0.9999995886538047,0.08312282590579222
9999,3,E_all_ce_noW,47,0.2018951320000042,2.0,0.75,1.0,1.0,1.0,1.0,1.0,0.9999999999999999,143,0,0,14,157,14,8.92,0.2847413204562323,5.5235149978638014e-08,0.9999992003252678,0.08933050507846671
9999,3,G_all_focal_noW,47,0.13508099499995296,2.0,0.75,1.0,1.0,1.0,1.0,1.0,0.9999999999999999,143,0,0,14,157,14,8.92,0.2774676600676131,0.0035729501208386096,0.9951320891091375,0.10191049226803464
9999,3,LEGACY_A,44,0.15535587500005477,2.0,0.75,1.0,1.0,1.0,1.0,1.0,0.9999999999999998,143,0,0,14,157,14,8.92,0.28491452078865004,4.582167387043958e-08,0.9999996126049593,0.08940148870485645
9999,4,E_all_ce_noW,47,0.1741316119999965,2.0,0.75,0.9872611464968153,1.0,0.8571428571428571,0.9580662393162394,0.9945054945054945,0.9625258799171842,143,0,2,12,157,14,8.92,0.2658039135680891,4.956579351825854e-08,0.9999996432748806,0.08012524760746302
9999,4,G_all_focal_noW,47,0.1303162469999961,2.0,0.75,0.9808917197452229,0.9230769230769231,0.8571428571428571,0.9392179636082074,0.996003996003996,0.9690476190476189,142,1,2,12,157,14,8.92,0.2631260254527713,0.003995617262022633,0.9951800380903411,0.09694191467343986
9999,4,LEGACY_A,44,0.1476006259999849,2.0,0.75,0.9936305732484076,1.0,0.9285714285714286,0.9797393212027359,0.9985014985014985,0.9873949579831931,143,0,1,13,157,14,8.92,0.27562701829322556,4.6224935334270946e-08,0.9999995927156262,0.08987056006446074
9999,5,E_all_ce_noW,47,0.16465056200001982,2.0,0.75,0.9935897435897436,1.0,0.9230769230769231,0.9782578397212544,0.9994620763851533,0.9945054945054945,143,0,1,12,156,13,8.33,0.2663356946250727,5.435543510143822e-08,0.9999993263916455,0.07804931126166799
9999,5,G_all_focal_noW,47,0.15364348700006758,2.0,0.75,0.9935897435897436,1.0,0.9230769230769231,0.9782578397212544,0.9994620763851533,0.9945054945054943,143,0,1,12,156,13,8.33,0.25998917826667706,0.003440395510599378,0.9953507933129913,0.08887728470064823
9999,5,LEGACY_A,44,0.17581969499997285,2.0,0.75,0.9935897435897436,1.0,0.9230769230769231,0.9782578397212544,1.0,1.0,143,0,1,12,156,13,8.33,0.2663860079488571,5.141287423958112e-08,0.9999996289696773,0.07727159503721619
9999,6,E_all_ce_noW,47,0.20844014399995103,2.0,0.75,1.0,1.0,1.0,1.0,1.0,1.0,143,0,0,14,157,14,8.92,0.2848612299703766,6.02788988691326e-08,0.9999988167940543,0.09035852993167826
9999,6,G_all_focal_noW,47,0.13690834099998028,2.0,0.75,1.0,1.0,1.0,1.0,1.0,1.0,143,0,0,14,157,14,8.92,0.2797590468706668,0.004019289752907202,0.9935528089133604,0.10418122703895741
9999,6,LEGACY_A,44,0.1795320429999947,2.0,0.75,1.0,1.0,1.0,1.0,1.0,0.9999999999999999,143,0,0,14,157,14,8.92,0.2849400650372382,4.691157654670703e-08,0.9999995747509304,0.08935027446086131
9999,7,E_all_ce_noW,47,0.15323152399992068,2.0,0.75,0.9872611464968153,1.0,0.8571428571428571,0.9580662393162394,1.0,1.0,143,0,2,12,157,14,8.92,0.26067562768977043,8.924663181758335e-08,0.9999986292387344,0.07721082716126614
9999,7,G_all_focal_noW,47,0.13380692099997304,2.0,0.75,0.9936305732484076,1.0,0.9285714285714286,0.9797393212027359,1.0,0.9999999999999999,143,0,1,13,157,14,8.92,0.2469167529558279,0.004126687069208755,0.9919170357821647,0.08569205924209522
9999,7,LEGACY_A,44,0.17282648600007633,2.0,0.75,0.9936305732484076,1.0,0.9285714285714286,0.9797393212027359,1.0,0.9999999999999999,143,0,1,13,157,14,8.92,0.26726614165415874,6.539814425394579e-08,0.9999995218051847,0.07968399471238641
9999,8,E_all_ce_noW,47,0.16053912000006676,2.0,0.75,0.9936305732484076,1.0,0.9285714285714286,0.9797393212027359,1.0,1.0,143,0,1,13,157,14,8.92,0.27662507992123453,4.105348593266314e-08,0.9999993837110451,0.08551411311764907
9999,8,G_all_focal_noW,47,0.13308759500000633,2.0,0.75,0.9936305732484076,1.0,0.9285714285714286,0.9797393212027359,1.0,1.0,143,0,1,13,157,14,8.92,0.26826416116762736,0.0037512690439975333,0.9955283335130675,0.09577626672553505
9999,8,LEGACY_A,44,0.1507385740000018,2.0,0.75,1.0,1.0,1.0,1.0,1.0,0.9999999999999999,143,0,0,14,157,14,8.92,0.28498338088497754,4.2775952182691166e-08,0.9999996431868535,0.08918948976532481
9999,9,E_all_ce_noW,47,0.19467467100002978,2.0,0.75,1.0,1.0,1.0,1.0,1.0,0.9999999999999999,143,0,0,14,157,14,8.92,0.2841968270509119,4.8050629192467394e-08,0.9999991011633701,0.08902718687175393
9999,9,G_all_focal_noW,47,0.13253118499994798,2.0,0.75,1.0,1.0,1.0,1.0,1.0,1.0,143,0,0,14,157,14,8.92,0.2710384966753602,0.0037830473393848894,0.9915262899377516,0.09896859823548786
9999,9,LEGACY_A,44,0.1775144090000822,2.0,0.75,0.9936305732484076,0.9333333333333333,1.0,0.981004234724743,1.0,0.9999999999999999,142,1,0,14,157,14,8.92,0.28571784158903574,4.782928338218938e-08,0.9999996074815674,0.09300621931155954
9999,10,E_all_ce_noW,47,0.1943604040000082,2.0,0.75,0.9743589743589743,0.8461538461538461,0.8461538461538461,0.916083916083916,0.9946207638515331,0.9539136302294193,141,2,2,11,156,13,8.33,0.2684193745321204,8.099628143574222e-08,0.9999991216229701,0.08027880475469663
9999,10,G_all_focal_noW,47,0.13066547000005357,2.0,0.75,0.9743589743589743,0.8461538461538461,0.8461538461538461,0.916083916083916,0.9935449166218397,0.951132201132201,141,2,2,11,156,13,8.33,0.25838243558221363,0.006272520543339858,0.9931231442283208,0.09219601177192842
9999,10,LEGACY_A,44,0.1889707919999637,2.0,0.75,0.9743589743589743,0.8461538461538461,0.8461538461538461,0.916083916083916,0.993006993006993,0.9511705685618728,141,2,2,11,156,13,8.33,0.2760953751069455,7.199924454589306e-08,0.9999995410644246,0.08338251478076177
9999,11,E_all_ce_noW,47,0.15772039099999802,2.0,0.75,1.0,1.0,1.0,1.0,1.0,0.9999999999999998,143,0,0,14,157,14,8.92,0.2827299889098261,8.011294370052277e-08,0.999999304285873,0.08994927655946892
9999,11,G_all_focal_noW,47,0.13600118600004407,2.0,0.75,0.9872611464968153,0.9285714285714286,0.9285714285714286,0.9607892107892109,0.9995004995004995,0.9952380952380953,142,1,1,13,157,14,8.92,0.27379526523480163,0.0037715566945284136,0.9943287977292442,0.09902101588882857
9999,11,LEGACY_A,44,0.14560115899996617,2.0,0.75,0.9936305732484076,0.9333333333333333,1.0,0.981004234724743,1.0,0.9999999999999998,142,1,0,14,157,14,8.92,0.2875730559848821,5.090560306256862e-08,0.9999995432001644,0.09313527158415619
9999,12,E_all_ce_noW,47,0.13829544099996838,2.0,0.75,0.9745222929936306,1.0,0.7142857142857143,0.9097701149425288,0.9655344655344655,0.8727094611429476,143,0,4,10,157,14,8.92,0.24368530302928013,9.791281495406668e-08,0.999997598719114,0.0646484894258439
9999,12,G_all_focal_noW,47,0.1119187660000307,2.0,0.75,0.9745222929936306,1.0,0.7142857142857143,0.9097701149425288,0.974025974025974,0.8815331010452961,143,0,4,10,157,14,8.92,0.23266847982369931,0.007053054843750416,0.9892687704252723,0.07285417256103621
9999,12,LEGACY_A,44,0.16419227400001546,2.0,0.75,0.9808917197452229,1.0,0.7857142857142857,0.9348096885813149,0.9560439560439561,0.8556122448979592,143,0,3,11,157,14,8.92,0.25429772488179947,5.107725791895907e-08,0.999999542955033,0.06985272510982192
9999,13,E_all_ce_noW,47,0.1865174099999649,2.0,0.75,0.9872611464968153,1.0,0.8571428571428571,0.9580662393162394,1.0,0.9999999999999999,143,0,2,12,157,14,8.92,0.26598979876564516,5.5713306657556636e-08,0.9999991734609371,0.07856524095741767
9999,13,G_all_focal_noW,47,0.1327933899999607,2.0,0.75,0.9872611464968153,1.0,0.8571428571428571,0.9580662393162394,0.9995004995004995,0.9952380952380953,143,0,2,12,157,14,8.92,0.25835885794995017,0.0034126208158270265,0.9947070026510666,0.09193683704383318
9999,13,LEGACY_A,44,0.1407888499999217,2.0,0.75,0.9872611464968153,1.0,0.8571428571428571,0.9580662393162394,1.0,1.0,143,0,2,12,157,14,8.92,0.2655185873340618,6.570175826757818e-08,0.9999996129175188,0.07741441270182647
9999,14,E_all_ce_noW,47,0.270102032000068,2.0,0.75,0.9745222929936306,0.8125,0.9285714285714286,0.9262910798122066,0.9955044955044956,0.9560617078999432,140,3,1,13,157,14,8.92,0.300770914641214,6.846100549829229e-08,0.9999992887133761,0.10140207450419193
9999,14,G_all_focal_noW,47,0.19733289600003445,2.0,0.75,0.9745222929936306,0.8125,0.9285714285714286,0.9262910798122066,0.994005994005994,0.9362727666824304,140,3,1,13,157,14,8.92,0.2863225105519624,0.004436197383338326,0.9944883177960416,0.10909966091985947
9999,14,LEGACY_A,44,0.24460120699995969,2.0,0.75,0.9808917197452229,0.8666666666666667,0.9285714285714286,0.9430127041742287,0.9975024975024975,0.9778711484593836,141,2,1,13,157,14,8.92,0.29413775553801225,4.418085850480988e-08,0.9999996051744087,0.09874022305206516
9999,15,E_all_ce_noW,47,0.26544859599994197,2.0,0.75,0.9935897435897436,1.0,0.9230769230769231,0.9782578397212544,1.0,1.0,143,0,1,12,156,13,8.33,0.26482204831440675,4.848381219525522e-08,0.9999986374435812,0.07806869127359176
9999,15,G_all_focal_noW,47,0.20736158900001556,2.0,0.75,0.9935897435897436,1.0,0.9230769230769231,0.9782578397212544,1.0,0.9999999999999998,143,0,1,12,156,13,8.33,0.25311964868362896,0.003361843040698858,0.9909939137040602,0.08592016640750084
9999,15,LEGACY_A,44,0.2423034150000376,2.0,0.75,1.0,1.0,1.0,1.0,1.0,1.0,143,0,0,13,156,13,8.33,0.26918932359740905,3.923781070641945e-08,0.9999995393248289,0.08097628541161075
9999,16,E_all_ce_noW,47,0.2654933889999711,2.0,0.75,0.9872611464968153,1.0,0.8571428571428571,0.9580662393162394,1.0,1.0,143,0,2,12,157,14,8.92,0.264525663864029,7.225731145409026e-08,0.999999055663803,0.07889533255076717
9999,16,G_all_focal_noW,47,0.18129836699995394,2.0,0.75,0.9872611464968153,1.0,0.8571428571428571,0.9580662393162394,1.0,0.9999999999999999,143,0,2,12,157,14,8.92,0.24596787513563545,0.0048652918793564166,0.9919367593738584,0.08531642166294585
9999,16,LEGACY_A,44,0.23369876200001727,2.0,0.75,0.9936305732484076,1.0,0.9285714285714286,0.9797393212027359,1.0,1.0,143,0,1,13,157,14,8.92,0.264452672156232,6.198400135879679e-08,0.9999995785733495,0.07984064384697469
9999,17,E_all_ce_noW,47,0.270179404999908,2.0,0.75,0.9808917197452229,0.9230769230769231,0.8571428571428571,0.9392179636082074,0.9980019980019981,0.9822929171668666,142,1,2,12,157,14,8.92,0.2751206005985042,5.272075443839697e-08,0.9999994472306826,0.08332834328749575
9999,17,G_all_focal_noW,47,0.1716924669999571,2.0,0.75,0.9808917197452229,0.9230769230769231,0.8571428571428571,0.9392179636082074,0.996003996003996,0.9710884353741496,142,1,2,12,157,14,8.92,0.26737593753982536,0.004390332879316591,0.9950189825190948,0.09328949705565859
9999,17,LEGACY_A,44,0.2901127860000088,2.0,0.75,0.9872611464968153,0.9285714285714286,0.9285714285714286,0.9607892107892109,0.9925074925074925,0.9591836734693877,142,1,1,13,157,14,8.92,0.2802308277191214,6.895740866943091e-08,0.9999995247897897,0.08758618531128491
9999,18,E_all_ce_noW,47,0.1650018209999189,2.0,0.75,0.9936305732484076,0.9333333333333333,1.0,0.981004234724743,1.0,1.0,142,1,0,14,157,14,8.92,0.2917835589225065,6.003292673577374e-08,0.999998879255632,0.09519819878550194
9999,18,G_all_focal_noW,47,0.1404221029999917,2.0,0.75,0.9936305732484076,0.9333333333333333,1.0,0.981004234724743,1.0,1.0,142,1,0,14,157,14,8.92,0.28342218171571454,0.003655307105515038,0.9919014062858057,0.10749585686419721
9999,18,LEGACY_A,44,0.1591849279999451,2.0,0.75,1.0,1.0,1.0,1.0,1.0,0.9999999999999999,143,0,0,14,157,14,8.92,0.28489287925060225,3.950533025303099e-08,0.9999995646975389,0.08969156096266727
9999,19,E_all_ce_noW,47,0.16632330699997055,2.0,0.75,0.9936305732484076,1.0,0.9285714285714286,0.9797393212027359,1.0,0.9999999999999999,143,0,1,13,157,14,8.92,0.27717956403600374,6.032815128396107e-08,0.9999994135689068,0.0861236328575727
9999,19,G_all_focal_noW,47,0.14905754199992316,2.0,0.75,1.0,1.0,1.0,1.0,1.0,0.9999999999999999,143,0,0,14,157,14,8.92,0.2710730556737751,0.003081717578815491,0.9935665324248231,0.09715612721548576
9999,19,LEGACY_A,44,0.1597235740000542,2.0,0.75,1.0,1.0,1.0,1.0,1.0,1.0,143,0,0,14,157,14,8.92,0.28308929772206026,4.5220670637466454e-08,0.999999589866455,0.08867324697596751
9999,20,E_all_ce_noW,47,0.16181382499996744,2.0,0.75,1.0,1.0,1.0,1.0,1.0,1.0,143,0,0,13,156,13,8.33,0.27594607975806656,5.487421623426286e-08,0.9999992258480603,0.08325828403550999
9999,20,G_all_focal_noW,47,0.13455880200001502,2.0,0.75,1.0,1.0,1.0,1.0,1.0,1.0,143,0,0,13,156,13,8.33,0.26495147876067304,0.0030619513819002864,0.9938736808763265,0.09147917446500899
9999,20,LEGACY_A,44,0.1631663829999752,2.0,0.75,1.0,1.0,1.0,1.0,1.0,1.0,143,0,0,13,156,13,8.33,0.2764210219545441,4.5900550411181177e-08,0.9999996132612371,0.08514686656680058
9999,21,E_all_ce_noW,47,0.15706678600008672,2.0,0.75,0.9872611464968153,1.0,0.8571428571428571,0.9580662393162394,0.9375624375624375,0.8825108225108225,143,0,2,12,157,14,8.92,0.264711131705487,5.305075805155909e-08,0.999998618457435,0.07615379457285429
9999,21,G_all_focal_noW,47,0.11927825500004019,2.0,0.75,0.9872611464968153,1.0,0.8571428571428571,0.9580662393162394,0.9395604395604394,0.8831975772765246,143,0,2,12,157,14,8.92,0.25072298891332584,0.003793138532536089,0.9930999361495081,0.08107578915214296
9999,21,LEGACY_A,44,0.14005479900004048,2.0,0.75,0.9872611464968153,1.0,0.8571428571428571,0.9580662393162394,0.9670329670329672,0.898611111111111,143,0,2,12,157,14,8.92,0.2636481598423522,3.9223490555448655e-08,0.9999995836171107,0.07582522148735872
9999,22,E_all_ce_noW,47,0.17828083699998842,2.0,0.75,0.9936305732484076,1.0,0.9285714285714286,0.9797393212027359,0.9995004995004995,0.9952380952380953,143,0,1,13,157,14,8.92,0.27495859845268017,4.8493739032965156e-08,0.9999994518089049,0.08794746851695677
9999,22,G_all_focal_noW,47,0.1559548080000468,2.0,0.75,0.9872611464968153,0.9285714285714286,0.9285714285714286,0.9607892107892109,0.999000999000999,0.9901360544217686,142,1,1,13,157,14,8.92,0.2692109916072617,0.0035832568281376547,0.9957224741943603,0.10235687163297558
9999,22,LEGACY_A,44,0.1475687199999811,2.0,0.75,1.0,1.0,1.0,1.0,1.0,0.9999999999999999,143,0,0,14,157,14,8.92,0.2844878684026762,3.9478857241973176e-08,0.999999593170895,0.09092188212294437
9999,23,E_all_ce_noW,47,0.1650062580000622,2.0,0.75,1.0,1.0,1.0,1.0,1.0,1.0,143,0,0,14,157,14,8.92,0.2714505029603855,1.0733018420146134e-07,0.9999990387560512,0.08392016946832523
9999,23,G_all_focal_noW,47,0.16401272200005224,2.0,0.75,0.9872611464968153,1.0,0.8571428571428571,0.9580662393162394,0.999000999000999,0.9901360544217688,143,0,2,12,157,14,8.92,0.26015076816485505,0.004567808930665329,0.9930697869835062,0.0915515756516581
9999,23,LEGACY_A,44,0.20513793100008115,2.0,0.75,0.9936305732484076,1.0,0.9285714285714286,0.9797393212027359,0.9995004995004995,0.9952380952380953,143,0,1,13,157,14,8.92,0.2701238564035563,5.082034566462287e-08,0.9999995851599062,0.08459263171158764
9999,24,E_all_ce_noW,47,0.17188114600003246,2.0,0.75,0.9872611464968153,0.9285714285714286,0.9285714285714286,0.9607892107892109,0.999000999000999,0.9910714285714286,142,1,1,13,157,14,8.92,0.28482598123538533,8.814305405667013e-08,0.9999992710150553,0.0894016169817883
9999,24,G_all_focal_noW,47,0.13453422999998566,2.0,0.75,0.9872611464968153,0.9285714285714286,0.9285714285714286,0.9607892107892109,0.9985014985014984,0.9859693877551019,142,1,1,13,157,14,8.92,0.27679335719386233,0.00415093043630215,0.9948051630479033,0.10026901001245009
9999,24,LEGACY_A,44,0.17229923100001088,2.0,0.75,0.9808917197452229,0.8666666666666667,0.9285714285714286,0.9430127041742287,0.9990009990009989,0.9910714285714285,141,2,1,13,157,14,8.92,0.2900252812600959,6.178425175844257e-08,0.9999995624784339,0.09461507868822733
9999,25,E_all_ce_noW,47,0.1529814109999279,2.0,0.75,0.9935897435897436,1.0,0.9230769230769231,0.9782578397212544,0.9962345346960731,0.973076923076923,143,0,1,12,156,13,8.33,0.2539237797301399,6.587573607414427e-08,0.999998937605203,0.0724363205648211
9999,25,G_all_focal_noW,47,0.13281408500006364,2.0,0.75,0.9935897435897436,1.0,0.9230769230769231,0.9782578397212544,0.9973103819257665,0.9786324786324785,143,0,1,12,156,13,8.33,0.2468426078435436,0.004444014277212032,0.9937643455388836,0.08147673268299786
9999,25,LEGACY_A,44,0.1762234029999945,2.0,0.75,0.9935897435897436,1.0,0.9230769230769231,0.9782578397212544,0.9924690693921463,0.9601139601139599,143,0,1,12,156,13,8.33,0.2663483507731502,5.3283934303234494e-08,0.9999995736532082,0.07691720108271602
