seed,fold,arm,n_features,fit_seconds,gamma,alpha,accuracy,precision,recall,macro_f1,auc_roc,auc_pr,tn,fp,fn,tp,n,n_positive,base_rate_pct,pred_std,pred_min,pred_max,pred_mean
42,1,A_raw_ce_noW,44,0.25246815800005606,2.0,0.75,1.0,1.0,1.0,1.0,1.0,0.9999999999999999,143,0,0,14,157,14,8.92,0.28277896157892524,6.248143999432815e-08,0.999999119647056,0.09011823822527046
42,1,B_raw_ce_W,44,0.25361360500005503,2.0,0.75,0.9936305732484076,0.9333333333333333,1.0,0.981004234724743,1.0,0.9999999999999998,142,1,0,14,157,14,8.92,0.2899984892229265,1.3870705948018708e-07,0.9999997184229847,0.096159405797325
42,1,C_raw_focal_noW,44,0.20950993999986167,2.0,0.75,0.9936305732484076,0.9333333333333333,1.0,0.981004234724743,1.0,0.9999999999999999,142,1,0,14,157,14,8.92,0.27836610725846267,0.002519133850902314,0.9935387400645241,0.10503570409462777
42,1,D_raw_focal_W,44,0.13623259099995266,2.0,0.75,0.9936305732484076,0.9333333333333333,1.0,0.981004234724743,1.0,0.9999999999999999,142,1,0,14,157,14,8.92,0.27836610725846267,0.002519133850902314,0.9935387400645241,0.10503570409462777
42,1,E_all_ce_noW,47,0.2076283929998226,2.0,0.75,1.0,1.0,1.0,1.0,1.0,0.9999999999999998,143,0,0,14,157,14,8.92,0.2840283071915198,7.773191776720131e-08,0.9999989271978713,0.09013457201476689
42,1,F_all_ce_W,47,0.198893155000178,2.0,0.75,1.0,1.0,1.0,1.0,1.0,0.9999999999999998,143,0,0,14,157,14,8.92,0.2846622960221977,1.780592744523668e-07,0.9999996954602376,0.09100968101607444
42,1,G_all_focal_noW,47,0.16807487799997034,2.0,0.75,1.0,1.0,1.0,1.0,1.0,1.0,143,0,0,14,157,14,8.92,0.276346920808293,0.003139030300479555,0.9956387427973291,0.10344015761282838
42,1,H_all_focal_W,47,0.14327453100008825,2.0,0.75,1.0,1.0,1.0,1.0,1.0,1.0,143,0,0,14,157,14,8.92,0.276346920808293,0.003139030300479555,0.9956387427973291,0.10344015761282838
42,1,LEGACY_A,44,0.1617657709998639,2.0,0.75,0.9936305732484076,0.9333333333333333,1.0,0.981004234724743,1.0,0.9999999999999998,142,1,0,14,157,14,8.92,0.2898169846443595,4.491722663284232e-08,0.9999995535390466,0.0963317844353818
42,2,A_raw_ce_noW,44,0.22651547300006314,2.0,0.75,0.9872611464968153,1.0,0.8571428571428571,0.9580662393162394,1.0,1.0,143,0,2,12,157,14,8.92,0.2630484374032591,7.014567996402318e-08,0.9999992512089535,0.07658652451880128
42,2,B_raw_ce_W,44,0.20906366999997772,2.0,0.75,0.9872611464968153,1.0,0.8571428571428571,0.9580662393162394,1.0,1.0,143,0,2,12,157,14,8.92,0.26553521050049506,1.5286870019325505e-07,0.9999997690462441,0.07696374097902818
42,2,C_raw_focal_noW,44,0.13718819900009294,2.0,0.75,0.9872611464968153,1.0,0.8571428571428571,0.9580662393162394,1.0,0.9999999999999998,143,0,2,12,157,14,8.92,0.2557535676510519,0.004822021448482579,0.9932701238677255,0.08950723652255423
42,2,D_raw_focal_W,44,0.14372990099991512,2.0,0.75,0.9872611464968153,1.0,0.8571428571428571,0.9580662393162394,1.0,0.9999999999999998,143,0,2,12,157,14,8.92,0.2557535676510519,0.004822021448482579,0.9932701238677255,0.08950723652255423
42,2,E_all_ce_noW,47,0.19718424200004847,2.0,0.75,0.9872611464968153,1.0,0.8571428571428571,0.9580662393162394,0.9999999999999999,0.9999999999999998,143,0,2,12,157,14,8.92,0.26441545759412155,6.504868493883457e-08,0.9999991884929711,0.0767025346711034
42,2,F_all_ce_W,47,0.20459231800009547,2.0,0.75,0.9872611464968153,1.0,0.8571428571428571,0.9580662393162394,0.9995004995004995,0.995238095238095,143,0,2,12,157,14,8.92,0.2661781758584841,1.5692848509428784e-07,0.9999997984526701,0.08070578084087021
42,2,G_all_focal_noW,47,0.14159488400014197,2.0,0.75,0.9872611464968153,1.0,0.8571428571428571,0.9580662393162394,1.0,1.0,143,0,2,12,157,14,8.92,0.25710404478993926,0.0035844818118798733,0.9937422844893323,0.08945063056873809
42,2,H_all_focal_W,47,0.2609306900001229,2.0,0.75,0.9872611464968153,1.0,0.8571428571428571,0.9580662393162394,1.0,1.0,143,0,2,12,157,14,8.92,0.25710404478993926,0.0035844818118798733,0.9937422844893323,0.08945063056873809
42,2,LEGACY_A,44,0.22748090300001422,2.0,0.75,0.9872611464968153,1.0,0.8571428571428571,0.9580662393162394,1.0,1.0,143,0,2,12,157,14,8.92,0.2665309325678401,7.743580981320771e-08,0.9999995746308079,0.07892385659510984
42,3,A_raw_ce_noW,44,0.3502158349999718,2.0,0.75,0.9936305732484076,0.9333333333333333,1.0,0.981004234724743,1.0,0.9999999999999999,142,1,0,14,157,14,8.92,0.2924904169154964,5.5084719835695695e-08,0.9999985526998064,0.09567130816471278
42,3,B_raw_ce_W,44,0.31315233800000897,2.0,0.75,0.9936305732484076,0.9333333333333333,1.0,0.981004234724743,1.0,0.9999999999999999,142,1,0,14,157,14,8.92,0.2936684462198568,1.415142055296698e-07,0.9999996807395388,0.09709925270578688
42,3,C_raw_focal_noW,44,0.13642753500016624,2.0,0.75,0.9936305732484076,0.9333333333333333,1.0,0.981004234724743,0.9995004995004996,0.9952380952380953,142,1,0,14,157,14,8.92,0.27820375703509737,0.002903854133706574,0.9962989083040784,0.10514491281317634
42,3,D_raw_focal_W,44,0.16873594000003322,2.0,0.75,0.9936305732484076,0.9333333333333333,1.0,0.981004234724743,0.9995004995004996,0.9952380952380953,142,1,0,14,157,14,8.92,0.27820375703509737,0.002903854133706574,0.9962989083040784,0.10514491281317634
42,3,E_all_ce_noW,47,0.38182385400000385,2.0,0.75,0.9872611464968153,0.875,1.0,0.9631455399061033,0.9995004995004995,0.9952380952380953,141,2,0,14,157,14,8.92,0.3006857154591841,5.960499980283145e-08,0.9999985707387327,0.10147703784072964
42,3,F_all_ce_W,47,0.45152377600015825,2.0,0.75,0.9872611464968153,0.875,1.0,0.9631455399061033,0.999000999000999,0.9910714285714286,141,2,0,14,157,14,8.92,0.30173443827554547,1.5770194444158236e-07,0.9999996801587397,0.10234043887441599
42,3,G_all_focal_noW,47,0.15284608799993293,2.0,0.75,0.9872611464968153,0.875,1.0,0.9631455399061033,0.999000999000999,0.9910714285714286,141,2,0,14,157,14,8.92,0.28466878774592547,0.003425429461186279,0.9954769979761459,0.10778253309947362
42,3,H_all_focal_W,47,0.21201568099991164,2.0,0.75,0.9872611464968153,0.875,1.0,0.9631455399061033,0.999000999000999,0.9910714285714286,141,2,0,14,157,14,8.92,0.28466878774592547,0.003425429461186279,0.9954769979761459,0.10778253309947362
42,3,LEGACY_A,44,0.6942915509998784,2.0,0.75,0.9936305732484076,0.9333333333333333,1.0,0.981004234724743,1.0,0.9999999999999999,142,1,0,14,157,14,8.92,0.28954295536398494,3.334395359334169e-08,0.9999996450466991,0.09530411667761131
42,4,A_raw_ce_noW,44,0.4194374200001221,2.0,0.75,1.0,1.0,1.0,1.0,1.0,0.9999999999999999,143,0,0,14,157,14,8.92,0.28488583167701287,6.005254224452738e-08,0.9999991436487342,0.08919992954918032
42,4,B_raw_ce_W,44,0.7995654429998922,2.0,0.75,1.0,1.0,1.0,1.0,1.0,0.9999999999999999,143,0,0,14,157,14,8.92,0.2849592571600081,1.5108482278420025e-07,0.9999997972612928,0.0892171272732461
42,4,C_raw_focal_noW,44,0.7733915159999469,2.0,0.75,1.0,1.0,1.0,1.0,1.0,1.0,143,0,0,14,157,14,8.92,0.2756597895505758,0.004425661962250243,0.9940076725797657,0.09747990482471204
42,4,D_raw_focal_W,44,0.6283734700000423,2.0,0.75,1.0,1.0,1.0,1.0,1.0,1.0,143,0,0,14,157,14,8.92,0.2756597895505758,0.004425661962250243,0.9940076725797657,0.09747990482471204
42,4,E_all_ce_noW,47,0.7319727690000946,2.0,0.75,0.9936305732484076,1.0,0.9285714285714286,0.9797393212027359,1.0,1.0,143,0,1,13,157,14,8.92,0.27641348737336197,5.7785116246142826e-08,0.9999996573186747,0.08600519852958406
42,4,F_all_ce_W,47,0.6637093609999738,2.0,0.75,0.9936305732484076,0.9333333333333333,1.0,0.981004234724743,0.9995004995004995,0.9952380952380953,142,1,0,14,157,14,8.92,0.28494249097859714,1.9779958833870875e-07,0.999999775364831,0.09216221476189906
42,4,G_all_focal_noW,47,0.4071118970000498,2.0,0.75,0.9936305732484076,1.0,0.9285714285714286,0.9797393212027359,0.9995004995004995,0.9952380952380953,143,0,1,13,157,14,8.92,0.2704429300611255,0.003918250537093331,0.9956904318834611,0.09651730965286912
42,4,H_all_focal_W,47,0.7088226270000177,2.0,0.75,0.9936305732484076,1.0,0.9285714285714286,0.9797393212027359,0.9995004995004995,0.9952380952380953,143,0,1,13,157,14,8.92,0.2704429300611255,0.003918250537093331,0.9956904318834611,0.09651730965286912
42,4,LEGACY_A,44,0.6998087560000386,2.0,0.75,1.0,1.0,1.0,1.0,1.0,0.9999999999999999,143,0,0,14,157,14,8.92,0.2848710048510599,4.810940857666468e-08,0.9999996011670994,0.08953679074055658
42,5,A_raw_ce_noW,44,0.34052183199992214,2.0,0.75,0.9807692307692307,1.0,0.7692307692307693,0.929592297276967,0.9908552985476062,0.9564102564102563,143,0,3,10,156,13,8.33,0.24349554735773038,7.878751216243446e-08,0.9999989192397482,0.06430980817152952
42,5,B_raw_ce_W,44,0.3854294130001108,2.0,0.75,0.9807692307692307,1.0,0.7692307692307693,0.929592297276967,0.9935449166218396,0.9630769230769229,143,0,3,10,156,13,8.33,0.24479046313873942,1.47899413128291e-07,0.9999997852944303,0.06573908508366323
42,5,C_raw_focal_noW,44,0.3184236699999019,2.0,0.75,0.9807692307692307,1.0,0.7692307692307693,0.929592297276967,0.9935449166218397,0.9542277677729183,143,0,3,10,156,13,8.33,0.22844028524784948,0.0036978900992628155,0.9930878708757244,0.07396079571325405
42,5,D_raw_focal_W,44,0.28266368300000977,2.0,0.75,0.9807692307692307,1.0,0.7692307692307693,0.929592297276967,0.9935449166218397,0.9542277677729183,143,0,3,10,156,13,8.33,0.22844028524784948,0.0036978900992628155,0.9930878708757244,0.07396079571325405
42,5,E_all_ce_noW,47,0.33116565799991804,2.0,0.75,0.9807692307692307,1.0,0.7692307692307693,0.929592297276967,0.9983862291554599,0.9838264299802761,143,0,3,10,156,13,8.33,0.24228698599362566,6.768084515621094e-08,0.9999982490651056,0.06520804705182294
42,5,F_all_ce_W,47,0.49545681900008276,2.0,0.75,0.9871794871794872,1.0,0.8461538461538461,0.9548611111111112,0.9983862291554599,0.9838264299802759,143,0,2,11,156,13,8.33,0.24919251566160086,1.4831340029671814e-07,0.9999997340115901,0.06930442283636257
42,5,G_all_focal_noW,47,0.5722659479999948,2.0,0.75,0.9807692307692307,1.0,0.7692307692307693,0.929592297276967,0.9989241527703066,0.9897435897435898,143,0,3,10,156,13,8.33,0.22671327771730648,0.005254966267708679,0.9913251525981164,0.07465317217074753
42,5,H_all_focal_W,47,0.3524627290000808,2.0,0.75,0.9807692307692307,1.0,0.7692307692307693,0.929592297276967,0.9989241527703066,0.9897435897435898,143,0,3,10,156,13,8.33,0.22671327771730648,0.005254966267708679,0.9913251525981164,0.07465317217074753
42,5,LEGACY_A,44,0.3102151699999922,2.0,0.75,0.9807692307692307,1.0,0.7692307692307693,0.929592297276967,0.9940828402366865,0.9647435897435896,143,0,3,10,156,13,8.33,0.24455253162574114,7.173268844865847e-08,0.9999995441182561,0.0651438247978189
42,6,A_raw_ce_noW,44,0.14989555600004678,2.0,0.75,1.0,1.0,1.0,1.0,1.0,0.9999999999999998,143,0,0,14,157,14,8.92,0.28498556599750086,6.900982508897702e-08,0.9999992557989298,0.08918596411778028
42,6,B_raw_ce_W,44,0.15800469400005568,2.0,0.75,1.0,1.0,1.0,1.0,1.0,0.9999999999999998,143,0,0,14,157,14,8.92,0.284975055296308,1.5199777478748702e-07,0.9999997309937301,0.089224778728145
42,6,C_raw_focal_noW,44,0.13803976600001988,2.0,0.75,1.0,1.0,1.0,1.0,1.0,1.0,143,0,0,14,157,14,8.92,0.27928150285268993,0.00395644786467515,0.9952210258108602,0.09821004691381224
42,6,D_raw_focal_W,44,0.11837192699999832,2.0,0.75,1.0,1.0,1.0,1.0,1.0,1.0,143,0,0,14,157,14,8.92,0.27928150285268993,0.00395644786467515,0.9952210258108602,0.09821004691381224
42,6,E_all_ce_noW,47,0.16006987400010075,2.0,0.75,1.0,1.0,1.0,1.0,1.0,0.9999999999999999,143,0,0,14,157,14,8.92,0.28496034827941324,5.477457304956187e-08,0.9999991151099125,0.08923843459919889
42,6,F_all_ce_W,47,0.18574893599998177,2.0,0.75,1.0,1.0,1.0,1.0,1.0,0.9999999999999999,143,0,0,14,157,14,8.92,0.2849221419114651,1.5371145298035714e-07,0.9999996072637186,0.08946112097577842
42,6,G_all_focal_noW,47,0.12668150300009984,2.0,0.75,1.0,1.0,1.0,1.0,1.0,0.9999999999999999,143,0,0,14,157,14,8.92,0.27931086727355164,0.003393991243181832,0.9950671587626495,0.09680187327468882
42,6,H_all_focal_W,47,0.1195259520000036,2.0,0.75,1.0,1.0,1.0,1.0,1.0,0.9999999999999999,143,0,0,14,157,14,8.92,0.27931086727355164,0.003393991243181832,0.9950671587626495,0.09680187327468882
42,6,LEGACY_A,44,0.1902081820001058,2.0,0.75,1.0,1.0,1.0,1.0,1.0,0.9999999999999998,143,0,0,14,157,14,8.92,0.28493574718988457,4.676051877736309e-08,0.9999996045126983,0.08938726944363105
42,7,A_raw_ce_noW,44,0.13605731799998466,2.0,0.75,0.9745222929936306,0.8571428571428571,0.8571428571428571,0.9215784215784215,0.9925074925074926,0.9407164393577436,141,2,2,12,157,14,8.92,0.27734356262052107,1.0210264569629757e-07,0.9999990578694914,0.08713504532760344
42,7,B_raw_ce_W,44,0.1765902129998267,2.0,0.75,0.9745222929936306,0.8571428571428571,0.8571428571428571,0.9215784215784215,0.9925074925074925,0.9517647058823528,141,2,2,12,157,14,8.92,0.2791762873445454,1.7977155662901353e-07,0.999999765031819,0.0894516197737102
42,7,C_raw_focal_noW,44,0.09917495600006987,2.0,0.75,0.9745222929936306,0.8571428571428571,0.8571428571428571,0.9215784215784215,0.9905094905094904,0.923638546327622,141,2,2,12,157,14,8.92,0.25983263899387193,0.006768190154668377,0.9919067558952339,0.09924338853831291
42,7,D_raw_focal_W,44,0.09741220499995507,2.0,0.75,0.9745222929936306,0.8571428571428571,0.8571428571428571,0.9215784215784215,0.9905094905094904,0.923638546327622,141,2,2,12,157,14,8.92,0.25983263899387193,0.006768190154668377,0.9919067558952339,0.09924338853831291
42,7,E_all_ce_noW,47,0.15053973199997017,2.0,0.75,0.9617834394904459,0.75,0.8571428571428571,0.8894366197183099,0.9935064935064936,0.9438243129419599,139,4,2,12,157,14,8.92,0.2980320738004329,1.1055357172587381e-07,0.9999990318446165,0.10032147562557085
42,7,F_all_ce_W,47,0.17737309300014203,2.0,0.75,0.9617834394904459,0.75,0.8571428571428571,0.8894366197183099,0.994005994005994,0.9572192513368982,139,4,2,12,157,14,8.92,0.30169441472739805,2.2540157935423694e-07,0.9999997963738364,0.10165694991464433
42,7,G_all_focal_noW,47,0.10036892099992656,2.0,0.75,0.9617834394904459,0.75,0.8571428571428571,0.8894366197183099,0.9925074925074926,0.9392788583965055,139,4,2,12,157,14,8.92,0.2724922447762665,0.007298105889013178,0.9915262743577934,0.10587699515565116
42,7,H_all_focal_W,47,0.10355010699981904,2.0,0.75,0.9617834394904459,0.75,0.8571428571428571,0.8894366197183099,0.9925074925074926,0.9392788583965055,139,4,2,12,157,14,8.92,0.2724922447762665,0.007298105889013178,0.9915262743577934,0.10587699515565116
42,7,LEGACY_A,44,0.15490876599983494,2.0,0.75,0.9681528662420382,0.8,0.8571428571428571,0.9050211736237144,0.9925074925074926,0.9381906608797363,140,3,2,12,157,14,8.92,0.28411421668973624,5.704321599709918e-08,0.9999995784768316,0.09218355288637045
42,8,A_raw_ce_noW,44,0.14063258600003792,2.0,0.75,0.9872611464968153,1.0,0.8571428571428571,0.9580662393162394,1.0,0.9999999999999999,143,0,2,12,157,14,8.92,0.26520259376188626,6.514957486058288e-08,0.9999992156997953,0.07748394006770103
42,8,B_raw_ce_W,44,0.156910673000084,2.0,0.75,0.9936305732484076,1.0,0.9285714285714286,0.9797393212027359,1.0,0.9999999999999999,143,0,1,13,157,14,8.92,0.26879688919093936,1.6667677827791418e-07,0.9999997613822432,0.08043476626255766
42,8,C_raw_focal_noW,44,0.11098948800008657,2.0,0.75,0.9872611464968153,1.0,0.8571428571428571,0.9580662393162394,1.0,0.9999999999999999,143,0,2,12,157,14,8.92,0.25790773863184746,0.003742380529063884,0.9936308569733365,0.09151147883849256
42,8,D_raw_focal_W,44,0.11267794699983824,2.0,0.75,0.9872611464968153,1.0,0.8571428571428571,0.9580662393162394,1.0,0.9999999999999999,143,0,2,12,157,14,8.92,0.25790773863184746,0.003742380529063884,0.9936308569733365,0.09151147883849256
42,8,E_all_ce_noW,47,0.1629676830000335,2.0,0.75,0.9872611464968153,1.0,0.8571428571428571,0.9580662393162394,1.0,0.9999999999999999,143,0,2,12,157,14,8.92,0.2661172039623477,4.7577543475656474e-08,0.9999992113638925,0.07847877331911411
42,8,F_all_ce_W,47,0.17384617400011848,2.0,0.75,0.9872611464968153,1.0,0.8571428571428571,0.9580662393162394,1.0,0.9999999999999999,143,0,2,12,157,14,8.92,0.2675783501292889,1.5817803263150384e-07,0.999999721703795,0.0797959726821009
42,8,G_all_focal_noW,47,0.12180102999991504,2.0,0.75,0.9872611464968153,1.0,0.8571428571428571,0.9580662393162394,1.0,0.9999999999999998,143,0,2,12,157,14,8.92,0.2597345141694737,0.0036059029704817586,0.9942767443870637,0.09103048730806815
42,8,H_all_focal_W,47,0.13364189699996132,2.0,0.75,0.9872611464968153,1.0,0.8571428571428571,0.9580662393162394,1.0,0.9999999999999998,143,0,2,12,157,14,8.92,0.2597345141694737,0.0036059029704817586,0.9942767443870637,0.09103048730806815
42,8,LEGACY_A,44,0.13789079699995455,2.0,0.75,0.9872611464968153,1.0,0.8571428571428571,0.9580662393162394,1.0,0.9999999999999999,143,0,2,12,157,14,8.92,0.26756052943454006,5.991193747932419e-08,0.9999995409495073,0.07971881277909787
42,9,A_raw_ce_noW,44,0.23784024099995804,2.0,0.75,0.9936305732484076,1.0,0.9285714285714286,0.9797393212027359,1.0,0.9999999999999999,143,0,1,13,157,14,8.92,0.2753545199458327,6.334894554590317e-08,0.999999443944935,0.08282272521388884
42,9,B_raw_ce_W,44,0.25967121799999404,2.0,0.75,0.9936305732484076,1.0,0.9285714285714286,0.9797393212027359,1.0,0.9999999999999999,143,0,1,13,157,14,8.92,0.27544046150428736,1.6159158665278022e-07,0.9999997932217021,0.08315415723196412
42,9,C_raw_focal_noW,44,0.1953479440001047,2.0,0.75,0.9936305732484076,1.0,0.9285714285714286,0.9797393212027359,1.0,0.9999999999999999,143,0,1,13,157,14,8.92,0.2657462387743116,0.003329939396566358,0.9946393624719951,0.09225420302271911
42,9,D_raw_focal_W,44,0.17256414300004508,2.0,0.75,0.9936305732484076,1.0,0.9285714285714286,0.9797393212027359,1.0,0.9999999999999999,143,0,1,13,157,14,8.92,0.2657462387743116,0.003329939396566358,0.9946393624719951,0.09225420302271911
42,9,E_all_ce_noW,47,0.2526199210001323,2.0,0.75,0.9936305732484076,1.0,0.9285714285714286,0.9797393212027359,1.0,1.0,143,0,1,13,157,14,8.92,0.2755148795184755,6.282854764844954e-08,0.9999992867337615,0.0828697045341759
42,9,F_all_ce_W,47,0.28147460300010607,2.0,0.75,0.9936305732484076,1.0,0.9285714285714286,0.9797393212027359,1.0,0.9999999999999999,143,0,1,13,157,14,8.92,0.27549573937564237,1.634663827370432e-07,0.9999997635999606,0.08308387033110488
42,9,G_all_focal_noW,47,0.20203389800008154,2.0,0.75,0.9936305732484076,1.0,0.9285714285714286,0.9797393212027359,1.0,0.9999999999999998,143,0,1,13,157,14,8.92,0.2671360682002449,0.0036712241730119193,0.9942270671168826,0.09296007489971184
42,9,H_all_focal_W,47,0.19417957799987562,2.0,0.75,0.9936305732484076,1.0,0.9285714285714286,0.9797393212027359,1.0,0.9999999999999998,143,0,1,13,157,14,8.92,0.2671360682002449,0.0036712241730119193,0.9942270671168826,0.09296007489971184
42,9,LEGACY_A,44,0.2362058179999167,2.0,0.75,0.9936305732484076,1.0,0.9285714285714286,0.9797393212027359,1.0,0.9999999999999999,143,0,1,13,157,14,8.92,0.27551382756589476,5.4518175390460336e-08,0.9999995745738786,0.08303777058244927
42,10,A_raw_ce_noW,44,0.23491067800000565,2.0,0.75,0.9935897435897436,1.0,0.9230769230769231,0.9782578397212544,1.0,0.9999999999999998,143,0,1,12,156,13,8.33,0.2656151165735489,6.287125306213497e-08,0.9999988665462112,0.07799468008742014
42,10,B_raw_ce_W,44,0.24613389300020572,2.0,0.75,1.0,1.0,1.0,1.0,1.0,0.9999999999999998,143,0,0,13,156,13,8.33,0.27446291517992527,1.5969364349015325e-07,0.9999996929113176,0.08287488377384984
42,10,C_raw_focal_noW,44,0.1865609259998564,2.0,0.75,0.9935897435897436,1.0,0.9230769230769231,0.9782578397212544,1.0,1.0,143,0,1,12,156,13,8.33,0.25219715600332687,0.003315973635401302,0.9923746725262073,0.0852694857929419
42,10,D_raw_focal_W,44,0.1662064670001655,2.0,0.75,0.9935897435897436,1.0,0.9230769230769231,0.9782578397212544,1.0,1.0,143,0,1,12,156,13,8.33,0.25219715600332687,0.003315973635401302,0.9923746725262073,0.0852694857929419
42,10,E_all_ce_noW,47,0.24618213700000524,2.0,0.75,0.9935897435897436,1.0,0.9230769230769231,0.9782578397212544,1.0,0.9999999999999998,143,0,1,12,156,13,8.33,0.2652730195321402,5.280159038293832e-08,0.9999992829946797,0.07716231242140775
42,10,F_all_ce_W,47,0.28269889900002454,2.0,0.75,0.9935897435897436,1.0,0.9230769230769231,0.9782578397212544,1.0,0.9999999999999998,143,0,1,12,156,13,8.33,0.2667038892539805,1.5725639772229056e-07,0.9999997724389744,0.07883550621466978
42,10,G_all_focal_noW,47,0.19674144600003274,2.0,0.75,0.9935897435897436,1.0,0.9230769230769231,0.9782578397212544,0.9983862291554599,0.9855769230769227,143,0,1,12,156,13,8.33,0.25540178408692915,0.002891057891071154,0.9940415274583411,0.08810631106055841
42,10,H_all_focal_W,47,0.20134202899998854,2.0,0.75,0.9935897435897436,1.0,0.9230769230769231,0.9782578397212544,0.9983862291554599,0.9855769230769227,143,0,1,12,156,13,8.33,0.25540178408692915,0.002891057891071154,0.9940415274583411,0.08810631106055841
42,10,LEGACY_A,44,0.19730891099993642,2.0,0.75,0.9935897435897436,1.0,0.9230769230769231,0.9782578397212544,1.0,0.9999999999999998,143,0,1,12,156,13,8.33,0.2669076018860604,5.761067741925043e-08,0.9999995417362375,0.07892625720020947
42,11,A_raw_ce_noW,44,0.1424359039999672,2.0,0.75,0.9872611464968153,1.0,0.8571428571428571,0.9580662393162394,1.0,0.9999999999999998,143,0,2,12,157,14,8.92,0.2624126626859748,5.794770055836689e-08,0.9999982171796596,0.07670980192190036
42,11,B_raw_ce_W,44,0.16171399099994233,2.0,0.75,0.9872611464968153,1.0,0.8571428571428571,0.9580662393162394,1.0,0.9999999999999998,143,0,2,12,157,14,8.92,0.26703054958468536,1.5903779689163267e-07,0.9999996724666058,0.0793487586029512
42,11,C_raw_focal_noW,44,0.15200768399995468,2.0,0.75,0.9872611464968153,1.0,0.8571428571428571,0.9580662393162394,1.0,0.9999999999999999,143,0,2,12,157,14,8.92,0.25363177497385203,0.0034131395958651154,0.9924121187750535,0.08629733116246785
42,11,D_raw_focal_W,44,0.1731368470000234,2.0,0.75,0.9872611464968153,1.0,0.8571428571428571,0.9580662393162394,1.0,0.9999999999999999,143,0,2,12,157,14,8.92,0.25363177497385203,0.0034131395958651154,0.9924121187750535,0.08629733116246785
42,11,E_all_ce_noW,47,0.2813778029999412,2.0,0.75,0.9872611464968153,1.0,0.8571428571428571,0.9580662393162394,1.0,0.9999999999999999,143,0,2,12,157,14,8.92,0.2635913235370987,4.7620051353928884e-08,0.999999087679189,0.07660682043329724
42,11,F_all_ce_W,47,0.2503786570000557,2.0,0.75,0.9872611464968153,1.0,0.8571428571428571,0.9580662393162394,1.0,0.9999999999999999,143,0,2,12,157,14,8.92,0.26456747227116156,1.5758478107708849e-07,0.9999997634812199,0.07824740500436608
42,11,G_all_focal_noW,47,0.12880585800007793,2.0,0.75,0.9872611464968153,1.0,0.8571428571428571,0.9580662393162394,1.0,1.0,143,0,2,12,157,14,8.92,0.25400483567824256,0.003744524146885813,0.9936999387249285,0.08812192314426201
42,11,H_all_focal_W,47,0.12153059000002031,2.0,0.75,0.9872611464968153,1.0,0.8571428571428571,0.9580662393162394,1.0,1.0,143,0,2,12,157,14,8.92,0.25400483567824256,0.003744524146885813,0.9936999387249285,0.08812192314426201
42,11,LEGACY_A,44,0.15070698399995308,2.0,0.75,0.9936305732484076,1.0,0.9285714285714286,0.9797393212027359,1.0,0.9999999999999998,143,0,1,13,157,14,8.92,0.27021951862808435,3.5580165668492935e-08,0.9999995792236275,0.08112020584583687
42,12,A_raw_ce_noW,44,0.15580885899998975,2.0,0.75,0.9936305732484076,1.0,0.9285714285714286,0.9797393212027359,0.992007992007992,0.9619047619047618,143,0,1,13,157,14,8.92,0.2755677716931894,5.714222558718999e-08,0.9999993221143576,0.08284805424856158
42,12,B_raw_ce_W,44,0.15168810199998006,2.0,0.75,0.9936305732484076,1.0,0.9285714285714286,0.9797393212027359,0.9920079920079921,0.9619047619047618,143,0,1,13,157,14,8.92,0.2755417719484034,1.5631635361626318e-07,0.9999998320719008,0.0829504798530874
42,12,C_raw_focal_noW,44,0.12868978100004824,2.0,0.75,0.9936305732484076,1.0,0.9285714285714286,0.9797393212027359,0.9895104895104896,0.9571428571428571,143,0,1,13,157,14,8.92,0.2695168367578006,0.002425159246051785,0.9931845871876352,0.09342173699706548
42,12,D_raw_focal_W,44,0.11531339699990895,2.0,0.75,0.9936305732484076,1.0,0.9285714285714286,0.9797393212027359,0.9895104895104896,0.9571428571428571,143,0,1,13,157,14,8.92,0.2695168367578006,0.002425159246051785,0.9931845871876352,0.09342173699706548
42,12,E_all_ce_noW,47,0.16688507100002425,2.0,0.75,0.9872611464968153,0.9285714285714286,0.9285714285714286,0.9607892107892109,0.9965034965034966,0.9761904761904763,142,1,1,13,157,14,8.92,0.2788028885418846,6.380816948688398e-08,0.9999989208267972,0.08819326522691665
42,12,F_all_ce_W,47,0.1725838400000157,2.0,0.75,0.9808917197452229,0.8666666666666667,0.9285714285714286,0.9430127041742287,0.9940059940059941,0.9670329670329672,141,2,1,13,157,14,8.92,0.28230002442678187,1.6501721824190795e-07,0.9999997716373434,0.0907746256908923
42,12,G_all_focal_noW,47,0.13998937599990313,2.0,0.75,0.9872611464968153,0.9285714285714286,0.9285714285714286,0.9607892107892109,0.9950049950049951,0.9702380952380952,142,1,1,13,157,14,8.92,0.274041679430729,0.004189488452839797,0.9938360803795327,0.09913504558046911
42,12,H_all_focal_W,47,0.12027213999999731,2.0,0.75,0.9872611464968153,0.9285714285714286,0.9285714285714286,0.9607892107892109,0.9950049950049951,0.9702380952380952,142,1,1,13,157,14,8.92,0.274041679430729,0.004189488452839797,0.9938360803795327,0.09913504558046911
42,12,LEGACY_A,44,0.14734890399995493,2.0,0.75,0.9936305732484076,1.0,0.9285714285714286,0.9797393212027359,0.9930069930069929,0.9642857142857142,143,0,1,13,157,14,8.92,0.2755385030984665,4.819548025956765e-08,0.9999996796840211,0.08296105460511374
42,13,A_raw_ce_noW,44,0.14313590400001885,2.0,0.75,0.9936305732484076,1.0,0.9285714285714286,0.9797393212027359,1.0,0.9999999999999999,143,0,1,13,157,14,8.92,0.2753532969168309,6.82492947195949e-08,0.9999990199270719,0.08329787197086803
42,13,B_raw_ce_W,44,0.16449925200004145,2.0,0.75,0.9936305732484076,1.0,0.9285714285714286,0.9797393212027359,1.0,0.9999999999999999,143,0,1,13,157,14,8.92,0.27582115204743873,1.5424502055033635e-07,0.999999763131657,0.08476684051510855
42,13,C_raw_focal_noW,44,0.13344691699990108,2.0,0.75,0.9936305732484076,1.0,0.9285714285714286,0.9797393212027359,1.0,0.9999999999999999,143,0,1,13,157,14,8.92,0.26634631386703544,0.003741029500612539,0.9946836045027511,0.0968205432471078
42,13,D_raw_focal_W,44,0.11560002300007,2.0,0.75,0.9936305732484076,1.0,0.9285714285714286,0.9797393212027359,1.0,0.9999999999999999,143,0,1,13,157,14,8.92,0.26634631386703544,0.003741029500612539,0.9946836045027511,0.0968205432471078
42,13,E_all_ce_noW,47,0.1609481840000626,2.0,0.75,0.9936305732484076,1.0,0.9285714285714286,0.9797393212027359,1.0,0.9999999999999999,143,0,1,13,157,14,8.92,0.2753794811750461,7.458406145376035e-08,0.9999990817613239,0.0840693553082803
42,13,F_all_ce_W,47,0.17315843999995195,2.0,0.75,0.9936305732484076,1.0,0.9285714285714286,0.9797393212027359,1.0,0.9999999999999999,143,0,1,13,157,14,8.92,0.27645168238770335,1.9229639533561634e-07,0.999999773078017,0.08593648381204314
42,13,G_all_focal_noW,47,0.1188792990001275,2.0,0.75,0.9936305732484076,1.0,0.9285714285714286,0.9797393212027359,0.9995004995004995,0.9952380952380951,143,0,1,13,157,14,8.92,0.2650994597710448,0.004279330463048752,0.9934778020308808,0.0970961480292592
42,13,H_all_focal_W,47,0.11921850599992467,2.0,0.75,0.9936305732484076,1.0,0.9285714285714286,0.9797393212027359,0.9995004995004995,0.9952380952380951,143,0,1,13,157,14,8.92,0.2650994597710448,0.004279330463048752,0.9934778020308808,0.0970961480292592
42,13,LEGACY_A,44,0.1474184859998786,2.0,0.75,0.9936305732484076,1.0,0.9285714285714286,0.9797393212027359,0.9995004995004995,0.9952380952380951,143,0,1,13,157,14,8.92,0.2758304662787465,6.282036199169436e-08,0.9999995807344492,0.08561324077554801
42,14,A_raw_ce_noW,44,0.13388060000011137,2.0,0.75,0.9936305732484076,1.0,0.9285714285714286,0.9797393212027359,0.9995004995004995,0.9952380952380953,143,0,1,13,157,14,8.92,0.2662934771006649,9.756336319858095e-08,0.9999991691044381,0.08091306420964972
42,14,B_raw_ce_W,44,0.1465645000000677,2.0,0.75,0.9936305732484076,1.0,0.9285714285714286,0.9797393212027359,0.9995004995004995,0.9952380952380953,143,0,1,13,157,14,8.92,0.2719374978830216,2.0989218100595176e-07,0.9999997660485421,0.08209043751009314
42,14,C_raw_focal_noW,44,0.09959953300017332,2.0,0.75,0.9872611464968153,0.9285714285714286,0.9285714285714286,0.9607892107892109,0.999000999000999,0.9901360544217687,142,1,1,13,157,14,8.92,0.2479289621171379,0.005841755059026982,0.9929643924097113,0.09111002597148789
42,14,D_raw_focal_W,44,0.10054328000001078,2.0,0.75,0.9872611464968153,0.9285714285714286,0.9285714285714286,0.9607892107892109,0.999000999000999,0.9901360544217687,142,1,1,13,157,14,8.92,0.2479289621171379,0.005841755059026982,0.9929643924097113,0.09111002597148789
42,14,E_all_ce_noW,47,0.16991623400008393,2.0,0.75,0.9872611464968153,1.0,0.8571428571428571,0.9580662393162394,0.9990009990009989,0.9910714285714285,143,0,2,12,157,14,8.92,0.25902520483779,6.749257275871264e-08,0.9999991366159964,0.07873715090993437
42,14,F_all_ce_W,47,0.18069767199995113,2.0,0.75,0.9936305732484076,1.0,0.9285714285714286,0.9797393212027359,0.9990009990009989,0.9910714285714285,143,0,1,13,157,14,8.92,0.2698990353074878,1.8713034523800587e-07,0.9999997562745296,0.08396255244677632
42,14,G_all_focal_noW,47,0.12486683300016921,2.0,0.75,0.9872611464968153,0.9285714285714286,0.9285714285714286,0.9607892107892109,0.9975024975024974,0.9745225013082155,142,1,1,13,157,14,8.92,0.24910993448957877,0.005141910140576591,0.9936883367400701,0.09136064184108159
42,14,H_all_focal_W,47,0.11444288100005906,2.0,0.75,0.9872611464968153,0.9285714285714286,0.9285714285714286,0.9607892107892109,0.9975024975024974,0.9745225013082155,142,1,1,13,157,14,8.92,0.24910993448957877,0.005141910140576591,0.9936883367400701,0.09136064184108159
42,14,LEGACY_A,44,0.1363482080000722,2.0,0.75,0.9936305732484076,1.0,0.9285714285714286,0.9797393212027359,0.9995004995004995,0.9952380952380953,143,0,1,13,157,14,8.92,0.27415912630416067,8.434538874482374e-08,0.9999995083353824,0.08310803344214306
42,15,A_raw_ce_noW,44,0.1399197109999477,2.0,0.75,1.0,1.0,1.0,1.0,1.0,0.9999999999999998,143,0,0,13,156,13,8.33,0.27632985849175473,5.65476437797957e-08,0.9999991817858473,0.08344930162106752
42,15,B_raw_ce_W,44,0.1686833389999265,2.0,0.75,1.0,1.0,1.0,1.0,1.0,0.9999999999999998,143,0,0,13,156,13,8.33,0.27629067678401975,1.5504988979075247e-07,0.9999997440819042,0.0837847221413661
42,15,C_raw_focal_noW,44,0.11715180600003805,2.0,0.75,1.0,1.0,1.0,1.0,1.0,1.0,143,0,0,13,156,13,8.33,0.2703578795821484,0.003436889101719344,0.9950217474280262,0.09349217166452742
42,15,D_raw_focal_W,44,0.11281889299993964,2.0,0.75,1.0,1.0,1.0,1.0,1.0,1.0,143,0,0,13,156,13,8.33,0.2703578795821484,0.003436889101719344,0.9950217474280262,0.09349217166452742
42,15,E_all_ce_noW,47,0.15729881800007206,2.0,0.75,1.0,1.0,1.0,1.0,1.0,1.0,143,0,0,13,156,13,8.33,0.27563131298145604,4.634518690376266e-08,0.9999989546678523,0.08315026543919735
42,15,F_all_ce_W,47,0.18250370400005522,2.0,0.75,1.0,1.0,1.0,1.0,1.0,0.9999999999999998,143,0,0,13,156,13,8.33,0.27461130759545105,1.545252541713172e-07,0.9999996217829539,0.0829038555990544
42,15,G_all_focal_noW,47,0.11962761799986765,2.0,0.75,1.0,1.0,1.0,1.0,1.0,0.9999999999999998,143,0,0,13,156,13,8.33,0.2674476189756838,0.0038082338517762392,0.9935888896399284,0.09114282662711821
42,15,H_all_focal_W,47,0.11951072800002294,2.0,0.75,1.0,1.0,1.0,1.0,1.0,0.9999999999999998,143,0,0,13,156,13,8.33,0.2674476189756838,0.0038082338517762392,0.9935888896399284,0.09114282662711821
42,15,LEGACY_A,44,0.1548036649999176,2.0,0.75,1.0,1.0,1.0,1.0,1.0,0.9999999999999998,143,0,0,13,156,13,8.33,0.2763554436535962,4.0475419897069455e-08,0.9999996108744222,0.08338850316089079
42,16,A_raw_ce_noW,44,0.13467175599998882,2.0,0.75,0.9808917197452229,1.0,0.7857142857142857,0.9348096885813149,0.9930069930069929,0.956436420722135,143,0,3,11,157,14,8.92,0.2571323565941607,8.852076113240366e-08,0.9999990155264897,0.07543036491065146
42,16,B_raw_ce_W,44,0.15351419900002838,2.0,0.75,0.9745222929936306,0.9166666666666666,0.7857142857142857,0.9161324786324787,0.9920079920079921,0.9505901505901505,142,1,3,11,157,14,8.92,0.2627756420123931,2.01032853719376e-07,0.9999997323224491,0.07629492037804785
42,16,C_raw_focal_noW,44,0.09892739499991876,2.0,0.75,0.9808917197452229,1.0,0.7857142857142857,0.9348096885813149,0.99000999000999,0.9458111780692424,143,0,3,11,157,14,8.92,0.2459337108073939,0.006005389966777911,0.9925380780857685,0.08843274738274066
42,16,D_raw_focal_W,44,0.0973211559999072,2.0,0.75,0.9808917197452229,1.0,0.7857142857142857,0.9348096885813149,0.99000999000999,0.9458111780692424,143,0,3,11,157,14,8.92,0.2459337108073939,0.006005389966777911,0.9925380780857685,0.08843274738274066
42,16,E_all_ce_noW,47,0.161185352000075,2.0,0.75,0.9808917197452229,1.0,0.7857142857142857,0.9348096885813149,0.9945054945054945,0.9614531431301617,143,0,3,11,157,14,8.92,0.2568297492268684,1.2112272324882995e-07,0.9999986028783492,0.07374217705166082
42,16,F_all_ce_W,47,0.15887098799998967,2.0,0.75,0.9745222929936306,0.9166666666666666,0.7857142857142857,0.9161324786324787,0.993006993006993,0.9513507326007324,142,1,3,11,157,14,8.92,0.2652471410667024,2.156642099168999e-07,0.999999733521171,0.07808988424945702
42,16,G_all_focal_noW,47,0.179942919000041,2.0,0.75,0.9808917197452229,1.0,0.7857142857142857,0.9348096885813149,0.973026973026973,0.9253090659340659,143,0,3,11,157,14,8.92,0.24500714894216152,0.005892173506199825,0.9911630031961579,0.08559443254360158
42,16,H_all_focal_W,47,0.1881733019999956,2.0,0.75,0.9808917197452229,1.0,0.7857142857142857,0.9348096885813149,0.973026973026973,0.9253090659340659,143,0,3,11,157,14,8.92,0.24500714894216152,0.005892173506199825,0.9911630031961579,0.08559443254360158
42,16,LEGACY_A,44,0.2165763150001112,2.0,0.75,0.9808917197452229,0.9230769230769231,0.8571428571428571,0.9392179636082074,0.994005994005994,0.9596415489272632,142,1,2,12,157,14,8.92,0.27238371842114745,5.7325497853649335e-08,0.9999995700638064,0.08193654940489604
42,17,A_raw_ce_noW,44,0.21750485600000502,2.0,0.75,0.9872611464968153,0.9285714285714286,0.9285714285714286,0.9607892107892109,0.999000999000999,0.9910714285714286,142,1,1,13,157,14,8.92,0.2846252596276302,1.1629460906724124e-07,0.9999990683073109,0.08958436011330796
42,17,B_raw_ce_W,44,0.2486982140001146,2.0,0.75,0.9808917197452229,0.8666666666666667,0.9285714285714286,0.9430127041742287,0.9990009990009989,0.9910714285714285,141,2,1,13,157,14,8.92,0.28947195859237596,2.1161906328796772e-07,0.9999997463736313,0.094534317698912
42,17,C_raw_focal_noW,44,0.17575454100006027,2.0,0.75,0.9872611464968153,0.9285714285714286,0.9285714285714286,0.9607892107892109,0.9980019980019981,0.9822929171668666,142,1,1,13,157,14,8.92,0.2738260421177919,0.004518281930398742,0.9952596865682768,0.10258230076013448
42,17,D_raw_focal_W,44,0.19219594399987727,2.0,0.75,0.9872611464968153,0.9285714285714286,0.9285714285714286,0.9607892107892109,0.9980019980019981,0.9822929171668666,142,1,1,13,157,14,8.92,0.2738260421177919,0.004518281930398742,0.9952596865682768,0.10258230076013448
42,17,E_all_ce_noW,47,0.24639517199989314,2.0,0.75,0.9808917197452229,0.9230769230769231,0.8571428571428571,0.9392179636082074,0.999000999000999,0.9901360544217688,142,1,2,12,157,14,8.92,0.27533773946806195,7.614880205110684e-08,0.9999994704349473,0.08453183494419456
42,17,F_all_ce_W,47,0.2686865939999734,2.0,0.75,0.9808917197452229,0.9230769230769231,0.8571428571428571,0.9392179636082074,0.9985014985014985,0.985969387755102,142,1,2,12,157,14,8.92,0.2751022658955591,1.9525963370645225e-07,0.9999997634101434,0.08442092322174065
42,17,G_all_focal_noW,47,0.1798774730000332,2.0,0.75,0.9808917197452229,0.9230769230769231,0.8571428571428571,0.9392179636082074,0.9985014985014985,0.9846415489272632,142,1,2,12,157,14,8.92,0.2676573662703843,0.003921516241608234,0.995271362534451,0.09622081846113995
42,17,H_all_focal_W,47,0.20817449399987709,2.0,0.75,0.9808917197452229,0.9230769230769231,0.8571428571428571,0.9392179636082074,0.9985014985014985,0.9846415489272632,142,1,2,12,157,14,8.92,0.2676573662703843,0.003921516241608234,0.995271362534451,0.09622081846113995
42,17,LEGACY_A,44,0.21678933899988806,2.0,0.75,0.9872611464968153,0.9285714285714286,0.9285714285714286,0.9607892107892109,0.9995004995004995,0.9952380952380953,142,1,1,13,157,14,8.92,0.28572424878442904,7.727507967535747e-08,0.9999995828659428,0.09444095783061585
42,18,A_raw_ce_noW,44,0.21952057600014996,2.0,0.75,0.9936305732484076,1.0,0.9285714285714286,0.9797393212027359,1.0,0.9999999999999999,143,0,1,13,157,14,8.92,0.27558408514338784,5.614333621248599e-08,0.9999990546037352,0.08416379180030159
42,18,B_raw_ce_W,44,0.26199720900012835,2.0,0.75,1.0,1.0,1.0,1.0,1.0,0.9999999999999999,143,0,0,14,157,14,8.92,0.28331059655651847,1.5625780040890877e-07,0.9999997476486071,0.08866611114566242
42,18,C_raw_focal_noW,44,0.17286720099991726,2.0,0.75,0.9936305732484076,1.0,0.9285714285714286,0.9797393212027359,1.0,0.9999999999999999,143,0,1,13,157,14,8.92,0.26801506267188846,0.003230111643232014,0.9966037443474066,0.09348244177217647
42,18,D_raw_focal_W,44,0.2075537999999142,2.0,0.75,0.9936305732484076,1.0,0.9285714285714286,0.9797393212027359,1.0,0.9999999999999999,143,0,1,13,157,14,8.92,0.26801506267188846,0.003230111643232014,0.9966037443474066,0.09348244177217647
42,18,E_all_ce_noW,47,0.25325448199987477,2.0,0.75,1.0,1.0,1.0,1.0,1.0,1.0,143,0,0,14,157,14,8.92,0.2842740293168688,5.28088879895975e-08,0.9999988951971557,0.08899578888777106
42,18,F_all_ce_W,47,0.17544297099993855,2.0,0.75,1.0,1.0,1.0,1.0,1.0,0.9999999999999999,143,0,0,14,157,14,8.92,0.28342006959241983,1.5395152869934853e-07,0.9999996532396297,0.0887309431986046
42,18,G_all_focal_noW,47,0.13633850700011863,2.0,0.75,1.0,1.0,1.0,1.0,1.0,0.9999999999999998,143,0,0,14,157,14,8.92,0.2701778768243571,0.003753189091173387,0.9954089653878192,0.09476757973837162
42,18,H_all_focal_W,47,0.11939011100002972,2.0,0.75,1.0,1.0,1.0,1.0,1.0,0.9999999999999998,143,0,0,14,157,14,8.92,0.2701778768243571,0.003753189091173387,0.9954089653878192,0.09476757973837162
42,18,LEGACY_A,44,0.17127881099986553,2.0,0.75,1.0,1.0,1.0,1.0,1.0,0.9999999999999999,143,0,0,14,157,14,8.92,0.284814811601545,4.609621676344442e-08,0.9999996283681949,0.08912566694374642
42,19,A_raw_ce_noW,44,0.13837903299986465,2.0,0.75,1.0,1.0,1.0,1.0,1.0,0.9999999999999999,143,0,0,14,157,14,8.92,0.2832474101705091,7.061684751578002e-08,0.9999991906505736,0.08868812236346732
42,19,B_raw_ce_W,44,0.14958049000006213,2.0,0.75,1.0,1.0,1.0,1.0,1.0,0.9999999999999999,143,0,0,14,157,14,8.92,0.2839675091277786,1.784170770925388e-07,0.9999997440160313,0.08891849052848139
42,19,C_raw_focal_noW,44,0.13212254799987022,2.0,0.75,1.0,1.0,1.0,1.0,1.0,1.0,143,0,0,14,157,14,8.92,0.27179407899438085,0.002911410621562325,0.993482472839955,0.09621819310651765
42,19,D_raw_focal_W,44,0.11180264900008297,2.0,0.75,1.0,1.0,1.0,1.0,1.0,1.0,143,0,0,14,157,14,8.92,0.27179407899438085,0.002911410621562325,0.993482472839955,0.09621819310651765
42,19,E_all_ce_noW,47,0.16800518800005193,2.0,0.75,1.0,1.0,1.0,1.0,1.0,1.0,143,0,0,14,157,14,8.92,0.28423341187643697,5.359969947190446e-08,0.9999994698846283,0.08895608863177087
42,19,F_all_ce_W,47,0.17079821999982414,2.0,0.75,1.0,1.0,1.0,1.0,1.0,0.9999999999999999,143,0,0,14,157,14,8.92,0.28387207734160014,1.785580427939542e-07,0.9999998160642299,0.08888045548206816
42,19,G_all_focal_noW,47,0.11863420899999255,2.0,0.75,1.0,1.0,1.0,1.0,1.0,1.0,143,0,0,14,157,14,8.92,0.2729408476682174,0.0039453953941896505,0.9950323711664334,0.09682088443677224
42,19,H_all_focal_W,47,0.12204646500003946,2.0,0.75,1.0,1.0,1.0,1.0,1.0,1.0,143,0,0,14,157,14,8.92,0.2729408476682174,0.0039453953941896505,0.9950323711664334,0.09682088443677224
42,19,LEGACY_A,44,0.1407626469999741,2.0,0.75,1.0,1.0,1.0,1.0,1.0,1.0,143,0,0,14,157,14,8.92,0.28418296052714875,4.749098724237301e-08,0.9999995476677653,0.08920055218000117
42,20,A_raw_ce_noW,44,0.13974123999992116,2.0,0.75,1.0,1.0,1.0,1.0,1.0,1.0,143,0,0,13,156,13,8.33,0.27468146060949605,5.4108702361813726e-08,0.9999993114904155,0.08286196116284224
42,20,B_raw_ce_W,44,0.15346477299999606,2.0,0.75,1.0,1.0,1.0,1.0,1.0,1.0,143,0,0,13,156,13,8.33,0.2759257998317597,1.4026250866791585e-07,0.9999997295972726,0.08337377100923149
42,20,C_raw_focal_noW,44,0.12384060800013685,2.0,0.75,1.0,1.0,1.0,1.0,1.0,1.0,143,0,0,13,156,13,8.33,0.26341186659029575,0.002554434364429239,0.9946628379912754,0.09019995761118214
42,20,D_raw_focal_W,44,0.11308890999998766,2.0,0.75,1.0,1.0,1.0,1.0,1.0,1.0,143,0,0,13,156,13,8.33,0.26341186659029575,0.002554434364429239,0.9946628379912754,0.09019995761118214
42,20,E_all_ce_noW,47,0.1563845670000319,2.0,0.75,1.0,1.0,1.0,1.0,1.0,1.0,143,0,0,13,156,13,8.33,0.2753950402061289,5.284518976896358e-08,0.9999993941413781,0.08312967287680326
42,20,F_all_ce_W,47,0.1930348949999825,2.0,0.75,1.0,1.0,1.0,1.0,1.0,1.0,143,0,0,13,156,13,8.33,0.27624077182654483,1.591968364437937e-07,0.9999997681740935,0.08346439778668549
42,20,G_all_focal_noW,47,0.12009225599990714,2.0,0.75,1.0,1.0,1.0,1.0,1.0,0.9999999999999998,143,0,0,13,156,13,8.33,0.26583502125382436,0.0028221778539348668,0.9948513234091432,0.09022254643325486
42,20,H_all_focal_W,47,0.12682644599999549,2.0,0.75,1.0,1.0,1.0,1.0,1.0,0.9999999999999998,143,0,0,13,156,13,8.33,0.26583502125382436,0.0028221778539348668,0.9948513234091432,0.09022254643325486
42,20,LEGACY_A,44,0.1468847050000477,2.0,0.75,1.0,1.0,1.0,1.0,1.0,1.0,143,0,0,13,156,13,8.33,0.2712896651564646,4.123447902029236e-08,0.9999996311693188,0.0817083368070684
42,21,A_raw_ce_noW,44,0.1427018350000253,2.0,0.75,0.9936305732484076,1.0,0.9285714285714286,0.9797393212027359,1.0,0.9999999999999999,143,0,1,13,157,14,8.92,0.2743203893674278,7.577321012676233e-08,0.999999245689213,0.08357101105859906
42,21,B_raw_ce_W,44,0.16598596699986956,2.0,0.75,0.9936305732484076,1.0,0.9285714285714286,0.9797393212027359,1.0,1.0,143,0,1,13,157,14,8.92,0.27464369474998285,1.8241546564253934e-07,0.9999997598277313,0.08262273241208172
42,21,C_raw_focal_noW,44,0.11194421499999407,2.0,0.75,0.9936305732484076,1.0,0.9285714285714286,0.9797393212027359,1.0,1.0,143,0,1,13,157,14,8.92,0.26206536960950005,0.003973601024809339,0.9973911664967003,0.08897167594145762
42,21,D_raw_focal_W,44,0.11111380400006965,2.0,0.75,0.9936305732484076,1.0,0.9285714285714286,0.9797393212027359,1.0,1.0,143,0,1,13,157,14,8.92,0.26206536960950005,0.003973601024809339,0.9973911664967003,0.08897167594145762
42,21,E_all_ce_noW,47,0.15362814100012656,2.0,0.75,0.9936305732484076,1.0,0.9285714285714286,0.9797393212027359,1.0,1.0,143,0,1,13,157,14,8.92,0.27441208326281247,7.494514054965805e-08,0.9999991521269954,0.08258965544139298
42,21,F_all_ce_W,47,0.1680162370000744,2.0,0.75,0.9936305732484076,1.0,0.9285714285714286,0.9797393212027359,1.0,0.9999999999999999,143,0,1,13,157,14,8.92,0.2747504259439156,2.06089507704602e-07,0.9999997172565362,0.08306986869135491
42,21,G_all_focal_noW,47,0.11933771700000761,2.0,0.75,0.9936305732484076,1.0,0.9285714285714286,0.9797393212027359,1.0,0.9999999999999998,143,0,1,13,157,14,8.92,0.262904685857779,0.0040546694166795055,0.9956807754451444,0.0897447697791222
42,21,H_all_focal_W,47,0.14268235100007587,2.0,0.75,0.9936305732484076,1.0,0.9285714285714286,0.9797393212027359,1.0,0.9999999999999998,143,0,1,13,157,14,8.92,0.262904685857779,0.0040546694166795055,0.9956807754451444,0.0897447697791222
42,21,LEGACY_A,44,0.13998656400008258,2.0,0.75,0.9936305732484076,1.0,0.9285714285714286,0.9797393212027359,1.0,0.9999999999999999,143,0,1,13,157,14,8.92,0.2744935309177075,6.511139421435038e-08,0.999999555493795,0.0830995409673077
42,22,A_raw_ce_noW,44,0.14559049200011032,2.0,0.75,0.9936305732484076,1.0,0.9285714285714286,0.9797393212027359,0.9915084915084915,0.9608294930875575,143,0,1,13,157,14,8.92,0.2755783434216274,5.8293903063397145e-08,0.9999993600523612,0.08280908297559142
42,22,B_raw_ce_W,44,0.22009530499985885,2.0,0.75,0.9936305732484076,1.0,0.9285714285714286,0.9797393212027359,0.9925074925074925,0.9630541871921181,143,0,1,13,157,14,8.92,0.2755800196856773,1.3152842348430447e-07,0.9999997733818086,0.08281217120248327
42,22,C_raw_focal_noW,44,0.2482496950001405,2.0,0.75,0.9936305732484076,1.0,0.9285714285714286,0.9797393212027359,0.9895104895104895,0.9571428571428571,143,0,1,13,157,14,8.92,0.2694019745762279,0.0033896862183638685,0.9939736499235408,0.09104967754831654
42,22,D_raw_focal_W,44,0.3026019419999102,2.0,0.75,0.9936305732484076,1.0,0.9285714285714286,0.9797393212027359,0.9895104895104895,0.9571428571428571,143,0,1,13,157,14,8.92,0.2694019745762279,0.0033896862183638685,0.9939736499235408,0.09104967754831654
42,22,E_all_ce_noW,47,0.3612477100000433,2.0,0.75,0.9936305732484076,1.0,0.9285714285714286,0.9797393212027359,0.9965034965034965,0.976190476190476,143,0,1,13,157,14,8.92,0.2775661823117974,5.622558413538338e-08,0.9999992093922343,0.08732472086479011
42,22,F_all_ce_W,47,0.17580690500017226,2.0,0.75,0.9872611464968153,0.9285714285714286,0.9285714285714286,0.9607892107892109,0.995004995004995,0.9702380952380951,142,1,1,13,157,14,8.92,0.284563220451223,1.767367538198239e-07,0.9999997836728034,0.0915426151641544
42,22,G_all_focal_noW,47,0.13496005300021352,2.0,0.75,0.9872611464968153,0.9285714285714286,0.9285714285714286,0.9607892107892109,0.9975024975024975,0.981203007518797,142,1,1,13,157,14,8.92,0.27210911726652404,0.004515393063393308,0.9938031671196746,0.09528079517801155
42,22,H_all_focal_W,47,0.11956554900007177,2.0,0.75,0.9872611464968153,0.9285714285714286,0.9285714285714286,0.9607892107892109,0.9975024975024975,0.981203007518797,142,1,1,13,157,14,8.92,0.27210911726652404,0.004515393063393308,0.9938031671196746,0.09528079517801155
42,22,LEGACY_A,44,0.16419018900000992,2.0,0.75,0.9936305732484076,1.0,0.9285714285714286,0.9797393212027359,0.9910089910089911,0.9598214285714285,143,0,1,13,157,14,8.92,0.2755794926745971,3.548717000420596e-08,0.9999996399598212,0.0828145691036286
42,23,A_raw_ce_noW,44,0.14196734799998012,2.0,0.75,0.9872611464968153,1.0,0.8571428571428571,0.9580662393162394,1.0,0.9999999999999999,143,0,2,12,157,14,8.92,0.25736796776732357,6.371485178351649e-08,0.9999989321481381,0.07354955688492408
42,23,B_raw_ce_W,44,0.15836734100003014,2.0,0.75,0.9872611464968153,1.0,0.8571428571428571,0.9580662393162394,1.0,0.9999999999999999,143,0,2,12,157,14,8.92,0.26383026903290135,1.4425642128181354e-07,0.9999997467357962,0.07813426056897033
42,23,C_raw_focal_noW,44,0.1319609679999303,2.0,0.75,0.9808917197452229,1.0,0.7857142857142857,0.9348096885813149,1.0,0.9999999999999999,143,0,3,11,157,14,8.92,0.250152907365882,0.003907555615343898,0.9940994792323491,0.08583392631205002
42,23,D_raw_focal_W,44,0.11320517400008612,2.0,0.75,0.9808917197452229,1.0,0.7857142857142857,0.9348096885813149,1.0,0.9999999999999999,143,0,3,11,157,14,8.92,0.250152907365882,0.003907555615343898,0.9940994792323491,0.08583392631205002
42,23,E_all_ce_noW,47,0.1559982870001022,2.0,0.75,0.9936305732484076,1.0,0.9285714285714286,0.9797393212027359,1.0,0.9999999999999999,143,0,1,13,157,14,8.92,0.2610999441496585,7.09243227967984e-08,0.9999989100664808,0.07797859372693494
42,23,F_all_ce_W,47,0.17370495099999061,2.0,0.75,0.9936305732484076,1.0,0.9285714285714286,0.9797393212027359,1.0,0.9999999999999999,143,0,1,13,157,14,8.92,0.26620449056414774,1.4317882202450787e-07,0.9999997415929102,0.08028442796713005
42,23,G_all_focal_noW,47,0.11843389999989995,2.0,0.75,0.9872611464968153,1.0,0.8571428571428571,0.9580662393162394,1.0,1.0,143,0,2,12,157,14,8.92,0.2510749318147839,0.0035179203126642447,0.992852203713743,0.08555626994657171
42,23,H_all_focal_W,47,0.11842221200004133,2.0,0.75,0.9872611464968153,1.0,0.8571428571428571,0.9580662393162394,1.0,1.0,143,0,2,12,157,14,8.92,0.2510749318147839,0.0035179203126642447,0.992852203713743,0.08555626994657171
42,23,LEGACY_A,44,0.1611939289998645,2.0,0.75,0.9936305732484076,1.0,0.9285714285714286,0.9797393212027359,1.0,0.9999999999999999,143,0,1,13,157,14,8.92,0.26990265401514524,5.735869081187316e-08,0.9999995632196366,0.08095240419474807
42,24,A_raw_ce_noW,44,0.2546602160000475,2.0,0.75,0.9872611464968153,1.0,0.8571428571428571,0.9580662393162394,1.0,1.0,143,0,2,12,157,14,8.92,0.2669654065667776,5.6516690174584055e-08,0.9999990535490944,0.07917222665476062
42,24,B_raw_ce_W,44,0.24895377200004987,2.0,0.75,0.9936305732484076,1.0,0.9285714285714286,0.9797393212027359,1.0,1.0,143,0,1,13,157,14,8.92,0.2736245417139074,1.7489513364612304e-07,0.9999997122416591,0.08223058601385816
42,24,C_raw_focal_noW,44,0.1792453809998733,2.0,0.75,0.9872611464968153,1.0,0.8571428571428571,0.9580662393162394,1.0,1.0,143,0,2,12,157,14,8.92,0.2558863204098087,0.003511981593497267,0.9905734442021519,0.08906449993283463
42,24,D_raw_focal_W,44,0.1809281569999257,2.0,0.75,0.9872611464968153,1.0,0.8571428571428571,0.9580662393162394,1.0,1.0,143,0,2,12,157,14,8.92,0.2558863204098087,0.003511981593497267,0.9905734442021519,0.08906449993283463
42,24,E_all_ce_noW,47,0.24715762499999983,2.0,0.75,0.9872611464968153,1.0,0.8571428571428571,0.9580662393162394,1.0,1.0,143,0,2,12,157,14,8.92,0.2644687448758708,5.58512041986229e-08,0.999999046295528,0.07713249688379002
42,24,F_all_ce_W,47,0.27815808099990136,2.0,0.75,0.9872611464968153,1.0,0.8571428571428571,0.9580662393162394,1.0,1.0,143,0,2,12,157,14,8.92,0.26675703485497054,1.8932800089503858e-07,0.9999996844301348,0.08060410975754594
42,24,G_all_focal_noW,47,0.1969825399999081,2.0,0.75,0.9872611464968153,1.0,0.8571428571428571,0.9580662393162394,1.0,0.9999999999999998,143,0,2,12,157,14,8.92,0.2558406336780906,0.0038061967293567677,0.989954181582663,0.09075178281797096
42,24,H_all_focal_W,47,0.21334542099998544,2.0,0.75,0.9872611464968153,1.0,0.8571428571428571,0.9580662393162394,1.0,0.9999999999999998,143,0,2,12,157,14,8.92,0.2558406336780906,0.0038061967293567677,0.989954181582663,0.09075178281797096
42,24,LEGACY_A,44,0.23077955899998415,2.0,0.75,0.9936305732484076,1.0,0.9285714285714286,0.9797393212027359,1.0,0.9999999999999999,143,0,1,13,157,14,8.92,0.2716316266576957,4.760544782073266e-08,0.999999574715858,0.08208588011933139
42,25,A_raw_ce_noW,44,0.2187527900000532,2.0,0.75,0.9871794871794872,0.8666666666666667,1.0,0.9607645875251509,0.9994620763851533,0.9945054945054943,141,2,0,13,156,13,8.33,0.285758949220513,5.364234000945677e-08,0.999999158540744,0.09385859371814434
42,25,B_raw_ce_W,44,0.25836111100011294,2.0,0.75,0.9807692307692307,0.8125,1.0,0.942975508712075,1.0,0.9999999999999998,140,3,0,13,156,13,8.33,0.2940040335937885,1.5139019724359898e-07,0.9999997291769108,0.09990807070353726
42,25,C_raw_focal_noW,44,0.16593937100014955,2.0,0.75,0.9871794871794872,0.8666666666666667,1.0,0.9607645875251509,0.9994620763851533,0.9945054945054943,141,2,0,13,156,13,8.33,0.2728713019606467,0.003664520916783434,0.9935578462503685,0.10906459851727003
42,25,D_raw_focal_W,44,0.1600941500000772,2.0,0.75,0.9871794871794872,0.8666666666666667,1.0,0.9607645875251509,0.9994620763851533,0.9945054945054943,141,2,0,13,156,13,8.33,0.2728713019606467,0.003664520916783434,0.9935578462503685,0.10906459851727003
42,25,E_all_ce_noW,47,0.25020743800018863,2.0,0.75,0.9935897435897436,0.9285714285714286,1.0,0.9797270955165691,0.9994620763851533,0.9945054945054945,142,1,0,13,156,13,8.33,0.28037033142526885,6.02462219286514e-08,0.999998487963533,0.08896619533465103
42,25,F_all_ce_W,47,0.276975979999861,2.0,0.75,0.9935897435897436,0.9285714285714286,1.0,0.9797270955165691,1.0,0.9999999999999998,142,1,0,13,156,13,8.33,0.28444307275101594,1.627161338098105e-07,0.9999992421768881,0.09119143600034733
42,25,G_all_focal_noW,47,0.21431267799994203,2.0,0.75,0.9935897435897436,0.9285714285714286,1.0,0.9797270955165691,0.9994620763851533,0.9945054945054945,142,1,0,13,156,13,8.33,0.27028815025131614,0.0033940021163748326,0.9928601908300656,0.10597944518795807
42,25,H_all_focal_W,47,0.20917069500001162,2.0,0.75,0.9935897435897436,0.9285714285714286,1.0,0.9797270955165691,0.9994620763851533,0.9945054945054945,142,1,0,13,156,13,8.33,0.27028815025131614,0.0033940021163748326,0.9928601908300656,0.10597944518795807
42,25,LEGACY_A,44,0.23423610600002576,2.0,0.75,0.9871794871794872,0.8666666666666667,1.0,0.9607645875251509,0.9994620763851533,0.9945054945054943,141,2,0,13,156,13,8.33,0.2928343462040118,4.8438341717992374e-08,0.9999995324113428,0.09671653196284365
123,1,A_raw_ce_noW,44,0.15938149900011922,2.0,0.75,0.9936305732484076,1.0,0.9285714285714286,0.9797393212027359,0.9995004995004995,0.9952380952380951,143,0,1,13,157,14,8.92,0.2753583955357469,5.3183084655685194e-08,0.9999988537909721,0.08338505047516255
123,1,B_raw_ce_W,44,0.15445778799994514,2.0,0.75,1.0,1.0,1.0,1.0,1.0,0.9999999999999999,143,0,0,14,157,14,8.92,0.2780645021871987,1.4171554927452799e-07,0.99999978009618,0.08668147180639456
123,1,C_raw_focal_noW,44,0.11205105699991691,2.0,0.75,0.9936305732484076,1.0,0.9285714285714286,0.9797393212027359,0.9985014985014985,0.9873949579831931,143,0,1,13,157,14,8.92,0.2661996908869553,0.0032129038773802145,0.992995735747708,0.09568454159154524
123,1,D_raw_focal_W,44,0.12485963499989339,2.0,0.75,0.9936305732484076,1.0,0.9285714285714286,0.9797393212027359,0.9985014985014985,0.9873949579831931,143,0,1,13,157,14,8.92,0.2661996908869553,0.0032129038773802145,0.992995735747708,0.09568454159154524
123,1,E_all_ce_noW,47,0.1568268110002009,2.0,0.75,0.9936305732484076,1.0,0.9285714285714286,0.9797393212027359,0.9995004995004995,0.9952380952380951,143,0,1,13,157,14,8.92,0.27544094731898244,6.185368572068377e-08,0.9999992740441767,0.08471236244113858
123,1,F_all_ce_W,47,0.170530792000136,2.0,0.75,1.0,1.0,1.0,1.0,1.0,0.9999999999999999,143,0,0,14,157,14,8.92,0.2800913996686715,1.608580959320882e-07,0.9999997659104756,0.088184543688268
123,1,G_all_focal_noW,47,0.1381476599999587,2.0,0.75,0.9936305732484076,1.0,0.9285714285714286,0.9797393212027359,0.9995004995004995,0.9952380952380951,143,0,1,13,157,14,8.92,0.26777611157323994,0.0036463458541748034,0.9922879548804746,0.09767323067633782
123,1,H_all_focal_W,47,0.11753682800008391,2.0,0.75,0.9936305732484076,1.0,0.9285714285714286,0.9797393212027359,0.9995004995004995,0.9952380952380951,143,0,1,13,157,14,8.92,0.26777611157323994,0.0036463458541748034,0.9922879548804746,0.09767323067633782
123,1,LEGACY_A,44,0.1414790849999008,2.0,0.75,1.0,1.0,1.0,1.0,1.0,1.0,143,0,0,14,157,14,8.92,0.28428992134770126,5.0925154763566695e-08,0.9999995907999903,0.08917355622346541
123,2,A_raw_ce_noW,44,0.17884884400018564,2.0,0.75,0.9808917197452229,0.9230769230769231,0.8571428571428571,0.9392179636082074,0.9950049950049951,0.9634294277151418,142,1,2,12,157,14,8.92,0.27146109929136186,5.9481976563178014e-08,0.9999994577552784,0.08151951557443994
123,2,B_raw_ce_W,44,0.15857399399988026,2.0,0.75,0.9808917197452229,0.9230769230769231,0.8571428571428571,0.9392179636082074,0.9945054945054945,0.9614531431301616,142,1,2,12,157,14,8.92,0.2738607639459395,1.5039489060686267e-07,0.9999997851817484,0.08270067511534512
123,2,C_raw_focal_noW,44,0.12424744600002668,2.0,0.75,0.9745222929936306,0.9166666666666666,0.7857142857142857,0.9161324786324787,0.9975024975024975,0.9745225013082156,142,1,3,11,157,14,8.92,0.25402548403958136,0.004589514575958933,0.9946679115192785,0.08935866178944485
123,2,D_raw_focal_W,44,0.10382732199991551,2.0,0.75,0.9745222929936306,0.9166666666666666,0.7857142857142857,0.9161324786324787,0.9975024975024975,0.9745225013082156,142,1,3,11,157,14,8.92,0.25402548403958136,0.004589514575958933,0.9946679115192785,0.08935866178944485
123,2,E_all_ce_noW,47,0.15513177399998312,2.0,0.75,0.9808917197452229,0.9230769230769231,0.8571428571428571,0.9392179636082074,0.9975024975024975,0.9745225013082155,142,1,2,12,157,14,8.92,0.25967777597766517,6.429406059479363e-08,0.999999492072789,0.07691441773161185
123,2,F_all_ce_W,47,0.166187748999846,2.0,0.75,0.9808917197452229,0.9230769230769231,0.8571428571428571,0.9392179636082074,0.9975024975024975,0.9745225013082155,142,1,2,12,157,14,8.92,0.2676556987139877,1.6402977870911595e-07,0.9999998081341426,0.08212743167501216
123,2,G_all_focal_noW,47,0.10696051799982342,2.0,0.75,0.9745222929936306,0.9166666666666666,0.7857142857142857,0.9161324786324787,0.997002997002997,0.9708460307199802,142,1,3,11,157,14,8.92,0.25151726265730484,0.005968167954705223,0.9946659389790874,0.08815875909142072
123,2,H_all_focal_W,47,0.11038715299991964,2.0,0.75,0.9745222929936306,0.9166666666666666,0.7857142857142857,0.9161324786324787,0.997002997002997,0.9708460307199802,142,1,3,11,157,14,8.92,0.25151726265730484,0.005968167954705223,0.9946659389790874,0.08815875909142072
123,2,LEGACY_A,44,0.13972527000009904,2.0,0.75,0.9745222929936306,0.9166666666666666,0.7857142857142857,0.9161324786324787,0.9945054945054945,0.9614531431301616,142,1,3,11,157,14,8.92,0.26584014388628285,4.6307864121514635e-08,0.9999996349463289,0.07866573018006673
123,3,A_raw_ce_noW,44,0.14791178199993738,2.0,0.75,1.0,1.0,1.0,1.0,1.0,1.0,143,0,0,14,157,14,8.92,0.28496039296617637,5.5532831300806414e-08,0.9999991110606183,0.08918437448191402
123,3,B_raw_ce_W,44,0.16189803899987965,2.0,0.75,1.0,1.0,1.0,1.0,1.0,1.0,143,0,0,14,157,14,8.92,0.28497814607906774,1.357720888485188e-07,0.9999997611549889,0.08919688704874734
123,3,C_raw_focal_noW,44,0.11487057199997253,2.0,0.75,1.0,1.0,1.0,1.0,1.0,0.9999999999999999,143,0,0,14,157,14,8.92,0.2768610067313013,0.00346614249123675,0.9935348036999617,0.09918109739303894
123,3,D_raw_focal_W,44,0.11496046299998852,2.0,0.75,1.0,1.0,1.0,1.0,1.0,0.9999999999999999,143,0,0,14,157,14,8.92,0.2768610067313013,0.00346614249123675,0.9935348036999617,0.09918109739303894
123,3,E_all_ce_noW,47,0.16098232600006668,2.0,0.75,1.0,1.0,1.0,1.0,1.0,0.9999999999999999,143,0,0,14,157,14,8.92,0.2848068445795803,6.092555925666872e-08,0.9999985411644564,0.08912914317790932
123,3,F_all_ce_W,47,0.19214337600010367,2.0,0.75,1.0,1.0,1.0,1.0,1.0,1.0,143,0,0,14,157,14,8.92,0.2846198956627709,1.6599912952756237e-07,0.9999995970603954,0.08910927424065304
123,3,G_all_focal_noW,47,0.12756094400015172,2.0,0.75,1.0,1.0,1.0,1.0,1.0,0.9999999999999998,143,0,0,14,157,14,8.92,0.27450345093450174,0.004105920699571995,0.9921049127386578,0.09794230014138885
123,3,H_all_focal_W,47,0.12167345800003204,2.0,0.75,1.0,1.0,1.0,1.0,1.0,0.9999999999999998,143,0,0,14,157,14,8.92,0.27450345093450174,0.004105920699571995,0.9921049127386578,0.09794230014138885
123,3,LEGACY_A,44,0.14450759500005006,2.0,0.75,1.0,1.0,1.0,1.0,1.0,1.0,143,0,0,14,157,14,8.92,0.28497385796804153,4.672618082091624e-08,0.9999996013377324,0.08920180867076953
123,4,A_raw_ce_noW,44,0.14296237300004577,2.0,0.75,0.9872611464968153,1.0,0.8571428571428571,0.9580662393162394,0.9985014985014986,0.9859693877551019,143,0,2,12,157,14,8.92,0.2664909896794494,6.74474071226202e-08,0.9999992701008217,0.0807918304432473
123,4,B_raw_ce_W,44,0.16731634400002804,2.0,0.75,0.9872611464968153,0.9285714285714286,0.9285714285714286,0.9607892107892109,0.9985014985014985,0.9859693877551019,142,1,1,13,157,14,8.92,0.27442529135518207,1.4478691000459352e-07,0.9999997791131193,0.08654682429933853
123,4,C_raw_focal_noW,44,0.12033411799984606,2.0,0.75,0.9745222929936306,0.8571428571428571,0.8571428571428571,0.9215784215784215,0.9980019980019981,0.981547619047619,141,2,2,12,157,14,8.92,0.26290952757391634,0.0037879155574026897,0.9931526829652989,0.09803521270377036
123,4,D_raw_focal_W,44,0.1271912350000548,2.0,0.75,0.9745222929936306,0.8571428571428571,0.8571428571428571,0.9215784215784215,0.9980019980019981,0.981547619047619,141,2,2,12,157,14,8.92,0.26290952757391634,0.0037879155574026897,0.9931526829652989,0.09803521270377036
123,4,E_all_ce_noW,47,0.15953626500004248,2.0,0.75,0.9808917197452229,0.9230769230769231,0.8571428571428571,0.9392179636082074,0.9975024975024974,0.9760531135531135,142,1,2,12,157,14,8.92,0.27553677979683106,8.270727985302545e-08,0.9999991019249729,0.08618157950023819
123,4,F_all_ce_W,47,0.17620993900004578,2.0,0.75,0.9745222929936306,0.8571428571428571,0.8571428571428571,0.9215784215784215,0.9965034965034966,0.9664242620124972,141,2,2,12,157,14,8.92,0.2793185599991002,1.7432263768027625e-07,0.9999998160797184,0.08899590488780228
123,4,G_all_focal_noW,47,0.12406953999993675,2.0,0.75,0.9745222929936306,0.8571428571428571,0.8571428571428571,0.9215784215784215,0.998001998001998,0.981547619047619,141,2,2,12,157,14,8.92,0.2655624868857596,0.005020100334432881,0.9941119190538814,0.10262947003365035
123,4,H_all_focal_W,47,0.1360782479998761,2.0,0.75,0.9745222929936306,0.8571428571428571,0.8571428571428571,0.9215784215784215,0.998001998001998,0.981547619047619,141,2,2,12,157,14,8.92,0.2655624868857596,0.005020100334432881,0.9941119190538814,0.10262947003365035
123,4,LEGACY_A,44,0.14631478599994807,2.0,0.75,0.9808917197452229,0.9230769230769231,0.8571428571428571,0.9392179636082074,0.9990009990009989,0.9901360544217687,142,1,2,12,157,14,8.92,0.2748236182653059,5.41987653074997e-08,0.9999995934877826,0.08597687891407167
123,5,A_raw_ce_noW,44,0.14171403099999225,2.0,0.75,0.9935897435897436,1.0,0.9230769230769231,0.9782578397212544,1.0,1.0,143,0,1,12,156,13,8.33,0.26593379021660757,7.652759081967777e-08,0.9999993685034616,0.07701329949024784
123,5,B_raw_ce_W,44,0.15183979300013561,2.0,0.75,0.9935897435897436,1.0,0.9230769230769231,0.9782578397212544,1.0,1.0,143,0,1,12,156,13,8.33,0.2663467035498158,1.2578034044873563e-07,0.9999998034624087,0.07706890140534295
123,5,C_raw_focal_noW,44,0.1176457730000493,2.0,0.75,0.9935897435897436,1.0,0.9230769230769231,0.9782578397212544,1.0,1.0,143,0,1,12,156,13,8.33,0.2528432224626232,0.003178820700436612,0.9941348273014152,0.08454010642174897
123,5,D_raw_focal_W,44,0.132222542999898,2.0,0.75,0.9935897435897436,1.0,0.9230769230769231,0.9782578397212544,1.0,1.0,143,0,1,12,156,13,8.33,0.2528432224626232,0.003178820700436612,0.9941348273014152,0.08454010642174897
123,5,E_all_ce_noW,47,0.15778052599989678,2.0,0.75,0.9935897435897436,1.0,0.9230769230769231,0.9782578397212544,1.0,1.0,143,0,1,12,156,13,8.33,0.2646967491306456,6.805129413387165e-08,0.9999992683115295,0.07658638675924294
123,5,F_all_ce_W,47,0.17187329000012141,2.0,0.75,0.9935897435897436,1.0,0.9230769230769231,0.9782578397212544,1.0,0.9999999999999998,143,0,1,12,156,13,8.33,0.26556639293293316,1.7023487604526146e-07,0.9999996796267809,0.07714373597170149
123,5,G_all_focal_noW,47,0.12473813200017503,2.0,0.75,0.9935897435897436,1.0,0.9230769230769231,0.9782578397212544,1.0,0.9999999999999998,143,0,1,12,156,13,8.33,0.2515457253337972,0.004492729714499785,0.9940947569180554,0.08485659257605657
123,5,H_all_focal_W,47,0.12268480100010493,2.0,0.75,0.9935897435897436,1.0,0.9230769230769231,0.9782578397212544,1.0,0.9999999999999998,143,0,1,12,156,13,8.33,0.2515457253337972,0.004492729714499785,0.9940947569180554,0.08485659257605657
123,5,LEGACY_A,44,0.14562528999999813,2.0,0.75,0.9935897435897436,1.0,0.9230769230769231,0.9782578397212544,1.0,1.0,143,0,1,12,156,13,8.33,0.26641314195984206,4.811498870855423e-08,0.9999996439955066,0.07706543872248438
123,6,A_raw_ce_noW,44,0.14548167999987527,2.0,0.75,0.9936305732484076,0.9333333333333333,1.0,0.981004234724743,1.0,0.9999999999999999,142,1,0,14,157,14,8.92,0.2937998537050052,5.902551892432352e-08,0.9999992862012405,0.09645188281534302
123,6,B_raw_ce_W,44,0.15732904199990116,2.0,0.75,0.9936305732484076,0.9333333333333333,1.0,0.981004234724743,1.0,0.9999999999999999,142,1,0,14,157,14,8.92,0.29378586561838005,1.6546216276370728e-07,0.9999997812842633,0.09610948599283167
123,6,C_raw_focal_noW,44,0.11210973600009311,2.0,0.75,0.9936305732484076,0.9333333333333333,1.0,0.981004234724743,0.9995004995004995,0.9952380952380951,142,1,0,14,157,14,8.92,0.2879656183122779,0.003447416511203759,0.9955192648546003,0.1084676917946634
123,6,D_raw_focal_W,44,0.1259698759999992,2.0,0.75,0.9936305732484076,0.9333333333333333,1.0,0.981004234724743,0.9995004995004995,0.9952380952380951,142,1,0,14,157,14,8.92,0.2879656183122779,0.003447416511203759,0.9955192648546003,0.1084676917946634
123,6,E_all_ce_noW,47,0.1732181299998956,2.0,0.75,0.9872611464968153,0.875,1.0,0.9631455399061033,0.999000999000999,0.9910714285714286,141,2,0,14,157,14,8.92,0.2956122707694099,5.559566881936432e-08,0.9999994890363297,0.09898200473059335
123,6,F_all_ce_W,47,0.19608985900003972,2.0,0.75,0.9872611464968153,0.875,1.0,0.9631455399061033,0.999000999000999,0.9910714285714285,141,2,0,14,157,14,8.92,0.29549938053103036,1.5846058988106654e-07,0.9999997983556075,0.09919029622723259
123,6,G_all_focal_noW,47,0.14411655100002463,2.0,0.75,0.9808917197452229,0.8666666666666667,0.9285714285714286,0.9430127041742287,0.999000999000999,0.9910714285714285,141,2,1,13,157,14,8.92,0.2842847034842738,0.0039294989353595485,0.9957394484212104,0.10521484817685155
123,6,H_all_focal_W,47,0.19412526700011767,2.0,0.75,0.9808917197452229,0.8666666666666667,0.9285714285714286,0.9430127041742287,0.999000999000999,0.9910714285714285,141,2,1,13,157,14,8.92,0.2842847034842738,0.0039294989353595485,0.9957394484212104,0.10521484817685155
123,6,LEGACY_A,44,0.2270320529999026,2.0,0.75,0.9936305732484076,0.9333333333333333,1.0,0.981004234724743,1.0,0.9999999999999999,142,1,0,14,157,14,8.92,0.2869992997832983,5.824726422062064e-08,0.9999996240017951,0.09304566009590691
123,7,A_raw_ce_noW,44,0.2286602720000701,2.0,0.75,1.0,1.0,1.0,1.0,1.0,0.9999999999999999,143,0,0,14,157,14,8.92,0.2789266968973882,5.2455745742642554e-08,0.9999993839401043,0.08685891917655272
123,7,B_raw_ce_W,44,0.2484700850000081,2.0,0.75,1.0,1.0,1.0,1.0,1.0,0.9999999999999999,143,0,0,14,157,14,8.92,0.280714522850904,1.2576609872958778e-07,0.9999998069758147,0.08767068652538669
123,7,C_raw_focal_noW,44,0.1743972340000255,2.0,0.75,0.9936305732484076,1.0,0.9285714285714286,0.9797393212027359,1.0,0.9999999999999999,143,0,1,13,157,14,8.92,0.26740749734036434,0.003136905491821686,0.9966694470683739,0.09431659712345822
123,7,D_raw_focal_W,44,0.1862897519999933,2.0,0.75,0.9936305732484076,1.0,0.9285714285714286,0.9797393212027359,1.0,0.9999999999999999,143,0,1,13,157,14,8.92,0.26740749734036434,0.003136905491821686,0.9966694470683739,0.09431659712345822
123,7,E_all_ce_noW,47,0.254756339000096,2.0,0.75,0.9936305732484076,1.0,0.9285714285714286,0.9797393212027359,1.0,0.9999999999999999,143,0,1,13,157,14,8.92,0.27709577596786217,4.2989392918009327e-08,0.9999989237480081,0.08576059973807947
123,7,F_all_ce_W,47,0.27751779400000487,2.0,0.75,1.0,1.0,1.0,1.0,1.0,0.9999999999999999,143,0,0,14,157,14,8.92,0.28205243489132864,1.6038725449184603e-07,0.9999996047545999,0.08818665850566623
123,7,G_all_focal_noW,47,0.19588977800003704,2.0,0.75,0.9936305732484076,1.0,0.9285714285714286,0.9797393212027359,1.0,1.0,143,0,1,13,157,14,8.92,0.2658583542779333,0.0027925434787124895,0.9942384218295801,0.09238510381776138
123,7,H_all_focal_W,47,0.19252936499992757,2.0,0.75,0.9936305732484076,1.0,0.9285714285714286,0.9797393212027359,1.0,1.0,143,0,1,13,157,14,8.92,0.2658583542779333,0.0027925434787124895,0.9942384218295801,0.09238510381776138
123,7,LEGACY_A,44,0.2414866690000963,2.0,0.75,1.0,1.0,1.0,1.0,1.0,0.9999999999999999,143,0,0,14,157,14,8.92,0.2845951489680975,3.7749447577471015e-08,0.99999962726938,0.08906672737122032
123,8,A_raw_ce_noW,44,0.22126244300011422,2.0,0.75,0.9872611464968153,1.0,0.8571428571428571,0.9580662393162394,0.996003996003996,0.974025974025974,143,0,2,12,157,14,8.92,0.2607592737010091,7.401407726571108e-08,0.9999989469451085,0.07503736153946476
123,8,B_raw_ce_W,44,0.24316467800008468,2.0,0.75,0.9872611464968153,1.0,0.8571428571428571,0.9580662393162394,0.9885114885114885,0.9555984555984556,143,0,2,12,157,14,8.92,0.26481209319630206,1.7938585206018803e-07,0.9999998268520458,0.07641979749441768
123,8,C_raw_focal_noW,44,0.192223168000055,2.0,0.75,0.9808917197452229,1.0,0.7857142857142857,0.9348096885813149,0.9950049950049951,0.9702380952380951,143,0,3,11,157,14,8.92,0.24388845723477182,0.003810612796962542,0.9929690391363738,0.08462941657126577
123,8,D_raw_focal_W,44,0.19192243699990286,2.0,0.75,0.9808917197452229,1.0,0.7857142857142857,0.9348096885813149,0.9950049950049951,0.9702380952380951,143,0,3,11,157,14,8.92,0.24388845723477182,0.003810612796962542,0.9929690391363738,0.08462941657126577
123,8,E_all_ce_noW,47,0.22922934899997927,2.0,0.75,0.9872611464968153,1.0,0.8571428571428571,0.9580662393162394,0.9975024975024975,0.981203007518797,143,0,2,12,157,14,8.92,0.25855219249215255,7.916119436041108e-08,0.9999991134952239,0.07431135546419772
123,8,F_all_ce_W,47,0.1766726020000533,2.0,0.75,0.9872611464968153,1.0,0.8571428571428571,0.9580662393162394,0.998001998001998,0.984126984126984,143,0,2,12,157,14,8.92,0.26429953940324724,1.640382794506989e-07,0.9999997902379463,0.0765217907465134
123,8,G_all_focal_noW,47,0.1188969250001719,2.0,0.75,0.9872611464968153,1.0,0.8571428571428571,0.9580662393162394,0.997002997002997,0.9785714285714284,143,0,2,12,157,14,8.92,0.24794690463750088,0.00514272111619544,0.9936910628711404,0.08718274851275254
123,8,H_all_focal_W,47,0.13612887599992973,2.0,0.75,0.9872611464968153,1.0,0.8571428571428571,0.9580662393162394,0.997002997002997,0.9785714285714284,143,0,2,12,157,14,8.92,0.24794690463750088,0.00514272111619544,0.9936910628711404,0.08718274851275254
123,8,LEGACY_A,44,0.14210567499981153,2.0,0.75,0.9872611464968153,1.0,0.8571428571428571,0.9580662393162394,0.998001998001998,0.984126984126984,143,0,2,12,157,14,8.92,0.26460739406577277,4.891840011744862e-08,0.9999995562377582,0.07654976630263963
123,9,A_raw_ce_noW,44,0.1404367690001891,2.0,0.75,1.0,1.0,1.0,1.0,1.0,0.9999999999999999,143,0,0,14,157,14,8.92,0.28194402022071247,5.930502746461268e-08,0.9999991974464896,0.0881935116824646
123,9,B_raw_ce_W,44,0.15992576500002542,2.0,0.75,1.0,1.0,1.0,1.0,1.0,0.9999999999999999,143,0,0,14,157,14,8.92,0.2845642954587295,1.626796151953759e-07,0.9999997638458447,0.08907688172345843
123,9,C_raw_focal_noW,44,0.1154706059999171,2.0,0.75,1.0,1.0,1.0,1.0,1.0,1.0,143,0,0,14,157,14,8.92,0.26790398500685303,0.003348190538107389,0.9939938238896047,0.09421120918865848
123,9,D_raw_focal_W,44,0.13407032400004937,2.0,0.75,1.0,1.0,1.0,1.0,1.0,1.0,143,0,0,14,157,14,8.92,0.26790398500685303,0.003348190538107389,0.9939938238896047,0.09421120918865848
123,9,E_all_ce_noW,47,0.161755636999942,2.0,0.75,1.0,1.0,1.0,1.0,1.0,1.0,143,0,0,14,157,14,8.92,0.28055289926986643,6.101341395536205e-08,0.9999990571237987,0.08771967269334921
123,9,F_all_ce_W,47,0.18881908000003023,2.0,0.75,1.0,1.0,1.0,1.0,1.0,0.9999999999999999,143,0,0,14,157,14,8.92,0.28456444844100126,1.5820103026686046e-07,0.9999996851436671,0.0890606396343831
123,9,G_all_focal_noW,47,0.12113935299998957,2.0,0.75,1.0,1.0,1.0,1.0,1.0,0.9999999999999998,143,0,0,14,157,14,8.92,0.26699699299111346,0.0031208389261030522,0.9935642880983199,0.0943399770232043
123,9,H_all_focal_W,47,0.3928510030000325,2.0,0.75,1.0,1.0,1.0,1.0,1.0,0.9999999999999998,143,0,0,14,157,14,8.92,0.26699699299111346,0.0031208389261030522,0.9935642880983199,0.0943399770232043
123,9,LEGACY_A,44,0.16201235399989855,2.0,0.75,1.0,1.0,1.0,1.0,1.0,0.9999999999999999,143,0,0,14,157,14,8.92,0.28467933993963124,5.0164638982799315e-08,0.9999995550305795,0.0890870715831239
123,10,A_raw_ce_noW,44,0.1379214180001327,2.0,0.75,0.9935897435897436,1.0,0.9230769230769231,0.9782578397212544,0.9994620763851533,0.9945054945054943,143,0,1,12,156,13,8.33,0.26636477060564484,7.030496347667824e-08,0.9999991767487159,0.07766358721989353
123,10,B_raw_ce_W,44,0.15012130299987803,2.0,0.75,0.9935897435897436,1.0,0.9230769230769231,0.9782578397212544,0.9994620763851533,0.9945054945054945,143,0,1,12,156,13,8.33,0.26829167410012816,1.7752306815169249e-07,0.9999997650713385,0.08010008218382879
123,10,C_raw_focal_noW,44,0.11355268699981025,2.0,0.75,0.9935897435897436,1.0,0.9230769230769231,0.9782578397212544,0.9994620763851532,0.9945054945054943,143,0,1,12,156,13,8.33,0.25992147042303393,0.004573498646730299,0.9916893328024271,0.08903799825647667
123,10,D_raw_focal_W,44,0.11417990699987968,2.0,0.75,0.9935897435897436,1.0,0.9230769230769231,0.9782578397212544,0.9994620763851532,0.9945054945054943,143,0,1,12,156,13,8.33,0.25992147042303393,0.004573498646730299,0.9916893328024271,0.08903799825647667
123,10,E_all_ce_noW,47,0.1655972420001035,2.0,0.75,0.9935897435897436,1.0,0.9230769230769231,0.9782578397212544,1.0,0.9999999999999998,143,0,1,12,156,13,8.33,0.2662170596405578,5.6083685879856443e-08,0.9999992702405726,0.07757330378900758
123,10,F_all_ce_W,47,0.16682951699999649,2.0,0.75,0.9935897435897436,1.0,0.9230769230769231,0.9782578397212544,1.0,0.9999999999999998,143,0,1,12,156,13,8.33,0.26596770362549665,1.8104002554926484e-07,0.9999998038143224,0.07732078012209598
123,10,G_all_focal_noW,47,0.11531440700014173,2.0,0.75,0.9935897435897436,1.0,0.9230769230769231,0.9782578397212544,0.9994620763851533,0.9945054945054943,143,0,1,12,156,13,8.33,0.25731333277103197,0.004271562974349954,0.9906617526102484,0.08755584767913105
123,10,H_all_focal_W,47,0.12120685799982311,2.0,0.75,0.9935897435897436,1.0,0.9230769230769231,0.9782578397212544,0.9994620763851533,0.9945054945054943,143,0,1,12,156,13,8.33,0.25731333277103197,0.004271562974349954,0.9906617526102484,0.08755584767913105
123,10,LEGACY_A,44,0.13974098599987883,2.0,0.75,0.9871794871794872,0.9230769230769231,0.9230769230769231,0.9580419580419581,0.9994620763851534,0.9945054945054943,142,1,1,12,156,13,8.33,0.27013010960443573,7.078310730381187e-08,0.9999995648144704,0.08110508695986007
123,11,A_raw_ce_noW,44,0.14922072900003513,2.0,0.75,0.9872611464968153,1.0,0.8571428571428571,0.9580662393162394,0.9440559440559441,0.8849107513491075,143,0,2,12,157,14,8.92,0.26557880698364283,6.000392728754953e-08,0.9999991723452559,0.0764173419533566
123,11,B_raw_ce_W,44,0.14318262999995568,2.0,0.75,0.9872611464968153,1.0,0.8571428571428571,0.9580662393162394,0.946053946053946,0.8857709750566893,143,0,2,12,157,14,8.92,0.2655476785861631,1.6042611060896606e-07,0.9999997989342728,0.07641320394325943
123,11,C_raw_focal_noW,44,0.1090941649999877,2.0,0.75,0.9872611464968153,1.0,0.8571428571428571,0.9580662393162394,0.8671328671328672,0.8703035547863134,143,0,2,12,157,14,8.92,0.2563377970228736,0.003846767216305084,0.9945359607276882,0.08219518264167187
123,11,D_raw_focal_W,44,0.1251803000000109,2.0,0.75,0.9872611464968153,1.0,0.8571428571428571,0.9580662393162394,0.8671328671328672,0.8703035547863134,143,0,2,12,157,14,8.92,0.2563377970228736,0.003846767216305084,0.9945359607276882,0.08219518264167187
123,11,E_all_ce_noW,47,0.1493728140001167,2.0,0.75,0.9872611464968153,1.0,0.8571428571428571,0.9580662393162394,0.8771228771228771,0.8712698583082867,143,0,2,12,157,14,8.92,0.2652010262621838,6.402138238288382e-08,0.999998980112874,0.07632738291791112
123,11,F_all_ce_W,47,0.1658474049997949,2.0,0.75,0.9872611464968153,1.0,0.8571428571428571,0.9580662393162394,0.9370629370629371,0.883116883116883,143,0,2,12,157,14,8.92,0.26559633268406485,1.6031638574917482e-07,0.9999997580962717,0.07661956787944237
123,11,G_all_focal_noW,47,0.12946034099991266,2.0,0.75,0.9872611464968153,1.0,0.8571428571428571,0.9580662393162394,0.867132867132867,0.8707482993197277,143,0,2,12,157,14,8.92,0.25657798919775876,0.003942971740075855,0.9940495522070802,0.08321724941695773
123,11,H_all_focal_W,47,0.11910408300013842,2.0,0.75,0.9872611464968153,1.0,0.8571428571428571,0.9580662393162394,0.867132867132867,0.8707482993197277,143,0,2,12,157,14,8.92,0.25657798919775876,0.003942971740075855,0.9940495522070802,0.08321724941695773
123,11,LEGACY_A,44,0.13801579400001174,2.0,0.75,0.9872611464968153,1.0,0.8571428571428571,0.9580662393162394,0.9125874125874126,0.876231104386444,143,0,2,12,157,14,8.92,0.26564689543726344,3.844263226288806e-08,0.9999995414686023,0.0764253939856233
123,12,A_raw_ce_noW,44,0.13674704200002452,2.0,0.75,0.9617834394904459,1.0,0.5714285714285714,0.8533623910336239,0.9875124875124874,0.9323029211684672,143,0,6,8,157,14,8.92,0.2199842381727915,1.0547766962886802e-07,0.9999987633073528,0.05323877962221027
123,12,B_raw_ce_W,44,0.15352246999987074,2.0,0.75,0.9681528662420382,1.0,0.6428571428571429,0.8827132825339907,0.9865134865134865,0.9249690785405069,143,0,5,9,157,14,8.92,0.22354683453494356,1.8347361041963633e-07,0.9999997918967996,0.058179329181538585
123,12,C_raw_focal_noW,44,0.10380611999994471,2.0,0.75,0.9617834394904459,1.0,0.5714285714285714,0.8533623910336239,0.9875124875124875,0.9194033935413244,143,0,6,8,157,14,8.92,0.21313721827632476,0.005720402218628542,0.9913226848259,0.0705452221429753
123,12,D_raw_focal_W,44,0.11932739500002754,2.0,0.75,0.9617834394904459,1.0,0.5714285714285714,0.8533623910336239,0.9875124875124875,0.9194033935413244,143,0,6,8,157,14,8.92,0.21313721827632476,0.005720402218628542,0.9913226848259,0.0705452221429753
123,12,E_all_ce_noW,47,0.1508022370001072,2.0,0.75,0.9681528662420382,1.0,0.6428571428571429,0.8827132825339907,0.999000999000999,0.9910714285714284,143,0,5,9,157,14,8.92,0.23165197516553904,6.932512736699536e-08,0.9999994305232515,0.06000078378531195
123,12,F_all_ce_W,47,0.17056275499999174,2.0,0.75,0.9808917197452229,1.0,0.7857142857142857,0.9348096885813149,0.997002997002997,0.974002100840336,143,0,3,11,157,14,8.92,0.24650590291819277,1.4497698379176149e-07,0.9999998287169312,0.06783711637276675
123,12,G_all_focal_noW,47,0.10780880099991919,2.0,0.75,0.9681528662420382,1.0,0.6428571428571429,0.8827132825339907,0.9920079920079921,0.9470496894409937,143,0,5,9,157,14,8.92,0.22102542753906237,0.004865530229270765,0.9942437875342474,0.07159156220338446
123,12,H_all_focal_W,47,0.11239620199989986,2.0,0.75,0.9681528662420382,1.0,0.6428571428571429,0.8827132825339907,0.9920079920079921,0.9470496894409937,143,0,5,9,157,14,8.92,0.22102542753906237,0.004865530229270765,0.9942437875342474,0.07159156220338446
123,12,LEGACY_A,44,0.13690240899995842,2.0,0.75,0.9808917197452229,1.0,0.7857142857142857,0.9348096885813149,0.9885114885114885,0.9318594104308389,143,0,3,11,157,14,8.92,0.24417500037736423,6.529464896429292e-08,0.9999995451779925,0.06743422182324697
123,13,A_raw_ce_noW,44,0.1406000370000129,2.0,0.75,0.9808917197452229,0.8666666666666667,0.9285714285714286,0.9430127041742287,0.9980019980019981,0.9841269841269841,141,2,1,13,157,14,8.92,0.2927658606833071,9.150804747976098e-08,0.9999991016793993,0.09554748640362778
123,13,B_raw_ce_W,44,0.17683188700016217,2.0,0.75,0.9808917197452229,0.8666666666666667,0.9285714285714286,0.9430127041742287,0.9980019980019981,0.9841269841269841,141,2,1,13,157,14,8.92,0.2919028075570063,1.7065634713229477e-07,0.9999997355282049,0.09514501351420715
123,13,C_raw_focal_noW,44,0.12079212100002223,2.0,0.75,0.9808917197452229,0.8666666666666667,0.9285714285714286,0.9430127041742287,0.9985014985014985,0.9873949579831933,141,2,1,13,157,14,8.92,0.28251936438090475,0.0044490983640498236,0.9931623285003339,0.10813268084911504
123,13,D_raw_focal_W,44,0.11693848599998091,2.0,0.75,0.9808917197452229,0.8666666666666667,0.9285714285714286,0.9430127041742287,0.9985014985014985,0.9873949579831933,141,2,1,13,157,14,8.92,0.28251936438090475,0.0044490983640498236,0.9931623285003339,0.10813268084911504
123,13,E_all_ce_noW,47,0.1651400640000702,2.0,0.75,0.9872611464968153,0.9285714285714286,0.9285714285714286,0.9607892107892109,0.9985014985014984,0.9873949579831932,142,1,1,13,157,14,8.92,0.2851715937040751,9.564560661566915e-08,0.9999984103898765,0.09134545900957629
123,13,F_all_ce_W,47,0.18760179399987464,2.0,0.75,0.9808917197452229,0.8666666666666667,0.9285714285714286,0.9430127041742287,0.9985014985014985,0.9873949579831932,141,2,1,13,157,14,8.92,0.28784805802194663,1.77205724014168e-07,0.99999964706012,0.09356114899810129
123,13,G_all_focal_noW,47,0.12034749899999042,2.0,0.75,0.9808917197452229,0.8666666666666667,0.9285714285714286,0.9430127041742287,0.999000999000999,0.9910714285714286,141,2,1,13,157,14,8.92,0.2785978792001786,0.004153417516884315,0.9919070071949483,0.10414720911140253
123,13,H_all_focal_W,47,0.12436267399993994,2.0,0.75,0.9808917197452229,0.8666666666666667,0.9285714285714286,0.9430127041742287,0.999000999000999,0.9910714285714286,141,2,1,13,157,14,8.92,0.2785978792001786,0.004153417516884315,0.9919070071949483,0.10414720911140253
123,13,LEGACY_A,44,0.14638109999987137,2.0,0.75,0.9808917197452229,0.8666666666666667,0.9285714285714286,0.9430127041742287,0.9990009990009989,0.9910714285714285,141,2,1,13,157,14,8.92,0.28667024577390227,6.732672306718716e-08,0.9999994949103155,0.09296842536929154
123,14,A_raw_ce_noW,44,0.14302369799997905,2.0,0.75,1.0,1.0,1.0,1.0,1.0,0.9999999999999999,143,0,0,14,157,14,8.92,0.28161363350988966,5.405299462442345e-08,0.9999992750603017,0.08803874267007178
123,14,B_raw_ce_W,44,0.17834110700005112,2.0,0.75,1.0,1.0,1.0,1.0,1.0,0.9999999999999999,143,0,0,14,157,14,8.92,0.2846793108009659,1.474339889106774e-07,0.9999996819688582,0.08916348116902859
123,14,C_raw_focal_noW,44,0.15319215499994243,2.0,0.75,1.0,1.0,1.0,1.0,1.0,1.0,143,0,0,14,157,14,8.92,0.27291031796697796,0.002504797254529605,0.9947103649847835,0.096127291249808
123,14,D_raw_focal_W,44,0.1950600789998589,2.0,0.75,1.0,1.0,1.0,1.0,1.0,1.0,143,0,0,14,157,14,8.92,0.27291031796697796,0.002504797254529605,0.9947103649847835,0.096127291249808
123,14,E_all_ce_noW,47,0.2527482159998726,2.0,0.75,0.9936305732484076,0.9333333333333333,1.0,0.981004234724743,1.0,0.9999999999999999,142,1,0,14,157,14,8.92,0.29100193894596943,5.558931242235083e-08,0.9999989688937634,0.0946141647528156
123,14,F_all_ce_W,47,0.2830396589999964,2.0,0.75,0.9936305732484076,0.9333333333333333,1.0,0.981004234724743,1.0,1.0,142,1,0,14,157,14,8.92,0.2937245982277885,1.6519338820279143e-07,0.9999997770353628,0.09622323321501439
123,14,G_all_focal_noW,47,0.20167464700011806,2.0,0.75,0.9936305732484076,0.9333333333333333,1.0,0.981004234724743,1.0,1.0,142,1,0,14,157,14,8.92,0.27975708901072666,0.0029813045998230434,0.9933900939098856,0.10173562767925566
123,14,H_all_focal_W,47,0.18609846200001812,2.0,0.75,0.9936305732484076,0.9333333333333333,1.0,0.981004234724743,1.0,1.0,142,1,0,14,157,14,8.92,0.27975708901072666,0.0029813045998230434,0.9933900939098856,0.10173562767925566
123,14,LEGACY_A,44,0.2306249889998071,2.0,0.75,1.0,1.0,1.0,1.0,1.0,0.9999999999999999,143,0,0,14,157,14,8.92,0.2833652685502274,4.0559522110405855e-08,0.9999996211318006,0.08958665624613299
123,15,A_raw_ce_noW,44,0.22913082600007328,2.0,0.75,0.9871794871794872,1.0,0.8461538461538461,0.9548611111111112,1.0,0.9999999999999998,143,0,2,11,156,13,8.33,0.25595756279946685,6.967597134639847e-08,0.9999991028611426,0.07074301700628305
123,15,B_raw_ce_W,44,0.23613572600015686,2.0,0.75,0.9871794871794872,1.0,0.8461538461538461,0.9548611111111112,1.0,0.9999999999999998,143,0,2,11,156,13,8.33,0.25594804061251575,1.5860171406770552e-07,0.9999997960384513,0.0707806316639628
123,15,C_raw_focal_noW,44,0.168253894000145,2.0,0.75,0.9871794871794872,1.0,0.8461538461538461,0.9548611111111112,1.0,1.0,143,0,2,11,156,13,8.33,0.2501613441251178,0.003011279369150984,0.9937948598954677,0.08265899050495566
123,15,D_raw_focal_W,44,0.17479962099992008,2.0,0.75,0.9871794871794872,1.0,0.8461538461538461,0.9548611111111112,1.0,1.0,143,0,2,11,156,13,8.33,0.2501613441251178,0.003011279369150984,0.9937948598954677,0.08265899050495566
123,15,E_all_ce_noW,47,0.2871619689999534,2.0,0.75,0.9871794871794872,1.0,0.8461538461538461,0.9548611111111112,1.0,1.0,143,0,2,11,156,13,8.33,0.2559631925882469,5.616458305665027e-08,0.9999988921359863,0.07145542662852698
123,15,F_all_ce_W,47,0.2737566800001332,2.0,0.75,0.9871794871794872,1.0,0.8461538461538461,0.9548611111111112,1.0,0.9999999999999998,143,0,2,11,156,13,8.33,0.2570596351856995,1.4212655738970365e-07,0.9999997216770153,0.07327399548977878
123,15,G_all_focal_noW,47,0.19020734000014272,2.0,0.75,0.9871794871794872,1.0,0.8461538461538461,0.9548611111111112,1.0,0.9999999999999998,143,0,2,11,156,13,8.33,0.25356609008633874,0.003846484158171045,0.995023981385019,0.08693297154378732
123,15,H_all_focal_W,47,0.18118819399978747,2.0,0.75,0.9871794871794872,1.0,0.8461538461538461,0.9548611111111112,1.0,0.9999999999999998,143,0,2,11,156,13,8.33,0.25356609008633874,0.003846484158171045,0.995023981385019,0.08693297154378732
123,15,LEGACY_A,44,0.2281670209999902,2.0,0.75,0.9871794871794872,1.0,0.8461538461538461,0.9548611111111112,1.0,0.9999999999999998,143,0,2,11,156,13,8.33,0.25592439599206446,4.102445530686974e-08,0.9999995752972631,0.07089868045234486
123,16,A_raw_ce_noW,44,0.19229128500001025,2.0,0.75,0.9936305732484076,1.0,0.9285714285714286,0.9797393212027359,1.0,0.9999999999999998,143,0,1,13,157,14,8.92,0.2752328099407581,7.542072877465935e-08,0.9999989969402139,0.08306272050514717
123,16,B_raw_ce_W,44,0.15762285099981455,2.0,0.75,0.9936305732484076,1.0,0.9285714285714286,0.9797393212027359,1.0,0.9999999999999999,143,0,1,13,157,14,8.92,0.27582792489706454,1.4279361195567553e-07,0.9999997227511384,0.08451256870869873
123,16,C_raw_focal_noW,44,0.11853341999994882,2.0,0.75,0.9936305732484076,1.0,0.9285714285714286,0.9797393212027359,1.0,0.9999999999999998,143,0,1,13,157,14,8.92,0.26276544944476943,0.003237249386615557,0.9925797886097112,0.09106523489443888
123,16,D_raw_focal_W,44,0.11341378800011626,2.0,0.75,0.9936305732484076,1.0,0.9285714285714286,0.9797393212027359,1.0,0.9999999999999998,143,0,1,13,157,14,8.92,0.26276544944476943,0.003237249386615557,0.9925797886097112,0.09106523489443888
123,16,E_all_ce_noW,47,0.16736998600003972,2.0,0.75,0.9872611464968153,1.0,0.8571428571428571,0.9580662393162394,1.0,0.9999999999999998,143,0,2,12,157,14,8.92,0.26670721953734167,6.005260936520017e-08,0.9999988500733624,0.07902783324830431
123,16,F_all_ce_W,47,0.17049207099989871,2.0,0.75,0.9936305732484076,1.0,0.9285714285714286,0.9797393212027359,1.0,0.9999999999999998,143,0,1,13,157,14,8.92,0.2731098245635436,1.6052598879086275e-07,0.9999996815642537,0.08343772874615543
123,16,G_all_focal_noW,47,0.11435719900009644,2.0,0.75,0.9936305732484076,1.0,0.9285714285714286,0.9797393212027359,1.0,0.9999999999999998,143,0,1,13,157,14,8.92,0.2567080083237613,0.00429872221618632,0.9930980478439004,0.09100025466994724
123,16,H_all_focal_W,47,0.12561873799995737,2.0,0.75,0.9936305732484076,1.0,0.9285714285714286,0.9797393212027359,1.0,0.9999999999999998,143,0,1,13,157,14,8.92,0.2567080083237613,0.00429872221618632,0.9930980478439004,0.09100025466994724
123,16,LEGACY_A,44,0.15199618900010137,2.0,0.75,0.9936305732484076,1.0,0.9285714285714286,0.9797393212027359,1.0,0.9999999999999998,143,0,1,13,157,14,8.92,0.27573121306653325,3.9298105079416085e-08,0.9999996454689275,0.08430790005651279
123,17,A_raw_ce_noW,44,0.14227133400004277,2.0,0.75,1.0,1.0,1.0,1.0,1.0,0.9999999999999999,143,0,0,14,157,14,8.92,0.27546410306640273,5.7972565994233505e-08,0.9999991858851431,0.08653573553833376
123,17,B_raw_ce_W,44,0.15134598000008737,2.0,0.75,1.0,1.0,1.0,1.0,1.0,0.9999999999999999,143,0,0,14,157,14,8.92,0.2822225707128678,1.364826928758194e-07,0.9999997353461295,0.08932255278322217
123,17,C_raw_focal_noW,44,0.11104676200011454,2.0,0.75,0.9936305732484076,1.0,0.9285714285714286,0.9797393212027359,1.0,1.0,143,0,1,13,157,14,8.92,0.2585251078273715,0.003574944603592524,0.9939521269141234,0.09481606580244493
123,17,D_raw_focal_W,44,0.11560568200002308,2.0,0.75,0.9936305732484076,1.0,0.9285714285714286,0.9797393212027359,1.0,1.0,143,0,1,13,157,14,8.92,0.2585251078273715,0.003574944603592524,0.9939521269141234,0.09481606580244493
123,17,E_all_ce_noW,47,0.15960444300003473,2.0,0.75,1.0,1.0,1.0,1.0,1.0,1.0,143,0,0,14,157,14,8.92,0.28061469327178395,7.051297001891795e-08,0.9999990856938534,0.08843478873936768
123,17,F_all_ce_W,47,0.16926411000008557,2.0,0.75,1.0,1.0,1.0,1.0,1.0,0.9999999999999999,143,0,0,14,157,14,8.92,0.2844282456066032,1.5431667328665093e-07,0.999999765841044,0.09134915095600141
123,17,G_all_focal_noW,47,0.13741372200001933,2.0,0.75,0.9936305732484076,0.9333333333333333,1.0,0.981004234724743,1.0,0.9999999999999999,142,1,0,14,157,14,8.92,0.2659463947073841,0.005141405945431789,0.9925745970090561,0.09973367076381395
123,17,H_all_focal_W,47,0.14787398900011794,2.0,0.75,0.9936305732484076,0.9333333333333333,1.0,0.981004234724743,1.0,0.9999999999999999,142,1,0,14,157,14,8.92,0.2659463947073841,0.005141405945431789,0.9925745970090561,0.09973367076381395
123,17,LEGACY_A,44,0.14385292100018887,2.0,0.75,1.0,1.0,1.0,1.0,1.0,0.9999999999999999,143,0,0,14,157,14,8.92,0.2853370545828763,4.420423083658505e-08,0.9999996068250625,0.09130492839171041
123,18,A_raw_ce_noW,44,0.13469639999993888,2.0,0.75,0.9872611464968153,0.875,1.0,0.9631455399061033,0.9995004995004995,0.9952380952380951,141,2,0,14,157,14,8.92,0.29908666668371703,7.420304229707685e-08,0.999999136123144,0.10064759092444114
123,18,B_raw_ce_W,44,0.15309711899999456,2.0,0.75,0.9872611464968153,0.875,1.0,0.9631455399061033,0.9995004995004995,0.9952380952380951,141,2,0,14,157,14,8.92,0.30220307766499965,1.6710883738339584e-07,0.9999998077663427,0.10185051875703015
123,18,C_raw_focal_noW,44,0.1250995899999907,2.0,0.75,0.9872611464968153,0.875,1.0,0.9631455399061033,1.0,0.9999999999999999,141,2,0,14,157,14,8.92,0.291905980580565,0.003474379678266975,0.9948685266640669,0.10983329523603307
123,18,D_raw_focal_W,44,0.10629638399996111,2.0,0.75,0.9872611464968153,0.875,1.0,0.9631455399061033,1.0,0.9999999999999999,141,2,0,14,157,14,8.92,0.291905980580565,0.003474379678266975,0.9948685266640669,0.10983329523603307
123,18,E_all_ce_noW,47,0.1556281839998519,2.0,0.75,0.9872611464968153,0.875,1.0,0.9631455399061033,1.0,0.9999999999999999,141,2,0,14,157,14,8.92,0.3022099425846745,5.06214822471996e-08,0.9999990504442723,0.10181792752351788
123,18,F_all_ce_W,47,0.1758311710000271,2.0,0.75,0.9872611464968153,0.875,1.0,0.9631455399061033,1.0,0.9999999999999999,141,2,0,14,157,14,8.92,0.3024100864559989,1.4440996105926806e-07,0.9999997669659991,0.10193022992402141
123,18,G_all_focal_noW,47,0.11770412700002453,2.0,0.75,0.9872611464968153,0.875,1.0,0.9631455399061033,0.9980019980019981,0.9786891679748821,141,2,0,14,157,14,8.92,0.29322954656150846,0.0032839401983243664,0.9955476622037068,0.10908063800701649
123,18,H_all_focal_W,47,0.11532515099997909,2.0,0.75,0.9872611464968153,0.875,1.0,0.9631455399061033,0.9980019980019981,0.9786891679748821,141,2,0,14,157,14,8.92,0.29322954656150846,0.0032839401983243664,0.9955476622037068,0.10908063800701649
123,18,LEGACY_A,44,0.1558931100000791,2.0,0.75,0.9872611464968153,0.875,1.0,0.9631455399061033,1.0,0.9999999999999999,141,2,0,14,157,14,8.92,0.2976209608903675,4.635211660842589e-08,0.9999995723496803,0.10015665379652587
123,19,A_raw_ce_noW,44,0.14296207200004574,2.0,0.75,0.9936305732484076,1.0,0.9285714285714286,0.9797393212027359,1.0,1.0,143,0,1,13,157,14,8.92,0.27549442736713275,8.645720848303052e-08,0.9999990796491594,0.08313860184554611
123,19,B_raw_ce_W,44,0.15503056900001866,2.0,0.75,0.9936305732484076,1.0,0.9285714285714286,0.9797393212027359,1.0,0.9999999999999999,143,0,1,13,157,14,8.92,0.27546400292649315,2.0159583119666284e-07,0.9999997281440309,0.08286866597222657
123,19,C_raw_focal_noW,44,0.11321230700013984,2.0,0.75,0.9936305732484076,1.0,0.9285714285714286,0.9797393212027359,1.0,1.0,143,0,1,13,157,14,8.92,0.26671795170071183,0.0037472251188650613,0.9936510155958405,0.09420074263344412
123,19,D_raw_focal_W,44,0.11671085800003311,2.0,0.75,0.9936305732484076,1.0,0.9285714285714286,0.9797393212027359,1.0,1.0,143,0,1,13,157,14,8.92,0.26671795170071183,0.0037472251188650613,0.9936510155958405,0.09420074263344412
123,19,E_all_ce_noW,47,0.16886534500008565,2.0,0.75,0.9936305732484076,1.0,0.9285714285714286,0.9797393212027359,1.0,0.9999999999999999,143,0,1,13,157,14,8.92,0.2755144661814537,5.505479169707973e-08,0.9999990980747843,0.08294807052099562
123,19,F_all_ce_W,47,0.16676127100004123,2.0,0.75,0.9936305732484076,1.0,0.9285714285714286,0.9797393212027359,1.0,0.9999999999999999,143,0,1,13,157,14,8.92,0.27552830941288153,2.0004836155609704e-07,0.9999997199731088,0.08290627127363726
123,19,G_all_focal_noW,47,0.11622849300010785,2.0,0.75,0.9936305732484076,1.0,0.9285714285714286,0.9797393212027359,1.0,1.0,143,0,1,13,157,14,8.92,0.26766373316657066,0.0035369203215514303,0.9950294509094184,0.09290301802181046
123,19,H_all_focal_W,47,0.11874552299991592,2.0,0.75,0.9936305732484076,1.0,0.9285714285714286,0.9797393212027359,1.0,1.0,143,0,1,13,157,14,8.92,0.26766373316657066,0.0035369203215514303,0.9950294509094184,0.09290301802181046
123,19,LEGACY_A,44,0.13938594599994758,2.0,0.75,0.9936305732484076,1.0,0.9285714285714286,0.9797393212027359,1.0,1.0,143,0,1,13,157,14,8.92,0.27554214957217443,7.263503482575993e-08,0.9999995735110361,0.08290509338826328
123,20,A_raw_ce_noW,44,0.1572661430000153,2.0,0.75,0.9871794871794872,1.0,0.8461538461538461,0.9548611111111112,0.9870898332436795,0.9501039501039501,143,0,2,11,156,13,8.33,0.2570516944444764,6.144701898911955e-08,0.9999983840218175,0.07295453141577712
123,20,B_raw_ce_W,44,0.15735650800002077,2.0,0.75,0.9935897435897436,1.0,0.9230769230769231,0.9782578397212544,0.9967724583109199,0.9757085020242915,143,0,1,12,156,13,8.33,0.2599836997778687,1.6252943112106193e-07,0.9999997078170718,0.07467502792087757
123,20,C_raw_focal_noW,44,0.10396404299990536,2.0,0.75,0.9935897435897436,1.0,0.9230769230769231,0.9782578397212544,0.9962345346960731,0.973076923076923,143,0,1,12,156,13,8.33,0.24848866855283422,0.003920951468114416,0.9916228294556765,0.08220389218165884
123,20,D_raw_focal_W,44,0.10690866200002347,2.0,0.75,0.9935897435897436,1.0,0.9230769230769231,0.9782578397212544,0.9962345346960731,0.973076923076923,143,0,1,12,156,13,8.33,0.24848866855283422,0.003920951468114416,0.9916228294556765,0.08220389218165884
123,20,E_all_ce_noW,47,0.15753458700010015,2.0,0.75,0.9935897435897436,1.0,0.9230769230769231,0.9782578397212544,0.994620763851533,0.9665551839464881,143,0,1,12,156,13,8.33,0.26066798655329093,6.689779484929915e-08,0.9999986532079403,0.07604963593122156
123,20,F_all_ce_W,47,0.17461649699998816,2.0,0.75,0.9935897435897436,1.0,0.9230769230769231,0.9782578397212544,0.9913932221624531,0.9575596816976126,143,0,1,12,156,13,8.33,0.2657046033566035,1.612010141132259e-07,0.9999997015633821,0.07860157182680935
123,20,G_all_focal_noW,47,0.11635782400003336,2.0,0.75,0.9871794871794872,1.0,0.8461538461538461,0.9548611111111112,0.9903173749327595,0.9553349875930519,143,0,2,11,156,13,8.33,0.2503596128712514,0.004724404952961162,0.9943928948093183,0.08412756294521191
123,20,H_all_focal_W,47,0.13468729599981089,2.0,0.75,0.9871794871794872,1.0,0.8461538461538461,0.9548611111111112,0.9903173749327595,0.9553349875930519,143,0,2,11,156,13,8.33,0.2503596128712514,0.004724404952961162,0.9943928948093183,0.08412756294521191
123,20,LEGACY_A,44,0.14465012000005117,2.0,0.75,0.9935897435897436,1.0,0.9230769230769231,0.9782578397212544,0.9897794513179129,0.9543269230769229,143,0,1,12,156,13,8.33,0.2662572665412081,3.8625744109562556e-08,0.9999995686556837,0.07702893893051774
123,21,A_raw_ce_noW,44,0.14755172200011657,2.0,0.75,1.0,1.0,1.0,1.0,1.0,0.9999999999999999,143,0,0,14,157,14,8.92,0.28487477305234155,5.184518107318363e-08,0.9999992242469053,0.08938759332595687
123,21,B_raw_ce_W,44,0.15727669100010644,2.0,0.75,1.0,1.0,1.0,1.0,1.0,0.9999999999999999,143,0,0,14,157,14,8.92,0.2849786062107405,1.326195858949281e-07,0.9999998006283943,0.08920935603439754
123,21,C_raw_focal_noW,44,0.11604135700008555,2.0,0.75,1.0,1.0,1.0,1.0,0.9999999999999999,0.9999999999999998,143,0,0,14,157,14,8.92,0.27757800916245967,0.002886574753719641,0.9945826027414798,0.09707850043369139
123,21,D_raw_focal_W,44,0.12966975599988473,2.0,0.75,1.0,1.0,1.0,1.0,0.9999999999999999,0.9999999999999998,143,0,0,14,157,14,8.92,0.27757800916245967,0.002886574753719641,0.9945826027414798,0.09707850043369139
123,21,E_all_ce_noW,47,0.15860397100004775,2.0,0.75,1.0,1.0,1.0,1.0,1.0,1.0,143,0,0,14,157,14,8.92,0.2849810612157961,5.440482940067483e-08,0.9999992519288688,0.0891771058200115
123,21,F_all_ce_W,47,0.1813259980001476,2.0,0.75,1.0,1.0,1.0,1.0,1.0,0.9999999999999999,143,0,0,14,157,14,8.92,0.2849843052250554,1.4957505931062653e-07,0.999999705920022,0.08918785406718405
123,21,G_all_focal_noW,47,0.11946968500001276,2.0,0.75,1.0,1.0,1.0,1.0,1.0,1.0,143,0,0,14,157,14,8.92,0.2784028802246892,0.0030053006566128733,0.9948828194868939,0.0962961715105299
123,21,H_all_focal_W,47,0.12153546299987283,2.0,0.75,1.0,1.0,1.0,1.0,1.0,1.0,143,0,0,14,157,14,8.92,0.2784028802246892,0.0030053006566128733,0.9948828194868939,0.0962961715105299
123,21,LEGACY_A,44,0.14683654099985688,2.0,0.75,1.0,1.0,1.0,1.0,1.0,0.9999999999999998,143,0,0,14,157,14,8.92,0.28498625336389033,4.069681945120788e-08,0.9999995959086317,0.08918176359407466
123,22,A_raw_ce_noW,44,0.22443571400003748,2.0,0.75,0.9808917197452229,1.0,0.7857142857142857,0.9348096885813149,0.996003996003996,0.9690476190476189,143,0,3,11,157,14,8.92,0.2570016767342822,6.164861036551977e-08,0.9999989164325835,0.074571654160794
123,22,B_raw_ce_W,44,0.2525205099998402,2.0,0.75,0.9808917197452229,0.9230769230769231,0.8571428571428571,0.9392179636082074,0.9955044955044956,0.9651785714285713,142,1,2,12,157,14,8.92,0.26999202036359976,1.1129542774819224e-07,0.9999996986163346,0.08291652969160998
123,22,C_raw_focal_noW,44,0.1714540120001402,2.0,0.75,0.9872611464968153,1.0,0.8571428571428571,0.9580662393162394,0.9930069930069931,0.9575091575091574,143,0,2,12,157,14,8.92,0.25298147065810067,0.0043858557197717024,0.993762232330863,0.08846615095542679
123,22,D_raw_focal_W,44,0.1780946320000112,2.0,0.75,0.9872611464968153,1.0,0.8571428571428571,0.9580662393162394,0.9930069930069931,0.9575091575091574,143,0,2,12,157,14,8.92,0.25298147065810067,0.0043858557197717024,0.993762232330863,0.08846615095542679
123,22,E_all_ce_noW,47,0.2500883729999259,2.0,0.75,0.9808917197452229,1.0,0.7857142857142857,0.9348096885813149,0.9960039960039959,0.9679748822605965,143,0,3,11,157,14,8.92,0.25529224273153256,7.056469758807394e-08,0.9999988151180386,0.07236382243313977
123,22,F_all_ce_W,47,0.2746546460000445,2.0,0.75,0.9745222929936306,0.9166666666666666,0.7857142857142857,0.9161324786324787,0.996003996003996,0.9679748822605965,142,1,3,11,157,14,8.92,0.26384827847812076,1.528793389476477e-07,0.9999997006000946,0.07837183311544915
123,22,G_all_focal_noW,47,0.1996720520000963,2.0,0.75,0.9808917197452229,1.0,0.7857142857142857,0.9348096885813149,0.9960039960039959,0.9710884353741496,143,0,3,11,157,14,8.92,0.25230836390041067,0.005090946762571548,0.9936070017526533,0.08777801325589103
123,22,H_all_focal_W,47,0.18906383500006996,2.0,0.75,0.9808917197452229,1.0,0.7857142857142857,0.9348096885813149,0.9960039960039959,0.9710884353741496,143,0,3,11,157,14,8.92,0.25230836390041067,0.005090946762571548,0.9936070017526533,0.08777801325589103
123,22,LEGACY_A,44,0.23275898300016706,2.0,0.75,0.9872611464968153,1.0,0.8571428571428571,0.9580662393162394,0.996003996003996,0.9690476190476189,143,0,2,12,157,14,8.92,0.2634078772975271,3.4643131074417615e-08,0.9999996307908654,0.07821062770799968
123,23,A_raw_ce_noW,44,0.21240978100013308,2.0,0.75,0.9936305732484076,0.9333333333333333,1.0,0.981004234724743,0.9985014985014985,0.9846415489272631,142,1,0,14,157,14,8.92,0.2937530969613194,5.996536271457986e-08,0.9999991603119455,0.09799381507477851
123,23,B_raw_ce_W,44,0.23639092400003392,2.0,0.75,0.9936305732484076,0.9333333333333333,1.0,0.981004234724743,0.999000999000999,0.9901360544217686,142,1,0,14,157,14,8.92,0.2940431277947516,1.7553572222030278e-07,0.9999997959031851,0.09844377897922112
123,23,C_raw_focal_noW,44,0.18699052100009794,2.0,0.75,0.9936305732484076,0.9333333333333333,1.0,0.981004234724743,0.9985014985014985,0.9846415489272632,142,1,0,14,157,14,8.92,0.2818340257219436,0.003803602085640712,0.9955182015995511,0.10898169187207243
123,23,D_raw_focal_W,44,0.1690680510000675,2.0,0.75,0.9936305732484076,0.9333333333333333,1.0,0.981004234724743,0.9985014985014985,0.9846415489272632,142,1,0,14,157,14,8.92,0.2818340257219436,0.003803602085640712,0.9955182015995511,0.10898169187207243
123,23,E_all_ce_noW,47,0.24780511299991304,2.0,0.75,0.9872611464968153,0.875,1.0,0.9631455399061033,0.9985014985014985,0.9859693877551019,141,2,0,14,157,14,8.92,0.29909774905122966,7.22210729505154e-08,0.9999994623872676,0.10129567922116377
123,23,F_all_ce_W,47,0.26852662900000723,2.0,0.75,0.9872611464968153,0.875,1.0,0.9631455399061033,0.9985014985014985,0.9859693877551019,141,2,0,14,157,14,8.92,0.3017183024854361,1.7106840363861513e-07,0.9999998341370271,0.10359166564885666
123,23,G_all_focal_noW,47,0.206977729999835,2.0,0.75,0.9872611464968153,0.875,1.0,0.9631455399061033,0.997002997002997,0.9701007326007326,141,2,0,14,157,14,8.92,0.28576853504658606,0.004030829655226674,0.9962260123966521,0.11171941201075747
123,23,H_all_focal_W,47,0.2021881810001105,2.0,0.75,0.9872611464968153,0.875,1.0,0.9631455399061033,0.997002997002997,0.9701007326007326,141,2,0,14,157,14,8.92,0.28576853504658606,0.004030829655226674,0.9962260123966521,0.11171941201075747
123,23,LEGACY_A,44,0.22407012999997278,2.0,0.75,0.9936305732484076,0.9333333333333333,1.0,0.981004234724743,1.0,0.9999999999999998,142,1,0,14,157,14,8.92,0.2936314749193543,5.926374884594618e-08,0.9999995934448503,0.09626301964035608
123,24,A_raw_ce_noW,44,0.1423887939999986,2.0,0.75,0.9872611464968153,1.0,0.8571428571428571,0.9580662393162394,0.9995004995004995,0.9952380952380953,143,0,2,12,157,14,8.92,0.2667920222314898,6.199328642341129e-08,0.9999991192024256,0.08032897888984436
123,24,B_raw_ce_W,44,0.17273096600001736,2.0,0.75,0.9808917197452229,0.9230769230769231,0.8571428571428571,0.9392179636082074,0.9985014985014985,0.985969387755102,142,1,2,12,157,14,8.92,0.26921708292977325,1.8959051418383286e-07,0.9999997727449615,0.08378999208386637
123,24,C_raw_focal_noW,44,0.11301269899990984,2.0,0.75,0.9808917197452229,0.9230769230769231,0.8571428571428571,0.9392179636082074,0.999000999000999,0.9901360544217688,142,1,2,12,157,14,8.92,0.25828329730671695,0.004126207303830984,0.9899816973451014,0.09422940138594701
123,24,D_raw_focal_W,44,0.11229187999992973,2.0,0.75,0.9808917197452229,0.9230769230769231,0.8571428571428571,0.9392179636082074,0.999000999000999,0.9901360544217688,142,1,2,12,157,14,8.92,0.25828329730671695,0.004126207303830984,0.9899816973451014,0.09422940138594701
123,24,E_all_ce_noW,47,0.1498228600000857,2.0,0.75,0.9808917197452229,0.9230769230769231,0.8571428571428571,0.9392179636082074,0.999000999000999,0.9901360544217687,142,1,2,12,157,14,8.92,0.2688303566906479,7.19649277530098e-08,0.9999987351393556,0.08326191255633912
123,24,F_all_ce_W,47,0.16277047599987782,2.0,0.75,0.9872611464968153,0.9285714285714286,0.9285714285714286,0.9607892107892109,0.999000999000999,0.9901360544217687,142,1,1,13,157,14,8.92,0.2754782091158853,2.1154564080884896e-07,0.99999978874315,0.08754991587590576
123,24,G_all_focal_noW,47,0.11403159299993604,2.0,0.75,0.9808917197452229,0.9230769230769231,0.8571428571428571,0.9392179636082074,0.9985014985014985,0.9859693877551019,142,1,2,12,157,14,8.92,0.2575527978916957,0.0048790456659379994,0.9917756113302719,0.09418929005574798
123,24,H_all_focal_W,47,0.11347371400006523,2.0,0.75,0.9808917197452229,0.9230769230769231,0.8571428571428571,0.9392179636082074,0.9985014985014985,0.9859693877551019,142,1,2,12,157,14,8.92,0.2575527978916957,0.0048790456659379994,0.9917756113302719,0.09418929005574798
123,24,LEGACY_A,44,0.1540227739999409,2.0,0.75,0.9872611464968153,0.9285714285714286,0.9285714285714286,0.9607892107892109,0.9995004995004995,0.9952380952380953,142,1,1,13,157,14,8.92,0.280159856331848,6.048281741529616e-08,0.9999995301861155,0.0886772461803281
123,25,A_raw_ce_noW,44,0.13756536699997923,2.0,0.75,1.0,1.0,1.0,1.0,1.0,1.0,143,0,0,13,156,13,8.33,0.2675387430086931,9.93253518566153e-08,0.9999988250683745,0.08018857272147055
123,25,B_raw_ce_W,44,0.1478122420001,2.0,0.75,1.0,1.0,1.0,1.0,1.0,1.0,143,0,0,13,156,13,8.33,0.26799169019831587,2.062444381707522e-07,0.9999996976188963,0.08014784890196977
123,25,C_raw_focal_noW,44,0.11062002499988921,2.0,0.75,1.0,1.0,1.0,1.0,1.0,1.0,143,0,0,13,156,13,8.33,0.2573184129168546,0.0034853130667382793,0.9946599374659978,0.08661368445337543
123,25,D_raw_focal_W,44,0.11058306299992182,2.0,0.75,1.0,1.0,1.0,1.0,1.0,1.0,143,0,0,13,156,13,8.33,0.2573184129168546,0.0034853130667382793,0.9946599374659978,0.08661368445337543
123,25,E_all_ce_noW,47,0.17455618899998626,2.0,0.75,1.0,1.0,1.0,1.0,1.0,1.0,143,0,0,13,156,13,8.33,0.26994572267736394,6.993748959172049e-08,0.9999986635419289,0.08116585974544832
123,25,F_all_ce_W,47,0.1877528990000883,2.0,0.75,1.0,1.0,1.0,1.0,1.0,1.0,143,0,0,13,156,13,8.33,0.27549744038630475,1.6850449812501565e-07,0.9999997460977302,0.08328548028885087
123,25,G_all_focal_noW,47,0.12531449600010092,2.0,0.75,1.0,1.0,1.0,1.0,1.0,1.0,143,0,0,13,156,13,8.33,0.2631028769239069,0.0034042938016393765,0.9927859804883421,0.0900906768996438
123,25,H_all_focal_W,47,0.12253500900010295,2.0,0.75,1.0,1.0,1.0,1.0,1.0,1.0,143,0,0,13,156,13,8.33,0.2631028769239069,0.0034042938016393765,0.9927859804883421,0.0900906768996438
123,25,LEGACY_A,44,0.1408452620000844,2.0,0.75,1.0,1.0,1.0,1.0,1.0,1.0,143,0,0,13,156,13,8.33,0.2733135736436994,8.283983683314989e-08,0.9999995225789965,0.08240994933999254
456,1,A_raw_ce_noW,44,0.15768212699981632,2.0,0.75,0.9872611464968153,1.0,0.8571428571428571,0.9580662393162394,0.999000999000999,0.9901360544217686,143,0,2,12,157,14,8.92,0.26481213965292505,5.00428168330472e-08,0.9999991338317793,0.07631891792745268
456,1,B_raw_ce_W,44,0.154382016999989,2.0,0.75,0.9872611464968153,1.0,0.8571428571428571,0.9580662393162394,0.999000999000999,0.9901360544217686,143,0,2,12,157,14,8.92,0.2650088898602971,1.479276574910213e-07,0.9999998124073818,0.07676745055019685
456,1,C_raw_focal_noW,44,0.11935397499996725,2.0,0.75,0.9872611464968153,1.0,0.8571428571428571,0.9580662393162394,0.9985014985014985,0.9859693877551019,143,0,2,12,157,14,8.92,0.25051433562674696,0.003280377813497332,0.9930962132503344,0.08261912379103538
456,1,D_raw_focal_W,44,0.11597848900009922,2.0,0.75,0.9872611464968153,1.0,0.8571428571428571,0.9580662393162394,0.9985014985014985,0.9859693877551019,143,0,2,12,157,14,8.92,0.25051433562674696,0.003280377813497332,0.9930962132503344,0.08261912379103538
456,1,E_all_ce_noW,47,0.1561404940000557,2.0,0.75,0.9872611464968153,1.0,0.8571428571428571,0.9580662393162394,1.0,0.9999999999999998,143,0,2,12,157,14,8.92,0.2656225369956443,6.388778549626167e-08,0.9999989014966767,0.07900722649906565
456,1,F_all_ce_W,47,0.17034385500005556,2.0,0.75,0.9872611464968153,0.9285714285714286,0.9285714285714286,0.9607892107892109,0.999000999000999,0.9901360544217686,142,1,1,13,157,14,8.92,0.274219400895711,1.7644454462455586e-07,0.999999790876958,0.08749471932313148
456,1,G_all_focal_noW,47,0.12366053400000965,2.0,0.75,0.9872611464968153,1.0,0.8571428571428571,0.9580662393162394,1.0,0.9999999999999998,143,0,2,12,157,14,8.92,0.25644420037124244,0.0040350966967394415,0.9918879352020864,0.08943659438728349
456,1,H_all_focal_W,47,0.1200465950000762,2.0,0.75,0.9872611464968153,1.0,0.8571428571428571,0.9580662393162394,1.0,0.9999999999999998,143,0,2,12,157,14,8.92,0.25644420037124244,0.0040350966967394415,0.9918879352020864,0.08943659438728349
456,1,LEGACY_A,44,0.137169976999985,2.0,0.75,0.9872611464968153,1.0,0.8571428571428571,0.9580662393162394,0.999000999000999,0.9901360544217686,143,0,2,12,157,14,8.92,0.25872610103278215,6.140662711414315e-08,0.999999524903817,0.07650336022716347
456,2,A_raw_ce_noW,44,0.13871848000007958,2.0,0.75,0.9936305732484076,1.0,0.9285714285714286,0.9797393212027359,1.0,0.9999999999999999,143,0,1,13,157,14,8.92,0.27255955760979167,7.176627152208746e-08,0.999998962860288,0.08193583713723898
456,2,B_raw_ce_W,44,0.15409506299988607,2.0,0.75,0.9936305732484076,1.0,0.9285714285714286,0.9797393212027359,1.0,0.9999999999999999,143,0,1,13,157,14,8.92,0.27454912818667276,2.0745963764946102e-07,0.9999997587340141,0.08252479549852411
456,2,C_raw_focal_noW,44,0.11733114399999067,2.0,0.75,0.9936305732484076,1.0,0.9285714285714286,0.9797393212027359,1.0,1.0,143,0,1,13,157,14,8.92,0.26406524202241727,0.0036265625880558083,0.9967786696904176,0.09076230719841628
456,2,D_raw_focal_W,44,0.12372652199996992,2.0,0.75,0.9936305732484076,1.0,0.9285714285714286,0.9797393212027359,1.0,1.0,143,0,1,13,157,14,8.92,0.26406524202241727,0.0036265625880558083,0.9967786696904176,0.09076230719841628
456,2,E_all_ce_noW,47,0.15583895500003564,2.0,0.75,0.9936305732484076,1.0,0.9285714285714286,0.9797393212027359,0.9995004995004995,0.9952380952380953,143,0,1,13,157,14,8.92,0.2762986030055095,5.968060412703884e-08,0.9999991383743762,0.08662790607756975
456,2,F_all_ce_W,47,0.1689275229998657,2.0,0.75,0.9872611464968153,0.9285714285714286,0.9285714285714286,0.9607892107892109,0.9995004995004995,0.9952380952380953,142,1,1,13,157,14,8.92,0.2805257002435355,2.0818898116326123e-07,0.9999997960906241,0.0879355469876382
456,2,G_all_focal_noW,47,0.12398060600003191,2.0,0.75,0.9936305732484076,1.0,0.9285714285714286,0.9797393212027359,1.0,0.9999999999999999,143,0,1,13,157,14,8.92,0.2667405564174104,0.004029105315486202,0.9942859257755517,0.09513998740219583
456,2,H_all_focal_W,47,0.12187343200002942,2.0,0.75,0.9936305732484076,1.0,0.9285714285714286,0.9797393212027359,1.0,0.9999999999999999,143,0,1,13,157,14,8.92,0.2667405564174104,0.004029105315486202,0.9942859257755517,0.09513998740219583
456,2,LEGACY_A,44,0.15452589500000613,2.0,0.75,0.9936305732484076,1.0,0.9285714285714286,0.9797393212027359,1.0,1.0,143,0,1,13,157,14,8.92,0.27503547829930947,6.147267754130348e-08,0.9999995747158351,0.08268870166688988
456,3,A_raw_ce_noW,44,0.14023511499999586,2.0,0.75,1.0,1.0,1.0,1.0,1.0,0.9999999999999999,143,0,0,14,157,14,8.92,0.28201373000376834,5.734748798778724e-08,0.9999990023868806,0.08903425929841292
456,3,B_raw_ce_W,44,0.1546579070000007,2.0,0.75,0.9936305732484076,1.0,0.9285714285714286,0.9797393212027359,1.0,0.9999999999999999,143,0,1,13,157,14,8.92,0.277173130534343,1.497595804127726e-07,0.9999997563628084,0.08635535558132197
456,3,C_raw_focal_noW,44,0.11200188400016486,2.0,0.75,0.9872611464968153,0.9285714285714286,0.9285714285714286,0.9607892107892109,0.9995004995004995,0.9952380952380953,142,1,1,13,157,14,8.92,0.27340620513906333,0.0031904568884813505,0.9950674666561612,0.09748976721008398
456,3,D_raw_focal_W,44,0.11388623800007736,2.0,0.75,0.9872611464968153,0.9285714285714286,0.9285714285714286,0.9607892107892109,0.9995004995004995,0.9952380952380953,142,1,1,13,157,14,8.92,0.27340620513906333,0.0031904568884813505,0.9950674666561612,0.09748976721008398
456,3,E_all_ce_noW,47,0.17814525299991146,2.0,0.75,0.9936305732484076,1.0,0.9285714285714286,0.9797393212027359,1.0,0.9999999999999999,143,0,1,13,157,14,8.92,0.2765322693314671,6.801082583908882e-08,0.9999984685700318,0.08586308681988601
456,3,F_all_ce_W,47,0.2118128310000884,2.0,0.75,1.0,1.0,1.0,1.0,1.0,0.9999999999999999,143,0,0,14,157,14,8.92,0.2803695085488367,1.6857848813960414e-07,0.9999996583989214,0.08843338738933969
456,3,G_all_focal_noW,47,0.11829446000001553,2.0,0.75,0.9936305732484076,0.9333333333333333,1.0,0.981004234724743,1.0,1.0,142,1,0,14,157,14,8.92,0.27427979370887345,0.003395954919648475,0.9962923083073651,0.09846529873093862
456,3,H_all_focal_W,47,0.11993637299997317,2.0,0.75,0.9936305732484076,0.9333333333333333,1.0,0.981004234724743,1.0,1.0,142,1,0,14,157,14,8.92,0.27427979370887345,0.003395954919648475,0.9962923083073651,0.09846529873093862
456,3,LEGACY_A,44,0.14522819600006187,2.0,0.75,1.0,1.0,1.0,1.0,1.0,0.9999999999999999,143,0,0,14,157,14,8.92,0.28020516777424775,4.5721606189878937e-08,0.9999995222740099,0.08769088899858504
456,4,A_raw_ce_noW,44,0.13905354499979694,2.0,0.75,1.0,1.0,1.0,1.0,1.0,0.9999999999999999,143,0,0,14,157,14,8.92,0.28354524852890367,7.723314616623613e-08,0.9999986439892401,0.08981004779308584
456,4,B_raw_ce_W,44,0.16837374200008526,2.0,0.75,1.0,1.0,1.0,1.0,1.0,0.9999999999999999,143,0,0,14,157,14,8.92,0.2855521306207974,1.7807510718619807e-07,0.9999996983504174,0.09171650900497529
456,4,C_raw_focal_noW,44,0.11133057799997914,2.0,0.75,0.9936305732484076,0.9333333333333333,1.0,0.981004234724743,1.0,1.0,142,1,0,14,157,14,8.92,0.2761879853198841,0.0031364848818818043,0.9936824466038733,0.10166310183388745
456,4,D_raw_focal_W,44,0.11407474199995704,2.0,0.75,0.9936305732484076,0.9333333333333333,1.0,0.981004234724743,1.0,1.0,142,1,0,14,157,14,8.92,0.2761879853198841,0.0031364848818818043,0.9936824466038733,0.10166310183388745
456,4,E_all_ce_noW,47,0.15638538999996854,2.0,0.75,1.0,1.0,1.0,1.0,1.0,1.0,143,0,0,14,157,14,8.92,0.28455402175142686,6.74877070654273e-08,0.9999987451009731,0.08929852533854325
456,4,F_all_ce_W,47,0.1748593909999272,2.0,0.75,1.0,1.0,1.0,1.0,1.0,0.9999999999999999,143,0,0,14,157,14,8.92,0.28603381587380516,1.2858126988659426e-07,0.9999997560079574,0.09184571769090923
456,4,G_all_focal_noW,47,0.11696281599984104,2.0,0.75,0.9936305732484076,0.9333333333333333,1.0,0.981004234724743,1.0,0.9999999999999998,142,1,0,14,157,14,8.92,0.2771474131124887,0.0039446632744695115,0.9923564587680073,0.102413566669694
456,4,H_all_focal_W,47,0.12607667199995376,2.0,0.75,0.9936305732484076,0.9333333333333333,1.0,0.981004234724743,1.0,0.9999999999999998,142,1,0,14,157,14,8.92,0.2771474131124887,0.0039446632744695115,0.9923564587680073,0.102413566669694
456,4,LEGACY_A,44,0.21265250100009325,2.0,0.75,1.0,1.0,1.0,1.0,1.0,0.9999999999999999,143,0,0,14,157,14,8.92,0.28533457350490143,4.718640463696528e-08,0.9999995510395381,0.09176778148608761
456,5,A_raw_ce_noW,44,0.2178501309999774,2.0,0.75,0.9871794871794872,1.0,0.8461538461538461,0.9548611111111112,0.9849381387842927,0.926007326007326,143,0,2,11,156,13,8.33,0.2556339470511846,7.54129580943749e-08,0.9999991001411637,0.07043788658562906
456,5,B_raw_ce_W,44,0.24843439100004616,2.0,0.75,0.9871794871794872,1.0,0.8461538461538461,0.9548611111111112,0.9800968262506724,0.9289689034369886,143,0,2,11,156,13,8.33,0.25590137435800536,1.6181734315365376e-07,0.9999998050047101,0.07053157018123944
456,5,C_raw_focal_noW,44,0.17793780900001366,2.0,0.75,0.9871794871794872,1.0,0.8461538461538461,0.9548611111111112,0.9849381387842926,0.9260073260073258,143,0,2,11,156,13,8.33,0.24230233255060502,0.003702146112001101,0.9924874184040609,0.08360775708320323
456,5,D_raw_focal_W,44,0.18951365300017642,2.0,0.75,0.9871794871794872,1.0,0.8461538461538461,0.9548611111111112,0.9849381387842926,0.9260073260073258,143,0,2,11,156,13,8.33,0.24230233255060502,0.003702146112001101,0.9924874184040609,0.08360775708320323
456,5,E_all_ce_noW,47,0.28036406599994734,2.0,0.75,0.9871794871794872,1.0,0.8461538461538461,0.9548611111111112,0.9940828402366862,0.9530840676351511,143,0,2,11,156,13,8.33,0.248114187252115,7.501992861950445e-08,0.9999988929800727,0.06845908480782407
456,5,F_all_ce_W,47,0.28645047999998496,2.0,0.75,0.9871794871794872,1.0,0.8461538461538461,0.9548611111111112,0.9919311457772996,0.9455128205128205,143,0,2,11,156,13,8.33,0.252183683482122,1.611920972970925e-07,0.9999996624998078,0.07001562310013967
456,5,G_all_focal_noW,47,0.191295910000008,2.0,0.75,0.9871794871794872,1.0,0.8461538461538461,0.9548611111111112,0.9919311457772997,0.9476923076923076,143,0,2,11,156,13,8.33,0.23784626521539282,0.004026660446120204,0.9925401727478294,0.08226345770170426
456,5,H_all_focal_W,47,0.19905255000003308,2.0,0.75,0.9871794871794872,1.0,0.8461538461538461,0.9548611111111112,0.9919311457772997,0.9476923076923076,143,0,2,11,156,13,8.33,0.23784626521539282,0.004026660446120204,0.9925401727478294,0.08226345770170426
456,5,LEGACY_A,44,0.23796197100000427,2.0,0.75,0.9871794871794872,1.0,0.8461538461538461,0.9548611111111112,0.9940828402366864,0.9553113553113552,143,0,2,11,156,13,8.33,0.2557877763890298,5.3222581384475575e-08,0.9999995610486331,0.07083417809106181
456,6,A_raw_ce_noW,44,0.2401788359998136,2.0,0.75,1.0,1.0,1.0,1.0,1.0,0.9999999999999999,143,0,0,14,157,14,8.92,0.2849781649851828,5.275937993668362e-08,0.9999988056070869,0.08920284583677036
456,6,B_raw_ce_W,44,0.2531377750001411,2.0,0.75,1.0,1.0,1.0,1.0,1.0,0.9999999999999999,143,0,0,14,157,14,8.92,0.28496568273935985,1.525977317616383e-07,0.9999996250444141,0.08925357031563347
456,6,C_raw_focal_noW,44,0.1799425749998136,2.0,0.75,1.0,1.0,1.0,1.0,1.0,0.9999999999999999,143,0,0,14,157,14,8.92,0.2775468809826645,0.002630185335783386,0.9949504311775712,0.09997352585240804
456,6,D_raw_focal_W,44,0.18047501599994575,2.0,0.75,1.0,1.0,1.0,1.0,1.0,0.9999999999999999,143,0,0,14,157,14,8.92,0.2775468809826645,0.002630185335783386,0.9949504311775712,0.09997352585240804
456,6,E_all_ce_noW,47,0.27883942499988734,2.0,0.75,1.0,1.0,1.0,1.0,1.0,0.9999999999999999,143,0,0,14,157,14,8.92,0.2848902604340163,5.0246690969103246e-08,0.9999990777110765,0.08931961060860649
456,6,F_all_ce_W,47,0.29742334100001244,2.0,0.75,1.0,1.0,1.0,1.0,1.0,0.9999999999999999,143,0,0,14,157,14,8.92,0.28491513574153693,1.5642667469408004e-07,0.9999995936828384,0.08933727879023638
456,6,G_all_focal_noW,47,0.12071704599998156,2.0,0.75,1.0,1.0,1.0,1.0,1.0,1.0,143,0,0,14,157,14,8.92,0.27709715520485767,0.003316595319484652,0.9941774565776551,0.10049829885359976
456,6,H_all_focal_W,47,0.12096899099992697,2.0,0.75,1.0,1.0,1.0,1.0,1.0,1.0,143,0,0,14,157,14,8.92,0.27709715520485767,0.003316595319484652,0.9941774565776551,0.10049829885359976
456,6,LEGACY_A,44,0.1429812700000639,2.0,0.75,1.0,1.0,1.0,1.0,1.0,0.9999999999999998,143,0,0,14,157,14,8.92,0.2849587598579924,3.816634063743462e-08,0.999999617136863,0.08926452768162157
456,7,A_raw_ce_noW,44,0.14603860900001564,2.0,0.75,0.9872611464968153,1.0,0.8571428571428571,0.9580662393162394,0.9925074925074925,0.9536401098901097,143,0,2,12,157,14,8.92,0.26593484494387004,7.814422391895321e-08,0.9999986963353751,0.07863339272464585
456,7,B_raw_ce_W,44,0.16106757400007155,2.0,0.75,0.9872611464968153,1.0,0.8571428571428571,0.9580662393162394,0.99000999000999,0.9474366359447004,143,0,2,12,157,14,8.92,0.26690067600637457,1.7951366760558076e-07,0.9999996138521062,0.07928492733066382
456,7,C_raw_focal_noW,44,0.11043297700007315,2.0,0.75,0.9872611464968153,1.0,0.8571428571428571,0.9580662393162394,0.9905094905094904,0.9420329670329668,143,0,2,12,157,14,8.92,0.25217333223443533,0.004758008317165061,0.9930330527700656,0.0906897600828947
456,7,D_raw_focal_W,44,0.11204309200002172,2.0,0.75,0.9872611464968153,1.0,0.8571428571428571,0.9580662393162394,0.9905094905094904,0.9420329670329668,143,0,2,12,157,14,8.92,0.25217333223443533,0.004758008317165061,0.9930330527700656,0.0906897600828947
456,7,E_all_ce_noW,47,0.15175883999995676,2.0,0.75,0.9872611464968153,1.0,0.8571428571428571,0.9580662393162394,0.9930069930069929,0.9575091575091574,143,0,2,12,157,14,8.92,0.26358150051116047,1.0405684165484884e-07,0.999998370125365,0.07644685426878178
456,7,F_all_ce_W,47,0.18585344600001008,2.0,0.75,0.9872611464968153,1.0,0.8571428571428571,0.9580662393162394,0.991008991008991,0.9457671957671957,143,0,2,12,157,14,8.92,0.2656695731853948,1.7144458644612364e-07,0.9999996218187193,0.0787990981925527
456,7,G_all_focal_noW,47,0.11447928400002638,2.0,0.75,0.9872611464968153,1.0,0.8571428571428571,0.9580662393162394,0.9935064935064934,0.9590476190476189,143,0,2,12,157,14,8.92,0.24924164082665723,0.0044531890063492655,0.9935001264657431,0.09070286326636538
456,7,H_all_focal_W,47,0.12646717100005844,2.0,0.75,0.9872611464968153,1.0,0.8571428571428571,0.9580662393162394,0.9935064935064934,0.9590476190476189,143,0,2,12,157,14,8.92,0.24924164082665723,0.0044531890063492655,0.9935001264657431,0.09070286326636538
456,7,LEGACY_A,44,0.13858258599998408,2.0,0.75,0.9808917197452229,0.9230769230769231,0.8571428571428571,0.9392179636082074,0.993006993006993,0.9534313725490196,142,1,2,12,157,14,8.92,0.26805316266978657,6.542704862381591e-08,0.9999995545543557,0.08005197870304111
456,8,A_raw_ce_noW,44,0.13058615199997803,2.0,0.75,0.9681528662420382,0.9090909090909091,0.7142857142857143,0.8913494809688581,0.998001998001998,0.9786891679748821,142,1,4,10,157,14,8.92,0.2475770190818527,9.555674590142545e-08,0.9999990441312137,0.07112554272356937
456,8,B_raw_ce_W,44,0.16086718799988375,2.0,0.75,0.9745222929936306,0.9166666666666666,0.7857142857142857,0.9161324786324787,0.9965034965034965,0.965391156462585,142,1,3,11,157,14,8.92,0.25352672109346086,2.003131798341568e-07,0.9999997818127319,0.07410283106922474
456,8,C_raw_focal_noW,44,0.10566022199986946,2.0,0.75,0.9681528662420382,0.9090909090909091,0.7142857142857143,0.8913494809688581,0.995004995004995,0.951953205524634,142,1,4,10,157,14,8.92,0.23967917955286236,0.005287323540164304,0.9943566266179188,0.08857654369895396
456,8,D_raw_focal_W,44,0.10369724800011682,2.0,0.75,0.9681528662420382,0.9090909090909091,0.7142857142857143,0.8913494809688581,0.995004995004995,0.951953205524634,142,1,4,10,157,14,8.92,0.23967917955286236,0.005287323540164304,0.9943566266179188,0.08857654369895396
456,8,E_all_ce_noW,47,0.1497655329999361,2.0,0.75,0.9745222929936306,0.9166666666666666,0.7857142857142857,0.9161324786324787,0.9980019980019981,0.9786891679748823,142,1,3,11,157,14,8.92,0.2526085548827747,1.0270300962163381e-07,0.9999993373140177,0.07460345915081106
456,8,F_all_ce_W,47,0.16194538900003863,2.0,0.75,1.0,1.0,1.0,1.0,1.0,0.9999999999999998,143,0,0,14,157,14,8.92,0.26688995861401693,2.4635870924951957e-07,0.9999997537782932,0.08397482146112661
456,8,G_all_focal_noW,47,0.10535523299995475,2.0,0.75,0.9808917197452229,0.9230769230769231,0.8571428571428571,0.9392179636082074,0.9980019980019978,0.9786891679748821,142,1,2,12,157,14,8.92,0.25336435564722365,0.0060056317101605345,0.9949106539804324,0.09464442544023724
456,8,H_all_focal_W,47,0.13046670899984747,2.0,0.75,0.9808917197452229,0.9230769230769231,0.8571428571428571,0.9392179636082074,0.9980019980019978,0.9786891679748821,142,1,2,12,157,14,8.92,0.25336435564722365,0.0060056317101605345,0.9949106539804324,0.09464442544023724
456,8,LEGACY_A,44,0.1510403969998606,2.0,0.75,0.9681528662420382,0.9090909090909091,0.7142857142857143,0.8913494809688581,0.9960039960039959,0.9617146858743497,142,1,4,10,157,14,8.92,0.2521433973858992,6.473469034335524e-08,0.9999995400927478,0.07173319181340371
456,9,A_raw_ce_noW,44,0.14198770899997726,2.0,0.75,1.0,1.0,1.0,1.0,1.0,0.9999999999999998,143,0,0,14,157,14,8.92,0.2846361263279853,5.8422994580053216e-08,0.999999300482386,0.08906350652175551
456,9,B_raw_ce_W,44,0.1568832579998798,2.0,0.75,1.0,1.0,1.0,1.0,1.0,0.9999999999999999,143,0,0,14,157,14,8.92,0.2848882637550079,1.656535770529255e-07,0.9999998002746225,0.08915150281804475
456,9,C_raw_focal_noW,44,0.11007007399985014,2.0,0.75,1.0,1.0,1.0,1.0,1.0,1.0,143,0,0,14,157,14,8.92,0.27586035858983166,0.0030738554612412426,0.9948969641677928,0.09583332626780805
456,9,D_raw_focal_W,44,0.11361676599995008,2.0,0.75,1.0,1.0,1.0,1.0,1.0,1.0,143,0,0,14,157,14,8.92,0.27586035858983166,0.0030738554612412426,0.9948969641677928,0.09583332626780805
456,9,E_all_ce_noW,47,0.17286602400008633,2.0,0.75,1.0,1.0,1.0,1.0,1.0,0.9999999999999998,143,0,0,14,157,14,8.92,0.28435733111063305,5.496036714402618e-08,0.9999993966631374,0.08897504282272484
456,9,F_all_ce_W,47,0.18524021100006394,2.0,0.75,1.0,1.0,1.0,1.0,1.0,0.9999999999999998,143,0,0,14,157,14,8.92,0.28478722402437134,1.5505773270106912e-07,0.9999997514647485,0.089113365839492
456,9,G_all_focal_noW,47,0.12395003999995424,2.0,0.75,1.0,1.0,1.0,1.0,1.0,1.0,143,0,0,14,157,14,8.92,0.2737237391806166,0.0033110232817070845,0.9945139700504331,0.09441440110281135
456,9,H_all_focal_W,47,0.12218551099999786,2.0,0.75,1.0,1.0,1.0,1.0,1.0,1.0,143,0,0,14,157,14,8.92,0.2737237391806166,0.0033110232817070845,0.9945139700504331,0.09441440110281135
456,9,LEGACY_A,44,0.14064771299990753,2.0,0.75,1.0,1.0,1.0,1.0,1.0,0.9999999999999998,143,0,0,14,157,14,8.92,0.2847029848316455,5.078091830395942e-08,0.9999996062769905,0.08909287293643918
456,10,A_raw_ce_noW,44,0.16014393599994037,2.0,0.75,0.9935897435897436,1.0,0.9230769230769231,0.9782578397212544,1.0,0.9999999999999998,143,0,1,12,156,13,8.33,0.2663362311046683,6.8008630712059e-08,0.9999993273921467,0.0779979939451301
456,10,B_raw_ce_W,44,0.161085759000116,2.0,0.75,1.0,1.0,1.0,1.0,1.0,0.9999999999999998,143,0,0,13,156,13,8.33,0.2689382073588921,1.556418771830924e-07,0.9999996998112022,0.08156958423639818
456,10,C_raw_focal_noW,44,0.11317257500013511,2.0,0.75,0.9935897435897436,1.0,0.9230769230769231,0.9782578397212544,0.9994620763851534,0.9945054945054945,143,0,1,12,156,13,8.33,0.26238361419336886,0.0033685667843608596,0.9956898761008894,0.09066945918844703
456,10,D_raw_focal_W,44,0.11517010600005051,2.0,0.75,0.9935897435897436,1.0,0.9230769230769231,0.9782578397212544,0.9994620763851534,0.9945054945054945,143,0,1,12,156,13,8.33,0.26238361419336886,0.0033685667843608596,0.9956898761008894,0.09066945918844703
456,10,E_all_ce_noW,47,0.1560412499998165,2.0,0.75,0.9871794871794872,0.9230769230769231,0.9230769230769231,0.9580419580419581,0.9994620763851534,0.9945054945054945,142,1,1,12,156,13,8.33,0.27555144223345507,5.7800842885265816e-08,0.9999990890226605,0.08406037974586714
456,10,F_all_ce_W,47,0.17129095699988284,2.0,0.75,0.9935897435897436,0.9285714285714286,1.0,0.9797270955165691,0.9994620763851533,0.9945054945054943,142,1,0,13,156,13,8.33,0.2811313783351278,1.5383620470552024e-07,0.9999997039018762,0.08820150626829124
456,10,G_all_focal_noW,47,0.11640322299990657,2.0,0.75,0.9871794871794872,0.9230769230769231,0.9230769230769231,0.9580419580419581,0.9989241527703067,0.9897435897435898,142,1,1,12,156,13,8.33,0.26791165979761694,0.00346648053589049,0.9949363123864804,0.09317096132804649
456,10,H_all_focal_W,47,0.13625825000008263,2.0,0.75,0.9871794871794872,0.9230769230769231,0.9230769230769231,0.9580419580419581,0.9989241527703067,0.9897435897435898,142,1,1,12,156,13,8.33,0.26791165979761694,0.00346648053589049,0.9949363123864804,0.09317096132804649
456,10,LEGACY_A,44,0.15453151299993806,2.0,0.75,1.0,1.0,1.0,1.0,1.0,1.0,143,0,0,13,156,13,8.33,0.2722762597245804,3.669854589863872e-08,0.9999995812543409,0.08222199514257657
456,11,A_raw_ce_noW,44,0.14278541199996653,2.0,0.75,0.9936305732484076,1.0,0.9285714285714286,0.9797393212027359,0.996003996003996,0.974025974025974,143,0,1,13,157,14,8.92,0.27533897813153246,6.058003677350805e-08,0.9999991793221732,0.08286904114890027
456,11,B_raw_ce_W,44,0.18548338699997657,2.0,0.75,0.9936305732484076,1.0,0.9285714285714286,0.9797393212027359,0.994005994005994,0.9670329670329669,143,0,1,13,157,14,8.92,0.2754935545505688,1.5570507012173247e-07,0.9999997795276252,0.08303890604916848
456,11,C_raw_focal_noW,44,0.326318074000028,2.0,0.75,0.9936305732484076,1.0,0.9285714285714286,0.9797393212027359,0.9975024975024975,0.9812030075187969,143,0,1,13,157,14,8.92,0.2664562471891486,0.004176454364429166,0.9927637819172941,0.09193246517800409
456,11,D_raw_focal_W,44,0.12034305099996345,2.0,0.75,0.9936305732484076,1.0,0.9285714285714286,0.9797393212027359,0.9975024975024975,0.9812030075187969,143,0,1,13,157,14,8.92,0.2664562471891486,0.004176454364429166,0.9927637819172941,0.09193246517800409
456,11,E_all_ce_noW,47,0.15764595699988604,2.0,0.75,0.9936305732484076,1.0,0.9285714285714286,0.9797393212027359,0.998001998001998,0.9841269841269841,143,0,1,13,157,14,8.92,0.2755142509846116,5.551346897324052e-08,0.9999988445937065,0.08290964601554374
456,11,F_all_ce_W,47,0.43541504299992084,2.0,0.75,0.9936305732484076,1.0,0.9285714285714286,0.9797393212027359,0.9980019980019981,0.9841269841269841,143,0,1,13,157,14,8.92,0.2755268992700474,1.6197400977590034e-07,0.9999997298649238,0.08295100994319103
456,11,G_all_focal_noW,47,0.12037962399995195,2.0,0.75,0.9936305732484076,1.0,0.9285714285714286,0.9797393212027359,0.9975024975024975,0.9812030075187969,143,0,1,13,157,14,8.92,0.2671395988811269,0.004036216134375231,0.9932329270094519,0.09228698889014855
456,11,H_all_focal_W,47,0.12260058300012133,2.0,0.75,0.9936305732484076,1.0,0.9285714285714286,0.9797393212027359,0.9975024975024975,0.9812030075187969,143,0,1,13,157,14,8.92,0.2671395988811269,0.004036216134375231,0.9932329270094519,0.09228698889014855
456,11,LEGACY_A,44,0.14768925099997432,2.0,0.75,0.9936305732484076,1.0,0.9285714285714286,0.9797393212027359,0.9985014985014985,0.9873949579831931,143,0,1,13,157,14,8.92,0.2755039626584933,5.016459941889077e-08,0.9999995275718621,0.08297402919115336
456,12,A_raw_ce_noW,44,0.23623748699992575,2.0,0.75,0.9745222929936306,1.0,0.7142857142857143,0.9097701149425288,0.9910089910089911,0.9315705128205127,143,0,4,10,157,14,8.92,0.24569326790096185,7.106365354620371e-08,0.9999989088063669,0.06830458537136148
456,12,B_raw_ce_W,44,0.24307658300017465,2.0,0.75,0.9681528662420382,0.9090909090909091,0.7142857142857143,0.8913494809688581,0.99000999000999,0.9310225158439442,142,1,4,10,157,14,8.92,0.25113967345382876,1.5848863543255835e-07,0.999999775938446,0.07034399032205421
456,12,C_raw_focal_noW,44,0.18593089600017265,2.0,0.75,0.9681528662420382,0.9090909090909091,0.7142857142857143,0.8913494809688581,0.991008991008991,0.934940476190476,142,1,4,10,157,14,8.92,0.24485692596653272,0.0033647678008402655,0.9937337977457328,0.08575313696199868
456,12,D_raw_focal_W,44,0.22745039099982023,2.0,0.75,0.9681528662420382,0.9090909090909091,0.7142857142857143,0.8913494809688581,0.991008991008991,0.934940476190476,142,1,4,10,157,14,8.92,0.24485692596653272,0.0033647678008402655,0.9937337977457328,0.08575313696199868
456,12,E_all_ce_noW,47,0.24624448700001267,2.0,0.75,0.9872611464968153,1.0,0.8571428571428571,0.9580662393162394,0.9935064935064936,0.9568452380952379,143,0,2,12,157,14,8.92,0.25651324891716,8.163088848853582e-08,0.9999988785505765,0.07496513550970345
456,12,F_all_ce_W,47,0.28855847999989237,2.0,0.75,0.9872611464968153,1.0,0.8571428571428571,0.9580662393162394,0.994005994005994,0.9586568322981366,143,0,2,12,157,14,8.92,0.2628267691998627,1.8617626305402467e-07,0.9999997731040629,0.07775546472288716
456,12,G_all_focal_noW,47,0.20459865899988472,2.0,0.75,0.9808917197452229,1.0,0.7857142857142857,0.9348096885813149,0.9945054945054945,0.9606331168831168,143,0,3,11,157,14,8.92,0.2508199250046179,0.003703571124918351,0.993204025382029,0.08967278377063653
456,12,H_all_focal_W,47,0.18992693500013047,2.0,0.75,0.9808917197452229,1.0,0.7857142857142857,0.9348096885813149,0.9945054945054945,0.9606331168831168,143,0,3,11,157,14,8.92,0.2508199250046179,0.003703571124918351,0.993204025382029,0.08967278377063653
456,12,LEGACY_A,44,0.22713985799987313,2.0,0.75,0.9681528662420382,0.9090909090909091,0.7142857142857143,0.8913494809688581,0.9855144855144855,0.9124758994506892,142,1,4,10,157,14,8.92,0.25380434694903115,6.453329314094438e-08,0.9999995033378439,0.06997207376242731
456,13,A_raw_ce_noW,44,0.24718246800011912,2.0,0.75,0.9936305732484076,1.0,0.9285714285714286,0.9797393212027359,0.9995004995004995,0.9952380952380951,143,0,1,13,157,14,8.92,0.2702746591431174,5.56805324971346e-08,0.9999989490620671,0.08131314107842437
456,13,B_raw_ce_W,44,0.2716518659999565,2.0,0.75,0.9936305732484076,1.0,0.9285714285714286,0.9797393212027359,0.9995004995004995,0.9952380952380951,143,0,1,13,157,14,8.92,0.2736296856385105,1.5961847698767954e-07,0.9999996967535962,0.08279462745449623
456,13,C_raw_focal_noW,44,0.17336247999992338,2.0,0.75,0.9936305732484076,1.0,0.9285714285714286,0.9797393212027359,0.9995004995004995,0.9952380952380951,143,0,1,13,157,14,8.92,0.2539991092061002,0.003331332919368413,0.9927033229259258,0.08734575535451637
456,13,D_raw_focal_W,44,0.1877902979999817,2.0,0.75,0.9936305732484076,1.0,0.9285714285714286,0.9797393212027359,0.9995004995004995,0.9952380952380951,143,0,1,13,157,14,8.92,0.2539991092061002,0.003331332919368413,0.9927033229259258,0.08734575535451637
456,13,E_all_ce_noW,47,0.260359797999854,2.0,0.75,0.9936305732484076,1.0,0.9285714285714286,0.9797393212027359,0.9995004995004995,0.9952380952380951,143,0,1,13,157,14,8.92,0.272974778157222,6.237463554721825e-08,0.9999987074501819,0.0822612746219473
456,13,F_all_ce_W,47,0.29144527399989784,2.0,0.75,0.9936305732484076,1.0,0.9285714285714286,0.9797393212027359,0.9995004995004995,0.9952380952380951,143,0,1,13,157,14,8.92,0.27488314567707717,1.174590566896531e-07,0.9999996668376845,0.0835693807745668
456,13,G_all_focal_noW,47,0.1956170949999887,2.0,0.75,0.9936305732484076,1.0,0.9285714285714286,0.9797393212027359,0.9995004995004995,0.9952380952380953,143,0,1,13,157,14,8.92,0.2603398469628496,0.004100023292183772,0.9933949178682682,0.09118726013643329
456,13,H_all_focal_W,47,0.15435218299990083,2.0,0.75,0.9936305732484076,1.0,0.9285714285714286,0.9797393212027359,0.9995004995004995,0.9952380952380953,143,0,1,13,157,14,8.92,0.2603398469628496,0.004100023292183772,0.9933949178682682,0.09118726013643329
456,13,LEGACY_A,44,0.1577102599999307,2.0,0.75,0.9936305732484076,1.0,0.9285714285714286,0.9797393212027359,1.0,0.9999999999999999,143,0,1,13,157,14,8.92,0.2724008772728482,4.7254949791794404e-08,0.9999995282988401,0.0829144118522583
456,14,A_raw_ce_noW,44,0.15764259100001254,2.0,0.75,0.9808917197452229,0.9230769230769231,0.8571428571428571,0.9392179636082074,0.995004995004995,0.9589017793352159,142,1,2,12,157,14,8.92,0.2755472925690946,7.413611726739798e-08,0.9999994983090236,0.08285549262080324
456,14,B_raw_ce_W,44,0.1659579009999561,2.0,0.75,0.9808917197452229,0.9230769230769231,0.8571428571428571,0.9392179636082074,0.9935064935064936,0.9472832722832722,142,1,2,12,157,14,8.92,0.2755230841124236,1.1466361754396132e-07,0.9999998209486475,0.08297735570062026
456,14,C_raw_focal_noW,44,0.11323603000005278,2.0,0.75,0.9808917197452229,0.9230769230769231,0.8571428571428571,0.9392179636082074,0.9935064935064934,0.9505205320994795,142,1,2,12,157,14,8.92,0.268298729813475,0.0036849155207669374,0.9950066902481669,0.09417399781430685
456,14,D_raw_focal_W,44,0.11590476999981547,2.0,0.75,0.9808917197452229,0.9230769230769231,0.8571428571428571,0.9392179636082074,0.9935064935064934,0.9505205320994795,142,1,2,12,157,14,8.92,0.268298729813475,0.0036849155207669374,0.9950066902481669,0.09417399781430685
456,14,E_all_ce_noW,47,0.15960103399993386,2.0,0.75,0.9745222929936306,0.8571428571428571,0.8571428571428571,0.9215784215784215,0.9960039960039961,0.9673202614379085,141,2,2,12,157,14,8.92,0.28497345821154946,1.0060971985919468e-07,0.9999990516803114,0.08917931981914119
456,14,F_all_ce_W,47,0.16876542799991512,2.0,0.75,0.9745222929936306,0.8571428571428571,0.8571428571428571,0.9215784215784215,0.9950049950049951,0.9589017793352157,141,2,2,12,157,14,8.92,0.28497254687744267,1.5685522138159588e-07,0.9999997209064659,0.08921021885174843
456,14,G_all_focal_noW,47,0.12069052600008945,2.0,0.75,0.9745222929936306,0.8571428571428571,0.8571428571428571,0.9215784215784215,0.9955044955044956,0.9651785714285712,141,2,2,12,157,14,8.92,0.2758000284921133,0.004952028513015028,0.993898933081463,0.09886414788967614
456,14,H_all_focal_W,47,0.11605640999982825,2.0,0.75,0.9745222929936306,0.8571428571428571,0.8571428571428571,0.9215784215784215,0.9955044955044956,0.9651785714285712,141,2,2,12,157,14,8.92,0.2758000284921133,0.004952028513015028,0.993898933081463,0.09886414788967614
456,14,LEGACY_A,44,0.1508014999999432,2.0,0.75,0.9808917197452229,0.9230769230769231,0.8571428571428571,0.9392179636082074,0.9955044955044955,0.9643962848297212,142,1,2,12,157,14,8.92,0.27549811341869035,6.740090901236186e-08,0.9999995952047369,0.08292865401914912
456,15,A_raw_ce_noW,44,0.13750170499997694,2.0,0.75,0.9935897435897436,1.0,0.9230769230769231,0.9782578397212544,0.9994620763851534,0.9945054945054945,143,0,1,12,156,13,8.33,0.26637328929938076,7.189380642164082e-08,0.9999993345871867,0.07732596114965852
456,15,B_raw_ce_W,44,0.1539894169998206,2.0,0.75,0.9935897435897436,1.0,0.9230769230769231,0.9782578397212544,0.9994620763851533,0.9945054945054945,143,0,1,12,156,13,8.33,0.26651124395659087,2.0058601253051252e-07,0.9999998153179223,0.07843277374358067
456,15,C_raw_focal_noW,44,0.11332656900003713,2.0,0.75,0.9935897435897436,1.0,0.9230769230769231,0.9782578397212544,0.9989241527703067,0.9897435897435896,143,0,1,12,156,13,8.33,0.2600406357754846,0.003685196825643963,0.9945690151991542,0.09148232264539802
456,15,D_raw_focal_W,44,0.11049692699998559,2.0,0.75,0.9935897435897436,1.0,0.9230769230769231,0.9782578397212544,0.9989241527703067,0.9897435897435896,143,0,1,12,156,13,8.33,0.2600406357754846,0.003685196825643963,0.9945690151991542,0.09148232264539802
456,15,E_all_ce_noW,47,0.17452523800011477,2.0,0.75,0.9871794871794872,0.9230769230769231,0.9230769230769231,0.9580419580419581,0.9994620763851534,0.9945054945054943,142,1,1,12,156,13,8.33,0.2697597873334728,6.667669226916566e-08,0.9999992939332087,0.081754491364394
456,15,F_all_ce_W,47,0.17321676300002764,2.0,0.75,0.9871794871794872,0.9230769230769231,0.9230769230769231,0.9580419580419581,0.9994620763851534,0.9945054945054943,142,1,1,12,156,13,8.33,0.2725092929854503,1.779351377363685e-07,0.9999998129098412,0.08221999227664431
456,15,G_all_focal_noW,47,0.11569155000006504,2.0,0.75,0.9935897435897436,1.0,0.9230769230769231,0.9782578397212544,0.9994620763851534,0.9945054945054943,143,0,1,12,156,13,8.33,0.26096841515855634,0.003975612903823691,0.9945652817316358,0.09243013967324568
456,15,H_all_focal_W,47,0.1302454570000009,2.0,0.75,0.9935897435897436,1.0,0.9230769230769231,0.9782578397212544,0.9994620763851534,0.9945054945054943,143,0,1,12,156,13,8.33,0.26096841515855634,0.003975612903823691,0.9945652817316358,0.09243013967324568
456,15,LEGACY_A,44,0.14086830700011888,2.0,0.75,0.9935897435897436,1.0,0.9230769230769231,0.9782578397212544,0.9989241527703067,0.9897435897435898,143,0,1,12,156,13,8.33,0.2663594064739832,5.964194897298687e-08,0.9999996174612955,0.07751998397087696
456,16,A_raw_ce_noW,44,0.14371196100000816,2.0,0.75,0.9872611464968153,1.0,0.8571428571428571,0.9580662393162394,0.993006993006993,0.9534313725490196,143,0,2,12,157,14,8.92,0.2655914105548401,6.981744803286936e-08,0.9999986302102961,0.07644161341658176
456,16,B_raw_ce_W,44,0.15628337099997225,2.0,0.75,0.9872611464968153,1.0,0.8571428571428571,0.9580662393162394,0.993006993006993,0.9534313725490196,143,0,2,12,157,14,8.92,0.26559463115656223,1.693996472096737e-07,0.9999997190607471,0.07651127482368754
456,16,C_raw_focal_noW,44,0.10950622599989401,2.0,0.75,0.9872611464968153,1.0,0.8571428571428571,0.9580662393162394,0.99000999000999,0.9474366359447004,143,0,2,12,157,14,8.92,0.2558169479828694,0.004640970020886849,0.9927118353585925,0.08767860697019245
456,16,D_raw_focal_W,44,0.11831370300001254,2.0,0.75,0.9872611464968153,1.0,0.8571428571428571,0.9580662393162394,0.99000999000999,0.9474366359447004,143,0,2,12,157,14,8.92,0.2558169479828694,0.004640970020886849,0.9927118353585925,0.08767860697019245
456,16,E_all_ce_noW,47,0.15951388500002395,2.0,0.75,0.9808917197452229,0.9230769230769231,0.8571428571428571,0.9392179636082074,0.9935064935064936,0.9552197802197802,142,1,2,12,157,14,8.92,0.2629002487351374,6.838389507892808e-08,0.999999077491737,0.07919900338526169
456,16,F_all_ce_W,47,0.17280973599986282,2.0,0.75,0.9808917197452229,0.9230769230769231,0.8571428571428571,0.9392179636082074,0.9945054945054945,0.9625258799171841,142,1,2,12,157,14,8.92,0.27177666732209405,1.38292549983333e-07,0.9999997498687221,0.08305810076571594
456,16,G_all_focal_noW,47,0.13947503600002165,2.0,0.75,0.9872611464968153,1.0,0.8571428571428571,0.9580662393162394,0.9900099900099901,0.9502976190476189,143,0,2,12,157,14,8.92,0.2576570697107594,0.005411360536095782,0.9933209436378144,0.09233208037827464
456,16,H_all_focal_W,47,0.1166139590000057,2.0,0.75,0.9872611464968153,1.0,0.8571428571428571,0.9580662393162394,0.9900099900099901,0.9502976190476189,143,0,2,12,157,14,8.92,0.2576570697107594,0.005411360536095782,0.9933209436378144,0.09233208037827464
456,16,LEGACY_A,44,0.14997520800011443,2.0,0.75,0.9872611464968153,1.0,0.8571428571428571,0.9580662393162394,0.9785214785214785,0.9413265306122447,143,0,2,12,157,14,8.92,0.2655097701713911,4.751490170345006e-08,0.9999995711821077,0.0766060483045801
456,17,A_raw_ce_noW,44,0.1436950270001489,2.0,0.75,1.0,1.0,1.0,1.0,1.0,0.9999999999999999,143,0,0,14,157,14,8.92,0.28376203920977416,6.22811332480096e-08,0.9999991092742653,0.08923304022876061
456,17,B_raw_ce_W,44,0.15452418299992132,2.0,0.75,1.0,1.0,1.0,1.0,1.0,0.9999999999999999,143,0,0,14,157,14,8.92,0.2849121385468246,1.5491367278360488e-07,0.9999997869867457,0.09057110247299623
456,17,C_raw_focal_noW,44,0.13035845499985044,2.0,0.75,1.0,1.0,1.0,1.0,1.0,1.0,143,0,0,14,157,14,8.92,0.27503566029285437,0.0026426986479955237,0.9929260618634019,0.09805837367718699
456,17,D_raw_focal_W,44,0.11305508700002065,2.0,0.75,1.0,1.0,1.0,1.0,1.0,1.0,143,0,0,14,157,14,8.92,0.27503566029285437,0.0026426986479955237,0.9929260618634019,0.09805837367718699
456,17,E_all_ce_noW,47,0.16452761499999724,2.0,0.75,1.0,1.0,1.0,1.0,1.0,1.0,143,0,0,14,157,14,8.92,0.28465359199655094,5.4738316710735484e-08,0.9999988764400677,0.08950683572123909
456,17,F_all_ce_W,47,0.17394147799996063,2.0,0.75,1.0,1.0,1.0,1.0,1.0,0.9999999999999999,143,0,0,14,157,14,8.92,0.28488052226319394,1.5463031897426676e-07,0.9999997117198401,0.08989610784430457
456,17,G_all_focal_noW,47,0.12168431200007035,2.0,0.75,1.0,1.0,1.0,1.0,1.0,1.0,143,0,0,14,157,14,8.92,0.2769955168161498,0.00337749189427067,0.99314014579954,0.10112203821916285
456,17,H_all_focal_W,47,0.12052473500011729,2.0,0.75,1.0,1.0,1.0,1.0,1.0,1.0,143,0,0,14,157,14,8.92,0.2769955168161498,0.00337749189427067,0.99314014579954,0.10112203821916285
456,17,LEGACY_A,44,0.14801617000011902,2.0,0.75,0.9936305732484076,0.9333333333333333,1.0,0.981004234724743,1.0,0.9999999999999999,142,1,0,14,157,14,8.92,0.28758195197965947,4.342846317625637e-08,0.9999996108403977,0.0929570741282235
456,18,A_raw_ce_noW,44,0.1415405059999557,2.0,0.75,0.9872611464968153,0.875,1.0,0.9631455399061033,0.999000999000999,0.9901360544217687,141,2,0,14,157,14,8.92,0.2972105796815802,5.087888848235821e-08,0.999998851852854,0.0998429770431675
456,18,B_raw_ce_W,44,0.1577454339999349,2.0,0.75,0.9872611464968153,0.875,1.0,0.9631455399061033,0.9995004995004995,0.9952380952380953,141,2,0,14,157,14,8.92,0.29610663939545967,1.4282875722967688e-07,0.9999997392210161,0.09917518884969552
456,18,C_raw_focal_noW,44,0.10996586300007039,2.0,0.75,0.9872611464968153,0.875,1.0,0.9631455399061033,0.9985014985014985,0.985969387755102,141,2,0,14,157,14,8.92,0.28179639066304957,0.003525843703320211,0.9931072422611613,0.10648624104002412
456,18,D_raw_focal_W,44,0.10732016399992972,2.0,0.75,0.9872611464968153,0.875,1.0,0.9631455399061033,0.9985014985014985,0.985969387755102,141,2,0,14,157,14,8.92,0.28179639066304957,0.003525843703320211,0.9931072422611613,0.10648624104002412
456,18,E_all_ce_noW,47,0.1588114549999773,2.0,0.75,0.9872611464968153,0.875,1.0,0.9631455399061033,0.9985014985014985,0.9846415489272632,141,2,0,14,157,14,8.92,0.2993331560374954,5.600873139735977e-08,0.9999993877378337,0.10130220635886296
456,18,F_all_ce_W,47,0.193297899000072,2.0,0.75,0.9872611464968153,0.875,1.0,0.9631455399061033,0.999000999000999,0.9901360544217687,141,2,0,14,157,14,8.92,0.30218916343656466,1.463774191580561e-07,0.9999996730478514,0.10296124989665051
456,18,G_all_focal_noW,47,0.12285903399993003,2.0,0.75,0.9872611464968153,0.875,1.0,0.9631455399061033,0.999000999000999,0.9901360544217686,141,2,0,14,157,14,8.92,0.2832332396543876,0.004228494126850005,0.9906154821232392,0.1076114583413631
456,18,H_all_focal_W,47,0.11853681299999153,2.0,0.75,0.9872611464968153,0.875,1.0,0.9631455399061033,0.999000999000999,0.9901360544217686,141,2,0,14,157,14,8.92,0.2832332396543876,0.004228494126850005,0.9906154821232392,0.1076114583413631
456,18,LEGACY_A,44,0.14890205400001832,2.0,0.75,0.9936305732484076,0.9333333333333333,1.0,0.981004234724743,1.0,0.9999999999999998,142,1,0,14,157,14,8.92,0.2943715738985295,3.6058733859812136e-08,0.9999995812387363,0.09801674501528809
456,19,A_raw_ce_noW,44,0.13845585499984736,2.0,0.75,0.9936305732484076,1.0,0.9285714285714286,0.9797393212027359,1.0,1.0,143,0,1,13,157,14,8.92,0.2675467194413383,1.0130343684217541e-07,0.9999992795140134,0.08075623760569543
456,19,B_raw_ce_W,44,0.15223167600015586,2.0,0.75,0.9936305732484076,1.0,0.9285714285714286,0.9797393212027359,0.9995004995004995,0.995238095238095,143,0,1,13,157,14,8.92,0.27117864782327644,1.3878356431306194e-07,0.9999997953000345,0.08198749268649509
456,19,C_raw_focal_noW,44,0.11198574199988798,2.0,0.75,0.9872611464968153,1.0,0.8571428571428571,0.9580662393162394,1.0,0.9999999999999998,143,0,2,12,157,14,8.92,0.2552381014538491,0.003075097829697165,0.9964026426817585,0.08951072479282406
456,19,D_raw_focal_W,44,0.11350563199994212,2.0,0.75,0.9872611464968153,1.0,0.8571428571428571,0.9580662393162394,1.0,0.9999999999999998,143,0,2,12,157,14,8.92,0.2552381014538491,0.003075097829697165,0.9964026426817585,0.08951072479282406
456,19,E_all_ce_noW,47,0.15569227299988597,2.0,0.75,0.9872611464968153,1.0,0.8571428571428571,0.9580662393162394,1.0,1.0,143,0,2,12,157,14,8.92,0.26014677331250924,7.788149564980829e-08,0.9999993638594092,0.07788529048062853
456,19,F_all_ce_W,47,0.16479980799999794,2.0,0.75,1.0,1.0,1.0,1.0,1.0,1.0,143,0,0,14,157,14,8.92,0.2742746252965631,1.9924505120380953e-07,0.9999997652995294,0.08544350783157964
456,19,G_all_focal_noW,47,0.11282386399989264,2.0,0.75,1.0,1.0,1.0,1.0,1.0,0.9999999999999998,143,0,0,14,157,14,8.92,0.26208743732943834,0.005283354377163974,0.9941015129856424,0.09485057148782985
456,19,H_all_focal_W,47,0.21431379199998446,2.0,0.75,1.0,1.0,1.0,1.0,1.0,0.9999999999999998,143,0,0,14,157,14,8.92,0.26208743732943834,0.005283354377163974,0.9941015129856424,0.09485057148782985
456,19,LEGACY_A,44,0.21749649499997759,2.0,0.75,0.9936305732484076,1.0,0.9285714285714286,0.9797393212027359,1.0,0.9999999999999998,143,0,1,13,157,14,8.92,0.27111386837186613,6.758825122563964e-08,0.9999995844077432,0.0819447325585107
456,20,A_raw_ce_noW,44,0.2147428600001149,2.0,0.75,1.0,1.0,1.0,1.0,1.0,1.0,143,0,0,13,156,13,8.33,0.26771235675024374,7.321375369392678e-08,0.9999992152811137,0.08046561632889672
456,20,B_raw_ce_W,44,0.2730064819998006,2.0,0.75,1.0,1.0,1.0,1.0,1.0,0.9999999999999998,143,0,0,13,156,13,8.33,0.27296634718627927,1.5769859615045876e-07,0.99999977403688,0.08283187585455992
456,20,C_raw_focal_noW,44,0.1720695330000126,2.0,0.75,1.0,1.0,1.0,1.0,1.0,1.0,143,0,0,13,156,13,8.33,0.2545139989593727,0.0034832960390789878,0.9956034913283226,0.08815496941446267
456,20,D_raw_focal_W,44,0.18854460399984418,2.0,0.75,1.0,1.0,1.0,1.0,1.0,1.0,143,0,0,13,156,13,8.33,0.2545139989593727,0.0034832960390789878,0.9956034913283226,0.08815496941446267
456,20,E_all_ce_noW,47,0.2461346649999996,2.0,0.75,0.9935897435897436,1.0,0.9230769230769231,0.9782578397212544,1.0,0.9999999999999998,143,0,1,12,156,13,8.33,0.26227892516119755,7.206991803199552e-08,0.9999994881222527,0.07750327814482819
456,20,F_all_ce_W,47,0.2751874420000604,2.0,0.75,0.9935897435897436,1.0,0.9230769230769231,0.9782578397212544,0.9994620763851533,0.9945054945054943,143,0,1,12,156,13,8.33,0.26795648645637926,1.6002876679446172e-07,0.9999997891861432,0.08145869769901264
456,20,G_all_focal_noW,47,0.18563362400004735,2.0,0.75,0.9935897435897436,1.0,0.9230769230769231,0.9782578397212544,0.9994620763851534,0.9945054945054945,143,0,1,12,156,13,8.33,0.2550115680535116,0.0049720530983796704,0.993665541522734,0.08936853535652992
456,20,H_all_focal_W,47,0.18792150200010838,2.0,0.75,0.9935897435897436,1.0,0.9230769230769231,0.9782578397212544,0.9994620763851534,0.9945054945054945,143,0,1,12,156,13,8.33,0.2550115680535116,0.0049720530983796704,0.993665541522734,0.08936853535652992
456,20,LEGACY_A,44,0.2213758680002229,2.0,0.75,1.0,1.0,1.0,1.0,1.0,1.0,143,0,0,13,156,13,8.33,0.27419745551063635,5.1453212803307974e-08,0.9999995935770629,0.08327107164815696
456,21,A_raw_ce_noW,44,0.24967645000015182,2.0,0.75,0.9808917197452229,0.9230769230769231,0.8571428571428571,0.9392179636082074,0.9980019980019981,0.9786891679748821,142,1,2,12,157,14,8.92,0.26623906583517865,9.696331804559739e-08,0.9999989814658576,0.07962562377187847
456,21,B_raw_ce_W,44,0.27432470100006867,2.0,0.75,0.9808917197452229,0.9230769230769231,0.8571428571428571,0.9392179636082074,0.9980019980019981,0.9786891679748823,142,1,2,12,157,14,8.92,0.27273434972659805,1.4308857083016235e-07,0.9999997335743754,0.0821243459001301
456,21,C_raw_focal_noW,44,0.17699066800014407,2.0,0.75,0.9808917197452229,0.9230769230769231,0.8571428571428571,0.9392179636082074,0.997002997002997,0.9650528043385186,142,1,2,12,157,14,8.92,0.2548786637384173,0.005359860614653427,0.9930427159008707,0.09254203099620807
456,21,D_raw_focal_W,44,0.18836857500014048,2.0,0.75,0.9808917197452229,0.9230769230769231,0.8571428571428571,0.9392179636082074,0.997002997002997,0.9650528043385186,142,1,2,12,157,14,8.92,0.2548786637384173,0.005359860614653427,0.9930427159008707,0.09254203099620807
456,21,E_all_ce_noW,47,0.256205343999909,2.0,0.75,0.9808917197452229,0.9230769230769231,0.8571428571428571,0.9392179636082074,0.9980019980019981,0.9786891679748823,142,1,2,12,157,14,8.92,0.26787968299477105,9.64724713328511e-08,0.999998952143978,0.08105765756383873
456,21,F_all_ce_W,47,0.17121308500009036,2.0,0.75,0.9808917197452229,0.9230769230769231,0.8571428571428571,0.9392179636082074,0.9980019980019981,0.9786891679748823,142,1,2,12,157,14,8.92,0.2739359927577707,1.8975640138241062e-07,0.9999997723252555,0.08375777355783887
456,21,G_all_focal_noW,47,0.10703750400011813,2.0,0.75,0.9872611464968153,0.9285714285714286,0.9285714285714286,0.9607892107892109,0.9975024975024975,0.9721956614813758,142,1,1,13,157,14,8.92,0.25666561879713057,0.0057255711319124285,0.9917880845071556,0.09281442263980627
456,21,H_all_focal_W,47,0.1061652440000671,2.0,0.75,0.9872611464968153,0.9285714285714286,0.9285714285714286,0.9607892107892109,0.9975024975024975,0.9721956614813758,142,1,1,13,157,14,8.92,0.25666561879713057,0.0057255711319124285,0.9917880845071556,0.09281442263980627
456,21,LEGACY_A,44,0.14214218999995865,2.0,0.75,0.9808917197452229,0.9230769230769231,0.8571428571428571,0.9392179636082074,0.999000999000999,0.9901360544217687,142,1,2,12,157,14,8.92,0.2733809714798407,6.3915770463878e-08,0.9999995666038091,0.08268521639589635
456,22,A_raw_ce_noW,44,0.1619179020001411,2.0,0.75,1.0,1.0,1.0,1.0,1.0,1.0,143,0,0,14,157,14,8.92,0.28483065190640733,5.0053796272376666e-08,0.9999993216844041,0.08984096170311151
456,22,B_raw_ce_W,44,0.15457327600006465,2.0,0.75,1.0,1.0,1.0,1.0,1.0,1.0,143,0,0,14,157,14,8.92,0.28543838682734823,1.4588023352321943e-07,0.9999998077898155,0.0918217957755702
456,22,C_raw_focal_noW,44,0.11456700000007913,2.0,0.75,0.9936305732484076,0.9333333333333333,1.0,0.981004234724743,1.0,1.0,142,1,0,14,157,14,8.92,0.2817322128920522,0.0031440690029886486,0.9951227638223944,0.10382742667417742
456,22,D_raw_focal_W,44,0.11442716600004132,2.0,0.75,0.9936305732484076,0.9333333333333333,1.0,0.981004234724743,1.0,1.0,142,1,0,14,157,14,8.92,0.2817322128920522,0.0031440690029886486,0.9951227638223944,0.10382742667417742
456,22,E_all_ce_noW,47,0.16342364500019357,2.0,0.75,1.0,1.0,1.0,1.0,1.0,1.0,143,0,0,14,157,14,8.92,0.2849425343307635,4.691893655477174e-08,0.9999988612602444,0.08934136381575794
456,22,F_all_ce_W,47,0.17937724199987315,2.0,0.75,1.0,1.0,1.0,1.0,1.0,1.0,143,0,0,14,157,14,8.92,0.284898189473244,1.5375640549151236e-07,0.9999997311711385,0.08983209007783875
456,22,G_all_focal_noW,47,0.11784273400007805,2.0,0.75,1.0,1.0,1.0,1.0,0.9999999999999999,1.0,143,0,0,14,157,14,8.92,0.2786926870292313,0.00339515830385826,0.9934816212210458,0.10003680494992134
456,22,H_all_focal_W,47,0.13252472899989698,2.0,0.75,1.0,1.0,1.0,1.0,0.9999999999999999,1.0,143,0,0,14,157,14,8.92,0.2786926870292313,0.00339515830385826,0.9934816212210458,0.10003680494992134
456,22,LEGACY_A,44,0.14903295600015554,2.0,0.75,1.0,1.0,1.0,1.0,1.0,1.0,143,0,0,14,157,14,8.92,0.2848842418479246,3.518467791286855e-08,0.9999996199948079,0.08956968488757747
456,23,A_raw_ce_noW,44,0.13995756899998923,2.0,0.75,0.9872611464968153,0.9285714285714286,0.9285714285714286,0.9607892107892109,0.9995004995004995,0.9952380952380953,142,1,1,13,157,14,8.92,0.27904800188361734,6.456293164496447e-08,0.9999991826145658,0.088304846547954
456,23,B_raw_ce_W,44,0.15447386200003166,2.0,0.75,0.9872611464968153,0.9285714285714286,0.9285714285714286,0.9607892107892109,0.9995004995004995,0.9952380952380953,142,1,1,13,157,14,8.92,0.2824617954587141,1.5067732746052153e-07,0.9999997680496225,0.09126241807063434
456,23,C_raw_focal_noW,44,0.11578809799993905,2.0,0.75,0.9872611464968153,0.9285714285714286,0.9285714285714286,0.9607892107892109,0.9975024975024975,0.9812030075187969,142,1,1,13,157,14,8.92,0.2679314718048014,0.002735349449255635,0.9952158583104407,0.10022921182147167
456,23,D_raw_focal_W,44,0.13025897300008182,2.0,0.75,0.9872611464968153,0.9285714285714286,0.9285714285714286,0.9607892107892109,0.9975024975024975,0.9812030075187969,142,1,1,13,157,14,8.92,0.2679314718048014,0.002735349449255635,0.9952158583104407,0.10022921182147167
456,23,E_all_ce_noW,47,0.15232681500015133,2.0,0.75,0.9681528662420382,0.8,0.8571428571428571,0.9050211736237144,0.9965034965034966,0.970734126984127,140,3,2,12,157,14,8.92,0.2774590296737879,8.114006492560312e-08,0.999999347310839,0.09141196044589915
456,23,F_all_ce_W,47,0.16895836200001213,2.0,0.75,0.9872611464968153,0.9285714285714286,0.9285714285714286,0.9607892107892109,0.9990009990009989,0.9910714285714286,142,1,1,13,157,14,8.92,0.2822020460086083,1.8893819866246155e-07,0.9999998231777547,0.09534539027300154
456,23,G_all_focal_noW,47,0.11801577100004579,2.0,0.75,0.9681528662420382,0.8,0.8571428571428571,0.9050211736237144,0.996003996003996,0.9673202614379084,140,3,2,12,157,14,8.92,0.26733107578423343,0.0036667971424392955,0.9935213415219442,0.10028872297497282
456,23,H_all_focal_W,47,0.12011779999988903,2.0,0.75,0.9681528662420382,0.8,0.8571428571428571,0.9050211736237144,0.996003996003996,0.9673202614379084,140,3,2,12,157,14,8.92,0.26733107578423343,0.0036667971424392955,0.9935213415219442,0.10028872297497282
456,23,LEGACY_A,44,0.14566549099981785,2.0,0.75,0.9936305732484076,0.9333333333333333,1.0,0.981004234724743,1.0,0.9999999999999999,142,1,0,14,157,14,8.92,0.2894433006249631,6.478761232659693e-08,0.9999995981351156,0.09649925341788679
456,24,A_raw_ce_noW,44,0.15014813600009802,2.0,0.75,1.0,1.0,1.0,1.0,1.0,0.9999999999999998,143,0,0,14,157,14,8.92,0.2831708526419669,5.543220134555982e-08,0.9999991634053842,0.08862954559130815
456,24,B_raw_ce_W,44,0.18013039999982539,2.0,0.75,1.0,1.0,1.0,1.0,1.0,0.9999999999999998,143,0,0,14,157,14,8.92,0.2846070444727094,1.5436036668784646e-07,0.999999775992251,0.08978911692306343
456,24,C_raw_focal_noW,44,0.1152803480001694,2.0,0.75,1.0,1.0,1.0,1.0,1.0,0.9999999999999999,143,0,0,14,157,14,8.92,0.274167599243793,0.0031870718639611384,0.9961748849966194,0.09557864104248162
456,24,D_raw_focal_W,44,0.11814730400010376,2.0,0.75,1.0,1.0,1.0,1.0,1.0,0.9999999999999999,143,0,0,14,157,14,8.92,0.274167599243793,0.0031870718639611384,0.9961748849966194,0.09557864104248162
456,24,E_all_ce_noW,47,0.16278881400012324,2.0,0.75,1.0,1.0,1.0,1.0,1.0,0.9999999999999998,143,0,0,14,157,14,8.92,0.28475184754084676,6.115016110388878e-08,0.999999395276816,0.0895664099431896
456,24,F_all_ce_W,47,0.1928820910000013,2.0,0.75,1.0,1.0,1.0,1.0,1.0,0.9999999999999998,143,0,0,14,157,14,8.92,0.2848914469289442,1.4882798853013907e-07,0.999999760709577,0.08968062118528679
456,24,G_all_focal_noW,47,0.11731412300014199,2.0,0.75,1.0,1.0,1.0,1.0,1.0,0.9999999999999999,143,0,0,14,157,14,8.92,0.2760486615125197,0.0031075490804735035,0.9954004738178649,0.09572369454352886
456,24,H_all_focal_W,47,0.12348912399988876,2.0,0.75,1.0,1.0,1.0,1.0,1.0,0.9999999999999999,143,0,0,14,157,14,8.92,0.2760486615125197,0.0031075490804735035,0.9954004738178649,0.09572369454352886
456,24,LEGACY_A,44,0.14454639199993835,2.0,0.75,1.0,1.0,1.0,1.0,1.0,0.9999999999999998,143,0,0,14,157,14,8.92,0.284446943941553,3.405698672550643e-08,0.9999996568363,0.08923091307530509
456,25,A_raw_ce_noW,44,0.142808192000075,2.0,0.75,0.9871794871794872,1.0,0.8461538461538461,0.9548611111111112,0.9940828402366864,0.9647435897435896,143,0,2,11,156,13,8.33,0.254539548526115,6.635439651707994e-08,0.9999981652539432,0.07098591666257996
456,25,B_raw_ce_W,44,0.17259708699998555,2.0,0.75,0.9935897435897436,1.0,0.9230769230769231,0.9782578397212544,0.9903173749327596,0.9553349875930519,143,0,1,12,156,13,8.33,0.263428475822882,1.5730239085619197e-07,0.9999997579969375,0.07615286026176249
456,25,C_raw_focal_noW,44,0.11682775899998887,2.0,0.75,0.9935897435897436,1.0,0.9230769230769231,0.9782578397212544,0.9946207638515331,0.9665551839464883,143,0,1,12,156,13,8.33,0.2464522887013227,0.004287109441984514,0.990585880972112,0.0850462978908395
456,25,D_raw_focal_W,44,0.12055662600005235,2.0,0.75,0.9935897435897436,1.0,0.9230769230769231,0.9782578397212544,0.9946207638515331,0.9665551839464883,143,0,1,12,156,13,8.33,0.2464522887013227,0.004287109441984514,0.990585880972112,0.0850462978908395
456,25,E_all_ce_noW,47,0.15264203800006726,2.0,0.75,0.9807692307692307,0.9166666666666666,0.8461538461538461,0.9347735191637631,0.9967724583109198,0.9695730363151176,142,1,2,11,156,13,8.33,0.2565259001679599,8.659706681096057e-08,0.9999984947788436,0.07433993819765061
456,25,F_all_ce_W,47,0.17197337000015978,2.0,0.75,0.9807692307692307,0.9166666666666666,0.8461538461538461,0.9347735191637631,0.9973103819257665,0.975983292725374,142,1,2,11,156,13,8.33,0.26608266524475693,1.7897118031981906e-07,0.9999997253085131,0.07929887564526819
456,25,G_all_focal_noW,47,0.11821538799995324,2.0,0.75,0.9807692307692307,0.9166666666666666,0.8461538461538461,0.9347735191637631,0.9951586874663798,0.9563880788577144,142,1,2,11,156,13,8.33,0.24724723507374943,0.0038882523993572803,0.9890881960937464,0.0857303501177799
456,25,H_all_focal_W,47,0.12649758499992458,2.0,0.75,0.9807692307692307,0.9166666666666666,0.8461538461538461,0.9347735191637631,0.9951586874663798,0.9563880788577144,142,1,2,11,156,13,8.33,0.24724723507374943,0.0038882523993572803,0.9890881960937464,0.0857303501177799
456,25,LEGACY_A,44,0.15945768799997495,2.0,0.75,0.9871794871794872,1.0,0.8461538461538461,0.9548611111111112,0.9951586874663798,0.9685314685314683,143,0,2,11,156,13,8.33,0.25633568215453334,6.378125376499483e-08,0.999999422285702,0.07325253604842744
789,1,A_raw_ce_noW,44,0.1427860359999613,2.0,0.75,1.0,1.0,1.0,1.0,1.0,0.9999999999999999,143,0,0,14,157,14,8.92,0.2843892604494326,8.460052273251227e-08,0.9999991057136451,0.08914747330873661
789,1,B_raw_ce_W,44,0.1603788820000318,2.0,0.75,1.0,1.0,1.0,1.0,1.0,0.9999999999999999,143,0,0,14,157,14,8.92,0.28483873482965777,2.1152960185302332e-07,0.9999997867773747,0.09074940963624781
789,1,C_raw_focal_noW,44,0.1156728139999359,2.0,0.75,1.0,1.0,1.0,1.0,1.0,1.0,143,0,0,14,157,14,8.92,0.2715247345723964,0.0037321394319524952,0.9924236297862794,0.10106767430069571
789,1,D_raw_focal_W,44,0.12647950800010221,2.0,0.75,1.0,1.0,1.0,1.0,1.0,1.0,143,0,0,14,157,14,8.92,0.2715247345723964,0.0037321394319524952,0.9924236297862794,0.10106767430069571
789,1,E_all_ce_noW,47,0.1623266080000576,2.0,0.75,1.0,1.0,1.0,1.0,1.0,0.9999999999999998,143,0,0,14,157,14,8.92,0.2844270158905745,6.78812940213348e-08,0.9999987479391463,0.08933785555349885
789,1,F_all_ce_W,47,0.1782966309999665,2.0,0.75,1.0,1.0,1.0,1.0,1.0,0.9999999999999999,143,0,0,14,157,14,8.92,0.28463292282381447,1.7513556359933295e-07,0.9999996536854776,0.08996499090411725
789,1,G_all_focal_noW,47,0.1170963639999627,2.0,0.75,1.0,1.0,1.0,1.0,1.0,1.0,143,0,0,14,157,14,8.92,0.2744705222344439,0.00304385537536373,0.9955101140674972,0.10143967791304705
789,1,H_all_focal_W,47,0.12314913400018668,2.0,0.75,1.0,1.0,1.0,1.0,1.0,1.0,143,0,0,14,157,14,8.92,0.2744705222344439,0.00304385537536373,0.9955101140674972,0.10143967791304705
789,1,LEGACY_A,44,0.14240891700001157,2.0,0.75,1.0,1.0,1.0,1.0,1.0,0.9999999999999999,143,0,0,14,157,14,8.92,0.2847617999608116,6.152244228910063e-08,0.9999995659050617,0.08988017927437388
789,2,A_raw_ce_noW,44,0.1400648569999703,2.0,0.75,0.9936305732484076,1.0,0.9285714285714286,0.9797393212027359,0.999000999000999,0.9910714285714285,143,0,1,13,157,14,8.92,0.2680590743951331,7.826530098023556e-08,0.9999991167896165,0.08031613553761287
789,2,B_raw_ce_W,44,0.15186661799998546,2.0,0.75,0.9936305732484076,1.0,0.9285714285714286,0.9797393212027359,0.9990009990009989,0.9910714285714285,143,0,1,13,157,14,8.92,0.27202326168992674,1.87432622697428e-07,0.9999997712684571,0.08311150089189837
789,2,C_raw_focal_noW,44,0.11136450900016825,2.0,0.75,0.9808917197452229,0.9230769230769231,0.8571428571428571,0.9392179636082074,0.999000999000999,0.9901360544217687,142,1,2,12,157,14,8.92,0.2591432402568072,0.003988344154443229,0.9955344005320549,0.09216039675252827
789,2,D_raw_focal_W,44,0.11521136200008186,2.0,0.75,0.9808917197452229,0.9230769230769231,0.8571428571428571,0.9392179636082074,0.999000999000999,0.9901360544217687,142,1,2,12,157,14,8.92,0.2591432402568072,0.003988344154443229,0.9955344005320549,0.09216039675252827
789,2,E_all_ce_noW,47,0.21544914700007212,2.0,0.75,0.9936305732484076,1.0,0.9285714285714286,0.9797393212027359,1.0,0.9999999999999999,143,0,1,13,157,14,8.92,0.26598670793879364,9.020865236143732e-08,0.9999989019033947,0.0822329761185806
789,2,F_all_ce_W,47,0.27658665799981463,2.0,0.75,0.9936305732484076,1.0,0.9285714285714286,0.9797393212027359,0.9995004995004995,0.9952380952380953,143,0,1,13,157,14,8.92,0.2750058203339483,2.0423217082788027e-07,0.9999997517341103,0.08699229563080262
789,2,G_all_focal_noW,47,0.1781115429998863,2.0,0.75,0.9808917197452229,0.9230769230769231,0.8571428571428571,0.9392179636082074,0.999000999000999,0.9901360544217688,142,1,2,12,157,14,8.92,0.25354999823889984,0.005076989907597023,0.9934110450747329,0.09260301408809593
789,2,H_all_focal_W,47,0.17771096199999192,2.0,0.75,0.9808917197452229,0.9230769230769231,0.8571428571428571,0.9392179636082074,0.999000999000999,0.9901360544217688,142,1,2,12,157,14,8.92,0.25354999823889984,0.005076989907597023,0.9934110450747329,0.09260301408809593
789,2,LEGACY_A,44,0.21245800499991674,2.0,0.75,0.9936305732484076,1.0,0.9285714285714286,0.9797393212027359,0.9990009990009989,0.9910714285714286,143,0,1,13,157,14,8.92,0.2765169747602432,6.676229466641734e-08,0.9999995828485145,0.08565945033855986
789,3,A_raw_ce_noW,44,0.2263833329998306,2.0,0.75,1.0,1.0,1.0,1.0,1.0,0.9999999999999999,143,0,0,14,157,14,8.92,0.27697613245621866,5.7571015308233114e-08,0.9999992444320269,0.0861397805275071
789,3,B_raw_ce_W,44,0.25521823799999765,2.0,0.75,1.0,1.0,1.0,1.0,1.0,0.9999999999999999,143,0,0,14,157,14,8.92,0.27917907120900737,1.6576796679864544e-07,0.9999997837358149,0.08782607017037843
789,3,C_raw_focal_noW,44,0.1749285850000888,2.0,0.75,0.9936305732484076,1.0,0.9285714285714286,0.9797393212027359,1.0,0.9999999999999999,143,0,1,13,157,14,8.92,0.26442034675539056,0.0036062417062854256,0.9944479607396427,0.09573143886492673
789,3,D_raw_focal_W,44,0.1738299339999685,2.0,0.75,0.9936305732484076,1.0,0.9285714285714286,0.9797393212027359,1.0,0.9999999999999999,143,0,1,13,157,14,8.92,0.26442034675539056,0.0036062417062854256,0.9944479607396427,0.09573143886492673
789,3,E_all_ce_noW,47,0.2653192420000323,2.0,0.75,1.0,1.0,1.0,1.0,1.0,0.9999999999999999,143,0,0,14,157,14,8.92,0.27829969050011105,6.683927778893728e-08,0.999999075726017,0.08710409836674309
789,3,F_all_ce_W,47,0.28272458200012807,2.0,0.75,1.0,1.0,1.0,1.0,1.0,0.9999999999999999,143,0,0,14,157,14,8.92,0.2797199297286839,1.6408223822959724e-07,0.9999997638538041,0.08852769832823637
789,3,G_all_focal_noW,47,0.18074945900002604,2.0,0.75,0.9936305732484076,1.0,0.9285714285714286,0.9797393212027359,1.0,0.9999999999999999,143,0,1,13,157,14,8.92,0.26871928893057284,0.0040462885360851245,0.9940493679424001,0.09838728195621096
789,3,H_all_focal_W,47,0.18168598100010058,2.0,0.75,0.9936305732484076,1.0,0.9285714285714286,0.9797393212027359,1.0,0.9999999999999999,143,0,1,13,157,14,8.92,0.26871928893057284,0.0040462885360851245,0.9940493679424001,0.09838728195621096
789,3,LEGACY_A,44,0.24611044399989623,2.0,0.75,1.0,1.0,1.0,1.0,1.0,0.9999999999999999,143,0,0,14,157,14,8.92,0.2803197474384385,4.274554702213881e-08,0.9999996763380996,0.08829318412126559
789,4,A_raw_ce_noW,44,0.22569293900005505,2.0,0.75,0.9872611464968153,0.9285714285714286,0.9285714285714286,0.9607892107892109,0.9950049950049951,0.9702380952380952,142,1,1,13,157,14,8.92,0.28351278677685654,5.729330667098643e-08,0.9999987224731088,0.0887576862416737
789,4,B_raw_ce_W,44,0.26248953399999664,2.0,0.75,0.9872611464968153,0.9285714285714286,0.9285714285714286,0.9607892107892109,0.9880119880119881,0.9548872180451127,142,1,1,13,157,14,8.92,0.2846322253789739,1.5474667054500926e-07,0.9999997338812474,0.08908068664670762
789,4,C_raw_focal_noW,44,0.13134636899985708,2.0,0.75,0.9872611464968153,0.9285714285714286,0.9285714285714286,0.9607892107892109,0.9940059940059941,0.9634693877551019,142,1,1,13,157,14,8.92,0.272031763162794,0.0028450665778954453,0.9929355889644813,0.0943019015354815
789,4,D_raw_focal_W,44,0.10480150900002627,2.0,0.75,0.9872611464968153,0.9285714285714286,0.9285714285714286,0.9607892107892109,0.9940059940059941,0.9634693877551019,142,1,1,13,157,14,8.92,0.272031763162794,0.0028450665778954453,0.9929355889644813,0.0943019015354815
789,4,E_all_ce_noW,47,0.15571896000005836,2.0,0.75,0.9872611464968153,0.9285714285714286,0.9285714285714286,0.9607892107892109,0.996003996003996,0.974025974025974,142,1,1,13,157,14,8.92,0.28482302646859714,5.600131035393843e-08,0.9999985739478189,0.0891220566651475
789,4,F_all_ce_W,47,0.16744320699990567,2.0,0.75,0.9872611464968153,0.9285714285714286,0.9285714285714286,0.9607892107892109,0.9965034965034965,0.9761904761904763,142,1,1,13,157,14,8.92,0.2849136552818858,1.6349750360436518e-07,0.9999996155194598,0.0891512890957176
789,4,G_all_focal_noW,47,0.10711212499995781,2.0,0.75,0.9872611464968153,0.9285714285714286,0.9285714285714286,0.9607892107892109,0.9965034965034965,0.9761904761904763,142,1,1,13,157,14,8.92,0.2742250644613827,0.004091860194954361,0.9929961278499445,0.09544476334337994
789,4,H_all_focal_W,47,0.10944392500005051,2.0,0.75,0.9872611464968153,0.9285714285714286,0.9285714285714286,0.9607892107892109,0.9965034965034965,0.9761904761904763,142,1,1,13,157,14,8.92,0.2742250644613827,0.004091860194954361,0.9929961278499445,0.09544476334337994
789,4,LEGACY_A,44,0.14453203099992606,2.0,0.75,0.9872611464968153,0.9285714285714286,0.9285714285714286,0.9607892107892109,0.9950049950049951,0.9702380952380952,142,1,1,13,157,14,8.92,0.278924356752377,6.006034959094171e-08,0.9999995199190337,0.08691408689284792
789,5,A_raw_ce_noW,44,0.1465567180000562,2.0,0.75,0.9935897435897436,1.0,0.9230769230769231,0.9782578397212544,1.0,0.9999999999999998,143,0,1,12,156,13,8.33,0.26636200042577385,5.385674314575744e-08,0.9999991986769672,0.0769300031474485
789,5,B_raw_ce_W,44,0.15550191500005894,2.0,0.75,0.9935897435897436,1.0,0.9230769230769231,0.9782578397212544,1.0,0.9999999999999998,143,0,1,12,156,13,8.33,0.26641592566070504,1.8356623297616864e-07,0.9999998003345264,0.07705155436771471
789,5,C_raw_focal_noW,44,0.11871893200009254,2.0,0.75,0.9935897435897436,1.0,0.9230769230769231,0.9782578397212544,1.0,1.0,143,0,1,12,156,13,8.33,0.25706017300288364,0.0036045868966617985,0.9951925281482764,0.0870436436471448
789,5,D_raw_focal_W,44,0.12141431800000646,2.0,0.75,0.9935897435897436,1.0,0.9230769230769231,0.9782578397212544,1.0,1.0,143,0,1,12,156,13,8.33,0.25706017300288364,0.0036045868966617985,0.9951925281482764,0.0870436436471448
789,5,E_all_ce_noW,47,0.16051152099998944,2.0,0.75,0.9871794871794872,0.9230769230769231,0.9230769230769231,0.9580419580419581,0.9994620763851533,0.9945054945054945,142,1,1,12,156,13,8.33,0.2742623776406524,6.448100817553302e-08,0.9999991925871716,0.08278567835699972
789,5,F_all_ce_W,47,0.1932687509997777,2.0,0.75,0.9871794871794872,0.9230769230769231,0.9230769230769231,0.9580419580419581,0.9994620763851533,0.9945054945054943,142,1,1,12,156,13,8.33,0.27593239111289686,1.7019700358798985e-07,0.9999998096478038,0.08381440549946785
789,5,G_all_focal_noW,47,0.12064276099999915,2.0,0.75,0.9871794871794872,0.9230769230769231,0.9230769230769231,0.9580419580419581,0.9994620763851534,0.9945054945054943,142,1,1,12,156,13,8.33,0.26435596486064683,0.003984257202951133,0.9941594181827352,0.09197244943345091
789,5,H_all_focal_W,47,0.11888232100000096,2.0,0.75,0.9871794871794872,0.9230769230769231,0.9230769230769231,0.9580419580419581,0.9994620763851534,0.9945054945054943,142,1,1,12,156,13,8.33,0.26435596486064683,0.003984257202951133,0.9941594181827352,0.09197244943345091
789,5,LEGACY_A,44,0.14525238800001716,2.0,0.75,0.9935897435897436,1.0,0.9230769230769231,0.9782578397212544,1.0,1.0,143,0,1,12,156,13,8.33,0.266441969717202,4.9110817574401245e-08,0.9999995879572351,0.07698766970345802
789,6,A_raw_ce_noW,44,0.13937843799999428,2.0,0.75,0.9872611464968153,1.0,0.8571428571428571,0.9580662393162394,0.989010989010989,0.9563492063492063,143,0,2,12,157,14,8.92,0.26318632768481426,6.647817962560703e-08,0.9999991439566956,0.07580238355911802
789,6,B_raw_ce_W,44,0.17022688399993058,2.0,0.75,0.9872611464968153,1.0,0.8571428571428571,0.9580662393162394,0.99000999000999,0.9579831932773109,143,0,2,12,157,14,8.92,0.26397398341578704,1.649345363197274e-07,0.9999997534207008,0.07617311458398071
789,6,C_raw_focal_noW,44,0.11335383400000865,2.0,0.75,0.9808917197452229,1.0,0.7857142857142857,0.9348096885813149,0.9815184815184815,0.9434693877551019,143,0,3,11,157,14,8.92,0.24512455938575095,0.004243222621341673,0.9924280206340444,0.08160545170277318
789,6,D_raw_focal_W,44,0.11272033599993847,2.0,0.75,0.9808917197452229,1.0,0.7857142857142857,0.9348096885813149,0.9815184815184815,0.9434693877551019,143,0,3,11,157,14,8.92,0.24512455938575095,0.004243222621341673,0.9924280206340444,0.08160545170277318
789,6,E_all_ce_noW,47,0.15115313999990576,2.0,0.75,0.9872611464968153,1.0,0.8571428571428571,0.9580662393162394,0.9945054945054945,0.9685714285714285,143,0,2,12,157,14,8.92,0.263558984460223,7.254474761451816e-08,0.9999987841181541,0.07613719578167807
789,6,F_all_ce_W,47,0.1820051520001016,2.0,0.75,0.9872611464968153,1.0,0.8571428571428571,0.9580662393162394,0.996003996003996,0.974025974025974,143,0,2,12,157,14,8.92,0.26513617364459646,1.66999375651683e-07,0.9999997295448796,0.07676366033134187
789,6,G_all_focal_noW,47,0.11938396599998669,2.0,0.75,0.9872611464968153,1.0,0.8571428571428571,0.9580662393162394,0.989010989010989,0.9563492063492063,143,0,2,12,157,14,8.92,0.248415611059078,0.004399883026615224,0.992776797404298,0.0846283869842663
789,6,H_all_focal_W,47,0.14046684800018738,2.0,0.75,0.9872611464968153,1.0,0.8571428571428571,0.9580662393162394,0.989010989010989,0.9563492063492063,143,0,2,12,157,14,8.92,0.248415611059078,0.004399883026615224,0.992776797404298,0.0846283869842663
789,6,LEGACY_A,44,0.1444800070000838,2.0,0.75,0.9872611464968153,1.0,0.8571428571428571,0.9580662393162394,0.9925074925074925,0.9630541871921183,143,0,2,12,157,14,8.92,0.26561397782491725,6.208485864489881e-08,0.9999995989324056,0.07642409241405691
789,7,A_raw_ce_noW,44,0.14515936299994792,2.0,0.75,0.9936305732484076,1.0,0.9285714285714286,0.9797393212027359,1.0,0.9999999999999999,143,0,1,13,157,14,8.92,0.27474904894888474,5.6064306409042656e-08,0.999999188221631,0.08350819063556233
789,7,B_raw_ce_W,44,0.1640230610000799,2.0,0.75,0.9936305732484076,1.0,0.9285714285714286,0.9797393212027359,1.0,0.9999999999999999,143,0,1,13,157,14,8.92,0.2758304176330824,1.423277393058492e-07,0.9999997385090358,0.08505551442762571
789,7,C_raw_focal_noW,44,0.10379238399991664,2.0,0.75,0.9936305732484076,1.0,0.9285714285714286,0.9797393212027359,1.0,0.9999999999999999,143,0,1,13,157,14,8.92,0.2629593427733686,0.003473815155631506,0.9949056292776575,0.09172414401236798
789,7,D_raw_focal_W,44,0.127195631999939,2.0,0.75,0.9936305732484076,1.0,0.9285714285714286,0.9797393212027359,1.0,0.9999999999999999,143,0,1,13,157,14,8.92,0.2629593427733686,0.003473815155631506,0.9949056292776575,0.09172414401236798
789,7,E_all_ce_noW,47,0.1600363740001285,2.0,0.75,0.9936305732484076,1.0,0.9285714285714286,0.9797393212027359,1.0,0.9999999999999999,143,0,1,13,157,14,8.92,0.274785602869216,5.183880347456986e-08,0.9999993635297738,0.08325038197872689
789,7,F_all_ce_W,47,0.1792642049999813,2.0,0.75,1.0,1.0,1.0,1.0,1.0,1.0,143,0,0,14,157,14,8.92,0.2775006319993595,1.5433343819135182e-07,0.9999997856521463,0.08606891928046821
789,7,G_all_focal_noW,47,0.11225872399995751,2.0,0.75,0.9936305732484076,1.0,0.9285714285714286,0.9797393212027359,1.0,0.9999999999999998,143,0,1,13,157,14,8.92,0.26313382029520954,0.0037186562182973575,0.9938288885940452,0.09090943924472113
789,7,H_all_focal_W,47,0.11807023699998354,2.0,0.75,0.9936305732484076,1.0,0.9285714285714286,0.9797393212027359,1.0,0.9999999999999998,143,0,1,13,157,14,8.92,0.26313382029520954,0.0037186562182973575,0.9938288885940452,0.09090943924472113
789,7,LEGACY_A,44,0.14569474500012802,2.0,0.75,1.0,1.0,1.0,1.0,1.0,1.0,143,0,0,14,157,14,8.92,0.2838294761588813,4.707952819979403e-08,0.9999995934405325,0.08915847642222592
789,8,A_raw_ce_noW,44,0.14136046899989196,2.0,0.75,0.9936305732484076,1.0,0.9285714285714286,0.9797393212027359,1.0,0.9999999999999998,143,0,1,13,157,14,8.92,0.2688179181727153,5.839574613796552e-08,0.9999991335803327,0.08036187263714513
789,8,B_raw_ce_W,44,0.15523755200001688,2.0,0.75,0.9936305732484076,1.0,0.9285714285714286,0.9797393212027359,1.0,0.9999999999999998,143,0,1,13,157,14,8.92,0.2714723788564849,1.4957630040859415e-07,0.9999998004337051,0.08168708766342757
789,8,C_raw_focal_noW,44,0.114781068999946,2.0,0.75,0.9872611464968153,1.0,0.8571428571428571,0.9580662393162394,0.9995004995004995,0.995238095238095,143,0,2,12,157,14,8.92,0.26135650263206583,0.002462875460939208,0.9960498409883127,0.09175370882023585
789,8,D_raw_focal_W,44,0.12035838900010276,2.0,0.75,0.9872611464968153,1.0,0.8571428571428571,0.9580662393162394,0.9995004995004995,0.995238095238095,143,0,2,12,157,14,8.92,0.26135650263206583,0.002462875460939208,0.9960498409883127,0.09175370882023585
789,8,E_all_ce_noW,47,0.15580080299992005,2.0,0.75,0.9872611464968153,1.0,0.8571428571428571,0.9580662393162394,0.999000999000999,0.9910714285714284,143,0,2,12,157,14,8.92,0.26627307106571146,5.704950498964662e-08,0.9999994391977715,0.07945957904789068
789,8,F_all_ce_W,47,0.18399827299981553,2.0,0.75,0.9872611464968153,1.0,0.8571428571428571,0.9580662393162394,0.9980019980019981,0.9822929171668666,143,0,2,12,157,14,8.92,0.2682565554034638,1.3236630887746019e-07,0.9999998257207416,0.08169915308810882
789,8,G_all_focal_noW,47,0.1299812759998531,2.0,0.75,0.9872611464968153,1.0,0.8571428571428571,0.9580662393162394,0.9975024975024974,0.9812030075187967,143,0,2,12,157,14,8.92,0.26127819347317466,0.003441436499928253,0.9917768259845324,0.09311317639891384
789,8,H_all_focal_W,47,0.11879930300005981,2.0,0.75,0.9872611464968153,1.0,0.8571428571428571,0.9580662393162394,0.9975024975024974,0.9812030075187967,143,0,2,12,157,14,8.92,0.26127819347317466,0.003441436499928253,0.9917768259845324,0.09311317639891384
789,8,LEGACY_A,44,0.13974854999992203,2.0,0.75,0.9936305732484076,1.0,0.9285714285714286,0.9797393212027359,1.0,0.9999999999999998,143,0,1,13,157,14,8.92,0.27086597333555046,5.791085694320805e-08,0.99999962746646,0.0815255759924247
789,9,A_raw_ce_noW,44,0.13501187799988656,2.0,0.75,1.0,1.0,1.0,1.0,1.0,0.9999999999999998,143,0,0,14,157,14,8.92,0.2848283503004243,8.356757000710422e-08,0.999998337071557,0.0908963821941497
789,9,B_raw_ce_W,44,0.14631477599982645,2.0,0.75,0.9936305732484076,0.9333333333333333,1.0,0.981004234724743,1.0,0.9999999999999998,142,1,0,14,157,14,8.92,0.28652937273675694,1.9754694905843068e-07,0.9999997000685537,0.09235922260605503
789,9,C_raw_focal_noW,44,0.11065018400017834,2.0,0.75,0.9936305732484076,0.9333333333333333,1.0,0.981004234724743,1.0,0.9999999999999998,142,1,0,14,157,14,8.92,0.27857785624794684,0.0033524917595368895,0.9938071674919275,0.10167169095283299
789,9,D_raw_focal_W,44,0.10943578599994908,2.0,0.75,0.9936305732484076,0.9333333333333333,1.0,0.981004234724743,1.0,0.9999999999999998,142,1,0,14,157,14,8.92,0.27857785624794684,0.0033524917595368895,0.9938071674919275,0.10167169095283299
789,9,E_all_ce_noW,47,0.14743190499984848,2.0,0.75,1.0,1.0,1.0,1.0,1.0,0.9999999999999998,143,0,0,14,157,14,8.92,0.2844560641554876,8.389067814449645e-08,0.9999988724987161,0.09031940879802272
789,9,F_all_ce_W,47,0.1666854360000798,2.0,0.75,1.0,1.0,1.0,1.0,1.0,0.9999999999999998,143,0,0,14,157,14,8.92,0.2856752390506493,2.273254266598196e-07,0.9999996629856877,0.09156004241946722
789,9,G_all_focal_noW,47,0.11570903900019402,2.0,0.75,0.9936305732484076,0.9333333333333333,1.0,0.981004234724743,1.0,0.9999999999999998,142,1,0,14,157,14,8.92,0.27674943394052853,0.005108922217396774,0.9925820417159595,0.10127537126746808
789,9,H_all_focal_W,47,0.11709842500022205,2.0,0.75,0.9936305732484076,0.9333333333333333,1.0,0.981004234724743,1.0,0.9999999999999998,142,1,0,14,157,14,8.92,0.27674943394052853,0.005108922217396774,0.9925820417159595,0.10127537126746808
789,9,LEGACY_A,44,0.14116834800006473,2.0,0.75,1.0,1.0,1.0,1.0,1.0,0.9999999999999998,143,0,0,14,157,14,8.92,0.28460310327261357,5.596054833020352e-08,0.9999995082649071,0.09105803586612081
789,10,A_raw_ce_noW,44,0.14516743199988014,2.0,0.75,0.9807692307692307,0.8571428571428571,0.9230769230769231,0.9391812865497076,0.9967724583109199,0.9695730363151176,141,2,1,12,156,13,8.33,0.2838814218017077,7.131710406415606e-08,0.9999980400727111,0.09247005889503528
789,10,B_raw_ce_W,44,0.16275837900002443,2.0,0.75,0.967948717948718,0.75,0.9230769230769231,0.9049591811867918,0.9967724583109199,0.9695730363151176,139,4,1,12,156,13,8.33,0.29520621488872,1.456642397943305e-07,0.9999994796899201,0.0994642537744592
789,10,C_raw_focal_noW,44,0.18776905599997917,2.0,0.75,0.967948717948718,0.75,0.9230769230769231,0.9049591811867918,0.9967724583109199,0.9695730363151176,139,4,1,12,156,13,8.33,0.27836961875982685,0.0033300603364384285,0.9928475356021258,0.10568758625861999
789,10,D_raw_focal_W,44,0.17851553900004546,2.0,0.75,0.967948717948718,0.75,0.9230769230769231,0.9049591811867918,0.9967724583109199,0.9695730363151176,139,4,1,12,156,13,8.33,0.27836961875982685,0.0033300603364384285,0.9928475356021258,0.10568758625861999
789,10,E_all_ce_noW,47,0.262622871000076,2.0,0.75,0.9807692307692307,0.8571428571428571,0.9230769230769231,0.9391812865497076,0.9967724583109199,0.9669202592279513,141,2,1,12,156,13,8.33,0.2856917072225464,6.126220485028415e-08,0.99999791327353,0.0898668876759651
789,10,F_all_ce_W,47,0.27720745300007366,2.0,0.75,0.9807692307692307,0.8571428571428571,0.9230769230769231,0.9391812865497076,0.9973103819257665,0.9723443223443223,141,2,1,12,156,13,8.33,0.285706021853629,1.0688871830565387e-07,0.9999996246300197,0.09059145670720777
789,10,G_all_focal_noW,47,0.1727124520000416,2.0,0.75,0.9807692307692307,0.8571428571428571,0.9230769230769231,0.9391812865497076,0.9978483055406132,0.9774161735700195,141,2,1,12,156,13,8.33,0.27472420848571405,0.004190299612482597,0.9913304389412576,0.1020026737182359
789,10,H_all_focal_W,47,0.1716757060000873,2.0,0.75,0.9807692307692307,0.8571428571428571,0.9230769230769231,0.9391812865497076,0.9978483055406132,0.9774161735700195,141,2,1,12,156,13,8.33,0.27472420848571405,0.004190299612482597,0.9913304389412576,0.1020026737182359
789,10,LEGACY_A,44,0.241767426000024,2.0,0.75,0.9807692307692307,0.8571428571428571,0.9230769230769231,0.9391812865497076,0.9978483055406132,0.9819004524886876,141,2,1,12,156,13,8.33,0.2844201454099483,5.770896364924784e-08,0.9999994849016232,0.09330207456985172
789,11,A_raw_ce_noW,44,0.1953814710000188,2.0,0.75,0.9745222929936306,1.0,0.7142857142857143,0.9097701149425288,0.952047952047952,0.8482718894009216,143,0,4,10,157,14,8.92,0.24467680653787466,7.979791306938476e-08,0.9999987650524175,0.06612019560935692
789,11,B_raw_ce_W,44,0.22350622300018586,2.0,0.75,0.9745222929936306,1.0,0.7142857142857143,0.9097701149425288,0.954045954045954,0.8489179865876187,143,0,4,10,157,14,8.92,0.24614463286056615,1.6016249922736676e-07,0.9999997447050587,0.0680883218473483
789,11,C_raw_focal_noW,44,0.1584082000001672,2.0,0.75,0.9745222929936306,1.0,0.7142857142857143,0.9097701149425288,0.965034965034965,0.8595238095238096,143,0,4,10,157,14,8.92,0.2362504749203816,0.006605415251819571,0.9877206693878335,0.08256538331100002
789,11,D_raw_focal_W,44,0.15908778199991502,2.0,0.75,0.9745222929936306,1.0,0.7142857142857143,0.9097701149425288,0.965034965034965,0.8595238095238096,143,0,4,10,157,14,8.92,0.2362504749203816,0.006605415251819571,0.9877206693878335,0.08256538331100002
789,11,E_all_ce_noW,47,0.22760035999999673,2.0,0.75,0.9745222929936306,1.0,0.7142857142857143,0.9097701149425288,0.9715284715284715,0.8686452436452435,143,0,4,10,157,14,8.92,0.24506295176661824,6.881264806589901e-08,0.9999989520435446,0.06633644212958045
789,11,F_all_ce_W,47,0.249873068999932,2.0,0.75,0.9681528662420382,0.9090909090909091,0.7142857142857143,0.8913494809688581,0.9685314685314685,0.8633260996706373,142,1,4,10,157,14,8.92,0.2506785680892298,1.642879902162009e-07,0.9999997357880334,0.07058790489373189
789,11,G_all_focal_noW,47,0.1826213680001274,2.0,0.75,0.9681528662420382,0.9090909090909091,0.7142857142857143,0.8913494809688581,0.9775224775224776,0.8808292282430212,142,1,4,10,157,14,8.92,0.23823870291818833,0.007592597232515495,0.989022871021226,0.08355940818373551
789,11,H_all_focal_W,47,0.20229256400011764,2.0,0.75,0.9681528662420382,0.9090909090909091,0.7142857142857143,0.8913494809688581,0.9775224775224776,0.8808292282430212,142,1,4,10,157,14,8.92,0.23823870291818833,0.007592597232515495,0.989022871021226,0.08355940818373551
789,11,LEGACY_A,44,0.2058641680000619,2.0,0.75,0.9745222929936306,0.9166666666666666,0.7857142857142857,0.9161324786324787,0.9605394605394605,0.8538555666168905,142,1,3,11,157,14,8.92,0.25851844286880293,3.588080166967014e-08,0.9999996392830832,0.07450801442993392
789,12,A_raw_ce_noW,44,0.2195054789999631,2.0,0.75,0.9936305732484076,0.9333333333333333,1.0,0.981004234724743,1.0,1.0,142,1,0,14,157,14,8.92,0.2869809168027749,6.840430883340124e-08,0.9999991906365708,0.09453847474943361
789,12,B_raw_ce_W,44,0.1694166239999504,2.0,0.75,0.9872611464968153,0.875,1.0,0.9631455399061033,1.0,1.0,141,2,0,14,157,14,8.92,0.29400100218660347,1.7573773312014945e-07,0.9999998034972513,0.09860301731316248
789,12,C_raw_focal_noW,44,0.10998803400002544,2.0,0.75,0.9936305732484076,0.9333333333333333,1.0,0.981004234724743,0.999000999000999,0.9901360544217686,142,1,0,14,157,14,8.92,0.27320667741620314,0.0034951578525486008,0.9960323138222179,0.10151163895149755
789,12,D_raw_focal_W,44,0.10940860000005159,2.0,0.75,0.9936305732484076,0.9333333333333333,1.0,0.981004234724743,0.999000999000999,0.9901360544217686,142,1,0,14,157,14,8.92,0.27320667741620314,0.0034951578525486008,0.9960323138222179,0.10151163895149755
789,12,E_all_ce_noW,47,0.15542521299994405,2.0,0.75,0.9936305732484076,0.9333333333333333,1.0,0.981004234724743,1.0,0.9999999999999998,142,1,0,14,157,14,8.92,0.28589544447847887,8.490458078780767e-08,0.9999990712617125,0.09387027802700472
789,12,F_all_ce_W,47,0.1761183170001459,2.0,0.75,1.0,1.0,1.0,1.0,1.0,1.0,143,0,0,14,157,14,8.92,0.28491820949050517,1.8681218686723564e-07,0.9999997746459038,0.09305371422156514
789,12,G_all_focal_noW,47,0.11543961799998215,2.0,0.75,0.9936305732484076,0.9333333333333333,1.0,0.981004234724743,0.999000999000999,0.9901360544217686,142,1,0,14,157,14,8.92,0.26977722541552224,0.0032886295215098474,0.9943701063884786,0.09955886420055049
789,12,H_all_focal_W,47,0.11566181000011966,2.0,0.75,0.9936305732484076,0.9333333333333333,1.0,0.981004234724743,0.999000999000999,0.9901360544217686,142,1,0,14,157,14,8.92,0.26977722541552224,0.0032886295215098474,0.9943701063884786,0.09955886420055049
789,12,LEGACY_A,44,0.16025007999996888,2.0,0.75,1.0,1.0,1.0,1.0,1.0,1.0,143,0,0,14,157,14,8.92,0.2811181517602714,5.885706032512755e-08,0.9999995720380235,0.0910509605755365
789,13,A_raw_ce_noW,44,0.14182178199985174,2.0,0.75,1.0,1.0,1.0,1.0,1.0,1.0,143,0,0,14,157,14,8.92,0.28466026374941067,7.561065067696373e-08,0.9999989579364695,0.08972568635576811
789,13,B_raw_ce_W,44,0.1576007999999547,2.0,0.75,0.9936305732484076,0.9333333333333333,1.0,0.981004234724743,1.0,0.9999999999999999,142,1,0,14,157,14,8.92,0.29144150999419716,1.885042313461054e-07,0.9999997931812669,0.09529491325578088
789,13,C_raw_focal_noW,44,0.11875419800003328,2.0,0.75,1.0,1.0,1.0,1.0,1.0,0.9999999999999998,143,0,0,14,157,14,8.92,0.2736774926659525,0.003715440851754048,0.9922142781503082,0.10161021380693838
789,13,D_raw_focal_W,44,0.11866864300009183,2.0,0.75,1.0,1.0,1.0,1.0,1.0,0.9999999999999998,143,0,0,14,157,14,8.92,0.2736774926659525,0.003715440851754048,0.9922142781503082,0.10161021380693838
789,13,E_all_ce_noW,47,0.17280559699997866,2.0,0.75,0.9936305732484076,1.0,0.9285714285714286,0.9797393212027359,1.0,0.9999999999999998,143,0,1,13,157,14,8.92,0.27631638744149645,6.866054099223245e-08,0.9999994881610559,0.08505894280714293
789,13,F_all_ce_W,47,0.16698572599989348,2.0,0.75,1.0,1.0,1.0,1.0,1.0,1.0,143,0,0,14,157,14,8.92,0.2813107281016053,1.7800396101919575e-07,0.9999997606605333,0.08795778963420059
789,13,G_all_focal_noW,47,0.1183109279998007,2.0,0.75,0.9936305732484076,1.0,0.9285714285714286,0.9797393212027359,1.0,0.9999999999999998,143,0,1,13,157,14,8.92,0.2673130594431629,0.004823717598874168,0.992555759069556,0.09527176519877571
789,13,H_all_focal_W,47,0.12097222900001725,2.0,0.75,0.9936305732484076,1.0,0.9285714285714286,0.9797393212027359,1.0,0.9999999999999998,143,0,1,13,157,14,8.92,0.2673130594431629,0.004823717598874168,0.992555759069556,0.09527176519877571
789,13,LEGACY_A,44,0.14253884599997946,2.0,0.75,1.0,1.0,1.0,1.0,1.0,0.9999999999999999,143,0,0,14,157,14,8.92,0.28502834095606483,7.749195749824085e-08,0.9999995482120043,0.09074239467562424
789,14,A_raw_ce_noW,44,0.1594856270000946,2.0,0.75,0.9936305732484076,1.0,0.9285714285714286,0.9797393212027359,1.0,0.9999999999999998,143,0,1,13,157,14,8.92,0.27544550096536774,6.487103075602998e-08,0.9999993210004977,0.08297331398757378
789,14,B_raw_ce_W,44,0.1582845709999674,2.0,0.75,0.9936305732484076,1.0,0.9285714285714286,0.9797393212027359,1.0,0.9999999999999998,143,0,1,13,157,14,8.92,0.27550736482701454,1.742690269663656e-07,0.9999997716086355,0.08303864200344399
789,14,C_raw_focal_noW,44,0.11982410999985404,2.0,0.75,0.9936305732484076,1.0,0.9285714285714286,0.9797393212027359,1.0,0.9999999999999998,143,0,1,13,157,14,8.92,0.2651857229364089,0.0032523299409484433,0.992905908442711,0.09034281569387619
789,14,D_raw_focal_W,44,0.11741012399988904,2.0,0.75,0.9936305732484076,1.0,0.9285714285714286,0.9797393212027359,1.0,0.9999999999999998,143,0,1,13,157,14,8.92,0.2651857229364089,0.0032523299409484433,0.992905908442711,0.09034281569387619
789,14,E_all_ce_noW,47,0.16196780800009947,2.0,0.75,0.9936305732484076,1.0,0.9285714285714286,0.9797393212027359,1.0,0.9999999999999999,143,0,1,13,157,14,8.92,0.27552631894420415,5.994570937324581e-08,0.999999179099764,0.08288151070807173
789,14,F_all_ce_W,47,0.1839579559998583,2.0,0.75,0.9936305732484076,1.0,0.9285714285714286,0.9797393212027359,1.0,0.9999999999999998,143,0,1,13,157,14,8.92,0.2755499779198547,1.364035804723767e-07,0.9999997731909748,0.08291054343061392
789,14,G_all_focal_noW,47,0.1422161870000309,2.0,0.75,0.9936305732484076,1.0,0.9285714285714286,0.9797393212027359,1.0,0.9999999999999999,143,0,1,13,157,14,8.92,0.2678390853647242,0.0028943708834241783,0.9943331474970007,0.0911092910638952
789,14,H_all_focal_W,47,0.12095959299995229,2.0,0.75,0.9936305732484076,1.0,0.9285714285714286,0.9797393212027359,1.0,0.9999999999999999,143,0,1,13,157,14,8.92,0.2678390853647242,0.0028943708834241783,0.9943331474970007,0.0911092910638952
789,14,LEGACY_A,44,0.14452411199999915,2.0,0.75,0.9936305732484076,1.0,0.9285714285714286,0.9797393212027359,1.0,0.9999999999999998,143,0,1,13,157,14,8.92,0.27550960021266113,5.580964963159465e-08,0.9999995967554552,0.08315055473402876
789,15,A_raw_ce_noW,44,0.1476227010000457,2.0,0.75,1.0,1.0,1.0,1.0,1.0,0.9999999999999998,143,0,0,13,156,13,8.33,0.27636527318827325,6.422368871270538e-08,0.9999991509522651,0.08336843604503358
789,15,B_raw_ce_W,44,0.18859523000014633,2.0,0.75,1.0,1.0,1.0,1.0,1.0,0.9999999999999998,143,0,0,13,156,13,8.33,0.2763570881773848,1.4765693065473674e-07,0.9999997391554257,0.08341169578345076
789,15,C_raw_focal_noW,44,0.11777828699996462,2.0,0.75,1.0,1.0,1.0,1.0,1.0,1.0,143,0,0,13,156,13,8.33,0.26954847328402837,0.0036605257996697904,0.9943952668852243,0.09395732409516731
789,15,D_raw_focal_W,44,0.1176243100001102,2.0,0.75,1.0,1.0,1.0,1.0,1.0,1.0,143,0,0,13,156,13,8.33,0.26954847328402837,0.0036605257996697904,0.9943952668852243,0.09395732409516731
789,15,E_all_ce_noW,47,0.1621206009999696,2.0,0.75,0.9935897435897436,0.9285714285714286,1.0,0.9797270955165691,0.9994620763851533,0.9945054945054945,142,1,0,13,156,13,8.33,0.284020403602893,6.52886387040456e-08,0.9999991232080065,0.08989348193228221
789,15,F_all_ce_W,47,0.17571278500008702,2.0,0.75,0.9935897435897436,0.9285714285714286,1.0,0.9797270955165691,0.9994620763851534,0.9945054945054945,142,1,0,13,156,13,8.33,0.28585703653919853,1.7878752488276812e-07,0.9999997171052227,0.0919369903624511
789,15,G_all_focal_noW,47,0.11862048600005437,2.0,0.75,0.9935897435897436,0.9285714285714286,1.0,0.9797270955165691,0.9994620763851534,0.9945054945054945,142,1,0,13,156,13,8.33,0.27712177240478925,0.004033908909647931,0.9947345045322075,0.09950042402899928
789,15,H_all_focal_W,47,0.1212941859998864,2.0,0.75,0.9935897435897436,0.9285714285714286,1.0,0.9797270955165691,0.9994620763851534,0.9945054945054945,142,1,0,13,156,13,8.33,0.27712177240478925,0.004033908909647931,0.9947345045322075,0.09950042402899928
789,15,LEGACY_A,44,0.16607922599996527,2.0,0.75,1.0,1.0,1.0,1.0,1.0,0.9999999999999998,143,0,0,13,156,13,8.33,0.2763173841982135,4.980115656361151e-08,0.9999996037381873,0.08342145906344843
789,16,A_raw_ce_noW,44,0.137599709999904,2.0,0.75,0.9936305732484076,1.0,0.9285714285714286,0.9797393212027359,0.9995004995004995,0.9952380952380951,143,0,1,13,157,14,8.92,0.2743746955878833,8.879232643606098e-08,0.9999985868958616,0.08409523805667704
789,16,B_raw_ce_W,44,0.1567418520000956,2.0,0.75,0.9936305732484076,1.0,0.9285714285714286,0.9797393212027359,1.0,0.9999999999999999,143,0,1,13,157,14,8.92,0.27494115393442703,1.612816341229913e-07,0.9999997154860844,0.08368636926841434
789,16,C_raw_focal_noW,44,0.11639580000019123,2.0,0.75,0.9872611464968153,0.9285714285714286,0.9285714285714286,0.9607892107892109,0.9995004995004995,0.9952380952380951,142,1,1,13,157,14,8.92,0.259368822489169,0.003793441516816948,0.993051183401065,0.09281274049234083
789,16,D_raw_focal_W,44,0.1121650170000521,2.0,0.75,0.9872611464968153,0.9285714285714286,0.9285714285714286,0.9607892107892109,0.9995004995004995,0.9952380952380951,142,1,1,13,157,14,8.92,0.259368822489169,0.003793441516816948,0.993051183401065,0.09281274049234083
789,16,E_all_ce_noW,47,0.17348605600000155,2.0,0.75,0.9936305732484076,1.0,0.9285714285714286,0.9797393212027359,0.999000999000999,0.9910714285714286,143,0,1,13,157,14,8.92,0.27352697269575615,9.254031197180501e-08,0.9999989549479386,0.0829099089052747
789,16,F_all_ce_W,47,0.17309836399999767,2.0,0.75,0.9936305732484076,1.0,0.9285714285714286,0.9797393212027359,1.0,0.9999999999999999,143,0,1,13,157,14,8.92,0.275012895696056,1.6015950055326605e-07,0.9999996853719892,0.08456167487731894
789,16,G_all_focal_noW,47,0.1194958690000476,2.0,0.75,0.9936305732484076,1.0,0.9285714285714286,0.9797393212027359,0.9995004995004995,0.9952380952380953,143,0,1,13,157,14,8.92,0.26059062966862284,0.0038329595061303945,0.993194626354952,0.09433879518254021
789,16,H_all_focal_W,47,0.11849325599996519,2.0,0.75,0.9936305732484076,1.0,0.9285714285714286,0.9797393212027359,0.9995004995004995,0.9952380952380953,143,0,1,13,157,14,8.92,0.26059062966862284,0.0038329595061303945,0.993194626354952,0.09433879518254021
789,16,LEGACY_A,44,0.1440348940000149,2.0,0.75,0.9936305732484076,1.0,0.9285714285714286,0.9797393212027359,0.9995004995004995,0.9952380952380951,143,0,1,13,157,14,8.92,0.2743900219915841,5.8405796396149377e-08,0.9999995165536982,0.08370890572322714
789,17,A_raw_ce_noW,44,0.15365462799991292,2.0,0.75,1.0,1.0,1.0,1.0,1.0,0.9999999999999999,143,0,0,14,157,14,8.92,0.2847485788213334,5.12717397297529e-08,0.9999991110588493,0.08909729832018626
789,17,B_raw_ce_W,44,0.15936247099989487,2.0,0.75,1.0,1.0,1.0,1.0,1.0,0.9999999999999999,143,0,0,14,157,14,8.92,0.2848944269839009,1.3174762877398138e-07,0.9999997473786774,0.08914377892381425
789,17,C_raw_focal_noW,44,0.11441082900000765,2.0,0.75,1.0,1.0,1.0,1.0,1.0,1.0,143,0,0,14,157,14,8.92,0.2712931399366455,0.0026194399304378217,0.9935646063600172,0.09212687333106268
789,17,D_raw_focal_W,44,0.11390113999982532,2.0,0.75,1.0,1.0,1.0,1.0,1.0,1.0,143,0,0,14,157,14,8.92,0.2712931399366455,0.0026194399304378217,0.9935646063600172,0.09212687333106268
789,17,E_all_ce_noW,47,0.15709728599995287,2.0,0.75,0.9936305732484076,1.0,0.9285714285714286,0.9797393212027359,1.0,1.0,143,0,1,13,157,14,8.92,0.27525147651262244,6.225187106462946e-08,0.999999521122408,0.08336344259828239
789,17,F_all_ce_W,47,0.1713720509999348,2.0,0.75,1.0,1.0,1.0,1.0,1.0,1.0,143,0,0,14,157,14,8.92,0.2784528184560192,1.4740383936197825e-07,0.9999997940710885,0.0866154389197894
789,17,G_all_focal_noW,47,0.12065208700005314,2.0,0.75,0.9936305732484076,1.0,0.9285714285714286,0.9797393212027359,1.0,0.9999999999999999,143,0,1,13,157,14,8.92,0.2648208953068761,0.0042586275175095,0.9939196931216425,0.08985297204535905
789,17,H_all_focal_W,47,0.12775674899990008,2.0,0.75,0.9936305732484076,1.0,0.9285714285714286,0.9797393212027359,1.0,0.9999999999999999,143,0,1,13,157,14,8.92,0.2648208953068761,0.0042586275175095,0.9939196931216425,0.08985297204535905
789,17,LEGACY_A,44,0.15011052499994548,2.0,0.75,1.0,1.0,1.0,1.0,1.0,0.9999999999999999,143,0,0,14,157,14,8.92,0.2848939000044445,4.080584724487391e-08,0.9999995650771845,0.08914285606005999
789,18,A_raw_ce_noW,44,0.23686004299997876,2.0,0.75,0.9936305732484076,0.9333333333333333,1.0,0.981004234724743,0.999000999000999,0.9901360544217687,142,1,0,14,157,14,8.92,0.292254962623253,6.169090588181647e-08,0.99999892085737,0.09499021628792655
789,18,B_raw_ce_W,44,0.27707212799987246,2.0,0.75,0.9936305732484076,0.9333333333333333,1.0,0.981004234724743,1.0,0.9999999999999999,142,1,0,14,157,14,8.92,0.2926500868101519,1.5075684555223816e-07,0.9999997563271549,0.0951125765076333
789,18,C_raw_focal_noW,44,0.1701840739999625,2.0,0.75,0.9936305732484076,0.9333333333333333,1.0,0.981004234724743,0.999000999000999,0.9901360544217687,142,1,0,14,157,14,8.92,0.27349919731946537,0.0033151634914183785,0.9953323757686425,0.09898683236623582
789,18,D_raw_focal_W,44,0.17167560000007143,2.0,0.75,0.9936305732484076,0.9333333333333333,1.0,0.981004234724743,0.999000999000999,0.9901360544217687,142,1,0,14,157,14,8.92,0.27349919731946537,0.0033151634914183785,0.9953323757686425,0.09898683236623582
789,18,E_all_ce_noW,47,0.2565697840000212,2.0,0.75,0.9936305732484076,0.9333333333333333,1.0,0.981004234724743,0.9995004995004995,0.9952380952380953,142,1,0,14,157,14,8.92,0.2926250166140092,5.041073710640023e-08,0.9999988840905032,0.09510818379000065
789,18,F_all_ce_W,47,0.2837116059999971,2.0,0.75,0.9936305732484076,0.9333333333333333,1.0,0.981004234724743,1.0,1.0,142,1,0,14,157,14,8.92,0.2937297565232291,1.5214210504276563e-07,0.9999995808639095,0.09548291427982143
789,18,G_all_focal_noW,47,0.18780935900008444,2.0,0.75,0.9936305732484076,0.9333333333333333,1.0,0.981004234724743,0.999000999000999,0.9901360544217686,142,1,0,14,157,14,8.92,0.27875639810353714,0.003623532638369141,0.9955560621769267,0.10041043330624601
789,18,H_all_focal_W,47,0.17841719900002317,2.0,0.75,0.9936305732484076,0.9333333333333333,1.0,0.981004234724743,0.999000999000999,0.9901360544217686,142,1,0,14,157,14,8.92,0.27875639810353714,0.003623532638369141,0.9955560621769267,0.10041043330624601
789,18,LEGACY_A,44,0.22669223100001545,2.0,0.75,0.9936305732484076,0.9333333333333333,1.0,0.981004234724743,1.0,1.0,142,1,0,14,157,14,8.92,0.2866775886826941,4.8338071440454676e-08,0.999999547779626,0.09246664915050966
789,19,A_raw_ce_noW,44,0.22522063299993533,2.0,0.75,0.9872611464968153,1.0,0.8571428571428571,0.9580662393162394,0.9845154845154845,0.9507936507936507,143,0,2,12,157,14,8.92,0.2656334810805011,8.33351763779082e-08,0.999999007774713,0.07652565354682851
789,19,B_raw_ce_W,44,0.23983222699985163,2.0,0.75,0.9872611464968153,1.0,0.8571428571428571,0.9580662393162394,0.9880119880119881,0.9548872180451127,143,0,2,12,157,14,8.92,0.265660089766809,1.7046092693869856e-07,0.9999997751143022,0.07652045707692344
789,19,C_raw_focal_noW,44,0.1662394929999209,2.0,0.75,0.9872611464968153,1.0,0.8571428571428571,0.9580662393162394,0.9490509490509491,0.9278195488721803,143,0,2,12,157,14,8.92,0.2570313981254389,0.00521571995928419,0.9931782644508967,0.08717795560526326
789,19,D_raw_focal_W,44,0.17119095199996082,2.0,0.75,0.9872611464968153,1.0,0.8571428571428571,0.9580662393162394,0.9490509490509491,0.9278195488721803,143,0,2,12,157,14,8.92,0.2570313981254389,0.00521571995928419,0.9931782644508967,0.08717795560526326
789,19,E_all_ce_noW,47,0.26682206600003155,2.0,0.75,0.9872611464968153,1.0,0.8571428571428571,0.9580662393162394,0.9960039960039959,0.974025974025974,143,0,2,12,157,14,8.92,0.26549653654898697,8.015437662266376e-08,0.9999988649792217,0.07741430634431018
789,19,F_all_ce_W,47,0.26736622099997476,2.0,0.75,0.9872611464968153,1.0,0.8571428571428571,0.9580662393162394,0.9935064935064936,0.9568452380952381,143,0,2,12,157,14,8.92,0.26558000988880126,1.9581822458188435e-07,0.9999996937480954,0.07726871595116497
789,19,G_all_focal_noW,47,0.2058637599998292,2.0,0.75,0.9872611464968153,1.0,0.8571428571428571,0.9580662393162394,0.99000999000999,0.9502976190476189,143,0,2,12,157,14,8.92,0.2579302446374915,0.004515148577888965,0.992185578248674,0.08873387145638174
789,19,H_all_focal_W,47,0.20139078300007895,2.0,0.75,0.9872611464968153,1.0,0.8571428571428571,0.9580662393162394,0.99000999000999,0.9502976190476189,143,0,2,12,157,14,8.92,0.2579302446374915,0.004515148577888965,0.992185578248674,0.08873387145638174
789,19,LEGACY_A,44,0.16404328199996598,2.0,0.75,0.9872611464968153,1.0,0.8571428571428571,0.9580662393162394,0.9935064935064936,0.9656084656084656,143,0,2,12,157,14,8.92,0.26560680523011626,6.222110825503203e-08,0.9999995613659959,0.0768918172458979
789,20,A_raw_ce_noW,44,0.14646993200017278,2.0,0.75,0.9935897435897436,1.0,0.9230769230769231,0.9782578397212544,1.0,0.9999999999999998,143,0,1,12,156,13,8.33,0.26635461458565496,6.072756288815164e-08,0.9999992363585822,0.07744570110512483
789,20,B_raw_ce_W,44,0.15412328499996875,2.0,0.75,0.9935897435897436,1.0,0.9230769230769231,0.9782578397212544,1.0,0.9999999999999998,143,0,1,12,156,13,8.33,0.26744262844576194,1.7636654636533296e-07,0.99999976197821,0.0796052222026799
789,20,C_raw_focal_noW,44,0.11436327100000199,2.0,0.75,0.9935897435897436,1.0,0.9230769230769231,0.9782578397212544,1.0,1.0,143,0,1,12,156,13,8.33,0.25954249996281503,0.003195365784392536,0.9954514226457131,0.09257185857525844
789,20,D_raw_focal_W,44,0.11738750199992865,2.0,0.75,0.9935897435897436,1.0,0.9230769230769231,0.9782578397212544,1.0,1.0,143,0,1,12,156,13,8.33,0.25954249996281503,0.003195365784392536,0.9954514226457131,0.09257185857525844
789,20,E_all_ce_noW,47,0.16250988999991023,2.0,0.75,0.9871794871794872,0.9230769230769231,0.9230769230769231,0.9580419580419581,0.9994620763851533,0.9945054945054943,142,1,1,12,156,13,8.33,0.2725973347943458,6.005837135568858e-08,0.9999993249308724,0.08302290527214187
789,20,F_all_ce_W,47,0.18399631200009026,2.0,0.75,0.9935897435897436,0.9285714285714286,1.0,0.9797270955165691,0.9994620763851534,0.9945054945054943,142,1,0,13,156,13,8.33,0.277663848965421,1.8690394313974325e-07,0.9999998025035258,0.08725609802090951
789,20,G_all_focal_noW,47,0.12668845499979398,2.0,0.75,0.9871794871794872,0.9230769230769231,0.9230769230769231,0.9580419580419581,0.9994620763851533,0.9945054945054943,142,1,1,12,156,13,8.33,0.26463626258972733,0.003503247782822784,0.9952693625750364,0.09587094497757895
789,20,H_all_focal_W,47,0.12018301800003428,2.0,0.75,0.9871794871794872,0.9230769230769231,0.9230769230769231,0.9580419580419581,0.9994620763851533,0.9945054945054943,142,1,1,12,156,13,8.33,0.26463626258972733,0.003503247782822784,0.9952693625750364,0.09587094497757895
789,20,LEGACY_A,44,0.15943311599994558,2.0,0.75,1.0,1.0,1.0,1.0,1.0,0.9999999999999998,143,0,0,13,156,13,8.33,0.27196699763325877,4.8001955882182324e-08,0.9999996302830724,0.08252312911569541
789,21,A_raw_ce_noW,44,0.1409395030000269,2.0,0.75,0.9936305732484076,1.0,0.9285714285714286,0.9797393212027359,0.9895104895104895,0.9571428571428571,143,0,1,13,157,14,8.92,0.2690093274172692,6.038972043269048e-08,0.9999982428525498,0.0809960175410933
789,21,B_raw_ce_W,44,0.1660862819999238,2.0,0.75,0.9936305732484076,1.0,0.9285714285714286,0.9797393212027359,0.9895104895104895,0.9571428571428571,143,0,1,13,157,14,8.92,0.2713743723341064,1.3789225310282543e-07,0.9999995570587904,0.08156254576429266
789,21,C_raw_focal_noW,44,0.1126490950000516,2.0,0.75,0.9872611464968153,1.0,0.8571428571428571,0.9580662393162394,0.9945054945054945,0.9685714285714285,143,0,2,12,157,14,8.92,0.25895707605048673,0.004164005694791723,0.9946179751078943,0.09012161126858138
789,21,D_raw_focal_W,44,0.12039257200012798,2.0,0.75,0.9872611464968153,1.0,0.8571428571428571,0.9580662393162394,0.9945054945054945,0.9685714285714285,143,0,2,12,157,14,8.92,0.25895707605048673,0.004164005694791723,0.9946179751078943,0.09012161126858138
789,21,E_all_ce_noW,47,0.15481591899992964,2.0,0.75,0.9936305732484076,1.0,0.9285714285714286,0.9797393212027359,0.9965034965034966,0.976190476190476,143,0,1,13,157,14,8.92,0.2707940864836041,7.229937751635587e-08,0.9999988309976094,0.08122810350572277
789,21,F_all_ce_W,47,0.1745412039999792,2.0,0.75,0.9936305732484076,1.0,0.9285714285714286,0.9797393212027359,0.9955044955044955,0.9720496894409936,143,0,1,13,157,14,8.92,0.27483213739656825,1.5421653560829382e-07,0.9999997523476074,0.08279545141814738
789,21,G_all_focal_noW,47,0.11987402800014024,2.0,0.75,0.9872611464968153,1.0,0.8571428571428571,0.9580662393162394,0.9965034965034966,0.976190476190476,143,0,2,12,157,14,8.92,0.25857021664727137,0.00446617930710083,0.9930571605464807,0.08892961942505413
789,21,H_all_focal_W,47,0.11538653899992823,2.0,0.75,0.9872611464968153,1.0,0.8571428571428571,0.9580662393162394,0.9965034965034966,0.976190476190476,143,0,2,12,157,14,8.92,0.25857021664727137,0.00446617930710083,0.9930571605464807,0.08892961942505413
789,21,LEGACY_A,44,0.16328981099991324,2.0,0.75,0.9936305732484076,1.0,0.9285714285714286,0.9797393212027359,0.99000999000999,0.9579831932773109,143,0,1,13,157,14,8.92,0.2750770679656759,3.568355091782404e-08,0.999999572131787,0.08298217040806781
789,22,A_raw_ce_noW,44,0.13167193100002805,2.0,0.75,0.9872611464968153,1.0,0.8571428571428571,0.9580662393162394,0.904095904095904,0.8748112099345526,143,0,2,12,157,14,8.92,0.2655426471711394,6.146853372040187e-08,0.9999992350902196,0.07707710903810758
789,22,B_raw_ce_W,44,0.1429173559999981,2.0,0.75,0.9872611464968153,1.0,0.8571428571428571,0.9580662393162394,0.891108891108891,0.8728824863278644,143,0,2,12,157,14,8.92,0.2656621225224562,1.3897692038639903e-07,0.9999998331837904,0.07790264867424661
789,22,C_raw_focal_noW,44,0.10524979399997392,2.0,0.75,0.9872611464968153,1.0,0.8571428571428571,0.9580662393162394,0.9215784215784215,0.8781442809682011,143,0,2,12,157,14,8.92,0.25871837531030145,0.0045420803716991805,0.9936512823915298,0.0864068955249509
789,22,D_raw_focal_W,44,0.10275155999988783,2.0,0.75,0.9872611464968153,1.0,0.8571428571428571,0.9580662393162394,0.9215784215784215,0.8781442809682011,143,0,2,12,157,14,8.92,0.25871837531030145,0.0045420803716991805,0.9936512823915298,0.0864068955249509
789,22,E_all_ce_noW,47,0.16224025499991512,2.0,0.75,0.9872611464968153,1.0,0.8571428571428571,0.9580662393162394,0.9345654345654346,0.881627719580983,143,0,2,12,157,14,8.92,0.2664297031566937,4.9428600850049473e-08,0.9999991732442973,0.07928859820836358
789,22,F_all_ce_W,47,0.15939047400001982,2.0,0.75,0.9872611464968153,1.0,0.8571428571428571,0.9580662393162394,0.897102897102897,0.8737144968852284,143,0,2,12,157,14,8.92,0.2664631972175298,1.542213262122628e-07,0.9999997666027868,0.07993574066830447
789,22,G_all_focal_noW,47,0.12286378299995704,2.0,0.75,0.9872611464968153,1.0,0.8571428571428571,0.9580662393162394,0.864135864135864,0.8700388831331618,143,0,2,12,157,14,8.92,0.26021724312925776,0.004591518040263461,0.9927379604974155,0.08875076251487594
789,22,H_all_focal_W,47,0.10629899700006717,2.0,0.75,0.9872611464968153,1.0,0.8571428571428571,0.9580662393162394,0.864135864135864,0.8700388831331618,143,0,2,12,157,14,8.92,0.26021724312925776,0.004591518040263461,0.9927379604974155,0.08875076251487594
789,22,LEGACY_A,44,0.13562172900014957,2.0,0.75,0.9872611464968153,1.0,0.8571428571428571,0.9580662393162394,0.9535464535464535,0.8892747985551541,143,0,2,12,157,14,8.92,0.26565992200212196,4.397459643160711e-08,0.9999995221419652,0.07824588888917189
789,23,A_raw_ce_noW,44,0.15963214699991113,2.0,0.75,1.0,1.0,1.0,1.0,1.0,0.9999999999999999,143,0,0,14,157,14,8.92,0.2840272974053214,6.431530390546475e-08,0.9999993244306727,0.09064539550731571
789,23,B_raw_ce_W,44,0.15284488099996452,2.0,0.75,1.0,1.0,1.0,1.0,1.0,0.9999999999999999,143,0,0,14,157,14,8.92,0.28631553493798756,1.325455527732173e-07,0.9999997744973954,0.09368775832062005
789,23,C_raw_focal_noW,44,0.11312497200015059,2.0,0.75,1.0,1.0,1.0,1.0,1.0,1.0,143,0,0,14,157,14,8.92,0.2739018877076177,0.0026997145626071147,0.9966917416407164,0.10128677161512013
789,23,D_raw_focal_W,44,0.1144406280000112,2.0,0.75,1.0,1.0,1.0,1.0,1.0,1.0,143,0,0,14,157,14,8.92,0.2739018877076177,0.0026997145626071147,0.9966917416407164,0.10128677161512013
789,23,E_all_ce_noW,47,0.15999439500001245,2.0,0.75,1.0,1.0,1.0,1.0,0.9999999999999999,1.0,143,0,0,14,157,14,8.92,0.28469101152184434,6.782076520862448e-08,0.9999992818780875,0.09033509974722627
789,23,F_all_ce_W,47,0.1781634330000088,2.0,0.75,1.0,1.0,1.0,1.0,1.0,0.9999999999999999,143,0,0,14,157,14,8.92,0.28490023749509114,1.6552191284253522e-07,0.999999771835011,0.090296739701176
789,23,G_all_focal_noW,47,0.12052772499987441,2.0,0.75,1.0,1.0,1.0,1.0,1.0,1.0,143,0,0,14,157,14,8.92,0.2738272925381409,0.0030269204560309953,0.9943051260134333,0.10031401094899081
789,23,H_all_focal_W,47,0.13743418299986843,2.0,0.75,1.0,1.0,1.0,1.0,1.0,1.0,143,0,0,14,157,14,8.92,0.2738272925381409,0.0030269204560309953,0.9943051260134333,0.10031401094899081
789,23,LEGACY_A,44,0.1443015549998563,2.0,0.75,1.0,1.0,1.0,1.0,1.0,0.9999999999999999,143,0,0,14,157,14,8.92,0.284953799183436,5.355201166244681e-08,0.9999995980812458,0.09125668734366961
789,24,A_raw_ce_noW,44,0.13988649299994904,2.0,0.75,0.9681528662420382,1.0,0.6428571428571429,0.8827132825339907,0.9925074925074925,0.9355867346938775,143,0,5,9,157,14,8.92,0.23226455138288604,6.429586967136092e-08,0.9999988938774054,0.057592511762766294
789,24,B_raw_ce_W,44,0.15317495699991923,2.0,0.75,0.9681528662420382,1.0,0.6428571428571429,0.8827132825339907,0.9915084915084915,0.9281984723714045,143,0,5,9,157,14,8.92,0.23335465644337627,1.2805747919260575e-07,0.9999997040910268,0.0601548413126888
789,24,C_raw_focal_noW,44,0.1027608289998625,2.0,0.75,0.9681528662420382,1.0,0.6428571428571429,0.8827132825339907,0.9945054945054945,0.9480841579055863,143,0,5,9,157,14,8.92,0.22495521624937642,0.004185641578166425,0.9940965412292967,0.07292560366698891
789,24,D_raw_focal_W,44,0.11910771900011241,2.0,0.75,0.9681528662420382,1.0,0.6428571428571429,0.8827132825339907,0.9945054945054945,0.9480841579055863,143,0,5,9,157,14,8.92,0.22495521624937642,0.004185641578166425,0.9940965412292967,0.07292560366698891
789,24,E_all_ce_noW,47,0.17246439299992744,2.0,0.75,0.9617834394904459,0.9,0.6428571428571429,0.8646551724137931,0.9925074925074925,0.9292375283446711,142,1,5,9,157,14,8.92,0.2391393535570574,5.398002188753345e-08,0.9999994063683,0.06331222280186505
789,24,F_all_ce_W,47,0.18524778500000139,2.0,0.75,0.9681528662420382,0.9090909090909091,0.7142857142857143,0.8913494809688581,0.9935064935064936,0.9379167576121357,142,1,4,10,157,14,8.92,0.24610855230784645,1.3426125373468422e-07,0.9999997633969355,0.0675218448577422
789,24,G_all_focal_noW,47,0.10415056600004391,2.0,0.75,0.9617834394904459,0.9,0.6428571428571429,0.8646551724137931,0.993006993006993,0.9325055022008804,142,1,5,9,157,14,8.92,0.2284944097222266,0.004638404970069288,0.9947105500790411,0.07543299197254093
789,24,H_all_focal_W,47,0.11027938400002313,2.0,0.75,0.9617834394904459,0.9,0.6428571428571429,0.8646551724137931,0.993006993006993,0.9325055022008804,142,1,5,9,157,14,8.92,0.2284944097222266,0.004638404970069288,0.9947105500790411,0.07543299197254093
789,24,LEGACY_A,44,0.13444526700004644,2.0,0.75,0.9681528662420382,1.0,0.6428571428571429,0.8827132825339907,0.994005994005994,0.9487262737262736,143,0,5,9,157,14,8.92,0.232375560512691,6.235909598236608e-08,0.9999994882290019,0.05929578815260416
789,25,A_raw_ce_noW,44,0.1390954859998601,2.0,0.75,0.9871794871794872,0.9230769230769231,0.9230769230769231,0.9580419580419581,0.9989241527703067,0.9897435897435898,142,1,1,12,156,13,8.33,0.27677596498021023,7.392300959061523e-08,0.9999989036466695,0.085396123021287
789,25,B_raw_ce_W,44,0.15542449000008673,2.0,0.75,0.9807692307692307,0.8571428571428571,0.9230769230769231,0.9391812865497076,0.9989241527703067,0.9897435897435896,141,2,1,12,156,13,8.33,0.2790129300380644,1.6977131147793446e-07,0.9999997627724276,0.08762879750897956
789,25,C_raw_focal_noW,44,0.10554653700000927,2.0,0.75,0.9807692307692307,0.8571428571428571,0.9230769230769231,0.9391812865497076,0.9989241527703067,0.9897435897435898,141,2,1,12,156,13,8.33,0.27313126466775783,0.004980537068658885,0.9930374256244714,0.09876403259172352
789,25,D_raw_focal_W,44,0.10691386099983902,2.0,0.75,0.9807692307692307,0.8571428571428571,0.9230769230769231,0.9391812865497076,0.9989241527703067,0.9897435897435898,141,2,1,12,156,13,8.33,0.27313126466775783,0.004980537068658885,0.9930374256244714,0.09876403259172352
789,25,E_all_ce_noW,47,0.1572654460001104,2.0,0.75,0.9871794871794872,0.9230769230769231,0.9230769230769231,0.9580419580419581,0.9989241527703066,0.9897435897435898,142,1,1,12,156,13,8.33,0.27638611987614164,7.67082692246595e-08,0.9999989699852512,0.08449882068142779
789,25,F_all_ce_W,47,0.1896022969999649,2.0,0.75,0.9871794871794872,0.9230769230769231,0.9230769230769231,0.9580419580419581,0.9983862291554599,0.9855769230769229,142,1,1,12,156,13,8.33,0.2762838862344192,1.2432891490308835e-07,0.9999997972203956,0.0841528323476695
789,25,G_all_focal_noW,47,0.12234332800017,2.0,0.75,0.9807692307692307,0.8571428571428571,0.9230769230769231,0.9391812865497076,0.9989241527703067,0.9897435897435898,141,2,1,12,156,13,8.33,0.2723200895502343,0.004230503815689094,0.993269562447474,0.09647337954787345
789,25,H_all_focal_W,47,0.12079275800010691,2.0,0.75,0.9807692307692307,0.8571428571428571,0.9230769230769231,0.9391812865497076,0.9989241527703067,0.9897435897435898,141,2,1,12,156,13,8.33,0.2723200895502343,0.004230503815689094,0.993269562447474,0.09647337954787345
789,25,LEGACY_A,44,0.16356546799988791,2.0,0.75,0.9807692307692307,0.8571428571428571,0.9230769230769231,0.9391812865497076,0.9989241527703067,0.9897435897435896,141,2,1,12,156,13,8.33,0.2844960464321313,5.7074091127330993e-08,0.9999995790113698,0.09108098750254201
1024,1,A_raw_ce_noW,44,0.2315902670000014,2.0,0.75,1.0,1.0,1.0,1.0,1.0,0.9999999999999999,143,0,0,14,157,14,8.92,0.2847294811395632,6.28179467703309e-08,0.9999993062792037,0.08909428722998332
1024,1,B_raw_ce_W,44,0.2421400129999256,2.0,0.75,1.0,1.0,1.0,1.0,1.0,1.0,143,0,0,14,157,14,8.92,0.2849582168080473,1.6377865559465534e-07,0.9999998129176663,0.08917160143192436
1024,1,C_raw_focal_noW,44,0.1733645560000241,2.0,0.75,1.0,1.0,1.0,1.0,1.0,1.0,143,0,0,14,157,14,8.92,0.27297898850244645,0.004224426660197591,0.9950160706934128,0.0962220707296319
1024,1,D_raw_focal_W,44,0.16928686899996137,2.0,0.75,1.0,1.0,1.0,1.0,1.0,1.0,143,0,0,14,157,14,8.92,0.27297898850244645,0.004224426660197591,0.9950160706934128,0.0962220707296319
1024,1,E_all_ce_noW,47,0.2659946920000493,2.0,0.75,1.0,1.0,1.0,1.0,1.0,0.9999999999999999,143,0,0,14,157,14,8.92,0.28066216452324627,5.154636003993909e-08,0.9999989689926618,0.087639285007092
1024,1,F_all_ce_W,47,0.30124103499997545,2.0,0.75,1.0,1.0,1.0,1.0,1.0,0.9999999999999999,143,0,0,14,157,14,8.92,0.28486021947450935,1.5835026971765947e-07,0.9999995295052739,0.08914787741612952
1024,1,G_all_focal_noW,47,0.18407107100006215,2.0,0.75,1.0,1.0,1.0,1.0,1.0,1.0,143,0,0,14,157,14,8.92,0.27238893820156157,0.003595593061047815,0.9934210053011892,0.09550977652894951
1024,1,H_all_focal_W,47,0.19101609900008043,2.0,0.75,1.0,1.0,1.0,1.0,1.0,1.0,143,0,0,14,157,14,8.92,0.27238893820156157,0.003595593061047815,0.9934210053011892,0.09550977652894951
1024,1,LEGACY_A,44,0.2299999949998437,2.0,0.75,1.0,1.0,1.0,1.0,1.0,0.9999999999999999,143,0,0,14,157,14,8.92,0.28494532841522,4.8152691803036546e-08,0.9999995619740776,0.08916609594658328
1024,2,A_raw_ce_noW,44,0.21177116400008344,2.0,0.75,0.9872611464968153,1.0,0.8571428571428571,0.9580662393162394,0.9155844155844156,0.8768362340238317,143,0,2,12,157,14,8.92,0.2656759617285601,6.413808665763503e-08,0.9999987434216369,0.07644213540123869
1024,2,B_raw_ce_W,44,0.23529824199999894,2.0,0.75,0.9872611464968153,1.0,0.8571428571428571,0.9580662393162394,0.9480519480519481,0.8866510538641685,143,0,2,12,157,14,8.92,0.2656792997072141,1.7278775349157494e-07,0.9999997284329429,0.07646073466457178
1024,2,C_raw_focal_noW,44,0.18407951099993625,2.0,0.75,0.9872611464968153,1.0,0.8571428571428571,0.9580662393162394,0.8806193806193805,0.8716636271529887,143,0,2,12,157,14,8.92,0.2585346060590765,0.004214349152752941,0.9928071007590454,0.08528905977119895
1024,2,D_raw_focal_W,44,0.16788843399990583,2.0,0.75,0.9872611464968153,1.0,0.8571428571428571,0.9580662393162394,0.8806193806193805,0.8716636271529887,143,0,2,12,157,14,8.92,0.2585346060590765,0.004214349152752941,0.9928071007590454,0.08528905977119895
1024,2,E_all_ce_noW,47,0.24073949000012362,2.0,0.75,0.9872611464968153,1.0,0.8571428571428571,0.9580662393162394,0.9605394605394605,0.8935185185185185,143,0,2,12,157,14,8.92,0.2656718966561311,6.504355784124938e-08,0.9999983782437265,0.07643984711663725
1024,2,F_all_ce_W,47,0.2672639689999414,2.0,0.75,0.9872611464968153,1.0,0.8571428571428571,0.9580662393162394,0.9595404595404595,0.8931547619047618,143,0,2,12,157,14,8.92,0.265680289933926,1.569465829995245e-07,0.9999996838718397,0.0764543879649706
1024,2,G_all_focal_noW,47,0.17161287599992647,2.0,0.75,0.9872611464968153,1.0,0.8571428571428571,0.9580662393162394,0.9105894105894106,0.8758618832148243,143,0,2,12,157,14,8.92,0.2586118578334059,0.004567615333110293,0.9927883434548027,0.08436403557766028
1024,2,H_all_focal_W,47,0.10346992299992053,2.0,0.75,0.9872611464968153,1.0,0.8571428571428571,0.9580662393162394,0.9105894105894106,0.8758618832148243,143,0,2,12,157,14,8.92,0.2586118578334059,0.004567615333110293,0.9927883434548027,0.08436403557766028
1024,2,LEGACY_A,44,0.13137367599983918,2.0,0.75,0.9872611464968153,1.0,0.8571428571428571,0.9580662393162394,0.9340659340659341,0.8813973482963029,143,0,2,12,157,14,8.92,0.265667020473953,5.4956713003367245e-08,0.9999995148771512,0.07651503162705275
1024,3,A_raw_ce_noW,44,0.14685384599988538,2.0,0.75,1.0,1.0,1.0,1.0,1.0,0.9999999999999999,143,0,0,14,157,14,8.92,0.28493382513278526,5.1866660359506996e-08,0.9999989704462388,0.0891625953752241
1024,3,B_raw_ce_W,44,0.16236199500008297,2.0,0.75,1.0,1.0,1.0,1.0,1.0,0.9999999999999999,143,0,0,14,157,14,8.92,0.2849525658355892,1.4415081015349783e-07,0.9999996477899616,0.08918937608761396
1024,3,C_raw_focal_noW,44,0.11854393199996593,2.0,0.75,1.0,1.0,1.0,1.0,1.0,0.9999999999999998,143,0,0,14,157,14,8.92,0.27554730159814617,0.003068300335961845,0.9947132539247783,0.09788368578438274
1024,3,D_raw_focal_W,44,0.1134561350002059,2.0,0.75,1.0,1.0,1.0,1.0,1.0,0.9999999999999998,143,0,0,14,157,14,8.92,0.27554730159814617,0.003068300335961845,0.9947132539247783,0.09788368578438274
1024,3,E_all_ce_noW,47,0.16057181299993317,2.0,0.75,1.0,1.0,1.0,1.0,1.0,1.0,143,0,0,14,157,14,8.92,0.2838013492592947,3.9714341100759135e-08,0.9999988554687828,0.08886335287538452
1024,3,F_all_ce_W,47,0.19535722099999475,2.0,0.75,1.0,1.0,1.0,1.0,1.0,1.0,143,0,0,14,157,14,8.92,0.28366157088327076,1.4051470945989168e-07,0.9999996183271194,0.08915164249629
1024,3,G_all_focal_noW,47,0.11941404600020178,2.0,0.75,1.0,1.0,1.0,1.0,1.0,1.0,143,0,0,14,157,14,8.92,0.2751865969003242,0.002952867070060044,0.9944051508651542,0.09913939890708169
1024,3,H_all_focal_W,47,0.1285677640000813,2.0,0.75,1.0,1.0,1.0,1.0,1.0,1.0,143,0,0,14,157,14,8.92,0.2751865969003242,0.002952867070060044,0.9944051508651542,0.09913939890708169
1024,3,LEGACY_A,44,0.14427606499998546,2.0,0.75,1.0,1.0,1.0,1.0,1.0,1.0,143,0,0,14,157,14,8.92,0.2849648456968482,4.951078557751996e-08,0.9999995736562187,0.08918167837190313
1024,4,A_raw_ce_noW,44,0.13203945000009298,2.0,0.75,0.9808917197452229,0.8666666666666667,0.9285714285714286,0.9430127041742287,0.994005994005994,0.9570313744226786,141,2,1,13,157,14,8.92,0.2808658266893303,9.339097170771287e-08,0.9999990605929535,0.09142925645112833
1024,4,B_raw_ce_W,44,0.16657246700015094,2.0,0.75,0.9808917197452229,0.8666666666666667,0.9285714285714286,0.9430127041742287,0.9945054945054945,0.9625258799171841,141,2,1,13,157,14,8.92,0.2904884728001627,1.4340627448599335e-07,0.9999997048067891,0.09562162636584597
1024,4,C_raw_focal_noW,44,0.11754850700003772,2.0,0.75,0.9745222929936306,0.8125,0.9285714285714286,0.9262910798122066,0.994005994005994,0.9509835402692545,140,3,1,13,157,14,8.92,0.26540515357839994,0.00570218736416264,0.991977867128607,0.10417496909775731
1024,4,D_raw_focal_W,44,0.11684514700004911,2.0,0.75,0.9745222929936306,0.8125,0.9285714285714286,0.9262910798122066,0.994005994005994,0.9509835402692545,140,3,1,13,157,14,8.92,0.26540515357839994,0.00570218736416264,0.991977867128607,0.10417496909775731
1024,4,E_all_ce_noW,47,0.1473042479999549,2.0,0.75,0.9872611464968153,0.9285714285714286,0.9285714285714286,0.9607892107892109,0.997002997002997,0.9785714285714284,142,1,1,13,157,14,8.92,0.27716777079190147,1.1338830386555606e-07,0.9999991058006297,0.08866043862908966
1024,4,F_all_ce_W,47,0.1708216629999697,2.0,0.75,0.9808917197452229,0.8666666666666667,0.9285714285714286,0.9430127041742287,0.9960039960039959,0.9710884353741496,141,2,1,13,157,14,8.92,0.28498227653758806,1.7361236700607906e-07,0.9999997198779705,0.09306266611695627
1024,4,G_all_focal_noW,47,0.1029438380001011,2.0,0.75,0.9745222929936306,0.8125,0.9285714285714286,0.9262910798122066,0.9965034965034965,0.9706064612079648,140,3,1,13,157,14,8.92,0.2641575451961922,0.006737190738458179,0.9921663825762191,0.10251617059609636
1024,4,H_all_focal_W,47,0.10409066600004735,2.0,0.75,0.9745222929936306,0.8125,0.9285714285714286,0.9262910798122066,0.9965034965034965,0.9706064612079648,140,3,1,13,157,14,8.92,0.2641575451961922,0.006737190738458179,0.9921663825762191,0.10251617059609636
1024,4,LEGACY_A,44,0.16069012000002658,2.0,0.75,0.9808917197452229,0.8666666666666667,0.9285714285714286,0.9430127041742287,0.994005994005994,0.9570313744226786,141,2,1,13,157,14,8.92,0.2921381937967937,5.657374291725623e-08,0.9999995681189442,0.0952091268874908
1024,5,A_raw_ce_noW,44,0.14239232199997787,2.0,0.75,0.9935897435897436,1.0,0.9230769230769231,0.9782578397212544,0.9983862291554599,0.9855769230769229,143,0,1,12,156,13,8.33,0.2653826797469967,7.47257182858774e-08,0.9999992769811396,0.07700229696268941
1024,5,B_raw_ce_W,44,0.15638476599997375,2.0,0.75,0.9935897435897436,1.0,0.9230769230769231,0.9782578397212544,1.0,0.9999999999999998,143,0,1,12,156,13,8.33,0.26579922471850165,1.4932433854646937e-07,0.9999997580082362,0.07928949575670455
1024,5,C_raw_focal_noW,44,0.11275950399999601,2.0,0.75,0.9935897435897436,1.0,0.9230769230769231,0.9782578397212544,0.9994620763851533,0.9945054945054945,143,0,1,12,156,13,8.33,0.24975505425092842,0.003357008925661882,0.9947434362651115,0.08539945066932662
1024,5,D_raw_focal_W,44,0.12257122300002266,2.0,0.75,0.9935897435897436,1.0,0.9230769230769231,0.9782578397212544,0.9994620763851533,0.9945054945054945,143,0,1,12,156,13,8.33,0.24975505425092842,0.003357008925661882,0.9947434362651115,0.08539945066932662
1024,5,E_all_ce_noW,47,0.17020917700006066,2.0,0.75,0.9935897435897436,1.0,0.9230769230769231,0.9782578397212544,1.0,1.0,143,0,1,12,156,13,8.33,0.256813885716139,1.375685562586838e-07,0.9999989783090306,0.07675476128088829
1024,5,F_all_ce_W,47,0.1705077619999429,2.0,0.75,0.9935897435897436,0.9285714285714286,1.0,0.9797270955165691,0.9989241527703067,0.9885883347421809,142,1,0,13,156,13,8.33,0.26616608606203856,2.1345384997405473e-07,0.9999997452967881,0.08400347484212137
1024,5,G_all_focal_noW,47,0.112601068999993,2.0,0.75,0.9807692307692307,0.9166666666666666,0.8461538461538461,0.9347735191637631,0.9989241527703066,0.9885883347421809,142,1,2,11,156,13,8.33,0.2502080918389881,0.0044853728013244856,0.9932628516853077,0.0889528695703737
1024,5,H_all_focal_W,47,0.11394747100007407,2.0,0.75,0.9807692307692307,0.9166666666666666,0.8461538461538461,0.9347735191637631,0.9989241527703066,0.9885883347421809,142,1,2,11,156,13,8.33,0.2502080918389881,0.0044853728013244856,0.9932628516853077,0.0889528695703737
1024,5,LEGACY_A,44,0.14227651700002752,2.0,0.75,0.9935897435897436,1.0,0.9230769230769231,0.9782578397212544,1.0,0.9999999999999998,143,0,1,12,156,13,8.33,0.26378201493375947,5.464457704998973e-08,0.9999995165682135,0.07846928684216851
1024,6,A_raw_ce_noW,44,0.1569960199999514,2.0,0.75,0.9936305732484076,1.0,0.9285714285714286,0.9797393212027359,1.0,0.9999999999999998,143,0,1,13,157,14,8.92,0.26820381137236937,4.9514309713590356e-08,0.999999264262881,0.08054026535161017
1024,6,B_raw_ce_W,44,0.15697676700006014,2.0,0.75,0.9936305732484076,1.0,0.9285714285714286,0.9797393212027359,1.0,0.9999999999999998,143,0,1,13,157,14,8.92,0.2711699326949079,1.4534473801386695e-07,0.9999997900242209,0.08253668141557095
1024,6,C_raw_focal_noW,44,0.1184687350000786,2.0,0.75,0.9872611464968153,1.0,0.8571428571428571,0.9580662393162394,1.0,0.9999999999999998,143,0,2,12,157,14,8.92,0.2606586433541776,0.002639140057839386,0.9946860879351099,0.08904332976812498
1024,6,D_raw_focal_W,44,0.13567881900007706,2.0,0.75,0.9872611464968153,1.0,0.8571428571428571,0.9580662393162394,1.0,0.9999999999999998,143,0,2,12,157,14,8.92,0.2606586433541776,0.002639140057839386,0.9946860879351099,0.08904332976812498
1024,6,E_all_ce_noW,47,0.15831030999993345,2.0,0.75,0.9872611464968153,1.0,0.8571428571428571,0.9580662393162394,1.0,0.9999999999999998,143,0,2,12,157,14,8.92,0.26695092488613414,5.175390825577598e-08,0.9999992320919818,0.07953369827804571
1024,6,F_all_ce_W,47,0.1733015110000906,2.0,0.75,0.9936305732484076,1.0,0.9285714285714286,0.9797393212027359,1.0,0.9999999999999999,143,0,1,13,157,14,8.92,0.2690418897574075,1.4643380912952234e-07,0.9999997692338314,0.08160245467154506
1024,6,G_all_focal_noW,47,0.140749082000184,2.0,0.75,1.0,1.0,1.0,1.0,1.0,0.9999999999999999,143,0,0,14,157,14,8.92,0.26472480823844907,0.004083030589231649,0.9944735325536382,0.09177450111516776
1024,6,H_all_focal_W,47,0.12519423999992796,2.0,0.75,1.0,1.0,1.0,1.0,1.0,0.9999999999999999,143,0,0,14,157,14,8.92,0.26472480823844907,0.004083030589231649,0.9944735325536382,0.09177450111516776
1024,6,LEGACY_A,44,0.14243532899990896,2.0,0.75,1.0,1.0,1.0,1.0,1.0,0.9999999999999998,143,0,0,14,157,14,8.92,0.28357806014306053,4.1729597050739806e-08,0.999999617835267,0.08872549827582821
1024,7,A_raw_ce_noW,44,0.13648225999986607,2.0,0.75,0.9936305732484076,1.0,0.9285714285714286,0.9797393212027359,1.0,1.0,143,0,1,13,157,14,8.92,0.27545363086890146,8.465390735253217e-08,0.9999990850464495,0.0835212535684644
1024,7,B_raw_ce_W,44,0.15103835800005072,2.0,0.75,0.9936305732484076,1.0,0.9285714285714286,0.9797393212027359,0.9995004995004995,0.9952380952380953,143,0,1,13,157,14,8.92,0.27548390139147355,1.851417196557421e-07,0.9999998196070313,0.08331799408652149
1024,7,C_raw_focal_noW,44,0.13794600699998227,2.0,0.75,0.9936305732484076,1.0,0.9285714285714286,0.9797393212027359,0.9995004995004995,0.995238095238095,143,0,1,13,157,14,8.92,0.2689113748437132,0.004225611622832446,0.9936362758199726,0.09489776471799412
1024,7,D_raw_focal_W,44,0.118619931000012,2.0,0.75,0.9936305732484076,1.0,0.9285714285714286,0.9797393212027359,0.9995004995004995,0.995238095238095,143,0,1,13,157,14,8.92,0.2689113748437132,0.004225611622832446,0.9936362758199726,0.09489776471799412
1024,7,E_all_ce_noW,47,0.14751605800006473,2.0,0.75,0.9936305732484076,1.0,0.9285714285714286,0.9797393212027359,0.9995004995004996,0.9952380952380953,143,0,1,13,157,14,8.92,0.2764033534149741,7.494419768603305e-08,0.999999215077109,0.08628849510111251
1024,7,F_all_ce_W,47,0.1690219720001096,2.0,0.75,0.9872611464968153,0.9285714285714286,0.9285714285714286,0.9607892107892109,0.9995004995004996,0.9952380952380953,142,1,1,13,157,14,8.92,0.28088588591762886,1.8019182897600662e-07,0.999999781727909,0.08803263801983621
1024,7,G_all_focal_noW,47,0.11619888000018364,2.0,0.75,0.9936305732484076,1.0,0.9285714285714286,0.9797393212027359,0.9995004995004995,0.9952380952380951,143,0,1,13,157,14,8.92,0.2695240092418404,0.004069085073550976,0.9919739908144196,0.09623435541415437
1024,7,H_all_focal_W,47,0.12471848499990301,2.0,0.75,0.9936305732484076,1.0,0.9285714285714286,0.9797393212027359,0.9995004995004995,0.9952380952380951,143,0,1,13,157,14,8.92,0.2695240092418404,0.004069085073550976,0.9919739908144196,0.09623435541415437
1024,7,LEGACY_A,44,0.14350248499999907,2.0,0.75,0.9936305732484076,1.0,0.9285714285714286,0.9797393212027359,0.999000999000999,0.9910714285714285,143,0,1,13,157,14,8.92,0.2754963506998145,6.473448817335068e-08,0.9999995609070041,0.08321893787922745
1024,8,A_raw_ce_noW,44,0.1466756339998483,2.0,0.75,0.9936305732484076,1.0,0.9285714285714286,0.9797393212027359,0.9955044955044955,0.9720496894409937,143,0,1,13,157,14,8.92,0.2754951405772929,5.3817881851251156e-08,0.9999987505895138,0.08282149564809652
1024,8,B_raw_ce_W,44,0.15721348000010948,2.0,0.75,0.9936305732484076,1.0,0.9285714285714286,0.9797393212027359,0.9935064935064934,0.9656084656084656,143,0,1,13,157,14,8.92,0.2755198147294722,1.549918026200867e-07,0.9999997547364938,0.08291255345757668
1024,8,C_raw_focal_noW,44,0.10834665400011545,2.0,0.75,0.9936305732484076,1.0,0.9285714285714286,0.9797393212027359,0.9945054945054945,0.9685714285714284,143,0,1,13,157,14,8.92,0.26459448525250256,0.003726283466884453,0.9913879831554591,0.09308597788476883
1024,8,D_raw_focal_W,44,0.10936737399993035,2.0,0.75,0.9936305732484076,1.0,0.9285714285714286,0.9797393212027359,0.9945054945054945,0.9685714285714284,143,0,1,13,157,14,8.92,0.26459448525250256,0.003726283466884453,0.9913879831554591,0.09308597788476883
1024,8,E_all_ce_noW,47,0.1587714979998509,2.0,0.75,0.9936305732484076,1.0,0.9285714285714286,0.9797393212027359,0.998001998001998,0.984126984126984,143,0,1,13,157,14,8.92,0.27546557996274357,5.135602738731249e-08,0.9999990586908353,0.08367400677364313
1024,8,F_all_ce_W,47,0.1959035679999488,2.0,0.75,0.9872611464968153,0.9285714285714286,0.9285714285714286,0.9607892107892109,0.997002997002997,0.9785714285714284,142,1,1,13,157,14,8.92,0.2775801698170976,1.7076121315251634e-07,0.9999996856318778,0.0863006406322128
1024,8,G_all_focal_noW,47,0.12489311099989209,2.0,0.75,0.9872611464968153,0.9285714285714286,0.9285714285714286,0.9607892107892109,0.997002997002997,0.9785714285714284,142,1,1,13,157,14,8.92,0.26986848421192505,0.0035097546175033804,0.9946356979112598,0.09685705441761518
1024,8,H_all_focal_W,47,0.20072287499988306,2.0,0.75,0.9872611464968153,0.9285714285714286,0.9285714285714286,0.9607892107892109,0.997002997002997,0.9785714285714284,142,1,1,13,157,14,8.92,0.26986848421192505,0.0035097546175033804,0.9946356979112598,0.09685705441761518
1024,8,LEGACY_A,44,0.23224097699994672,2.0,0.75,0.9936305732484076,1.0,0.9285714285714286,0.9797393212027359,0.995004995004995,0.9702380952380951,143,0,1,13,157,14,8.92,0.27552501731495804,4.467547964423862e-08,0.9999995552697448,0.0828216615594404
1024,9,A_raw_ce_noW,44,0.22107006999999612,2.0,0.75,0.9936305732484076,1.0,0.9285714285714286,0.9797393212027359,0.9990009990009989,0.9910714285714285,143,0,1,13,157,14,8.92,0.27501638597124045,8.615096087812574e-08,0.999998793380237,0.08415113454488787
1024,9,B_raw_ce_W,44,0.24248596400002498,2.0,0.75,0.9936305732484076,1.0,0.9285714285714286,0.9797393212027359,0.9995004995004995,0.9952380952380953,143,0,1,13,157,14,8.92,0.27559064118071924,1.6072845617036577e-07,0.9999997499208081,0.08689063763238457
1024,9,C_raw_focal_noW,44,0.17208657200012567,2.0,0.75,0.9808917197452229,0.8666666666666667,0.9285714285714286,0.9430127041742287,0.999000999000999,0.9910714285714285,141,2,1,13,157,14,8.92,0.2688409888324568,0.0037602834060436203,0.9923134038497793,0.09902995521062169
1024,9,D_raw_focal_W,44,0.19277450000004137,2.0,0.75,0.9808917197452229,0.8666666666666667,0.9285714285714286,0.9430127041742287,0.999000999000999,0.9910714285714285,141,2,1,13,157,14,8.92,0.2688409888324568,0.0037602834060436203,0.9923134038497793,0.09902995521062169
1024,9,E_all_ce_noW,47,0.257729541000117,2.0,0.75,0.9872611464968153,0.9285714285714286,0.9285714285714286,0.9607892107892109,0.9985014985014986,0.9873949579831931,142,1,1,13,157,14,8.92,0.27739717562105903,6.762541461690021e-08,0.9999986529351814,0.08809923004445927
1024,9,F_all_ce_W,47,0.27228167500015843,2.0,0.75,0.9808917197452229,0.8666666666666667,0.9285714285714286,0.9430127041742287,0.9985014985014985,0.9873949579831931,141,2,1,13,157,14,8.92,0.28060396126354975,1.4116709810790627e-07,0.9999996240358479,0.0902131311138112
1024,9,G_all_focal_noW,47,0.1802035050000086,2.0,0.75,0.9872611464968153,0.9285714285714286,0.9285714285714286,0.9607892107892109,0.999000999000999,0.9910714285714285,142,1,1,13,157,14,8.92,0.266072007931001,0.005334934791955645,0.9901793014092468,0.1001232976523058
1024,9,H_all_focal_W,47,0.18125465799994345,2.0,0.75,0.9872611464968153,0.9285714285714286,0.9285714285714286,0.9607892107892109,0.999000999000999,0.9910714285714285,142,1,1,13,157,14,8.92,0.266072007931001,0.005334934791955645,0.9901793014092468,0.1001232976523058
1024,9,LEGACY_A,44,0.2478776079999534,2.0,0.75,0.9936305732484076,1.0,0.9285714285714286,0.9797393212027359,0.9995004995004995,0.995238095238095,143,0,1,13,157,14,8.92,0.2753183476354026,5.047768429101579e-08,0.9999995658187077,0.0853745379236456
1024,10,A_raw_ce_noW,44,0.22789812400014853,2.0,0.75,0.9935897435897436,0.9285714285714286,1.0,0.9797270955165691,1.0,1.0,142,1,0,13,156,13,8.33,0.2833251775695883,5.378646120040807e-08,0.9999994502993279,0.08899625003269203
1024,10,B_raw_ce_W,44,0.2484196279999651,2.0,0.75,0.9935897435897436,0.9285714285714286,1.0,0.9797270955165691,1.0,1.0,142,1,0,13,156,13,8.33,0.2842407801015251,1.567048064161914e-07,0.9999998244540078,0.08935744075556178
1024,10,C_raw_focal_noW,44,0.20651727000017672,2.0,0.75,0.9935897435897436,0.9285714285714286,1.0,0.9797270955165691,0.9989241527703067,0.9885883347421809,142,1,0,13,156,13,8.33,0.2629821036437895,0.003648240410263546,0.995152806536073,0.09619295373237916
1024,10,D_raw_focal_W,44,0.17998393900006704,2.0,0.75,0.9935897435897436,0.9285714285714286,1.0,0.9797270955165691,0.9989241527703067,0.9885883347421809,142,1,0,13,156,13,8.33,0.2629821036437895,0.003648240410263546,0.995152806536073,0.09619295373237916
1024,10,E_all_ce_noW,47,0.2410884089999854,2.0,0.75,0.9871794871794872,0.9230769230769231,0.9230769230769231,0.9580419580419581,0.9994620763851534,0.9945054945054945,142,1,1,12,156,13,8.33,0.27611359413670833,4.7450272545762775e-08,0.9999995645853712,0.08536258784124184
1024,10,F_all_ce_W,47,0.17700423699989187,2.0,0.75,0.9871794871794872,0.9230769230769231,0.9230769230769231,0.9580419580419581,0.9994620763851534,0.9945054945054945,142,1,1,12,156,13,8.33,0.276438958898422,1.6624531511223517e-07,0.9999997610334805,0.0851341286564774
1024,10,G_all_focal_noW,47,0.11729749099981746,2.0,0.75,0.9871794871794872,0.9230769230769231,0.9230769230769231,0.9580419580419581,0.9989241527703067,0.9885883347421809,142,1,1,12,156,13,8.33,0.26268127328852486,0.0035206184790256547,0.9954033223119451,0.09228933236994766
1024,10,H_all_focal_W,47,0.11396237700000711,2.0,0.75,0.9871794871794872,0.9230769230769231,0.9230769230769231,0.9580419580419581,0.9989241527703067,0.9885883347421809,142,1,1,12,156,13,8.33,0.26268127328852486,0.0035206184790256547,0.9954033223119451,0.09228933236994766
1024,10,LEGACY_A,44,0.15959124999994856,2.0,0.75,1.0,1.0,1.0,1.0,1.0,1.0,143,0,0,13,156,13,8.33,0.2768474194538999,5.1164225447736345e-08,0.9999996150906527,0.08544250244730578
1024,11,A_raw_ce_noW,44,0.14203428500013615,2.0,0.75,1.0,1.0,1.0,1.0,1.0,0.9999999999999998,143,0,0,14,157,14,8.92,0.28464434761406215,6.899424693432993e-08,0.999999117356902,0.08907864930506112
1024,11,B_raw_ce_W,44,0.15968726300002345,2.0,0.75,1.0,1.0,1.0,1.0,1.0,0.9999999999999999,143,0,0,14,157,14,8.92,0.2846082019908402,1.5766070546183806e-07,0.9999997351310805,0.0891463905693832
1024,11,C_raw_focal_noW,44,0.11599000999990494,2.0,0.75,1.0,1.0,1.0,1.0,1.0,1.0,143,0,0,14,157,14,8.92,0.2759847229758834,0.003584708457710717,0.9944583062864361,0.09651992946125572
1024,11,D_raw_focal_W,44,0.11670453100009581,2.0,0.75,1.0,1.0,1.0,1.0,1.0,1.0,143,0,0,14,157,14,8.92,0.2759847229758834,0.003584708457710717,0.9944583062864361,0.09651992946125572
1024,11,E_all_ce_noW,47,0.17172137499983364,2.0,0.75,1.0,1.0,1.0,1.0,1.0,0.9999999999999999,143,0,0,14,157,14,8.92,0.28405757156191574,5.9498159066244715e-08,0.9999988949437945,0.08888361019916212
1024,11,F_all_ce_W,47,0.17224495900018155,2.0,0.75,1.0,1.0,1.0,1.0,1.0,0.9999999999999998,143,0,0,14,157,14,8.92,0.2848561230790609,1.7396672363063322e-07,0.9999997682695974,0.08915175012754656
1024,11,G_all_focal_noW,47,0.124885064999944,2.0,0.75,1.0,1.0,1.0,1.0,1.0,1.0,143,0,0,14,157,14,8.92,0.27811450193321635,0.0036453600117813596,0.995283281942054,0.09660593372285933
1024,11,H_all_focal_W,47,0.12773850999997194,2.0,0.75,1.0,1.0,1.0,1.0,1.0,1.0,143,0,0,14,157,14,8.92,0.27811450193321635,0.0036453600117813596,0.995283281942054,0.09660593372285933
1024,11,LEGACY_A,44,0.14472936799984382,2.0,0.75,1.0,1.0,1.0,1.0,1.0,0.9999999999999998,143,0,0,14,157,14,8.92,0.2847489646695217,5.6922328905554074e-08,0.9999995154307287,0.08933052736173709
1024,12,A_raw_ce_noW,44,0.13431668499993066,2.0,0.75,0.9808917197452229,1.0,0.7857142857142857,0.9348096885813149,0.9945054945054945,0.9625258799171842,143,0,3,11,157,14,8.92,0.2494006333778697,1.1263066301708441e-07,0.9999983560936879,0.07087531834398464
1024,12,B_raw_ce_W,44,0.14758376399981898,2.0,0.75,0.9808917197452229,0.9230769230769231,0.8571428571428571,0.9392179636082074,0.991008991008991,0.9480358721738031,142,1,2,12,157,14,8.92,0.2650671739599301,2.3621612413892916e-07,0.9999997419877711,0.08128856006355846
1024,12,C_raw_focal_noW,44,0.1131576310001492,2.0,0.75,0.9808917197452229,1.0,0.7857142857142857,0.9348096885813149,0.9775224775224776,0.9299465240641711,143,0,3,11,157,14,8.92,0.2368223490826872,0.006323906336957348,0.992252778509652,0.08229676200537853
1024,12,D_raw_focal_W,44,0.1158309840000129,2.0,0.75,0.9808917197452229,1.0,0.7857142857142857,0.9348096885813149,0.9775224775224776,0.9299465240641711,143,0,3,11,157,14,8.92,0.2368223490826872,0.006323906336957348,0.992252778509652,0.08229676200537853
1024,12,E_all_ce_noW,47,0.14578590999985863,2.0,0.75,0.9872611464968153,1.0,0.8571428571428571,0.9580662393162394,0.9955044955044955,0.9666666666666666,143,0,2,12,157,14,8.92,0.2430332856861639,1.070528756158324e-07,0.9999984704065472,0.07048906975918372
1024,12,F_all_ce_W,47,0.16036288000009336,2.0,0.75,0.9745222929936306,0.8571428571428571,0.8571428571428571,0.9215784215784215,0.9920079920079921,0.9502262443438914,141,2,2,12,157,14,8.92,0.26719802381687796,2.227556145801581e-07,0.9999997532663236,0.08334075477373515
1024,12,G_all_focal_noW,47,0.11827201000005516,2.0,0.75,0.9872611464968153,1.0,0.8571428571428571,0.9580662393162394,0.9880119880119881,0.9411764705882353,143,0,2,12,157,14,8.92,0.23590194734796477,0.006918844852278397,0.9911267297215473,0.08537864972668158
1024,12,H_all_focal_W,47,0.11453646799986927,2.0,0.75,0.9872611464968153,1.0,0.8571428571428571,0.9580662393162394,0.9880119880119881,0.9411764705882353,143,0,2,12,157,14,8.92,0.23590194734796477,0.006918844852278397,0.9911267297215473,0.08537864972668158
1024,12,LEGACY_A,44,0.12736446099984278,2.0,0.75,0.9681528662420382,0.8461538461538461,0.7857142857142857,0.8986966060136792,0.9905094905094906,0.9386054421768707,141,2,3,11,157,14,8.92,0.2658499117361013,2.2451950675648037e-07,0.9999994434990548,0.07955996379625868
1024,13,A_raw_ce_noW,44,0.1396899910000684,2.0,0.75,1.0,1.0,1.0,1.0,1.0,0.9999999999999999,143,0,0,14,157,14,8.92,0.2848418482262501,5.6057899221261896e-08,0.9999993942570004,0.08924704166129506
1024,13,B_raw_ce_W,44,0.15306307900004867,2.0,0.75,1.0,1.0,1.0,1.0,1.0,0.9999999999999999,143,0,0,14,157,14,8.92,0.28489202966477967,1.5762309514825894e-07,0.9999998023596499,0.0893568801758487
1024,13,C_raw_focal_noW,44,0.1132601040001191,2.0,0.75,1.0,1.0,1.0,1.0,1.0,1.0,143,0,0,14,157,14,8.92,0.2711386129845545,0.0031125527676420456,0.9950585248145782,0.09767538318800309
1024,13,D_raw_focal_W,44,0.12571472299987363,2.0,0.75,1.0,1.0,1.0,1.0,1.0,1.0,143,0,0,14,157,14,8.92,0.2711386129845545,0.0031125527676420456,0.9950585248145782,0.09767538318800309
1024,13,E_all_ce_noW,47,0.15054234099989117,2.0,0.75,0.9936305732484076,1.0,0.9285714285714286,0.9797393212027359,1.0,0.9999999999999999,143,0,1,13,157,14,8.92,0.27396910541744074,6.813501229835744e-08,0.9999993319660614,0.08394054847806195
1024,13,F_all_ce_W,47,0.19341405099999065,2.0,0.75,0.9936305732484076,1.0,0.9285714285714286,0.9797393212027359,1.0,0.9999999999999999,143,0,1,13,157,14,8.92,0.2753328640137016,1.4969176964062134e-07,0.9999997490552587,0.08438217198056742
1024,13,G_all_focal_noW,47,0.11789386500004184,2.0,0.75,0.9936305732484076,1.0,0.9285714285714286,0.9797393212027359,1.0,0.9999999999999999,143,0,1,13,157,14,8.92,0.25827335892370823,0.004326329404282569,0.9932007136967033,0.09073391044269224
1024,13,H_all_focal_W,47,0.12852594800006045,2.0,0.75,0.9936305732484076,1.0,0.9285714285714286,0.9797393212027359,1.0,0.9999999999999999,143,0,1,13,157,14,8.92,0.25827335892370823,0.004326329404282569,0.9932007136967033,0.09073391044269224
1024,13,LEGACY_A,44,0.14739093399998637,2.0,0.75,1.0,1.0,1.0,1.0,1.0,0.9999999999999999,143,0,0,14,157,14,8.92,0.284923021954956,4.392989492696512e-08,0.9999996193312809,0.08918269519969868
1024,14,A_raw_ce_noW,44,0.14745890500012138,2.0,0.75,1.0,1.0,1.0,1.0,1.0,0.9999999999999999,143,0,0,14,157,14,8.92,0.284959076333121,5.1772171456950625e-08,0.9999989736103444,0.0891651428358927
1024,14,B_raw_ce_W,44,0.16089992399997755,2.0,0.75,1.0,1.0,1.0,1.0,1.0,0.9999999999999999,143,0,0,14,157,14,8.92,0.2849840397340805,1.326577124412138e-07,0.9999997287778585,0.08917392680850138
1024,14,C_raw_focal_noW,44,0.11312522200000785,2.0,0.75,1.0,1.0,1.0,1.0,1.0,0.9999999999999999,143,0,0,14,157,14,8.92,0.27614899479760807,0.002723388158495452,0.9932488380817938,0.09498581049264519
1024,14,D_raw_focal_W,44,0.11536866699998427,2.0,0.75,1.0,1.0,1.0,1.0,1.0,0.9999999999999999,143,0,0,14,157,14,8.92,0.27614899479760807,0.002723388158495452,0.9932488380817938,0.09498581049264519
1024,14,E_all_ce_noW,47,0.16361014600011003,2.0,0.75,1.0,1.0,1.0,1.0,1.0,0.9999999999999999,143,0,0,14,157,14,8.92,0.2849617565370562,4.403130543494198e-08,0.9999991291123657,0.08916510088546349
1024,14,F_all_ce_W,47,0.1909539160001259,2.0,0.75,1.0,1.0,1.0,1.0,1.0,0.9999999999999999,143,0,0,14,157,14,8.92,0.2849834912375858,1.3781337716434293e-07,0.9999996373800608,0.08917338456142124
1024,14,G_all_focal_noW,47,0.11971070500021597,2.0,0.75,1.0,1.0,1.0,1.0,1.0,0.9999999999999999,143,0,0,14,157,14,8.92,0.27631358947996026,0.003435891818106679,0.9948990669578599,0.09486828170896994
1024,14,H_all_focal_W,47,0.12184125399994628,2.0,0.75,1.0,1.0,1.0,1.0,1.0,0.9999999999999999,143,0,0,14,157,14,8.92,0.27631358947996026,0.003435891818106679,0.9948990669578599,0.09486828170896994
1024,14,LEGACY_A,44,0.14449707000017042,2.0,0.75,1.0,1.0,1.0,1.0,1.0,0.9999999999999999,143,0,0,14,157,14,8.92,0.28498009289866694,5.7098419311081423e-08,0.9999996058507356,0.08917132070565051
1024,15,A_raw_ce_noW,44,0.14206220799997027,2.0,0.75,0.9807692307692307,0.8571428571428571,0.9230769230769231,0.9391812865497076,0.9967724583109199,0.9727153188691648,141,2,1,12,156,13,8.33,0.2832397779247186,7.67168304712488e-08,0.9999992578229343,0.0894435450362258
1024,15,B_raw_ce_W,44,0.16992744599997422,2.0,0.75,0.9807692307692307,0.8571428571428571,0.9230769230769231,0.9391812865497076,0.9978483055406132,0.9796597633136095,141,2,1,12,156,13,8.33,0.28240348714833735,1.6817949784189507e-07,0.9999997770157303,0.08932891039095099
1024,15,C_raw_focal_noW,44,0.10496271900001375,2.0,0.75,0.9807692307692307,0.8571428571428571,0.9230769230769231,0.9391812865497076,0.9967724583109199,0.966256499910346,141,2,1,12,156,13,8.33,0.2712469593464544,0.0048639071350046505,0.9944530933200306,0.10128703485231356
1024,15,D_raw_focal_W,44,0.12186616999997568,2.0,0.75,0.9807692307692307,0.8571428571428571,0.9230769230769231,0.9391812865497076,0.9967724583109199,0.966256499910346,141,2,1,12,156,13,8.33,0.2712469593464544,0.0048639071350046505,0.9944530933200306,0.10128703485231356
1024,15,E_all_ce_noW,47,0.1755146519999471,2.0,0.75,0.9807692307692307,0.8571428571428571,0.9230769230769231,0.9391812865497076,0.9983862291554599,0.9838264299802761,141,2,1,12,156,13,8.33,0.2855652353211617,7.305456315869793e-08,0.9999991203260634,0.08980608338355114
1024,15,F_all_ce_W,47,0.17433343300012893,2.0,0.75,0.9807692307692307,0.8571428571428571,0.9230769230769231,0.9391812865497076,0.9983862291554599,0.9838264299802761,141,2,1,12,156,13,8.33,0.2856432080646131,1.4680697569867353e-07,0.9999998103278747,0.08985262581380195
1024,15,G_all_focal_noW,47,0.11388365399989198,2.0,0.75,0.9807692307692307,0.8571428571428571,0.9230769230769231,0.9391812865497076,0.9978483055406131,0.9774161735700198,141,2,1,12,156,13,8.33,0.27322010993037743,0.0047103264748598675,0.993136034483132,0.10244333264274597
1024,15,H_all_focal_W,47,0.10657898400017984,2.0,0.75,0.9807692307692307,0.8571428571428571,0.9230769230769231,0.9391812865497076,0.9978483055406131,0.9774161735700198,141,2,1,12,156,13,8.33,0.27322010993037743,0.0047103264748598675,0.993136034483132,0.10244333264274597
1024,15,LEGACY_A,44,0.15734500000007756,2.0,0.75,0.9871794871794872,0.9230769230769231,0.9230769230769231,0.9580419580419581,0.9994620763851533,0.9945054945054943,142,1,1,12,156,13,8.33,0.27684728504322076,6.072615124477271e-08,0.9999996554085291,0.08833873030183755
1024,16,A_raw_ce_noW,44,0.14316686799998024,2.0,0.75,1.0,1.0,1.0,1.0,1.0,0.9999999999999998,143,0,0,14,157,14,8.92,0.2845442936171257,4.676672891373575e-08,0.9999993137778382,0.08934104828418474
1024,16,B_raw_ce_W,44,0.15989907300013328,2.0,0.75,1.0,1.0,1.0,1.0,1.0,0.9999999999999998,143,0,0,14,157,14,8.92,0.28492502600183167,1.4804783299500346e-07,0.9999997789030861,0.09057818187988742
1024,16,C_raw_focal_noW,44,0.1132203600000139,2.0,0.75,1.0,1.0,1.0,1.0,1.0,0.9999999999999998,143,0,0,14,157,14,8.92,0.2769438644852271,0.0031617768913323927,0.9967846923358726,0.10073956331470288
1024,16,D_raw_focal_W,44,0.11067187699995884,2.0,0.75,1.0,1.0,1.0,1.0,1.0,0.9999999999999998,143,0,0,14,157,14,8.92,0.2769438644852271,0.0031617768913323927,0.9967846923358726,0.10073956331470288
1024,16,E_all_ce_noW,47,0.20768936099989332,2.0,0.75,1.0,1.0,1.0,1.0,1.0,0.9999999999999999,143,0,0,14,157,14,8.92,0.284321185883717,6.53090685793552e-08,0.999999022052174,0.08920517349383739
1024,16,F_all_ce_W,47,0.28217296499997246,2.0,0.75,1.0,1.0,1.0,1.0,1.0,0.9999999999999998,143,0,0,14,157,14,8.92,0.28492296301761694,1.6021718384005844e-07,0.9999997085426363,0.09055748665224353
1024,16,G_all_focal_noW,47,0.18095888399989235,2.0,0.75,1.0,1.0,1.0,1.0,1.0,0.9999999999999999,143,0,0,14,157,14,8.92,0.2730184388301502,0.003768080793902484,0.9956496301670235,0.09851830835055664
1024,16,H_all_focal_W,47,0.17942218300004242,2.0,0.75,1.0,1.0,1.0,1.0,1.0,0.9999999999999999,143,0,0,14,157,14,8.92,0.2730184388301502,0.003768080793902484,0.9956496301670235,0.09851830835055664
1024,16,LEGACY_A,44,0.24358607299996038,2.0,0.75,1.0,1.0,1.0,1.0,1.0,0.9999999999999999,143,0,0,14,157,14,8.92,0.2858710146948286,4.214986907579056e-08,0.9999996617299042,0.09175574031993369
1024,17,A_raw_ce_noW,44,0.21969556399994872,2.0,0.75,0.9872611464968153,1.0,0.8571428571428571,0.9580662393162394,0.999000999000999,0.9901360544217686,143,0,2,12,157,14,8.92,0.26162348590771284,9.191517387405292e-08,0.9999990047872319,0.07576048359289494
1024,17,B_raw_ce_W,44,0.23831358899997213,2.0,0.75,0.9872611464968153,1.0,0.8571428571428571,0.9580662393162394,0.999000999000999,0.9901360544217686,143,0,2,12,157,14,8.92,0.2653046171141295,1.2590865579103423e-07,0.9999996984191394,0.07721935736982445
1024,17,C_raw_focal_noW,44,0.20242888799998582,2.0,0.75,0.9872611464968153,1.0,0.8571428571428571,0.9580662393162394,0.999000999000999,0.9901360544217687,143,0,2,12,157,14,8.92,0.2506999653357262,0.005236422355609339,0.9933047590078755,0.08673922618407395
1024,17,D_raw_focal_W,44,0.17370663799988506,2.0,0.75,0.9872611464968153,1.0,0.8571428571428571,0.9580662393162394,0.999000999000999,0.9901360544217687,143,0,2,12,157,14,8.92,0.2506999653357262,0.005236422355609339,0.9933047590078755,0.08673922618407395
1024,17,E_all_ce_noW,47,0.23789041600002747,2.0,0.75,0.9872611464968153,1.0,0.8571428571428571,0.9580662393162394,0.9995004995004996,0.9952380952380951,143,0,2,12,157,14,8.92,0.2640585454333835,7.508290475349155e-08,0.9999991212985487,0.07737166496305369
1024,17,F_all_ce_W,47,0.26523555499989016,2.0,0.75,0.9872611464968153,1.0,0.8571428571428571,0.9580662393162394,0.9995004995004995,0.9952380952380953,143,0,2,12,157,14,8.92,0.2663476553576987,1.69489090548272e-07,0.9999996773922849,0.07913762720841952
1024,17,G_all_focal_noW,47,0.18477620299995579,2.0,0.75,0.9808917197452229,0.9230769230769231,0.8571428571428571,0.9392179636082074,0.9990009990009989,0.9901360544217687,142,1,2,12,157,14,8.92,0.25730946038309693,0.00422586012843341,0.9929770036022499,0.08880561552546061
1024,17,H_all_focal_W,47,0.1821066529998916,2.0,0.75,0.9808917197452229,0.9230769230769231,0.8571428571428571,0.9392179636082074,0.9990009990009989,0.9901360544217687,142,1,2,12,157,14,8.92,0.25730946038309693,0.00422586012843341,0.9929770036022499,0.08880561552546061
1024,17,LEGACY_A,44,0.2245327590001125,2.0,0.75,0.9872611464968153,1.0,0.8571428571428571,0.9580662393162394,1.0,0.9999999999999999,143,0,2,12,157,14,8.92,0.2645563392552475,6.412694293985924e-08,0.99999952978957,0.07635729623321255
1024,18,A_raw_ce_noW,44,0.24272545199983142,2.0,0.75,1.0,1.0,1.0,1.0,1.0,0.9999999999999999,143,0,0,14,157,14,8.92,0.2839648094663713,6.53311884196484e-08,0.9999992272945666,0.08903299250642377
1024,18,B_raw_ce_W,44,0.2528969429999961,2.0,0.75,1.0,1.0,1.0,1.0,1.0,0.9999999999999999,143,0,0,14,157,14,8.92,0.2845450230764502,1.5808087917282618e-07,0.9999998121756017,0.0895156111399212
1024,18,C_raw_focal_noW,44,0.13099431099999492,2.0,0.75,1.0,1.0,1.0,1.0,1.0,0.9999999999999999,143,0,0,14,157,14,8.92,0.27256824241273264,0.002744102629890071,0.9949842508605142,0.10060564419576155
1024,18,D_raw_focal_W,44,0.11610033500005557,2.0,0.75,1.0,1.0,1.0,1.0,1.0,0.9999999999999999,143,0,0,14,157,14,8.92,0.27256824241273264,0.002744102629890071,0.9949842508605142,0.10060564419576155
1024,18,E_all_ce_noW,47,0.15753202499990948,2.0,0.75,1.0,1.0,1.0,1.0,1.0,1.0,143,0,0,14,157,14,8.92,0.28486244478350536,5.3062437127526e-08,0.9999992311721968,0.0909546622328873
1024,18,F_all_ce_W,47,0.1799023280000256,2.0,0.75,1.0,1.0,1.0,1.0,1.0,0.9999999999999999,143,0,0,14,157,14,8.92,0.2848112458314291,1.5115379212452326e-07,0.9999997955456609,0.0901275705896089
1024,18,G_all_focal_noW,47,0.13531999399992856,2.0,0.75,1.0,1.0,1.0,1.0,1.0,1.0,143,0,0,14,157,14,8.92,0.2752884841470429,0.003323507227901594,0.9943828583509603,0.10162298531623813
1024,18,H_all_focal_W,47,0.1179913440000746,2.0,0.75,1.0,1.0,1.0,1.0,1.0,1.0,143,0,0,14,157,14,8.92,0.2752884841470429,0.003323507227901594,0.9943828583509603,0.10162298531623813
1024,18,LEGACY_A,44,0.14570497800013982,2.0,0.75,1.0,1.0,1.0,1.0,1.0,0.9999999999999999,143,0,0,14,157,14,8.92,0.2846737745791944,5.2139823524158284e-08,0.9999996181091779,0.08978990627361819
1024,19,A_raw_ce_noW,44,0.1403094349998355,2.0,0.75,0.9936305732484076,1.0,0.9285714285714286,0.9797393212027359,0.9935064935064936,0.9656084656084656,143,0,1,13,157,14,8.92,0.2710416235133234,5.59728806622631e-08,0.9999989951179501,0.08130357468314746
1024,19,B_raw_ce_W,44,0.1600415080001767,2.0,0.75,0.9936305732484076,1.0,0.9285714285714286,0.9797393212027359,0.977022977022977,0.9452380952380952,143,0,1,13,157,14,8.92,0.27472353234723146,1.336836449496055e-07,0.9999997971445244,0.08255218646332028
1024,19,C_raw_focal_noW,44,0.13379160700014836,2.0,0.75,0.9936305732484076,1.0,0.9285714285714286,0.9797393212027359,0.9760239760239761,0.9447004608294931,143,0,1,13,157,14,8.92,0.263853015080277,0.002816528731576752,0.9935086010840913,0.08943046710187348
1024,19,D_raw_focal_W,44,0.1156714149999516,2.0,0.75,0.9936305732484076,1.0,0.9285714285714286,0.9797393212027359,0.9760239760239761,0.9447004608294931,143,0,1,13,157,14,8.92,0.263853015080277,0.002816528731576752,0.9935086010840913,0.08943046710187348
1024,19,E_all_ce_noW,47,0.1544977480000398,2.0,0.75,0.9936305732484076,1.0,0.9285714285714286,0.9797393212027359,0.9985014985014985,0.9873949579831932,143,0,1,13,157,14,8.92,0.27465215743150106,5.790132949722761e-08,0.9999986521721517,0.08252132607423482
1024,19,F_all_ce_W,47,0.16969039000014163,2.0,0.75,0.9936305732484076,1.0,0.9285714285714286,0.9797393212027359,0.997002997002997,0.9785714285714286,143,0,1,13,157,14,8.92,0.2751954240559283,1.450144435364118e-07,0.9999996335290797,0.08268970271401398
1024,19,G_all_focal_noW,47,0.11469276699995135,2.0,0.75,0.9936305732484076,1.0,0.9285714285714286,0.9797393212027359,0.997002997002997,0.9785714285714286,143,0,1,13,157,14,8.92,0.2658461239089526,0.0033922321339406253,0.9936427109988717,0.09035339841355075
1024,19,H_all_focal_W,47,0.11644285600004878,2.0,0.75,0.9936305732484076,1.0,0.9285714285714286,0.9797393212027359,0.997002997002997,0.9785714285714286,143,0,1,13,157,14,8.92,0.2658461239089526,0.0033922321339406253,0.9936427109988717,0.09035339841355075
1024,19,LEGACY_A,44,0.141600513999947,2.0,0.75,0.9936305732484076,1.0,0.9285714285714286,0.9797393212027359,0.98001998001998,0.9470899470899471,143,0,1,13,157,14,8.92,0.2729373303617226,5.3980855407425206e-08,0.9999994977838713,0.08198494450883001
1024,20,A_raw_ce_noW,44,0.14301419099979285,2.0,0.75,0.9807692307692307,0.9166666666666666,0.8461538461538461,0.9347735191637631,0.9940828402366864,0.9553113553113552,142,1,2,11,156,13,8.33,0.26580065509020223,4.1536666006889795e-08,0.9999988161029704,0.07954312127405455
1024,20,B_raw_ce_W,44,0.15536900899996908,2.0,0.75,0.9807692307692307,0.9166666666666666,0.8461538461538461,0.9347735191637631,0.9946207638515331,0.9576923076923076,142,1,2,11,156,13,8.33,0.268193173282643,1.215620132930731e-07,0.9999997667970884,0.08264433595535642
1024,20,C_raw_focal_noW,44,0.11157136199994966,2.0,0.75,0.9807692307692307,0.9166666666666666,0.8461538461538461,0.9347735191637631,0.9940828402366864,0.9553113553113552,142,1,2,11,156,13,8.33,0.24970163897705994,0.0035302385407586386,0.9918078902386303,0.08987933867324423
1024,20,D_raw_focal_W,44,0.11257969600001161,2.0,0.75,0.9807692307692307,0.9166666666666666,0.8461538461538461,0.9347735191637631,0.9940828402366864,0.9553113553113552,142,1,2,11,156,13,8.33,0.24970163897705994,0.0035302385407586386,0.9918078902386303,0.08987933867324423
1024,20,E_all_ce_noW,47,0.15782867100006115,2.0,0.75,0.9743589743589743,0.8461538461538461,0.8461538461538461,0.916083916083916,0.9967724583109199,0.9701923076923076,141,2,2,11,156,13,8.33,0.2627551137685602,6.056457321639411e-08,0.9999988320027249,0.07881992597209199
1024,20,F_all_ce_W,47,0.18798381500005235,2.0,0.75,0.9743589743589743,0.8461538461538461,0.8461538461538461,0.916083916083916,0.9967724583109199,0.9701923076923076,141,2,2,11,156,13,8.33,0.273042211645728,1.4352804392240446e-07,0.999999488298595,0.08258786670088936
1024,20,G_all_focal_noW,47,0.11573800299993309,2.0,0.75,0.9743589743589743,0.8461538461538461,0.8461538461538461,0.916083916083916,0.9951586874663798,0.9568376068376068,141,2,2,11,156,13,8.33,0.2534062302449251,0.003723902049915039,0.9916344383178239,0.08815368943009254
1024,20,H_all_focal_W,47,0.11871325500010244,2.0,0.75,0.9743589743589743,0.8461538461538461,0.8461538461538461,0.916083916083916,0.9951586874663798,0.9568376068376068,141,2,2,11,156,13,8.33,0.2534062302449251,0.003723902049915039,0.9916344383178239,0.08815368943009254
1024,20,LEGACY_A,44,0.14905219699994632,2.0,0.75,0.9807692307692307,0.9166666666666666,0.8461538461538461,0.9347735191637631,0.9978483055406133,0.9796597633136093,142,1,2,11,156,13,8.33,0.26291012585204604,4.834413962017327e-08,0.9999995953473572,0.07894517813140538
1024,21,A_raw_ce_noW,44,0.1419935210001313,2.0,0.75,1.0,1.0,1.0,1.0,1.0,0.9999999999999999,143,0,0,14,157,14,8.92,0.27484164667011796,6.484828740964175e-08,0.9999992895699843,0.08546874735247383
1024,21,B_raw_ce_W,44,0.1710209279999617,2.0,0.75,1.0,1.0,1.0,1.0,1.0,0.9999999999999998,143,0,0,14,157,14,8.92,0.27968844158892064,1.8548667878778704e-07,0.999999796267246,0.08753528174342451
1024,21,C_raw_focal_noW,44,0.11064327799999774,2.0,0.75,0.9872611464968153,1.0,0.8571428571428571,0.9580662393162394,1.0,0.9999999999999999,143,0,2,12,157,14,8.92,0.25998940170320844,0.0030650350553064884,0.993630506048864,0.09083684025999944
1024,21,D_raw_focal_W,44,0.11039487699986239,2.0,0.75,0.9872611464968153,1.0,0.8571428571428571,0.9580662393162394,1.0,0.9999999999999999,143,0,2,12,157,14,8.92,0.25998940170320844,0.0030650350553064884,0.993630506048864,0.09083684025999944
1024,21,E_all_ce_noW,47,0.15971447900005842,2.0,0.75,0.9936305732484076,1.0,0.9285714285714286,0.9797393212027359,1.0,0.9999999999999998,143,0,1,13,157,14,8.92,0.2687048262857357,6.516429872462248e-08,0.9999992251961153,0.08208643966316584
1024,21,F_all_ce_W,47,0.18160937199991167,2.0,0.75,1.0,1.0,1.0,1.0,1.0,0.9999999999999999,143,0,0,14,157,14,8.92,0.2781234446691626,1.8713780498302e-07,0.9999997883379708,0.08677753183546093
1024,21,G_all_focal_noW,47,0.11783383600004527,2.0,0.75,1.0,1.0,1.0,1.0,1.0,0.9999999999999998,143,0,0,14,157,14,8.92,0.26336137169087726,0.005243556137366963,0.9918763528922636,0.09844560521125245
1024,21,H_all_focal_W,47,0.12363753499994345,2.0,0.75,1.0,1.0,1.0,1.0,1.0,0.9999999999999998,143,0,0,14,157,14,8.92,0.26336137169087726,0.005243556137366963,0.9918763528922636,0.09844560521125245
1024,21,LEGACY_A,44,0.1468126739998752,2.0,0.75,0.9872611464968153,1.0,0.8571428571428571,0.9580662393162394,1.0,0.9999999999999998,143,0,2,12,157,14,8.92,0.2676336203609135,6.254936441346728e-08,0.9999995847946114,0.08148197311234395
1024,22,A_raw_ce_noW,44,0.13479885099991407,2.0,0.75,0.9936305732484076,1.0,0.9285714285714286,0.9797393212027359,0.982017982017982,0.9485714285714284,143,0,1,13,157,14,8.92,0.2754057862070474,5.0571644347090084e-08,0.9999988558570448,0.08279966700855002
1024,22,B_raw_ce_W,44,0.15496936499994263,2.0,0.75,0.9936305732484076,1.0,0.9285714285714286,0.9797393212027359,0.9905094905094904,0.9588744588744587,143,0,1,13,157,14,8.92,0.27538965519034553,1.471516348451019e-07,0.9999996367396232,0.08281327519672671
1024,22,C_raw_focal_noW,44,0.11062536099984754,2.0,0.75,0.9936305732484076,1.0,0.9285714285714286,0.9797393212027359,0.9880119880119881,0.9548872180451127,143,0,1,13,157,14,8.92,0.26336539040626306,0.0034460880330080307,0.9914832889331356,0.09202798369181502
1024,22,D_raw_focal_W,44,0.11106316699988383,2.0,0.75,0.9936305732484076,1.0,0.9285714285714286,0.9797393212027359,0.9880119880119881,0.9548872180451127,143,0,1,13,157,14,8.92,0.26336539040626306,0.0034460880330080307,0.9914832889331356,0.09202798369181502
1024,22,E_all_ce_noW,47,0.20792689399991104,2.0,0.75,0.9872611464968153,0.9285714285714286,0.9285714285714286,0.9607892107892109,0.9945054945054945,0.9651360544217686,142,1,1,13,157,14,8.92,0.27253856715873137,4.550679264974388e-08,0.9999992553260842,0.08474991329622332
1024,22,F_all_ce_W,47,0.16576447700003882,2.0,0.75,0.9872611464968153,0.9285714285714286,0.9285714285714286,0.9607892107892109,0.9955044955044955,0.9720496894409936,142,1,1,13,157,14,8.92,0.2737291018488253,1.4825308646205657e-07,0.9999997700600525,0.085186345957091
1024,22,G_all_focal_noW,47,0.11220754600003602,2.0,0.75,0.9872611464968153,1.0,0.8571428571428571,0.9580662393162394,0.9955044955044955,0.9720496894409936,143,0,2,12,157,14,8.92,0.253892663742362,0.003644402281380549,0.9929278464988203,0.08889489016426613
1024,22,H_all_focal_W,47,0.1136790259999998,2.0,0.75,0.9872611464968153,1.0,0.8571428571428571,0.9580662393162394,0.9955044955044955,0.9720496894409936,143,0,2,12,157,14,8.92,0.253892663742362,0.003644402281380549,0.9929278464988203,0.08889489016426613
1024,22,LEGACY_A,44,0.1429518290001397,2.0,0.75,0.9936305732484076,1.0,0.9285714285714286,0.9797393212027359,0.9880119880119881,0.9548872180451127,143,0,1,13,157,14,8.92,0.2753824835649665,4.083671176891583e-08,0.9999995434921051,0.08279187091502692
1024,23,A_raw_ce_noW,44,0.15256962700004806,2.0,0.75,0.9936305732484076,1.0,0.9285714285714286,0.9797393212027359,1.0,0.9999999999999999,143,0,1,13,157,14,8.92,0.27433997301171065,6.419753944150232e-08,0.9999990635611927,0.08249130925245823
1024,23,B_raw_ce_W,44,0.15762182499997834,2.0,0.75,0.9936305732484076,1.0,0.9285714285714286,0.9797393212027359,1.0,0.9999999999999999,143,0,1,13,157,14,8.92,0.27501614064579344,1.789530670529547e-07,0.9999997465982569,0.0829448296099217
1024,23,C_raw_focal_noW,44,0.11176680800008398,2.0,0.75,0.9936305732484076,1.0,0.9285714285714286,0.9797393212027359,1.0,1.0,143,0,1,13,157,14,8.92,0.2563407207258375,0.003875542957981739,0.9938153617214471,0.08977032801946895
1024,23,D_raw_focal_W,44,0.11335183699998197,2.0,0.75,0.9936305732484076,1.0,0.9285714285714286,0.9797393212027359,1.0,1.0,143,0,1,13,157,14,8.92,0.2563407207258375,0.003875542957981739,0.9938153617214471,0.08977032801946895
1024,23,E_all_ce_noW,47,0.16000493100000313,2.0,0.75,0.9936305732484076,1.0,0.9285714285714286,0.9797393212027359,1.0,0.9999999999999999,143,0,1,13,157,14,8.92,0.2687329684080561,5.640547065643902e-08,0.9999990233941592,0.08082271425231674
1024,23,F_all_ce_W,47,0.17927967400009948,2.0,0.75,0.9936305732484076,1.0,0.9285714285714286,0.9797393212027359,1.0,0.9999999999999999,143,0,1,13,157,14,8.92,0.2706183442801518,1.6271668905535212e-07,0.9999996267510288,0.08170361850351215
1024,23,G_all_focal_noW,47,0.13334914600000047,2.0,0.75,0.9936305732484076,1.0,0.9285714285714286,0.9797393212027359,1.0,1.0,143,0,1,13,157,14,8.92,0.2548360534837307,0.004191260237192648,0.9920364594103472,0.08964015676512918
1024,23,H_all_focal_W,47,0.11754289799978324,2.0,0.75,0.9936305732484076,1.0,0.9285714285714286,0.9797393212027359,1.0,1.0,143,0,1,13,157,14,8.92,0.2548360534837307,0.004191260237192648,0.9920364594103472,0.08964015676512918
1024,23,LEGACY_A,44,0.14596700800007056,2.0,0.75,0.9936305732484076,1.0,0.9285714285714286,0.9797393212027359,1.0,0.9999999999999999,143,0,1,13,157,14,8.92,0.27327929988989885,5.206502389797218e-08,0.999999523087936,0.08233629389820503
1024,24,A_raw_ce_noW,44,0.15971536899996863,2.0,0.75,0.9936305732484076,0.9333333333333333,1.0,0.981004234724743,0.9995004995004995,0.9952380952380953,142,1,0,14,157,14,8.92,0.290112879682081,5.603691973186683e-08,0.9999993983549689,0.09497371497470672
1024,24,B_raw_ce_W,44,0.15680674500003988,2.0,0.75,0.9936305732484076,0.9333333333333333,1.0,0.981004234724743,0.9995004995004995,0.9952380952380953,142,1,0,14,157,14,8.92,0.29330939401792183,1.5957460631631725e-07,0.9999997858545103,0.09784357873401421
1024,24,C_raw_focal_noW,44,0.2003994380002041,2.0,0.75,0.9936305732484076,0.9333333333333333,1.0,0.981004234724743,0.9995004995004995,0.9952380952380953,142,1,0,14,157,14,8.92,0.2810531252693443,0.003719949874884556,0.9958345848667132,0.10473090455523325
1024,24,D_raw_focal_W,44,0.16985188300009213,2.0,0.75,0.9936305732484076,0.9333333333333333,1.0,0.981004234724743,0.9995004995004995,0.9952380952380953,142,1,0,14,157,14,8.92,0.2810531252693443,0.003719949874884556,0.9958345848667132,0.10473090455523325
1024,24,E_all_ce_noW,47,0.2500232490001508,2.0,0.75,0.9872611464968153,0.875,1.0,0.9631455399061033,0.999000999000999,0.9910714285714285,141,2,0,14,157,14,8.92,0.29852026894643197,5.6874905161579606e-08,0.9999994242909646,0.10058383068823162
1024,24,F_all_ce_W,47,0.2759633960001793,2.0,0.75,0.9872611464968153,0.875,1.0,0.9631455399061033,0.9995004995004995,0.9952380952380953,141,2,0,14,157,14,8.92,0.30140121212766185,1.5770498666572618e-07,0.999999749598829,0.10253801920480048
1024,24,G_all_focal_noW,47,0.1738489040001241,2.0,0.75,0.9872611464968153,0.875,1.0,0.9631455399061033,0.999000999000999,0.9910714285714285,141,2,0,14,157,14,8.92,0.288439023823198,0.0037339130032229763,0.9961148961711254,0.10727955650814872
1024,24,H_all_focal_W,47,0.1674782080001478,2.0,0.75,0.9872611464968153,0.875,1.0,0.9631455399061033,0.999000999000999,0.9910714285714285,141,2,0,14,157,14,8.92,0.288439023823198,0.0037339130032229763,0.9961148961711254,0.10727955650814872
1024,24,LEGACY_A,44,0.2286580940001386,2.0,0.75,0.9936305732484076,0.9333333333333333,1.0,0.981004234724743,1.0,0.9999999999999999,142,1,0,14,157,14,8.92,0.29178813897334993,5.365657789193917e-08,0.9999996487293731,0.0968331470089067
1024,25,A_raw_ce_noW,44,0.217722841000068,2.0,0.75,0.9935897435897436,1.0,0.9230769230769231,0.9782578397212544,0.9994620763851534,0.9945054945054945,143,0,1,12,156,13,8.33,0.2660507095952087,7.309788589866088e-08,0.9999993090322319,0.07743897449356325
1024,25,B_raw_ce_W,44,0.2380576169998676,2.0,0.75,0.9935897435897436,1.0,0.9230769230769231,0.9782578397212544,0.9994620763851534,0.9945054945054945,143,0,1,12,156,13,8.33,0.266306785258074,1.82944818679035e-07,0.9999998073854091,0.07774569855766154
1024,25,C_raw_focal_noW,44,0.18176821700012624,2.0,0.75,0.9935897435897436,1.0,0.9230769230769231,0.9782578397212544,0.9994620763851533,0.9945054945054945,143,0,1,12,156,13,8.33,0.2541767946995312,0.0035496131697772505,0.9958866208535994,0.08912646055627214
1024,25,D_raw_focal_W,44,0.17724570900008985,2.0,0.75,0.9935897435897436,1.0,0.9230769230769231,0.9782578397212544,0.9994620763851533,0.9945054945054945,143,0,1,12,156,13,8.33,0.2541767946995312,0.0035496131697772505,0.9958866208535994,0.08912646055627214
1024,25,E_all_ce_noW,47,0.23824589799983187,2.0,0.75,0.9935897435897436,1.0,0.9230769230769231,0.9782578397212544,0.9994620763851533,0.9945054945054943,143,0,1,12,156,13,8.33,0.26610601618154867,6.965863665261468e-08,0.9999993731001036,0.07788828630930676
1024,25,F_all_ce_W,47,0.2808847470000728,2.0,0.75,0.9935897435897436,1.0,0.9230769230769231,0.9782578397212544,0.9994620763851533,0.9945054945054943,143,0,1,12,156,13,8.33,0.26610342753166194,1.971960595190888e-07,0.9999997700430667,0.07796486453679226
1024,25,G_all_focal_noW,47,0.20474128299997574,2.0,0.75,0.9935897435897436,1.0,0.9230769230769231,0.9782578397212544,0.9994620763851534,0.9945054945054945,143,0,1,12,156,13,8.33,0.25295654191572636,0.004118147938016818,0.994869512481892,0.08965720436919832
1024,25,H_all_focal_W,47,0.17996905500012872,2.0,0.75,0.9935897435897436,1.0,0.9230769230769231,0.9782578397212544,0.9994620763851534,0.9945054945054945,143,0,1,12,156,13,8.33,0.25295654191572636,0.004118147938016818,0.994869512481892,0.08965720436919832
1024,25,LEGACY_A,44,0.21395351000001028,2.0,0.75,0.9935897435897436,1.0,0.9230769230769231,0.9782578397212544,0.9994620763851533,0.9945054945054945,143,0,1,12,156,13,8.33,0.2657347379389615,6.366155041141883e-08,0.9999995228286848,0.07728352795464982
2048,1,A_raw_ce_noW,44,0.17460564500015607,2.0,0.75,1.0,1.0,1.0,1.0,1.0,0.9999999999999999,143,0,0,14,157,14,8.92,0.28327376464409,5.856311456397258e-08,0.9999987252825704,0.08877326912879085
2048,1,B_raw_ce_W,44,0.17798506400004044,2.0,0.75,1.0,1.0,1.0,1.0,1.0,0.9999999999999999,143,0,0,14,157,14,8.92,0.2845391193590997,1.5428479138947561e-07,0.999999745273634,0.08955484084221926
2048,1,C_raw_focal_noW,44,0.10795142699998905,2.0,0.75,1.0,1.0,1.0,1.0,1.0,1.0,143,0,0,14,157,14,8.92,0.2701588028535743,0.0027712380559447667,0.9949807129473341,0.09399291283275196
2048,1,D_raw_focal_W,44,0.10721865799996522,2.0,0.75,1.0,1.0,1.0,1.0,1.0,1.0,143,0,0,14,157,14,8.92,0.2701588028535743,0.0027712380559447667,0.9949807129473341,0.09399291283275196
2048,1,E_all_ce_noW,47,0.15187029499998062,2.0,0.75,0.9936305732484076,1.0,0.9285714285714286,0.9797393212027359,1.0,0.9999999999999999,143,0,1,13,157,14,8.92,0.2755493961007518,6.910798881835659e-08,0.9999991703275521,0.08468011985449984
2048,1,F_all_ce_W,47,0.1894011239999145,2.0,0.75,0.9936305732484076,0.9333333333333333,1.0,0.981004234724743,0.9995004995004995,0.9952380952380953,142,1,0,14,157,14,8.92,0.2810939575369098,1.74571797409183e-07,0.9999997753818817,0.09028605783175521
2048,1,G_all_focal_noW,47,0.11665624299985211,2.0,0.75,0.9936305732484076,1.0,0.9285714285714286,0.9797393212027359,0.9995004995004995,0.9952380952380953,143,0,1,13,157,14,8.92,0.26603657360540134,0.0039579575351698535,0.9928099731977983,0.09393034754808688
2048,1,H_all_focal_W,47,0.1172374810000747,2.0,0.75,0.9936305732484076,1.0,0.9285714285714286,0.9797393212027359,0.9995004995004995,0.9952380952380953,143,0,1,13,157,14,8.92,0.26603657360540134,0.0039579575351698535,0.9928099731977983,0.09393034754808688
2048,1,LEGACY_A,44,0.14659550100009255,2.0,0.75,1.0,1.0,1.0,1.0,1.0,0.9999999999999999,143,0,0,14,157,14,8.92,0.28109144405377384,3.755055631564382e-08,0.9999996235466708,0.08786672992064462
2048,2,A_raw_ce_noW,44,0.14362778800000342,2.0,0.75,0.9872611464968153,1.0,0.8571428571428571,0.9580662393162394,0.999000999000999,0.9910714285714285,143,0,2,12,157,14,8.92,0.2627991840365954,8.534623062028092e-08,0.9999989553965313,0.07638630429805061
2048,2,B_raw_ce_W,44,0.1746807929998795,2.0,0.75,0.9872611464968153,1.0,0.8571428571428571,0.9580662393162394,0.9975024975024975,0.981203007518797,143,0,2,12,157,14,8.92,0.26372342950759603,1.5912393878876005e-07,0.9999997651595379,0.07697503790742564
2048,2,C_raw_focal_noW,44,0.11115108399985729,2.0,0.75,0.9936305732484076,1.0,0.9285714285714286,0.9797393212027359,0.9920079920079921,0.9619047619047618,143,0,1,13,157,14,8.92,0.2534461034878653,0.0030466922174065864,0.9921232269996714,0.08673680986202621
2048,2,D_raw_focal_W,44,0.1155227310000555,2.0,0.75,0.9936305732484076,1.0,0.9285714285714286,0.9797393212027359,0.9920079920079921,0.9619047619047618,143,0,1,13,157,14,8.92,0.2534461034878653,0.0030466922174065864,0.9921232269996714,0.08673680986202621
2048,2,E_all_ce_noW,47,0.1557504689999405,2.0,0.75,0.9872611464968153,1.0,0.8571428571428571,0.9580662393162394,0.9975024975024975,0.9790249433106575,143,0,2,12,157,14,8.92,0.26427778900553744,6.259272922928894e-08,0.9999992270045879,0.07809615651467415
2048,2,F_all_ce_W,47,0.16903022200017404,2.0,0.75,0.9808917197452229,0.9230769230769231,0.8571428571428571,0.9392179636082074,0.9975024975024975,0.9790249433106576,142,1,2,12,157,14,8.92,0.2704137057623128,1.5022544921135484e-07,0.9999997735586519,0.08313512519336022
2048,2,G_all_focal_noW,47,0.10777933600002143,2.0,0.75,0.9872611464968153,0.9285714285714286,0.9285714285714286,0.9607892107892109,0.997002997002997,0.9761009667024705,142,1,1,13,157,14,8.92,0.2562472268053847,0.004171062949054316,0.9936605805478596,0.09034718591150229
2048,2,H_all_focal_W,47,0.11084938499993768,2.0,0.75,0.9872611464968153,0.9285714285714286,0.9285714285714286,0.9607892107892109,0.997002997002997,0.9761009667024705,142,1,1,13,157,14,8.92,0.2562472268053847,0.004171062949054316,0.9936605805478596,0.09034718591150229
2048,2,LEGACY_A,44,0.1662498810001125,2.0,0.75,0.9872611464968153,1.0,0.8571428571428571,0.9580662393162394,0.9985014985014986,0.9873949579831932,143,0,2,12,157,14,8.92,0.26552436123124135,5.5038108604910407e-08,0.9999995771025622,0.07859709481053358
2048,3,A_raw_ce_noW,44,0.13987259800001084,2.0,0.75,0.9872611464968153,0.9285714285714286,0.9285714285714286,0.9607892107892109,0.9985014985014985,0.9859693877551019,142,1,1,13,157,14,8.92,0.2766722998907701,7.50309388170551e-08,0.99999922233051,0.08598857369594601
2048,3,B_raw_ce_W,44,0.14825967999991008,2.0,0.75,0.9872611464968153,0.9285714285714286,0.9285714285714286,0.9607892107892109,0.999000999000999,0.9910714285714284,142,1,1,13,157,14,8.92,0.2816903760698468,1.909775122178352e-07,0.9999997825708911,0.088659568203353
2048,3,C_raw_focal_noW,44,0.10968243199999961,2.0,0.75,0.9808917197452229,0.9230769230769231,0.8571428571428571,0.9392179636082074,0.998001998001998,0.9804748822605965,142,1,2,12,157,14,8.92,0.26618811709008405,0.004519359747478132,0.9950122046689058,0.0975080642625974
2048,3,D_raw_focal_W,44,0.11568874399995366,2.0,0.75,0.9808917197452229,0.9230769230769231,0.8571428571428571,0.9392179636082074,0.998001998001998,0.9804748822605965,142,1,2,12,157,14,8.92,0.26618811709008405,0.004519359747478132,0.9950122046689058,0.0975080642625974
2048,3,E_all_ce_noW,47,0.1949376929999289,2.0,0.75,0.9872611464968153,0.9285714285714286,0.9285714285714286,0.9607892107892109,0.9985014985014985,0.9859693877551019,142,1,1,13,157,14,8.92,0.28292934988326696,7.50080591623171e-08,0.9999993473704876,0.08865468307903479
2048,3,F_all_ce_W,47,0.1737280820000251,2.0,0.75,0.9872611464968153,0.9285714285714286,0.9285714285714286,0.9607892107892109,0.9980019980019981,0.9822929171668666,142,1,1,13,157,14,8.92,0.2848759559021685,1.759177543183244e-07,0.9999998154144017,0.09097636677499893
2048,3,G_all_focal_noW,47,0.10871841299990592,2.0,0.75,0.9872611464968153,0.9285714285714286,0.9285714285714286,0.9607892107892109,0.9985014985014985,0.9859693877551019,142,1,1,13,157,14,8.92,0.2705592187800129,0.004785010144718528,0.9941271919273035,0.10021454834608592
2048,3,H_all_focal_W,47,0.10678654999992432,2.0,0.75,0.9872611464968153,0.9285714285714286,0.9285714285714286,0.9607892107892109,0.9985014985014985,0.9859693877551019,142,1,1,13,157,14,8.92,0.2705592187800129,0.004785010144718528,0.9941271919273035,0.10021454834608592
2048,3,LEGACY_A,44,0.13684549900017373,2.0,0.75,0.9872611464968153,0.9285714285714286,0.9285714285714286,0.9607892107892109,0.9995004995004996,0.9952380952380951,142,1,1,13,157,14,8.92,0.27673269613361456,4.941110410270104e-08,0.9999996020298779,0.08706969738426834
2048,4,A_raw_ce_noW,44,0.1564070049998918,2.0,0.75,0.9936305732484076,0.9333333333333333,1.0,0.981004234724743,1.0,0.9999999999999998,142,1,0,14,157,14,8.92,0.2862007182348612,6.311596953468353e-08,0.9999982910306633,0.09249557320864225
2048,4,B_raw_ce_W,44,0.15538610900011918,2.0,0.75,0.9936305732484076,0.9333333333333333,1.0,0.981004234724743,1.0,0.9999999999999998,142,1,0,14,157,14,8.92,0.29126721918163373,1.5044309847028646e-07,0.9999996826047578,0.094815669102553
2048,4,C_raw_focal_noW,44,0.11167397200006235,2.0,0.75,0.9936305732484076,0.9333333333333333,1.0,0.981004234724743,1.0,0.9999999999999998,142,1,0,14,157,14,8.92,0.27793079118725433,0.0029262800175164634,0.9922873109753176,0.09950907185386457
2048,4,D_raw_focal_W,44,0.11352573399994981,2.0,0.75,0.9936305732484076,0.9333333333333333,1.0,0.981004234724743,1.0,0.9999999999999998,142,1,0,14,157,14,8.92,0.27793079118725433,0.0029262800175164634,0.9922873109753176,0.09950907185386457
2048,4,E_all_ce_noW,47,0.1581380340001033,2.0,0.75,1.0,1.0,1.0,1.0,1.0,0.9999999999999998,143,0,0,14,157,14,8.92,0.2830405144198068,6.06732871875305e-08,0.9999990439388041,0.0899745869547555
2048,4,F_all_ce_W,47,0.18289621000008083,2.0,0.75,0.9936305732484076,0.9333333333333333,1.0,0.981004234724743,1.0,0.9999999999999998,142,1,0,14,157,14,8.92,0.2863176747190371,1.3816931205288322e-07,0.9999996274516287,0.09276797446629398
2048,4,G_all_focal_noW,47,0.12693507399990267,2.0,0.75,1.0,1.0,1.0,1.0,1.0,0.9999999999999998,143,0,0,14,157,14,8.92,0.2716743891359253,0.003134347621641438,0.9922639507002528,0.09756599657035835
2048,4,H_all_focal_W,47,0.11974350300010883,2.0,0.75,1.0,1.0,1.0,1.0,1.0,0.9999999999999998,143,0,0,14,157,14,8.92,0.2716743891359253,0.003134347621641438,0.9922639507002528,0.09756599657035835
2048,4,LEGACY_A,44,0.15204633200005446,2.0,0.75,0.9936305732484076,0.9333333333333333,1.0,0.981004234724743,1.0,0.9999999999999998,142,1,0,14,157,14,8.92,0.2886345047934374,4.3321734882760126e-08,0.9999995152770247,0.09351238918454406
2048,5,A_raw_ce_noW,44,0.13816193299999213,2.0,0.75,0.9935897435897436,1.0,0.9230769230769231,0.9782578397212544,1.0,1.0,143,0,1,12,156,13,8.33,0.2568418899273489,8.048925371310923e-08,0.9999993106165436,0.07355050148030581
2048,5,B_raw_ce_W,44,0.15875153999991198,2.0,0.75,0.9935897435897436,1.0,0.9230769230769231,0.9782578397212544,1.0,1.0,143,0,1,12,156,13,8.33,0.2587530352143171,1.6491126817391072e-07,0.9999997517899534,0.07443687674582872
2048,5,C_raw_focal_noW,44,0.1096976909998375,2.0,0.75,0.9871794871794872,1.0,0.8461538461538461,0.9548611111111112,1.0,0.9999999999999998,143,0,2,11,156,13,8.33,0.24341637612596181,0.004012566361386293,0.9957692601873939,0.08249273677850774
2048,5,D_raw_focal_W,44,0.1156468459998905,2.0,0.75,0.9871794871794872,1.0,0.8461538461538461,0.9548611111111112,1.0,0.9999999999999998,143,0,2,11,156,13,8.33,0.24341637612596181,0.004012566361386293,0.9957692601873939,0.08249273677850774
2048,5,E_all_ce_noW,47,0.15140173999998296,2.0,0.75,0.9871794871794872,1.0,0.8461538461538461,0.9548611111111112,1.0,0.9999999999999998,143,0,2,11,156,13,8.33,0.256137420021029,8.247836826895062e-08,0.9999992750877246,0.07279187649061375
2048,5,F_all_ce_W,47,0.16737428999999793,2.0,0.75,0.9871794871794872,1.0,0.8461538461538461,0.9548611111111112,1.0,1.0,143,0,2,11,156,13,8.33,0.25743792643301733,1.7781912474913792e-07,0.9999997748932465,0.07354654315722971
2048,5,G_all_focal_noW,47,0.11294367300001795,2.0,0.75,0.9935897435897436,1.0,0.9230769230769231,0.9782578397212544,0.9994620763851534,0.9945054945054943,143,0,1,12,156,13,8.33,0.2466602035333332,0.0049233723879901345,0.9946274086137054,0.08457937408522821
2048,5,H_all_focal_W,47,0.11260931200013147,2.0,0.75,0.9935897435897436,1.0,0.9230769230769231,0.9782578397212544,0.9994620763851534,0.9945054945054943,143,0,1,12,156,13,8.33,0.2466602035333332,0.0049233723879901345,0.9946274086137054,0.08457937408522821
2048,5,LEGACY_A,44,0.14792063200002303,2.0,0.75,0.9871794871794872,1.0,0.8461538461538461,0.9548611111111112,1.0,0.9999999999999998,143,0,2,11,156,13,8.33,0.2561114637971175,7.092364652286594e-08,0.9999996406731514,0.07190944035246254
2048,6,A_raw_ce_noW,44,0.14463550200002828,2.0,0.75,0.9936305732484076,1.0,0.9285714285714286,0.9797393212027359,1.0,0.9999999999999998,143,0,1,13,157,14,8.92,0.2722549452963154,4.8515011734121465e-08,0.9999992780509331,0.08180166064250897
2048,6,B_raw_ce_W,44,0.15916897000010977,2.0,0.75,0.9936305732484076,1.0,0.9285714285714286,0.9797393212027359,1.0,0.9999999999999998,143,0,1,13,157,14,8.92,0.2752524696956454,1.516894213373912e-07,0.9999997687556537,0.08321678964969355
2048,6,C_raw_focal_noW,44,0.11244963500007543,2.0,0.75,0.9936305732484076,1.0,0.9285714285714286,0.9797393212027359,1.0,1.0,143,0,1,13,157,14,8.92,0.26087726708077874,0.0033261115174505643,0.9936080928035315,0.08875185297891541
2048,6,D_raw_focal_W,44,0.11314935600012177,2.0,0.75,0.9936305732484076,1.0,0.9285714285714286,0.9797393212027359,1.0,1.0,143,0,1,13,157,14,8.92,0.26087726708077874,0.0033261115174505643,0.9936080928035315,0.08875185297891541
2048,6,E_all_ce_noW,47,0.15912638600002538,2.0,0.75,0.9872611464968153,0.9285714285714286,0.9285714285714286,0.9607892107892109,0.9995004995004995,0.995238095238095,142,1,1,13,157,14,8.92,0.2817004961975612,4.6449907581222384e-08,0.99999929795615,0.0883591240829933
2048,6,F_all_ce_W,47,0.19049460300016108,2.0,0.75,0.9872611464968153,0.9285714285714286,0.9285714285714286,0.9607892107892109,0.9995004995004995,0.9952380952380951,142,1,1,13,157,14,8.92,0.28471814642306015,1.407806127376172e-07,0.9999997938636168,0.09039256461724238
2048,6,G_all_focal_noW,47,0.1180588520001038,2.0,0.75,0.9872611464968153,0.9285714285714286,0.9285714285714286,0.9607892107892109,0.999000999000999,0.9901360544217686,142,1,1,13,157,14,8.92,0.2664010123815223,0.003886797792456412,0.9950864190132482,0.09362040797925444
2048,6,H_all_focal_W,47,0.11409375399989585,2.0,0.75,0.9872611464968153,0.9285714285714286,0.9285714285714286,0.9607892107892109,0.999000999000999,0.9901360544217686,142,1,1,13,157,14,8.92,0.2664010123815223,0.003886797792456412,0.9950864190132482,0.09362040797925444
2048,6,LEGACY_A,44,0.14994541099986236,2.0,0.75,0.9936305732484076,1.0,0.9285714285714286,0.9797393212027359,1.0,0.9999999999999998,143,0,1,13,157,14,8.92,0.2759041288832137,4.9572778624964565e-08,0.9999995652197068,0.08462967383266454
2048,7,A_raw_ce_noW,44,0.1660845540000082,2.0,0.75,0.9936305732484076,1.0,0.9285714285714286,0.9797393212027359,1.0,1.0,143,0,1,13,157,14,8.92,0.2753425425236848,7.650780810054378e-08,0.9999990763482252,0.08365379554608547
2048,7,B_raw_ce_W,44,0.25390818899995793,2.0,0.75,0.9936305732484076,1.0,0.9285714285714286,0.9797393212027359,1.0,1.0,143,0,1,13,157,14,8.92,0.2754515599237878,1.7913974511892237e-07,0.9999997831210148,0.08303775402149338
2048,7,C_raw_focal_noW,44,0.17003587899989725,2.0,0.75,0.9936305732484076,1.0,0.9285714285714286,0.9797393212027359,0.9995004995004996,0.995238095238095,143,0,1,13,157,14,8.92,0.2672469699724325,0.0038235761883111392,0.9953756133513652,0.0931370028817367
2048,7,D_raw_focal_W,44,0.40736337900011677,2.0,0.75,0.9936305732484076,1.0,0.9285714285714286,0.9797393212027359,0.9995004995004996,0.995238095238095,143,0,1,13,157,14,8.92,0.2672469699724325,0.0038235761883111392,0.9953756133513652,0.0931370028817367
2048,7,E_all_ce_noW,47,0.2747977989999981,2.0,0.75,0.9936305732484076,1.0,0.9285714285714286,0.9797393212027359,1.0,0.9999999999999999,143,0,1,13,157,14,8.92,0.2754924670096274,6.584243431615392e-08,0.9999989873612145,0.08292423668299893
2048,7,F_all_ce_W,47,0.2733052170001429,2.0,0.75,0.9936305732484076,1.0,0.9285714285714286,0.9797393212027359,1.0,0.9999999999999999,143,0,1,13,157,14,8.92,0.2754999001899602,1.5517724169403142e-07,0.999999724187603,0.08303830800393829
2048,7,G_all_focal_noW,47,0.19240075200013962,2.0,0.75,0.9936305732484076,1.0,0.9285714285714286,0.9797393212027359,1.0,0.9999999999999998,143,0,1,13,157,14,8.92,0.26885060844957487,0.0033234982437044557,0.9953558245727688,0.092789288092243
2048,7,H_all_focal_W,47,0.19041683399996145,2.0,0.75,0.9936305732484076,1.0,0.9285714285714286,0.9797393212027359,1.0,0.9999999999999998,143,0,1,13,157,14,8.92,0.26885060844957487,0.0033234982437044557,0.9953558245727688,0.092789288092243
2048,7,LEGACY_A,44,0.21719713900006354,2.0,0.75,0.9936305732484076,1.0,0.9285714285714286,0.9797393212027359,1.0,1.0,143,0,1,13,157,14,8.92,0.2747767074765182,6.315262871655374e-08,0.999999576117873,0.08376711716916797
2048,8,A_raw_ce_noW,44,0.2234374030001618,2.0,0.75,1.0,1.0,1.0,1.0,1.0,0.9999999999999999,143,0,0,14,157,14,8.92,0.28414940543578465,5.404047563406074e-08,0.999998864705398,0.08974264172667362
2048,8,B_raw_ce_W,44,0.24119775200006188,2.0,0.75,1.0,1.0,1.0,1.0,1.0,0.9999999999999998,143,0,0,14,157,14,8.92,0.28449811026737487,1.416967265202313e-07,0.9999997054446464,0.08975655624289249
2048,8,C_raw_focal_noW,44,0.1707729140000538,2.0,0.75,1.0,1.0,1.0,1.0,1.0,1.0,143,0,0,14,157,14,8.92,0.27210372522131804,0.0031427988195009793,0.9935688807849096,0.09977807389001826
2048,8,D_raw_focal_W,44,0.1914082089999738,2.0,0.75,1.0,1.0,1.0,1.0,1.0,1.0,143,0,0,14,157,14,8.92,0.27210372522131804,0.0031427988195009793,0.9935688807849096,0.09977807389001826
2048,8,E_all_ce_noW,47,0.263641731000007,2.0,0.75,0.9872611464968153,1.0,0.8571428571428571,0.9580662393162394,1.0,0.9999999999999998,143,0,2,12,157,14,8.92,0.26712300244762816,5.466403666538212e-08,0.9999988362427722,0.0806926777399818
2048,8,F_all_ce_W,47,0.27843461800011937,2.0,0.75,0.9936305732484076,1.0,0.9285714285714286,0.9797393212027359,1.0,0.9999999999999999,143,0,1,13,157,14,8.92,0.2758995011680315,1.28474571401544e-07,0.999999620191912,0.08644730386104686
2048,8,G_all_focal_noW,47,0.20460193700000673,2.0,0.75,0.9936305732484076,1.0,0.9285714285714286,0.9797393212027359,0.9990009990009989,0.9910714285714284,143,0,1,13,157,14,8.92,0.2635983604921037,0.00308449995709673,0.9912528849591093,0.09469043013034388
2048,8,H_all_focal_W,47,0.20127899099998103,2.0,0.75,0.9936305732484076,1.0,0.9285714285714286,0.9797393212027359,0.9990009990009989,0.9910714285714284,143,0,1,13,157,14,8.92,0.2635983604921037,0.00308449995709673,0.9912528849591093,0.09469043013034388
2048,8,LEGACY_A,44,0.1555918639999163,2.0,0.75,1.0,1.0,1.0,1.0,1.0,0.9999999999999998,143,0,0,14,157,14,8.92,0.2845899007219559,4.51852515758533e-08,0.9999995945077959,0.08997594140764789
2048,9,A_raw_ce_noW,44,0.14319135499999902,2.0,0.75,0.9936305732484076,0.9333333333333333,1.0,0.981004234724743,0.999000999000999,0.9901360544217687,142,1,0,14,157,14,8.92,0.28900781753414684,4.3673844804094506e-08,0.9999991608274296,0.09376778181260209
2048,9,B_raw_ce_W,44,0.15527544199994736,2.0,0.75,0.9936305732484076,0.9333333333333333,1.0,0.981004234724743,0.999000999000999,0.9901360544217687,142,1,0,14,157,14,8.92,0.29130779894334324,1.550369453678295e-07,0.9999998025477889,0.09481823294603421
2048,9,C_raw_focal_noW,44,0.10700559899987638,2.0,0.75,0.9936305732484076,0.9333333333333333,1.0,0.981004234724743,0.9990009990009989,0.9901360544217687,142,1,0,14,157,14,8.92,0.276665735368108,0.003592650168463167,0.9939312041301954,0.10489046523552333
2048,9,D_raw_focal_W,44,0.10411173000011331,2.0,0.75,0.9936305732484076,0.9333333333333333,1.0,0.981004234724743,0.9990009990009989,0.9901360544217687,142,1,0,14,157,14,8.92,0.276665735368108,0.003592650168463167,0.9939312041301954,0.10489046523552333
2048,9,E_all_ce_noW,47,0.17153901799997584,2.0,0.75,0.9872611464968153,0.9285714285714286,0.9285714285714286,0.9607892107892109,0.9995004995004996,0.9952380952380953,142,1,1,13,157,14,8.92,0.2846902105082306,4.55898250561775e-08,0.9999992356580178,0.08998876616899966
2048,9,F_all_ce_W,47,0.18764702199996464,2.0,0.75,0.9936305732484076,0.9333333333333333,1.0,0.981004234724743,0.999000999000999,0.9901360544217687,142,1,0,14,157,14,8.92,0.28673666283341803,1.1631049623255877e-07,0.9999996902268657,0.09241564308071813
2048,9,G_all_focal_noW,47,0.1193831160001082,2.0,0.75,0.9936305732484076,0.9333333333333333,1.0,0.981004234724743,0.9990009990009989,0.9901360544217688,142,1,0,14,157,14,8.92,0.27558631697513275,0.0031531531488454994,0.9952770356915397,0.10327472304282856
2048,9,H_all_focal_W,47,0.12259202399991409,2.0,0.75,0.9936305732484076,0.9333333333333333,1.0,0.981004234724743,0.9990009990009989,0.9901360544217688,142,1,0,14,157,14,8.92,0.27558631697513275,0.0031531531488454994,0.9952770356915397,0.10327472304282856
2048,9,LEGACY_A,44,0.14675257299995792,2.0,0.75,0.9936305732484076,0.9333333333333333,1.0,0.981004234724743,0.999000999000999,0.9901360544217687,142,1,0,14,157,14,8.92,0.28987993347375696,3.794593044851084e-08,0.9999996158900514,0.09425532509938196
2048,10,A_raw_ce_noW,44,0.13859876099991197,2.0,0.75,0.9935897435897436,1.0,0.9230769230769231,0.9782578397212544,0.9978483055406132,0.9819004524886878,143,0,1,12,156,13,8.33,0.2604892677902861,8.815727506744745e-08,0.9999991945717882,0.07508923120632852
2048,10,B_raw_ce_W,44,0.15300277000005735,2.0,0.75,0.9935897435897436,1.0,0.9230769230769231,0.9782578397212544,0.9973103819257666,0.9786324786324787,143,0,1,12,156,13,8.33,0.26324549449174034,1.671957591715512e-07,0.9999997936301015,0.07594515777131576
2048,10,C_raw_focal_noW,44,0.11385526399999435,2.0,0.75,0.9871794871794872,1.0,0.8461538461538461,0.9548611111111112,0.9956966110812265,0.9706959706959707,143,0,2,11,156,13,8.33,0.24285506293887543,0.0035671604672880084,0.9929393765875599,0.07933596483628179
2048,10,D_raw_focal_W,44,0.1148745789998884,2.0,0.75,0.9871794871794872,1.0,0.8461538461538461,0.9548611111111112,0.9956966110812265,0.9706959706959707,143,0,2,11,156,13,8.33,0.24285506293887543,0.0035671604672880084,0.9929393765875599,0.07933596483628179
2048,10,E_all_ce_noW,47,0.15345421999995779,2.0,0.75,0.9935897435897436,1.0,0.9230769230769231,0.9782578397212544,0.9973103819257666,0.9786324786324787,143,0,1,12,156,13,8.33,0.26457604947457264,7.180582763374223e-08,0.9999992047405699,0.07637273464061613
2048,10,F_all_ce_W,47,0.17185673699987092,2.0,0.75,0.9935897435897436,1.0,0.9230769230769231,0.9782578397212544,0.9962345346960731,0.9730769230769231,143,0,1,12,156,13,8.33,0.26572106000048096,1.6208303324991373e-07,0.9999998215927258,0.07672584485005123
2048,10,G_all_focal_noW,47,0.12950004499998613,2.0,0.75,0.9935897435897436,1.0,0.9230769230769231,0.9782578397212544,0.9903173749327596,0.9553349875930521,143,0,1,12,156,13,8.33,0.24740543194105935,0.003795305624083504,0.9929887942258402,0.0818007769038045
2048,10,H_all_focal_W,47,0.1216635519999727,2.0,0.75,0.9935897435897436,1.0,0.9230769230769231,0.9782578397212544,0.9903173749327596,0.9553349875930521,143,0,1,12,156,13,8.33,0.24740543194105935,0.003795305624083504,0.9929887942258402,0.0818007769038045
2048,10,LEGACY_A,44,0.1436915429999317,2.0,0.75,0.9935897435897436,1.0,0.9230769230769231,0.9782578397212544,0.9946207638515331,0.9665551839464883,143,0,1,12,156,13,8.33,0.26365026389202045,5.612747797510087e-08,0.9999996429326246,0.07609203530057382
2048,11,A_raw_ce_noW,44,0.13936733099990306,2.0,0.75,0.9936305732484076,1.0,0.9285714285714286,0.9797393212027359,0.9955044955044955,0.9720496894409936,143,0,1,13,157,14,8.92,0.27554324215163006,6.199012288782519e-08,0.9999994671612643,0.08293346859931569
2048,11,B_raw_ce_W,44,0.1548792040000535,2.0,0.75,0.9936305732484076,1.0,0.9285714285714286,0.9797393212027359,0.9875124875124875,0.9542124542124542,143,0,1,13,157,14,8.92,0.27548186068871366,1.4662836531092135e-07,0.9999998042194481,0.08319577036129124
2048,11,C_raw_focal_noW,44,0.13588154400008534,2.0,0.75,0.9936305732484076,1.0,0.9285714285714286,0.9797393212027359,0.9925074925074925,0.9630541871921181,143,0,1,13,157,14,8.92,0.2693656276024602,0.0038947823585046724,0.994814057114482,0.09451396761736733
2048,11,D_raw_focal_W,44,0.11994086899994727,2.0,0.75,0.9936305732484076,1.0,0.9285714285714286,0.9797393212027359,0.9925074925074925,0.9630541871921181,143,0,1,13,157,14,8.92,0.2693656276024602,0.0038947823585046724,0.994814057114482,0.09451396761736733
2048,11,E_all_ce_noW,47,0.15798592400005873,2.0,0.75,0.9872611464968153,0.9285714285714286,0.9285714285714286,0.9607892107892109,0.9975024975024974,0.9812030075187967,142,1,1,13,157,14,8.92,0.28389754866444955,7.124112238611869e-08,0.9999991604242374,0.09075789223633747
2048,11,F_all_ce_W,47,0.17785931699995672,2.0,0.75,0.9808917197452229,0.8666666666666667,0.9285714285714286,0.9430127041742287,0.998001998001998,0.984126984126984,141,2,1,13,157,14,8.92,0.28659752463715343,1.6509731488074294e-07,0.9999997689877148,0.09237585630907724
2048,11,G_all_focal_noW,47,0.1168336589998944,2.0,0.75,0.9872611464968153,0.9285714285714286,0.9285714285714286,0.9607892107892109,0.9970029970029971,0.9785714285714284,142,1,1,13,157,14,8.92,0.2746746450507763,0.0038021790024828357,0.9942188121608596,0.09806868367794498
2048,11,H_all_focal_W,47,0.12086869099994146,2.0,0.75,0.9872611464968153,0.9285714285714286,0.9285714285714286,0.9607892107892109,0.9970029970029971,0.9785714285714284,142,1,1,13,157,14,8.92,0.2746746450507763,0.0038021790024828357,0.9942188121608596,0.09806868367794498
2048,11,LEGACY_A,44,0.1443009649999567,2.0,0.75,0.9936305732484076,1.0,0.9285714285714286,0.9797393212027359,0.9925074925074925,0.9630541871921181,143,0,1,13,157,14,8.92,0.2754569287223128,4.51370856783687e-08,0.99999959506103,0.08330114524392268
2048,12,A_raw_ce_noW,44,0.14278888299986647,2.0,0.75,0.9808917197452229,1.0,0.7857142857142857,0.9348096885813149,0.997002997002997,0.9746031746031745,143,0,3,11,157,14,8.92,0.25505215028707434,4.730736884368902e-08,0.9999994992432059,0.07216285118096902
2048,12,B_raw_ce_W,44,0.15646273399988786,2.0,0.75,0.9872611464968153,1.0,0.8571428571428571,0.9580662393162394,0.997002997002997,0.9761009667024703,143,0,2,12,157,14,8.92,0.25927112816494197,1.4242842161233783e-07,0.9999998148472059,0.07499329069321588
2048,12,C_raw_focal_noW,44,0.11247151999987182,2.0,0.75,0.9872611464968153,1.0,0.8571428571428571,0.9580662393162394,0.9980019980019981,0.9841269841269841,143,0,2,12,157,14,8.92,0.24699507766353015,0.003224040143042122,0.9963525968545464,0.0868066372608359
2048,12,D_raw_focal_W,44,0.11155346800001098,2.0,0.75,0.9872611464968153,1.0,0.8571428571428571,0.9580662393162394,0.9980019980019981,0.9841269841269841,143,0,2,12,157,14,8.92,0.24699507766353015,0.003224040143042122,0.9963525968545464,0.0868066372608359
2048,12,E_all_ce_noW,47,0.1512905709998904,2.0,0.75,0.9808917197452229,1.0,0.7857142857142857,0.9348096885813149,0.9960039960039959,0.9673202614379084,143,0,3,11,157,14,8.92,0.2533016827543855,7.705135224199688e-08,0.9999994000647463,0.07045364169215755
2048,12,F_all_ce_W,47,0.18751966800004993,2.0,0.75,0.9872611464968153,1.0,0.8571428571428571,0.9580662393162394,0.995004995004995,0.9617647058823529,143,0,2,12,157,14,8.92,0.2594412655107048,1.6554543768497764e-07,0.9999997760763708,0.07508500992177904
2048,12,G_all_focal_noW,47,0.11998004500014758,2.0,0.75,0.9808917197452229,1.0,0.7857142857142857,0.9348096885813149,0.997002997002997,0.9746031746031745,143,0,3,11,157,14,8.92,0.24653229633671614,0.0037181486099362457,0.9955622086320024,0.08750371895310159
2048,12,H_all_focal_W,47,0.12023778499997206,2.0,0.75,0.9808917197452229,1.0,0.7857142857142857,0.9348096885813149,0.997002997002997,0.9746031746031745,143,0,3,11,157,14,8.92,0.24653229633671614,0.0037181486099362457,0.9955622086320024,0.08750371895310159
2048,12,LEGACY_A,44,0.1450719700001173,2.0,0.75,0.9872611464968153,1.0,0.8571428571428571,0.9580662393162394,0.9995004995004995,0.9952380952380951,143,0,2,12,157,14,8.92,0.26370129241594586,3.8862710028635916e-08,0.9999996299545321,0.07715968005006948
2048,13,A_raw_ce_noW,44,0.13068941400001677,2.0,0.75,0.9808917197452229,0.9230769230769231,0.8571428571428571,0.9392179636082074,0.964035964035964,0.8960932944606412,142,1,2,12,157,14,8.92,0.2753004122235739,7.418773070005399e-08,0.9999987483261538,0.08282104350157052
2048,13,B_raw_ce_W,44,0.1659167499999512,2.0,0.75,0.9808917197452229,0.9230769230769231,0.8571428571428571,0.9392179636082074,0.965034965034965,0.8968962585034013,142,1,2,12,157,14,8.92,0.2753062301804275,1.443948267209783e-07,0.9999997605743423,0.08337437530825076
2048,13,C_raw_focal_noW,44,0.10348017000001164,2.0,0.75,0.9808917197452229,0.9230769230769231,0.8571428571428571,0.9392179636082074,0.8981018981018981,0.8684144047120452,142,1,2,12,157,14,8.92,0.264698734689787,0.00466975006557963,0.993811401566801,0.09158917677794656
2048,13,D_raw_focal_W,44,0.09772432999989178,2.0,0.75,0.9808917197452229,0.9230769230769231,0.8571428571428571,0.9392179636082074,0.8981018981018981,0.8684144047120452,142,1,2,12,157,14,8.92,0.264698734689787,0.00466975006557963,0.993811401566801,0.09158917677794656
2048,13,E_all_ce_noW,47,0.14795104199993148,2.0,0.75,0.9808917197452229,0.9230769230769231,0.8571428571428571,0.9392179636082074,0.962037962037962,0.8945822102425875,142,1,2,12,157,14,8.92,0.2754013913563006,7.030256855774483e-08,0.9999991836006888,0.08276404452695557
2048,13,F_all_ce_W,47,0.16284124100002373,2.0,0.75,0.9808917197452229,0.9230769230769231,0.8571428571428571,0.9392179636082074,0.942057942057942,0.884199134199134,142,1,2,12,157,14,8.92,0.2754166960991958,1.5538707182291313e-07,0.999999808145625,0.08287842222884917
2048,13,G_all_focal_noW,47,0.11100827600012053,2.0,0.75,0.9808917197452229,0.9230769230769231,0.8571428571428571,0.9392179636082074,0.9655344655344655,0.8979727589483686,142,1,2,12,157,14,8.92,0.26472666660588995,0.0049730895933712115,0.9949622969497998,0.09188933933786174
2048,13,H_all_focal_W,47,0.11284520899994277,2.0,0.75,0.9808917197452229,0.9230769230769231,0.8571428571428571,0.9392179636082074,0.9655344655344655,0.8979727589483686,142,1,2,12,157,14,8.92,0.26472666660588995,0.0049730895933712115,0.9949622969497998,0.09188933933786174
2048,13,LEGACY_A,44,0.14620906099980857,2.0,0.75,0.9808917197452229,0.9230769230769231,0.8571428571428571,0.9392179636082074,0.978021978021978,0.9114512471655328,142,1,2,12,157,14,8.92,0.2753279076966208,6.410535527030528e-08,0.9999994890848986,0.08273999524542826
2048,14,A_raw_ce_noW,44,0.14401521299987508,2.0,0.75,1.0,1.0,1.0,1.0,1.0,0.9999999999999999,143,0,0,14,157,14,8.92,0.2836908261265902,6.088232216767447e-08,0.9999992367969285,0.0890265304355114
2048,14,B_raw_ce_W,44,0.15364323199992214,2.0,0.75,1.0,1.0,1.0,1.0,1.0,0.9999999999999998,143,0,0,14,157,14,8.92,0.28467280662613936,1.600704320583424e-07,0.9999997174356862,0.0900058253002851
2048,14,C_raw_focal_noW,44,0.11213613999984773,2.0,0.75,1.0,1.0,1.0,1.0,1.0,1.0,143,0,0,14,157,14,8.92,0.2718153124075021,0.0026354798430762542,0.9957956905920148,0.09495576298647566
2048,14,D_raw_focal_W,44,0.12274982300004922,2.0,0.75,1.0,1.0,1.0,1.0,1.0,1.0,143,0,0,14,157,14,8.92,0.2718153124075021,0.0026354798430762542,0.9957956905920148,0.09495576298647566
2048,14,E_all_ce_noW,47,0.17222902700018494,2.0,0.75,1.0,1.0,1.0,1.0,1.0,1.0,143,0,0,14,157,14,8.92,0.28507387896341674,5.937621292989743e-08,0.9999992288484594,0.09091236486379761
2048,14,F_all_ce_W,47,0.1798828759999651,2.0,0.75,1.0,1.0,1.0,1.0,1.0,0.9999999999999999,143,0,0,14,157,14,8.92,0.2848873362170408,1.6690674219239566e-07,0.9999996620113664,0.0908054700533565
2048,14,G_all_focal_noW,47,0.11877071799995065,2.0,0.75,0.9936305732484076,0.9333333333333333,1.0,0.981004234724743,1.0,1.0,142,1,0,14,157,14,8.92,0.2759816561388068,0.0028991845757463733,0.9948646601932813,0.09687719692137796
2048,14,H_all_focal_W,47,0.12465053799996895,2.0,0.75,0.9936305732484076,0.9333333333333333,1.0,0.981004234724743,1.0,1.0,142,1,0,14,157,14,8.92,0.2759816561388068,0.0028991845757463733,0.9948646601932813,0.09687719692137796
2048,14,LEGACY_A,44,0.2169114560001617,2.0,0.75,1.0,1.0,1.0,1.0,1.0,0.9999999999999998,143,0,0,14,157,14,8.92,0.2841195131115905,4.939010505321384e-08,0.999999631046703,0.08958851034535084
2048,15,A_raw_ce_noW,44,0.21669579900003555,2.0,0.75,0.9871794871794872,1.0,0.8461538461538461,0.9548611111111112,0.9983862291554599,0.9855769230769229,143,0,2,11,156,13,8.33,0.24894464260472093,1.153520285934668e-07,0.9999986479884645,0.07040676952472004
2048,15,B_raw_ce_W,44,0.24128265799981818,2.0,0.75,0.9935897435897436,1.0,0.9230769230769231,0.9782578397212544,0.9989241527703066,0.9897435897435898,143,0,1,12,156,13,8.33,0.2517977369035785,2.020799151330576e-07,0.9999997314943972,0.07447279000246891
2048,15,C_raw_focal_noW,44,0.17831504399987352,2.0,0.75,0.9935897435897436,1.0,0.9230769230769231,0.9782578397212544,0.9989241527703067,0.9897435897435898,143,0,1,12,156,13,8.33,0.2481917461636992,0.00499029748552706,0.9920897776420372,0.08840722346573256
2048,15,D_raw_focal_W,44,0.17404722299988862,2.0,0.75,0.9935897435897436,1.0,0.9230769230769231,0.9782578397212544,0.9989241527703067,0.9897435897435898,143,0,1,12,156,13,8.33,0.2481917461636992,0.00499029748552706,0.9920897776420372,0.08840722346573256
2048,15,E_all_ce_noW,47,0.2544094029999542,2.0,0.75,0.9871794871794872,1.0,0.8461538461538461,0.9548611111111112,0.9989241527703066,0.9897435897435896,143,0,2,11,156,13,8.33,0.25740546071441617,8.81183231291904e-08,0.9999989725993834,0.07393787908515817
2048,15,F_all_ce_W,47,0.2679989079999814,2.0,0.75,0.9935897435897436,1.0,0.9230769230769231,0.9782578397212544,0.9994620763851533,0.9945054945054945,143,0,1,12,156,13,8.33,0.26601954004297035,2.1022614667225643e-07,0.9999997244607925,0.0779571509773465
2048,15,G_all_focal_noW,47,0.17524595800000498,2.0,0.75,0.9935897435897436,1.0,0.9230769230769231,0.9782578397212544,0.9983862291554599,0.9855769230769231,143,0,1,12,156,13,8.33,0.251018997680173,0.004488972557473451,0.9911034425825953,0.08841762741282827
2048,15,H_all_focal_W,47,0.17807242199978646,2.0,0.75,0.9935897435897436,1.0,0.9230769230769231,0.9782578397212544,0.9983862291554599,0.9855769230769231,143,0,1,12,156,13,8.33,0.251018997680173,0.004488972557473451,0.9911034425825953,0.08841762741282827
2048,15,LEGACY_A,44,0.2242238029998589,2.0,0.75,0.9935897435897436,1.0,0.9230769230769231,0.9782578397212544,1.0,1.0,143,0,1,12,156,13,8.33,0.2593456820350377,8.065938348192606e-08,0.9999994808560217,0.07492931019152721
2048,16,A_raw_ce_noW,44,0.2141108170001189,2.0,0.75,0.9808917197452229,0.9230769230769231,0.8571428571428571,0.9392179636082074,0.99000999000999,0.9382144436023745,142,1,2,12,157,14,8.92,0.2644001556574894,1.0059374792328387e-07,0.9999992892743452,0.0795423344533573
2048,16,B_raw_ce_W,44,0.23292984399995476,2.0,0.75,0.9808917197452229,0.9230769230769231,0.8571428571428571,0.9392179636082074,0.98001998001998,0.9296840659340658,142,1,2,12,157,14,8.92,0.273570780228545,1.7315567001315335e-07,0.9999997954816443,0.08345809791062403
2048,16,C_raw_focal_noW,44,0.18234507700003633,2.0,0.75,0.9808917197452229,0.9230769230769231,0.8571428571428571,0.9392179636082074,0.986013986013986,0.9339165220744167,142,1,2,12,157,14,8.92,0.24622253096766955,0.0057193521769911505,0.993992213522141,0.0924750949615731
2048,16,D_raw_focal_W,44,0.15555197200001203,2.0,0.75,0.9808917197452229,0.9230769230769231,0.8571428571428571,0.9392179636082074,0.986013986013986,0.9339165220744167,142,1,2,12,157,14,8.92,0.24622253096766955,0.0057193521769911505,0.993992213522141,0.0924750949615731
2048,16,E_all_ce_noW,47,0.24383124299993142,2.0,0.75,0.9808917197452229,0.9230769230769231,0.8571428571428571,0.9392179636082074,0.9865134865134866,0.9436159079016221,142,1,2,12,157,14,8.92,0.2697247739486002,8.368579421331059e-08,0.999999308520478,0.08124098874686995
2048,16,F_all_ce_W,47,0.30634634200009714,2.0,0.75,0.9808917197452229,0.9230769230769231,0.8571428571428571,0.9392179636082074,0.99000999000999,0.9492248822605964,142,1,2,12,157,14,8.92,0.2729113174486291,1.7543798936546e-07,0.9999997807138806,0.08240426480284951
2048,16,G_all_focal_noW,47,0.1161816500000441,2.0,0.75,0.9745222929936306,0.9166666666666666,0.7857142857142857,0.9161324786324787,0.992007992007992,0.9536891679748822,142,1,3,11,157,14,8.92,0.24678417266538055,0.006445299639911834,0.9925712798534698,0.09295648862287274
2048,16,H_all_focal_W,47,0.11790121000012732,2.0,0.75,0.9745222929936306,0.9166666666666666,0.7857142857142857,0.9161324786324787,0.992007992007992,0.9536891679748822,142,1,3,11,157,14,8.92,0.24678417266538055,0.006445299639911834,0.9925712798534698,0.09295648862287274
2048,16,LEGACY_A,44,0.13725518399996872,2.0,0.75,0.9808917197452229,0.9230769230769231,0.8571428571428571,0.9392179636082074,0.9885114885114885,0.9354937177517822,142,1,2,12,157,14,8.92,0.2709487011009704,3.94648350830664e-08,0.9999995889171749,0.08188228266671116
2048,17,A_raw_ce_noW,44,0.14514303099986137,2.0,0.75,0.9936305732484076,1.0,0.9285714285714286,0.9797393212027359,0.999000999000999,0.9910714285714285,143,0,1,13,157,14,8.92,0.27003177793513533,5.727858259559054e-08,0.9999993559307332,0.081354576572449
2048,17,B_raw_ce_W,44,0.1568068060000769,2.0,0.75,0.9936305732484076,1.0,0.9285714285714286,0.9797393212027359,0.9995004995004995,0.995238095238095,143,0,1,13,157,14,8.92,0.27453433647141096,1.4880084487611712e-07,0.9999997736860836,0.08369725851209131
2048,17,C_raw_focal_noW,44,0.11343534200000249,2.0,0.75,0.9936305732484076,1.0,0.9285714285714286,0.9797393212027359,0.9995004995004995,0.9952380952380953,143,0,1,13,157,14,8.92,0.26306161231864,0.0030778489791095736,0.9952676613028906,0.09118751007120227
2048,17,D_raw_focal_W,44,0.13234806500008744,2.0,0.75,0.9936305732484076,1.0,0.9285714285714286,0.9797393212027359,0.9995004995004995,0.9952380952380953,143,0,1,13,157,14,8.92,0.26306161231864,0.0030778489791095736,0.9952676613028906,0.09118751007120227
2048,17,E_all_ce_noW,47,0.1549839609999708,2.0,0.75,0.9872611464968153,1.0,0.8571428571428571,0.9580662393162394,0.9985014985014985,0.985969387755102,143,0,2,12,157,14,8.92,0.26560523745012476,5.812744906145384e-08,0.9999995546442345,0.0767617748933026
2048,17,F_all_ce_W,47,0.17189004800002294,2.0,0.75,0.9872611464968153,1.0,0.8571428571428571,0.9580662393162394,0.9985014985014985,0.985969387755102,143,0,2,12,157,14,8.92,0.26563862695041696,1.56850181347281e-07,0.9999998147484245,0.07810356851367002
2048,17,G_all_focal_noW,47,0.12468373600017912,2.0,0.75,0.9872611464968153,1.0,0.8571428571428571,0.9580662393162394,0.9980019980019981,0.9822929171668666,143,0,2,12,157,14,8.92,0.2596715941415115,0.002956722178624672,0.9945636808392079,0.08815346925209505
2048,17,H_all_focal_W,47,0.1188945540000077,2.0,0.75,0.9872611464968153,1.0,0.8571428571428571,0.9580662393162394,0.9980019980019981,0.9822929171668666,143,0,2,12,157,14,8.92,0.2596715941415115,0.002956722178624672,0.9945636808392079,0.08815346925209505
2048,17,LEGACY_A,44,0.146257278000121,2.0,0.75,0.9936305732484076,1.0,0.9285714285714286,0.9797393212027359,1.0,0.9999999999999998,143,0,1,13,157,14,8.92,0.27475933852719164,4.7347683085310673e-08,0.9999996365525143,0.08416272909962383
2048,18,A_raw_ce_noW,44,0.1446039740001197,2.0,0.75,1.0,1.0,1.0,1.0,1.0,0.9999999999999998,143,0,0,14,157,14,8.92,0.2846928730671351,5.9364784141469993e-08,0.9999982560801836,0.08958002460640323
2048,18,B_raw_ce_W,44,0.15644526799997038,2.0,0.75,0.9936305732484076,0.9333333333333333,1.0,0.981004234724743,1.0,0.9999999999999998,142,1,0,14,157,14,8.92,0.2864767667771484,1.6970478468491638e-07,0.9999996742748494,0.092384743541975
2048,18,C_raw_focal_noW,44,0.1172747769999205,2.0,0.75,1.0,1.0,1.0,1.0,1.0,0.9999999999999998,143,0,0,14,157,14,8.92,0.2731172063091345,0.0036706809353444724,0.9923020026973551,0.09907723312957264
2048,18,D_raw_focal_W,44,0.11759053500009031,2.0,0.75,1.0,1.0,1.0,1.0,1.0,0.9999999999999998,143,0,0,14,157,14,8.92,0.2731172063091345,0.0036706809353444724,0.9923020026973551,0.09907723312957264
2048,18,E_all_ce_noW,47,0.16369209099980253,2.0,0.75,0.9936305732484076,0.9333333333333333,1.0,0.981004234724743,0.9995004995004995,0.9952380952380953,142,1,0,14,157,14,8.92,0.29192210706333693,7.073706698399134e-08,0.9999982220855599,0.09518096206499914
2048,18,F_all_ce_W,47,0.1815685649999068,2.0,0.75,0.9936305732484076,0.9333333333333333,1.0,0.981004234724743,0.9995004995004995,0.9952380952380953,142,1,0,14,157,14,8.92,0.29324946140111813,2.092107794843938e-07,0.999999651663423,0.09613973868441111
2048,18,G_all_focal_noW,47,0.11738829099999748,2.0,0.75,0.9936305732484076,0.9333333333333333,1.0,0.981004234724743,0.9995004995004995,0.9952380952380951,142,1,0,14,157,14,8.92,0.2779252357804462,0.003815548366400929,0.9921352276813363,0.10302177319660014
2048,18,H_all_focal_W,47,0.11784600100008902,2.0,0.75,0.9936305732484076,0.9333333333333333,1.0,0.981004234724743,0.9995004995004995,0.9952380952380951,142,1,0,14,157,14,8.92,0.2779252357804462,0.003815548366400929,0.9921352276813363,0.10302177319660014
2048,18,LEGACY_A,44,0.1460851100000582,2.0,0.75,0.9936305732484076,1.0,0.9285714285714286,0.9797393212027359,1.0,0.9999999999999999,143,0,1,13,157,14,8.92,0.2771847910510427,7.322511257775983e-08,0.9999994886220155,0.08607513947193193
2048,19,A_raw_ce_noW,44,0.14474547600002552,2.0,0.75,1.0,1.0,1.0,1.0,1.0,1.0,143,0,0,14,157,14,8.92,0.28348591801665457,6.026590909684361e-08,0.9999993687831438,0.08873118102664826
2048,19,B_raw_ce_W,44,0.1637020579998989,2.0,0.75,1.0,1.0,1.0,1.0,1.0,1.0,143,0,0,14,157,14,8.92,0.2847622134870046,1.39565518033641e-07,0.999999778976469,0.08914756870008542
2048,19,C_raw_focal_noW,44,0.11196925399985957,2.0,0.75,1.0,1.0,1.0,1.0,1.0,1.0,143,0,0,14,157,14,8.92,0.2721073677156821,0.002401604065553058,0.9952625084885575,0.0951880025156395
2048,19,D_raw_focal_W,44,0.1125205430000733,2.0,0.75,1.0,1.0,1.0,1.0,1.0,1.0,143,0,0,14,157,14,8.92,0.2721073677156821,0.002401604065553058,0.9952625084885575,0.0951880025156395
2048,19,E_all_ce_noW,47,0.1621864189999087,2.0,0.75,1.0,1.0,1.0,1.0,1.0,1.0,143,0,0,14,157,14,8.92,0.28487075918003185,4.6895018437235386e-08,0.9999993127966456,0.08914052155653959
2048,19,F_all_ce_W,47,0.174420426000097,2.0,0.75,1.0,1.0,1.0,1.0,1.0,1.0,143,0,0,14,157,14,8.92,0.28497786601259606,1.475307398028485e-07,0.9999996790711068,0.08918551310901997
2048,19,G_all_focal_noW,47,0.1231039360000068,2.0,0.75,1.0,1.0,1.0,1.0,1.0,1.0,143,0,0,14,157,14,8.92,0.277462468282637,0.002648630080002657,0.9957870986790895,0.09675355366330718
2048,19,H_all_focal_W,47,0.11794510300001093,2.0,0.75,1.0,1.0,1.0,1.0,1.0,1.0,143,0,0,14,157,14,8.92,0.277462468282637,0.002648630080002657,0.9957870986790895,0.09675355366330718
2048,19,LEGACY_A,44,0.16076797899995654,2.0,0.75,1.0,1.0,1.0,1.0,1.0,1.0,143,0,0,14,157,14,8.92,0.28490588503887687,4.994841478963187e-08,0.9999995827400048,0.0892378161290579
2048,20,A_raw_ce_noW,44,0.13767710000001898,2.0,0.75,0.9935897435897436,1.0,0.9230769230769231,0.9782578397212544,1.0,1.0,143,0,1,12,156,13,8.33,0.26614525898522456,7.734855342451528e-08,0.999999027797544,0.07737109226900328
2048,20,B_raw_ce_W,44,0.14973332099998515,2.0,0.75,0.9935897435897436,1.0,0.9230769230769231,0.9782578397212544,0.9994620763851533,0.9945054945054945,143,0,1,12,156,13,8.33,0.2662708363841354,1.7747998611441178e-07,0.9999997714083123,0.07778340478602026
2048,20,C_raw_focal_noW,44,0.11851267400015786,2.0,0.75,0.9935897435897436,1.0,0.9230769230769231,0.9782578397212544,0.9994620763851533,0.9945054945054945,143,0,1,12,156,13,8.33,0.2581350313442356,0.0036101346463539925,0.9944848870632256,0.08817871585952575
2048,20,D_raw_focal_W,44,0.11313192500006153,2.0,0.75,0.9935897435897436,1.0,0.9230769230769231,0.9782578397212544,0.9994620763851533,0.9945054945054945,143,0,1,12,156,13,8.33,0.2581350313442356,0.0036101346463539925,0.9944848870632256,0.08817871585952575
2048,20,E_all_ce_noW,47,0.16838099799997508,2.0,0.75,0.9935897435897436,1.0,0.9230769230769231,0.9782578397212544,1.0,1.0,143,0,1,12,156,13,8.33,0.266011004845205,6.913904799446166e-08,0.9999992519273723,0.07730884105081254
2048,20,F_all_ce_W,47,0.16852708800001892,2.0,0.75,0.9935897435897436,1.0,0.9230769230769231,0.9782578397212544,0.9994620763851533,0.9945054945054943,143,0,1,12,156,13,8.33,0.2662810904384165,1.8793202569095472e-07,0.9999997102453284,0.07722747729231477
2048,20,G_all_focal_noW,47,0.12197430900005202,2.0,0.75,0.9935897435897436,1.0,0.9230769230769231,0.9782578397212544,0.9994620763851533,0.9945054945054943,143,0,1,12,156,13,8.33,0.25724184932029187,0.003542191266886597,0.9942302311376165,0.0872736855437038
2048,20,H_all_focal_W,47,0.11947769299990796,2.0,0.75,0.9935897435897436,1.0,0.9230769230769231,0.9782578397212544,0.9994620763851533,0.9945054945054943,143,0,1,12,156,13,8.33,0.25724184932029187,0.003542191266886597,0.9942302311376165,0.0872736855437038
2048,20,LEGACY_A,44,0.14205159500011177,2.0,0.75,0.9871794871794872,0.9230769230769231,0.9230769230769231,0.9580419580419581,0.9994620763851533,0.9945054945054943,142,1,1,12,156,13,8.33,0.2689129815073993,5.54843520363949e-08,0.9999995613530764,0.08045086245658767
2048,21,A_raw_ce_noW,44,0.1542390270001306,2.0,0.75,0.9872611464968153,1.0,0.8571428571428571,0.9580662393162394,0.9945054945054945,0.9685714285714285,143,0,2,12,157,14,8.92,0.2643415565546281,9.254927250082193e-08,0.9999986636495785,0.07618253390136873
2048,21,B_raw_ce_W,44,0.15021506700009013,2.0,0.75,0.9872611464968153,1.0,0.8571428571428571,0.9580662393162394,0.9835164835164836,0.9412698412698413,143,0,2,12,157,14,8.92,0.2652120583348698,1.6277516769470696e-07,0.9999995660193299,0.07642450581922708
2048,21,C_raw_focal_noW,44,0.11333261499999026,2.0,0.75,0.9872611464968153,1.0,0.8571428571428571,0.9580662393162394,0.9895104895104895,0.9493506493506493,143,0,2,12,157,14,8.92,0.2506333955992861,0.004420040372466205,0.9914242906034758,0.0861768023155096
2048,21,D_raw_focal_W,44,0.1038430219998645,2.0,0.75,0.9872611464968153,1.0,0.8571428571428571,0.9580662393162394,0.9895104895104895,0.9493506493506493,143,0,2,12,157,14,8.92,0.2506333955992861,0.004420040372466205,0.9914242906034758,0.0861768023155096
2048,21,E_all_ce_noW,47,0.157545669000001,2.0,0.75,0.9872611464968153,1.0,0.8571428571428571,0.9580662393162394,0.997002997002997,0.9785714285714286,143,0,2,12,157,14,8.92,0.2615432734427634,8.668187705082693e-08,0.9999987802377771,0.07524461584262393
2048,21,F_all_ce_W,47,0.16853884900001503,2.0,0.75,0.9872611464968153,1.0,0.8571428571428571,0.9580662393162394,0.997002997002997,0.9785714285714286,143,0,2,12,157,14,8.92,0.2646790782524632,1.5997683550898839e-07,0.9999997072459645,0.07625439026864646
2048,21,G_all_focal_noW,47,0.1180531269999392,2.0,0.75,0.9872611464968153,1.0,0.8571428571428571,0.9580662393162394,0.9985014985014985,0.9873949579831932,143,0,2,12,157,14,8.92,0.24573356258719048,0.0049930320974232905,0.9925069180672377,0.08336235789763735
2048,21,H_all_focal_W,47,0.13355767300004118,2.0,0.75,0.9872611464968153,1.0,0.8571428571428571,0.9580662393162394,0.9985014985014985,0.9873949579831932,143,0,2,12,157,14,8.92,0.24573356258719048,0.0049930320974232905,0.9925069180672377,0.08336235789763735
2048,21,LEGACY_A,44,0.1451100750000478,2.0,0.75,0.9872611464968153,1.0,0.8571428571428571,0.9580662393162394,0.9845154845154845,0.9423034330011073,143,0,2,12,157,14,8.92,0.2628680500407075,6.693933615195722e-08,0.9999995503145448,0.07571741459601367
2048,22,A_raw_ce_noW,44,0.14484828800004834,2.0,0.75,1.0,1.0,1.0,1.0,1.0,0.9999999999999999,143,0,0,14,157,14,8.92,0.28055947207924903,7.99935630541549e-08,0.9999984050796491,0.08901096366767075
2048,22,B_raw_ce_W,44,0.15407993899998473,2.0,0.75,1.0,1.0,1.0,1.0,1.0,0.9999999999999999,143,0,0,14,157,14,8.92,0.28397914790010226,1.83072739445408e-07,0.9999996885275708,0.09007505592184725
2048,22,C_raw_focal_noW,44,0.11211563900019428,2.0,0.75,1.0,1.0,1.0,1.0,1.0,0.9999999999999999,143,0,0,14,157,14,8.92,0.26719288103866545,0.003256330830709701,0.9910539242291757,0.10018642132821602
2048,22,D_raw_focal_W,44,0.13002871499998037,2.0,0.75,1.0,1.0,1.0,1.0,1.0,0.9999999999999999,143,0,0,14,157,14,8.92,0.26719288103866545,0.003256330830709701,0.9910539242291757,0.10018642132821602
2048,22,E_all_ce_noW,47,0.15563120799993158,2.0,0.75,0.9936305732484076,0.9333333333333333,1.0,0.981004234724743,1.0,0.9999999999999999,142,1,0,14,157,14,8.92,0.28022703467138077,8.522593153399311e-08,0.9999982816880914,0.09007902683776808
2048,22,F_all_ce_W,47,0.16995127499990303,2.0,0.75,0.9936305732484076,0.9333333333333333,1.0,0.981004234724743,1.0,0.9999999999999999,142,1,0,14,157,14,8.92,0.28701200178396585,1.527654218784988e-07,0.9999995982607701,0.0955478540057208
2048,22,G_all_focal_noW,47,0.168182619999925,2.0,0.75,0.9936305732484076,0.9333333333333333,1.0,0.981004234724743,0.9995004995004995,0.9952380952380953,142,1,0,14,157,14,8.92,0.27342487455348413,0.003947394251584562,0.9934714008009129,0.10362679815100416
2048,22,H_all_focal_W,47,0.18234035599994058,2.0,0.75,0.9936305732484076,0.9333333333333333,1.0,0.981004234724743,0.9995004995004995,0.9952380952380953,142,1,0,14,157,14,8.92,0.27342487455348413,0.003947394251584562,0.9934714008009129,0.10362679815100416
2048,22,LEGACY_A,44,0.22788011800003005,2.0,0.75,0.9936305732484076,0.9333333333333333,1.0,0.981004234724743,0.9995004995004995,0.9952380952380953,142,1,0,14,157,14,8.92,0.2896496974114176,4.074695785255282e-08,0.9999995814898943,0.09411176557525933
2048,23,A_raw_ce_noW,44,0.22784250600011546,2.0,0.75,0.9808917197452229,0.8666666666666667,0.9285714285714286,0.9430127041742287,0.996003996003996,0.9572096670836167,141,2,1,13,157,14,8.92,0.28444478448547694,5.3951412440569785e-08,0.9999993719903095,0.09337139535834099
2048,23,B_raw_ce_W,44,0.24278916799994477,2.0,0.75,0.9745222929936306,0.8125,0.9285714285714286,0.9262910798122066,0.9965034965034966,0.9643525242264738,140,3,1,13,157,14,8.92,0.2950233296851618,1.6767784517689324e-07,0.9999997922455822,0.10025309886191583
2048,23,C_raw_focal_noW,44,0.19505467300018609,2.0,0.75,0.9872611464968153,0.9285714285714286,0.9285714285714286,0.9607892107892109,0.996003996003996,0.9572096670836165,142,1,1,13,157,14,8.92,0.2671883576378538,0.0036017484976943533,0.994855929388584,0.10012675232351605
2048,23,D_raw_focal_W,44,0.1906820819999666,2.0,0.75,0.9872611464968153,0.9285714285714286,0.9285714285714286,0.9607892107892109,0.996003996003996,0.9572096670836165,142,1,1,13,157,14,8.92,0.2671883576378538,0.0036017484976943533,0.994855929388584,0.10012675232351605
2048,23,E_all_ce_noW,47,0.2427329849999751,2.0,0.75,0.9808917197452229,0.8666666666666667,0.9285714285714286,0.9430127041742287,0.9955044955044955,0.9527878983761335,141,2,1,13,157,14,8.92,0.28731888335347405,4.361683422285843e-08,0.9999996935397497,0.09522646604878349
2048,23,F_all_ce_W,47,0.25813035600003786,2.0,0.75,0.9745222929936306,0.8125,0.9285714285714286,0.9262910798122066,0.9960039960039959,0.9572096670836168,140,3,1,13,157,14,8.92,0.29488825796490015,1.2085925319515044e-07,0.9999998523758706,0.09957814621455559
2048,23,G_all_focal_noW,47,0.16394831800016618,2.0,0.75,0.9745222929936306,0.8125,0.9285714285714286,0.9262910798122066,0.9965034965034966,0.9643525242264737,140,3,1,13,157,14,8.92,0.272347208074178,0.0038165578873362287,0.9972332507403268,0.10177941405186575
2048,23,H_all_focal_W,47,0.18328771000005872,2.0,0.75,0.9745222929936306,0.8125,0.9285714285714286,0.9262910798122066,0.9965034965034966,0.9643525242264737,140,3,1,13,157,14,8.92,0.272347208074178,0.0038165578873362287,0.9972332507403268,0.10177941405186575
2048,23,LEGACY_A,44,0.22644405500000175,2.0,0.75,0.9936305732484076,0.9333333333333333,1.0,0.981004234724743,0.9985014985014985,0.9846415489272632,142,1,0,14,157,14,8.92,0.29046261009415,5.2604707247498126e-08,0.999999628837409,0.09793167200337072
2048,24,A_raw_ce_noW,44,0.23033123400000477,2.0,0.75,1.0,1.0,1.0,1.0,1.0,0.9999999999999998,143,0,0,14,157,14,8.92,0.28490106265323223,5.781481291999879e-08,0.9999991130658787,0.08955569802721146
2048,24,B_raw_ce_W,44,0.25846656099997745,2.0,0.75,1.0,1.0,1.0,1.0,1.0,0.9999999999999998,143,0,0,14,157,14,8.92,0.284926614307389,1.467764092290891e-07,0.9999997972911452,0.0894212245522188
2048,24,C_raw_focal_noW,44,0.192149696000115,2.0,0.75,1.0,1.0,1.0,1.0,1.0,0.9999999999999998,143,0,0,14,157,14,8.92,0.27601553513663946,0.003224215421654135,0.9945114757165389,0.09846449314305714
2048,24,D_raw_focal_W,44,0.19269051300011597,2.0,0.75,1.0,1.0,1.0,1.0,1.0,0.9999999999999998,143,0,0,14,157,14,8.92,0.27601553513663946,0.003224215421654135,0.9945114757165389,0.09846449314305714
2048,24,E_all_ce_noW,47,0.22568288200000097,2.0,0.75,1.0,1.0,1.0,1.0,1.0,0.9999999999999998,143,0,0,14,157,14,8.92,0.2848896301855189,4.966952106778174e-08,0.9999988869188873,0.0902330424271405
2048,24,F_all_ce_W,47,0.19447480199983147,2.0,0.75,1.0,1.0,1.0,1.0,1.0,0.9999999999999998,143,0,0,14,157,14,8.92,0.28602236939903114,1.384621885700597e-07,0.9999997058946638,0.09188598243039178
2048,24,G_all_focal_noW,47,0.11751835299992308,2.0,0.75,1.0,1.0,1.0,1.0,1.0,0.9999999999999998,143,0,0,14,157,14,8.92,0.2781534482193863,0.0034987571643424263,0.9945358913816262,0.10090241712874862
2048,24,H_all_focal_W,47,0.12059627899998304,2.0,0.75,1.0,1.0,1.0,1.0,1.0,0.9999999999999998,143,0,0,14,157,14,8.92,0.2781534482193863,0.0034987571643424263,0.9945358913816262,0.10090241712874862
2048,24,LEGACY_A,44,0.1417917070000385,2.0,0.75,1.0,1.0,1.0,1.0,1.0,0.9999999999999998,143,0,0,14,157,14,8.92,0.2849059883635135,4.692341687348594e-08,0.9999995672592846,0.08954060426607366
2048,25,A_raw_ce_noW,44,0.16040854900006707,2.0,0.75,0.9935897435897436,1.0,0.9230769230769231,0.9782578397212544,1.0,1.0,143,0,1,12,156,13,8.33,0.26513083035282187,6.910159671387035e-08,0.9999992659742162,0.07730940188252643
2048,25,B_raw_ce_W,44,0.17087303499988593,2.0,0.75,0.9935897435897436,1.0,0.9230769230769231,0.9782578397212544,1.0,1.0,143,0,1,12,156,13,8.33,0.26620090691165266,1.6762729493241805e-07,0.9999997437510827,0.07698907914990748
2048,25,C_raw_focal_noW,44,0.11229109000009885,2.0,0.75,0.9935897435897436,1.0,0.9230769230769231,0.9782578397212544,1.0,0.9999999999999998,143,0,1,12,156,13,8.33,0.25540674962344223,0.003230042999087415,0.9956325524853042,0.08412144226074031
2048,25,D_raw_focal_W,44,0.1138743510000495,2.0,0.75,0.9935897435897436,1.0,0.9230769230769231,0.9782578397212544,1.0,0.9999999999999998,143,0,1,12,156,13,8.33,0.25540674962344223,0.003230042999087415,0.9956325524853042,0.08412144226074031
2048,25,E_all_ce_noW,47,0.1540073730000131,2.0,0.75,0.9935897435897436,1.0,0.9230769230769231,0.9782578397212544,1.0,1.0,143,0,1,12,156,13,8.33,0.2662653724921406,6.350015050127612e-08,0.9999990918445859,0.07708576234671674
2048,25,F_all_ce_W,47,0.16718379200005984,2.0,0.75,0.9935897435897436,1.0,0.9230769230769231,0.9782578397212544,1.0,1.0,143,0,1,12,156,13,8.33,0.2663821764086958,1.6044413759824595e-07,0.9999997298797912,0.07730252830474525
2048,25,G_all_focal_noW,47,0.12217103300008603,2.0,0.75,0.9935897435897436,1.0,0.9230769230769231,0.9782578397212544,1.0,0.9999999999999998,143,0,1,12,156,13,8.33,0.25789325746273273,0.0033079554929639618,0.9958140591492759,0.08429364307746123
2048,25,H_all_focal_W,47,0.1197204770001008,2.0,0.75,0.9935897435897436,1.0,0.9230769230769231,0.9782578397212544,1.0,0.9999999999999998,143,0,1,12,156,13,8.33,0.25789325746273273,0.0033079554929639618,0.9958140591492759,0.08429364307746123
2048,25,LEGACY_A,44,0.1589706689999275,2.0,0.75,0.9935897435897436,1.0,0.9230769230769231,0.9782578397212544,1.0,1.0,143,0,1,12,156,13,8.33,0.2650464621089599,6.060635432287843e-08,0.9999995735353366,0.07656207915808218
3333,1,A_raw_ce_noW,44,0.13325989399982063,2.0,0.75,0.9745222929936306,1.0,0.7142857142857143,0.9097701149425288,0.9975024975024975,0.981203007518797,143,0,4,10,157,14,8.92,0.24534065975665434,9.123680941967369e-08,0.9999992000501583,0.06768335370234986
3333,1,B_raw_ce_W,44,0.14773652400003812,2.0,0.75,0.9872611464968153,1.0,0.8571428571428571,0.9580662393162394,0.9955044955044954,0.9720496894409938,143,0,2,12,157,14,8.92,0.25660001980544067,1.4954265839581572e-07,0.9999998141496088,0.07353862011229642
3333,1,C_raw_focal_noW,44,0.1198434709999674,2.0,0.75,0.9808917197452229,1.0,0.7857142857142857,0.9348096885813149,0.9835164835164835,0.9498480243161094,143,0,3,11,157,14,8.92,0.24088053888915892,0.004440277323395189,0.9927023591673233,0.08183057561765031
3333,1,D_raw_focal_W,44,0.1151188070000444,2.0,0.75,0.9808917197452229,1.0,0.7857142857142857,0.9348096885813149,0.9835164835164835,0.9498480243161094,143,0,3,11,157,14,8.92,0.24088053888915892,0.004440277323395189,0.9927023591673233,0.08183057561765031
3333,1,E_all_ce_noW,47,0.16560767900000428,2.0,0.75,0.9808917197452229,1.0,0.7857142857142857,0.9348096885813149,0.9935064935064934,0.9656084656084656,143,0,3,11,157,14,8.92,0.24684308675844735,7.79049229405775e-08,0.9999992675353804,0.06879127021930591
3333,1,F_all_ce_W,47,0.16807259100005467,2.0,0.75,0.9872611464968153,1.0,0.8571428571428571,0.9580662393162394,0.994005994005994,0.9670329670329669,143,0,2,12,157,14,8.92,0.2568809428687788,1.4611436309333324e-07,0.999999812072323,0.07389199728663319
3333,1,G_all_focal_noW,47,0.11461267200002112,2.0,0.75,0.9872611464968153,1.0,0.8571428571428571,0.9580662393162394,0.98001998001998,0.9470899470899472,143,0,2,12,157,14,8.92,0.2416493138641254,0.004994206669642386,0.991655901604358,0.08518564550234783
3333,1,H_all_focal_W,47,0.11510425999995277,2.0,0.75,0.9872611464968153,1.0,0.8571428571428571,0.9580662393162394,0.98001998001998,0.9470899470899472,143,0,2,12,157,14,8.92,0.2416493138641254,0.004994206669642386,0.991655901604358,0.08518564550234783
3333,1,LEGACY_A,44,0.13700785200012433,2.0,0.75,0.9872611464968153,1.0,0.8571428571428571,0.9580662393162394,0.9960039960039959,0.9710884353741496,143,0,2,12,157,14,8.92,0.26065346318335963,8.906403078930731e-08,0.9999995555137786,0.0755444151267472
3333,2,A_raw_ce_noW,44,0.1597475089999989,2.0,0.75,0.9936305732484076,1.0,0.9285714285714286,0.9797393212027359,0.9995004995004995,0.9952380952380951,143,0,1,13,157,14,8.92,0.2752193605238011,7.067086746415997e-08,0.9999991155359766,0.0832482418554438
3333,2,B_raw_ce_W,44,0.17886495200013997,2.0,0.75,0.9936305732484076,1.0,0.9285714285714286,0.9797393212027359,0.9995004995004995,0.9952380952380951,143,0,1,13,157,14,8.92,0.27538782237143195,1.6450621008805728e-07,0.9999997811166015,0.08340425894164602
3333,2,C_raw_focal_noW,44,0.11217253199993138,2.0,0.75,0.9936305732484076,1.0,0.9285714285714286,0.9797393212027359,0.9990009990009989,0.9910714285714285,143,0,1,13,157,14,8.92,0.2636030339768444,0.0035353513359158303,0.9925449066386975,0.09534956623056542
3333,2,D_raw_focal_W,44,0.11229094999998779,2.0,0.75,0.9936305732484076,1.0,0.9285714285714286,0.9797393212027359,0.9990009990009989,0.9910714285714285,143,0,1,13,157,14,8.92,0.2636030339768444,0.0035353513359158303,0.9925449066386975,0.09534956623056542
3333,2,E_all_ce_noW,47,0.15930160400012028,2.0,0.75,0.9872611464968153,0.9285714285714286,0.9285714285714286,0.9607892107892109,0.999000999000999,0.9910714285714285,142,1,1,13,157,14,8.92,0.2781126231017998,6.248738988929833e-08,0.9999990029981359,0.08646815303397626
3333,2,F_all_ce_W,47,0.1802609900000789,2.0,0.75,0.9872611464968153,0.9285714285714286,0.9285714285714286,0.9607892107892109,0.999000999000999,0.9910714285714285,142,1,1,13,157,14,8.92,0.2775117889770219,1.5396574232746207e-07,0.9999997071062706,0.08609492969290808
3333,2,G_all_focal_noW,47,0.12111204100006034,2.0,0.75,0.9872611464968153,0.9285714285714286,0.9285714285714286,0.9607892107892109,0.9985014985014985,0.9873949579831931,142,1,1,13,157,14,8.92,0.2655092679910449,0.0034195755247406296,0.9927957257019818,0.0968915128523979
3333,2,H_all_focal_W,47,0.12822652399995604,2.0,0.75,0.9872611464968153,0.9285714285714286,0.9285714285714286,0.9607892107892109,0.9985014985014985,0.9873949579831931,142,1,1,13,157,14,8.92,0.2655092679910449,0.0034195755247406296,0.9927957257019818,0.0968915128523979
3333,2,LEGACY_A,44,0.15419483599998784,2.0,0.75,0.9936305732484076,1.0,0.9285714285714286,0.9797393212027359,1.0,0.9999999999999999,143,0,1,13,157,14,8.92,0.27540708400267755,5.7184491413656625e-08,0.9999995721493548,0.08371507128676646
3333,3,A_raw_ce_noW,44,0.16863260800005264,2.0,0.75,0.9936305732484076,1.0,0.9285714285714286,0.9797393212027359,1.0,0.9999999999999999,143,0,1,13,157,14,8.92,0.2760746996153793,8.125705182588874e-08,0.9999989899897961,0.08508990292049462
3333,3,B_raw_ce_W,44,0.18322828700001992,2.0,0.75,1.0,1.0,1.0,1.0,1.0,0.9999999999999999,143,0,0,14,157,14,8.92,0.2799117129976729,1.9440525295164209e-07,0.9999997582725955,0.0896915470365767
3333,3,C_raw_focal_noW,44,0.1152645399999983,2.0,0.75,0.9936305732484076,1.0,0.9285714285714286,0.9797393212027359,1.0,1.0,143,0,1,13,157,14,8.92,0.26918416474807444,0.003925473994287627,0.9950677021089321,0.09854117221117033
3333,3,D_raw_focal_W,44,0.11245272099995418,2.0,0.75,0.9936305732484076,1.0,0.9285714285714286,0.9797393212027359,1.0,1.0,143,0,1,13,157,14,8.92,0.26918416474807444,0.003925473994287627,0.9950677021089321,0.09854117221117033
3333,3,E_all_ce_noW,47,0.15221099399991544,2.0,0.75,0.9872611464968153,0.9285714285714286,0.9285714285714286,0.9607892107892109,0.9995004995004995,0.9952380952380953,142,1,1,13,157,14,8.92,0.2839133336603608,7.894360852218009e-08,0.9999990205075382,0.09007097293951291
3333,3,F_all_ce_W,47,0.1728907239998989,2.0,0.75,0.9872611464968153,0.9285714285714286,0.9285714285714286,0.9607892107892109,0.9985014985014985,0.985969387755102,142,1,1,13,157,14,8.92,0.2850223226204489,1.9415467125331738e-07,0.9999997338927935,0.09218126758425717
3333,3,G_all_focal_noW,47,0.11911064200012333,2.0,0.75,0.9872611464968153,0.9285714285714286,0.9285714285714286,0.9607892107892109,0.9995004995004995,0.9952380952380953,142,1,1,13,157,14,8.92,0.27584092406380634,0.0036701898347570004,0.9938685699037204,0.10022425545597596
3333,3,H_all_focal_W,47,0.11588545299991893,2.0,0.75,0.9872611464968153,0.9285714285714286,0.9285714285714286,0.9607892107892109,0.9995004995004995,0.9952380952380953,142,1,1,13,157,14,8.92,0.27584092406380634,0.0036701898347570004,0.9938685699037204,0.10022425545597596
3333,3,LEGACY_A,44,0.15640602400003445,2.0,0.75,1.0,1.0,1.0,1.0,1.0,0.9999999999999999,143,0,0,14,157,14,8.92,0.28275768759240777,7.371170984612291e-08,0.9999995953904216,0.08923116535635897
3333,4,A_raw_ce_noW,44,0.1434940890001144,2.0,0.75,1.0,1.0,1.0,1.0,1.0,1.0,143,0,0,14,157,14,8.92,0.28620320117646314,5.662191454871178e-08,0.9999992461199917,0.09321557975308711
3333,4,B_raw_ce_W,44,0.16425284500019188,2.0,0.75,0.9936305732484076,0.9333333333333333,1.0,0.981004234724743,1.0,1.0,142,1,0,14,157,14,8.92,0.2882059133202499,1.4807667930846376e-07,0.9999997481959016,0.09461166636523888
3333,4,C_raw_focal_noW,44,0.11362981800016314,2.0,0.75,1.0,1.0,1.0,1.0,1.0,0.9999999999999998,143,0,0,14,157,14,8.92,0.2812773346061918,0.0030315064510442603,0.994557712108853,0.10237620018530273
3333,4,D_raw_focal_W,44,0.11480538799992246,2.0,0.75,1.0,1.0,1.0,1.0,1.0,0.9999999999999998,143,0,0,14,157,14,8.92,0.2812773346061918,0.0030315064510442603,0.994557712108853,0.10237620018530273
3333,4,E_all_ce_noW,47,0.18024817800005621,2.0,0.75,1.0,1.0,1.0,1.0,1.0,0.9999999999999998,143,0,0,14,157,14,8.92,0.28495507385331964,5.7853989836555814e-08,0.999999150772882,0.08928289244166715
3333,4,F_all_ce_W,47,0.21072960900005455,2.0,0.75,1.0,1.0,1.0,1.0,1.0,1.0,143,0,0,14,157,14,8.92,0.284945754521222,1.737722458334611e-07,0.9999997270217785,0.0893241164704636
3333,4,G_all_focal_noW,47,0.11666785500005972,2.0,0.75,1.0,1.0,1.0,1.0,1.0,0.9999999999999999,143,0,0,14,157,14,8.92,0.27885350434611267,0.0036015560932895797,0.9943588276032511,0.09991404587156773
3333,4,H_all_focal_W,47,0.12257268700000168,2.0,0.75,1.0,1.0,1.0,1.0,1.0,0.9999999999999999,143,0,0,14,157,14,8.92,0.27885350434611267,0.0036015560932895797,0.9943588276032511,0.09991404587156773
3333,4,LEGACY_A,44,0.14934477899987542,2.0,0.75,1.0,1.0,1.0,1.0,1.0,1.0,143,0,0,14,157,14,8.92,0.2852871172691417,4.523330585851702e-08,0.9999996320560923,0.0913908248032585
3333,5,A_raw_ce_noW,44,0.15418966000015644,2.0,0.75,0.9807692307692307,0.9166666666666666,0.8461538461538461,0.9347735191637631,0.9983862291554599,0.9821780783319243,142,1,2,11,156,13,8.33,0.2600234715975664,5.4679019329398996e-08,0.9999993692938219,0.0760322477480339
3333,5,B_raw_ce_W,44,0.15129334099992775,2.0,0.75,0.9807692307692307,0.9166666666666666,0.8461538461538461,0.9347735191637631,0.9989241527703067,0.9885883347421807,142,1,2,11,156,13,8.33,0.264329378632534,1.580643729208712e-07,0.9999997291503545,0.07910497295776658
3333,5,C_raw_focal_noW,44,0.11717533199998797,2.0,0.75,0.9807692307692307,0.9166666666666666,0.8461538461538461,0.9347735191637631,0.9967724583109199,0.9653513153513151,142,1,2,11,156,13,8.33,0.2390390508756885,0.003929183616007737,0.9951291139997921,0.0815727777484584
3333,5,D_raw_focal_W,44,0.18025578200013115,2.0,0.75,0.9807692307692307,0.9166666666666666,0.8461538461538461,0.9347735191637631,0.9967724583109199,0.9653513153513151,142,1,2,11,156,13,8.33,0.2390390508756885,0.003929183616007737,0.9951291139997921,0.0815727777484584
3333,5,E_all_ce_noW,47,0.2566577130000951,2.0,0.75,0.9743589743589743,0.9090909090909091,0.7692307692307693,0.9097222222222223,0.9967724583109199,0.9653513153513151,142,1,3,10,156,13,8.33,0.24912947759422832,4.921480281145203e-08,0.9999993996953815,0.06997880318436696
3333,5,F_all_ce_W,47,0.28117324000004373,2.0,0.75,0.9743589743589743,0.9090909090909091,0.7692307692307693,0.9097222222222223,0.9983862291554599,0.9821780783319243,142,1,3,10,156,13,8.33,0.25610888487793104,1.4229435054775468e-07,0.9999997759676429,0.07405124028628851
3333,5,G_all_focal_noW,47,0.16198719499993786,2.0,0.75,0.9743589743589743,0.9090909090909091,0.7692307692307693,0.9097222222222223,0.9973103819257665,0.9704231665770127,142,1,3,10,156,13,8.33,0.2418761174574177,0.0047251770072668,0.9948309820570971,0.08254046061327831
3333,5,H_all_focal_W,47,0.16561469699990994,2.0,0.75,0.9743589743589743,0.9090909090909091,0.7692307692307693,0.9097222222222223,0.9973103819257665,0.9704231665770127,142,1,3,10,156,13,8.33,0.2418761174574177,0.0047251770072668,0.9948309820570971,0.08254046061327831
3333,5,LEGACY_A,44,0.22730492899995625,2.0,0.75,0.9871794871794872,0.9230769230769231,0.9230769230769231,0.9580419580419581,0.9989241527703067,0.9885883347421807,142,1,1,12,156,13,8.33,0.263188124474284,4.730980340654914e-08,0.9999995459471577,0.08007987127723602
3333,6,A_raw_ce_noW,44,0.21765243300001202,2.0,0.75,0.9872611464968153,1.0,0.8571428571428571,0.9580662393162394,0.9885114885114885,0.9555984555984556,143,0,2,12,157,14,8.92,0.2656531135669944,7.924140395622376e-08,0.9999992860332371,0.07656285481068136
3333,6,B_raw_ce_W,44,0.2519696079998539,2.0,0.75,0.9872611464968153,1.0,0.8571428571428571,0.9580662393162394,0.981018981018981,0.943077230892357,143,0,2,12,157,14,8.92,0.26561230147179127,1.7228225038447467e-07,0.999999777825923,0.07679940570212135
3333,6,C_raw_focal_noW,44,0.17935589600006097,2.0,0.75,0.9872611464968153,1.0,0.8571428571428571,0.9580662393162394,0.9725274725274725,0.9303300865800865,143,0,2,12,157,14,8.92,0.25760374055646174,0.004281890440893788,0.9917864860638403,0.09019155104382104
3333,6,D_raw_focal_W,44,0.17838713799983452,2.0,0.75,0.9872611464968153,1.0,0.8571428571428571,0.9580662393162394,0.9725274725274725,0.9303300865800865,143,0,2,12,157,14,8.92,0.25760374055646174,0.004281890440893788,0.9917864860638403,0.09019155104382104
3333,6,E_all_ce_noW,47,0.2389905939999153,2.0,0.75,0.9872611464968153,1.0,0.8571428571428571,0.9580662393162394,0.9915084915084915,0.9535303776683087,143,0,2,12,157,14,8.92,0.2655536023331823,8.441643739005175e-08,0.999999154620476,0.07706080780694222
3333,6,F_all_ce_W,47,0.26516783400006716,2.0,0.75,0.9872611464968153,1.0,0.8571428571428571,0.9580662393162394,0.988011988011988,0.9468253968253968,143,0,2,12,157,14,8.92,0.2662521635337373,2.0090029145001966e-07,0.9999997930617219,0.07965463401057692
3333,6,G_all_focal_noW,47,0.16783274599993092,2.0,0.75,0.9808917197452229,0.9230769230769231,0.8571428571428571,0.9392179636082074,0.9915084915084915,0.9535303776683087,142,1,2,12,157,14,8.92,0.2623867543866331,0.004406905710388476,0.9923946945125739,0.09244875960877459
3333,6,H_all_focal_W,47,0.16916734099982023,2.0,0.75,0.9808917197452229,0.9230769230769231,0.8571428571428571,0.9392179636082074,0.9915084915084915,0.9535303776683087,142,1,2,12,157,14,8.92,0.2623867543866331,0.004406905710388476,0.9923946945125739,0.09244875960877459
3333,6,LEGACY_A,44,0.2387115009998979,2.0,0.75,0.9872611464968153,1.0,0.8571428571428571,0.9580662393162394,0.9930069930069929,0.960506424792139,143,0,2,12,157,14,8.92,0.26592484480039696,6.064557983520946e-08,0.9999995614215692,0.07799161079872334
3333,7,A_raw_ce_noW,44,0.23248064900008103,2.0,0.75,0.9872611464968153,1.0,0.8571428571428571,0.9580662393162394,1.0,0.9999999999999999,143,0,2,12,157,14,8.92,0.26031774022197673,5.0334666679765917e-08,0.9999988904074255,0.0753793836442948
3333,7,B_raw_ce_W,44,0.24162871999988056,2.0,0.75,0.9872611464968153,1.0,0.8571428571428571,0.9580662393162394,0.999000999000999,0.9901360544217686,143,0,2,12,157,14,8.92,0.26470216489188597,9.084789098545055e-08,0.9999996441908565,0.07625607214928071
3333,7,C_raw_focal_noW,44,0.13040114199998243,2.0,0.75,0.9872611464968153,1.0,0.8571428571428571,0.9580662393162394,1.0,1.0,143,0,2,12,157,14,8.92,0.25405475886129536,0.0035077454027435287,0.9931184960614008,0.0872292329657722
3333,7,D_raw_focal_W,44,0.11689039299994874,2.0,0.75,0.9872611464968153,1.0,0.8571428571428571,0.9580662393162394,1.0,1.0,143,0,2,12,157,14,8.92,0.25405475886129536,0.0035077454027435287,0.9931184960614008,0.0872292329657722
3333,7,E_all_ce_noW,47,0.15805355099996632,2.0,0.75,0.9872611464968153,1.0,0.8571428571428571,0.9580662393162394,1.0,1.0,143,0,2,12,157,14,8.92,0.2654019823556062,4.748847900239406e-08,0.9999985070909917,0.07826249016035348
3333,7,F_all_ce_W,47,0.17513060300007055,2.0,0.75,0.9872611464968153,1.0,0.8571428571428571,0.9580662393162394,1.0,1.0,143,0,2,12,157,14,8.92,0.26554218205176555,1.6212110673697064e-07,0.9999996398680637,0.07714763905305874
3333,7,G_all_focal_noW,47,0.12085351000018818,2.0,0.75,0.9872611464968153,1.0,0.8571428571428571,0.9580662393162394,1.0,1.0,143,0,2,12,157,14,8.92,0.25553021555747457,0.003735418230661173,0.9915302571108712,0.08925757212634805
3333,7,H_all_focal_W,47,0.12106579000010242,2.0,0.75,0.9872611464968153,1.0,0.8571428571428571,0.9580662393162394,1.0,1.0,143,0,2,12,157,14,8.92,0.25553021555747457,0.003735418230661173,0.9915302571108712,0.08925757212634805
3333,7,LEGACY_A,44,0.14147230100002162,2.0,0.75,0.9872611464968153,1.0,0.8571428571428571,0.9580662393162394,1.0,1.0,143,0,2,12,157,14,8.92,0.25767592973673376,4.830793120688142e-08,0.9999995948362675,0.07373944512433081
3333,8,A_raw_ce_noW,44,0.1426316299998689,2.0,0.75,1.0,1.0,1.0,1.0,1.0,0.9999999999999999,143,0,0,14,157,14,8.92,0.2847048682988328,5.063364209043588e-08,0.9999993568797628,0.08910066549130585
3333,8,B_raw_ce_W,44,0.15687046099992585,2.0,0.75,1.0,1.0,1.0,1.0,1.0,0.9999999999999999,143,0,0,14,157,14,8.92,0.28495705248332776,1.4849646255766557e-07,0.9999997113231581,0.08917839564345842
3333,8,C_raw_focal_noW,44,0.11603981899997962,2.0,0.75,1.0,1.0,1.0,1.0,1.0,1.0,143,0,0,14,157,14,8.92,0.275291107907437,0.0031421100113037,0.9965357529570809,0.09591957139269756
3333,8,D_raw_focal_W,44,0.11358418800000436,2.0,0.75,1.0,1.0,1.0,1.0,1.0,1.0,143,0,0,14,157,14,8.92,0.275291107907437,0.0031421100113037,0.9965357529570809,0.09591957139269756
3333,8,E_all_ce_noW,47,0.1565838060000715,2.0,0.75,1.0,1.0,1.0,1.0,1.0,0.9999999999999999,143,0,0,14,157,14,8.92,0.2843804853397121,5.2659425854969945e-08,0.9999988675179237,0.08898442420645006
3333,8,F_all_ce_W,47,0.19277823599986732,2.0,0.75,1.0,1.0,1.0,1.0,1.0,0.9999999999999999,143,0,0,14,157,14,8.92,0.28481405609693083,1.5673400930569516e-07,0.9999996719981362,0.08913098073260221
3333,8,G_all_focal_noW,47,0.11985015999994175,2.0,0.75,1.0,1.0,1.0,1.0,1.0,1.0,143,0,0,14,157,14,8.92,0.27468057106519317,0.003003379593249983,0.9952433747400723,0.09476242364729047
3333,8,H_all_focal_W,47,0.12148238600002514,2.0,0.75,1.0,1.0,1.0,1.0,1.0,1.0,143,0,0,14,157,14,8.92,0.27468057106519317,0.003003379593249983,0.9952433747400723,0.09476242364729047
3333,8,LEGACY_A,44,0.1473219169999993,2.0,0.75,1.0,1.0,1.0,1.0,1.0,1.0,143,0,0,14,157,14,8.92,0.28490730183991725,4.968203056400554e-08,0.9999995400696352,0.08919468744379576
3333,9,A_raw_ce_noW,44,0.1414555010001095,2.0,0.75,1.0,1.0,1.0,1.0,1.0,0.9999999999999999,143,0,0,14,157,14,8.92,0.2732404614156818,4.5425940442313366e-08,0.999999332501531,0.08552476463971456
3333,9,B_raw_ce_W,44,0.1614496950001012,2.0,0.75,1.0,1.0,1.0,1.0,1.0,0.9999999999999999,143,0,0,14,157,14,8.92,0.28251066590079715,1.522162768277658e-07,0.9999997491597653,0.0896322835227978
3333,9,C_raw_focal_noW,44,0.10559721999993599,2.0,0.75,0.9936305732484076,1.0,0.9285714285714286,0.9797393212027359,1.0,1.0,143,0,1,13,157,14,8.92,0.2598205590502475,0.003269199411766882,0.9939169251713833,0.09294106510121533
3333,9,D_raw_focal_W,44,0.1069104780001453,2.0,0.75,0.9936305732484076,1.0,0.9285714285714286,0.9797393212027359,1.0,1.0,143,0,1,13,157,14,8.92,0.2598205590502475,0.003269199411766882,0.9939169251713833,0.09294106510121533
3333,9,E_all_ce_noW,47,0.15495445800002017,2.0,0.75,1.0,1.0,1.0,1.0,1.0,1.0,143,0,0,14,157,14,8.92,0.2762857655918272,5.1528558383363687e-08,0.9999991315427096,0.08745701472079953
3333,9,F_all_ce_W,47,0.1727487180000935,2.0,0.75,1.0,1.0,1.0,1.0,1.0,1.0,143,0,0,14,157,14,8.92,0.2789315103916108,1.3892210802747756e-07,0.9999996654215073,0.08849321050691099
3333,9,G_all_focal_noW,47,0.11574135299997579,2.0,0.75,1.0,1.0,1.0,1.0,1.0,1.0,143,0,0,14,157,14,8.92,0.261776997586636,0.004289685945977752,0.9922391761116014,0.09527760856804124
3333,9,H_all_focal_W,47,0.13918857600015144,2.0,0.75,1.0,1.0,1.0,1.0,1.0,1.0,143,0,0,14,157,14,8.92,0.261776997586636,0.004289685945977752,0.9922391761116014,0.09527760856804124
3333,9,LEGACY_A,44,0.14403322799989837,2.0,0.75,0.9936305732484076,0.9333333333333333,1.0,0.981004234724743,1.0,0.9999999999999999,142,1,0,14,157,14,8.92,0.2882932584763661,4.1284817249689246e-08,0.9999996074966333,0.09356177422304134
3333,10,A_raw_ce_noW,44,0.14512087100001736,2.0,0.75,0.9871794871794872,0.9230769230769231,0.9230769230769231,0.9580419580419581,0.9994620763851533,0.9945054945054943,142,1,1,12,156,13,8.33,0.2765106904016381,7.946152961610151e-08,0.9999992682983088,0.08516035462653879
3333,10,B_raw_ce_W,44,0.15319437499988453,2.0,0.75,0.9871794871794872,0.9230769230769231,0.9230769230769231,0.9580419580419581,0.9994620763851533,0.9945054945054943,142,1,1,12,156,13,8.33,0.27769343136468777,1.5910975490076825e-07,0.9999998084383258,0.08669245917406791
3333,10,C_raw_focal_noW,44,0.11039148100007878,2.0,0.75,0.9871794871794872,0.9230769230769231,0.9230769230769231,0.9580419580419581,0.9983862291554599,0.9821780783319243,142,1,1,12,156,13,8.33,0.26717780223757565,0.0034734973437889212,0.9948591057555766,0.09862860273757364
3333,10,D_raw_focal_W,44,0.12209140599998136,2.0,0.75,0.9871794871794872,0.9230769230769231,0.9230769230769231,0.9580419580419581,0.9983862291554599,0.9821780783319243,142,1,1,12,156,13,8.33,0.26717780223757565,0.0034734973437889212,0.9948591057555766,0.09862860273757364
3333,10,E_all_ce_noW,47,0.15741913900001236,2.0,0.75,0.9807692307692307,0.9166666666666666,0.8461538461538461,0.9347735191637631,0.9989241527703066,0.9885883347421809,142,1,2,11,156,13,8.33,0.266582595851388,6.160944667997224e-08,0.9999994514223359,0.0797991726501244
3333,10,F_all_ce_W,47,0.17503916300006495,2.0,0.75,0.9935897435897436,0.9285714285714286,1.0,0.9797270955165691,0.9989241527703066,0.9885883347421809,142,1,0,13,156,13,8.33,0.2766987574435375,1.6796013636320306e-07,0.9999998155283402,0.08702040352219018
3333,10,G_all_focal_noW,47,0.11755415700008598,2.0,0.75,0.9807692307692307,0.9166666666666666,0.8461538461538461,0.9347735191637631,0.9989241527703066,0.9885883347421809,142,1,2,11,156,13,8.33,0.2594795292874918,0.003991845180918446,0.9942339038633834,0.09451680104677078
3333,10,H_all_focal_W,47,0.11864902399997845,2.0,0.75,0.9807692307692307,0.9166666666666666,0.8461538461538461,0.9347735191637631,0.9989241527703066,0.9885883347421809,142,1,2,11,156,13,8.33,0.2594795292874918,0.003991845180918446,0.9942339038633834,0.09451680104677078
3333,10,LEGACY_A,44,0.1455131549998896,2.0,0.75,0.9935897435897436,0.9285714285714286,1.0,0.9797270955165691,0.9994620763851533,0.9945054945054945,142,1,0,13,156,13,8.33,0.27371436490590945,5.078431371489137e-08,0.9999996018140929,0.0858389049038862
3333,11,A_raw_ce_noW,44,0.14381043799994586,2.0,0.75,1.0,1.0,1.0,1.0,1.0,0.9999999999999998,143,0,0,14,157,14,8.92,0.27822774344325724,5.1474243830668075e-08,0.9999992469607883,0.08645621076200947
3333,11,B_raw_ce_W,44,0.16198106399997414,2.0,0.75,1.0,1.0,1.0,1.0,1.0,0.9999999999999998,143,0,0,14,157,14,8.92,0.28423785751101105,1.5217383071028447e-07,0.9999997414152144,0.08896895640105938
3333,11,C_raw_focal_noW,44,0.1151111179997315,2.0,0.75,0.9936305732484076,1.0,0.9285714285714286,0.9797393212027359,1.0,0.9999999999999999,143,0,1,13,157,14,8.92,0.2690527643896227,0.0037229897540433906,0.9958819121714165,0.09628471093642085
3333,11,D_raw_focal_W,44,0.11434536200022194,2.0,0.75,0.9936305732484076,1.0,0.9285714285714286,0.9797393212027359,1.0,0.9999999999999999,143,0,1,13,157,14,8.92,0.2690527643896227,0.0037229897540433906,0.9958819121714165,0.09628471093642085
3333,11,E_all_ce_noW,47,0.16291103100002147,2.0,0.75,1.0,1.0,1.0,1.0,1.0,0.9999999999999999,143,0,0,14,157,14,8.92,0.278088950424335,4.632909681550932e-08,0.9999990096536053,0.08685285438281473
3333,11,F_all_ce_W,47,0.18435853099981614,2.0,0.75,0.9936305732484076,0.9333333333333333,1.0,0.981004234724743,1.0,0.9999999999999998,142,1,0,14,157,14,8.92,0.29135462846927224,1.620785134671788e-07,0.9999997869199392,0.09472226793245449
3333,11,G_all_focal_noW,47,0.11717592900004092,2.0,0.75,0.9936305732484076,1.0,0.9285714285714286,0.9797393212027359,1.0,1.0,143,0,1,13,157,14,8.92,0.271373028770406,0.003975412582102381,0.9952866522002025,0.09817934037200002
3333,11,H_all_focal_W,47,0.11789096499978768,2.0,0.75,0.9936305732484076,1.0,0.9285714285714286,0.9797393212027359,1.0,1.0,143,0,1,13,157,14,8.92,0.271373028770406,0.003975412582102381,0.9952866522002025,0.09817934037200002
3333,11,LEGACY_A,44,0.15045173499993325,2.0,0.75,1.0,1.0,1.0,1.0,1.0,0.9999999999999998,143,0,0,14,157,14,8.92,0.2849335533296494,4.4820788179780023e-08,0.9999996138557111,0.08920200811396757
3333,12,A_raw_ce_noW,44,0.1382251410000208,2.0,0.75,0.9936305732484076,1.0,0.9285714285714286,0.9797393212027359,1.0,0.9999999999999999,143,0,1,13,157,14,8.92,0.26889223395347267,8.358793522263645e-08,0.9999987552520411,0.08249343450708815
3333,12,B_raw_ce_W,44,0.15068986300002507,2.0,0.75,0.9936305732484076,1.0,0.9285714285714286,0.9797393212027359,0.9995004995004995,0.9952380952380953,143,0,1,13,157,14,8.92,0.2722307933857411,2.0166932586634661e-07,0.9999997063118177,0.08226676486634332
3333,12,C_raw_focal_noW,44,0.12548214700018434,2.0,0.75,0.9936305732484076,1.0,0.9285714285714286,0.9797393212027359,0.9995004995004996,0.9952380952380951,143,0,1,13,157,14,8.92,0.253982876910114,0.003899161446674156,0.9909317113115589,0.09272896618905394
3333,12,D_raw_focal_W,44,0.1150441149998187,2.0,0.75,0.9936305732484076,1.0,0.9285714285714286,0.9797393212027359,0.9995004995004996,0.9952380952380951,143,0,1,13,157,14,8.92,0.253982876910114,0.003899161446674156,0.9909317113115589,0.09272896618905394
3333,12,E_all_ce_noW,47,0.1559835060002115,2.0,0.75,0.9936305732484076,1.0,0.9285714285714286,0.9797393212027359,1.0,0.9999999999999999,143,0,1,13,157,14,8.92,0.2692011125019446,7.805148531229458e-08,0.9999989401452534,0.08183445832270374
3333,12,F_all_ce_W,47,0.17453768899986244,2.0,0.75,0.9936305732484076,1.0,0.9285714285714286,0.9797393212027359,1.0,0.9999999999999999,143,0,1,13,157,14,8.92,0.27307078570869775,1.7008753352632868e-07,0.9999996544610689,0.08285891841904243
3333,12,G_all_focal_noW,47,0.11706396900035543,2.0,0.75,0.9936305732484076,1.0,0.9285714285714286,0.9797393212027359,1.0,1.0,143,0,1,13,157,14,8.92,0.2564296736137574,0.00399834240153902,0.9924414319162856,0.09376935247805876
3333,12,H_all_focal_W,47,0.13374663600006897,2.0,0.75,0.9936305732484076,1.0,0.9285714285714286,0.9797393212027359,1.0,1.0,143,0,1,13,157,14,8.92,0.2564296736137574,0.00399834240153902,0.9924414319162856,0.09376935247805876
3333,12,LEGACY_A,44,0.17652005099989765,2.0,0.75,0.9872611464968153,1.0,0.8571428571428571,0.9580662393162394,0.9985014985014984,0.9873949579831932,143,0,2,12,157,14,8.92,0.26531394760108123,7.472636101117648e-08,0.9999995690488371,0.07938407180749156
3333,13,A_raw_ce_noW,44,0.14791543399996954,2.0,0.75,0.9936305732484076,1.0,0.9285714285714286,0.9797393212027359,0.9985014985014985,0.9873949579831932,143,0,1,13,157,14,8.92,0.27542100733962976,7.15820994245934e-08,0.9999988502760866,0.08354054929097039
3333,13,B_raw_ce_W,44,0.2220421490001172,2.0,0.75,0.9936305732484076,1.0,0.9285714285714286,0.9797393212027359,0.9995004995004995,0.9952380952380953,143,0,1,13,157,14,8.92,0.2761853106126941,1.8078158242380052e-07,0.999999703617482,0.08538565527137013
3333,13,C_raw_focal_noW,44,0.18858937000004516,2.0,0.75,0.9872611464968153,0.9285714285714286,0.9285714285714286,0.9607892107892109,0.999000999000999,0.9910714285714285,142,1,1,13,157,14,8.92,0.2688802802013726,0.0036421801836128975,0.9912148481199574,0.09828930185669991
3333,13,D_raw_focal_W,44,0.18728799699965748,2.0,0.75,0.9872611464968153,0.9285714285714286,0.9285714285714286,0.9607892107892109,0.999000999000999,0.9910714285714285,142,1,1,13,157,14,8.92,0.2688802802013726,0.0036421801836128975,0.9912148481199574,0.09828930185669991
3333,13,E_all_ce_noW,47,0.24950423099971886,2.0,0.75,0.9936305732484076,1.0,0.9285714285714286,0.9797393212027359,0.9995004995004995,0.9952380952380953,143,0,1,13,157,14,8.92,0.27540255900859817,8.359672932714639e-08,0.9999985217870095,0.08380401881452086
3333,13,F_all_ce_W,47,0.28009541300025376,2.0,0.75,0.9936305732484076,1.0,0.9285714285714286,0.9797393212027359,0.9995004995004995,0.9952380952380953,143,0,1,13,157,14,8.92,0.27543548321361727,1.7664160361806564e-07,0.999999718326558,0.08382247617440194
3333,13,G_all_focal_noW,47,0.18720863699991241,2.0,0.75,0.9872611464968153,0.9285714285714286,0.9285714285714286,0.9607892107892109,0.9995004995004995,0.995238095238095,142,1,1,13,157,14,8.92,0.26971337132797046,0.0040820155745091725,0.9914485139558215,0.09807998731797404
3333,13,H_all_focal_W,47,0.1917192519999844,2.0,0.75,0.9872611464968153,0.9285714285714286,0.9285714285714286,0.9607892107892109,0.9995004995004995,0.995238095238095,142,1,1,13,157,14,8.92,0.26971337132797046,0.0040820155745091725,0.9914485139558215,0.09807998731797404
3333,13,LEGACY_A,44,0.2489057929997216,2.0,0.75,0.9872611464968153,0.9285714285714286,0.9285714285714286,0.9607892107892109,0.9995004995004995,0.9952380952380953,142,1,1,13,157,14,8.92,0.2795859677975816,5.410119430864747e-08,0.999999530488362,0.08752044860488131
3333,14,A_raw_ce_noW,44,0.21367470999985017,2.0,0.75,0.9872611464968153,0.9285714285714286,0.9285714285714286,0.9607892107892109,0.987012987012987,0.9535714285714285,142,1,1,13,157,14,8.92,0.2802191183583152,4.9232533089752724e-08,0.9999993787172606,0.08752354845514276
3333,14,B_raw_ce_W,44,0.2492443229998571,2.0,0.75,0.9872611464968153,0.9285714285714286,0.9285714285714286,0.9607892107892109,0.991008991008991,0.9598214285714285,142,1,1,13,157,14,8.92,0.2796947116526044,1.523984997213916e-07,0.9999998173747824,0.08732160946380872
3333,14,C_raw_focal_noW,44,0.1773238730002049,2.0,0.75,0.9872611464968153,0.9285714285714286,0.9285714285714286,0.9607892107892109,0.9890109890109889,0.9563492063492063,142,1,1,13,157,14,8.92,0.26823160693590886,0.003221681237839259,0.995083835139552,0.09411368243033191
3333,14,D_raw_focal_W,44,0.1688346820001243,2.0,0.75,0.9872611464968153,0.9285714285714286,0.9285714285714286,0.9607892107892109,0.9890109890109889,0.9563492063492063,142,1,1,13,157,14,8.92,0.26823160693590886,0.003221681237839259,0.995083835139552,0.09411368243033191
3333,14,E_all_ce_noW,47,0.25446186699991813,2.0,0.75,0.9872611464968153,0.9285714285714286,0.9285714285714286,0.9607892107892109,0.9955044955044955,0.9689239332096473,142,1,1,13,157,14,8.92,0.28072696176988265,4.9608819162605315e-08,0.9999989738200105,0.08772794625951674
3333,14,F_all_ce_W,47,0.2763608150003165,2.0,0.75,0.9872611464968153,0.9285714285714286,0.9285714285714286,0.9607892107892109,0.9950049950049951,0.9669476486246671,142,1,1,13,157,14,8.92,0.28242030362374404,1.5144139910209016e-07,0.9999997794080409,0.08836199077006197
3333,14,G_all_focal_noW,47,0.18311227999993207,2.0,0.75,0.9872611464968153,0.9285714285714286,0.9285714285714286,0.9607892107892109,0.994005994005994,0.9670329670329669,142,1,1,13,157,14,8.92,0.27431745334917834,0.0037480701724930724,0.9953707628594296,0.09570203951326152
3333,14,H_all_focal_W,47,0.18026948799979436,2.0,0.75,0.9872611464968153,0.9285714285714286,0.9285714285714286,0.9607892107892109,0.994005994005994,0.9670329670329669,142,1,1,13,157,14,8.92,0.27431745334917834,0.0037480701724930724,0.9953707628594296,0.09570203951326152
3333,14,LEGACY_A,44,0.23713663900025495,2.0,0.75,0.9936305732484076,1.0,0.9285714285714286,0.9797393212027359,0.9840159840159841,0.9503105590062111,143,0,1,13,157,14,8.92,0.27138562236744845,4.2472981819267144e-08,0.9999996037412173,0.08249759476750677
3333,15,A_raw_ce_noW,44,0.1686774360000527,2.0,0.75,1.0,1.0,1.0,1.0,1.0,0.9999999999999998,143,0,0,13,156,13,8.33,0.2762644216000343,5.2417252958865456e-08,0.9999993371122353,0.08334165201765946
3333,15,B_raw_ce_W,44,0.15552863399989292,2.0,0.75,1.0,1.0,1.0,1.0,1.0,0.9999999999999998,143,0,0,13,156,13,8.33,0.276300576247915,1.4551774048565487e-07,0.9999998084789397,0.08354237002971313
3333,15,C_raw_focal_noW,44,0.12234635699996943,2.0,0.75,1.0,1.0,1.0,1.0,1.0,0.9999999999999998,143,0,0,13,156,13,8.33,0.2666251107946,0.0025216201724041027,0.9963927790484814,0.09097854556382143
3333,15,D_raw_focal_W,44,0.11445385499973781,2.0,0.75,1.0,1.0,1.0,1.0,1.0,0.9999999999999998,143,0,0,13,156,13,8.33,0.2666251107946,0.0025216201724041027,0.9963927790484814,0.09097854556382143
3333,15,E_all_ce_noW,47,0.15434021300006862,2.0,0.75,0.9935897435897436,1.0,0.9230769230769231,0.9782578397212544,1.0,0.9999999999999998,143,0,1,12,156,13,8.33,0.2663943130682184,6.020059688816126e-08,0.9999994145742984,0.0788074249633024
3333,15,F_all_ce_W,47,0.17284390999975585,2.0,0.75,0.9935897435897436,1.0,0.9230769230769231,0.9782578397212544,0.9994620763851534,0.9945054945054945,143,0,1,12,156,13,8.33,0.26753048137412977,1.5756607934068996e-07,0.9999997500441461,0.08143662859282315
3333,15,G_all_focal_noW,47,0.11608641699967848,2.0,0.75,0.9935897435897436,1.0,0.9230769230769231,0.9782578397212544,0.9989241527703067,0.9897435897435896,143,0,1,12,156,13,8.33,0.25868192960801023,0.0037240434186766283,0.9937049131799113,0.08912077204200887
3333,15,H_all_focal_W,47,0.13817766100009976,2.0,0.75,0.9935897435897436,1.0,0.9230769230769231,0.9782578397212544,0.9989241527703067,0.9897435897435896,143,0,1,12,156,13,8.33,0.25868192960801023,0.0037240434186766283,0.9937049131799113,0.08912077204200887
3333,15,LEGACY_A,44,0.14940276800007268,2.0,0.75,1.0,1.0,1.0,1.0,1.0,0.9999999999999998,143,0,0,13,156,13,8.33,0.27630915402806466,5.625450154544741e-08,0.9999995744850657,0.08336203989500339
3333,16,A_raw_ce_noW,44,0.1411762349998753,2.0,0.75,1.0,1.0,1.0,1.0,1.0,1.0,143,0,0,14,157,14,8.92,0.284924651559637,5.4969606070640426e-08,0.9999991788874031,0.08916230699774974
3333,16,B_raw_ce_W,44,0.16024614099978862,2.0,0.75,1.0,1.0,1.0,1.0,1.0,0.9999999999999999,143,0,0,14,157,14,8.92,0.28497449342942643,1.3903700194586523e-07,0.9999997122794309,0.08918872986815274
3333,16,C_raw_focal_noW,44,0.11038303100031044,2.0,0.75,1.0,1.0,1.0,1.0,1.0,1.0,143,0,0,14,157,14,8.92,0.27510558250417777,0.0030540729565198183,0.9952579148043709,0.0963270337019166
3333,16,D_raw_focal_W,44,0.12919817700003478,2.0,0.75,1.0,1.0,1.0,1.0,1.0,1.0,143,0,0,14,157,14,8.92,0.27510558250417777,0.0030540729565198183,0.9952579148043709,0.0963270337019166
3333,16,E_all_ce_noW,47,0.1537919789998341,2.0,0.75,0.9936305732484076,1.0,0.9285714285714286,0.9797393212027359,1.0,0.9999999999999998,143,0,1,13,157,14,8.92,0.2754382558951307,5.095841773213714e-08,0.9999993187477134,0.0838027320326238
3333,16,F_all_ce_W,47,0.16820270100015478,2.0,0.75,0.9936305732484076,1.0,0.9285714285714286,0.9797393212027359,1.0,0.9999999999999998,143,0,1,13,157,14,8.92,0.2757445297927913,1.3406043253630217e-07,0.9999996959059624,0.08451328529168407
3333,16,G_all_focal_noW,47,0.11801761099968644,2.0,0.75,0.9936305732484076,1.0,0.9285714285714286,0.9797393212027359,1.0,0.9999999999999999,143,0,1,13,157,14,8.92,0.2671232801249686,0.003533484242156166,0.993870884849834,0.09394044105840645
3333,16,H_all_focal_W,47,0.12115504499979579,2.0,0.75,0.9936305732484076,1.0,0.9285714285714286,0.9797393212027359,1.0,0.9999999999999999,143,0,1,13,157,14,8.92,0.2671232801249686,0.003533484242156166,0.993870884849834,0.09394044105840645
3333,16,LEGACY_A,44,0.1468788739998672,2.0,0.75,1.0,1.0,1.0,1.0,1.0,1.0,143,0,0,14,157,14,8.92,0.2849384154111668,4.075604501839731e-08,0.999999624318275,0.08917070003040828
3333,17,A_raw_ce_noW,44,0.15012100200010536,2.0,0.75,0.9872611464968153,1.0,0.8571428571428571,0.9580662393162394,0.9985014985014985,0.9859693877551019,143,0,2,12,157,14,8.92,0.2615160586210953,8.697927489579664e-08,0.9999988281862526,0.076242889652765
3333,17,B_raw_ce_W,44,0.1509337309998955,2.0,0.75,0.9808917197452229,0.9230769230769231,0.8571428571428571,0.9392179636082074,0.9980019980019981,0.9822929171668666,142,1,2,12,157,14,8.92,0.26864572672413695,1.9334805637298848e-07,0.9999997412235199,0.08042877358635697
3333,17,C_raw_focal_noW,44,0.11394654900004753,2.0,0.75,0.9808917197452229,0.9230769230769231,0.8571428571428571,0.9392179636082074,0.999000999000999,0.9901360544217688,142,1,2,12,157,14,8.92,0.2549393159939262,0.004494192772358609,0.9915480194485589,0.08902330969896986
3333,17,D_raw_focal_W,44,0.11331943699997282,2.0,0.75,0.9808917197452229,0.9230769230769231,0.8571428571428571,0.9392179636082074,0.999000999000999,0.9901360544217688,142,1,2,12,157,14,8.92,0.2549393159939262,0.004494192772358609,0.9915480194485589,0.08902330969896986
3333,17,E_all_ce_noW,47,0.15223390799974368,2.0,0.75,0.9872611464968153,1.0,0.8571428571428571,0.9580662393162394,0.9995004995004995,0.9952380952380953,143,0,2,12,157,14,8.92,0.26416123118573476,8.554468569479038e-08,0.9999988173656362,0.07769796822178994
3333,17,F_all_ce_W,47,0.186917708999772,2.0,0.75,0.9808917197452229,0.9230769230769231,0.8571428571428571,0.9392179636082074,0.999000999000999,0.9901360544217688,142,1,2,12,157,14,8.92,0.26762644911937544,1.9636471016712683e-07,0.9999997325641081,0.08034761220507373
3333,17,G_all_focal_noW,47,0.11672526800020933,2.0,0.75,0.9808917197452229,0.9230769230769231,0.8571428571428571,0.9392179636082074,0.999000999000999,0.9901360544217688,142,1,2,12,157,14,8.92,0.2573968941612239,0.0053283896959177394,0.9911994421631353,0.09055279568516661
3333,17,H_all_focal_W,47,0.11750893199996426,2.0,0.75,0.9808917197452229,0.9230769230769231,0.8571428571428571,0.9392179636082074,0.999000999000999,0.9901360544217688,142,1,2,12,157,14,8.92,0.2573968941612239,0.0053283896959177394,0.9911994421631353,0.09055279568516661
3333,17,LEGACY_A,44,0.1450570179999886,2.0,0.75,0.9808917197452229,0.9230769230769231,0.8571428571428571,0.9392179636082074,0.999000999000999,0.9901360544217688,142,1,2,12,157,14,8.92,0.2681534820640463,4.733223936746469e-08,0.9999995501273359,0.08010356027893933
3333,18,A_raw_ce_noW,44,0.1389007140001013,2.0,0.75,1.0,1.0,1.0,1.0,1.0,1.0,143,0,0,14,157,14,8.92,0.28286747689669806,7.509071134009559e-08,0.9999986970929864,0.08858341741713176
3333,18,B_raw_ce_W,44,0.17192484599991076,2.0,0.75,1.0,1.0,1.0,1.0,1.0,0.9999999999999999,143,0,0,14,157,14,8.92,0.28355658120882155,1.4002085999382773e-07,0.9999997690136472,0.08874454326903203
3333,18,C_raw_focal_noW,44,0.11795799799983797,2.0,0.75,1.0,1.0,1.0,1.0,1.0,1.0,143,0,0,14,157,14,8.92,0.26372577002313446,0.0031406761440215267,0.9946310642170808,0.09213848349197501
3333,18,D_raw_focal_W,44,0.11043354999992516,2.0,0.75,1.0,1.0,1.0,1.0,1.0,1.0,143,0,0,14,157,14,8.92,0.26372577002313446,0.0031406761440215267,0.9946310642170808,0.09213848349197501
3333,18,E_all_ce_noW,47,0.15816691200006971,2.0,0.75,1.0,1.0,1.0,1.0,1.0,0.9999999999999999,143,0,0,14,157,14,8.92,0.27011176397303405,4.1444486079875346e-08,0.9999984494484709,0.08327028217376208
3333,18,F_all_ce_W,47,0.1764587460002076,2.0,0.75,1.0,1.0,1.0,1.0,1.0,0.9999999999999999,143,0,0,14,157,14,8.92,0.27634103770797425,1.5337991153069974e-07,0.9999996480367068,0.08671743168435006
3333,18,G_all_focal_noW,47,0.11071777300003305,2.0,0.75,0.9936305732484076,1.0,0.9285714285714286,0.9797393212027359,0.9999999999999999,1.0,143,0,1,13,157,14,8.92,0.2636389439064834,0.0037438305001727336,0.9946915151940928,0.0937294592558146
3333,18,H_all_focal_W,47,0.11468615400008275,2.0,0.75,0.9936305732484076,1.0,0.9285714285714286,0.9797393212027359,0.9999999999999999,1.0,143,0,1,13,157,14,8.92,0.2636389439064834,0.0037438305001727336,0.9946915151940928,0.0937294592558146
3333,18,LEGACY_A,44,0.17748937099986506,2.0,0.75,1.0,1.0,1.0,1.0,1.0,0.9999999999999999,143,0,0,14,157,14,8.92,0.2839731713435514,4.5960197134214325e-08,0.9999996337109749,0.08890960929275712
3333,19,A_raw_ce_noW,44,0.14516283000011754,2.0,0.75,1.0,1.0,1.0,1.0,1.0,0.9999999999999999,143,0,0,14,157,14,8.92,0.28487390176419763,5.379386488771584e-08,0.9999989919812193,0.08928450013165097
3333,19,B_raw_ce_W,44,0.15767237999989447,2.0,0.75,1.0,1.0,1.0,1.0,1.0,0.9999999999999999,143,0,0,14,157,14,8.92,0.28486933195557673,1.2881981894278376e-07,0.9999995336003816,0.08971920553139105
3333,19,C_raw_focal_noW,44,0.11322232500015161,2.0,0.75,1.0,1.0,1.0,1.0,1.0,0.9999999999999999,143,0,0,14,157,14,8.92,0.27548383055556425,0.0030938784437103354,0.9942446499514536,0.09983955417677635
3333,19,D_raw_focal_W,44,0.11639061799996853,2.0,0.75,1.0,1.0,1.0,1.0,1.0,0.9999999999999999,143,0,0,14,157,14,8.92,0.27548383055556425,0.0030938784437103354,0.9942446499514536,0.09983955417677635
3333,19,E_all_ce_noW,47,0.1788832629999888,2.0,0.75,1.0,1.0,1.0,1.0,1.0,0.9999999999999999,143,0,0,14,157,14,8.92,0.2849128735058248,4.2620468858504113e-08,0.9999988654792604,0.08932911553653199
3333,19,F_all_ce_W,47,0.17496637900012502,2.0,0.75,1.0,1.0,1.0,1.0,1.0,0.9999999999999999,143,0,0,14,157,14,8.92,0.28487039008733434,1.4956652231151846e-07,0.999999555400034,0.08975787697108785
3333,19,G_all_focal_noW,47,0.12320891600029427,2.0,0.75,1.0,1.0,1.0,1.0,1.0,0.9999999999999999,143,0,0,14,157,14,8.92,0.2761142309586513,0.00322537362856992,0.9933250510352097,0.0988142066901422
3333,19,H_all_focal_W,47,0.1199610210001083,2.0,0.75,1.0,1.0,1.0,1.0,1.0,0.9999999999999999,143,0,0,14,157,14,8.92,0.2761142309586513,0.00322537362856992,0.9933250510352097,0.0988142066901422
3333,19,LEGACY_A,44,0.1437187179999455,2.0,0.75,1.0,1.0,1.0,1.0,1.0,0.9999999999999999,143,0,0,14,157,14,8.92,0.2849375677494207,4.3434046129945335e-08,0.9999995880160651,0.08933789716190893
3333,20,A_raw_ce_noW,44,0.15585332999989987,2.0,0.75,0.9871794871794872,0.9230769230769231,0.9230769230769231,0.9580419580419581,0.9924690693921463,0.9454231665770128,142,1,1,12,156,13,8.33,0.2719633517616468,7.59813305359845e-08,0.9999991075767287,0.08215078271645261
3333,20,B_raw_ce_W,44,0.15222864999986996,2.0,0.75,0.9871794871794872,0.9230769230769231,0.9230769230769231,0.9580419580419581,0.9935449166218397,0.958826429980276,142,1,1,12,156,13,8.33,0.2710606890327768,1.6746587597531314e-07,0.9999997591963932,0.0829324039575871
3333,20,C_raw_focal_noW,44,0.10095322699999087,2.0,0.75,0.9871794871794872,0.9230769230769231,0.9230769230769231,0.9580419580419581,0.9924690693921463,0.9454231665770128,142,1,1,12,156,13,8.33,0.2548075184505867,0.005748031284131699,0.9931104365687814,0.0941649168785424
3333,20,D_raw_focal_W,44,0.10400397200010048,2.0,0.75,0.9871794871794872,0.9230769230769231,0.9230769230769231,0.9580419580419581,0.9924690693921463,0.9454231665770128,142,1,1,12,156,13,8.33,0.2548075184505867,0.005748031284131699,0.9931104365687814,0.0941649168785424
3333,20,E_all_ce_noW,47,0.14931960100011565,2.0,0.75,0.9807692307692307,0.8571428571428571,0.9230769230769231,0.9391812865497076,0.9924690693921463,0.9473443223443223,141,2,1,12,156,13,8.33,0.2766074373488397,8.413211705872305e-08,0.9999985882522608,0.08676758506147438
3333,20,F_all_ce_W,47,0.1675296809999054,2.0,0.75,0.9807692307692307,0.8571428571428571,0.9230769230769231,0.9391812865497076,0.9924690693921463,0.9473443223443223,141,2,1,12,156,13,8.33,0.28174456297988965,1.973455908877448e-07,0.999999799282341,0.08894588893119204
3333,20,G_all_focal_noW,47,0.12526781899987327,2.0,0.75,0.9807692307692307,0.8571428571428571,0.9230769230769231,0.9391812865497076,0.9935449166218397,0.9542277677729181,141,2,1,12,156,13,8.33,0.2565072466685469,0.0074242869012634514,0.9913197779884781,0.0955658206100996
3333,20,H_all_focal_W,47,0.11288640099974145,2.0,0.75,0.9807692307692307,0.8571428571428571,0.9230769230769231,0.9391812865497076,0.9935449166218397,0.9542277677729181,141,2,1,12,156,13,8.33,0.2565072466685469,0.0074242869012634514,0.9913197779884781,0.0955658206100996
3333,20,LEGACY_A,44,0.14079357399987202,2.0,0.75,0.9871794871794872,0.9230769230769231,0.9230769230769231,0.9580419580419581,0.9940828402366864,0.9606380241831747,142,1,1,12,156,13,8.33,0.2713894236125215,5.915505107021682e-08,0.9999995004518201,0.08232036354508203
3333,21,A_raw_ce_noW,44,0.22080710899990663,2.0,0.75,0.9936305732484076,0.9333333333333333,1.0,0.981004234724743,0.9995004995004995,0.9952380952380951,142,1,0,14,157,14,8.92,0.29209620225811417,5.8020838992482886e-08,0.9999994544059433,0.09494255212633704
3333,21,B_raw_ce_W,44,0.2500517560001754,2.0,0.75,0.9936305732484076,0.9333333333333333,1.0,0.981004234724743,0.9995004995004995,0.9952380952380951,142,1,0,14,157,14,8.92,0.29268398852662614,1.430206584578659e-07,0.9999997921505931,0.09521248890473571
3333,21,C_raw_focal_noW,44,0.159449714999937,2.0,0.75,0.9936305732484076,0.9333333333333333,1.0,0.981004234724743,0.999000999000999,0.9901360544217687,142,1,0,14,157,14,8.92,0.2773405311975573,0.0037130070914869217,0.9953439586364586,0.09942089009753298
3333,21,D_raw_focal_W,44,0.16083885900025052,2.0,0.75,0.9936305732484076,0.9333333333333333,1.0,0.981004234724743,0.999000999000999,0.9901360544217687,142,1,0,14,157,14,8.92,0.2773405311975573,0.0037130070914869217,0.9953439586364586,0.09942089009753298
3333,21,E_all_ce_noW,47,0.24455732900014482,2.0,0.75,0.9872611464968153,0.875,1.0,0.9631455399061033,0.9995004995004995,0.9952380952380953,141,2,0,14,157,14,8.92,0.30056416001786457,5.9188538127150054e-08,0.9999991473377025,0.10125659960708991
3333,21,F_all_ce_W,47,0.2754350919999524,2.0,0.75,0.9872611464968153,0.875,1.0,0.9631455399061033,0.999000999000999,0.9910714285714285,141,2,0,14,157,14,8.92,0.302114505402313,1.6540539747907855e-07,0.9999996890121151,0.10178221864687906
3333,21,G_all_focal_noW,47,0.20126828499996918,2.0,0.75,0.9872611464968153,0.875,1.0,0.9631455399061033,0.9985014985014985,0.9859693877551019,141,2,0,14,157,14,8.92,0.28409650011076276,0.0041497291360682465,0.9938854116090893,0.10481862817985654
3333,21,H_all_focal_W,47,0.17795677399999477,2.0,0.75,0.9872611464968153,0.875,1.0,0.9631455399061033,0.9985014985014985,0.9859693877551019,141,2,0,14,157,14,8.92,0.28409650011076276,0.0041497291360682465,0.9938854116090893,0.10481862817985654
3333,21,LEGACY_A,44,0.23429517099975783,2.0,0.75,0.9936305732484076,0.9333333333333333,1.0,0.981004234724743,1.0,0.9999999999999999,142,1,0,14,157,14,8.92,0.29308622356130815,3.9021765504556435e-08,0.9999996091661163,0.09531207375863586
3333,22,A_raw_ce_noW,44,0.23014172199964378,2.0,0.75,0.9936305732484076,0.9333333333333333,1.0,0.981004234724743,1.0,0.9999999999999998,142,1,0,14,157,14,8.92,0.2912953879858608,6.193699584672969e-08,0.9999991116622164,0.09572511172231887
3333,22,B_raw_ce_W,44,0.24625511300018843,2.0,0.75,0.9936305732484076,0.9333333333333333,1.0,0.981004234724743,1.0,0.9999999999999999,142,1,0,14,157,14,8.92,0.29288033352588105,1.4401705287293039e-07,0.9999997775718041,0.09753091869312183
3333,22,C_raw_focal_noW,44,0.17549986600033662,2.0,0.75,0.9872611464968153,0.875,1.0,0.9631455399061033,0.9999999999999999,1.0,141,2,0,14,157,14,8.92,0.27936877057508697,0.003468167570325143,0.9918289837464455,0.10796361777304823
3333,22,D_raw_focal_W,44,0.19030879599995387,2.0,0.75,0.9872611464968153,0.875,1.0,0.9631455399061033,0.9999999999999999,1.0,141,2,0,14,157,14,8.92,0.27936877057508697,0.003468167570325143,0.9918289837464455,0.10796361777304823
3333,22,E_all_ce_noW,47,0.25248472600014793,2.0,0.75,0.9936305732484076,0.9333333333333333,1.0,0.981004234724743,1.0,0.9999999999999999,142,1,0,14,157,14,8.92,0.29006810617017925,7.099377805630564e-08,0.9999992847332175,0.09492881402450588
3333,22,F_all_ce_W,47,0.2761426130000473,2.0,0.75,0.9936305732484076,0.9333333333333333,1.0,0.981004234724743,1.0,0.9999999999999999,142,1,0,14,157,14,8.92,0.2917030742965035,1.7148617690037382e-07,0.9999996964169691,0.09596426287221708
3333,22,G_all_focal_noW,47,0.20243280500017136,2.0,0.75,0.9936305732484076,0.9333333333333333,1.0,0.981004234724743,1.0,1.0,142,1,0,14,157,14,8.92,0.27754102571273137,0.004072913152528359,0.9921914523519917,0.10474397201064171
3333,22,H_all_focal_W,47,0.1742812109996521,2.0,0.75,0.9936305732484076,0.9333333333333333,1.0,0.981004234724743,1.0,1.0,142,1,0,14,157,14,8.92,0.27754102571273137,0.004072913152528359,0.9921914523519917,0.10474397201064171
3333,22,LEGACY_A,44,0.1438519080002152,2.0,0.75,0.9936305732484076,0.9333333333333333,1.0,0.981004234724743,1.0,0.9999999999999998,142,1,0,14,157,14,8.92,0.2932358439708476,4.320276503420791e-08,0.9999996129215463,0.09629286397815189
3333,23,A_raw_ce_noW,44,0.13825278400008756,2.0,0.75,0.9936305732484076,1.0,0.9285714285714286,0.9797393212027359,1.0,0.9999999999999999,143,0,1,13,157,14,8.92,0.2701177047274424,8.194594320800652e-08,0.9999992508130939,0.08103799984549659
3333,23,B_raw_ce_W,44,0.15012108400014768,2.0,0.75,0.9936305732484076,1.0,0.9285714285714286,0.9797393212027359,1.0,0.9999999999999999,143,0,1,13,157,14,8.92,0.2717753402096372,2.3483018629577655e-07,0.9999997951683994,0.08167050437024809
3333,23,C_raw_focal_noW,44,0.11281498000016654,2.0,0.75,0.9936305732484076,1.0,0.9285714285714286,0.9797393212027359,1.0,0.9999999999999999,143,0,1,13,157,14,8.92,0.2591820979086454,0.0036304667964005112,0.9949929622312923,0.091745800531461
3333,23,D_raw_focal_W,44,0.12194845899966822,2.0,0.75,0.9936305732484076,1.0,0.9285714285714286,0.9797393212027359,1.0,0.9999999999999999,143,0,1,13,157,14,8.92,0.2591820979086454,0.0036304667964005112,0.9949929622312923,0.091745800531461
3333,23,E_all_ce_noW,47,0.156580791000124,2.0,0.75,0.9872611464968153,1.0,0.8571428571428571,0.9580662393162394,1.0,0.9999999999999999,143,0,2,12,157,14,8.92,0.2667169953149623,6.923805780506949e-08,0.9999993129515936,0.08085760308389467
3333,23,F_all_ce_W,47,0.18601532799993947,2.0,0.75,0.9936305732484076,1.0,0.9285714285714286,0.9797393212027359,1.0,0.9999999999999999,143,0,1,13,157,14,8.92,0.2689943099134319,1.1820601545379778e-07,0.9999997431563259,0.08257199620568904
3333,23,G_all_focal_noW,47,0.11651175999986663,2.0,0.75,0.9936305732484076,1.0,0.9285714285714286,0.9797393212027359,1.0,1.0,143,0,1,13,157,14,8.92,0.2569053320170579,0.003910225726298404,0.995013370006519,0.09255128138040244
3333,23,H_all_focal_W,47,0.1167197549998491,2.0,0.75,0.9936305732484076,1.0,0.9285714285714286,0.9797393212027359,1.0,1.0,143,0,1,13,157,14,8.92,0.2569053320170579,0.003910225726298404,0.995013370006519,0.09255128138040244
3333,23,LEGACY_A,44,0.14144246999967436,2.0,0.75,0.9936305732484076,1.0,0.9285714285714286,0.9797393212027359,1.0,0.9999999999999999,143,0,1,13,157,14,8.92,0.2689817337643033,6.752544739898248e-08,0.9999995859941531,0.08054931634202035
3333,24,A_raw_ce_noW,44,0.1451892099998986,2.0,0.75,0.9872611464968153,1.0,0.8571428571428571,0.9580662393162394,0.996003996003996,0.974025974025974,143,0,2,12,157,14,8.92,0.2628191437130781,9.049715011295231e-08,0.9999991420782453,0.07557171309134003
3333,24,B_raw_ce_W,44,0.17549699300025168,2.0,0.75,0.9872611464968153,1.0,0.8571428571428571,0.9580662393162394,0.997002997002997,0.9761009667024704,143,0,2,12,157,14,8.92,0.2652314114066526,1.5242017001382328e-07,0.9999998036730685,0.07650042480465045
3333,24,C_raw_focal_noW,44,0.11245525200001794,2.0,0.75,0.9872611464968153,1.0,0.8571428571428571,0.9580662393162394,0.9940059940059941,0.967032967032967,143,0,2,12,157,14,8.92,0.25246094409471886,0.003975638823492578,0.9938257420029981,0.08631953060759139
3333,24,D_raw_focal_W,44,0.11697849699976359,2.0,0.75,0.9872611464968153,1.0,0.8571428571428571,0.9580662393162394,0.9940059940059941,0.967032967032967,143,0,2,12,157,14,8.92,0.25246094409471886,0.003975638823492578,0.9938257420029981,0.08631953060759139
3333,24,E_all_ce_noW,47,0.16240346799986582,2.0,0.75,0.9808917197452229,1.0,0.7857142857142857,0.9348096885813149,0.9945054945054945,0.9685714285714285,143,0,3,11,157,14,8.92,0.255787923907274,9.138314559138129e-08,0.9999992126351458,0.07200844272830934
3333,24,F_all_ce_W,47,0.17928661599989937,2.0,0.75,0.9872611464968153,1.0,0.8571428571428571,0.9580662393162394,0.9975024975024975,0.981203007518797,143,0,2,12,157,14,8.92,0.259392325615211,1.674925533669296e-07,0.9999997927163574,0.07438170598135509
3333,24,G_all_focal_noW,47,0.11923238100007438,2.0,0.75,0.9872611464968153,1.0,0.8571428571428571,0.9580662393162394,0.9985014985014985,0.9859693877551019,143,0,2,12,157,14,8.92,0.2528321470251544,0.004188455677041961,0.9942395383249577,0.08553522949098395
3333,24,H_all_focal_W,47,0.12118255999985195,2.0,0.75,0.9872611464968153,1.0,0.8571428571428571,0.9580662393162394,0.9985014985014985,0.9859693877551019,143,0,2,12,157,14,8.92,0.2528321470251544,0.004188455677041961,0.9942395383249577,0.08553522949098395
3333,24,LEGACY_A,44,0.16071708699973897,2.0,0.75,0.9872611464968153,1.0,0.8571428571428571,0.9580662393162394,0.9955044955044956,0.9689239332096474,143,0,2,12,157,14,8.92,0.2654351449379096,4.93357512460279e-08,0.9999996163102955,0.07647166968869126
3333,25,A_raw_ce_noW,44,0.16399303700018208,2.0,0.75,1.0,1.0,1.0,1.0,1.0,1.0,143,0,0,13,156,13,8.33,0.27115866803600874,7.501447400058302e-08,0.9999991165176003,0.08168600957518955
3333,25,B_raw_ce_W,44,0.15307706100020368,2.0,0.75,1.0,1.0,1.0,1.0,1.0,1.0,143,0,0,13,156,13,8.33,0.2719066241877891,1.5670261804484938e-07,0.9999997629671804,0.08201641704678858
3333,25,C_raw_focal_noW,44,0.11672682399967016,2.0,0.75,1.0,1.0,1.0,1.0,1.0,1.0,143,0,0,13,156,13,8.33,0.25719009332458315,0.003984339806961036,0.9935446254762156,0.09127583094074813
3333,25,D_raw_focal_W,44,0.115258724999876,2.0,0.75,1.0,1.0,1.0,1.0,1.0,1.0,143,0,0,13,156,13,8.33,0.25719009332458315,0.003984339806961036,0.9935446254762156,0.09127583094074813
3333,25,E_all_ce_noW,47,0.17594717800011495,2.0,0.75,1.0,1.0,1.0,1.0,1.0,1.0,143,0,0,13,156,13,8.33,0.2707293708625381,6.49302575422952e-08,0.99999888394901,0.08143956162930892
3333,25,F_all_ce_W,47,0.17449858899999526,2.0,0.75,1.0,1.0,1.0,1.0,1.0,1.0,143,0,0,13,156,13,8.33,0.2748364779314372,1.7699756474553266e-07,0.9999997353967177,0.08303905934554767
3333,25,G_all_focal_noW,47,0.12206205600023168,2.0,0.75,1.0,1.0,1.0,1.0,1.0,1.0,143,0,0,13,156,13,8.33,0.2574437163909259,0.003574184709599381,0.9931780479081527,0.08960228746079088
3333,25,H_all_focal_W,47,0.12853271899984975,2.0,0.75,1.0,1.0,1.0,1.0,1.0,1.0,143,0,0,13,156,13,8.33,0.2574437163909259,0.003574184709599381,0.9931780479081527,0.08960228746079088
3333,25,LEGACY_A,44,0.14942792900001223,2.0,0.75,1.0,1.0,1.0,1.0,1.0,1.0,143,0,0,13,156,13,8.33,0.2752522826554196,4.219771136280285e-08,0.9999995822833239,0.08304534560880882
5555,1,A_raw_ce_noW,44,0.13830507600005149,2.0,0.75,0.9745222929936306,1.0,0.7142857142857143,0.9097701149425288,0.9975024975024975,0.9790249433106575,143,0,4,10,157,14,8.92,0.2439697898086761,8.235182281510772e-08,0.9999990732110647,0.06372386831253064
5555,1,B_raw_ce_W,44,0.15489383200019802,2.0,0.75,0.9745222929936306,1.0,0.7142857142857143,0.9097701149425288,0.997002997002997,0.9740021008403361,143,0,4,10,157,14,8.92,0.24411923284577772,1.4742089416832357e-07,0.9999997413136089,0.06404533223707057
5555,1,C_raw_focal_noW,44,0.10992406100012886,2.0,0.75,0.9745222929936306,1.0,0.7142857142857143,0.9097701149425288,0.9955044955044955,0.9614751163623344,143,0,4,10,157,14,8.92,0.23518926916642505,0.005722194991938098,0.9934014399786484,0.07820659558577503
5555,1,D_raw_focal_W,44,0.10231846399983624,2.0,0.75,0.9745222929936306,1.0,0.7142857142857143,0.9097701149425288,0.9955044955044955,0.9614751163623344,143,0,4,10,157,14,8.92,0.23518926916642505,0.005722194991938098,0.9934014399786484,0.07820659558577503
5555,1,E_all_ce_noW,47,0.15510107899990544,2.0,0.75,0.9745222929936306,1.0,0.7142857142857143,0.9097701149425288,0.9965034965034965,0.9691086691086691,143,0,4,10,157,14,8.92,0.24341986575237137,8.90360910123076e-08,0.9999988915713616,0.06379047675693168
5555,1,F_all_ce_W,47,0.1708472850000362,2.0,0.75,0.9745222929936306,1.0,0.7142857142857143,0.9097701149425288,0.9950049950049951,0.958843537414966,143,0,4,10,157,14,8.92,0.2444846186973874,1.8583301136205384e-07,0.9999997720658935,0.06685345250071502
5555,1,G_all_focal_noW,47,0.13285853800016412,2.0,0.75,0.9745222929936306,1.0,0.7142857142857143,0.9097701149425288,0.9965034965034967,0.9761904761904762,143,0,4,10,157,14,8.92,0.23695659744696201,0.006268153586929744,0.9937892669322107,0.08137484522614798
5555,1,H_all_focal_W,47,0.1137422259998857,2.0,0.75,0.9745222929936306,1.0,0.7142857142857143,0.9097701149425288,0.9965034965034967,0.9761904761904762,143,0,4,10,157,14,8.92,0.23695659744696201,0.006268153586929744,0.9937892669322107,0.08137484522614798
5555,1,LEGACY_A,44,0.14249120600015885,2.0,0.75,0.9745222929936306,1.0,0.7142857142857143,0.9097701149425288,0.9985014985014985,0.9873949579831933,143,0,4,10,157,14,8.92,0.24467473947210341,5.776884957545221e-08,0.9999995492619329,0.066783842572684
5555,2,A_raw_ce_noW,44,0.1417496700000811,2.0,0.75,0.9872611464968153,0.9285714285714286,0.9285714285714286,0.9607892107892109,0.999000999000999,0.9910714285714285,142,1,1,13,157,14,8.92,0.28443261496778255,7.623937169338364e-08,0.9999990302877675,0.08952694764505696
5555,2,B_raw_ce_W,44,0.1587032869997529,2.0,0.75,0.9872611464968153,0.9285714285714286,0.9285714285714286,0.9607892107892109,0.999000999000999,0.9910714285714285,142,1,1,13,157,14,8.92,0.28258211284809887,1.8225476395232147e-07,0.9999997768429457,0.08865431672529125
5555,2,C_raw_focal_noW,44,0.1309910380000474,2.0,0.75,0.9872611464968153,0.9285714285714286,0.9285714285714286,0.9607892107892109,0.9990009990009989,0.9910714285714285,142,1,1,13,157,14,8.92,0.27808835523081027,0.003676453659272002,0.995933584970871,0.10136707793989659
5555,2,D_raw_focal_W,44,0.11299619900000835,2.0,0.75,0.9872611464968153,0.9285714285714286,0.9285714285714286,0.9607892107892109,0.9990009990009989,0.9910714285714285,142,1,1,13,157,14,8.92,0.27808835523081027,0.003676453659272002,0.995933584970871,0.10136707793989659
5555,2,E_all_ce_noW,47,0.15510103399992659,2.0,0.75,0.9936305732484076,1.0,0.9285714285714286,0.9797393212027359,0.9995004995004995,0.9952380952380953,143,0,1,13,157,14,8.92,0.2766133610051615,7.30806718929783e-08,0.9999991609196726,0.08635261537836489
5555,2,F_all_ce_W,47,0.17198601000018243,2.0,0.75,0.9808917197452229,0.8666666666666667,0.9285714285714286,0.9430127041742287,0.999000999000999,0.9910714285714284,141,2,1,13,157,14,8.92,0.28164254559773416,1.7764537415331273e-07,0.9999997231369466,0.09086930221421803
5555,2,G_all_focal_noW,47,0.11916991299995061,2.0,0.75,0.9872611464968153,0.9285714285714286,0.9285714285714286,0.9607892107892109,0.999000999000999,0.9910714285714286,142,1,1,13,157,14,8.92,0.2747246241979248,0.004583446232063922,0.9947455375731765,0.10108880304620299
5555,2,H_all_focal_W,47,0.11767788800034396,2.0,0.75,0.9872611464968153,0.9285714285714286,0.9285714285714286,0.9607892107892109,0.999000999000999,0.9910714285714286,142,1,1,13,157,14,8.92,0.2747246241979248,0.004583446232063922,0.9947455375731765,0.10108880304620299
5555,2,LEGACY_A,44,0.13738912899998468,2.0,0.75,0.9936305732484076,1.0,0.9285714285714286,0.9797393212027359,0.999000999000999,0.9910714285714284,143,0,1,13,157,14,8.92,0.27647379395850463,6.426225362375854e-08,0.9999995794525499,0.08664428460409317
5555,3,A_raw_ce_noW,44,0.14788509799973326,2.0,0.75,0.9872611464968153,1.0,0.8571428571428571,0.9580662393162394,0.9990009990009989,0.9910714285714286,143,0,2,12,157,14,8.92,0.264768620304024,6.45116830651425e-08,0.999998741879539,0.07716338845164775
5555,3,B_raw_ce_W,44,0.16180753800017555,2.0,0.75,0.9872611464968153,1.0,0.8571428571428571,0.9580662393162394,0.999000999000999,0.9910714285714285,143,0,2,12,157,14,8.92,0.2621550560840897,1.5098788801122463e-07,0.9999997083697725,0.07689218948220101
5555,3,C_raw_focal_noW,44,0.11609680499987007,2.0,0.75,0.9872611464968153,1.0,0.8571428571428571,0.9580662393162394,1.0,1.0,143,0,2,12,157,14,8.92,0.2560267207632142,0.003247834880901896,0.991733074905026,0.08903542648848072
5555,3,D_raw_focal_W,44,0.11681233899980725,2.0,0.75,0.9872611464968153,1.0,0.8571428571428571,0.9580662393162394,1.0,1.0,143,0,2,12,157,14,8.92,0.2560267207632142,0.003247834880901896,0.991733074905026,0.08903542648848072
5555,3,E_all_ce_noW,47,0.1566162140002234,2.0,0.75,0.9936305732484076,1.0,0.9285714285714286,0.9797393212027359,1.0,0.9999999999999999,143,0,1,13,157,14,8.92,0.27025508830162137,7.241149299593305e-08,0.9999987265554205,0.08102644571044464
5555,3,F_all_ce_W,47,0.1910958550001851,2.0,0.75,0.9936305732484076,1.0,0.9285714285714286,0.9797393212027359,0.9995004995004995,0.995238095238095,143,0,1,13,157,14,8.92,0.2739558642303791,1.8581498343962748e-07,0.9999997328077571,0.08249166376380718
5555,3,G_all_focal_noW,47,0.15206210099995587,2.0,0.75,0.9936305732484076,1.0,0.9285714285714286,0.9797393212027359,1.0,1.0,143,0,1,13,157,14,8.92,0.25910914866830514,0.003910572061474271,0.9914551865199837,0.09229060449098543
5555,3,H_all_focal_W,47,0.1964494270000614,2.0,0.75,0.9936305732484076,1.0,0.9285714285714286,0.9797393212027359,1.0,1.0,143,0,1,13,157,14,8.92,0.25910914866830514,0.003910572061474271,0.9914551865199837,0.09229060449098543
5555,3,LEGACY_A,44,0.2392458520002947,2.0,0.75,0.9872611464968153,1.0,0.8571428571428571,0.9580662393162394,0.9995004995004995,0.995238095238095,143,0,2,12,157,14,8.92,0.26586338307536944,4.466490662782752e-08,0.999999518009978,0.07924824789980792
5555,4,A_raw_ce_noW,44,0.22730298599981325,2.0,0.75,1.0,1.0,1.0,1.0,1.0,0.9999999999999998,143,0,0,14,157,14,8.92,0.2817960123223404,5.328841735409712e-08,0.999999072311611,0.08826907658536519
5555,4,B_raw_ce_W,44,0.2498732599997311,2.0,0.75,1.0,1.0,1.0,1.0,1.0,0.9999999999999998,143,0,0,14,157,14,8.92,0.28219005471041614,1.2399665365750414e-07,0.9999997435562809,0.08856696541463094
5555,4,C_raw_focal_noW,44,0.18239590499979386,2.0,0.75,1.0,1.0,1.0,1.0,1.0,0.9999999999999998,143,0,0,14,157,14,8.92,0.2693497977121151,0.0028615407683187308,0.993024277528998,0.09877556912261469
5555,4,D_raw_focal_W,44,0.1930513859997518,2.0,0.75,1.0,1.0,1.0,1.0,1.0,0.9999999999999998,143,0,0,14,157,14,8.92,0.2693497977121151,0.0028615407683187308,0.993024277528998,0.09877556912261469
5555,4,E_all_ce_noW,47,0.25515619299994796,2.0,0.75,0.9936305732484076,1.0,0.9285714285714286,0.9797393212027359,1.0,0.9999999999999998,143,0,1,13,157,14,8.92,0.27603213314807346,5.670707265255319e-08,0.9999990763340006,0.08521106518270073
5555,4,F_all_ce_W,47,0.2732867760000772,2.0,0.75,0.9936305732484076,1.0,0.9285714285714286,0.9797393212027359,1.0,0.9999999999999998,143,0,1,13,157,14,8.92,0.2769867951632847,1.4290361190003308e-07,0.9999997759082098,0.08712810946476102
5555,4,G_all_focal_noW,47,0.18109757400043236,2.0,0.75,0.9872611464968153,0.9285714285714286,0.9285714285714286,0.9607892107892109,0.9995004995004995,0.9952380952380951,142,1,1,13,157,14,8.92,0.2701858181403317,0.003648101069803967,0.9936131307105188,0.09886133670254962
5555,4,H_all_focal_W,47,0.1867830139999569,2.0,0.75,0.9872611464968153,0.9285714285714286,0.9285714285714286,0.9607892107892109,0.9995004995004995,0.9952380952380951,142,1,1,13,157,14,8.92,0.2701858181403317,0.003648101069803967,0.9936131307105188,0.09886133670254962
5555,4,LEGACY_A,44,0.24052146199983326,2.0,0.75,1.0,1.0,1.0,1.0,1.0,0.9999999999999998,143,0,0,14,157,14,8.92,0.2846719948634951,5.299399494776727e-08,0.9999995691692312,0.0892060160643756
5555,5,A_raw_ce_noW,44,0.23147279400018306,2.0,0.75,1.0,1.0,1.0,1.0,1.0,0.9999999999999998,143,0,0,13,156,13,8.33,0.27565260417650855,5.925048736034324e-08,0.9999976134379034,0.08330474952435768
5555,5,B_raw_ce_W,44,0.2724476829998821,2.0,0.75,1.0,1.0,1.0,1.0,1.0,0.9999999999999998,143,0,0,13,156,13,8.33,0.2762099296326047,1.4336798339823943e-07,0.9999995601825105,0.08350972570441972
5555,5,C_raw_focal_noW,44,0.20855895499971666,2.0,0.75,1.0,1.0,1.0,1.0,1.0,0.9999999999999998,143,0,0,13,156,13,8.33,0.2628309834400697,0.002810253840568379,0.9926305527714921,0.08991916713383824
5555,5,D_raw_focal_W,44,0.19518985900003827,2.0,0.75,1.0,1.0,1.0,1.0,1.0,0.9999999999999998,143,0,0,13,156,13,8.33,0.2628309834400697,0.002810253840568379,0.9926305527714921,0.08991916713383824
5555,5,E_all_ce_noW,47,0.17442317499990168,2.0,0.75,1.0,1.0,1.0,1.0,1.0,0.9999999999999998,143,0,0,13,156,13,8.33,0.27546764972266885,5.488996252230443e-08,0.9999987583263722,0.08326884761610885
5555,5,F_all_ce_W,47,0.18071489400017526,2.0,0.75,1.0,1.0,1.0,1.0,1.0,0.9999999999999998,143,0,0,13,156,13,8.33,0.27571147543675556,1.4484579084428534e-07,0.9999996752878035,0.08331364984984929
5555,5,G_all_focal_noW,47,0.12593207000008988,2.0,0.75,1.0,1.0,1.0,1.0,1.0,0.9999999999999998,143,0,0,13,156,13,8.33,0.26505258118467495,0.003667323491177978,0.9933389189558193,0.09138706345708858
5555,5,H_all_focal_W,47,0.13657191599986618,2.0,0.75,1.0,1.0,1.0,1.0,1.0,0.9999999999999998,143,0,0,13,156,13,8.33,0.26505258118467495,0.003667323491177978,0.9933389189558193,0.09138706345708858
5555,5,LEGACY_A,44,0.15056276099994648,2.0,0.75,1.0,1.0,1.0,1.0,1.0,0.9999999999999998,143,0,0,13,156,13,8.33,0.27474126789219844,4.249544853774064e-08,0.99999962487085,0.08299083608250217
5555,6,A_raw_ce_noW,44,0.13920975499968335,2.0,0.75,1.0,1.0,1.0,1.0,1.0,0.9999999999999999,143,0,0,14,157,14,8.92,0.28465935422873856,5.4402777259824894e-08,0.9999992148309081,0.08921742972633481
5555,6,B_raw_ce_W,44,0.15927683000018078,2.0,0.75,1.0,1.0,1.0,1.0,1.0,0.9999999999999999,143,0,0,14,157,14,8.92,0.2848647932206884,1.5604389490191068e-07,0.9999997071284049,0.0895743711161531
5555,6,C_raw_focal_noW,44,0.11378787300009208,2.0,0.75,1.0,1.0,1.0,1.0,1.0,1.0,143,0,0,14,157,14,8.92,0.27529020915144725,0.0024946001172652717,0.9951282086255984,0.09721504849187886
5555,6,D_raw_focal_W,44,0.12838069599956725,2.0,0.75,1.0,1.0,1.0,1.0,1.0,1.0,143,0,0,14,157,14,8.92,0.27529020915144725,0.0024946001172652717,0.9951282086255984,0.09721504849187886
5555,6,E_all_ce_noW,47,0.16021833600007085,2.0,0.75,1.0,1.0,1.0,1.0,1.0,0.9999999999999999,143,0,0,14,157,14,8.92,0.28485907592319426,5.065366687325567e-08,0.9999990271079388,0.08929539148465958
5555,6,F_all_ce_W,47,0.1770339170002444,2.0,0.75,1.0,1.0,1.0,1.0,1.0,0.9999999999999999,143,0,0,14,157,14,8.92,0.2849295137109109,1.514243588219181e-07,0.999999585027541,0.0901665197837616
5555,6,G_all_focal_noW,47,0.12434767600007035,2.0,0.75,1.0,1.0,1.0,1.0,1.0,0.9999999999999999,143,0,0,14,157,14,8.92,0.27382725737594105,0.0026638303697617983,0.9934391339995974,0.0976477152257117
5555,6,H_all_focal_W,47,0.12525294500028394,2.0,0.75,1.0,1.0,1.0,1.0,1.0,0.9999999999999999,143,0,0,14,157,14,8.92,0.27382725737594105,0.0026638303697617983,0.9934391339995974,0.0976477152257117
5555,6,LEGACY_A,44,0.14860767799973473,2.0,0.75,1.0,1.0,1.0,1.0,1.0,0.9999999999999999,143,0,0,14,157,14,8.92,0.2850707346890116,5.65632039820392e-08,0.9999995573760804,0.09078056462942483
5555,7,A_raw_ce_noW,44,0.14792998600023566,2.0,0.75,1.0,1.0,1.0,1.0,1.0,0.9999999999999999,143,0,0,14,157,14,8.92,0.2845912800083955,7.759305343259237e-08,0.9999993179701596,0.08962212570943412
5555,7,B_raw_ce_W,44,0.16966868000008617,2.0,0.75,1.0,1.0,1.0,1.0,1.0,0.9999999999999999,143,0,0,14,157,14,8.92,0.2848734074505976,1.6301209315512826e-07,0.9999997752198236,0.08961131088304303
5555,7,C_raw_focal_noW,44,0.1139263159998336,2.0,0.75,1.0,1.0,1.0,1.0,1.0,0.9999999999999999,143,0,0,14,157,14,8.92,0.2761763001691814,0.003559728463002758,0.9946805802067314,0.1002475139927472
5555,7,D_raw_focal_W,44,0.11999275400012266,2.0,0.75,1.0,1.0,1.0,1.0,1.0,0.9999999999999999,143,0,0,14,157,14,8.92,0.2761763001691814,0.003559728463002758,0.9946805802067314,0.1002475139927472
5555,7,E_all_ce_noW,47,0.16572387700034596,2.0,0.75,1.0,1.0,1.0,1.0,1.0,0.9999999999999999,143,0,0,14,157,14,8.92,0.2847513970534086,6.736854791636945e-08,0.999999220747661,0.08968309719972911
5555,7,F_all_ce_W,47,0.19367278200024884,2.0,0.75,1.0,1.0,1.0,1.0,1.0,0.9999999999999999,143,0,0,14,157,14,8.92,0.2848715623734524,1.7407336351582704e-07,0.9999997513441917,0.09205026604860919
5555,7,G_all_focal_noW,47,0.12079115999995338,2.0,0.75,1.0,1.0,1.0,1.0,1.0,0.9999999999999999,143,0,0,14,157,14,8.92,0.275726530182219,0.003996597575956572,0.9941649333557053,0.10244583471553052
5555,7,H_all_focal_W,47,0.11710888100014927,2.0,0.75,1.0,1.0,1.0,1.0,1.0,0.9999999999999999,143,0,0,14,157,14,8.92,0.275726530182219,0.003996597575956572,0.9941649333557053,0.10244583471553052
5555,7,LEGACY_A,44,0.14486950400032583,2.0,0.75,1.0,1.0,1.0,1.0,1.0,0.9999999999999999,143,0,0,14,157,14,8.92,0.2848886283414131,5.892171708432923e-08,0.9999995783060773,0.09060956436596569
5555,8,A_raw_ce_noW,44,0.14328328000010515,2.0,0.75,1.0,1.0,1.0,1.0,1.0,0.9999999999999999,143,0,0,14,157,14,8.92,0.28132767432586386,6.176811347627604e-08,0.9999990161763646,0.08796377096391673
5555,8,B_raw_ce_W,44,0.17798085599997648,2.0,0.75,1.0,1.0,1.0,1.0,1.0,0.9999999999999999,143,0,0,14,157,14,8.92,0.28285094962043983,1.5430700926372735e-07,0.9999997733390501,0.08852810034102075
5555,8,C_raw_focal_noW,44,0.1140371960000266,2.0,0.75,0.9936305732484076,1.0,0.9285714285714286,0.9797393212027359,1.0,1.0,143,0,1,13,157,14,8.92,0.26527372350030465,0.0028252153158274504,0.9946230513590931,0.09163526067822779
5555,8,D_raw_focal_W,44,0.11215315099980216,2.0,0.75,0.9936305732484076,1.0,0.9285714285714286,0.9797393212027359,1.0,1.0,143,0,1,13,157,14,8.92,0.26527372350030465,0.0028252153158274504,0.9946230513590931,0.09163526067822779
5555,8,E_all_ce_noW,47,0.15919188099996973,2.0,0.75,1.0,1.0,1.0,1.0,1.0,0.9999999999999999,143,0,0,14,157,14,8.92,0.2844134047809953,6.369174964337555e-08,0.9999990226894774,0.08900918779385371
5555,8,F_all_ce_W,47,0.18109177299993462,2.0,0.75,1.0,1.0,1.0,1.0,1.0,0.9999999999999999,143,0,0,14,157,14,8.92,0.28476630275249265,1.6910244707229604e-07,0.9999997443030498,0.08912952123259951
5555,8,G_all_focal_noW,47,0.11936374500010061,2.0,0.75,1.0,1.0,1.0,1.0,1.0,0.9999999999999999,143,0,0,14,157,14,8.92,0.2709123214484445,0.002773530365709657,0.9949384804931936,0.09289258839891959
5555,8,H_all_focal_W,47,0.13759123399995588,2.0,0.75,1.0,1.0,1.0,1.0,1.0,0.9999999999999999,143,0,0,14,157,14,8.92,0.2709123214484445,0.002773530365709657,0.9949384804931936,0.09289258839891959
5555,8,LEGACY_A,44,0.14714363400025832,2.0,0.75,1.0,1.0,1.0,1.0,1.0,0.9999999999999999,143,0,0,14,157,14,8.92,0.28124608744537954,4.182537108534517e-08,0.9999996116204203,0.08791133389565596
5555,9,A_raw_ce_noW,44,0.13928353800019977,2.0,0.75,0.9681528662420382,0.9090909090909091,0.7142857142857143,0.8913494809688581,0.996003996003996,0.9617146858743495,142,1,4,10,157,14,8.92,0.24368806831387985,7.751979475032681e-08,0.9999989534755739,0.06826215839314737
5555,9,B_raw_ce_W,44,0.1655658620002214,2.0,0.75,0.9745222929936306,0.9166666666666666,0.7857142857142857,0.9161324786324787,0.9975024975024975,0.9745225013082155,142,1,3,11,157,14,8.92,0.25122858405136667,1.7260386307995788e-07,0.9999997413518739,0.07417600715802813
5555,9,C_raw_focal_noW,44,0.1036037160001797,2.0,0.75,0.9745222929936306,0.9166666666666666,0.7857142857142857,0.9161324786324787,0.9965034965034965,0.9675780568637711,142,1,3,11,157,14,8.92,0.24156471185676343,0.004603046540235939,0.99488772118344,0.08706959158938857
5555,9,D_raw_focal_W,44,0.10599161899972387,2.0,0.75,0.9745222929936306,0.9166666666666666,0.7857142857142857,0.9161324786324787,0.9965034965034965,0.9675780568637711,142,1,3,11,157,14,8.92,0.24156471185676343,0.004603046540235939,0.99488772118344,0.08706959158938857
5555,9,E_all_ce_noW,47,0.16440984100017886,2.0,0.75,0.9745222929936306,0.9166666666666666,0.7857142857142857,0.9161324786324787,0.997002997002997,0.973530437816152,142,1,3,11,157,14,8.92,0.2550720158999974,8.221023745580092e-08,0.9999991510236379,0.07541785817123432
5555,9,F_all_ce_W,47,0.17642329499994958,2.0,0.75,0.9872611464968153,0.9285714285714286,0.9285714285714286,0.9607892107892109,0.998001998001998,0.9804748822605964,142,1,1,13,157,14,8.92,0.2705470569668342,1.5407652521218774e-07,0.9999997432019976,0.0838274763402287
5555,9,G_all_focal_noW,47,0.108915627999977,2.0,0.75,0.9808917197452229,0.9230769230769231,0.8571428571428571,0.9392179636082074,0.9965034965034965,0.9706064612079649,142,1,2,12,157,14,8.92,0.2502908098179611,0.005341609156364636,0.9946474526634959,0.09140052817302838
5555,9,H_all_focal_W,47,0.11141045600015786,2.0,0.75,0.9808917197452229,0.9230769230769231,0.8571428571428571,0.9392179636082074,0.9965034965034965,0.9706064612079649,142,1,2,12,157,14,8.92,0.2502908098179611,0.005341609156364636,0.9946474526634959,0.09140052817302838
5555,9,LEGACY_A,44,0.14417007100018964,2.0,0.75,0.9808917197452229,1.0,0.7857142857142857,0.9348096885813149,0.999000999000999,0.9910714285714285,143,0,3,11,157,14,8.92,0.25221484217011736,4.6095548999631934e-08,0.9999995787515708,0.07258611123637848
5555,10,A_raw_ce_noW,44,0.14074003800033097,2.0,0.75,0.9871794871794872,1.0,0.8461538461538461,0.9548611111111112,0.9892415277030663,0.9533799533799534,143,0,2,11,156,13,8.33,0.2559329952085199,8.587139605720783e-08,0.9999989249041591,0.07095440011411552
5555,10,B_raw_ce_W,44,0.15266855700019732,2.0,0.75,0.9871794871794872,1.0,0.8461538461538461,0.9548611111111112,0.9817105970952125,0.9388988937483917,143,0,2,11,156,13,8.33,0.2559404540615529,1.8198277910209994e-07,0.9999997391091834,0.07106944939761602
5555,10,C_raw_focal_noW,44,0.112028325999745,2.0,0.75,0.9871794871794872,1.0,0.8461538461538461,0.9548611111111112,0.9768692845615923,0.9306064306064303,143,0,2,11,156,13,8.33,0.25010788184221466,0.0037358890035927624,0.991430183938177,0.08327142949841312
5555,10,D_raw_focal_W,44,0.13096152200023425,2.0,0.75,0.9871794871794872,1.0,0.8461538461538461,0.9548611111111112,0.9768692845615923,0.9306064306064303,143,0,2,11,156,13,8.33,0.25010788184221466,0.0037358890035927624,0.991430183938177,0.08327142949841312
5555,10,E_all_ce_noW,47,0.15157006399977035,2.0,0.75,0.9871794871794872,1.0,0.8461538461538461,0.9548611111111112,0.9908552985476062,0.9478021978021975,143,0,2,11,156,13,8.33,0.25600324001282754,8.305368904026482e-08,0.9999983436492034,0.07206217395441834
5555,10,F_all_ce_W,47,0.18938048099971638,2.0,0.75,0.9871794871794872,1.0,0.8461538461538461,0.9548611111111112,0.9919311457772996,0.9505494505494505,143,0,2,11,156,13,8.33,0.2567546681729597,1.4845878378940098e-07,0.9999996974804224,0.07345572719670924
5555,10,G_all_focal_noW,47,0.12906193300023006,2.0,0.75,0.9807692307692307,0.9166666666666666,0.8461538461538461,0.9347735191637631,0.9887036040882194,0.9474627936166395,142,1,2,11,156,13,8.33,0.2528216336811514,0.005358287234844262,0.9929213151772629,0.08694180296318652
5555,10,H_all_focal_W,47,0.1173898619999818,2.0,0.75,0.9807692307692307,0.9166666666666666,0.8461538461538461,0.9347735191637631,0.9887036040882194,0.9474627936166395,142,1,2,11,156,13,8.33,0.2528216336811514,0.005358287234844262,0.9929213151772629,0.08694180296318652
5555,10,LEGACY_A,44,0.14172612199990908,2.0,0.75,0.9871794871794872,1.0,0.8461538461538461,0.9548611111111112,0.9951586874663797,0.9685314685314685,143,0,2,11,156,13,8.33,0.2559817149977834,7.032921168563285e-08,0.9999995663876087,0.07062032409176491
5555,11,A_raw_ce_noW,44,0.142675527999927,2.0,0.75,0.9936305732484076,1.0,0.9285714285714286,0.9797393212027359,0.9875124875124875,0.9542124542124542,143,0,1,13,157,14,8.92,0.27328173824827195,6.330112129047917e-08,0.9999989403841033,0.0820789655613454
5555,11,B_raw_ce_W,44,0.15587720800021998,2.0,0.75,0.9936305732484076,1.0,0.9285714285714286,0.9797393212027359,0.988011988011988,0.9548872180451127,143,0,1,13,157,14,8.92,0.27361184101292935,1.6983827062013843e-07,0.9999997489905608,0.08218911035047834
5555,11,C_raw_focal_noW,44,0.12811876100022346,2.0,0.75,0.9936305732484076,1.0,0.9285714285714286,0.9797393212027359,0.9760239760239762,0.9447004608294931,143,0,1,13,157,14,8.92,0.2647610307964252,0.0036519236485956026,0.9931470447107617,0.09034759497021473
5555,11,D_raw_focal_W,44,0.1988968380001097,2.0,0.75,0.9936305732484076,1.0,0.9285714285714286,0.9797393212027359,0.9760239760239762,0.9447004608294931,143,0,1,13,157,14,8.92,0.2647610307964252,0.0036519236485956026,0.9931470447107617,0.09034759497021473
5555,11,E_all_ce_noW,47,0.26437858999997843,2.0,0.75,0.9936305732484076,1.0,0.9285714285714286,0.9797393212027359,0.9995004995004995,0.9952380952380953,143,0,1,13,157,14,8.92,0.2744385564425678,5.3506181101536385e-08,0.9999989645227618,0.082452244736841
5555,11,F_all_ce_W,47,0.2789248979997865,2.0,0.75,0.9936305732484076,1.0,0.9285714285714286,0.9797393212027359,0.998001998001998,0.984126984126984,143,0,1,13,157,14,8.92,0.27511495300116967,1.6653361840308148e-07,0.9999996853342488,0.0826651949692503
5555,11,G_all_focal_noW,47,0.1997102990003441,2.0,0.75,0.9936305732484076,1.0,0.9285714285714286,0.9797393212027359,0.995004995004995,0.9702380952380952,143,0,1,13,157,14,8.92,0.264556753606939,0.003956167566178465,0.9933215984672118,0.08964400273128398
5555,11,H_all_focal_W,47,0.18042647299989767,2.0,0.75,0.9936305732484076,1.0,0.9285714285714286,0.9797393212027359,0.995004995004995,0.9702380952380952,143,0,1,13,157,14,8.92,0.264556753606939,0.003956167566178465,0.9933215984672118,0.08964400273128398
5555,11,LEGACY_A,44,0.24074192299985953,2.0,0.75,0.9936305732484076,1.0,0.9285714285714286,0.9797393212027359,0.9865134865134866,0.9529616724738676,143,0,1,13,157,14,8.92,0.2753781448812013,4.6171438336075454e-08,0.9999996208249845,0.0827450643086168
5555,12,A_raw_ce_noW,44,0.24707439600024372,2.0,0.75,1.0,1.0,1.0,1.0,1.0,0.9999999999999999,143,0,0,14,157,14,8.92,0.2844868489744815,5.656512270875639e-08,0.9999989959976724,0.0899300475660916
5555,12,B_raw_ce_W,44,0.2522829630001979,2.0,0.75,1.0,1.0,1.0,1.0,1.0,0.9999999999999999,143,0,0,14,157,14,8.92,0.28468650059840156,1.4984290237841524e-07,0.9999996340481767,0.09009913086341928
5555,12,C_raw_focal_noW,44,0.1738969069997438,2.0,0.75,1.0,1.0,1.0,1.0,1.0,0.9999999999999999,143,0,0,14,157,14,8.92,0.27687004404765286,0.00313170465491691,0.9939234104544831,0.09872392116644423
5555,12,D_raw_focal_W,44,0.17754053299995576,2.0,0.75,1.0,1.0,1.0,1.0,1.0,0.9999999999999999,143,0,0,14,157,14,8.92,0.27687004404765286,0.00313170465491691,0.9939234104544831,0.09872392116644423
5555,12,E_all_ce_noW,47,0.24598498899968035,2.0,0.75,1.0,1.0,1.0,1.0,1.0,0.9999999999999999,143,0,0,14,157,14,8.92,0.2846222359903692,7.183789610797706e-08,0.9999989939528438,0.08992910456004857
5555,12,F_all_ce_W,47,0.28554700299991964,2.0,0.75,1.0,1.0,1.0,1.0,1.0,0.9999999999999999,143,0,0,14,157,14,8.92,0.2849184746162194,1.7948254356119962e-07,0.9999997363558868,0.09120649156087675
5555,12,G_all_focal_noW,47,0.18629046200021548,2.0,0.75,1.0,1.0,1.0,1.0,1.0,1.0,143,0,0,14,157,14,8.92,0.27692735644192695,0.0038128391375008568,0.9918128337044536,0.1016041568272479
5555,12,H_all_focal_W,47,0.19212909399993805,2.0,0.75,1.0,1.0,1.0,1.0,1.0,1.0,143,0,0,14,157,14,8.92,0.27692735644192695,0.0038128391375008568,0.9918128337044536,0.1016041568272479
5555,12,LEGACY_A,44,0.22565245799978584,2.0,0.75,1.0,1.0,1.0,1.0,1.0,0.9999999999999999,143,0,0,14,157,14,8.92,0.28484080577222365,4.590833207673715e-08,0.9999995644713932,0.09031665644105497
5555,13,A_raw_ce_noW,44,0.17952389200036123,2.0,0.75,0.9936305732484076,1.0,0.9285714285714286,0.9797393212027359,1.0,1.0,143,0,1,13,157,14,8.92,0.26506008578044643,9.913961567180003e-08,0.9999985825462253,0.07933396697790703
5555,13,B_raw_ce_W,44,0.1507267709998814,2.0,0.75,0.9936305732484076,1.0,0.9285714285714286,0.9797393212027359,1.0,0.9999999999999999,143,0,1,13,157,14,8.92,0.27166570840197424,2.017035393532361e-07,0.9999997282743297,0.08204978283332162
5555,13,C_raw_focal_noW,44,0.09956241999998383,2.0,0.75,0.9872611464968153,1.0,0.8571428571428571,0.9580662393162394,0.9999999999999999,0.9999999999999998,143,0,2,12,157,14,8.92,0.2445862505938033,0.0052753318220344686,0.9928122593437305,0.08806967618230693
5555,13,D_raw_focal_W,44,0.1034369260000858,2.0,0.75,0.9872611464968153,1.0,0.8571428571428571,0.9580662393162394,0.9999999999999999,0.9999999999999998,143,0,2,12,157,14,8.92,0.2445862505938033,0.0052753318220344686,0.9928122593437305,0.08806967618230693
5555,13,E_all_ce_noW,47,0.16886962900025537,2.0,0.75,0.9872611464968153,1.0,0.8571428571428571,0.9580662393162394,1.0,1.0,143,0,2,12,157,14,8.92,0.2591315049640824,7.742487303855449e-08,0.999998157501246,0.07717235837103573
5555,13,F_all_ce_W,47,0.17712991799999145,2.0,0.75,0.9872611464968153,1.0,0.8571428571428571,0.9580662393162394,1.0,1.0,143,0,2,12,157,14,8.92,0.2659114254745271,1.8558833187713167e-07,0.9999997238679966,0.0795152735269896
5555,13,G_all_focal_noW,47,0.11838169500015283,2.0,0.75,0.9872611464968153,1.0,0.8571428571428571,0.9580662393162394,1.0,0.9999999999999998,143,0,2,12,157,14,8.92,0.2402604271704828,0.0048579900862557625,0.9900606661655538,0.08609524752359721
5555,13,H_all_focal_W,47,0.11763887600000089,2.0,0.75,0.9872611464968153,1.0,0.8571428571428571,0.9580662393162394,1.0,0.9999999999999998,143,0,2,12,157,14,8.92,0.2402604271704828,0.0048579900862557625,0.9900606661655538,0.08609524752359721
5555,13,LEGACY_A,44,0.14026785399983055,2.0,0.75,0.9936305732484076,1.0,0.9285714285714286,0.9797393212027359,1.0,1.0,143,0,1,13,157,14,8.92,0.26862458869521877,5.7690673163088096e-08,0.9999995223211432,0.08112898490818632
5555,14,A_raw_ce_noW,44,0.17160521799996786,2.0,0.75,0.9745222929936306,0.8571428571428571,0.8571428571428571,0.9215784215784215,0.997002997002997,0.9701007326007326,141,2,2,12,157,14,8.92,0.28354226700053314,7.102621463509118e-08,0.9999992248479896,0.09074366254732984
5555,14,B_raw_ce_W,44,0.15854416799993487,2.0,0.75,0.9745222929936306,0.8571428571428571,0.8571428571428571,0.9215784215784215,0.997002997002997,0.9701007326007326,141,2,2,12,157,14,8.92,0.2836714969652595,1.5235839421990415e-07,0.9999997653941963,0.090933990355965
5555,14,C_raw_focal_noW,44,0.10445538900012252,2.0,0.75,0.9745222929936306,0.8571428571428571,0.8571428571428571,0.9215784215784215,0.9965034965034965,0.965391156462585,141,2,2,12,157,14,8.92,0.2695630316429103,0.004466888160228178,0.9938619501456244,0.10032559236143569
5555,14,D_raw_focal_W,44,0.10723817100006272,2.0,0.75,0.9745222929936306,0.8571428571428571,0.8571428571428571,0.9215784215784215,0.9965034965034965,0.965391156462585,141,2,2,12,157,14,8.92,0.2695630316429103,0.004466888160228178,0.9938619501456244,0.10032559236143569
5555,14,E_all_ce_noW,47,0.15200587199979054,2.0,0.75,0.9745222929936306,0.8571428571428571,0.8571428571428571,0.9215784215784215,0.9955044955044955,0.957845638255302,141,2,2,12,157,14,8.92,0.2844739273133366,6.147114440476605e-08,0.9999993645734927,0.0903348641755941
5555,14,F_all_ce_W,47,0.16938244399989344,2.0,0.75,0.9745222929936306,0.8571428571428571,0.8571428571428571,0.9215784215784215,0.996003996003996,0.9637980192076829,141,2,2,12,157,14,8.92,0.28560924550254313,1.5518809738503485e-07,0.9999997443412437,0.09210874904082725
5555,14,G_all_focal_noW,47,0.1035252980000223,2.0,0.75,0.9681528662420382,0.8,0.8571428571428571,0.9050211736237144,0.9945054945054944,0.9463155017251655,140,3,2,12,157,14,8.92,0.2764435335138605,0.004856927722659582,0.9954178940969892,0.10421111387339164
5555,14,H_all_focal_W,47,0.12726282500034358,2.0,0.75,0.9681528662420382,0.8,0.8571428571428571,0.9050211736237144,0.9945054945054944,0.9463155017251655,140,3,2,12,157,14,8.92,0.2764435335138605,0.004856927722659582,0.9954178940969892,0.10421111387339164
5555,14,LEGACY_A,44,0.14625936099992032,2.0,0.75,0.9808917197452229,0.8666666666666667,0.9285714285714286,0.9430127041742287,0.9975024975024975,0.9745225013082156,141,2,1,13,157,14,8.92,0.2890740219562729,5.026311916307772e-08,0.9999995871285056,0.0940618717215675
5555,15,A_raw_ce_noW,44,0.14500494000003528,2.0,0.75,0.9935897435897436,1.0,0.9230769230769231,0.9782578397212544,1.0,0.9999999999999998,143,0,1,12,156,13,8.33,0.2672810760484393,5.490863940498365e-08,0.9999991272010221,0.07918130338406092
5555,15,B_raw_ce_W,44,0.15837411800021073,2.0,0.75,1.0,1.0,1.0,1.0,1.0,0.9999999999999998,143,0,0,13,156,13,8.33,0.2695063121447643,1.582504683557794e-07,0.9999997354499905,0.08073202801666336
5555,15,C_raw_focal_noW,44,0.11244535199966776,2.0,0.75,0.9935897435897436,1.0,0.9230769230769231,0.9782578397212544,1.0,0.9999999999999998,143,0,1,12,156,13,8.33,0.2597391271536978,0.0026144381951670975,0.9937475701050781,0.08642370718668015
5555,15,D_raw_focal_W,44,0.14020690500001365,2.0,0.75,0.9935897435897436,1.0,0.9230769230769231,0.9782578397212544,1.0,0.9999999999999998,143,0,1,12,156,13,8.33,0.2597391271536978,0.0026144381951670975,0.9937475701050781,0.08642370718668015
5555,15,E_all_ce_noW,47,0.1585652079997999,2.0,0.75,1.0,1.0,1.0,1.0,1.0,0.9999999999999998,143,0,0,13,156,13,8.33,0.2717791822501763,5.425966266040385e-08,0.9999989232871291,0.08291279791110509
5555,15,F_all_ce_W,47,0.17989756299994042,2.0,0.75,0.9935897435897436,0.9285714285714286,1.0,0.9797270955165691,1.0,0.9999999999999998,142,1,0,13,156,13,8.33,0.2816355319747971,1.5171654881835433e-07,0.9999996419603024,0.08835104262065668
5555,15,G_all_focal_noW,47,0.1194721270003356,2.0,0.75,0.9935897435897436,1.0,0.9230769230769231,0.9782578397212544,1.0,0.9999999999999998,143,0,1,12,156,13,8.33,0.2588042156914659,0.003347765604892434,0.9925847232462895,0.08934885098288142
5555,15,H_all_focal_W,47,0.11905904500008546,2.0,0.75,0.9935897435897436,1.0,0.9230769230769231,0.9782578397212544,1.0,0.9999999999999998,143,0,1,12,156,13,8.33,0.2588042156914659,0.003347765604892434,0.9925847232462895,0.08934885098288142
5555,15,LEGACY_A,44,0.15164704799963147,2.0,0.75,1.0,1.0,1.0,1.0,1.0,0.9999999999999998,143,0,0,13,156,13,8.33,0.275412250477886,4.3229667867255105e-08,0.9999996389989612,0.08309093086853278
5555,16,A_raw_ce_noW,44,0.13861256700010927,2.0,0.75,0.9936305732484076,1.0,0.9285714285714286,0.9797393212027359,1.0,0.9999999999999999,143,0,1,13,157,14,8.92,0.2655133462247497,8.540344255725775e-08,0.9999991963210093,0.08010743693375869
5555,16,B_raw_ce_W,44,0.17327548499997647,2.0,0.75,0.9936305732484076,1.0,0.9285714285714286,0.9797393212027359,1.0,0.9999999999999999,143,0,1,13,157,14,8.92,0.2714347715389661,1.387739504851847e-07,0.9999997930963938,0.08345549389364318
5555,16,C_raw_focal_noW,44,0.1101504749999549,2.0,0.75,0.9872611464968153,1.0,0.8571428571428571,0.9580662393162394,1.0,1.0,143,0,2,12,157,14,8.92,0.25257235180364973,0.003495952127369149,0.9961788813570366,0.08816327726417948
5555,16,D_raw_focal_W,44,0.11129435299972101,2.0,0.75,0.9872611464968153,1.0,0.8571428571428571,0.9580662393162394,1.0,1.0,143,0,2,12,157,14,8.92,0.25257235180364973,0.003495952127369149,0.9961788813570366,0.08816327726417948
5555,16,E_all_ce_noW,47,0.1576177470001312,2.0,0.75,0.9872611464968153,1.0,0.8571428571428571,0.9580662393162394,0.9999999999999999,1.0,143,0,2,12,157,14,8.92,0.26071670339494374,5.518313040779697e-08,0.9999993179606785,0.07703985041216774
5555,16,F_all_ce_W,47,0.19913684699986334,2.0,0.75,1.0,1.0,1.0,1.0,1.0,1.0,143,0,0,14,157,14,8.92,0.2781022390410689,1.880847266406278e-07,0.9999997966983554,0.08696238180223449
5555,16,G_all_focal_noW,47,0.11846437099984541,2.0,0.75,0.9808917197452229,1.0,0.7857142857142857,0.9348096885813149,1.0,0.9999999999999998,143,0,3,11,157,14,8.92,0.2515298823342138,0.0038370973542025287,0.9955117598526556,0.08876522841359118
5555,16,H_all_focal_W,47,0.12256083700003728,2.0,0.75,0.9808917197452229,1.0,0.7857142857142857,0.9348096885813149,1.0,0.9999999999999998,143,0,3,11,157,14,8.92,0.2515298823342138,0.0038370973542025287,0.9955117598526556,0.08876522841359118
5555,16,LEGACY_A,44,0.14280207499996322,2.0,0.75,1.0,1.0,1.0,1.0,1.0,0.9999999999999999,143,0,0,14,157,14,8.92,0.2723431122700307,5.458806722219264e-08,0.9999995760194206,0.08463501452049797
5555,17,A_raw_ce_noW,44,0.15028978500004087,2.0,0.75,0.9872611464968153,0.875,1.0,0.9631455399061033,0.9990009990009991,0.9901360544217687,141,2,0,14,157,14,8.92,0.29614711090634455,6.050659518575176e-08,0.9999989858906179,0.09944440676457837
5555,17,B_raw_ce_W,44,0.1727899829998023,2.0,0.75,0.9872611464968153,0.875,1.0,0.9631455399061033,0.9995004995004995,0.9952380952380951,141,2,0,14,157,14,8.92,0.3008039814239476,1.6342786231781497e-07,0.9999997908063625,0.1013355279687785
5555,17,C_raw_focal_noW,44,0.11311762000013914,2.0,0.75,0.9872611464968153,0.875,1.0,0.9631455399061033,0.998001998001998,0.9804748822605965,141,2,0,14,157,14,8.92,0.27957622672056254,0.003908464382075871,0.9938407445073937,0.10448109878357907
5555,17,D_raw_focal_W,44,0.11398032299985061,2.0,0.75,0.9872611464968153,0.875,1.0,0.9631455399061033,0.998001998001998,0.9804748822605965,141,2,0,14,157,14,8.92,0.27957622672056254,0.003908464382075871,0.9938407445073937,0.10448109878357907
5555,17,E_all_ce_noW,47,0.17745443999956478,2.0,0.75,0.9872611464968153,0.875,1.0,0.9631455399061033,0.999000999000999,0.9901360544217686,141,2,0,14,157,14,8.92,0.30123995268524406,4.3040265588942745e-08,0.9999987161335863,0.10148516040163653
5555,17,F_all_ce_W,47,0.17847918200004642,2.0,0.75,0.9872611464968153,0.875,1.0,0.9631455399061033,0.999000999000999,0.9901360544217687,141,2,0,14,157,14,8.92,0.3019837160273499,1.2246436585720322e-07,0.999999627678165,0.10179221843007152
5555,17,G_all_focal_noW,47,0.12052370299988979,2.0,0.75,0.9872611464968153,0.875,1.0,0.9631455399061033,0.999000999000999,0.9901360544217687,141,2,0,14,157,14,8.92,0.28507877880260113,0.004221545580658212,0.9934315946751997,0.10714912041627726
5555,17,H_all_focal_W,47,0.12409065200017722,2.0,0.75,0.9872611464968153,0.875,1.0,0.9631455399061033,0.999000999000999,0.9901360544217687,141,2,0,14,157,14,8.92,0.28507877880260113,0.004221545580658212,0.9934315946751997,0.10714912041627726
5555,17,LEGACY_A,44,0.14709035499981837,2.0,0.75,0.9872611464968153,0.875,1.0,0.9631455399061033,1.0,0.9999999999999999,141,2,0,14,157,14,8.92,0.29521869265182893,4.866334869022226e-08,0.9999995623202526,0.09869473393005372
5555,18,A_raw_ce_noW,44,0.14276605300028677,2.0,0.75,0.9936305732484076,0.9333333333333333,1.0,0.981004234724743,1.0,0.9999999999999999,142,1,0,14,157,14,8.92,0.2890669704610233,4.5564492443105025e-08,0.9999991822741446,0.09601487606200251
5555,18,B_raw_ce_W,44,0.15875208100032978,2.0,0.75,0.9936305732484076,0.9333333333333333,1.0,0.981004234724743,1.0,0.9999999999999999,142,1,0,14,157,14,8.92,0.287723546918348,1.4870726342005244e-07,0.9999996890402266,0.09722330029552294
5555,18,C_raw_focal_noW,44,0.12821638700006588,2.0,0.75,0.9936305732484076,0.9333333333333333,1.0,0.981004234724743,1.0,0.9999999999999999,142,1,0,14,157,14,8.92,0.27500392279909663,0.0030505025125171755,0.9936330359389884,0.10507380119847981
5555,18,D_raw_focal_W,44,0.11943819899988739,2.0,0.75,0.9936305732484076,0.9333333333333333,1.0,0.981004234724743,1.0,0.9999999999999999,142,1,0,14,157,14,8.92,0.27500392279909663,0.0030505025125171755,0.9936330359389884,0.10507380119847981
5555,18,E_all_ce_noW,47,0.1576070119999713,2.0,0.75,0.9872611464968153,0.9285714285714286,0.9285714285714286,0.9607892107892109,0.9990009990009989,0.9910714285714286,142,1,1,13,157,14,8.92,0.2795911867527852,5.828016956788963e-08,0.9999995264822163,0.09224127151979095
5555,18,F_all_ce_W,47,0.18385089499997775,2.0,0.75,0.9936305732484076,0.9333333333333333,1.0,0.981004234724743,0.9995004995004995,0.9952380952380953,142,1,0,14,157,14,8.92,0.2896180709754389,1.4434725045705487e-07,0.9999998127960554,0.10033392295916896
5555,18,G_all_focal_noW,47,0.11820846000000529,2.0,0.75,0.9808917197452229,0.8666666666666667,0.9285714285714286,0.9430127041742287,0.998001998001998,0.9841269841269842,141,2,1,13,157,14,8.92,0.2772083418502608,0.004522228004215221,0.9932593930105544,0.10839063622813307
5555,18,H_all_focal_W,47,0.11819318299967563,2.0,0.75,0.9808917197452229,0.8666666666666667,0.9285714285714286,0.9430127041742287,0.998001998001998,0.9841269841269842,141,2,1,13,157,14,8.92,0.2772083418502608,0.004522228004215221,0.9932593930105544,0.10839063622813307
5555,18,LEGACY_A,44,0.1466635159999896,2.0,0.75,0.9872611464968153,0.875,1.0,0.9631455399061033,1.0,0.9999999999999999,141,2,0,14,157,14,8.92,0.2914578337136348,4.1074069594767815e-08,0.9999996103695689,0.09863744318358632
5555,19,A_raw_ce_noW,44,0.2565292069998577,2.0,0.75,0.9872611464968153,1.0,0.8571428571428571,0.9580662393162394,0.9895104895104895,0.9571428571428571,143,0,2,12,157,14,8.92,0.2639218708500427,6.27372611557594e-08,0.999999491420984,0.07634624812525279
5555,19,B_raw_ce_W,44,0.2385486929997569,2.0,0.75,0.9872611464968153,1.0,0.8571428571428571,0.9580662393162394,0.9820179820179821,0.9485714285714285,143,0,2,12,157,14,8.92,0.26511759447193467,1.5975919607489856e-07,0.9999997916758879,0.0763193092167616
5555,19,C_raw_focal_noW,44,0.17249180299995714,2.0,0.75,0.9872611464968153,1.0,0.8571428571428571,0.9580662393162394,0.9785214785214786,0.9461152882205514,143,0,2,12,157,14,8.92,0.254422366523385,0.0046327402219764535,0.9915381831943075,0.08621151501139632
5555,19,D_raw_focal_W,44,0.1803806779998922,2.0,0.75,0.9872611464968153,1.0,0.8571428571428571,0.9580662393162394,0.9785214785214786,0.9461152882205514,143,0,2,12,157,14,8.92,0.254422366523385,0.0046327402219764535,0.9915381831943075,0.08621151501139632
5555,19,E_all_ce_noW,47,0.24542325500033257,2.0,0.75,0.9872611464968153,1.0,0.8571428571428571,0.9580662393162394,0.9950049950049951,0.9702380952380951,143,0,2,12,157,14,8.92,0.2582574724527948,6.963895765663355e-08,0.9999992176047097,0.07374827893320152
5555,19,F_all_ce_W,47,0.26627697799995076,2.0,0.75,0.9872611464968153,1.0,0.8571428571428571,0.9580662393162394,0.9915084915084915,0.9608294930875575,143,0,2,12,157,14,8.92,0.26383529911941217,1.7636953397107138e-07,0.9999997917483289,0.07592170168263404
5555,19,G_all_focal_noW,47,0.19158387000015864,2.0,0.75,0.9872611464968153,1.0,0.8571428571428571,0.9580662393162394,0.985014985014985,0.9512987012987013,143,0,2,12,157,14,8.92,0.25429680445469377,0.0048560559471435335,0.9941841363548255,0.08635030212108652
5555,19,H_all_focal_W,47,0.18752352399997108,2.0,0.75,0.9872611464968153,1.0,0.8571428571428571,0.9580662393162394,0.985014985014985,0.9512987012987013,143,0,2,12,157,14,8.92,0.25429680445469377,0.0048560559471435335,0.9941841363548255,0.08635030212108652
5555,19,LEGACY_A,44,0.23999025700004495,2.0,0.75,0.9872611464968153,1.0,0.8571428571428571,0.9580662393162394,0.9875124875124875,0.9542124542124542,143,0,2,12,157,14,8.92,0.2655689720990954,5.488474973676523e-08,0.9999995671146475,0.07644110450825081
5555,20,A_raw_ce_noW,44,0.2306758150002679,2.0,0.75,1.0,1.0,1.0,1.0,1.0,1.0,143,0,0,13,156,13,8.33,0.27632760537663636,5.304587523581804e-08,0.9999991687999387,0.0833220117778201
5555,20,B_raw_ce_W,44,0.2827583799999047,2.0,0.75,1.0,1.0,1.0,1.0,1.0,0.9999999999999998,143,0,0,13,156,13,8.33,0.2763748278826901,1.532588915548299e-07,0.9999997061786068,0.08333796172221579
5555,20,C_raw_focal_noW,44,0.19740219999994224,2.0,0.75,1.0,1.0,1.0,1.0,1.0,0.9999999999999998,143,0,0,13,156,13,8.33,0.26560967482734016,0.0031553277742133656,0.9931230919211078,0.09018936909083711
5555,20,D_raw_focal_W,44,0.18425651799998377,2.0,0.75,1.0,1.0,1.0,1.0,1.0,0.9999999999999998,143,0,0,13,156,13,8.33,0.26560967482734016,0.0031553277742133656,0.9931230919211078,0.09018936909083711
5555,20,E_all_ce_noW,47,0.2638145959999747,2.0,0.75,1.0,1.0,1.0,1.0,1.0,0.9999999999999998,143,0,0,13,156,13,8.33,0.27422622130343105,4.3496088859239615e-08,0.9999990892985731,0.08264906860036521
5555,20,F_all_ce_W,47,0.2885020789999544,2.0,0.75,1.0,1.0,1.0,1.0,1.0,0.9999999999999998,143,0,0,13,156,13,8.33,0.27604785877194055,1.515481320003127e-07,0.9999997263087318,0.08323562891850579
5555,20,G_all_focal_noW,47,0.22023980099993423,2.0,0.75,1.0,1.0,1.0,1.0,1.0,0.9999999999999999,143,0,0,13,156,13,8.33,0.2648970755608365,0.003144739080231642,0.9945812544950192,0.0890039919158252
5555,20,H_all_focal_W,47,0.19284236600014992,2.0,0.75,1.0,1.0,1.0,1.0,1.0,0.9999999999999999,143,0,0,13,156,13,8.33,0.2648970755608365,0.003144739080231642,0.9945812544950192,0.0890039919158252
5555,20,LEGACY_A,44,0.15150363900011143,2.0,0.75,1.0,1.0,1.0,1.0,1.0,1.0,143,0,0,13,156,13,8.33,0.276372245563779,4.8500349815715584e-08,0.9999995761150802,0.08333567365288817
5555,21,A_raw_ce_noW,44,0.14392587300017112,2.0,0.75,0.9936305732484076,1.0,0.9285714285714286,0.9797393212027359,0.9995004995004996,0.9952380952380953,143,0,1,13,157,14,8.92,0.26264925331587613,7.95913414130579e-08,0.9999992263727354,0.0784892528469565
5555,21,B_raw_ce_W,44,0.17007031000002826,2.0,0.75,0.9936305732484076,1.0,0.9285714285714286,0.9797393212027359,0.9990009990009989,0.9910714285714285,143,0,1,13,157,14,8.92,0.2709387334309525,1.925117585836898e-07,0.9999997959528412,0.08236541275031858
5555,21,C_raw_focal_noW,44,0.1219815440003913,2.0,0.75,0.9936305732484076,1.0,0.9285714285714286,0.9797393212027359,1.0,1.0,143,0,1,13,157,14,8.92,0.25210164445961203,0.004188689721801196,0.9945283617251819,0.09154307893132622
5555,21,D_raw_focal_W,44,0.11755584000002273,2.0,0.75,0.9936305732484076,1.0,0.9285714285714286,0.9797393212027359,1.0,1.0,143,0,1,13,157,14,8.92,0.25210164445961203,0.004188689721801196,0.9945283617251819,0.09154307893132622
5555,21,E_all_ce_noW,47,0.15337199799978407,2.0,0.75,0.9872611464968153,1.0,0.8571428571428571,0.9580662393162394,1.0,1.0,143,0,2,12,157,14,8.92,0.26262135952136756,9.08016910835898e-08,0.9999992039499428,0.07814452278271636
5555,21,F_all_ce_W,47,0.1697884579998572,2.0,0.75,0.9936305732484076,1.0,0.9285714285714286,0.9797393212027359,1.0,1.0,143,0,1,13,157,14,8.92,0.27234049466653804,2.0056639862492843e-07,0.9999997884802606,0.08293368764308363
5555,21,G_all_focal_noW,47,0.12555443699966418,2.0,0.75,0.9872611464968153,1.0,0.8571428571428571,0.9580662393162394,1.0,0.9999999999999998,143,0,2,12,157,14,8.92,0.25138738168699204,0.00470320997506894,0.9942112156005338,0.09069235059601054
5555,21,H_all_focal_W,47,0.12063008999984959,2.0,0.75,0.9872611464968153,1.0,0.8571428571428571,0.9580662393162394,1.0,0.9999999999999998,143,0,2,12,157,14,8.92,0.25138738168699204,0.00470320997506894,0.9942112156005338,0.09069235059601054
5555,21,LEGACY_A,44,0.1576060510001298,2.0,0.75,0.9936305732484076,1.0,0.9285714285714286,0.9797393212027359,0.999000999000999,0.9910714285714285,143,0,1,13,157,14,8.92,0.27529179639407797,6.439421925963367e-08,0.9999995583966147,0.08524314344530887
5555,22,A_raw_ce_noW,44,0.14707851699995445,2.0,0.75,1.0,1.0,1.0,1.0,1.0,0.9999999999999999,143,0,0,14,157,14,8.92,0.28277940868142853,6.73371114810958e-08,0.9999993143348941,0.08852341282729
5555,22,B_raw_ce_W,44,0.15987429200004044,2.0,0.75,1.0,1.0,1.0,1.0,1.0,0.9999999999999999,143,0,0,14,157,14,8.92,0.28457723013866326,1.3919924064846796e-07,0.9999997245253764,0.09000310238027222
5555,22,C_raw_focal_noW,44,0.11604414900011761,2.0,0.75,0.9936305732484076,1.0,0.9285714285714286,0.9797393212027359,1.0,1.0,143,0,1,13,157,14,8.92,0.2697980117879221,0.0027888590795745617,0.993878010946751,0.09458411053319161
5555,22,D_raw_focal_W,44,0.11411397099982423,2.0,0.75,0.9936305732484076,1.0,0.9285714285714286,0.9797393212027359,1.0,1.0,143,0,1,13,157,14,8.92,0.2697980117879221,0.0027888590795745617,0.993878010946751,0.09458411053319161
5555,22,E_all_ce_noW,47,0.19228570499990383,2.0,0.75,1.0,1.0,1.0,1.0,1.0,0.9999999999999999,143,0,0,14,157,14,8.92,0.2815062198638053,4.9267658037621225e-08,0.999998988411687,0.08803065902430644
5555,22,F_all_ce_W,47,0.20212020500002836,2.0,0.75,1.0,1.0,1.0,1.0,1.0,0.9999999999999999,143,0,0,14,157,14,8.92,0.2845217157963793,1.5084777367056676e-07,0.9999995977523214,0.08925967174132123
5555,22,G_all_focal_noW,47,0.1328622619998896,2.0,0.75,1.0,1.0,1.0,1.0,1.0,1.0,143,0,0,14,157,14,8.92,0.2721489763316662,0.0034407416656227195,0.9947362186620131,0.09507393415087934
5555,22,H_all_focal_W,47,0.12310626099997535,2.0,0.75,1.0,1.0,1.0,1.0,1.0,1.0,143,0,0,14,157,14,8.92,0.2721489763316662,0.0034407416656227195,0.9947362186620131,0.09507393415087934
5555,22,LEGACY_A,44,0.1579153010002301,2.0,0.75,1.0,1.0,1.0,1.0,1.0,0.9999999999999999,143,0,0,14,157,14,8.92,0.2836320125566272,3.9865012909057256e-08,0.9999995675452028,0.08887314760526711
5555,23,A_raw_ce_noW,44,0.15111861200011845,2.0,0.75,0.9872611464968153,0.9285714285714286,0.9285714285714286,0.9607892107892109,0.9985014985014985,0.9859693877551019,142,1,1,13,157,14,8.92,0.28487167566401383,6.942840850486418e-08,0.999998961649987,0.08922326703266716
5555,23,B_raw_ce_W,44,0.16596508799966614,2.0,0.75,0.9872611464968153,0.9285714285714286,0.9285714285714286,0.9607892107892109,0.9985014985014985,0.9859693877551019,142,1,1,13,157,14,8.92,0.2848097742852028,1.7365353148063891e-07,0.9999998138538695,0.08957473701550668
5555,23,C_raw_focal_noW,44,0.3488256749997163,2.0,0.75,0.9872611464968153,0.9285714285714286,0.9285714285714286,0.9607892107892109,0.999000999000999,0.9901360544217686,142,1,1,13,157,14,8.92,0.2766644041726858,0.0036338236840030356,0.9955306447802675,0.09921533902163965
5555,23,D_raw_focal_W,44,0.11658110400003352,2.0,0.75,0.9872611464968153,0.9285714285714286,0.9285714285714286,0.9607892107892109,0.999000999000999,0.9901360544217686,142,1,1,13,157,14,8.92,0.2766644041726858,0.0036338236840030356,0.9955306447802675,0.09921533902163965
5555,23,E_all_ce_noW,47,0.17799537900009454,2.0,0.75,0.9872611464968153,0.9285714285714286,0.9285714285714286,0.9607892107892109,0.9995004995004995,0.9952380952380953,142,1,1,13,157,14,8.92,0.28488655669357327,7.687333988856524e-08,0.9999991550245196,0.089233940376259
5555,23,F_all_ce_W,47,0.18897149400027047,2.0,0.75,0.9872611464968153,0.9285714285714286,0.9285714285714286,0.9607892107892109,0.999000999000999,0.9901360544217686,142,1,1,13,157,14,8.92,0.2848791368294065,1.493617679296429e-07,0.9999997297979724,0.08955091854739808
5555,23,G_all_focal_noW,47,0.12343403300019418,2.0,0.75,0.9872611464968153,0.9285714285714286,0.9285714285714286,0.9607892107892109,0.9995004995004994,0.995238095238095,142,1,1,13,157,14,8.92,0.27832940911906073,0.0037940176989212206,0.9959968240536125,0.10091192203168461
5555,23,H_all_focal_W,47,0.12705688300002294,2.0,0.75,0.9872611464968153,0.9285714285714286,0.9285714285714286,0.9607892107892109,0.9995004995004994,0.995238095238095,142,1,1,13,157,14,8.92,0.27832940911906073,0.0037940176989212206,0.9959968240536125,0.10091192203168461
5555,23,LEGACY_A,44,0.15013002899968342,2.0,0.75,0.9872611464968153,0.9285714285714286,0.9285714285714286,0.9607892107892109,0.9995004995004995,0.995238095238095,142,1,1,13,157,14,8.92,0.28375267651350455,5.767507161317183e-08,0.9999995827906787,0.08959211210593204
5555,24,A_raw_ce_noW,44,0.1495992700001807,2.0,0.75,1.0,1.0,1.0,1.0,1.0,0.9999999999999999,143,0,0,14,157,14,8.92,0.28483837337969403,5.925136674737933e-08,0.9999990724584763,0.08916413377604991
5555,24,B_raw_ce_W,44,0.1619010609997531,2.0,0.75,1.0,1.0,1.0,1.0,1.0,0.9999999999999999,143,0,0,14,157,14,8.92,0.28492418226836397,1.5923206248848921e-07,0.9999997705326484,0.08940879186287749
5555,24,C_raw_focal_noW,44,0.11606813500020507,2.0,0.75,1.0,1.0,1.0,1.0,1.0,1.0,143,0,0,14,157,14,8.92,0.2752077864298948,0.002936798016020623,0.994330336436493,0.0977948654361908
5555,24,D_raw_focal_W,44,0.11597938199975033,2.0,0.75,1.0,1.0,1.0,1.0,1.0,1.0,143,0,0,14,157,14,8.92,0.2752077864298948,0.002936798016020623,0.994330336436493,0.0977948654361908
5555,24,E_all_ce_noW,47,0.15764278300002843,2.0,0.75,0.9936305732484076,0.9333333333333333,1.0,0.981004234724743,0.9995004995004995,0.9952380952380951,142,1,0,14,157,14,8.92,0.28559648835065843,5.7270911544339005e-08,0.9999991299549289,0.09257004411238154
5555,24,F_all_ce_W,47,0.18408333599973048,2.0,0.75,0.9936305732484076,0.9333333333333333,1.0,0.981004234724743,0.9995004995004995,0.9952380952380951,142,1,0,14,157,14,8.92,0.2901144565659949,1.1821354758401672e-07,0.9999996899201724,0.0945099990933352
5555,24,G_all_focal_noW,47,0.14011678900033075,2.0,0.75,0.9872611464968153,0.9285714285714286,0.9285714285714286,0.9607892107892109,0.9995004995004995,0.9952380952380953,142,1,1,13,157,14,8.92,0.2724005014632395,0.003992891998942723,0.9911069753794362,0.0976692159698913
5555,24,H_all_focal_W,47,0.12269833699974697,2.0,0.75,0.9872611464968153,0.9285714285714286,0.9285714285714286,0.9607892107892109,0.9995004995004995,0.9952380952380953,142,1,1,13,157,14,8.92,0.2724005014632395,0.003992891998942723,0.9911069753794362,0.0976692159698913
5555,24,LEGACY_A,44,0.1465362300000379,2.0,0.75,1.0,1.0,1.0,1.0,1.0,0.9999999999999999,143,0,0,14,157,14,8.92,0.2849636027037785,4.909958661074396e-08,0.9999996039404867,0.08923527113323008
5555,25,A_raw_ce_noW,44,0.1341846949999308,2.0,0.75,0.9871794871794872,1.0,0.8461538461538461,0.9548611111111112,0.9940828402366865,0.9647435897435896,143,0,2,11,156,13,8.33,0.2545448328080299,7.372209892546922e-08,0.9999987012659876,0.0707146098746136
5555,25,B_raw_ce_W,44,0.16978810999989946,2.0,0.75,0.9871794871794872,1.0,0.8461538461538461,0.9548611111111112,0.9924690693921464,0.9601139601139599,143,0,2,11,156,13,8.33,0.25438005368411787,1.6560810313726512e-07,0.9999997517524922,0.07083452482540646
5555,25,C_raw_focal_noW,44,0.12058766100017237,2.0,0.75,0.9935897435897436,1.0,0.9230769230769231,0.9782578397212544,0.9908552985476062,0.9564102564102563,143,0,1,12,156,13,8.33,0.2518517655775777,0.003987445251031644,0.9911891340096546,0.08544875768823888
5555,25,D_raw_focal_W,44,0.11093264100009037,2.0,0.75,0.9935897435897436,1.0,0.9230769230769231,0.9782578397212544,0.9908552985476062,0.9564102564102563,143,0,1,12,156,13,8.33,0.2518517655775777,0.003987445251031644,0.9911891340096546,0.08544875768823888
5555,25,E_all_ce_noW,47,0.1841748390002067,2.0,0.75,0.9935897435897436,1.0,0.9230769230769231,0.9782578397212544,0.9940828402366864,0.9647435897435896,143,0,1,12,156,13,8.33,0.263511948741644,7.372289403735564e-08,0.9999987783579085,0.0766235171362439
5555,25,F_all_ce_W,47,0.42458962599994265,2.0,0.75,0.9935897435897436,1.0,0.9230769230769231,0.9782578397212544,0.9956966110812264,0.9706959706959706,143,0,1,12,156,13,8.33,0.2648959441289767,1.6870782736513056e-07,0.9999997441107953,0.07707825712635599
5555,25,G_all_focal_noW,47,0.4059583719999864,2.0,0.75,0.9935897435897436,1.0,0.9230769230769231,0.9782578397212544,0.9919311457772997,0.9587912087912087,143,0,1,12,156,13,8.33,0.2569191089465405,0.003955773286455416,0.9935403288842859,0.0869968612938381
5555,25,H_all_focal_W,47,0.4163478710001982,2.0,0.75,0.9935897435897436,1.0,0.9230769230769231,0.9782578397212544,0.9919311457772997,0.9587912087912087,143,0,1,12,156,13,8.33,0.2569191089465405,0.003955773286455416,0.9935403288842859,0.0869968612938381
5555,25,LEGACY_A,44,0.3965773090003495,2.0,0.75,0.9871794871794872,1.0,0.8461538461538461,0.9548611111111112,0.9908552985476062,0.9564102564102563,143,0,2,11,156,13,8.33,0.2559091974127661,4.232701413194686e-08,0.9999995661203958,0.07218871183293733
7777,1,A_raw_ce_noW,44,0.7524394030001531,2.0,0.75,1.0,1.0,1.0,1.0,1.0,1.0,143,0,0,14,157,14,8.92,0.2788894651691783,6.612237867265084e-08,0.999999035233442,0.08693907283807896
7777,1,B_raw_ce_W,44,0.8626512639998509,2.0,0.75,1.0,1.0,1.0,1.0,1.0,0.9999999999999999,143,0,0,14,157,14,8.92,0.2841728293708653,1.5033037523130493e-07,0.9999997641186763,0.08923227335591359
7777,1,C_raw_focal_noW,44,0.604585699999916,2.0,0.75,1.0,1.0,1.0,1.0,1.0,1.0,143,0,0,14,157,14,8.92,0.27230609320795096,0.0031136130562917854,0.9941220783945542,0.09881762679987958
7777,1,D_raw_focal_W,44,0.41167777900000146,2.0,0.75,1.0,1.0,1.0,1.0,1.0,1.0,143,0,0,14,157,14,8.92,0.27230609320795096,0.0031136130562917854,0.9941220783945542,0.09881762679987958
7777,1,E_all_ce_noW,47,0.5607595100000253,2.0,0.75,1.0,1.0,1.0,1.0,1.0,1.0,143,0,0,14,157,14,8.92,0.28091203727282416,6.073268422742155e-08,0.9999988891686966,0.08833642191534694
7777,1,F_all_ce_W,47,0.6355623280001055,2.0,0.75,1.0,1.0,1.0,1.0,1.0,0.9999999999999999,143,0,0,14,157,14,8.92,0.2822436034204451,1.6360503533989554e-07,0.9999996982163883,0.08980959341927487
7777,1,G_all_focal_noW,47,0.11708682300013606,2.0,0.75,1.0,1.0,1.0,1.0,1.0,0.9999999999999998,143,0,0,14,157,14,8.92,0.2706138575058559,0.0036994623388630203,0.9943467666070878,0.0971363386383106
7777,1,H_all_focal_W,47,0.12259796799980904,2.0,0.75,1.0,1.0,1.0,1.0,1.0,0.9999999999999998,143,0,0,14,157,14,8.92,0.2706138575058559,0.0036994623388630203,0.9943467666070878,0.0971363386383106
7777,1,LEGACY_A,44,0.14776309099988794,2.0,0.75,1.0,1.0,1.0,1.0,1.0,0.9999999999999999,143,0,0,14,157,14,8.92,0.2839903848268498,4.9442151500194103e-08,0.999999581150989,0.08954662937667318
7777,2,A_raw_ce_noW,44,0.1423755229998278,2.0,0.75,0.9936305732484076,0.9333333333333333,1.0,0.981004234724743,0.9985014985014985,0.9846415489272631,142,1,0,14,157,14,8.92,0.2924554036604459,5.635462400278745e-08,0.9999993704096029,0.09541432633211522
7777,2,B_raw_ce_W,44,0.161541008000313,2.0,0.75,0.9936305732484076,0.9333333333333333,1.0,0.981004234724743,0.999000999000999,0.9901360544217686,142,1,0,14,157,14,8.92,0.2928150234003858,1.573279328943399e-07,0.9999996984746572,0.09582137323165714
7777,2,C_raw_focal_noW,44,0.10650512800020806,2.0,0.75,0.9936305732484076,0.9333333333333333,1.0,0.981004234724743,0.9985014985014985,0.9846415489272631,142,1,0,14,157,14,8.92,0.2793411851706299,0.003322487592065328,0.9951184212551657,0.10442420900273824
7777,2,D_raw_focal_W,44,0.1090638199998466,2.0,0.75,0.9936305732484076,0.9333333333333333,1.0,0.981004234724743,0.9985014985014985,0.9846415489272631,142,1,0,14,157,14,8.92,0.2793411851706299,0.003322487592065328,0.9951184212551657,0.10442420900273824
7777,2,E_all_ce_noW,47,0.16687915600005,2.0,0.75,0.9872611464968153,0.875,1.0,0.9631455399061033,0.9975024975024975,0.9760531135531134,141,2,0,14,157,14,8.92,0.3016223059401011,5.489478703057696e-08,0.9999993124634947,0.10160957907905951
7777,2,F_all_ce_W,47,0.1910582569998951,2.0,0.75,0.9872611464968153,0.875,1.0,0.9631455399061033,0.9975024975024975,0.9760531135531134,141,2,0,14,157,14,8.92,0.3024232451067943,1.5923155689121163e-07,0.9999996859467843,0.10189070663931929
7777,2,G_all_focal_noW,47,0.11258235600007538,2.0,0.75,0.9872611464968153,0.875,1.0,0.9631455399061033,0.9990009990009991,0.9901360544217688,141,2,0,14,157,14,8.92,0.28523519346208265,0.00440810504113191,0.9954020136669455,0.10690613679884713
7777,2,H_all_focal_W,47,0.12823085900026854,2.0,0.75,0.9872611464968153,0.875,1.0,0.9631455399061033,0.9990009990009991,0.9901360544217688,141,2,0,14,157,14,8.92,0.28523519346208265,0.00440810504113191,0.9954020136669455,0.10690613679884713
7777,2,LEGACY_A,44,0.14334375699991142,2.0,0.75,0.9936305732484076,0.9333333333333333,1.0,0.981004234724743,0.9995004995004995,0.9952380952380951,142,1,0,14,157,14,8.92,0.2913126277697044,7.018097353867143e-08,0.9999995766951479,0.09508755189449668
7777,3,A_raw_ce_noW,44,0.13974790100019163,2.0,0.75,0.9872611464968153,1.0,0.8571428571428571,0.9580662393162394,0.996003996003996,0.974025974025974,143,0,2,12,157,14,8.92,0.2664021483433764,6.609716250597916e-08,0.9999990468772112,0.07867594148042854
7777,3,B_raw_ce_W,44,0.1688815769998655,2.0,0.75,0.9936305732484076,1.0,0.9285714285714286,0.9797393212027359,0.9950049950049951,0.9702380952380951,143,0,1,13,157,14,8.92,0.2736921487056708,1.6924073659492248e-07,0.9999997733546785,0.08224026123735673
7777,3,C_raw_focal_noW,44,0.11264274299992394,2.0,0.75,0.9872611464968153,1.0,0.8571428571428571,0.9580662393162394,0.9930069930069929,0.9642857142857142,143,0,2,12,157,14,8.92,0.2556986555759983,0.0034059926113539306,0.9916534775282437,0.08552503012856402
7777,3,D_raw_focal_W,44,0.12084688000004462,2.0,0.75,0.9872611464968153,1.0,0.8571428571428571,0.9580662393162394,0.9930069930069929,0.9642857142857142,143,0,2,12,157,14,8.92,0.2556986555759983,0.0034059926113539306,0.9916534775282437,0.08552503012856402
7777,3,E_all_ce_noW,47,0.15370855099990877,2.0,0.75,0.9872611464968153,1.0,0.8571428571428571,0.9580662393162394,0.9980019980019981,0.9841269841269841,143,0,2,12,157,14,8.92,0.26666103678502623,1.0228511341961433e-07,0.999998952911762,0.07914003171634892
7777,3,F_all_ce_W,47,0.1711147930000152,2.0,0.75,0.9936305732484076,1.0,0.9285714285714286,0.9797393212027359,0.9985014985014986,0.9873949579831932,143,0,1,13,157,14,8.92,0.2702170324368167,1.7185897288739365e-07,0.9999997629015087,0.0809254447854418
7777,3,G_all_focal_noW,47,0.1187464300001011,2.0,0.75,0.9872611464968153,1.0,0.8571428571428571,0.9580662393162394,0.9975024975024975,0.981203007518797,143,0,2,12,157,14,8.92,0.2534946274759063,0.004341592635480304,0.9925876719225263,0.08541131799983058
7777,3,H_all_focal_W,47,0.13766306099978465,2.0,0.75,0.9872611464968153,1.0,0.8571428571428571,0.9580662393162394,0.9975024975024975,0.981203007518797,143,0,2,12,157,14,8.92,0.2534946274759063,0.004341592635480304,0.9925876719225263,0.08541131799983058
7777,3,LEGACY_A,44,0.1340111069998784,2.0,0.75,0.9936305732484076,1.0,0.9285714285714286,0.9797393212027359,0.9950049950049951,0.9702380952380951,143,0,1,13,157,14,8.92,0.2754808460827225,7.935099177372064e-08,0.9999995073781955,0.08277567806059676
7777,4,A_raw_ce_noW,44,0.14511218899997402,2.0,0.75,0.9936305732484076,1.0,0.9285714285714286,0.9797393212027359,0.9995004995004995,0.9952380952380953,143,0,1,13,157,14,8.92,0.2684600552453392,7.858901170879154e-08,0.9999993197286514,0.0807927329053905
7777,4,B_raw_ce_W,44,0.1804744450000726,2.0,0.75,0.9872611464968153,1.0,0.8571428571428571,0.9580662393162394,0.9995004995004995,0.9952380952380953,143,0,2,12,157,14,8.92,0.26731721880576076,1.8540661784209046e-07,0.9999997744528195,0.0802212038208097
7777,4,C_raw_focal_noW,44,0.11406355600001916,2.0,0.75,0.9872611464968153,1.0,0.8571428571428571,0.9580662393162394,0.9995004995004995,0.9952380952380953,143,0,2,12,157,14,8.92,0.26083301765216077,0.003885394944607037,0.9954947018019916,0.09094721544440061
7777,4,D_raw_focal_W,44,0.12835403799999767,2.0,0.75,0.9872611464968153,1.0,0.8571428571428571,0.9580662393162394,0.9995004995004995,0.9952380952380953,143,0,2,12,157,14,8.92,0.26083301765216077,0.003885394944607037,0.9954947018019916,0.09094721544440061
7777,4,E_all_ce_noW,47,0.15733535400022447,2.0,0.75,0.9872611464968153,1.0,0.8571428571428571,0.9580662393162394,1.0,0.9999999999999999,143,0,2,12,157,14,8.92,0.2655199807227421,7.540950748394178e-08,0.9999992940333292,0.07817595276123804
7777,4,F_all_ce_W,47,0.1780749529998502,2.0,0.75,0.9936305732484076,1.0,0.9285714285714286,0.9797393212027359,1.0,1.0,143,0,1,13,157,14,8.92,0.2690003310335873,1.8025544537905566e-07,0.9999997556677318,0.08202968106578479
7777,4,G_all_focal_noW,47,0.11950794699987455,2.0,0.75,0.9872611464968153,1.0,0.8571428571428571,0.9580662393162394,0.9995004995004995,0.995238095238095,143,0,2,12,157,14,8.92,0.2615740837494321,0.00438483119895324,0.9957652033844944,0.09197606967246552
7777,4,H_all_focal_W,47,0.12079187900008037,2.0,0.75,0.9872611464968153,1.0,0.8571428571428571,0.9580662393162394,0.9995004995004995,0.995238095238095,143,0,2,12,157,14,8.92,0.2615740837494321,0.00438483119895324,0.9957652033844944,0.09197606967246552
7777,4,LEGACY_A,44,0.14445048099969426,2.0,0.75,0.9936305732484076,1.0,0.9285714285714286,0.9797393212027359,0.9995004995004995,0.9952380952380953,143,0,1,13,157,14,8.92,0.27174051362573726,6.732465896062334e-08,0.9999995753722193,0.08430839631442627
7777,5,A_raw_ce_noW,44,0.15462908100016648,2.0,0.75,0.9935897435897436,1.0,0.9230769230769231,0.9782578397212544,0.9989241527703067,0.9897435897435896,143,0,1,12,156,13,8.33,0.2661767138984017,5.6514811661607743e-08,0.9999990522852222,0.07692577645999134
7777,5,B_raw_ce_W,44,0.16374482499986698,2.0,0.75,0.9935897435897436,1.0,0.9230769230769231,0.9782578397212544,1.0,0.9999999999999998,143,0,1,12,156,13,8.33,0.26637498796792086,1.7060770536023724e-07,0.9999997176174853,0.07714198135329552
7777,5,C_raw_focal_noW,44,0.11759967699981644,2.0,0.75,0.9935897435897436,1.0,0.9230769230769231,0.9782578397212544,1.0,1.0,143,0,1,12,156,13,8.33,0.25236304511916396,0.003271292134798897,0.9941237836884765,0.0854281949196077
7777,5,D_raw_focal_W,44,0.11539685400020971,2.0,0.75,0.9935897435897436,1.0,0.9230769230769231,0.9782578397212544,1.0,1.0,143,0,1,12,156,13,8.33,0.25236304511916396,0.003271292134798897,0.9941237836884765,0.0854281949196077
7777,5,E_all_ce_noW,47,0.16004620300009265,2.0,0.75,0.9935897435897436,1.0,0.9230769230769231,0.9782578397212544,1.0,1.0,143,0,1,12,156,13,8.33,0.26287772546624294,6.563343431130666e-08,0.9999989971840721,0.07588805068576954
7777,5,F_all_ce_W,47,0.19352281200008292,2.0,0.75,0.9935897435897436,1.0,0.9230769230769231,0.9782578397212544,1.0,0.9999999999999998,143,0,1,12,156,13,8.33,0.2662928809476431,1.5875184993511344e-07,0.9999995998916698,0.0775081157220824
7777,5,G_all_focal_noW,47,0.11795137200033423,2.0,0.75,0.9935897435897436,1.0,0.9230769230769231,0.9782578397212544,1.0,1.0,143,0,1,12,156,13,8.33,0.2524584647617972,0.003556931261912913,0.9935350633789752,0.0858980726599204
7777,5,H_all_focal_W,47,0.11272344500002873,2.0,0.75,0.9935897435897436,1.0,0.9230769230769231,0.9782578397212544,1.0,1.0,143,0,1,12,156,13,8.33,0.2524584647617972,0.003556931261912913,0.9935350633789752,0.0858980726599204
7777,5,LEGACY_A,44,0.14924074199961979,2.0,0.75,0.9935897435897436,1.0,0.9230769230769231,0.9782578397212544,1.0,0.9999999999999998,143,0,1,12,156,13,8.33,0.26639369627590276,6.734553947880084e-08,0.9999995866082446,0.07717894571843849
7777,6,A_raw_ce_noW,44,0.135384662999968,2.0,0.75,1.0,1.0,1.0,1.0,1.0,0.9999999999999999,143,0,0,14,157,14,8.92,0.27994858872709893,6.377072208362818e-08,0.9999991729871112,0.08819378190380464
7777,6,B_raw_ce_W,44,0.16765428300004714,2.0,0.75,1.0,1.0,1.0,1.0,1.0,0.9999999999999998,143,0,0,14,157,14,8.92,0.2828826560916416,1.5563231829985286e-07,0.9999997962513172,0.09189645621569303
7777,6,C_raw_focal_noW,44,0.12007317500001591,2.0,0.75,1.0,1.0,1.0,1.0,1.0,0.9999999999999998,143,0,0,14,157,14,8.92,0.2665120671179327,0.0029972318043004088,0.9939740024252812,0.09879110970930782
7777,6,D_raw_focal_W,44,0.11178605500026606,2.0,0.75,1.0,1.0,1.0,1.0,1.0,0.9999999999999998,143,0,0,14,157,14,8.92,0.2665120671179327,0.0029972318043004088,0.9939740024252812,0.09879110970930782
7777,6,E_all_ce_noW,47,0.1566024409999045,2.0,0.75,1.0,1.0,1.0,1.0,1.0,0.9999999999999999,143,0,0,14,157,14,8.92,0.27522337308986605,7.553143714865223e-08,0.9999990859702242,0.08537135093799166
7777,6,F_all_ce_W,47,0.16686489199992138,2.0,0.75,1.0,1.0,1.0,1.0,1.0,0.9999999999999999,143,0,0,14,157,14,8.92,0.28264052463591915,1.0733475062607344e-07,0.999999722666237,0.08855801069520951
7777,6,G_all_focal_noW,47,0.11810202600008779,2.0,0.75,0.9936305732484076,1.0,0.9285714285714286,0.9797393212027359,1.0,0.9999999999999998,143,0,1,13,157,14,8.92,0.2593104205526813,0.0043827976178184595,0.9938503886675955,0.09332348051127588
7777,6,H_all_focal_W,47,0.11803826499999559,2.0,0.75,0.9936305732484076,1.0,0.9285714285714286,0.9797393212027359,1.0,0.9999999999999998,143,0,1,13,157,14,8.92,0.2593104205526813,0.0043827976178184595,0.9938503886675955,0.09332348051127588
7777,6,LEGACY_A,44,0.15542105100030312,2.0,0.75,1.0,1.0,1.0,1.0,1.0,0.9999999999999999,143,0,0,14,157,14,8.92,0.28318823335359605,4.787420464373631e-08,0.999999572882523,0.09037103409763275
7777,7,A_raw_ce_noW,44,0.1415258619999804,2.0,0.75,0.9872611464968153,1.0,0.8571428571428571,0.9580662393162394,1.0,0.9999999999999998,143,0,2,12,157,14,8.92,0.26580322242218746,7.474676403902838e-08,0.9999986439842128,0.07782897179849689
7777,7,B_raw_ce_W,44,0.15503268600014053,2.0,0.75,0.9936305732484076,1.0,0.9285714285714286,0.9797393212027359,1.0,0.9999999999999998,143,0,1,13,157,14,8.92,0.2705890297737518,2.0784172518127932e-07,0.999999691629586,0.08115506821132551
7777,7,C_raw_focal_noW,44,0.10821607799971389,2.0,0.75,0.9872611464968153,1.0,0.8571428571428571,0.9580662393162394,1.0,1.0,143,0,2,12,157,14,8.92,0.2618643176799986,0.0033260041069049133,0.9955174619325187,0.08824432485106531
7777,7,D_raw_focal_W,44,0.10808009900028992,2.0,0.75,0.9872611464968153,1.0,0.8571428571428571,0.9580662393162394,1.0,1.0,143,0,2,12,157,14,8.92,0.2618643176799986,0.0033260041069049133,0.9955174619325187,0.08824432485106531
7777,7,E_all_ce_noW,47,0.16924440100001448,2.0,0.75,0.9872611464968153,1.0,0.8571428571428571,0.9580662393162394,1.0,0.9999999999999999,143,0,2,12,157,14,8.92,0.26591003847054495,6.375565283256479e-08,0.9999989576870978,0.0784210509508292
7777,7,F_all_ce_W,47,0.2836884180001107,2.0,0.75,0.9936305732484076,1.0,0.9285714285714286,0.9797393212027359,1.0,0.9999999999999999,143,0,1,13,157,14,8.92,0.2727467858961133,1.807181663414765e-07,0.9999997002114358,0.08242929134324985
7777,7,G_all_focal_noW,47,0.19039859300028183,2.0,0.75,0.9872611464968153,1.0,0.8571428571428571,0.9580662393162394,1.0,1.0,143,0,2,12,157,14,8.92,0.2600046888525562,0.003784528963853723,0.9940930405179579,0.08849314673338338
7777,7,H_all_focal_W,47,0.17766039199977968,2.0,0.75,0.9872611464968153,1.0,0.8571428571428571,0.9580662393162394,1.0,1.0,143,0,2,12,157,14,8.92,0.2600046888525562,0.003784528963853723,0.9940930405179579,0.08849314673338338
7777,7,LEGACY_A,44,0.2204860350002491,2.0,0.75,0.9936305732484076,1.0,0.9285714285714286,0.9797393212027359,1.0,0.9999999999999999,143,0,1,13,157,14,8.92,0.27473801017772653,6.985181382058786e-08,0.9999995472622534,0.0830436906830075
7777,8,A_raw_ce_noW,44,0.23505580400023973,2.0,0.75,0.9936305732484076,1.0,0.9285714285714286,0.9797393212027359,1.0,0.9999999999999999,143,0,1,13,157,14,8.92,0.2725767916532136,5.402677915639892e-08,0.9999992166893455,0.08195030551370029
7777,8,B_raw_ce_W,44,0.26245802099992943,2.0,0.75,0.9936305732484076,1.0,0.9285714285714286,0.9797393212027359,1.0,0.9999999999999999,143,0,1,13,157,14,8.92,0.27310778014901477,1.554088551061704e-07,0.9999997503386456,0.08219810120621934
7777,8,C_raw_focal_noW,44,0.18520740900021337,2.0,0.75,0.9936305732484076,1.0,0.9285714285714286,0.9797393212027359,1.0,1.0,143,0,1,13,157,14,8.92,0.26303844257918324,0.003493723052895938,0.9916713423226918,0.0944707731270217
7777,8,D_raw_focal_W,44,0.18561680800030445,2.0,0.75,0.9936305732484076,1.0,0.9285714285714286,0.9797393212027359,1.0,1.0,143,0,1,13,157,14,8.92,0.26303844257918324,0.003493723052895938,0.9916713423226918,0.0944707731270217
7777,8,E_all_ce_noW,47,0.2528322970001682,2.0,0.75,0.9872611464968153,0.9285714285714286,0.9285714285714286,0.9607892107892109,0.9995004995004995,0.9952380952380953,142,1,1,13,157,14,8.92,0.2820484604207961,6.174735930745997e-08,0.9999989156908913,0.08876122910218577
7777,8,F_all_ce_W,47,0.2773617299999387,2.0,0.75,0.9872611464968153,0.9285714285714286,0.9285714285714286,0.9607892107892109,0.9995004995004995,0.9952380952380953,142,1,1,13,157,14,8.92,0.28454830022829736,1.7453093491773822e-07,0.9999996298580207,0.09044456442922712
7777,8,G_all_focal_noW,47,0.1909475810002732,2.0,0.75,0.9872611464968153,0.9285714285714286,0.9285714285714286,0.9607892107892109,0.9995004995004995,0.9952380952380953,142,1,1,13,157,14,8.92,0.2741743558760016,0.003876637667979122,0.9933675408104262,0.10258387451747349
7777,8,H_all_focal_W,47,0.19397091400014688,2.0,0.75,0.9872611464968153,0.9285714285714286,0.9285714285714286,0.9607892107892109,0.9995004995004995,0.9952380952380953,142,1,1,13,157,14,8.92,0.2741743558760016,0.003876637667979122,0.9933675408104262,0.10258387451747349
7777,8,LEGACY_A,44,0.24319338100031018,2.0,0.75,0.9936305732484076,1.0,0.9285714285714286,0.9797393212027359,1.0,0.9999999999999999,143,0,1,13,157,14,8.92,0.2719956104914948,4.6912725932970084e-08,0.9999995827135228,0.08181681047317862
7777,9,A_raw_ce_noW,44,0.22650840599999356,2.0,0.75,1.0,1.0,1.0,1.0,1.0,0.9999999999999999,143,0,0,14,157,14,8.92,0.28470642260693824,6.302211949453554e-08,0.9999992251089134,0.08920415757542215
7777,9,B_raw_ce_W,44,0.2657045599999037,2.0,0.75,1.0,1.0,1.0,1.0,1.0,0.9999999999999999,143,0,0,14,157,14,8.92,0.28496978034853093,1.8876434429663222e-07,0.9999997370488293,0.0904792909284095
7777,9,C_raw_focal_noW,44,0.15794514099980006,2.0,0.75,1.0,1.0,1.0,1.0,1.0,0.9999999999999999,143,0,0,14,157,14,8.92,0.27642902416883686,0.0035271277975097415,0.9954454233409643,0.09911500040914525
7777,9,D_raw_focal_W,44,0.116358049000155,2.0,0.75,1.0,1.0,1.0,1.0,1.0,0.9999999999999999,143,0,0,14,157,14,8.92,0.27642902416883686,0.0035271277975097415,0.9954454233409643,0.09911500040914525
7777,9,E_all_ce_noW,47,0.16223684500027957,2.0,0.75,1.0,1.0,1.0,1.0,1.0,0.9999999999999999,143,0,0,14,157,14,8.92,0.28480993493523926,6.123251025256785e-08,0.9999993433267653,0.08942626806732291
7777,9,F_all_ce_W,47,0.173384095000074,2.0,0.75,0.9936305732484076,0.9333333333333333,1.0,0.981004234724743,1.0,0.9999999999999999,142,1,0,14,157,14,8.92,0.28851573270648706,1.5939099166915084e-07,0.9999997419899356,0.09351950837035851
7777,9,G_all_focal_noW,47,0.12430510800004413,2.0,0.75,1.0,1.0,1.0,1.0,1.0,0.9999999999999999,143,0,0,14,157,14,8.92,0.27587159299707315,0.00313941149511809,0.9952202423427006,0.09808174128119142
7777,9,H_all_focal_W,47,0.11883678200001668,2.0,0.75,1.0,1.0,1.0,1.0,1.0,0.9999999999999999,143,0,0,14,157,14,8.92,0.27587159299707315,0.00313941149511809,0.9952202423427006,0.09808174128119142
7777,9,LEGACY_A,44,0.14065540900037377,2.0,0.75,1.0,1.0,1.0,1.0,1.0,0.9999999999999999,143,0,0,14,157,14,8.92,0.2849188742884741,6.516631762168615e-08,0.9999995537170128,0.08940566840542002
7777,10,A_raw_ce_noW,44,0.14522934300021006,2.0,0.75,0.9871794871794872,0.9230769230769231,0.9230769230769231,0.9580419580419581,0.9892415277030661,0.9484097633136095,142,1,1,12,156,13,8.33,0.27492959125106414,5.983758098268915e-08,0.9999989794512637,0.08291917142895165
7777,10,B_raw_ce_W,44,0.15405700300016179,2.0,0.75,0.9871794871794872,0.9230769230769231,0.9230769230769231,0.9580419580419581,0.986013986013986,0.9377765339303799,142,1,1,12,156,13,8.33,0.27545617766261515,1.4763930939745478e-07,0.9999996914615,0.08306418631597919
7777,10,C_raw_focal_noW,44,0.11006072200007111,2.0,0.75,0.9871794871794872,0.9230769230769231,0.9230769230769231,0.9580419580419581,0.9919311457772996,0.9492110453648915,142,1,1,12,156,13,8.33,0.2567055877286429,0.004311414439377085,0.9919385344858647,0.08958544452634912
7777,10,D_raw_focal_W,44,0.12086877299998378,2.0,0.75,0.9871794871794872,0.9230769230769231,0.9230769230769231,0.9580419580419581,0.9919311457772996,0.9492110453648915,142,1,1,12,156,13,8.33,0.2567055877286429,0.004311414439377085,0.9919385344858647,0.08958544452634912
7777,10,E_all_ce_noW,47,0.15759464899974773,2.0,0.75,0.9871794871794872,0.9230769230769231,0.9230769230769231,0.9580419580419581,0.9951586874663798,0.9607495069033529,142,1,1,12,156,13,8.33,0.26932312067680564,7.241943804856569e-08,0.9999986866723207,0.08102789003720887
7777,10,F_all_ce_W,47,0.18067579399985334,2.0,0.75,0.9871794871794872,0.9230769230769231,0.9230769230769231,0.9580419580419581,0.9962345346960731,0.9663050624589085,142,1,1,12,156,13,8.33,0.27027654301507786,1.7186117372996937e-07,0.999999691950097,0.08128615104074766
7777,10,G_all_focal_noW,47,0.12060219599970878,2.0,0.75,0.9871794871794872,0.9230769230769231,0.9230769230769231,0.9580419580419581,0.9967724583109199,0.9695730363151176,142,1,1,12,156,13,8.33,0.25874718094653293,0.004780888765537347,0.9948366588635794,0.09034996716751262
7777,10,H_all_focal_W,47,0.11330522799971732,2.0,0.75,0.9871794871794872,0.9230769230769231,0.9230769230769231,0.9580419580419581,0.9967724583109199,0.9695730363151176,142,1,1,12,156,13,8.33,0.25874718094653293,0.004780888765537347,0.9948366588635794,0.09034996716751262
7777,10,LEGACY_A,44,0.1444257119997019,2.0,0.75,0.9871794871794872,0.9230769230769231,0.9230769230769231,0.9580419580419581,0.9924690693921463,0.9601139601139601,142,1,1,12,156,13,8.33,0.26164215676276265,4.282312931306502e-08,0.9999995569476645,0.07785411963027979
7777,11,A_raw_ce_noW,44,0.13831463899987284,2.0,0.75,0.9936305732484076,1.0,0.9285714285714286,0.9797393212027359,0.9995004995004995,0.9952380952380951,143,0,1,13,157,14,8.92,0.2678288743779441,7.496356273067469e-08,0.9999987906183341,0.08067155057065235
7777,11,B_raw_ce_W,44,0.15113805500004673,2.0,0.75,0.9936305732484076,1.0,0.9285714285714286,0.9797393212027359,0.9995004995004995,0.9952380952380953,143,0,1,13,157,14,8.92,0.2711026022819407,1.799832361370111e-07,0.9999997067785897,0.08301781367086938
7777,11,C_raw_focal_noW,44,0.12283614900024986,2.0,0.75,0.9872611464968153,1.0,0.8571428571428571,0.9580662393162394,0.9995004995004996,0.9952380952380953,143,0,2,12,157,14,8.92,0.25864606479041613,0.00386751506725478,0.9932908452813317,0.09221675304728585
7777,11,D_raw_focal_W,44,0.11665889899995818,2.0,0.75,0.9872611464968153,1.0,0.8571428571428571,0.9580662393162394,0.9995004995004996,0.9952380952380953,143,0,2,12,157,14,8.92,0.25864606479041613,0.00386751506725478,0.9932908452813317,0.09221675304728585
7777,11,E_all_ce_noW,47,0.15330553300009342,2.0,0.75,0.9936305732484076,1.0,0.9285714285714286,0.9797393212027359,0.9995004995004994,0.9952380952380953,143,0,1,13,157,14,8.92,0.26789540993466304,7.899187644635141e-08,0.9999991215250342,0.08141470274673691
7777,11,F_all_ce_W,47,0.18198299499999848,2.0,0.75,0.9936305732484076,1.0,0.9285714285714286,0.9797393212027359,0.999000999000999,0.9910714285714285,143,0,1,13,157,14,8.92,0.2736166816784603,2.4029962610269165e-07,0.9999997078594266,0.0853872000742976
7777,11,G_all_focal_noW,47,0.10917628500010323,2.0,0.75,0.9872611464968153,1.0,0.8571428571428571,0.9580662393162394,1.0,1.0,143,0,2,12,157,14,8.92,0.25506980577565713,0.004690635451191561,0.99440334753914,0.09089344780670389
7777,11,H_all_focal_W,47,0.1114453830000457,2.0,0.75,0.9872611464968153,1.0,0.8571428571428571,0.9580662393162394,1.0,1.0,143,0,2,12,157,14,8.92,0.25506980577565713,0.004690635451191561,0.99440334753914,0.09089344780670389
7777,11,LEGACY_A,44,0.1360712999999123,2.0,0.75,0.9872611464968153,0.9285714285714286,0.9285714285714286,0.9607892107892109,0.9995004995004995,0.9952380952380951,142,1,1,13,157,14,8.92,0.2803946409747701,9.852468594592248e-08,0.9999994873742052,0.0879322336149863
7777,12,A_raw_ce_noW,44,0.13919421899981899,2.0,0.75,0.9872611464968153,1.0,0.8571428571428571,0.9580662393162394,0.9925074925074926,0.9630541871921181,143,0,2,12,157,14,8.92,0.26550597228801226,6.961593240425362e-08,0.9999990070185328,0.07737998251781468
7777,12,B_raw_ce_W,44,0.17560218800008442,2.0,0.75,0.9936305732484076,1.0,0.9285714285714286,0.9797393212027359,0.99000999000999,0.9579831932773109,143,0,1,13,157,14,8.92,0.2696312007969444,1.5755224070446844e-07,0.9999997242813113,0.0806695076902547
7777,12,C_raw_focal_noW,44,0.1040619489999699,2.0,0.75,0.9872611464968153,1.0,0.8571428571428571,0.9580662393162394,0.9955044955044955,0.9720496894409937,143,0,2,12,157,14,8.92,0.25649971519238046,0.004489142724656946,0.9927782348323034,0.08766416032172834
7777,12,D_raw_focal_W,44,0.10494953999977952,2.0,0.75,0.9872611464968153,1.0,0.8571428571428571,0.9580662393162394,0.9955044955044955,0.9720496894409937,143,0,2,12,157,14,8.92,0.25649971519238046,0.004489142724656946,0.9927782348323034,0.08766416032172834
7777,12,E_all_ce_noW,47,0.16085667000015746,2.0,0.75,0.9808917197452229,1.0,0.7857142857142857,0.9348096885813149,0.9985014985014985,0.9873949579831931,143,0,3,11,157,14,8.92,0.25508853461416486,4.978297051902215e-08,0.9999995197674966,0.07297797344039125
7777,12,F_all_ce_W,47,0.17345754200005103,2.0,0.75,0.9936305732484076,1.0,0.9285714285714286,0.9797393212027359,0.998001998001998,0.984126984126984,143,0,1,13,157,14,8.92,0.27118049900385816,1.5690800001180525e-07,0.9999997344243515,0.08163594868013287
7777,12,G_all_focal_noW,47,0.11701424700004281,2.0,0.75,0.9808917197452229,1.0,0.7857142857142857,0.9348096885813149,0.996003996003996,0.974025974025974,143,0,3,11,157,14,8.92,0.24860260302739634,0.0037991969575853603,0.9946890824712411,0.08330188537255825
7777,12,H_all_focal_W,47,0.1189047309999296,2.0,0.75,0.9808917197452229,1.0,0.7857142857142857,0.9348096885813149,0.996003996003996,0.974025974025974,143,0,3,11,157,14,8.92,0.24860260302739634,0.0037991969575853603,0.9946890824712411,0.08330188537255825
7777,12,LEGACY_A,44,0.15624581900010526,2.0,0.75,0.9936305732484076,1.0,0.9285714285714286,0.9797393212027359,0.9965034965034965,0.976190476190476,143,0,1,13,157,14,8.92,0.27435845452249374,6.186244035431027e-08,0.999999565236093,0.0824948226666132
7777,13,A_raw_ce_noW,44,0.15442698399965593,2.0,0.75,1.0,1.0,1.0,1.0,1.0,1.0,143,0,0,14,157,14,8.92,0.28497274200372263,6.020373433181911e-08,0.9999991258374122,0.08918825286959271
7777,13,B_raw_ce_W,44,0.1588583870002367,2.0,0.75,1.0,1.0,1.0,1.0,1.0,1.0,143,0,0,14,157,14,8.92,0.28496490985810435,1.405086089705257e-07,0.9999997685498446,0.0892490905659149
7777,13,C_raw_focal_noW,44,0.1145182309996926,2.0,0.75,1.0,1.0,1.0,1.0,1.0,0.9999999999999998,143,0,0,14,157,14,8.92,0.2771510544696825,0.0038321687486678785,0.9950515376916524,0.1000614503907102
7777,13,D_raw_focal_W,44,0.11698403099990173,2.0,0.75,1.0,1.0,1.0,1.0,1.0,0.9999999999999998,143,0,0,14,157,14,8.92,0.2771510544696825,0.0038321687486678785,0.9950515376916524,0.1000614503907102
7777,13,E_all_ce_noW,47,0.18019901299976482,2.0,0.75,1.0,1.0,1.0,1.0,1.0,1.0,143,0,0,14,157,14,8.92,0.2849701898705794,5.566031051539009e-08,0.9999992432143755,0.08917899292274863
7777,13,F_all_ce_W,47,0.20042905499985864,2.0,0.75,1.0,1.0,1.0,1.0,1.0,1.0,143,0,0,14,157,14,8.92,0.2849735191694395,1.7058691785126553e-07,0.9999997413269001,0.08922421480072683
7777,13,G_all_focal_noW,47,0.12648066900010235,2.0,0.75,1.0,1.0,1.0,1.0,1.0,0.9999999999999998,143,0,0,14,157,14,8.92,0.2763177665071147,0.003608246946821618,0.995183938069332,0.0985527985805831
7777,13,H_all_focal_W,47,0.1211704339998505,2.0,0.75,1.0,1.0,1.0,1.0,1.0,0.9999999999999998,143,0,0,14,157,14,8.92,0.2763177665071147,0.003608246946821618,0.995183938069332,0.0985527985805831
7777,13,LEGACY_A,44,0.14664877399991383,2.0,0.75,1.0,1.0,1.0,1.0,1.0,1.0,143,0,0,14,157,14,8.92,0.2849569756366398,5.074981872863388e-08,0.9999995724718962,0.08928228347600596
7777,14,A_raw_ce_noW,44,0.14770106699961616,2.0,0.75,0.9872611464968153,0.9285714285714286,0.9285714285714286,0.9607892107892109,0.9980019980019981,0.9786891679748821,142,1,1,13,157,14,8.92,0.2846548259978247,4.868117567582944e-08,0.999999508021171,0.0903904461683346
7777,14,B_raw_ce_W,44,0.15190908400018088,2.0,0.75,0.9936305732484076,0.9333333333333333,1.0,0.981004234724743,0.9985014985014985,0.9846415489272632,142,1,0,14,157,14,8.92,0.2907047773568451,1.481902231475999e-07,0.9999997820325215,0.09449891120177854
7777,14,C_raw_focal_noW,44,0.11516747199993915,2.0,0.75,0.9872611464968153,0.9285714285714286,0.9285714285714286,0.9607892107892109,0.9975024975024975,0.9721956614813758,142,1,1,13,157,14,8.92,0.27424063726158127,0.0034042053483297136,0.9959939173623592,0.1017411199433026
7777,14,D_raw_focal_W,44,0.11441802399986045,2.0,0.75,0.9872611464968153,0.9285714285714286,0.9285714285714286,0.9607892107892109,0.9975024975024975,0.9721956614813758,142,1,1,13,157,14,8.92,0.27424063726158127,0.0034042053483297136,0.9959939173623592,0.1017411199433026
7777,14,E_all_ce_noW,47,0.15575549699997282,2.0,0.75,0.9872611464968153,0.9285714285714286,0.9285714285714286,0.9607892107892109,0.9980019980019981,0.9786891679748821,142,1,1,13,157,14,8.92,0.2848022221828017,5.998671365768087e-08,0.9999993059711284,0.09009688538380707
7777,14,F_all_ce_W,47,0.17747230199984187,2.0,0.75,0.9872611464968153,0.9285714285714286,0.9285714285714286,0.9607892107892109,0.9995004995004995,0.9952380952380951,142,1,1,13,157,14,8.92,0.28631579926003115,1.528320804268527e-07,0.9999997880406825,0.09237786340956722
7777,14,G_all_focal_noW,47,0.12950058500018713,2.0,0.75,0.9872611464968153,0.9285714285714286,0.9285714285714286,0.9607892107892109,0.9985014985014985,0.9846415489272633,142,1,1,13,157,14,8.92,0.2751078439855903,0.003718502868492652,0.9942974631900477,0.10115270499327363
7777,14,H_all_focal_W,47,0.11334842599990225,2.0,0.75,0.9872611464968153,0.9285714285714286,0.9285714285714286,0.9607892107892109,0.9985014985014985,0.9846415489272633,142,1,1,13,157,14,8.92,0.2751078439855903,0.003718502868492652,0.9942974631900477,0.10115270499327363
7777,14,LEGACY_A,44,0.15002646599987202,2.0,0.75,0.9936305732484076,0.9333333333333333,1.0,0.981004234724743,0.9995004995004995,0.9952380952380951,142,1,0,14,157,14,8.92,0.2897094923646672,4.641450801364817e-08,0.9999996390520379,0.0941302133575893
7777,15,A_raw_ce_noW,44,0.1434012720001192,2.0,0.75,0.9807692307692307,0.8571428571428571,0.9230769230769231,0.9391812865497076,0.9978483055406132,0.9796597633136095,141,2,1,12,156,13,8.33,0.2787471203580131,5.2032428279483216e-08,0.9999985663447087,0.08746316954147598
7777,15,B_raw_ce_W,44,0.1571905370001332,2.0,0.75,0.9807692307692307,0.8571428571428571,0.9230769230769231,0.9391812865497076,0.9978483055406132,0.9796597633136095,141,2,1,12,156,13,8.33,0.28129610876681077,1.595774597033184e-07,0.9999996222668609,0.08910458828961434
7777,15,C_raw_focal_noW,44,0.19201423599997725,2.0,0.75,0.9871794871794872,0.9230769230769231,0.9230769230769231,0.9580419580419581,0.9983862291554599,0.9855769230769231,142,1,1,12,156,13,8.33,0.2592890048727298,0.0029341744148319747,0.9924432059544669,0.09234434756405731
7777,15,D_raw_focal_W,44,0.192961546999868,2.0,0.75,0.9871794871794872,0.9230769230769231,0.9230769230769231,0.9580419580419581,0.9983862291554599,0.9855769230769231,142,1,1,12,156,13,8.33,0.2592890048727298,0.0029341744148319747,0.9924432059544669,0.09234434756405731
7777,15,E_all_ce_noW,47,0.2807296940000015,2.0,0.75,0.9871794871794872,0.9230769230769231,0.9230769230769231,0.9580419580419581,0.9973103819257666,0.9759832927253742,142,1,1,12,156,13,8.33,0.273463946644306,7.291142366573903e-08,0.9999990324322852,0.08340035041918509
7777,15,F_all_ce_W,47,0.285486253000272,2.0,0.75,0.9871794871794872,0.9230769230769231,0.9230769230769231,0.9580419580419581,0.9978483055406132,0.9796597633136095,142,1,1,12,156,13,8.33,0.2753043913692744,1.4024612531501746e-07,0.9999997198072589,0.08398261734122364
7777,15,G_all_focal_noW,47,0.2067808840001817,2.0,0.75,0.9871794871794872,0.9230769230769231,0.9230769230769231,0.9580419580419581,0.9978483055406132,0.9796597633136095,142,1,1,12,156,13,8.33,0.2632558282484794,0.0036091767472504915,0.9928118542886879,0.09399285748713958
7777,15,H_all_focal_W,47,0.18711660899998606,2.0,0.75,0.9871794871794872,0.9230769230769231,0.9230769230769231,0.9580419580419581,0.9978483055406132,0.9796597633136095,142,1,1,12,156,13,8.33,0.2632558282484794,0.0036091767472504915,0.9928118542886879,0.09399285748713958
7777,15,LEGACY_A,44,0.23467291899987686,2.0,0.75,0.9807692307692307,0.8571428571428571,0.9230769230769231,0.9391812865497076,0.9983862291554599,0.9855769230769231,141,2,1,12,156,13,8.33,0.2760153567142455,4.4775973059611265e-08,0.9999995478255916,0.08673254314628737
7777,16,A_raw_ce_noW,44,0.22816579099981027,2.0,0.75,0.9872611464968153,1.0,0.8571428571428571,0.9580662393162394,0.9955044955044955,0.9720496894409938,143,0,2,12,157,14,8.92,0.26567406939857297,8.890851474447263e-08,0.9999988214488694,0.07647907196661832
7777,16,B_raw_ce_W,44,0.23799443099960627,2.0,0.75,0.9872611464968153,1.0,0.8571428571428571,0.9580662393162394,0.9920079920079921,0.9619047619047619,143,0,2,12,157,14,8.92,0.265611914974863,1.8489216909510723e-07,0.9999997528571118,0.07673083386444442
7777,16,C_raw_focal_noW,44,0.1759995649999837,2.0,0.75,0.9872611464968153,1.0,0.8571428571428571,0.9580662393162394,0.9795204795204795,0.9467532467532467,143,0,2,12,157,14,8.92,0.2587446706531237,0.004297207190611422,0.9929807324438261,0.0869570437497555
7777,16,D_raw_focal_W,44,0.1758866139998645,2.0,0.75,0.9872611464968153,1.0,0.8571428571428571,0.9580662393162394,0.9795204795204795,0.9467532467532467,143,0,2,12,157,14,8.92,0.2587446706531237,0.004297207190611422,0.9929807324438261,0.0869570437497555
7777,16,E_all_ce_noW,47,0.24740075299996533,2.0,0.75,0.9872611464968153,1.0,0.8571428571428571,0.9580662393162394,0.994005994005994,0.9634693877551019,143,0,2,12,157,14,8.92,0.26556544158618034,7.184837675466423e-08,0.9999986411449848,0.07697820805482082
7777,16,F_all_ce_W,47,0.27684851800040633,2.0,0.75,0.9872611464968153,1.0,0.8571428571428571,0.9580662393162394,0.996003996003996,0.9710884353741496,143,0,2,12,157,14,8.92,0.2657256088285068,1.971278783858994e-07,0.999999648624623,0.07809656949801524
7777,16,G_all_focal_noW,47,0.20014530200023728,2.0,0.75,0.9872611464968153,1.0,0.8571428571428571,0.9580662393162394,0.988011988011988,0.9468253968253968,143,0,2,12,157,14,8.92,0.2599426558137003,0.004599736492138995,0.9935398665416852,0.08995900577365344
7777,16,H_all_focal_W,47,0.18198484899994583,2.0,0.75,0.9872611464968153,1.0,0.8571428571428571,0.9580662393162394,0.988011988011988,0.9468253968253968,143,0,2,12,157,14,8.92,0.2599426558137003,0.004599736492138995,0.9935398665416852,0.08995900577365344
7777,16,LEGACY_A,44,0.2195057399999314,2.0,0.75,0.9872611464968153,1.0,0.8571428571428571,0.9580662393162394,0.9915084915084915,0.9568027210884353,143,0,2,12,157,14,8.92,0.2655680604395062,5.096153702564747e-08,0.9999995639809078,0.07693463364944099
7777,17,A_raw_ce_noW,44,0.15119688400000086,2.0,0.75,0.9745222929936306,1.0,0.7142857142857143,0.9097701149425288,1.0,0.9999999999999999,143,0,4,10,157,14,8.92,0.24190598996784105,8.457411891392463e-08,0.99999914918168,0.06418110944610639
7777,17,B_raw_ce_W,44,0.15589166399968235,2.0,0.75,0.9745222929936306,1.0,0.7142857142857143,0.9097701149425288,1.0,0.9999999999999999,143,0,4,10,157,14,8.92,0.24353325071997448,1.2528938587139277e-07,0.9999997693432933,0.06529811505048601
7777,17,C_raw_focal_noW,44,0.11021856500019567,2.0,0.75,0.9745222929936306,1.0,0.7142857142857143,0.9097701149425288,1.0,0.9999999999999999,143,0,4,10,157,14,8.92,0.22963267681437063,0.0035399567514513923,0.9943921901445594,0.07801480339270275
7777,17,D_raw_focal_W,44,0.10680456199997934,2.0,0.75,0.9745222929936306,1.0,0.7142857142857143,0.9097701149425288,1.0,0.9999999999999999,143,0,4,10,157,14,8.92,0.22963267681437063,0.0035399567514513923,0.9943921901445594,0.07801480339270275
7777,17,E_all_ce_noW,47,0.1607328300001427,2.0,0.75,0.9681528662420382,1.0,0.6428571428571429,0.8827132825339907,0.9985014985014985,0.9846415489272631,143,0,5,9,157,14,8.92,0.23267006000851256,9.035637248801186e-08,0.999999179939376,0.06076297816376551
7777,17,F_all_ce_W,47,0.16835640499994042,2.0,0.75,0.9808917197452229,1.0,0.7857142857142857,0.9348096885813149,0.9985014985014985,0.9846415489272631,143,0,3,11,157,14,8.92,0.2418875182069329,1.7637155311292252e-07,0.9999998073268177,0.06869554157635077
7777,17,G_all_focal_noW,47,0.10966279300009774,2.0,0.75,0.9745222929936306,1.0,0.7142857142857143,0.9097701149425288,0.9980019980019981,0.9786891679748823,143,0,4,10,157,14,8.92,0.22833570418723834,0.004295710964847349,0.9935310195616279,0.07885674738706384
7777,17,H_all_focal_W,47,0.11045051999963107,2.0,0.75,0.9745222929936306,1.0,0.7142857142857143,0.9097701149425288,0.9980019980019981,0.9786891679748823,143,0,4,10,157,14,8.92,0.22833570418723834,0.004295710964847349,0.9935310195616279,0.07885674738706384
7777,17,LEGACY_A,44,0.1440090500000224,2.0,0.75,0.9745222929936306,1.0,0.7142857142857143,0.9097701149425288,0.999000999000999,0.9901360544217686,143,0,4,10,157,14,8.92,0.24216760601027892,7.73656924145979e-08,0.9999995745528552,0.06343879658214989
7777,18,A_raw_ce_noW,44,0.1560889790002875,2.0,0.75,1.0,1.0,1.0,1.0,1.0,0.9999999999999998,143,0,0,14,157,14,8.92,0.2835952585665705,7.254066430130901e-08,0.9999991653012765,0.08882071567550227
7777,18,B_raw_ce_W,44,0.15855659599992578,2.0,0.75,1.0,1.0,1.0,1.0,1.0,0.9999999999999999,143,0,0,14,157,14,8.92,0.2848452111084964,1.4639011677031556e-07,0.9999997284492641,0.08973491633564389
7777,18,C_raw_focal_noW,44,0.11458413000036671,2.0,0.75,1.0,1.0,1.0,1.0,1.0,0.9999999999999998,143,0,0,14,157,14,8.92,0.2754857035145671,0.003560556069897346,0.9955010212600165,0.09998852489351254
7777,18,D_raw_focal_W,44,0.11466666000023906,2.0,0.75,1.0,1.0,1.0,1.0,1.0,0.9999999999999998,143,0,0,14,157,14,8.92,0.2754857035145671,0.003560556069897346,0.9955010212600165,0.09998852489351254
7777,18,E_all_ce_noW,47,0.15768203000016,2.0,0.75,1.0,1.0,1.0,1.0,1.0,0.9999999999999998,143,0,0,14,157,14,8.92,0.28480660725779905,5.7221817498646515e-08,0.9999993155428131,0.08929746860150968
7777,18,F_all_ce_W,47,0.1748106350000853,2.0,0.75,1.0,1.0,1.0,1.0,1.0,0.9999999999999998,143,0,0,14,157,14,8.92,0.2848296820339905,1.6378710986773428e-07,0.9999997795003452,0.08982462070027039
7777,18,G_all_focal_noW,47,0.12998695499982205,2.0,0.75,1.0,1.0,1.0,1.0,1.0,0.9999999999999998,143,0,0,14,157,14,8.92,0.2763447810406582,0.0034601105209516973,0.9954322551923226,0.10017266683435694
7777,18,H_all_focal_W,47,0.14093583299973034,2.0,0.75,1.0,1.0,1.0,1.0,1.0,0.9999999999999998,143,0,0,14,157,14,8.92,0.2763447810406582,0.0034601105209516973,0.9954322551923226,0.10017266683435694
7777,18,LEGACY_A,44,0.147766201000195,2.0,0.75,1.0,1.0,1.0,1.0,1.0,0.9999999999999999,143,0,0,14,157,14,8.92,0.28472916279212707,5.6672937056754943e-08,0.999999627168926,0.08924226418916839
7777,19,A_raw_ce_noW,44,0.13860153900031946,2.0,0.75,0.9872611464968153,1.0,0.8571428571428571,0.9580662393162394,1.0,0.9999999999999999,143,0,2,12,157,14,8.92,0.26558448936497,8.472462466661497e-08,0.9999993235148839,0.07895955812657059
7777,19,B_raw_ce_W,44,0.15654673600010938,2.0,0.75,0.9872611464968153,1.0,0.8571428571428571,0.9580662393162394,0.9995004995004995,0.9952380952380953,143,0,2,12,157,14,8.92,0.26753420415253404,1.775593203601072e-07,0.9999997587339076,0.08259147677950193
7777,19,C_raw_focal_noW,44,0.11376672500000495,2.0,0.75,0.9808917197452229,0.9230769230769231,0.8571428571428571,0.9392179636082074,0.999000999000999,0.9901360544217687,142,1,2,12,157,14,8.92,0.26255666233090486,0.003371697837033224,0.9952628116643671,0.0940925096599873
7777,19,D_raw_focal_W,44,0.130967303000034,2.0,0.75,0.9808917197452229,0.9230769230769231,0.8571428571428571,0.9392179636082074,0.999000999000999,0.9901360544217687,142,1,2,12,157,14,8.92,0.26255666233090486,0.003371697837033224,0.9952628116643671,0.0940925096599873
7777,19,E_all_ce_noW,47,0.15266164099966772,2.0,0.75,0.9872611464968153,1.0,0.8571428571428571,0.9580662393162394,1.0,0.9999999999999999,143,0,2,12,157,14,8.92,0.26510859558514244,1.0453550592035529e-07,0.9999989136304188,0.07810506928098701
7777,19,F_all_ce_W,47,0.17262070200013113,2.0,0.75,0.9872611464968153,1.0,0.8571428571428571,0.9580662393162394,1.0,0.9999999999999999,143,0,2,12,157,14,8.92,0.2672764170374581,1.8773200695535054e-07,0.999999761839396,0.0813470810587679
7777,19,G_all_focal_noW,47,0.11904075899974487,2.0,0.75,0.9872611464968153,0.9285714285714286,0.9285714285714286,0.9607892107892109,0.9990009990009989,0.9901360544217687,142,1,1,13,157,14,8.92,0.26573674381152673,0.004076128769904976,0.995024033448771,0.09650955332190411
7777,19,H_all_focal_W,47,0.1169941039997866,2.0,0.75,0.9872611464968153,0.9285714285714286,0.9285714285714286,0.9607892107892109,0.9990009990009989,0.9901360544217687,142,1,1,13,157,14,8.92,0.26573674381152673,0.004076128769904976,0.995024033448771,0.09650955332190411
7777,19,LEGACY_A,44,0.14645058399992195,2.0,0.75,0.9872611464968153,0.9285714285714286,0.9285714285714286,0.9607892107892109,0.999000999000999,0.9901360544217687,142,1,1,13,157,14,8.92,0.2776727826837903,6.824568632053863e-08,0.9999995169072302,0.0887457085850773
7777,20,A_raw_ce_noW,44,0.14570429000013974,2.0,0.75,0.9935897435897436,0.9285714285714286,1.0,0.9797270955165691,0.9994620763851533,0.9945054945054945,142,1,0,13,156,13,8.33,0.28203427706615636,5.3701333331022205e-08,0.9999988147351702,0.08850782989816594
7777,20,B_raw_ce_W,44,0.156187872999908,2.0,0.75,0.9935897435897436,0.9285714285714286,1.0,0.9797270955165691,1.0,1.0,142,1,0,13,156,13,8.33,0.2848787661369342,1.7383052861417295e-07,0.9999997483962573,0.08945977348196599
7777,20,C_raw_focal_noW,44,0.11289506499997515,2.0,0.75,0.9935897435897436,0.9285714285714286,1.0,0.9797270955165691,0.9994620763851534,0.9945054945054943,142,1,0,13,156,13,8.33,0.2698931693194472,0.0038954147380069926,0.9936472374535968,0.09498205718179734
7777,20,D_raw_focal_W,44,0.11349849399994127,2.0,0.75,0.9935897435897436,0.9285714285714286,1.0,0.9797270955165691,0.9994620763851534,0.9945054945054943,142,1,0,13,156,13,8.33,0.2698931693194472,0.0038954147380069926,0.9936472374535968,0.09498205718179734
7777,20,E_all_ce_noW,47,0.1657310470000084,2.0,0.75,0.9935897435897436,0.9285714285714286,1.0,0.9797270955165691,0.9994620763851533,0.9945054945054945,142,1,0,13,156,13,8.33,0.28009403821375767,5.069579064596195e-08,0.9999987904350027,0.08772295252839271
7777,20,F_all_ce_W,47,0.19158731500010617,2.0,0.75,0.9935897435897436,0.9285714285714286,1.0,0.9797270955165691,1.0,1.0,142,1,0,13,156,13,8.33,0.28536433242484815,1.6181196202376779e-07,0.9999996880419065,0.08960557594190614
7777,20,G_all_focal_noW,47,0.11056477600004655,2.0,0.75,0.9935897435897436,0.9285714285714286,1.0,0.9797270955165691,0.9994620763851533,0.9945054945054943,142,1,0,13,156,13,8.33,0.26935467341193703,0.003962590554192488,0.9932700469719615,0.09427383925445836
7777,20,H_all_focal_W,47,0.11157102700008181,2.0,0.75,0.9935897435897436,0.9285714285714286,1.0,0.9797270955165691,0.9994620763851533,0.9945054945054943,142,1,0,13,156,13,8.33,0.26935467341193703,0.003962590554192488,0.9932700469719615,0.09427383925445836
7777,20,LEGACY_A,44,0.1463735870001983,2.0,0.75,1.0,1.0,1.0,1.0,1.0,1.0,143,0,0,13,156,13,8.33,0.2765941611645454,5.0064270639448595e-08,0.9999996119570065,0.08490733945307556
7777,21,A_raw_ce_noW,44,0.1455121659996621,2.0,0.75,0.9936305732484076,1.0,0.9285714285714286,0.9797393212027359,0.9985014985014985,0.9873949579831931,143,0,1,13,157,14,8.92,0.2750162989620563,7.12173745475024e-08,0.9999989594501869,0.0826517231282262
7777,21,B_raw_ce_W,44,0.16752464299997882,2.0,0.75,0.9936305732484076,1.0,0.9285714285714286,0.9797393212027359,0.999000999000999,0.9910714285714285,143,0,1,13,157,14,8.92,0.2753890106233737,1.623962004623793e-07,0.9999997305539305,0.08280659118452097
7777,21,C_raw_focal_noW,44,0.11449273500011259,2.0,0.75,0.9936305732484076,1.0,0.9285714285714286,0.9797393212027359,0.9995004995004995,0.9952380952380953,143,0,1,13,157,14,8.92,0.2657627396338227,0.0036064949364425104,0.9943061574566272,0.09322576144744561
7777,21,D_raw_focal_W,44,0.11508913299985579,2.0,0.75,0.9936305732484076,1.0,0.9285714285714286,0.9797393212027359,0.9995004995004995,0.9952380952380953,143,0,1,13,157,14,8.92,0.2657627396338227,0.0036064949364425104,0.9943061574566272,0.09322576144744561
7777,21,E_all_ce_noW,47,0.16104252500008442,2.0,0.75,0.9936305732484076,1.0,0.9285714285714286,0.9797393212027359,0.9995004995004995,0.9952380952380953,143,0,1,13,157,14,8.92,0.2753310167106881,8.901544900884199e-08,0.9999989751604501,0.08280127357276623
7777,21,F_all_ce_W,47,0.1751934919998348,2.0,0.75,0.9936305732484076,1.0,0.9285714285714286,0.9797393212027359,0.9995004995004995,0.9952380952380953,143,0,1,13,157,14,8.92,0.2754635989223109,1.7450985565179767e-07,0.9999997494989558,0.08306877263917463
7777,21,G_all_focal_noW,47,0.12201163199961229,2.0,0.75,0.9936305732484076,1.0,0.9285714285714286,0.9797393212027359,1.0,0.9999999999999998,143,0,1,13,157,14,8.92,0.26671682516171374,0.0033015702841174724,0.9945203902069731,0.09274293229868605
7777,21,H_all_focal_W,47,0.12265392000017528,2.0,0.75,0.9936305732484076,1.0,0.9285714285714286,0.9797393212027359,1.0,0.9999999999999998,143,0,1,13,157,14,8.92,0.26671682516171374,0.0033015702841174724,0.9945203902069731,0.09274293229868605
7777,21,LEGACY_A,44,0.16019340000002558,2.0,0.75,0.9936305732484076,1.0,0.9285714285714286,0.9797393212027359,1.0,0.9999999999999999,143,0,1,13,157,14,8.92,0.2754506064141032,5.5218400795344535e-08,0.999999504634413,0.08294978728233986
7777,22,A_raw_ce_noW,44,0.13764764100005777,2.0,0.75,0.9872611464968153,1.0,0.8571428571428571,0.9580662393162394,1.0,0.9999999999999999,143,0,2,12,157,14,8.92,0.26562147388936974,7.106392145043937e-08,0.9999991739405039,0.07858110083675039
7777,22,B_raw_ce_W,44,0.16544384100006937,2.0,0.75,1.0,1.0,1.0,1.0,1.0,0.9999999999999999,143,0,0,14,157,14,8.92,0.2751230359517973,1.6994571638208392e-07,0.9999998124737915,0.08582975398297371
7777,22,C_raw_focal_noW,44,0.1122651680002491,2.0,0.75,0.9872611464968153,1.0,0.8571428571428571,0.9580662393162394,1.0,1.0,143,0,2,12,157,14,8.92,0.26037084022572976,0.0029633299200950433,0.9944602383757698,0.09194106737929492
7777,22,D_raw_focal_W,44,0.11255738699992435,2.0,0.75,0.9872611464968153,1.0,0.8571428571428571,0.9580662393162394,1.0,1.0,143,0,2,12,157,14,8.92,0.26037084022572976,0.0029633299200950433,0.9944602383757698,0.09194106737929492
7777,22,E_all_ce_noW,47,0.18757553300019936,2.0,0.75,1.0,1.0,1.0,1.0,1.0,1.0,143,0,0,14,157,14,8.92,0.2728679704336122,5.582811591750878e-08,0.9999990717727291,0.08457042613282216
7777,22,F_all_ce_W,47,0.18050089899998056,2.0,0.75,1.0,1.0,1.0,1.0,1.0,0.9999999999999999,143,0,0,14,157,14,8.92,0.28216817547590844,1.5545085405522558e-07,0.9999997565991567,0.08836655732454572
7777,22,G_all_focal_noW,47,0.11528047799993146,2.0,0.75,0.9872611464968153,1.0,0.8571428571428571,0.9580662393162394,1.0,1.0,143,0,2,12,157,14,8.92,0.26201153891060897,0.0039302451743570615,0.9933237466236964,0.09427307773923183
7777,22,H_all_focal_W,47,0.11267055700000128,2.0,0.75,0.9872611464968153,1.0,0.8571428571428571,0.9580662393162394,1.0,1.0,143,0,2,12,157,14,8.92,0.26201153891060897,0.0039302451743570615,0.9933237466236964,0.09427307773923183
7777,22,LEGACY_A,44,0.14971504599998298,2.0,0.75,0.9872611464968153,1.0,0.8571428571428571,0.9580662393162394,1.0,0.9999999999999999,143,0,2,12,157,14,8.92,0.26761422751707326,4.276107518578483e-08,0.9999996105776552,0.08091027618307431
7777,23,A_raw_ce_noW,44,0.24800789799974154,2.0,0.75,0.9872611464968153,0.9285714285714286,0.9285714285714286,0.9607892107892109,0.998001998001998,0.9804748822605964,142,1,1,13,157,14,8.92,0.27253573357327676,7.338437994403589e-08,0.9999993055992734,0.08594068870086512
7777,23,B_raw_ce_W,44,0.24866311799996765,2.0,0.75,0.9872611464968153,0.9285714285714286,0.9285714285714286,0.9607892107892109,0.9965034965034966,0.9706064612079648,142,1,1,13,157,14,8.92,0.2820872094851385,1.7166095408846905e-07,0.9999997792241758,0.09076887303787658
7777,23,C_raw_focal_noW,44,0.16934553700002652,2.0,0.75,0.9745222929936306,0.8571428571428571,0.8571428571428571,0.9215784215784215,0.9975024975024975,0.9760531135531135,141,2,2,12,157,14,8.92,0.26396596670872036,0.0036363323351254256,0.9944645374158836,0.09815633434260976
7777,23,D_raw_focal_W,44,0.1727883200001088,2.0,0.75,0.9745222929936306,0.8571428571428571,0.8571428571428571,0.9215784215784215,0.9975024975024975,0.9760531135531135,141,2,2,12,157,14,8.92,0.26396596670872036,0.0036363323351254256,0.9944645374158836,0.09815633434260976
7777,23,E_all_ce_noW,47,0.2513268309999148,2.0,0.75,0.9808917197452229,0.9230769230769231,0.8571428571428571,0.9392179636082074,0.9985014985014984,0.9846415489272632,142,1,2,12,157,14,8.92,0.26666819085201793,1.0034867885139e-07,0.9999992673294852,0.08416173959690715
7777,23,F_all_ce_W,47,0.26852672399991206,2.0,0.75,0.9808917197452229,0.8666666666666667,0.9285714285714286,0.9430127041742287,0.9990009990009989,0.9910714285714285,141,2,1,13,157,14,8.92,0.2806978163262229,2.0556419519016757e-07,0.9999997501997839,0.09063106167415749
7777,23,G_all_focal_noW,47,0.20390455999995538,2.0,0.75,0.9745222929936306,0.8571428571428571,0.8571428571428571,0.9215784215784215,0.997002997002997,0.9713435374149659,141,2,2,12,157,14,8.92,0.2620556793511742,0.0044680605186244,0.9933552572993897,0.0973057027845591
7777,23,H_all_focal_W,47,0.18900888300004226,2.0,0.75,0.9745222929936306,0.8571428571428571,0.8571428571428571,0.9215784215784215,0.997002997002997,0.9713435374149659,141,2,2,12,157,14,8.92,0.2620556793511742,0.0044680605186244,0.9933552572993897,0.0973057027845591
7777,23,LEGACY_A,44,0.2271399480000582,2.0,0.75,0.9808917197452229,0.8666666666666667,0.9285714285714286,0.9430127041742287,0.9975024975024975,0.9812030075187969,141,2,1,13,157,14,8.92,0.2879533585129075,6.998068840808756e-08,0.9999995368641479,0.09444899791951077
7777,24,A_raw_ce_noW,44,0.2234009710000464,2.0,0.75,0.9872611464968153,1.0,0.8571428571428571,0.9580662393162394,0.9950049950049951,0.9702380952380951,143,0,2,12,157,14,8.92,0.2671228942490513,6.137463144977552e-08,0.999998479388959,0.07932906962983018
7777,24,B_raw_ce_W,44,0.24529629200014824,2.0,0.75,0.9936305732484076,1.0,0.9285714285714286,0.9797393212027359,0.9965034965034966,0.976190476190476,143,0,1,13,157,14,8.92,0.27295075908241734,1.6616990504357533e-07,0.9999996784188373,0.08202545932524015
7777,24,C_raw_focal_noW,44,0.17214318199967238,2.0,0.75,0.9936305732484076,1.0,0.9285714285714286,0.9797393212027359,0.9935064935064934,0.9656084656084656,143,0,1,13,157,14,8.92,0.25872890316649655,0.003779600065739779,0.9936803882991823,0.09039816097830673
7777,24,D_raw_focal_W,44,0.1823835200002577,2.0,0.75,0.9936305732484076,1.0,0.9285714285714286,0.9797393212027359,0.9935064935064934,0.9656084656084656,143,0,1,13,157,14,8.92,0.25872890316649655,0.003779600065739779,0.9936803882991823,0.09039816097830673
7777,24,E_all_ce_noW,47,0.26155242199956774,2.0,0.75,0.9872611464968153,1.0,0.8571428571428571,0.9580662393162394,0.9965034965034965,0.976190476190476,143,0,2,12,157,14,8.92,0.26753255332821413,6.355227109958502e-08,0.9999990421248031,0.07995069667173631
7777,24,F_all_ce_W,47,0.27330511999980445,2.0,0.75,0.9936305732484076,1.0,0.9285714285714286,0.9797393212027359,0.9955044955044955,0.9720496894409937,143,0,1,13,157,14,8.92,0.2729631010445691,1.6444663517014146e-07,0.999999718093048,0.08293390998958984
7777,24,G_all_focal_noW,47,0.19990698300034637,2.0,0.75,0.9936305732484076,1.0,0.9285714285714286,0.9797393212027359,0.997002997002997,0.9785714285714284,143,0,1,13,157,14,8.92,0.2602386548597092,0.004786863619422813,0.9934996428516962,0.09124008723828522
7777,24,H_all_focal_W,47,0.2187137660002918,2.0,0.75,0.9936305732484076,1.0,0.9285714285714286,0.9797393212027359,0.997002997002997,0.9785714285714284,143,0,1,13,157,14,8.92,0.2602386548597092,0.004786863619422813,0.9934996428516962,0.09124008723828522
7777,24,LEGACY_A,44,0.1588392499998008,2.0,0.75,0.9936305732484076,1.0,0.9285714285714286,0.9797393212027359,0.9935064935064934,0.9656084656084656,143,0,1,13,157,14,8.92,0.2750349802845227,3.6201260745765994e-08,0.999999560593145,0.08281442363796437
7777,25,A_raw_ce_noW,44,0.14383161000023392,2.0,0.75,1.0,1.0,1.0,1.0,1.0,0.9999999999999998,143,0,0,13,156,13,8.33,0.2763115453715022,5.5862840970822475e-08,0.9999991484318687,0.08331225891996276
7777,25,B_raw_ce_W,44,0.16099012600034257,2.0,0.75,1.0,1.0,1.0,1.0,1.0,1.0,143,0,0,13,156,13,8.33,0.27636127812855393,1.5072381665597362e-07,0.999999736784511,0.08332875867533704
7777,25,C_raw_focal_noW,44,0.11265017300002,2.0,0.75,1.0,1.0,1.0,1.0,1.0,0.9999999999999998,143,0,0,13,156,13,8.33,0.26522807881032745,0.0031069048811503473,0.994921322223002,0.08789047776061282
7777,25,D_raw_focal_W,44,0.13870433800002502,2.0,0.75,1.0,1.0,1.0,1.0,1.0,0.9999999999999998,143,0,0,13,156,13,8.33,0.26522807881032745,0.0031069048811503473,0.994921322223002,0.08789047776061282
7777,25,E_all_ce_noW,47,0.1609471530000519,2.0,0.75,0.9935897435897436,1.0,0.9230769230769231,0.9782578397212544,1.0,1.0,143,0,1,12,156,13,8.33,0.26660668086871836,5.1374231830769754e-08,0.9999995742117699,0.07833137539177118
7777,25,F_all_ce_W,47,0.17481251400022302,2.0,0.75,0.9935897435897436,1.0,0.9230769230769231,0.9782578397212544,1.0,0.9999999999999998,143,0,1,12,156,13,8.33,0.26710262127950934,1.3861113422360958e-07,0.9999997814510426,0.07901627498977763
7777,25,G_all_focal_noW,47,0.12894880200019543,2.0,0.75,0.9935897435897436,1.0,0.9230769230769231,0.9782578397212544,0.9999999999999999,0.9999999999999998,143,0,1,12,156,13,8.33,0.25879093344383836,0.0032998191718955554,0.993429832339904,0.08627828444459908
7777,25,H_all_focal_W,47,0.13049045399975512,2.0,0.75,0.9935897435897436,1.0,0.9230769230769231,0.9782578397212544,0.9999999999999999,0.9999999999999998,143,0,1,12,156,13,8.33,0.25879093344383836,0.0032998191718955554,0.993429832339904,0.08627828444459908
7777,25,LEGACY_A,44,0.1495472790002168,2.0,0.75,1.0,1.0,1.0,1.0,1.0,0.9999999999999998,143,0,0,13,156,13,8.33,0.2763725747856202,4.7940046255091145e-08,0.9999995763039206,0.08333139411930164
9999,1,A_raw_ce_noW,44,0.1378967180003201,2.0,0.75,0.9617834394904459,1.0,0.5714285714285714,0.8533623910336239,1.0,0.9999999999999998,143,0,6,8,157,14,8.92,0.22200255240608324,9.039035900549674e-08,0.9999987706788884,0.055244185020400724
9999,1,B_raw_ce_W,44,0.14649054000028627,2.0,0.75,0.9681528662420382,1.0,0.6428571428571429,0.8827132825339907,1.0,0.9999999999999998,143,0,5,9,157,14,8.92,0.22602051701867173,2.0270527324841975e-07,0.9999997600824215,0.05763360359474579
9999,1,C_raw_focal_noW,44,0.10459817800028759,2.0,0.75,0.9681528662420382,1.0,0.6428571428571429,0.8827132825339907,1.0,0.9999999999999999,143,0,5,9,157,14,8.92,0.2210962186392881,0.00526145308199732,0.9923823432243944,0.07015584797161087
9999,1,D_raw_focal_W,44,0.1055682030000753,2.0,0.75,0.9681528662420382,1.0,0.6428571428571429,0.8827132825339907,1.0,0.9999999999999999,143,0,5,9,157,14,8.92,0.2210962186392881,0.00526145308199732,0.9923823432243944,0.07015584797161087
9999,1,E_all_ce_noW,47,0.14862419299970497,2.0,0.75,0.9681528662420382,1.0,0.6428571428571429,0.8827132825339907,1.0,0.9999999999999998,143,0,5,9,157,14,8.92,0.2236466115547024,1.2677770726761725e-07,0.9999985551567415,0.0564993308342046
9999,1,F_all_ce_W,47,0.183916059999774,2.0,0.75,0.9808917197452229,1.0,0.7857142857142857,0.9348096885813149,1.0,0.9999999999999998,143,0,3,11,157,14,8.92,0.24684753064318832,2.2956031912293097e-07,0.9999997078069865,0.06925668045747854
9999,1,G_all_focal_noW,47,0.10980583699983981,2.0,0.75,0.9745222929936306,1.0,0.7142857142857143,0.9097701149425288,1.0,0.9999999999999999,143,0,4,10,157,14,8.92,0.22262671238069576,0.00586204732545953,0.9919457699841078,0.07371101632343229
9999,1,H_all_focal_W,47,0.10518289000037839,2.0,0.75,0.9745222929936306,1.0,0.7142857142857143,0.9097701149425288,1.0,0.9999999999999999,143,0,4,10,157,14,8.92,0.22262671238069576,0.00586204732545953,0.9919457699841078,0.07371101632343229
9999,1,LEGACY_A,44,0.14831921599989073,2.0,0.75,0.9681528662420382,1.0,0.6428571428571429,0.8827132825339907,0.9990009990009989,0.9910714285714285,143,0,5,9,157,14,8.92,0.2293361492862427,5.178879972332877e-08,0.9999994935009967,0.05874004592455366
9999,2,A_raw_ce_noW,44,0.14249381099989478,2.0,0.75,0.9936305732484076,1.0,0.9285714285714286,0.9797393212027359,1.0,1.0,143,0,1,13,157,14,8.92,0.27401303000552035,5.7391823466735895e-08,0.9999991757718779,0.08243591013569926
9999,2,B_raw_ce_W,44,0.180716534000112,2.0,0.75,0.9936305732484076,1.0,0.9285714285714286,0.9797393212027359,1.0,1.0,143,0,1,13,157,14,8.92,0.2755598875454132,1.357444881665441e-07,0.9999998026306011,0.08412946738107928
9999,2,C_raw_focal_noW,44,0.11211799300008352,2.0,0.75,0.9936305732484076,1.0,0.9285714285714286,0.9797393212027359,1.0,1.0,143,0,1,13,157,14,8.92,0.26298268902438154,0.0035792599259600057,0.9946714618602877,0.09074427813388347
9999,2,D_raw_focal_W,44,0.11474588300006872,2.0,0.75,0.9936305732484076,1.0,0.9285714285714286,0.9797393212027359,1.0,1.0,143,0,1,13,157,14,8.92,0.26298268902438154,0.0035792599259600057,0.9946714618602877,0.09074427813388347
9999,2,E_all_ce_noW,47,0.16024284900004204,2.0,0.75,0.9872611464968153,0.9285714285714286,0.9285714285714286,0.9607892107892109,0.9995004995004995,0.9952380952380953,142,1,1,13,157,14,8.92,0.2808393899155421,5.392765490168462e-08,0.9999990177820803,0.08801227595314448
9999,2,F_all_ce_W,47,0.17995195999992575,2.0,0.75,0.9872611464968153,0.9285714285714286,0.9285714285714286,0.9607892107892109,0.9995004995004995,0.9952380952380953,142,1,1,13,157,14,8.92,0.27812468643563704,1.7438931856558574e-07,0.9999996834283157,0.08736992688171957
9999,2,G_all_focal_noW,47,0.11348700600001393,2.0,0.75,0.9872611464968153,0.9285714285714286,0.9285714285714286,0.9607892107892109,0.9995004995004995,0.995238095238095,142,1,1,13,157,14,8.92,0.2701414532400135,0.004099556571037293,0.9946941903619438,0.0961732019895637
9999,2,H_all_focal_W,47,0.12604613100029383,2.0,0.75,0.9872611464968153,0.9285714285714286,0.9285714285714286,0.9607892107892109,0.9995004995004995,0.995238095238095,142,1,1,13,157,14,8.92,0.2701414532400135,0.004099556571037293,0.9946941903619438,0.0961732019895637
9999,2,LEGACY_A,44,0.1610828979996768,2.0,0.75,0.9936305732484076,1.0,0.9285714285714286,0.9797393212027359,1.0,1.0,143,0,1,13,157,14,8.92,0.27550097793230727,5.236566121142632e-08,0.9999995886538047,0.08312282590579222
9999,3,A_raw_ce_noW,44,0.1479734819999976,2.0,0.75,1.0,1.0,1.0,1.0,1.0,0.9999999999999999,143,0,0,14,157,14,8.92,0.28495310601367413,5.150586654875442e-08,0.9999992881825712,0.08925465529740491
9999,3,B_raw_ce_W,44,0.16555465500005084,2.0,0.75,1.0,1.0,1.0,1.0,1.0,0.9999999999999998,143,0,0,14,157,14,8.92,0.2848990106656466,1.481144768623184e-07,0.9999997548609364,0.0895167711454965
9999,3,C_raw_focal_noW,44,0.11754620000010618,2.0,0.75,1.0,1.0,1.0,1.0,1.0,0.9999999999999999,143,0,0,14,157,14,8.92,0.2781620638731074,0.0031325581163470207,0.9952181814279023,0.1014428879185698
9999,3,D_raw_focal_W,44,0.13060118199973658,2.0,0.75,1.0,1.0,1.0,1.0,1.0,0.9999999999999999,143,0,0,14,157,14,8.92,0.2781620638731074,0.0031325581163470207,0.9952181814279023,0.1014428879185698
9999,3,E_all_ce_noW,47,0.1669711230001667,2.0,0.75,1.0,1.0,1.0,1.0,1.0,0.9999999999999999,143,0,0,14,157,14,8.92,0.2847413204562323,5.5235149978638014e-08,0.9999992003252678,0.08933050507846671
9999,3,F_all_ce_W,47,0.18207573800009413,2.0,0.75,1.0,1.0,1.0,1.0,1.0,0.9999999999999998,143,0,0,14,157,14,8.92,0.2848283082029648,1.5517036441907278e-07,0.9999996916388856,0.0895130269877647
9999,3,G_all_focal_noW,47,0.12483000400015953,2.0,0.75,1.0,1.0,1.0,1.0,1.0,0.9999999999999999,143,0,0,14,157,14,8.92,0.2774676600676131,0.0035729501208386096,0.9951320891091375,0.10191049226803464
9999,3,H_all_focal_W,47,0.12305113100001108,2.0,0.75,1.0,1.0,1.0,1.0,1.0,0.9999999999999999,143,0,0,14,157,14,8.92,0.2774676600676131,0.0035729501208386096,0.9951320891091375,0.10191049226803464
9999,3,LEGACY_A,44,0.14883836499984682,2.0,0.75,1.0,1.0,1.0,1.0,1.0,0.9999999999999998,143,0,0,14,157,14,8.92,0.28491452078865004,4.582167387043958e-08,0.9999996126049593,0.08940148870485645
9999,4,A_raw_ce_noW,44,0.14109331700001349,2.0,0.75,0.9745222929936306,0.8571428571428571,0.8571428571428571,0.9215784215784215,0.9975024975024975,0.9778711484593836,141,2,2,12,157,14,8.92,0.27370073129414935,5.818708013263816e-08,0.9999993861780785,0.08769241667748347
9999,4,B_raw_ce_W,44,0.15639033600018593,2.0,0.75,0.9808917197452229,0.8666666666666667,0.9285714285714286,0.9430127041742287,0.999000999000999,0.9910714285714285,141,2,1,13,157,14,8.92,0.28135568152308965,1.4495911115567878e-07,0.9999997998599627,0.0945217782079296
9999,4,C_raw_focal_noW,44,0.1166362490002939,2.0,0.75,0.9745222929936306,0.8571428571428571,0.8571428571428571,0.9215784215784215,0.9965034965034965,0.9707341269841269,141,2,2,12,157,14,8.92,0.2665088226987864,0.002518495827825798,0.9959720268667405,0.09995397537353862
9999,4,D_raw_focal_W,44,0.11879136900006415,2.0,0.75,0.9745222929936306,0.8571428571428571,0.8571428571428571,0.9215784215784215,0.9965034965034965,0.9707341269841269,141,2,2,12,157,14,8.92,0.2665088226987864,0.002518495827825798,0.9959720268667405,0.09995397537353862
9999,4,E_all_ce_noW,47,0.1642337459998089,2.0,0.75,0.9872611464968153,1.0,0.8571428571428571,0.9580662393162394,0.9945054945054945,0.9625258799171842,143,0,2,12,157,14,8.92,0.2658039135680891,4.956579351825854e-08,0.9999996432748806,0.08012524760746302
9999,4,F_all_ce_W,47,0.19239957499985394,2.0,0.75,0.9872611464968153,1.0,0.8571428571428571,0.9580662393162394,0.995004995004995,0.9702380952380951,143,0,2,12,157,14,8.92,0.2668828764648913,1.5382204638937257e-07,0.9999998419231285,0.08237813679216571
9999,4,G_all_focal_noW,47,0.11950833900027646,2.0,0.75,0.9808917197452229,0.9230769230769231,0.8571428571428571,0.9392179636082074,0.996003996003996,0.9690476190476189,142,1,2,12,157,14,8.92,0.2631260254527713,0.003995617262022633,0.9951800380903411,0.09694191467343986
9999,4,H_all_focal_W,47,0.11578871799974877,2.0,0.75,0.9808917197452229,0.9230769230769231,0.8571428571428571,0.9392179636082074,0.996003996003996,0.9690476190476189,142,1,2,12,157,14,8.92,0.2631260254527713,0.003995617262022633,0.9951800380903411,0.09694191467343986
9999,4,LEGACY_A,44,0.1408321710000564,2.0,0.75,0.9936305732484076,1.0,0.9285714285714286,0.9797393212027359,0.9985014985014985,0.9873949579831931,143,0,1,13,157,14,8.92,0.27562701829322556,4.6224935334270946e-08,0.9999995927156262,0.08987056006446074
9999,5,A_raw_ce_noW,44,0.14596746200004418,2.0,0.75,0.9935897435897436,1.0,0.9230769230769231,0.9782578397212544,0.9994620763851532,0.9945054945054945,143,0,1,12,156,13,8.33,0.2663694667553217,6.410923965386845e-08,0.9999993253023212,0.0776138611930589
9999,5,B_raw_ce_W,44,0.18406864999997197,2.0,0.75,0.9871794871794872,0.9230769230769231,0.9230769230769231,0.9580419580419581,0.9994620763851534,0.9945054945054945,142,1,1,12,156,13,8.33,0.2702148240935429,1.69291521120657e-07,0.9999998227849655,0.08114908170664704
9999,5,C_raw_focal_noW,44,0.11307494999982737,2.0,0.75,0.9935897435897436,1.0,0.9230769230769231,0.9782578397212544,0.9994620763851534,0.9945054945054943,143,0,1,12,156,13,8.33,0.26032113571850957,0.003778824129042159,0.9950067171036441,0.08924903916130343
9999,5,D_raw_focal_W,44,0.11249048599984235,2.0,0.75,0.9935897435897436,1.0,0.9230769230769231,0.9782578397212544,0.9994620763851534,0.9945054945054943,143,0,1,12,156,13,8.33,0.26032113571850957,0.003778824129042159,0.9950067171036441,0.08924903916130343
9999,5,E_all_ce_noW,47,0.1600350180001442,2.0,0.75,0.9935897435897436,1.0,0.9230769230769231,0.9782578397212544,0.9994620763851533,0.9945054945054945,143,0,1,12,156,13,8.33,0.2663356946250727,5.435543510143822e-08,0.9999993263916455,0.07804931126166799
9999,5,F_all_ce_W,47,0.173788297000101,2.0,0.75,0.9935897435897436,1.0,0.9230769230769231,0.9782578397212544,0.9994620763851533,0.9945054945054945,143,0,1,12,156,13,8.33,0.2666280994993575,1.6304054262808948e-07,0.9999997715589606,0.07866458780781951
9999,5,G_all_focal_noW,47,0.138927483000316,2.0,0.75,0.9935897435897436,1.0,0.9230769230769231,0.9782578397212544,0.9994620763851533,0.9945054945054943,143,0,1,12,156,13,8.33,0.25998917826667706,0.003440395510599378,0.9953507933129913,0.08887728470064823
9999,5,H_all_focal_W,47,0.20610948000012286,2.0,0.75,0.9935897435897436,1.0,0.9230769230769231,0.9782578397212544,0.9994620763851533,0.9945054945054943,143,0,1,12,156,13,8.33,0.25998917826667706,0.003440395510599378,0.9953507933129913,0.08887728470064823
9999,5,LEGACY_A,44,0.23482907100014927,2.0,0.75,0.9935897435897436,1.0,0.9230769230769231,0.9782578397212544,1.0,1.0,143,0,1,12,156,13,8.33,0.2663860079488571,5.141287423958112e-08,0.9999996289696773,0.07727159503721619
9999,6,A_raw_ce_noW,44,0.22266774400031863,2.0,0.75,1.0,1.0,1.0,1.0,1.0,1.0,143,0,0,14,157,14,8.92,0.28496495112660797,5.419776913645781e-08,0.9999990771852862,0.08923160508065055
9999,6,B_raw_ce_W,44,0.24553318700009186,2.0,0.75,1.0,1.0,1.0,1.0,1.0,0.9999999999999999,143,0,0,14,157,14,8.92,0.284914129455762,1.6040722673465273e-07,0.9999997429255686,0.08944384299724085
9999,6,C_raw_focal_noW,44,0.17476474300019618,2.0,0.75,1.0,1.0,1.0,1.0,1.0,1.0,143,0,0,14,157,14,8.92,0.278375215399002,0.002914289895490947,0.9953578072648912,0.10087053720173347
9999,6,D_raw_focal_W,44,0.2170024420001937,2.0,0.75,1.0,1.0,1.0,1.0,1.0,1.0,143,0,0,14,157,14,8.92,0.278375215399002,0.002914289895490947,0.9953578072648912,0.10087053720173347
9999,6,E_all_ce_noW,47,0.26236057999994955,2.0,0.75,1.0,1.0,1.0,1.0,1.0,1.0,143,0,0,14,157,14,8.92,0.2848612299703766,6.02788988691326e-08,0.9999988167940543,0.09035852993167826
9999,6,F_all_ce_W,47,0.27613144000042666,2.0,0.75,0.9936305732484076,0.9333333333333333,1.0,0.981004234724743,1.0,0.9999999999999999,142,1,0,14,157,14,8.92,0.2888208137052544,1.5609401614338436e-07,0.9999997571025193,0.09475127858891431
9999,6,G_all_focal_noW,47,0.2003885789999913,2.0,0.75,1.0,1.0,1.0,1.0,1.0,1.0,143,0,0,14,157,14,8.92,0.2797590468706668,0.004019289752907202,0.9935528089133604,0.10418122703895741
9999,6,H_all_focal_W,47,0.19231637400025647,2.0,0.75,1.0,1.0,1.0,1.0,1.0,1.0,143,0,0,14,157,14,8.92,0.2797590468706668,0.004019289752907202,0.9935528089133604,0.10418122703895741
9999,6,LEGACY_A,44,0.24100225299980593,2.0,0.75,1.0,1.0,1.0,1.0,1.0,0.9999999999999999,143,0,0,14,157,14,8.92,0.2849400650372382,4.691157654670703e-08,0.9999995747509304,0.08935027446086131
9999,7,A_raw_ce_noW,44,0.23439627200014002,2.0,0.75,0.9872611464968153,1.0,0.8571428571428571,0.9580662393162394,1.0,0.9999999999999999,143,0,2,12,157,14,8.92,0.2633269955055448,8.783364550815925e-08,0.9999982361984018,0.07627880657992271
9999,7,B_raw_ce_W,44,0.23600385200006713,2.0,0.75,0.9872611464968153,1.0,0.8571428571428571,0.9580662393162394,1.0,0.9999999999999999,143,0,2,12,157,14,8.92,0.2636716765501648,2.200785112530365e-07,0.9999996616322188,0.07758275198830226
9999,7,C_raw_focal_noW,44,0.18419490900032542,2.0,0.75,0.9872611464968153,1.0,0.8571428571428571,0.9580662393162394,1.0,1.0,143,0,2,12,157,14,8.92,0.24410080035152992,0.0035033725286078943,0.9906736205769148,0.08262738736990702
9999,7,D_raw_focal_W,44,0.18977679299996453,2.0,0.75,0.9872611464968153,1.0,0.8571428571428571,0.9580662393162394,1.0,1.0,143,0,2,12,157,14,8.92,0.24410080035152992,0.0035033725286078943,0.9906736205769148,0.08262738736990702
9999,7,E_all_ce_noW,47,0.25018327099996895,2.0,0.75,0.9872611464968153,1.0,0.8571428571428571,0.9580662393162394,1.0,1.0,143,0,2,12,157,14,8.92,0.26067562768977043,8.924663181758335e-08,0.9999986292387344,0.07721082716126614
9999,7,F_all_ce_W,47,0.16567614099994898,2.0,0.75,0.9872611464968153,1.0,0.8571428571428571,0.9580662393162394,1.0,0.9999999999999999,143,0,2,12,157,14,8.92,0.26502347301638574,2.3745493281819867e-07,0.9999996911729981,0.07745536761484183
9999,7,G_all_focal_noW,47,0.12074266900026487,2.0,0.75,0.9936305732484076,1.0,0.9285714285714286,0.9797393212027359,1.0,0.9999999999999999,143,0,1,13,157,14,8.92,0.2469167529558279,0.004126687069208755,0.9919170357821647,0.08569205924209522
9999,7,H_all_focal_W,47,0.12238651999996364,2.0,0.75,0.9936305732484076,1.0,0.9285714285714286,0.9797393212027359,1.0,0.9999999999999999,143,0,1,13,157,14,8.92,0.2469167529558279,0.004126687069208755,0.9919170357821647,0.08569205924209522
9999,7,LEGACY_A,44,0.1382689179999943,2.0,0.75,0.9936305732484076,1.0,0.9285714285714286,0.9797393212027359,1.0,0.9999999999999999,143,0,1,13,157,14,8.92,0.26726614165415874,6.539814425394579e-08,0.9999995218051847,0.07968399471238641
9999,8,A_raw_ce_noW,44,0.16168961200037302,2.0,0.75,1.0,1.0,1.0,1.0,1.0,0.9999999999999999,143,0,0,14,157,14,8.92,0.28496898709479335,4.637582655613755e-08,0.9999991684890972,0.08917462155971514
9999,8,B_raw_ce_W,44,0.15693247999979576,2.0,0.75,1.0,1.0,1.0,1.0,1.0,0.9999999999999999,143,0,0,14,157,14,8.92,0.28497950799009,1.2905152320695442e-07,0.9999997871375497,0.08919003961621241
9999,8,C_raw_focal_noW,44,0.11221566600033839,2.0,0.75,1.0,1.0,1.0,1.0,1.0,0.9999999999999999,143,0,0,14,157,14,8.92,0.27609642834550113,0.002623145121830902,0.9949533434207898,0.09667624605741183
9999,8,D_raw_focal_W,44,0.11683622400005333,2.0,0.75,1.0,1.0,1.0,1.0,1.0,0.9999999999999999,143,0,0,14,157,14,8.92,0.27609642834550113,0.002623145121830902,0.9949533434207898,0.09667624605741183
9999,8,E_all_ce_noW,47,0.158088422000219,2.0,0.75,0.9936305732484076,1.0,0.9285714285714286,0.9797393212027359,1.0,1.0,143,0,1,13,157,14,8.92,0.27662507992123453,4.105348593266314e-08,0.9999993837110451,0.08551411311764907
9999,8,F_all_ce_W,47,0.17329952299996876,2.0,0.75,1.0,1.0,1.0,1.0,1.0,0.9999999999999999,143,0,0,14,157,14,8.92,0.28141556597978423,1.2887032726582285e-07,0.9999996860006417,0.08838629459995823
9999,8,G_all_focal_noW,47,0.12115478499981691,2.0,0.75,0.9936305732484076,1.0,0.9285714285714286,0.9797393212027359,1.0,1.0,143,0,1,13,157,14,8.92,0.26826416116762736,0.0037512690439975333,0.9955283335130675,0.09577626672553505
9999,8,H_all_focal_W,47,0.13309525199974814,2.0,0.75,0.9936305732484076,1.0,0.9285714285714286,0.9797393212027359,1.0,1.0,143,0,1,13,157,14,8.92,0.26826416116762736,0.0037512690439975333,0.9955283335130675,0.09577626672553505
9999,8,LEGACY_A,44,0.15265607299988915,2.0,0.75,1.0,1.0,1.0,1.0,1.0,0.9999999999999999,143,0,0,14,157,14,8.92,0.28498338088497754,4.2775952182691166e-08,0.9999996431868535,0.08918948976532481
9999,9,A_raw_ce_noW,44,0.1380088800001431,2.0,0.75,1.0,1.0,1.0,1.0,1.0,0.9999999999999999,143,0,0,14,157,14,8.92,0.284498043643459,5.2669768012239004e-08,0.9999991390494247,0.09170340243046309
9999,9,B_raw_ce_W,44,0.15147224000020287,2.0,0.75,1.0,1.0,1.0,1.0,1.0,0.9999999999999999,143,0,0,14,157,14,8.92,0.2856573068686553,1.5595884537778934e-07,0.9999997437239945,0.09270503007939099
9999,9,C_raw_focal_noW,44,0.11693394800022361,2.0,0.75,0.9936305732484076,0.9333333333333333,1.0,0.981004234724743,0.9995004995004996,0.9952380952380951,142,1,0,14,157,14,8.92,0.2699669917593189,0.0038246642117033556,0.9908542606806104,0.10174626658350243
9999,9,D_raw_focal_W,44,0.12665523399982703,2.0,0.75,0.9936305732484076,0.9333333333333333,1.0,0.981004234724743,0.9995004995004996,0.9952380952380951,142,1,0,14,157,14,8.92,0.2699669917593189,0.0038246642117033556,0.9908542606806104,0.10174626658350243
9999,9,E_all_ce_noW,47,0.16220767499999056,2.0,0.75,1.0,1.0,1.0,1.0,1.0,0.9999999999999999,143,0,0,14,157,14,8.92,0.2841968270509119,4.8050629192467394e-08,0.9999991011633701,0.08902718687175393
9999,9,F_all_ce_W,47,0.17261616999985563,2.0,0.75,1.0,1.0,1.0,1.0,1.0,1.0,143,0,0,14,157,14,8.92,0.28487815740497996,1.579497820233041e-07,0.9999997559462421,0.08920949624669727
9999,9,G_all_focal_noW,47,0.11950131300000066,2.0,0.75,1.0,1.0,1.0,1.0,1.0,1.0,143,0,0,14,157,14,8.92,0.2710384966753602,0.0037830473393848894,0.9915262899377516,0.09896859823548786
9999,9,H_all_focal_W,47,0.11811976899980436,2.0,0.75,1.0,1.0,1.0,1.0,1.0,1.0,143,0,0,14,157,14,8.92,0.2710384966753602,0.0037830473393848894,0.9915262899377516,0.09896859823548786
9999,9,LEGACY_A,44,0.14179383999999118,2.0,0.75,0.9936305732484076,0.9333333333333333,1.0,0.981004234724743,1.0,0.9999999999999999,142,1,0,14,157,14,8.92,0.28571784158903574,4.782928338218938e-08,0.9999996074815674,0.09300621931155954
9999,10,A_raw_ce_noW,44,0.1366944510000394,2.0,0.75,0.9743589743589743,0.8461538461538461,0.8461538461538461,0.916083916083916,0.9946207638515331,0.9556776556776556,141,2,2,11,156,13,8.33,0.2725324541306286,9.32283495470791e-08,0.9999988827401726,0.08211230432304752
9999,10,B_raw_ce_W,44,0.16669579700010217,2.0,0.75,0.9743589743589743,0.8461538461538461,0.8461538461538461,0.916083916083916,0.9919311457772996,0.9476923076923076,141,2,2,11,156,13,8.33,0.2753020404068391,1.2422435908495266e-07,0.9999997173019557,0.08309346505643818
9999,10,C_raw_focal_noW,44,0.10865763499987224,2.0,0.75,0.9743589743589743,0.8461538461538461,0.8461538461538461,0.916083916083916,0.9924690693921463,0.9473443223443223,141,2,2,11,156,13,8.33,0.2552077417520556,0.006420061237285858,0.9920728730882223,0.09014945643348217
9999,10,D_raw_focal_W,44,0.09990479699990829,2.0,0.75,0.9743589743589743,0.8461538461538461,0.8461538461538461,0.916083916083916,0.9924690693921463,0.9473443223443223,141,2,2,11,156,13,8.33,0.2552077417520556,0.006420061237285858,0.9920728730882223,0.09014945643348217
9999,10,E_all_ce_noW,47,0.15365265799982808,2.0,0.75,0.9743589743589743,0.8461538461538461,0.8461538461538461,0.916083916083916,0.9946207638515331,0.9539136302294193,141,2,2,11,156,13,8.33,0.2684193745321204,8.099628143574222e-08,0.9999991216229701,0.08027880475469663
9999,10,F_all_ce_W,47,0.18602282400024706,2.0,0.75,0.9743589743589743,0.8461538461538461,0.8461538461538461,0.916083916083916,0.9946207638515331,0.9564777327935221,141,2,2,11,156,13,8.33,0.27440476688058923,1.3472048000287827e-07,0.9999997787204594,0.08278667268787941
9999,10,G_all_focal_noW,47,0.11387095100008082,2.0,0.75,0.9743589743589743,0.8461538461538461,0.8461538461538461,0.916083916083916,0.9935449166218397,0.951132201132201,141,2,2,11,156,13,8.33,0.25838243558221363,0.006272520543339858,0.9931231442283208,0.09219601177192842
9999,10,H_all_focal_W,47,0.10830851500031713,2.0,0.75,0.9743589743589743,0.8461538461538461,0.8461538461538461,0.916083916083916,0.9935449166218397,0.951132201132201,141,2,2,11,156,13,8.33,0.25838243558221363,0.006272520543339858,0.9931231442283208,0.09219601177192842
9999,10,LEGACY_A,44,0.14904221500000858,2.0,0.75,0.9743589743589743,0.8461538461538461,0.8461538461538461,0.916083916083916,0.993006993006993,0.9511705685618728,141,2,2,11,156,13,8.33,0.2760953751069455,7.199924454589306e-08,0.9999995410644246,0.08338251478076177
9999,11,A_raw_ce_noW,44,0.13899643300010212,2.0,0.75,1.0,1.0,1.0,1.0,1.0,0.9999999999999998,143,0,0,14,157,14,8.92,0.2848148797971523,6.284233922367056e-08,0.9999991425600632,0.09094504476911279
9999,11,B_raw_ce_W,44,0.15021641600014846,2.0,0.75,1.0,1.0,1.0,1.0,1.0,0.9999999999999998,143,0,0,14,157,14,8.92,0.2848008965873779,1.6194319865681099e-07,0.9999997684579168,0.0908247603881265
9999,11,C_raw_focal_noW,44,0.12341424499982168,2.0,0.75,0.9936305732484076,0.9333333333333333,1.0,0.981004234724743,1.0,0.9999999999999998,142,1,0,14,157,14,8.92,0.2763198847470742,0.0031138987811895028,0.9938698327655224,0.09933713951268984
9999,11,D_raw_focal_W,44,0.11509673399996245,2.0,0.75,0.9936305732484076,0.9333333333333333,1.0,0.981004234724743,1.0,0.9999999999999998,142,1,0,14,157,14,8.92,0.2763198847470742,0.0031138987811895028,0.9938698327655224,0.09933713951268984
9999,11,E_all_ce_noW,47,0.1509342959998321,2.0,0.75,1.0,1.0,1.0,1.0,1.0,0.9999999999999998,143,0,0,14,157,14,8.92,0.2827299889098261,8.011294370052277e-08,0.999999304285873,0.08994927655946892
9999,11,F_all_ce_W,47,0.1682131589996061,2.0,0.75,1.0,1.0,1.0,1.0,1.0,0.9999999999999998,143,0,0,14,157,14,8.92,0.2848612241264738,1.8497220112484002e-07,0.9999997841970963,0.09184662073789943
9999,11,G_all_focal_noW,47,0.11726320300022053,2.0,0.75,0.9872611464968153,0.9285714285714286,0.9285714285714286,0.9607892107892109,0.9995004995004995,0.9952380952380953,142,1,1,13,157,14,8.92,0.27379526523480163,0.0037715566945284136,0.9943287977292442,0.09902101588882857
9999,11,H_all_focal_W,47,0.12136262900003203,2.0,0.75,0.9872611464968153,0.9285714285714286,0.9285714285714286,0.9607892107892109,0.9995004995004995,0.9952380952380953,142,1,1,13,157,14,8.92,0.27379526523480163,0.0037715566945284136,0.9943287977292442,0.09902101588882857
9999,11,LEGACY_A,44,0.15815522399998372,2.0,0.75,0.9936305732484076,0.9333333333333333,1.0,0.981004234724743,1.0,0.9999999999999998,142,1,0,14,157,14,8.92,0.2875730559848821,5.090560306256862e-08,0.9999995432001644,0.09313527158415619
9999,12,A_raw_ce_noW,44,0.14275051600043298,2.0,0.75,0.9808917197452229,1.0,0.7857142857142857,0.9348096885813149,0.9415584415584416,0.8617300599707807,143,0,3,11,157,14,8.92,0.2466107906073707,9.201388207850955e-08,0.9999957742416633,0.06700189592985141
9999,12,B_raw_ce_W,44,0.13932963700017353,2.0,0.75,0.9808917197452229,1.0,0.7857142857142857,0.9348096885813149,0.9535464535464536,0.8515772179230789,143,0,3,11,157,14,8.92,0.2535936348315054,1.9362436127782678e-07,0.9999995009524566,0.06962810439079678
9999,12,C_raw_focal_noW,44,0.09491487100012819,2.0,0.75,0.9745222929936306,1.0,0.7142857142857143,0.9097701149425288,0.8736263736263735,0.8475052110975224,143,0,4,10,157,14,8.92,0.2306604098333109,0.006799347269887299,0.985867081614568,0.07362654682629376
9999,12,D_raw_focal_W,44,0.09998677999965366,2.0,0.75,0.9745222929936306,1.0,0.7142857142857143,0.9097701149425288,0.8736263736263735,0.8475052110975224,143,0,4,10,157,14,8.92,0.2306604098333109,0.006799347269887299,0.985867081614568,0.07362654682629376
9999,12,E_all_ce_noW,47,0.1365967910001018,2.0,0.75,0.9745222929936306,1.0,0.7142857142857143,0.9097701149425288,0.9655344655344655,0.8727094611429476,143,0,4,10,157,14,8.92,0.24368530302928013,9.791281495406668e-08,0.999997598719114,0.0646484894258439
9999,12,F_all_ce_W,47,0.17116895799972554,2.0,0.75,0.9808917197452229,1.0,0.7857142857142857,0.9348096885813149,0.9805194805194805,0.8937229437229437,143,0,3,11,157,14,8.92,0.2478155189113883,1.8682979049485247e-07,0.9999995079087983,0.06757884458969739
9999,12,G_all_focal_noW,47,0.09944430200039278,2.0,0.75,0.9745222929936306,1.0,0.7142857142857143,0.9097701149425288,0.974025974025974,0.8815331010452961,143,0,4,10,157,14,8.92,0.23266847982369931,0.007053054843750416,0.9892687704252723,0.07285417256103621
9999,12,H_all_focal_W,47,0.10235882100005256,2.0,0.75,0.9745222929936306,1.0,0.7142857142857143,0.9097701149425288,0.974025974025974,0.8815331010452961,143,0,4,10,157,14,8.92,0.23266847982369931,0.007053054843750416,0.9892687704252723,0.07285417256103621
9999,12,LEGACY_A,44,0.13107144399964454,2.0,0.75,0.9808917197452229,1.0,0.7857142857142857,0.9348096885813149,0.9560439560439561,0.8556122448979592,143,0,3,11,157,14,8.92,0.25429772488179947,5.107725791895907e-08,0.999999542955033,0.06985272510982192
9999,13,A_raw_ce_noW,44,0.13903199800006405,2.0,0.75,0.9872611464968153,1.0,0.8571428571428571,0.9580662393162394,0.9995004995004995,0.9952380952380953,143,0,2,12,157,14,8.92,0.2655341908778654,7.203679836166546e-08,0.9999990259245815,0.07701072566493002
9999,13,B_raw_ce_W,44,0.16842265199966278,2.0,0.75,0.9872611464968153,1.0,0.8571428571428571,0.9580662393162394,0.999000999000999,0.9901360544217687,143,0,2,12,157,14,8.92,0.26546139500266014,1.4656596243820782e-07,0.9999997652250108,0.07754015852642952
9999,13,C_raw_focal_noW,44,0.11163374299985662,2.0,0.75,0.9872611464968153,1.0,0.8571428571428571,0.9580662393162394,0.9985014985014985,0.985969387755102,143,0,2,12,157,14,8.92,0.2576134499592638,0.004007223972484953,0.9944182620497913,0.09177281791118609
9999,13,D_raw_focal_W,44,0.11419349900006637,2.0,0.75,0.9872611464968153,1.0,0.8571428571428571,0.9580662393162394,0.9985014985014985,0.985969387755102,143,0,2,12,157,14,8.92,0.2576134499592638,0.004007223972484953,0.9944182620497913,0.09177281791118609
9999,13,E_all_ce_noW,47,0.1565510160003214,2.0,0.75,0.9872611464968153,1.0,0.8571428571428571,0.9580662393162394,1.0,0.9999999999999999,143,0,2,12,157,14,8.92,0.26598979876564516,5.5713306657556636e-08,0.9999991734609371,0.07856524095741767
9999,13,F_all_ce_W,47,0.16991647900022144,2.0,0.75,0.9872611464968153,1.0,0.8571428571428571,0.9580662393162394,1.0,0.9999999999999999,143,0,2,12,157,14,8.92,0.26584705003745296,1.9166145728456705e-07,0.9999997945727939,0.07856597760847371
9999,13,G_all_focal_noW,47,0.1965662809998321,2.0,0.75,0.9872611464968153,1.0,0.8571428571428571,0.9580662393162394,0.9995004995004995,0.9952380952380953,143,0,2,12,157,14,8.92,0.25835885794995017,0.0034126208158270265,0.9947070026510666,0.09193683704383318
9999,13,H_all_focal_W,47,0.20305556699986482,2.0,0.75,0.9872611464968153,1.0,0.8571428571428571,0.9580662393162394,0.9995004995004995,0.9952380952380953,143,0,2,12,157,14,8.92,0.25835885794995017,0.0034126208158270265,0.9947070026510666,0.09193683704383318
9999,13,LEGACY_A,44,0.2219476720001694,2.0,0.75,0.9872611464968153,1.0,0.8571428571428571,0.9580662393162394,1.0,1.0,143,0,2,12,157,14,8.92,0.2655185873340618,6.570175826757818e-08,0.9999996129175188,0.07741441270182647
9999,14,A_raw_ce_noW,44,0.23080452600015633,2.0,0.75,0.9745222929936306,0.8125,0.9285714285714286,0.9262910798122066,0.9970029970029971,0.9723766429648781,140,3,1,13,157,14,8.92,0.29901237840328254,6.132953060443204e-08,0.9999992849287747,0.10067665054176925
9999,14,B_raw_ce_W,44,0.2715125919999082,2.0,0.75,0.9745222929936306,0.8125,0.9285714285714286,0.9262910798122066,0.997002997002997,0.9723766429648781,140,3,1,13,157,14,8.92,0.2996496482645103,1.5512661814298334e-07,0.9999997819656594,0.10108460392334478
9999,14,C_raw_focal_noW,44,0.17372605199989266,2.0,0.75,0.9808917197452229,0.8666666666666667,0.9285714285714286,0.9430127041742287,0.996003996003996,0.9617146858743496,141,2,1,13,157,14,8.92,0.2812861834403045,0.004595708314759966,0.9949584426574697,0.10607508496660817
9999,14,D_raw_focal_W,44,0.16683920300010868,2.0,0.75,0.9808917197452229,0.8666666666666667,0.9285714285714286,0.9430127041742287,0.996003996003996,0.9617146858743496,141,2,1,13,157,14,8.92,0.2812861834403045,0.004595708314759966,0.9949584426574697,0.10607508496660817
9999,14,E_all_ce_noW,47,0.25816505900002085,2.0,0.75,0.9745222929936306,0.8125,0.9285714285714286,0.9262910798122066,0.9955044955044956,0.9560617078999432,140,3,1,13,157,14,8.92,0.300770914641214,6.846100549829229e-08,0.9999992887133761,0.10140207450419193
9999,14,F_all_ce_W,47,0.28075762699972984,2.0,0.75,0.9745222929936306,0.8125,0.9285714285714286,0.9262910798122066,0.9965034965034965,0.9685075953458305,140,3,1,13,157,14,8.92,0.3022084751309604,1.5777730603466905e-07,0.9999997808526814,0.10228458716037743
9999,14,G_all_focal_noW,47,0.18020190000015646,2.0,0.75,0.9745222929936306,0.8125,0.9285714285714286,0.9262910798122066,0.994005994005994,0.9362727666824304,140,3,1,13,157,14,8.92,0.2863225105519624,0.004436197383338326,0.9944883177960416,0.10909966091985947
9999,14,H_all_focal_W,47,0.17822819100001652,2.0,0.75,0.9745222929936306,0.8125,0.9285714285714286,0.9262910798122066,0.994005994005994,0.9362727666824304,140,3,1,13,157,14,8.92,0.2863225105519624,0.004436197383338326,0.9944883177960416,0.10909966091985947
9999,14,LEGACY_A,44,0.23466645400003472,2.0,0.75,0.9808917197452229,0.8666666666666667,0.9285714285714286,0.9430127041742287,0.9975024975024975,0.9778711484593836,141,2,1,13,157,14,8.92,0.29413775553801225,4.418085850480988e-08,0.9999996051744087,0.09874022305206516
9999,15,A_raw_ce_noW,44,0.22798865200002183,2.0,0.75,0.9935897435897436,1.0,0.9230769230769231,0.9782578397212544,1.0,1.0,143,0,1,12,156,13,8.33,0.26026864210171063,5.794513706717104e-08,0.9999991290610379,0.07674900798512899
9999,15,B_raw_ce_W,44,0.25968906000025527,2.0,0.75,1.0,1.0,1.0,1.0,1.0,1.0,143,0,0,13,156,13,8.33,0.2632941428506914,1.408861907113661e-07,0.9999997509666013,0.07858933056073208
9999,15,C_raw_focal_noW,44,0.19476351200000863,2.0,0.75,0.9871794871794872,1.0,0.8461538461538461,0.9548611111111112,1.0,0.9999999999999998,143,0,2,11,156,13,8.33,0.2505976486012057,0.003440548937794847,0.9940723856580903,0.08461565857147928
9999,15,D_raw_focal_W,44,0.18047415599994565,2.0,0.75,0.9871794871794872,1.0,0.8461538461538461,0.9548611111111112,1.0,0.9999999999999998,143,0,2,11,156,13,8.33,0.2505976486012057,0.003440548937794847,0.9940723856580903,0.08461565857147928
9999,15,E_all_ce_noW,47,0.17410752100022364,2.0,0.75,0.9935897435897436,1.0,0.9230769230769231,0.9782578397212544,1.0,1.0,143,0,1,12,156,13,8.33,0.26482204831440675,4.848381219525522e-08,0.9999986374435812,0.07806869127359176
9999,15,F_all_ce_W,47,0.1747247079997578,2.0,0.75,0.9935897435897436,1.0,0.9230769230769231,0.9782578397212544,1.0,1.0,143,0,1,12,156,13,8.33,0.2679683031199752,1.4397770700237944e-07,0.9999996325823726,0.07988623461500612
9999,15,G_all_focal_noW,47,0.11703890200033129,2.0,0.75,0.9935897435897436,1.0,0.9230769230769231,0.9782578397212544,1.0,0.9999999999999998,143,0,1,12,156,13,8.33,0.25311964868362896,0.003361843040698858,0.9909939137040602,0.08592016640750084
9999,15,H_all_focal_W,47,0.12297451799986447,2.0,0.75,0.9935897435897436,1.0,0.9230769230769231,0.9782578397212544,1.0,0.9999999999999998,143,0,1,12,156,13,8.33,0.25311964868362896,0.003361843040698858,0.9909939137040602,0.08592016640750084
9999,15,LEGACY_A,44,0.14673610099998768,2.0,0.75,1.0,1.0,1.0,1.0,1.0,1.0,143,0,0,13,156,13,8.33,0.26918932359740905,3.923781070641945e-08,0.9999995393248289,0.08097628541161075
9999,16,A_raw_ce_noW,44,0.1619007250001232,2.0,0.75,0.9872611464968153,1.0,0.8571428571428571,0.9580662393162394,1.0,1.0,143,0,2,12,157,14,8.92,0.2614052533724831,8.60346913124714e-08,0.9999987556698089,0.07703362102681573
9999,16,B_raw_ce_W,44,0.14874937000013233,2.0,0.75,0.9872611464968153,1.0,0.8571428571428571,0.9580662393162394,1.0,1.0,143,0,2,12,157,14,8.92,0.264509080524826,1.7135926111464068e-07,0.9999997173253674,0.07767771541311935
9999,16,C_raw_focal_noW,44,0.10302319000038551,2.0,0.75,0.9872611464968153,1.0,0.8571428571428571,0.9580662393162394,1.0,0.9999999999999998,143,0,2,12,157,14,8.92,0.24376290008000764,0.005195281001773529,0.9919774597864955,0.08649907680736318
9999,16,D_raw_focal_W,44,0.10829388399997697,2.0,0.75,0.9872611464968153,1.0,0.8571428571428571,0.9580662393162394,1.0,0.9999999999999998,143,0,2,12,157,14,8.92,0.24376290008000764,0.005195281001773529,0.9919774597864955,0.08649907680736318
9999,16,E_all_ce_noW,47,0.15730003999988185,2.0,0.75,0.9872611464968153,1.0,0.8571428571428571,0.9580662393162394,1.0,1.0,143,0,2,12,157,14,8.92,0.264525663864029,7.225731145409026e-08,0.999999055663803,0.07889533255076717
9999,16,F_all_ce_W,47,0.1723448930001723,2.0,0.75,0.9936305732484076,1.0,0.9285714285714286,0.9797393212027359,1.0,1.0,143,0,1,13,157,14,8.92,0.26827561920772164,1.6608559751561586e-07,0.9999996418776204,0.08142022470739071
9999,16,G_all_focal_noW,47,0.1155838979998407,2.0,0.75,0.9872611464968153,1.0,0.8571428571428571,0.9580662393162394,1.0,0.9999999999999999,143,0,2,12,157,14,8.92,0.24596787513563545,0.0048652918793564166,0.9919367593738584,0.08531642166294585
9999,16,H_all_focal_W,47,0.13283532699961142,2.0,0.75,0.9872611464968153,1.0,0.8571428571428571,0.9580662393162394,1.0,0.9999999999999999,143,0,2,12,157,14,8.92,0.24596787513563545,0.0048652918793564166,0.9919367593738584,0.08531642166294585
9999,16,LEGACY_A,44,0.14101374300025782,2.0,0.75,0.9936305732484076,1.0,0.9285714285714286,0.9797393212027359,1.0,1.0,143,0,1,13,157,14,8.92,0.264452672156232,6.198400135879679e-08,0.9999995785733495,0.07984064384697469
9999,17,A_raw_ce_noW,44,0.13943979400028184,2.0,0.75,0.9872611464968153,0.9285714285714286,0.9285714285714286,0.9607892107892109,0.9915084915084915,0.9568027210884353,142,1,1,13,157,14,8.92,0.2847700394975709,6.276838414800805e-08,0.9999992686397525,0.08910568961263864
9999,17,B_raw_ce_W,44,0.15503285800014055,2.0,0.75,0.9872611464968153,0.9285714285714286,0.9285714285714286,0.9607892107892109,0.9920079920079921,0.9619047619047618,142,1,1,13,157,14,8.92,0.28487705826672294,1.4654453435139087e-07,0.9999998156164387,0.0891402374806624
9999,17,C_raw_focal_noW,44,0.11167761199976667,2.0,0.75,0.9872611464968153,0.9285714285714286,0.9285714285714286,0.9607892107892109,0.9935064935064936,0.9579748822605965,142,1,1,13,157,14,8.92,0.27253313454678163,0.004087245628519562,0.9943432579675935,0.09626016844833993
9999,17,D_raw_focal_W,44,0.13011785800017606,2.0,0.75,0.9872611464968153,0.9285714285714286,0.9285714285714286,0.9607892107892109,0.9935064935064936,0.9579748822605965,142,1,1,13,157,14,8.92,0.27253313454678163,0.004087245628519562,0.9943432579675935,0.09626016844833993
9999,17,E_all_ce_noW,47,0.16166344000021127,2.0,0.75,0.9808917197452229,0.9230769230769231,0.8571428571428571,0.9392179636082074,0.9980019980019981,0.9822929171668666,142,1,2,12,157,14,8.92,0.2751206005985042,5.272075443839697e-08,0.9999994472306826,0.08332834328749575
9999,17,F_all_ce_W,47,0.17468993600004978,2.0,0.75,0.9808917197452229,0.9230769230769231,0.8571428571428571,0.9392179636082074,0.998001998001998,0.9804748822605964,142,1,2,12,157,14,8.92,0.2755741906403868,1.3766986629992238e-07,0.9999998186708905,0.08434236398013858
9999,17,G_all_focal_noW,47,0.11233315799972843,2.0,0.75,0.9808917197452229,0.9230769230769231,0.8571428571428571,0.9392179636082074,0.996003996003996,0.9710884353741496,142,1,2,12,157,14,8.92,0.26737593753982536,0.004390332879316591,0.9950189825190948,0.09328949705565859
9999,17,H_all_focal_W,47,0.11231224299990572,2.0,0.75,0.9808917197452229,0.9230769230769231,0.8571428571428571,0.9392179636082074,0.996003996003996,0.9710884353741496,142,1,2,12,157,14,8.92,0.26737593753982536,0.004390332879316591,0.9950189825190948,0.09328949705565859
9999,17,LEGACY_A,44,0.14007621699965966,2.0,0.75,0.9872611464968153,0.9285714285714286,0.9285714285714286,0.9607892107892109,0.9925074925074925,0.9591836734693877,142,1,1,13,157,14,8.92,0.2802308277191214,6.895740866943091e-08,0.9999995247897897,0.08758618531128491
9999,18,A_raw_ce_noW,44,0.14606747300013012,2.0,0.75,1.0,1.0,1.0,1.0,1.0,0.9999999999999999,143,0,0,14,157,14,8.92,0.2848916858336445,5.497488885258656e-08,0.9999989372376304,0.0898130489311736
9999,18,B_raw_ce_W,44,0.16180119199998444,2.0,0.75,1.0,1.0,1.0,1.0,1.0,0.9999999999999999,143,0,0,14,157,14,8.92,0.28504094920369133,1.601344621417138e-07,0.9999996305622941,0.09052178403422645
9999,18,C_raw_focal_noW,44,0.11317558400014605,2.0,0.75,1.0,1.0,1.0,1.0,0.9999999999999999,1.0,143,0,0,14,157,14,8.92,0.27788679429260393,0.0028672082613026588,0.9943951487964731,0.10207239260958792
9999,18,D_raw_focal_W,44,0.12383006599975488,2.0,0.75,1.0,1.0,1.0,1.0,0.9999999999999999,1.0,143,0,0,14,157,14,8.92,0.27788679429260393,0.0028672082613026588,0.9943951487964731,0.10207239260958792
9999,18,E_all_ce_noW,47,0.1549462670000139,2.0,0.75,0.9936305732484076,0.9333333333333333,1.0,0.981004234724743,1.0,1.0,142,1,0,14,157,14,8.92,0.2917835589225065,6.003292673577374e-08,0.999998879255632,0.09519819878550194
9999,18,F_all_ce_W,47,0.18587215199977436,2.0,0.75,0.9936305732484076,0.9333333333333333,1.0,0.981004234724743,1.0,0.9999999999999999,142,1,0,14,157,14,8.92,0.29371441141005705,1.6034101615250688e-07,0.9999997291818882,0.09629742066111233
9999,18,G_all_focal_noW,47,0.1216296389998206,2.0,0.75,0.9936305732484076,0.9333333333333333,1.0,0.981004234724743,1.0,1.0,142,1,0,14,157,14,8.92,0.28342218171571454,0.003655307105515038,0.9919014062858057,0.10749585686419721
9999,18,H_all_focal_W,47,0.1237204419999216,2.0,0.75,0.9936305732484076,0.9333333333333333,1.0,0.981004234724743,1.0,1.0,142,1,0,14,157,14,8.92,0.28342218171571454,0.003655307105515038,0.9919014062858057,0.10749585686419721
9999,18,LEGACY_A,44,0.1484933690003345,2.0,0.75,1.0,1.0,1.0,1.0,1.0,0.9999999999999999,143,0,0,14,157,14,8.92,0.28489287925060225,3.950533025303099e-08,0.9999995646975389,0.08969156096266727
9999,19,A_raw_ce_noW,44,0.14018626300003234,2.0,0.75,0.9936305732484076,1.0,0.9285714285714286,0.9797393212027359,1.0,0.9999999999999999,143,0,1,13,157,14,8.92,0.2752812905500629,6.147327179934382e-08,0.9999993064968129,0.08472732672245825
9999,19,B_raw_ce_W,44,0.16796968999960882,2.0,0.75,0.9936305732484076,1.0,0.9285714285714286,0.9797393212027359,1.0,1.0,143,0,1,13,157,14,8.92,0.2755954568879497,1.5664738558638165e-07,0.9999997796923082,0.08524420673580543
9999,19,C_raw_focal_noW,44,0.11700916999961919,2.0,0.75,0.9936305732484076,1.0,0.9285714285714286,0.9797393212027359,1.0,0.9999999999999999,143,0,1,13,157,14,8.92,0.2671337947726074,0.003359570142945291,0.9951104711042297,0.0951354591839212
9999,19,D_raw_focal_W,44,0.11985398500019073,2.0,0.75,0.9936305732484076,1.0,0.9285714285714286,0.9797393212027359,1.0,0.9999999999999999,143,0,1,13,157,14,8.92,0.2671337947726074,0.003359570142945291,0.9951104711042297,0.0951354591839212
9999,19,E_all_ce_noW,47,0.15914158099985798,2.0,0.75,0.9936305732484076,1.0,0.9285714285714286,0.9797393212027359,1.0,0.9999999999999999,143,0,1,13,157,14,8.92,0.27717956403600374,6.032815128396107e-08,0.9999994135689068,0.0861236328575727
9999,19,F_all_ce_W,47,0.17773545899990495,2.0,0.75,1.0,1.0,1.0,1.0,1.0,1.0,143,0,0,14,157,14,8.92,0.27836327802602157,1.5401311602241529e-07,0.9999997051805759,0.08747360874329872
9999,19,G_all_focal_noW,47,0.11832777000017813,2.0,0.75,1.0,1.0,1.0,1.0,1.0,0.9999999999999999,143,0,0,14,157,14,8.92,0.2710730556737751,0.003081717578815491,0.9935665324248231,0.09715612721548576
9999,19,H_all_focal_W,47,0.11835817800010773,2.0,0.75,1.0,1.0,1.0,1.0,1.0,0.9999999999999999,143,0,0,14,157,14,8.92,0.2710730556737751,0.003081717578815491,0.9935665324248231,0.09715612721548576
9999,19,LEGACY_A,44,0.15973293600018224,2.0,0.75,1.0,1.0,1.0,1.0,1.0,1.0,143,0,0,14,157,14,8.92,0.28308929772206026,4.5220670637466454e-08,0.999999589866455,0.08867324697596751
9999,20,A_raw_ce_noW,44,0.14412357699984568,2.0,0.75,1.0,1.0,1.0,1.0,1.0,0.9999999999999998,143,0,0,13,156,13,8.33,0.27025187308798876,5.8157473651308996e-08,0.9999995652594305,0.08116863597649147
9999,20,B_raw_ce_W,44,0.15444026200020744,2.0,0.75,1.0,1.0,1.0,1.0,1.0,0.9999999999999998,143,0,0,13,156,13,8.33,0.2737280289029782,1.420035106556995e-07,0.9999997687150393,0.08306820836090956
9999,20,C_raw_focal_noW,44,0.111473826999827,2.0,0.75,0.9935897435897436,1.0,0.9230769230769231,0.9782578397212544,1.0,1.0,143,0,1,12,156,13,8.33,0.2609768086795019,0.0037721617752214287,0.9935023008200414,0.09072187635738051
9999,20,D_raw_focal_W,44,0.11666040399995836,2.0,0.75,0.9935897435897436,1.0,0.9230769230769231,0.9782578397212544,1.0,1.0,143,0,1,12,156,13,8.33,0.2609768086795019,0.0037721617752214287,0.9935023008200414,0.09072187635738051
9999,20,E_all_ce_noW,47,0.17978989599987472,2.0,0.75,1.0,1.0,1.0,1.0,1.0,1.0,143,0,0,13,156,13,8.33,0.27594607975806656,5.487421623426286e-08,0.9999992258480603,0.08325828403550999
9999,20,F_all_ce_W,47,0.19019765700022617,2.0,0.75,1.0,1.0,1.0,1.0,1.0,0.9999999999999998,143,0,0,13,156,13,8.33,0.2759703793486457,1.4153876214896251e-07,0.9999997726007788,0.08337696782163616
9999,20,G_all_focal_noW,47,0.12055065300000933,2.0,0.75,1.0,1.0,1.0,1.0,1.0,1.0,143,0,0,13,156,13,8.33,0.26495147876067304,0.0030619513819002864,0.9938736808763265,0.09147917446500899
9999,20,H_all_focal_W,47,0.1241322239998226,2.0,0.75,1.0,1.0,1.0,1.0,1.0,1.0,143,0,0,13,156,13,8.33,0.26495147876067304,0.0030619513819002864,0.9938736808763265,0.09147917446500899
9999,20,LEGACY_A,44,0.14939260600021953,2.0,0.75,1.0,1.0,1.0,1.0,1.0,1.0,143,0,0,13,156,13,8.33,0.2764210219545441,4.5900550411181177e-08,0.9999996132612371,0.08514686656680058
9999,21,A_raw_ce_noW,44,0.15083833700009563,2.0,0.75,0.9872611464968153,1.0,0.8571428571428571,0.9580662393162394,0.9565434565434565,0.8911290322580644,143,0,2,12,157,14,8.92,0.26536477248079715,7.074546608413041e-08,0.9999990649940693,0.07634198118925899
9999,21,B_raw_ce_W,44,0.1458717269997578,2.0,0.75,0.9872611464968153,1.0,0.8571428571428571,0.9580662393162394,0.941058941058941,0.883758308815517,143,0,2,12,157,14,8.92,0.26564721470443725,1.6512942542060422e-07,0.9999997476154638,0.07642468969445645
9999,21,C_raw_focal_noW,44,0.10535962099993412,2.0,0.75,0.9872611464968153,1.0,0.8571428571428571,0.9580662393162394,0.9425574425574426,0.8844155844155843,143,0,2,12,157,14,8.92,0.25302026500580455,0.004136919669859328,0.9943352874790888,0.08184466657619903
9999,21,D_raw_focal_W,44,0.14578361999974732,2.0,0.75,0.9872611464968153,1.0,0.8571428571428571,0.9580662393162394,0.9425574425574426,0.8844155844155843,143,0,2,12,157,14,8.92,0.25302026500580455,0.004136919669859328,0.9943352874790888,0.08184466657619903
9999,21,E_all_ce_noW,47,0.23439545900009762,2.0,0.75,0.9872611464968153,1.0,0.8571428571428571,0.9580662393162394,0.9375624375624375,0.8825108225108225,143,0,2,12,157,14,8.92,0.264711131705487,5.305075805155909e-08,0.999998618457435,0.07615379457285429
9999,21,F_all_ce_W,47,0.27504551100037133,2.0,0.75,0.9872611464968153,1.0,0.8571428571428571,0.9580662393162394,0.943056943056943,0.8844926703075595,143,0,2,12,157,14,8.92,0.26556734114141445,1.762038090721696e-07,0.9999997858603383,0.07640949889377502
9999,21,G_all_focal_noW,47,0.16527632299994366,2.0,0.75,0.9872611464968153,1.0,0.8571428571428571,0.9580662393162394,0.9395604395604394,0.8831975772765246,143,0,2,12,157,14,8.92,0.25072298891332584,0.003793138532536089,0.9930999361495081,0.08107578915214296
9999,21,H_all_focal_W,47,0.16285044300002482,2.0,0.75,0.9872611464968153,1.0,0.8571428571428571,0.9580662393162394,0.9395604395604394,0.8831975772765246,143,0,2,12,157,14,8.92,0.25072298891332584,0.003793138532536089,0.9930999361495081,0.08107578915214296
9999,21,LEGACY_A,44,0.21270111200010433,2.0,0.75,0.9872611464968153,1.0,0.8571428571428571,0.9580662393162394,0.9670329670329672,0.898611111111111,143,0,2,12,157,14,8.92,0.2636481598423522,3.9223490555448655e-08,0.9999995836171107,0.07582522148735872
9999,22,A_raw_ce_noW,44,0.23473091799996837,2.0,0.75,1.0,1.0,1.0,1.0,1.0,0.9999999999999998,143,0,0,14,157,14,8.92,0.2839679252855372,4.581973704281117e-08,0.9999992011765946,0.0894686658691931
9999,22,B_raw_ce_W,44,0.2430756140001904,2.0,0.75,0.9936305732484076,0.9333333333333333,1.0,0.981004234724743,1.0,0.9999999999999998,142,1,0,14,157,14,8.92,0.28725292520558576,1.5270200853764716e-07,0.9999998067708271,0.09281801980268688
9999,22,C_raw_focal_noW,44,0.16602874000000156,2.0,0.75,0.9936305732484076,0.9333333333333333,1.0,0.981004234724743,1.0,1.0,142,1,0,14,157,14,8.92,0.2735363924774443,0.003084885236080468,0.9943638858361313,0.10283992863788237
9999,22,D_raw_focal_W,44,0.17500423999990744,2.0,0.75,0.9936305732484076,0.9333333333333333,1.0,0.981004234724743,1.0,1.0,142,1,0,14,157,14,8.92,0.2735363924774443,0.003084885236080468,0.9943638858361313,0.10283992863788237
9999,22,E_all_ce_noW,47,0.25989432400001533,2.0,0.75,0.9936305732484076,1.0,0.9285714285714286,0.9797393212027359,0.9995004995004995,0.9952380952380953,143,0,1,13,157,14,8.92,0.27495859845268017,4.8493739032965156e-08,0.9999994518089049,0.08794746851695677
9999,22,F_all_ce_W,47,0.2674751199997445,2.0,0.75,0.9936305732484076,0.9333333333333333,1.0,0.981004234724743,1.0,0.9999999999999999,142,1,0,14,157,14,8.92,0.2798772393079321,1.510934640967269e-07,0.9999997901254608,0.09013665466522326
9999,22,G_all_focal_noW,47,0.17665104200023052,2.0,0.75,0.9872611464968153,0.9285714285714286,0.9285714285714286,0.9607892107892109,0.999000999000999,0.9901360544217686,142,1,1,13,157,14,8.92,0.2692109916072617,0.0035832568281376547,0.9957224741943603,0.10235687163297558
9999,22,H_all_focal_W,47,0.18476264499986428,2.0,0.75,0.9872611464968153,0.9285714285714286,0.9285714285714286,0.9607892107892109,0.999000999000999,0.9901360544217686,142,1,1,13,157,14,8.92,0.2692109916072617,0.0035832568281376547,0.9957224741943603,0.10235687163297558
9999,22,LEGACY_A,44,0.24494482099999004,2.0,0.75,1.0,1.0,1.0,1.0,1.0,0.9999999999999999,143,0,0,14,157,14,8.92,0.2844878684026762,3.9478857241973176e-08,0.999999593170895,0.09092188212294437
9999,23,A_raw_ce_noW,44,0.23864531099980013,2.0,0.75,0.9872611464968153,1.0,0.8571428571428571,0.9580662393162394,1.0,1.0,143,0,2,12,157,14,8.92,0.2646872619605042,8.9398864796739e-08,0.9999987491273309,0.07811238081515517
9999,23,B_raw_ce_W,44,0.22310341299998981,2.0,0.75,0.9872611464968153,1.0,0.8571428571428571,0.9580662393162394,1.0,1.0,143,0,2,12,157,14,8.92,0.2635844837785241,2.1295766478209143e-07,0.9999997567620019,0.07843293296362101
9999,23,C_raw_focal_noW,44,0.11597115099993971,2.0,0.75,0.9872611464968153,1.0,0.8571428571428571,0.9580662393162394,0.9990009990009989,0.9901360544217687,143,0,2,12,157,14,8.92,0.2583624277763107,0.002988318704351974,0.9928616108099777,0.0880133812416957
9999,23,D_raw_focal_W,44,0.12260267300007399,2.0,0.75,0.9872611464968153,1.0,0.8571428571428571,0.9580662393162394,0.9990009990009989,0.9901360544217687,143,0,2,12,157,14,8.92,0.2583624277763107,0.002988318704351974,0.9928616108099777,0.0880133812416957
9999,23,E_all_ce_noW,47,0.15286320199993497,2.0,0.75,1.0,1.0,1.0,1.0,1.0,1.0,143,0,0,14,157,14,8.92,0.2714505029603855,1.0733018420146134e-07,0.9999990387560512,0.08392016946832523
9999,23,F_all_ce_W,47,0.1654099759998644,2.0,0.75,1.0,1.0,1.0,1.0,1.0,1.0,143,0,0,14,157,14,8.92,0.27786497899086426,2.3943866017532093e-07,0.999999762307573,0.08681001699437975
9999,23,G_all_focal_noW,47,0.11633310699971844,2.0,0.75,0.9872611464968153,1.0,0.8571428571428571,0.9580662393162394,0.999000999000999,0.9901360544217688,143,0,2,12,157,14,8.92,0.26015076816485505,0.004567808930665329,0.9930697869835062,0.0915515756516581
9999,23,H_all_focal_W,47,0.12832004299980326,2.0,0.75,0.9872611464968153,1.0,0.8571428571428571,0.9580662393162394,0.999000999000999,0.9901360544217688,143,0,2,12,157,14,8.92,0.26015076816485505,0.004567808930665329,0.9930697869835062,0.0915515756516581
9999,23,LEGACY_A,44,0.14390224199996737,2.0,0.75,0.9936305732484076,1.0,0.9285714285714286,0.9797393212027359,0.9995004995004995,0.9952380952380953,143,0,1,13,157,14,8.92,0.2701238564035563,5.082034566462287e-08,0.9999995851599062,0.08459263171158764
9999,24,A_raw_ce_noW,44,0.13882157499983805,2.0,0.75,0.9872611464968153,0.9285714285714286,0.9285714285714286,0.9607892107892109,0.9990009990009989,0.9910714285714285,142,1,1,13,157,14,8.92,0.2842556124038893,9.059491639226213e-08,0.9999991748870707,0.09021357736210495
9999,24,B_raw_ce_W,44,0.15421821899963106,2.0,0.75,0.9808917197452229,0.8666666666666667,0.9285714285714286,0.9430127041742287,0.9985014985014985,0.9873949579831932,141,2,1,13,157,14,8.92,0.2916322708402136,2.0921655363353504e-07,0.999999819189499,0.09565310150533113
9999,24,C_raw_focal_noW,44,0.11218267899994316,2.0,0.75,0.9872611464968153,0.9285714285714286,0.9285714285714286,0.9607892107892109,0.9985014985014986,0.9859693877551019,142,1,1,13,157,14,8.92,0.2788288515759441,0.0038564607734621436,0.9949969017867394,0.10274627810429246
9999,24,D_raw_focal_W,44,0.12351664600009826,2.0,0.75,0.9872611464968153,0.9285714285714286,0.9285714285714286,0.9607892107892109,0.9985014985014986,0.9859693877551019,142,1,1,13,157,14,8.92,0.2788288515759441,0.0038564607734621436,0.9949969017867394,0.10274627810429246
9999,24,E_all_ce_noW,47,0.15709159099969838,2.0,0.75,0.9872611464968153,0.9285714285714286,0.9285714285714286,0.9607892107892109,0.999000999000999,0.9910714285714286,142,1,1,13,157,14,8.92,0.28482598123538533,8.814305405667013e-08,0.9999992710150553,0.0894016169817883
9999,24,F_all_ce_W,47,0.1921955589996287,2.0,0.75,0.9808917197452229,0.8666666666666667,0.9285714285714286,0.9430127041742287,0.9985014985014985,0.9873949579831932,141,2,1,13,157,14,8.92,0.2877859808715126,1.7771458402385848e-07,0.9999997971298552,0.09387369929236024
9999,24,G_all_focal_noW,47,0.11841126499984966,2.0,0.75,0.9872611464968153,0.9285714285714286,0.9285714285714286,0.9607892107892109,0.9985014985014984,0.9859693877551019,142,1,1,13,157,14,8.92,0.27679335719386233,0.00415093043630215,0.9948051630479033,0.10026901001245009
9999,24,H_all_focal_W,47,0.11693515399974785,2.0,0.75,0.9872611464968153,0.9285714285714286,0.9285714285714286,0.9607892107892109,0.9985014985014984,0.9859693877551019,142,1,1,13,157,14,8.92,0.27679335719386233,0.00415093043630215,0.9948051630479033,0.10026901001245009
9999,24,LEGACY_A,44,0.1389965910002502,2.0,0.75,0.9808917197452229,0.8666666666666667,0.9285714285714286,0.9430127041742287,0.9990009990009989,0.9910714285714285,141,2,1,13,157,14,8.92,0.2900252812600959,6.178425175844257e-08,0.9999995624784339,0.09461507868822733
9999,25,A_raw_ce_noW,44,0.15558527999974103,2.0,0.75,0.9935897435897436,1.0,0.9230769230769231,0.9782578397212544,0.9924690693921463,0.9601139601139601,143,0,1,12,156,13,8.33,0.25434712983150765,5.8105695123389734e-08,0.9999986512297871,0.07280048183946573
9999,25,B_raw_ce_W,44,0.17167990500001906,2.0,0.75,0.9935897435897436,1.0,0.9230769230769231,0.9782578397212544,0.9838622915545993,0.9463327370304113,143,0,1,12,156,13,8.33,0.2649811411484618,1.4812662867203815e-07,0.9999998078912948,0.07649918481991823
9999,25,C_raw_focal_noW,44,0.11511469900005977,2.0,0.75,0.9935897435897436,1.0,0.9230769230769231,0.9782578397212544,0.9962345346960731,0.973076923076923,143,0,1,12,156,13,8.33,0.24568978501955444,0.003648709465897299,0.9933715220230857,0.08031369061213321
9999,25,D_raw_focal_W,44,0.10767727499978719,2.0,0.75,0.9935897435897436,1.0,0.9230769230769231,0.9782578397212544,0.9962345346960731,0.973076923076923,143,0,1,12,156,13,8.33,0.24568978501955444,0.003648709465897299,0.9933715220230857,0.08031369061213321
9999,25,E_all_ce_noW,47,0.15360203000000183,2.0,0.75,0.9935897435897436,1.0,0.9230769230769231,0.9782578397212544,0.9962345346960731,0.973076923076923,143,0,1,12,156,13,8.33,0.2539237797301399,6.587573607414427e-08,0.999998937605203,0.0724363205648211
9999,25,F_all_ce_W,47,0.18125460400005977,2.0,0.75,0.9935897435897436,1.0,0.9230769230769231,0.9782578397212544,0.9956966110812264,0.9706959706959706,143,0,1,12,156,13,8.33,0.2630127422097001,1.729865891171619e-07,0.9999996713487992,0.07588973060381615
9999,25,G_all_focal_noW,47,0.10975998599997183,2.0,0.75,0.9935897435897436,1.0,0.9230769230769231,0.9782578397212544,0.9973103819257665,0.9786324786324785,143,0,1,12,156,13,8.33,0.2468426078435436,0.004444014277212032,0.9937643455388836,0.08147673268299786
9999,25,H_all_focal_W,47,0.11010292100036168,2.0,0.75,0.9935897435897436,1.0,0.9230769230769231,0.9782578397212544,0.9973103819257665,0.9786324786324785,143,0,1,12,156,13,8.33,0.2468426078435436,0.004444014277212032,0.9937643455388836,0.08147673268299786
9999,25,LEGACY_A,44,0.15954555500002243,2.0,0.75,0.9935897435897436,1.0,0.9230769230769231,0.9782578397212544,0.9924690693921463,0.9601139601139599,143,0,1,12,156,13,8.33,0.2663483507731502,5.3283934303234494e-08,0.9999995736532082,0.07691720108271602
