Experiment,Accuracy,Precision,Recall,F1,ROC_AUC,PR_AUC
Original,0.995,1.0,0.9444444444444444,0.9714285714285714,0.9978632478632479,0.9844444444444446
SMOTE,0.995,1.0,0.9444444444444444,0.9714285714285714,0.9984737484737485,0.9879227053140098
CTGAN,0.995,1.0,0.9444444444444444,0.9714285714285714,0.9954212454212454,0.9747474747474749
