Rank,Model,Accuracy,Precision,Recall,F1 Score,ROC-AUC,PR-AUC,Category
1,SMOTE,0.995,1.0,0.9444444444444444,0.9714285714285714,0.9984737484737484,0.9879227053140098,Augmentation
2,Original,0.995,1.0,0.9444444444444444,0.9714285714285714,0.997863247863248,0.9844444444444446,Augmentation
3,CTGAN,0.995,1.0,0.9444444444444444,0.9714285714285714,0.9954212454212454,0.9747474747474748,Augmentation
