Model,Accuracy,Precision,Recall,F1,ROC_AUC,PR_AUC
Decision Tree,0.995,1.0,0.9444444444444444,0.9714285714285714,0.9722222222222222,0.9494444444444444
Random Forest,0.995,1.0,0.9444444444444444,0.9714285714285714,0.9990842490842491,0.9920634920634923
LightGBM,0.995,1.0,0.9444444444444444,0.9714285714285714,0.9960317460317459,0.9767025089605734
XGBoost,0.995,1.0,0.9444444444444444,0.9714285714285714,0.9874847374847374,0.9613935969868173
CatBoost,0.995,1.0,0.9444444444444444,0.9714285714285714,0.9975579975579976,0.982905982905983
Logistic Regression,0.985,0.8947368421052632,0.9444444444444444,0.918918918918919,0.9874847374847374,0.9613935969868175
