Accuracy,Precision,Recall,F1,ROC-AUC,PR-AUC,Model
0.995,1.0,0.9444444444444444,0.9714285714285714,0.9868742368742369,0.9608378870673955,Logistic Regression
0.995,1.0,0.9444444444444444,0.9714285714285714,0.9725274725274725,0.9494949494949495,Decision Tree
0.995,1.0,0.9444444444444444,0.9714285714285714,0.9978632478632479,0.9844444444444445,Random Forest
0.995,1.0,0.9444444444444444,0.9714285714285714,0.9880952380952381,0.9619883040935674,XGBoost
0.995,1.0,0.9444444444444444,0.9714285714285714,0.9996947496947497,0.9970760233918128,LightGBM
0.995,1.0,0.9444444444444444,0.9714285714285714,0.9972527472527473,0.9814814814814815,CatBoost
