Accuracy,Precision,Recall,F1 Score,ROC-AUC,PR-AUC
0.995,1.0,0.9444444444444444,0.9714285714285714,0.9963369963369964,0.9777777777777779
