Accuracy,Precision,Recall,F1,ROC-AUC,PR-AUC
0.995,1.0,0.9444444444444444,0.9714285714285714,0.9966422466422467,0.9789272030651341
