Category,Best Model,Accuracy,Precision,Recall,F1 Score,ROC-AUC,PR-AUC
Baseline,CatBoost,0.992,0.9777089783281736,0.9350877192982456,0.9555054302422724,0.9909712835708764,
Data Augmentation,SMOTE,0.995,1.0,0.9444444444444444,0.9714285714285714,0.9984737484737484,0.9879227053140098
Proposed,Engineered LightGBM,0.995,1.0,0.9444444444444444,0.9714285714285714,0.9963369963369964,0.977777777777778
