seed,fold,arm,search_trials,n_features,fit_seconds,accuracy,precision,recall,macro_f1,auc_roc,auc_pr,tn,fp,fn,tp,n,n_positive,base_rate_pct,pred_std,pred_min,pred_max,pred_mean
42,1,Logistic Regression,0,12,0.03657958300004793,0.9536423841059603,0.6666666666666666,0.9230769230769231,0.8741816450422568,0.9442586399108139,0.921096921096921,132,6,1,12,151,13,8.61,0.2954046274154393,1.271252199838017e-06,0.9999999159010167,0.13830707930695685
42,1,Decision Tree,0,12,0.015829711000037605,0.9801324503311258,0.9166666666666666,0.8461538461538461,0.9345848375451263,0.919453734671126,0.7888860587536083,137,1,2,11,151,13,8.61,0.27047122988956473,0.0,1.0,0.07947019867549669
42,1,Random Forest,0,12,0.4843842789999826,0.9867549668874173,1.0,0.8461538461538461,0.954736211031175,0.9924749163879598,0.9505494505494505,138,0,2,11,151,13,8.61,0.23608143439235443,0.0,1.0,0.08099337748344371
42,1,XGBoost,0,12,0.1303449219999493,0.9735099337748344,0.8461538461538461,0.8461538461538461,0.9158305462653289,0.979933110367893,0.9172980462310147,136,2,2,11,151,13,8.61,0.26671478152275085,3.697549254866317e-05,0.9971500039100647,0.08424686640501022
42,1,LightGBM,0,12,0.44480138699998406,0.9801324503311258,0.9166666666666666,0.8461538461538461,0.9345848375451263,0.959866220735786,0.9032677848467321,137,1,2,11,151,13,8.61,0.268069160056433,3.4643328602479805e-08,0.9999995077411298,0.08006255566298426
42,1,CatBoost,0,12,5.532374453999978,0.9867549668874173,1.0,0.8461538461538461,0.954736211031175,0.9676700111482721,0.9062389223679543,138,0,2,11,151,13,8.61,0.2521040776882947,7.581459702519837e-05,0.9985791449297367,0.07554719483659599
42,2,Logistic Regression,0,12,0.0896173449999651,0.9536423841059603,0.6666666666666666,1.0,0.8868913857677903,0.9895724713242962,0.9100073362678402,130,7,0,14,151,14,9.27,0.309187131972993,4.473737207789486e-06,0.9999999859044211,0.1616016036300753
42,2,Decision Tree,0,12,0.01519172299992988,0.9801324503311258,0.8666666666666667,0.9285714285714286,0.94278135657446,0.9569864442127216,0.8113844213181962,135,2,1,13,151,14,9.27,0.2991149613413567,0.0,1.0,0.09933774834437085
42,2,Random Forest,0,12,0.5475214529999448,0.9801324503311258,0.8666666666666667,0.9285714285714286,0.94278135657446,0.9979144942648592,0.9804748822605965,135,2,1,13,151,14,9.27,0.25949295307060444,0.0,1.0,0.0921523178807947
42,2,XGBoost,0,12,0.09870450100004291,0.9801324503311258,0.8666666666666667,0.9285714285714286,0.94278135657446,0.9932221063607924,0.9315210583067723,135,2,1,13,151,14,9.27,0.2845306694507599,2.451956970617175e-05,0.9992177486419678,0.09601456671953201
42,2,LightGBM,0,12,0.14524329599998964,0.9867549668874173,0.9285714285714286,0.9285714285714286,0.9606360792492179,0.9994786235662149,0.995238095238095,136,1,1,13,151,14,9.27,0.28927459502420877,2.718214948456332e-08,0.9999995938156341,0.09416343924802373
42,2,CatBoost,0,12,2.73957034700004,0.9867549668874173,0.875,1.0,0.9629901960784314,0.9994786235662149,0.995238095238095,135,2,0,14,151,14,9.27,0.2817160918332579,0.00017954253851463288,0.9987990755087803,0.09899990474785063
42,3,Logistic Regression,0,12,0.011087618999908955,0.9470198675496688,0.65,0.9285714285714286,0.8674275680421422,0.9890510948905109,0.9120147663808604,130,7,1,13,151,14,9.27,0.30798114268117766,2.0897009230729924e-06,0.9999999694329784,0.16263143960392132
42,3,Decision Tree,0,12,0.005584070000054453,0.9602649006622517,0.7857142857142857,0.7857142857142857,0.8819082377476538,0.8819082377476538,0.6372144884443843,134,3,3,11,151,14,9.27,0.2900329594762674,0.0,1.0,0.09271523178807947
42,3,Random Forest,0,12,0.5174505859999954,0.9801324503311258,1.0,0.7857142857142857,0.9345848375451263,1.0,1.0,137,0,3,11,151,14,9.27,0.24374951067661593,0.0,1.0,0.08423841059602649
42,3,XGBoost,0,12,0.2293677420000222,0.9801324503311258,0.9230769230769231,0.8571428571428571,0.938989898989899,0.9989572471324296,0.9901360544217687,136,1,2,12,151,14,9.27,0.26821568608283997,2.0301291442592628e-05,0.9994756579399109,0.08844935148954391
42,3,LightGBM,0,12,0.2500169749999941,0.9933774834437086,1.0,0.9285714285714286,0.9796632996632997,1.0,0.9999999999999998,137,0,1,13,151,14,9.27,0.2703130033698998,2.8469488066448228e-08,0.9999997325423866,0.0849303647272356
42,3,CatBoost,0,12,3.2018776090000074,0.9801324503311258,1.0,0.7857142857142857,0.9345848375451263,0.9989572471324296,0.9901360544217686,137,0,3,11,151,14,9.27,0.24817118682148406,0.00019125932463029557,0.9981420904952958,0.07658780448555695
42,4,Logistic Regression,0,12,0.06828764600004433,0.9867549668874173,1.0,0.8571428571428571,0.9579152731326644,0.9807090719499478,0.9191729323308269,137,0,2,12,151,14,9.27,0.2621319139503857,2.4592270315325732e-06,0.9999999909125429,0.10312075950621964
42,4,Decision Tree,0,12,0.004692788999932418,0.9602649006622517,0.9,0.6428571428571429,0.8642086330935252,0.8177789363920751,0.6116840113528855,136,1,5,9,151,14,9.27,0.24867527623203425,0.0,1.0,0.06622516556291391
42,4,Random Forest,0,12,0.5246229709999852,0.9801324503311258,1.0,0.7857142857142857,0.9345848375451263,0.9880083420229406,0.947859631657541,137,0,3,11,151,14,9.27,0.24090329515002432,0.0,1.0,0.07519867549668874
42,4,XGBoost,0,12,1.2677714080000442,0.9801324503311258,1.0,0.7857142857142857,0.9345848375451263,0.9885297184567258,0.9484593837535014,137,0,3,11,151,14,9.27,0.25735610723495483,8.980907296063378e-05,0.9992204904556274,0.07611343264579773
42,4,LightGBM,0,12,0.25136878800003615,0.9801324503311258,1.0,0.7857142857142857,0.9345848375451263,0.9900938477580813,0.9547193877551019,137,0,3,11,151,14,9.27,0.2610650404028489,2.8015641365015917e-08,0.9999996399442077,0.07644564326597175
42,4,CatBoost,0,12,3.55219513499992,0.9801324503311258,1.0,0.7857142857142857,0.9345848375451263,0.9984358706986445,0.9859693877551019,137,0,3,11,151,14,9.27,0.25743972674786336,0.00017895031972528855,0.9983924159277595,0.07550125213140084
42,5,Logistic Regression,0,12,0.010978258000022834,0.9536423841059603,0.6666666666666666,1.0,0.8868913857677903,0.9979144942648592,0.984126984126984,130,7,0,14,151,14,9.27,0.30192652023495753,5.995203808545566e-06,0.9999999953854624,0.16225697169927436
42,5,Decision Tree,0,12,0.005394638999973722,0.9801324503311258,0.8235294117647058,1.0,0.946077847875253,0.989051094890511,0.8235294117647058,134,3,0,14,151,14,9.27,0.31608210764984696,0.0,1.0,0.11258278145695365
42,5,Random Forest,0,12,0.5957535669999743,1.0,1.0,1.0,1.0,1.0,1.0,137,0,0,14,151,14,9.27,0.2744760449475197,0.0,1.0,0.1006953642384106
42,5,XGBoost,0,12,0.025609865000092213,1.0,1.0,1.0,1.0,1.0,0.9999999999999999,137,0,0,14,151,14,9.27,0.28506162762641907,2.5400237063877285e-05,0.9990335702896118,0.09429407119750977
42,5,LightGBM,0,12,0.07821589399998174,0.9867549668874173,0.875,1.0,0.9629901960784314,1.0,0.9999999999999998,135,2,0,14,151,14,9.27,0.30387331784741023,2.750541966574674e-08,0.9999995888964661,0.10459954711926191
42,5,CatBoost,0,12,1.3281779849999111,0.9933774834437086,0.9333333333333333,1.0,0.9809271188581534,1.0,0.9999999999999998,136,1,0,14,151,14,9.27,0.2902502265655352,0.0001933745343640369,0.9981071275164013,0.10214771973671907
42,6,Logistic Regression,0,12,0.005169987999920522,0.9735099337748344,0.7647058823529411,1.0,0.9259803921568628,0.9966555183946488,0.958945755099601,134,4,0,13,151,13,8.61,0.2711086235532366,1.4294407291366256e-05,0.9999995229698555,0.14145079005472497
42,6,Decision Tree,0,12,0.004612288999965131,0.9801324503311258,0.9166666666666666,0.8461538461538461,0.9345848375451263,0.919453734671126,0.7888860587536083,137,1,2,11,151,13,8.61,0.27047122988956473,0.0,1.0,0.07947019867549669
42,6,Random Forest,0,12,0.2862226900000451,0.9933774834437086,1.0,0.9230769230769231,0.9781949458483754,0.9935897435897435,0.963076923076923,138,0,1,12,151,13,8.61,0.24048373833226866,0.0,1.0,0.07864238410596026
42,6,XGBoost,0,12,0.029674763999992138,0.9933774834437086,1.0,0.9230769230769231,0.9781949458483754,0.9871794871794872,0.9508547008547008,138,0,1,12,151,13,8.61,0.2595953643321991,2.53016478382051e-05,0.9989282488822937,0.08094096928834915
42,6,LightGBM,0,12,0.07704095399992639,0.9933774834437086,1.0,0.9230769230769231,0.9781949458483754,0.9810479375696768,0.9443535188216037,138,0,1,12,151,13,8.61,0.2703493441996609,2.8121076006338862e-08,0.9999993350716234,0.07951780174604992
42,6,CatBoost,0,12,1.295405581999944,0.9933774834437086,1.0,0.9230769230769231,0.9781949458483754,0.9966555183946488,0.9757085020242913,138,0,1,12,151,13,8.61,0.2550903958687639,0.00018016086312611866,0.9983759824054489,0.07769018197974528
42,7,Logistic Regression,0,12,0.006548019000092609,0.9470198675496688,0.65,0.9285714285714286,0.8674275680421422,0.9869655891553701,0.9497851772287862,130,7,1,13,151,14,9.27,0.3089641859637355,1.7708059050903948e-05,0.9999999487443061,0.16758470390431066
42,7,Decision Tree,0,12,0.004100339000046915,0.9668874172185431,0.8,0.8571428571428571,0.9046355942907667,0.9176225234619395,0.6989593188268685,134,3,2,12,151,14,9.27,0.2991149613413567,0.0,1.0,0.09933774834437085
42,7,Random Forest,0,12,0.28612241100006486,0.9933774834437086,1.0,0.9285714285714286,0.9796632996632997,1.0,1.0,137,0,1,13,151,14,9.27,0.25542155641939635,0.0,1.0,0.09102649006622517
42,7,XGBoost,0,12,0.027131564000001163,0.9933774834437086,1.0,0.9285714285714286,0.9796632996632997,0.9958289885297185,0.9740259740259738,137,0,1,13,151,14,9.27,0.2721782922744751,2.2678774257656187e-05,0.9990774393081665,0.09062432497739792
42,7,LightGBM,0,12,0.07617499399998451,0.9933774834437086,1.0,0.9285714285714286,0.9796632996632997,0.9979144942648592,0.984126984126984,137,0,1,13,151,14,9.27,0.27363888851052065,2.7682092162496646e-08,0.9999996857976671,0.08396154009383629
42,7,CatBoost,0,12,1.271309606999921,0.9933774834437086,1.0,0.9285714285714286,0.9796632996632997,0.9984358706986445,0.9873949579831931,137,0,1,13,151,14,9.27,0.2675926839768266,0.00015138747697061516,0.9983273298854062,0.08616502448034431
42,8,Logistic Regression,0,12,0.005128918999957932,0.9801324503311258,0.9230769230769231,0.8571428571428571,0.938989898989899,0.9535974973931178,0.898065476190476,136,1,2,12,151,14,9.27,0.26507741410065605,2.321216743662919e-08,0.9999999786078042,0.09745207597973136
42,8,Decision Tree,0,12,0.004449868999927276,0.9735099337748344,1.0,0.7142857142857143,0.9094724220623501,0.8571428571428572,0.7407757805108799,137,0,4,10,151,14,9.27,0.24867527623203425,0.0,1.0,0.06622516556291391
42,8,Random Forest,0,12,0.28728443999989395,0.9801324503311258,1.0,0.7857142857142857,0.9345848375451263,0.9900938477580813,0.9537724180581324,137,0,3,11,151,14,9.27,0.24457218147098392,0.0,1.0,0.07877483443708609
42,8,XGBoost,0,12,0.024072755000020152,0.9867549668874173,1.0,0.8571428571428571,0.9579152731326644,0.9869655891553701,0.9313227513227513,137,0,2,12,151,14,9.27,0.2582635283470154,0.00014881251263432205,0.998441755771637,0.07797635346651077
42,8,LightGBM,0,12,0.06444956699999693,0.9867549668874173,1.0,0.8571428571428571,0.9579152731326644,0.9874869655891554,0.9468253968253968,137,0,2,12,151,14,9.27,0.2659223408551055,1.1295082416105596e-07,0.999999377255865,0.0785529586887802
42,8,CatBoost,0,12,1.3016378909999275,0.9801324503311258,1.0,0.7857142857142857,0.9345848375451263,0.9708029197080292,0.9157440919736,137,0,3,11,151,14,9.27,0.2530830744761956,7.510866776283335e-05,0.9982046185743999,0.07343866602128464
42,9,Logistic Regression,0,12,0.005040108999992299,0.9403973509933775,0.631578947368421,0.8571428571428571,0.8469077391010477,0.9880083420229405,0.9210292812777283,130,7,2,12,151,14,9.27,0.2871963815529016,4.445878644339053e-06,0.9999999942786348,0.14938429436953202
42,9,Decision Tree,0,12,0.0046159500000158005,0.9668874172185431,0.8461538461538461,0.7857142857142857,0.8983164983164983,0.8855578727841502,0.684702714504039,135,2,3,11,151,14,9.27,0.28050090840460096,0.0,1.0,0.08609271523178808
42,9,Random Forest,0,12,0.2715009440000813,0.9867549668874173,1.0,0.8571428571428571,0.9579152731326644,0.9994786235662148,0.9952380952380953,137,0,2,12,151,14,9.27,0.25179564334347426,0.0,1.0,0.0863907284768212
42,9,XGBoost,0,12,0.1124056969999856,0.9867549668874173,0.9285714285714286,0.9285714285714286,0.9606360792492179,0.9984358706986444,0.9846415489272631,136,1,1,13,151,14,9.27,0.2823728322982788,1.7079453755286522e-05,0.9990167617797852,0.0938660204410553
42,9,LightGBM,0,12,0.12585383399994043,0.9933774834437086,1.0,0.9285714285714286,0.9796632996632997,0.9989572471324296,0.9910714285714284,137,0,1,13,151,14,9.27,0.2772894591804454,2.7735579195755156e-08,0.999999523330784,0.08938081065181973
42,9,CatBoost,0,12,1.941231767999966,0.9867549668874173,1.0,0.8571428571428571,0.9579152731326644,0.9994786235662149,0.995238095238095,137,0,2,12,151,14,9.27,0.2671348279962928,0.0001244982534718205,0.9986102434606271,0.08699026071077864
42,10,Logistic Regression,0,12,0.012363477999997485,0.9470198675496688,0.6363636363636364,1.0,0.8738512949039265,0.9953076120959333,0.9597163865546217,129,8,0,14,151,14,9.27,0.3234382905513356,2.430534745435674e-06,0.9999999984553631,0.16211430242058808
42,10,Decision Tree,0,12,0.005293099000027723,0.9602649006622517,0.75,0.8571428571428571,0.8889705882352941,0.9139728884254432,0.6561021759697255,133,4,2,12,151,14,9.27,0.3077867559899934,0.0,1.0,0.10596026490066225
42,10,Random Forest,0,12,0.32018759400000363,0.9735099337748344,0.8571428571428571,0.8571428571428571,0.9212721584984358,0.996871741397289,0.9723766429648782,135,2,2,12,151,14,9.27,0.264173878823604,0.0,1.0,0.09705298013245033
42,10,XGBoost,0,12,0.025995023999939804,0.9735099337748344,0.8125,0.9285714285714286,0.9259803921568628,0.9973931178310741,0.9767984116723611,134,3,1,13,151,14,9.27,0.28547343611717224,3.915823981515132e-05,0.9990732669830322,0.1053944006562233
42,10,LightGBM,0,12,0.07449348400007239,0.9735099337748344,0.8125,0.9285714285714286,0.9259803921568628,0.9973931178310741,0.9778711484593836,134,3,1,13,151,14,9.27,0.3012946399059961,2.7723260097575436e-08,0.9999997263362307,0.10342566511471815
42,10,CatBoost,0,12,1.2909667129999889,0.9801324503311258,0.8666666666666667,0.9285714285714286,0.94278135657446,0.9973931178310741,0.9778711484593836,135,2,1,13,151,14,9.27,0.2801845283704002,0.0001314902031477918,0.9985465166800945,0.0988996041180788
42,11,Logistic Regression,0,12,0.005064808999918569,0.9271523178807947,0.55,0.8461538461538461,0.8128872366790583,0.9710144927536233,0.8967940891017812,129,9,2,11,151,13,8.61,0.28951366636726494,6.536167201415181e-07,0.9999999989085719,0.14920814678288652
42,11,Decision Tree,0,12,0.004966469000009965,0.9867549668874173,0.9230769230769231,0.9230769230769231,0.9579152731326644,0.9579152731326644,0.8586935224734513,137,1,1,12,151,13,8.61,0.28050090840460096,0.0,1.0,0.08609271523178808
42,11,Random Forest,0,12,0.2987997089999226,0.9933774834437086,1.0,0.9230769230769231,0.9781949458483754,0.9902452619843924,0.9533799533799534,138,0,1,12,151,13,8.61,0.25326337685371814,0.0,1.0,0.08307947019867548
42,11,XGBoost,0,12,0.02718311499995707,0.9933774834437086,1.0,0.9230769230769231,0.9781949458483754,0.992196209587514,0.9601139601139601,138,0,1,12,151,13,8.61,0.2673780024051666,5.7654015108710155e-05,0.9991908669471741,0.08460842818021774
42,11,LightGBM,0,12,0.07033635599998433,0.9867549668874173,0.9230769230769231,0.9230769230769231,0.9579152731326644,0.9894091415830546,0.9494178278297383,137,1,1,12,151,13,8.61,0.2788213410231797,2.845838343697363e-08,0.9999995291668303,0.08572747894828646
42,11,CatBoost,0,12,1.3481902910000372,0.9801324503311258,0.9166666666666666,0.8461538461538461,0.9345848375451263,0.9899665551839465,0.9504930966469425,137,1,2,11,151,13,8.61,0.2659583700586199,0.0001451652997318648,0.9983232384001046,0.08213617223701686
42,12,Logistic Regression,0,12,0.005033999000033873,0.9602649006622517,0.7,1.0,0.9005706760316067,0.9973931178310741,0.9760531135531134,131,6,0,14,151,14,9.27,0.3080385602005571,6.950987427134617e-06,0.9999999828518144,0.15563218055164338
42,12,Decision Tree,0,12,0.004187520000073164,0.9668874172185431,0.7647058823529411,0.9285714285714286,0.910129746458755,0.9496871741397289,0.7167065501697368,133,4,1,13,151,14,9.27,0.31608210764984696,0.0,1.0,0.11258278145695365
42,12,Random Forest,0,12,0.28603541200004656,0.9801324503311258,0.8666666666666667,0.9285714285714286,0.94278135657446,0.9960896767466111,0.974025974025974,135,2,1,13,151,14,9.27,0.271820217914465,0.0,1.0,0.09483443708609272
42,12,XGBoost,0,12,0.03345393300003252,0.9867549668874173,1.0,0.8571428571428571,0.9579152731326644,0.9890510948905109,0.9528811524609843,137,0,2,12,151,14,9.27,0.26956185698509216,4.114717012271285e-05,0.9980719089508057,0.08763386309146881
42,12,LightGBM,0,12,0.08339156299996375,0.9933774834437086,1.0,0.9285714285714286,0.9796632996632997,0.9890510948905109,0.9571428571428571,137,0,1,13,151,14,9.27,0.2786267782577281,2.768370582576874e-08,0.9999996207462019,0.08670657312383913
42,12,CatBoost,0,12,1.3272227950000115,0.9867549668874173,1.0,0.8571428571428571,0.9579152731326644,0.996871741397289,0.9785714285714284,137,0,2,12,151,14,9.27,0.2685255600213828,0.00025020123789731976,0.9984506171112336,0.08745670348430065
42,13,Logistic Regression,0,12,0.004997019000029468,0.9735099337748344,0.8125,0.9285714285714286,0.9259803921568628,0.9447340980187696,0.9162214222559049,134,3,1,13,151,14,9.27,0.2942451870737945,9.802965112256768e-07,0.9999999980689975,0.11732678425956107
42,13,Decision Tree,0,12,0.004444099000011192,0.9801324503311258,0.9230769230769231,0.8571428571428571,0.938989898989899,0.9249217935349322,0.8044538243213739,136,1,2,12,151,14,9.27,0.28050090840460096,0.0,1.0,0.08609271523178808
42,13,Random Forest,0,12,0.27958165200004714,0.9933774834437086,1.0,0.9285714285714286,0.9796632996632997,0.9989572471324296,0.9910714285714286,137,0,1,13,151,14,9.27,0.2463155717879474,0.0,1.0,0.08715231788079471
42,13,XGBoost,0,12,0.027822364000030575,0.9933774834437086,1.0,0.9285714285714286,0.9796632996632997,0.9916579770594369,0.9619047619047619,137,0,1,13,151,14,9.27,0.2760542929172516,4.7673191147623584e-05,0.9990153312683105,0.0884510949254036
42,13,LightGBM,0,12,0.07025745600003575,0.9933774834437086,1.0,0.9285714285714286,0.9796632996632997,0.9958289885297185,0.9740259740259738,137,0,1,13,151,14,9.27,0.28038239679862875,3.354944560137298e-08,0.99999962067212,0.08713710908887828
42,13,CatBoost,0,12,1.301845000999947,0.9933774834437086,1.0,0.9285714285714286,0.9796632996632997,0.9739311783107404,0.9441964285714284,137,0,1,13,151,14,9.27,0.272815461631934,9.373869092508802e-05,0.9962842865654417,0.08880347127395441
42,14,Logistic Regression,0,12,0.005137128999990637,0.9801324503311258,0.8235294117647058,1.0,0.946077847875253,0.9963503649635037,0.9608861376718518,134,3,0,14,151,14,9.27,0.28782817900336005,4.601327622564753e-06,0.9999999351393432,0.15023878339655067
42,14,Decision Tree,0,12,0.004544129000009889,0.9735099337748344,0.8125,0.9285714285714286,0.9259803921568628,0.9533368091762252,0.7610868022705771,134,3,1,13,151,14,9.27,0.30778675598999344,0.0,1.0,0.10596026490066225
42,14,Random Forest,0,12,0.28216213200005313,0.9867549668874173,1.0,0.8571428571428571,0.9579152731326644,1.0,1.0,137,0,2,12,151,14,9.27,0.25246634400894524,0.0,1.0,0.08837748344370862
42,14,XGBoost,0,12,0.026813424000010855,0.9933774834437086,1.0,0.9285714285714286,0.9796632996632997,1.0,0.9999999999999998,137,0,1,13,151,14,9.27,0.27588197588920593,2.1868445401196368e-05,0.9992094039916992,0.09159363806247711
42,14,LightGBM,0,12,0.07975530399994568,0.9867549668874173,1.0,0.8571428571428571,0.9579152731326644,0.9994786235662149,0.995238095238095,137,0,2,12,151,14,9.27,0.2625713450313072,2.7603397548285155e-08,0.9999995003769975,0.07805525741166067
42,14,CatBoost,0,12,1.2897247930000049,0.9867549668874173,1.0,0.8571428571428571,0.9579152731326644,1.0,0.9999999999999998,137,0,2,12,151,14,9.27,0.2609518315515505,0.0001611513053529511,0.9980231364703764,0.08569104751283779
42,15,Logistic Regression,0,12,0.005123248000018066,0.9536423841059603,0.6842105263157895,0.9285714285714286,0.8809282415230371,0.9801876955161627,0.8869667114028015,131,6,1,13,151,14,9.27,0.2911465823191494,1.817651741418665e-05,0.9999994979680453,0.15056772911256103
42,15,Decision Tree,0,12,0.005565888999967683,0.9668874172185431,0.8461538461538461,0.7857142857142857,0.8983164983164983,0.8855578727841502,0.684702714504039,135,2,3,11,151,14,9.27,0.280500908404601,0.0,1.0,0.08609271523178808
42,15,Random Forest,0,12,0.2993684980000353,0.9801324503311258,1.0,0.7857142857142857,0.9345848375451263,0.9989572471324296,0.9901360544217686,137,0,3,11,151,14,9.27,0.24010644559170746,0.0,1.0,0.07976821192052978
42,15,XGBoost,0,12,0.025505505000069206,0.9801324503311258,1.0,0.7857142857142857,0.9345848375451263,0.9906152241918665,0.9366110080395795,137,0,3,11,151,14,9.27,0.25511786341667175,3.760182880796492e-05,0.9987596273422241,0.07944466918706894
42,15,LightGBM,0,12,0.07452567500001805,0.9801324503311258,1.0,0.7857142857142857,0.9345848375451263,0.9937434827945777,0.9515606242496997,137,0,3,11,151,14,9.27,0.2594841974858803,2.815096207232369e-08,0.9999996985781165,0.07659866383757759
42,15,CatBoost,0,12,1.8122927150000123,0.9801324503311258,1.0,0.7857142857142857,0.9345848375451263,0.9968717413972888,0.973530437816152,137,0,3,11,151,14,9.27,0.25285631586072327,0.00018368770890527097,0.9974070869149054,0.07856399215705874
42,16,Logistic Regression,0,12,0.00621770899999774,0.9668874172185431,0.75,0.9230769230769231,0.9046355942907667,0.9381270903010033,0.9252898446144223,134,4,1,12,151,13,8.61,0.2783645386545736,7.786585473907809e-06,0.99999998763803,0.11422214564108638
42,16,Decision Tree,0,12,0.005257949999986522,0.9933774834437086,1.0,0.9230769230769231,0.9781949458483754,0.9615384615384616,0.9296994396332146,138,0,1,12,151,13,8.61,0.27047122988956473,0.0,1.0,0.07947019867549669
42,16,Random Forest,0,12,0.43759833900003287,0.9933774834437086,1.0,0.9230769230769231,0.9781949458483754,0.9994425863991082,0.9945054945054945,138,0,1,12,151,13,8.61,0.24413890892394996,0.0,1.0,0.08003311258278147
42,16,XGBoost,0,12,0.09246183100003691,0.9867549668874173,0.9230769230769231,0.9230769230769231,0.9579152731326644,0.9938684503901896,0.9647435897435899,137,1,1,12,151,13,8.61,0.2640552520751953,6.0842336097266525e-05,0.9976237416267395,0.08366434276103973
42,16,LightGBM,0,12,0.11741177599992625,0.9867549668874173,0.9230769230769231,0.9230769230769231,0.9579152731326644,0.992196209587514,0.9601139601139599,137,1,1,12,151,13,8.61,0.2802688125007815,2.6892071405431016e-08,0.99999955109949,0.08605806160000425
42,16,CatBoost,0,12,1.350847880999936,0.9867549668874173,0.9230769230769231,0.9230769230769231,0.9579152731326644,0.9698996655518395,0.9380022962112513,137,1,1,12,151,13,8.61,0.2718872896209227,8.063385774531783e-05,0.9983694870002954,0.08554231986999278
42,17,Logistic Regression,0,12,0.005390579000049911,0.9337748344370861,0.5833333333333334,1.0,0.849481658692185,0.9921793534932222,0.9417293233082704,127,10,0,14,151,14,9.27,0.3145517280735067,3.580538550658841e-06,0.9999999803601552,0.1855918714651759
42,17,Decision Tree,0,12,0.004752888999973948,0.9668874172185431,0.8,0.8571428571428571,0.9046355942907667,0.9176225234619395,0.6989593188268685,134,3,2,12,151,14,9.27,0.2991149613413567,0.0,1.0,0.09933774834437085
42,17,Random Forest,0,12,0.2800694109999995,0.9867549668874173,0.9285714285714286,0.9285714285714286,0.9606360792492179,0.9979144942648592,0.984126984126984,136,1,1,13,151,14,9.27,0.25238143851953176,0.0,1.0,0.09963576158940396
42,17,XGBoost,0,12,0.025970934999918427,0.9867549668874173,0.9285714285714286,0.9285714285714286,0.9606360792492179,0.9979144942648591,0.9841269841269841,136,1,1,13,151,14,9.27,0.26907050609588623,1.277002229471691e-05,0.9988511800765991,0.09390663355588913
42,17,LightGBM,0,12,0.07657201400002123,0.9801324503311258,0.9230769230769231,0.8571428571428571,0.938989898989899,0.9973931178310741,0.9790249433106575,136,1,2,12,151,14,9.27,0.2756264671808235,2.9800103877843104e-08,0.9999995889810496,0.08943508029753229
42,17,CatBoost,0,12,1.2882770530000016,0.9867549668874173,1.0,0.8571428571428571,0.9579152731326644,0.9984358706986445,0.9859693877551019,137,0,2,12,151,14,9.27,0.259546554955962,0.0001499053066251547,0.9986639277888723,0.08924971166300516
42,18,Logistic Regression,0,12,0.0052519189999884475,0.9470198675496688,0.65,0.9285714285714286,0.8674275680421422,0.9864442127215849,0.8764216758964656,130,7,1,13,151,14,9.27,0.306044413176926,3.1689743335556583e-06,0.9999999969662212,0.1550139740299802
42,18,Decision Tree,0,12,0.004171309000071233,0.9801324503311258,0.9230769230769231,0.8571428571428571,0.938989898989899,0.9249217935349322,0.8044538243213739,136,1,2,12,151,14,9.27,0.28050090840460096,0.0,1.0,0.08609271523178808
42,18,Random Forest,0,12,0.3070229460000746,0.9801324503311258,1.0,0.7857142857142857,0.9345848375451263,0.9984358706986445,0.9846415489272633,137,0,3,11,151,14,9.27,0.2408709599557998,0.0,1.0,0.08238410596026488
42,18,XGBoost,0,12,0.027615523999998004,0.9933774834437086,1.0,0.9285714285714286,0.9796632996632997,0.9994786235662149,0.995238095238095,137,0,1,13,151,14,9.27,0.26063379645347595,2.9592432838398963e-05,0.9994018077850342,0.08499407023191452
42,18,LightGBM,0,12,0.07665647399994668,0.9867549668874173,1.0,0.8571428571428571,0.9579152731326644,1.0,0.9999999999999998,137,0,2,12,151,14,9.27,0.262597895514035,3.1115885095609815e-08,0.9999995739635804,0.07823233773846022
42,18,CatBoost,0,12,1.268781057999945,0.9801324503311258,1.0,0.7857142857142857,0.9345848375451263,1.0,0.9999999999999998,137,0,3,11,151,14,9.27,0.25515194938227065,0.00013171863130966127,0.9980909350623779,0.08077661922425959
42,19,Logistic Regression,0,12,0.005118379999998979,0.9801324503311258,0.8235294117647058,1.0,0.946077847875253,0.9994786235662149,0.995238095238095,134,3,0,14,151,14,9.27,0.2853741874817985,1.6506310124920076e-05,0.9999999594897105,0.13865461883545518
42,19,Decision Tree,0,12,0.004170999000052689,0.9668874172185431,0.8461538461538461,0.7857142857142857,0.8983164983164983,0.8855578727841502,0.684702714504039,135,2,3,11,151,14,9.27,0.28050090840460096,0.0,1.0,0.08609271523178808
42,19,Random Forest,0,12,0.2689724539999361,0.9933774834437086,1.0,0.9285714285714286,0.9796632996632997,0.9984358706986445,0.9873949579831933,137,0,1,13,151,14,9.27,0.25469597717216647,0.0,1.0,0.08539735099337747
42,19,XGBoost,0,12,0.03496851299996706,0.9867549668874173,0.9285714285714286,0.9285714285714286,0.9606360792492179,0.9854014598540146,0.925413164698879,136,1,1,13,151,14,9.27,0.28417670726776123,4.2501589632593095e-05,0.9977312684059143,0.0933409258723259
42,19,LightGBM,0,12,0.07324550500004534,0.9867549668874173,0.9285714285714286,0.9285714285714286,0.9606360792492179,0.9890510948905109,0.9571428571428571,136,1,1,13,151,14,9.27,0.2827877052029986,2.7491504981697067e-08,0.9999995872740641,0.0896868135134823
42,19,CatBoost,0,12,1.2717435460000388,0.9933774834437086,1.0,0.9285714285714286,0.9796632996632997,0.9984358706986445,0.9873949579831931,137,0,1,13,151,14,9.27,0.27322379335277974,0.00023275395486719826,0.9983390260764484,0.08814795137710159
42,20,Logistic Regression,0,12,0.006638989000066431,0.9602649006622517,0.7857142857142857,0.7857142857142857,0.8819082377476538,0.9598540145985401,0.8694013303769399,134,3,3,11,151,14,9.27,0.2690949895003065,7.958931967210843e-08,0.9999999955464627,0.12400953950730016
42,20,Decision Tree,0,12,0.004207427999972424,0.9801324503311258,1.0,0.7857142857142857,0.9345848375451263,0.8928571428571428,0.8055818353831599,137,0,3,11,151,14,9.27,0.2598863161635574,0.0,1.0,0.0728476821192053
42,20,Random Forest,0,12,0.2668311840000115,0.9801324503311258,1.0,0.7857142857142857,0.9345848375451263,0.9929614181438998,0.9630541871921183,137,0,3,11,151,14,9.27,0.24829296156634723,0.0,1.0,0.07887417218543047
42,20,XGBoost,0,12,0.02321380599994427,0.9801324503311258,1.0,0.7857142857142857,0.9345848375451263,0.9786235662148072,0.9287301587301589,137,0,3,11,151,14,9.27,0.2579253017902374,4.900472049484961e-05,0.9995456337928772,0.07734090089797974
42,20,LightGBM,0,12,0.06774186699999518,0.9801324503311258,1.0,0.7857142857142857,0.9345848375451263,0.9906152241918665,0.9457671957671956,137,0,3,11,151,14,9.27,0.25602626260737166,2.833870453794791e-08,0.9999995467862877,0.07235973704316949
42,20,CatBoost,0,12,1.3706364280000116,0.9801324503311258,1.0,0.7857142857142857,0.9345848375451263,0.9953076120959332,0.9720496894409936,137,0,3,11,151,14,9.27,0.25561170599348826,0.00015658917298580412,0.9983707128671346,0.0742624093093165
42,21,Logistic Regression,0,12,0.005526990000021215,0.9403973509933775,0.6,0.9230769230769231,0.8469077391010477,0.9894091415830546,0.9070903455518837,130,8,1,12,151,13,8.61,0.30121260682960416,1.0390984907754038e-05,0.999999977936862,0.15362302158985916
42,21,Decision Tree,0,12,0.005601058999900488,0.9867549668874173,0.8666666666666667,1.0,0.9606360792492179,0.9927536231884059,0.8666666666666667,136,2,0,13,151,13,8.61,0.2991149613413567,0.0,1.0,0.09933774834437085
42,21,Random Forest,0,12,0.281242685000052,0.9735099337748344,0.8461538461538461,0.8461538461538461,0.9158305462653289,0.9972129319955407,0.9723443223443222,136,2,2,11,151,13,8.61,0.2533102540775663,0.0,1.0,0.08781456953642384
42,21,XGBoost,0,12,0.025845806000006633,0.9801324503311258,0.8571428571428571,0.9230769230769231,0.938989898989899,0.9966555183946488,0.962730858884705,136,2,1,12,151,13,8.61,0.2786947786808014,2.7866453820024617e-05,0.9993330836296082,0.0916934460401535
42,21,LightGBM,0,12,0.0783423179999545,0.9801324503311258,0.9166666666666666,0.8461538461538461,0.9345848375451263,0.9972129319955407,0.9704231665770124,137,1,2,11,151,13,8.61,0.2647686531292676,2.7986374106300024e-08,0.999999633097519,0.08138687080212713
42,21,CatBoost,0,12,1.520382292000022,0.9801324503311258,0.9166666666666666,0.8461538461538461,0.9345848375451263,0.9972129319955407,0.9704231665770124,137,1,2,11,151,13,8.61,0.254569647683377,0.00016001096923730628,0.9986576035893373,0.0821434507165742
42,22,Logistic Regression,0,12,0.06593273999999383,0.9602649006622517,0.7222222222222222,0.9285714285714286,0.8951388888888889,0.9880083420229406,0.9219747309340904,132,5,1,13,151,14,9.27,0.29100908330802755,4.7690088177458715e-06,0.9999999801739874,0.1506132368636916
42,22,Decision Tree,0,12,0.012378926999986106,0.9867549668874173,1.0,0.8571428571428571,0.9579152731326644,0.9285714285714286,0.8703878902554398,137,0,2,12,151,14,9.27,0.2704712298895647,0.0,1.0,0.07947019867549669
42,22,Random Forest,0,12,0.39734097799998835,0.9933774834437086,1.0,0.9285714285714286,0.9796632996632997,1.0,0.9999999999999999,137,0,1,13,151,14,9.27,0.24731730667708957,0.0,1.0,0.08254966887417219
42,22,XGBoost,0,12,0.25499747099991055,0.9933774834437086,1.0,0.9285714285714286,0.9796632996632997,0.9963503649635036,0.9761904761904763,137,0,1,13,151,14,9.27,0.27469271421432495,3.9657305023865774e-05,0.9987043142318726,0.09021540731191635
42,22,LightGBM,0,12,0.1420523179999691,0.9933774834437086,1.0,0.9285714285714286,0.9796632996632997,0.9973931178310741,0.9812030075187967,137,0,1,13,151,14,9.27,0.27969960006029426,2.7461747728707715e-08,0.9999995683572414,0.08647024754001541
42,22,CatBoost,0,12,1.4953651060000084,0.9933774834437086,1.0,0.9285714285714286,0.9796632996632997,0.9979144942648592,0.984126984126984,137,0,1,13,151,14,9.27,0.2684869012797947,0.00015785294388294085,0.9979091189426575,0.0854578057709953
42,23,Logistic Regression,0,12,0.004763249999996333,0.9470198675496688,0.65,0.9285714285714286,0.8674275680421422,0.9389989572471326,0.8768928084054133,130,7,1,13,151,14,9.27,0.2995555508694896,1.04877920242159e-06,0.999999962492328,0.13849084559203778
42,23,Decision Tree,0,12,0.004003869000030136,0.9470198675496688,0.75,0.6428571428571429,0.8316610925306578,0.8104796663190823,0.5152554399243141,134,3,5,9,151,14,9.27,0.2704712298895647,0.0,1.0,0.07947019867549669
42,23,Random Forest,0,12,0.2813864959999819,0.9735099337748344,1.0,0.7142857142857143,0.9094724220623501,0.9953076120959333,0.9720496894409937,137,0,4,10,151,14,9.27,0.2287808228045331,0.0,1.0,0.07764900662251654
42,23,XGBoost,0,12,0.024487086000021918,0.9735099337748344,1.0,0.7142857142857143,0.9094724220623501,0.9817518248175183,0.8965696584117636,137,0,4,10,151,14,9.27,0.2441098839044571,3.715019556693733e-05,0.9985039234161377,0.07156450301408768
42,23,LightGBM,0,12,0.08419854699991447,0.9801324503311258,1.0,0.7857142857142857,0.9345848375451263,0.9796663190823776,0.9129560915275199,137,0,3,11,151,14,9.27,0.25597062506528073,3.396707105515153e-08,0.9999994696990576,0.07273587871059467
42,23,CatBoost,0,12,1.307744896000031,0.9735099337748344,0.9166666666666666,0.7857142857142857,0.9158305462653289,0.9598540145985401,0.9080611606744009,136,1,3,11,151,14,9.27,0.2516646202515482,7.017968920949844e-05,0.9983895519791713,0.07785857735199182
42,24,Logistic Regression,0,12,0.005819199000029585,0.9536423841059603,0.6666666666666666,1.0,0.8868913857677903,1.0,0.9999999999999998,130,7,0,14,151,14,9.27,0.3085684350967817,4.567323436366465e-06,0.9999999948529144,0.16621079447486545
42,24,Decision Tree,0,12,0.005651338999996369,0.9867549668874173,0.9285714285714286,0.9285714285714286,0.9606360792492179,0.960636079249218,0.8688674145154751,136,1,1,13,151,14,9.27,0.2900329594762674,0.0,1.0,0.09271523178807947
42,24,Random Forest,0,12,0.27909376699994937,1.0,1.0,1.0,1.0,1.0,1.0,137,0,0,14,151,14,9.27,0.2720010695136822,0.0,1.0,0.09711920529801324
42,24,XGBoost,0,12,0.027871145999938562,1.0,1.0,1.0,1.0,1.0,0.9999999999999999,137,0,0,14,151,14,9.27,0.2828585207462311,2.1423526050057262e-05,0.9988922476768494,0.09468504041433334
42,24,LightGBM,0,12,0.07561668799996824,1.0,1.0,1.0,1.0,1.0,0.9999999999999998,137,0,0,14,151,14,9.27,0.28994041176690405,2.739774805829795e-08,0.9999991378674015,0.09422980559094656
42,24,CatBoost,0,12,1.2898824189999232,1.0,1.0,1.0,1.0,1.0,0.9999999999999998,137,0,0,14,151,14,9.27,0.2824329222517671,0.00019119844520175882,0.998371649954001,0.09517070516193162
42,25,Logistic Regression,0,12,0.005821709999963787,0.9867549668874173,0.9285714285714286,0.9285714285714286,0.9606360792492179,0.9854014598540146,0.9523809523809523,136,1,1,13,151,14,9.27,0.2753673159081586,2.173821409440213e-07,0.9999999942259756,0.11657239391960991
42,25,Decision Tree,0,12,0.0047598690000540955,0.9867549668874173,1.0,0.8571428571428571,0.9579152731326644,0.9285714285714286,0.8703878902554398,137,0,2,12,151,14,9.27,0.27047122988956473,0.0,1.0,0.07947019867549669
42,25,Random Forest,0,12,0.2785955770000328,0.9933774834437086,1.0,0.9285714285714286,0.9796632996632997,0.9971324296141815,0.9785714285714286,137,0,1,13,151,14,9.27,0.2588151066271955,0.0,1.0,0.08317880794701986
42,25,XGBoost,0,12,0.024865706000014143,0.9933774834437086,1.0,0.9285714285714286,0.9796632996632997,0.9984358706986444,0.9873949579831931,137,0,1,13,151,14,9.27,0.2729933559894562,3.089274468948133e-05,0.9993695616722107,0.08583047986030579
42,25,LightGBM,0,12,0.07050512900002559,0.9867549668874173,1.0,0.8571428571428571,0.9579152731326644,0.9932221063607924,0.9656084656084656,137,0,2,12,151,14,9.27,0.27099857388201526,3.149349957965163e-08,0.9999995777312491,0.08159561219847353
42,25,CatBoost,0,12,1.390745043000038,0.9933774834437086,1.0,0.9285714285714286,0.9796632996632997,0.9973931178310741,0.9812030075187967,137,0,1,13,151,14,9.27,0.2695285317040817,0.00021011313759271893,0.9985531471512852,0.08395574371094223
123,1,Logistic Regression,0,12,0.005161279000049035,0.9403973509933775,0.6,0.9230769230769231,0.8469077391010477,0.9793756967670011,0.8946111580726963,130,8,1,12,151,13,8.61,0.2939580805058293,2.714155558413117e-06,0.99999999279236,0.15246100416614367
123,1,Decision Tree,0,12,0.006074998999906711,0.9735099337748344,0.8461538461538461,0.8461538461538461,0.9158305462653289,0.9158305462653289,0.7292213644735295,136,2,2,11,151,13,8.61,0.28050090840460096,0.0,1.0,0.08609271523178808
123,1,Random Forest,0,12,0.28549768599998515,0.9867549668874173,1.0,0.8461538461538461,0.954736211031175,0.9988851727982162,0.9885883347421809,138,0,2,11,151,13,8.61,0.24207899317555154,0.0,1.0,0.08413907284768211
123,1,XGBoost,0,12,0.024437376000037148,0.9867549668874173,0.9230769230769231,0.9230769230769231,0.9579152731326644,0.9944258639910813,0.9626143087681549,137,1,1,12,151,13,8.61,0.2715310752391815,2.774014137685299e-05,0.9995478987693787,0.08965076506137848
123,1,LightGBM,0,12,0.07291256899998189,0.9801324503311258,0.8571428571428571,0.9230769230769231,0.938989898989899,0.9966555183946488,0.9727153188691648,136,2,1,12,151,13,8.61,0.27977275471240987,2.832959168375608e-08,0.9999993465719526,0.09008148021135827
123,1,CatBoost,0,12,1.3013574369999787,0.9867549668874173,1.0,0.8461538461538461,0.954736211031175,0.9966555183946488,0.9727153188691648,138,0,2,11,151,13,8.61,0.25638346470526435,0.0001355651951014121,0.998265511768895,0.0807074892749637
123,2,Logistic Regression,0,12,0.005165379000004577,0.9403973509933775,0.631578947368421,0.8571428571428571,0.8469077391010477,0.9655891553701773,0.810209589908838,130,7,2,12,151,14,9.27,0.28604299327853594,1.77051685455719e-06,0.9999993759781479,0.13890937633186567
123,2,Decision Tree,0,12,0.0052560990000074526,0.9668874172185431,0.8,0.8571428571428571,0.9046355942907667,0.9176225234619395,0.6989593188268685,134,3,2,12,151,14,9.27,0.29911496134135673,0.0,1.0,0.09933774834437085
123,2,Random Forest,0,12,0.28710473499995715,0.9735099337748344,1.0,0.7142857142857143,0.9094724220623501,0.9916579770594369,0.9608294930875576,137,0,4,10,151,14,9.27,0.22429600794454752,0.0,1.0,0.07794701986754966
123,2,XGBoost,0,12,0.026572576000035042,0.9933774834437086,1.0,0.9285714285714286,0.9796632996632997,0.9801876955161626,0.9478021978021978,137,0,1,13,151,14,9.27,0.25724923610687256,4.201005867798813e-05,0.9993539452552795,0.08294732123613358
123,2,LightGBM,0,12,0.07691557800001192,0.9801324503311258,0.9230769230769231,0.8571428571428571,0.938989898989899,0.9927007299270073,0.9471956614813757,136,1,2,12,151,14,9.27,0.2779238992628523,2.8867184287066363e-08,0.9999996322293987,0.0874132929839111
123,2,CatBoost,0,12,1.4094610899999225,0.9801324503311258,0.9230769230769231,0.8571428571428571,0.938989898989899,0.9911366006256518,0.9568027210884353,136,1,2,12,151,14,9.27,0.25577631571945547,0.0001864255127687133,0.9966739047329821,0.08258854369469769
123,3,Logistic Regression,0,12,0.00621644800003196,0.9933774834437086,0.9333333333333333,1.0,0.9809271188581534,1.0,0.9999999999999998,136,1,0,14,151,14,9.27,0.28793563142532236,6.009232615305306e-06,0.9999999638179013,0.14092285878178673
123,3,Decision Tree,0,12,0.005697179999970103,1.0,1.0,1.0,1.0,1.0,1.0,137,0,0,14,151,14,9.27,0.2900329594762674,0.0,1.0,0.09271523178807947
123,3,Random Forest,0,12,0.38353842000003624,1.0,1.0,1.0,1.0,1.0,0.9999999999999999,137,0,0,14,151,14,9.27,0.27313769708721386,0.0,1.0,0.09774834437086094
123,3,XGBoost,0,12,0.06995274899998094,0.9933774834437086,0.9333333333333333,1.0,0.9809271188581534,1.0,1.0,136,1,0,14,151,14,9.27,0.2911510169506073,2.4390974431298673e-05,0.9989149570465088,0.10068558901548386
123,3,LightGBM,0,12,0.11769978099994205,0.9933774834437086,0.9333333333333333,1.0,0.9809271188581534,1.0,0.9999999999999998,136,1,0,14,151,14,9.27,0.2961901041361629,2.7727912887610395e-08,0.999999507887995,0.09904434958673572
123,3,CatBoost,0,12,1.732602279000048,1.0,1.0,1.0,1.0,1.0,0.9999999999999998,137,0,0,14,151,14,9.27,0.28381597285868965,0.00017445393060180423,0.9982145674983717,0.09512302306172288
123,4,Logistic Regression,0,12,0.004668449000064356,0.9735099337748344,0.8125,0.9285714285714286,0.9259803921568628,0.9473409801876955,0.9209510727367869,134,3,1,13,151,14,9.27,0.29186515382622275,1.8561798088795094e-06,0.9999999952560061,0.1243076834030624
123,4,Decision Tree,0,12,0.003975989000082336,0.9735099337748344,0.8571428571428571,0.8571428571428571,0.9212721584984358,0.9212721584984359,0.7479389106636031,135,2,2,12,151,14,9.27,0.2900329594762674,0.0,1.0,0.09271523178807947
123,4,Random Forest,0,12,0.2831503469999461,0.9801324503311258,0.9230769230769231,0.8571428571428571,0.938989898989899,0.9973931178310741,0.9790249433106576,136,1,2,12,151,14,9.27,0.25574982996551365,0.0,1.0,0.08589403973509933
123,4,XGBoost,0,12,0.025624655999990864,0.9801324503311258,0.9230769230769231,0.8571428571428571,0.938989898989899,0.991657977059437,0.9487301587301586,136,1,2,12,151,14,9.27,0.2699803411960602,8.540178532712162e-05,0.9977619647979736,0.08588925004005432
123,4,LightGBM,0,12,0.07067967900002259,0.9867549668874173,1.0,0.8571428571428571,0.9579152731326644,0.9906152241918664,0.9435714285714285,137,0,2,12,151,14,9.27,0.27031228108704636,3.189003407852873e-08,0.9999994913515613,0.08020790523104118
123,4,CatBoost,0,12,1.2881949600000553,0.9867549668874173,1.0,0.8571428571428571,0.9579152731326644,0.9718456725755996,0.9305631868131867,137,0,2,12,151,14,9.27,0.2652625100277656,7.402718589586614e-05,0.9986544740770635,0.08069648401647161
123,5,Logistic Regression,0,12,0.005185030000006918,0.9602649006622517,0.7,1.0,0.9005706760316067,0.9963503649635037,0.973469387755102,131,6,0,14,151,14,9.27,0.30522026065200886,3.840546137932542e-06,0.9999999863671196,0.15938377044397928
123,5,Decision Tree,0,12,0.004748758999994607,0.9801324503311258,1.0,0.7857142857142857,0.9345848375451263,0.8928571428571428,0.8055818353831599,137,0,3,11,151,14,9.27,0.2598863161635574,0.0,1.0,0.0728476821192053
123,5,Random Forest,0,12,0.2754323660000182,0.9867549668874173,1.0,0.8571428571428571,0.9579152731326644,1.0,1.0,137,0,2,12,151,14,9.27,0.25369825867722706,0.0,1.0,0.08433774834437086
123,5,XGBoost,0,12,0.0347704649999514,0.9933774834437086,1.0,0.9285714285714286,0.9796632996632997,0.9994786235662149,0.9952380952380951,137,0,1,13,151,14,9.27,0.27197265625,2.373439747316297e-05,0.9990434050559998,0.0879393070936203
123,5,LightGBM,0,12,0.07515480799997931,0.9933774834437086,1.0,0.9285714285714286,0.9796632996632997,0.9994786235662149,0.9952380952380951,137,0,1,13,151,14,9.27,0.27779989538553224,2.759196415648888e-08,0.9999995972776438,0.08667573979915794
123,5,CatBoost,0,12,1.2707560220000005,0.9933774834437086,1.0,0.9285714285714286,0.9796632996632997,1.0,0.9999999999999998,137,0,1,13,151,14,9.27,0.2637112872552939,0.00016281683273933656,0.9981998772407217,0.08359868198854298
123,6,Logistic Regression,0,12,0.0052133290000710986,0.9403973509933775,0.5909090909090909,1.0,0.8545746388443018,0.9894091415830547,0.9237078710762918,129,9,0,13,151,13,8.61,0.31202845346704483,2.1399440126959227e-06,0.9999999966088764,0.18042860874934932
123,6,Decision Tree,0,12,0.004636549999986528,0.9536423841059603,0.6666666666666666,0.9230769230769231,0.8741816450422568,0.939799331103679,0.6220071319409068,132,6,1,12,151,13,8.61,0.3240299290788098,0.0,1.0,0.11920529801324503
123,6,Random Forest,0,12,0.2778820570000562,0.9933774834437086,0.9285714285714286,1.0,0.9796632996632997,0.9994425863991081,0.9945054945054945,137,1,0,13,151,13,8.61,0.2663671164507435,0.0,1.0,0.0995364238410596
123,6,XGBoost,0,12,0.0241744560000825,0.9735099337748344,0.7647058823529411,1.0,0.9259803921568628,1.0,0.9999999999999999,134,4,0,13,151,13,8.61,0.29006537795066833,1.7566755559528247e-05,0.9992400407791138,0.10973795503377914
123,6,LightGBM,0,12,0.07013162900000225,0.9801324503311258,0.8125,1.0,0.94278135657446,1.0,1.0,135,3,0,13,151,13,8.61,0.30158496005797814,2.9122340742617763e-08,0.9999993056258519,0.10418228832026862
123,6,CatBoost,0,12,1.325906453000016,0.9933774834437086,0.9285714285714286,1.0,0.9796632996632997,1.0,0.9999999999999998,137,1,0,13,151,13,8.61,0.2834738824022969,0.0001882787609070743,0.9978950140613883,0.10111043390945666
123,7,Logistic Regression,0,12,0.004915789000051518,0.9735099337748344,0.8571428571428571,0.8571428571428571,0.9212721584984358,0.8670490093847757,0.8708199033037871,135,2,2,12,151,14,9.27,0.27351394850563027,4.724795757610548e-08,0.9999999996809485,0.10561639898909493
123,7,Decision Tree,0,12,0.004135888999940107,0.9801324503311258,0.9230769230769231,0.8571428571428571,0.938989898989899,0.9249217935349322,0.8044538243213739,136,1,2,12,151,14,9.27,0.28050090840460096,0.0,1.0,0.08609271523178808
123,7,Random Forest,0,12,0.26683742799991705,0.9867549668874173,1.0,0.8571428571428571,0.9579152731326644,0.9144942648592285,0.8703878902554399,137,0,2,12,151,14,9.27,0.240209543883229,0.0,1.0,0.0766887417218543
123,7,XGBoost,0,12,0.02275769699997454,0.9867549668874173,1.0,0.8571428571428571,0.9579152731326644,0.9178832116788322,0.8811871763630824,137,0,2,12,151,14,9.27,0.26413974165916443,6.726142601110041e-05,0.9992117881774902,0.07994001358747482
123,7,LightGBM,0,12,0.06483875000003536,0.9867549668874173,1.0,0.8571428571428571,0.9579152731326644,0.921793534932221,0.879101007491604,137,0,2,12,151,14,9.27,0.2619218835173352,2.8199134538167518e-08,0.9999997284265714,0.07810207285662621
123,7,CatBoost,0,12,1.2935290979999081,0.9735099337748344,1.0,0.7142857142857143,0.9094724220623501,0.9343065693430657,0.8860119047619046,137,0,4,10,151,14,9.27,0.24790725321314291,5.976701497384756e-05,0.9986531950971178,0.07261948015232164
123,8,Logistic Regression,0,12,0.005326249000063399,0.9668874172185431,0.7647058823529411,0.9285714285714286,0.910129746458755,0.9801876955161628,0.92076123927832,133,4,1,13,151,14,9.27,0.2928252569174834,1.7769247686750828e-07,0.9999999989147847,0.13345931921236093
123,8,Decision Tree,0,12,0.004200809000053596,0.9735099337748344,0.9166666666666666,0.7857142857142857,0.9158305462653289,0.8892075078206464,0.7401056449069694,136,1,3,11,151,14,9.27,0.27047122988956473,0.0,1.0,0.07947019867549669
123,8,Random Forest,0,12,0.304854741999975,0.9801324503311258,1.0,0.7857142857142857,0.9345848375451263,0.9872262773722629,0.9363180678970151,137,0,3,11,151,14,9.27,0.23460323554493503,0.0,1.0,0.07735099337748344
123,8,XGBoost,0,12,0.024972466000008353,0.9801324503311258,1.0,0.7857142857142857,0.9345848375451263,0.9754953076120959,0.909970238095238,137,0,3,11,151,14,9.27,0.255227267742157,4.619549508788623e-05,0.9989657402038574,0.07646453380584717
123,8,LightGBM,0,12,0.0680656199999703,0.9867549668874173,1.0,0.8571428571428571,0.9579152731326644,0.9713242961418144,0.908824640967498,137,0,2,12,151,14,9.27,0.26458283025284046,2.7666624945544237e-08,0.9999994876873501,0.07763584112843717
123,8,CatBoost,0,12,1.317436933999943,0.9867549668874173,1.0,0.8571428571428571,0.9579152731326644,0.9900938477580814,0.9444444444444442,137,0,2,12,151,14,9.27,0.25704955162584814,0.0001399552146345337,0.9984638308379146,0.07721758559487064
123,9,Logistic Regression,0,12,0.004915019000009124,0.9403973509933775,0.6190476190476191,0.9285714285714286,0.8545746388443018,0.9921793534932221,0.9427378177378176,129,8,1,13,151,14,9.27,0.2985921338891238,1.1693132770097904e-05,0.999999956420956,0.15582420493363172
123,9,Decision Tree,0,12,0.004455839000002015,0.9668874172185431,0.8,0.8571428571428571,0.9046355942907667,0.9176225234619395,0.6989593188268685,134,3,2,12,151,14,9.27,0.2991149613413567,0.0,1.0,0.09933774834437085
123,9,Random Forest,0,12,0.28554080600008547,0.9867549668874173,1.0,0.8571428571428571,0.9579152731326644,0.9963503649635037,0.9734693877551022,137,0,2,12,151,14,9.27,0.24633464519413434,0.0,1.0,0.0883112582781457
123,9,XGBoost,0,12,0.027014116000032118,0.9867549668874173,1.0,0.8571428571428571,0.9579152731326644,0.9979144942648592,0.9815476190476189,137,0,2,12,151,14,9.27,0.2652297914028168,4.536999767879024e-05,0.9993324875831604,0.08166107535362244
123,9,LightGBM,0,12,0.08097775699991416,0.9801324503311258,0.9230769230769231,0.8571428571428571,0.938989898989899,0.9979144942648592,0.9822929171668666,136,1,2,12,151,14,9.27,0.27834678096406035,2.7428172851949955e-08,0.9999997325003503,0.08675829468365445
123,9,CatBoost,0,12,2.01272858599998,0.9867549668874173,1.0,0.8571428571428571,0.9579152731326644,1.0,0.9999999999999998,137,0,2,12,151,14,9.27,0.26215498339850307,0.0001330327629787634,0.9984076634362593,0.08350409078588107
123,10,Logistic Regression,0,12,0.010523077999891939,0.9801324503311258,0.8235294117647058,1.0,0.946077847875253,0.9979144942648592,0.9815476190476189,134,3,0,14,151,14,9.27,0.30025314022001387,2.6006777089472687e-05,0.9999999906472551,0.14395325823502875
123,10,Decision Tree,0,12,0.004887318999976742,0.9867549668874173,1.0,0.8571428571428571,0.9579152731326644,0.9285714285714286,0.8703878902554398,137,0,2,12,151,14,9.27,0.2704712298895647,0.0,1.0,0.07947019867549669
123,10,Random Forest,0,12,0.3596319940000967,0.9933774834437086,1.0,0.9285714285714286,0.9796632996632997,1.0,0.9999999999999999,137,0,1,13,151,14,9.27,0.2634709597377821,0.0,1.0,0.08701986754966888
123,10,XGBoost,0,12,0.02697760500007007,1.0,1.0,1.0,1.0,1.0,0.9999999999999998,137,0,0,14,151,14,9.27,0.2843654155731201,2.533975384721998e-05,0.9985706806182861,0.09214594215154648
123,10,LightGBM,0,12,0.07828277800001615,1.0,1.0,1.0,1.0,1.0,0.9999999999999998,137,0,0,14,151,14,9.27,0.2859036438243145,2.755594989190342e-08,0.9999996286066077,0.09133137670961865
123,10,CatBoost,0,12,1.3448001709999744,0.9933774834437086,1.0,0.9285714285714286,0.9796632996632997,1.0,0.9999999999999998,137,0,1,13,151,14,9.27,0.26973047709246184,0.00020061404505983873,0.9984599648924677,0.08640719545161123
123,11,Logistic Regression,0,12,0.00520194899991111,0.9867549668874173,0.8666666666666667,1.0,0.9606360792492179,0.9983277591973244,0.9838264299802759,136,2,0,13,151,13,8.61,0.283377682647988,2.5290273071693938e-06,0.9999999868234615,0.1355732385419549
123,11,Decision Tree,0,12,0.004985319000070376,0.9933774834437086,0.9285714285714286,1.0,0.9796632996632997,0.9963768115942029,0.9285714285714286,137,1,0,13,151,13,8.61,0.2900329594762674,0.0,1.0,0.09271523178807947
123,11,Random Forest,0,12,0.2827295760000652,0.9867549668874173,0.9230769230769231,0.9230769230769231,0.9579152731326644,0.9994425863991081,0.9945054945054945,137,1,1,12,151,13,8.61,0.2594391379236494,0.0,1.0,0.08612582781456952
123,11,XGBoost,0,12,0.024732906000053845,0.9933774834437086,0.9285714285714286,1.0,0.9796632996632997,1.0,0.9999999999999999,137,1,0,13,151,13,8.61,0.2842411696910858,2.5968944100895897e-05,0.9994521737098694,0.09223628789186478
123,11,LightGBM,0,12,0.08021576700002697,1.0,1.0,1.0,1.0,1.0,0.9999999999999998,138,0,0,13,151,13,8.61,0.2804988483502055,2.8073148114379908e-08,0.9999995337226895,0.08875887917663147
123,11,CatBoost,0,12,1.2753588909999962,0.9933774834437086,1.0,0.9230769230769231,0.9781949458483754,0.9994425863991081,0.9945054945054943,138,0,1,12,151,13,8.61,0.26686467652933216,0.00017530298873011797,0.9984013518433072,0.0838350677167294
123,12,Logistic Regression,0,12,0.004840059000002839,0.9668874172185431,0.7647058823529411,0.9285714285714286,0.910129746458755,0.9932221063607926,0.9297308685466579,133,4,1,13,151,14,9.27,0.2655531533271874,5.591000006184812e-05,0.9999968991026078,0.14156626586383564
123,12,Decision Tree,0,12,0.004538429000035649,0.9668874172185431,0.9090909090909091,0.7142857142857143,0.8909747292418773,0.8534932221063609,0.6758407155758149,136,1,4,10,151,14,9.27,0.2598863161635574,0.0,1.0,0.0728476821192053
123,12,Random Forest,0,12,0.2860998749999908,0.9668874172185431,1.0,0.6428571428571429,0.8823437743493845,0.9958289885297185,0.9678101503759399,137,0,5,9,151,14,9.27,0.20054461286249736,0.0,1.0,0.06526490066225166
123,12,XGBoost,0,12,0.026742165999962708,0.9602649006622517,1.0,0.5714285714285714,0.8529220779220779,0.9953076120959332,0.9651785714285714,137,0,6,8,151,14,9.27,0.21128591895103455,2.3286555006052367e-05,0.9991641044616699,0.0604715533554554
123,12,LightGBM,0,12,0.07487466800000675,0.9867549668874173,1.0,0.8571428571428571,0.9579152731326644,0.9963503649635036,0.976190476190476,137,0,2,12,151,14,9.27,0.2520668856127269,2.805666724117085e-08,0.9999997155602239,0.07345457272768062
123,12,CatBoost,0,12,1.30126363699992,0.9735099337748344,1.0,0.7142857142857143,0.9094724220623501,0.9979144942648592,0.9822929171668666,137,0,4,10,151,14,9.27,0.22689560071975876,0.00015539431851669728,0.9985519304766531,0.0682636855636492
123,13,Logistic Regression,0,12,0.007875238000110585,0.9668874172185431,0.7647058823529411,0.9285714285714286,0.910129746458755,0.9827945776850886,0.9498480243161094,133,4,1,13,151,14,9.27,0.3006964349026023,5.05660317696488e-07,0.9999999979461667,0.14384396529796686
123,13,Decision Tree,0,12,0.004894849000038448,0.9801324503311258,0.9230769230769231,0.8571428571428571,0.938989898989899,0.9249217935349322,0.8044538243213739,136,1,2,12,151,14,9.27,0.28050090840460096,0.0,1.0,0.08609271523178808
123,13,Random Forest,0,12,0.27309716800004935,0.9867549668874173,0.9285714285714286,0.9285714285714286,0.9606360792492179,0.9934827945776851,0.9619309262166406,136,1,1,13,151,14,9.27,0.25569045004720087,0.0,1.0,0.08841059602649007
123,13,XGBoost,0,12,0.023434385999962615,0.9933774834437086,1.0,0.9285714285714286,0.9796632996632997,0.9900938477580814,0.9588744588744589,137,0,1,13,151,14,9.27,0.268785685300827,7.915849710116163e-05,0.9992603659629822,0.08853218704462051
123,13,LightGBM,0,12,0.06904042900009699,0.9933774834437086,1.0,0.9285714285714286,0.9796632996632997,0.9869655891553701,0.9542124542124543,137,0,1,13,151,14,9.27,0.27468009463413035,2.5620759446323617e-08,0.9999995907929407,0.08446263625450584
123,13,CatBoost,0,12,1.3039241269999593,0.9933774834437086,1.0,0.9285714285714286,0.9796632996632997,0.9890510948905109,0.9571428571428571,137,0,1,13,151,14,9.27,0.26298075750531,0.0001681674532221208,0.9982687786287884,0.08242599346325542
123,14,Logistic Regression,0,12,0.005689788999916345,0.9536423841059603,0.7058823529411765,0.8571428571428571,0.8741816450422568,0.8696558915537017,0.8710884353741495,132,5,2,12,151,14,9.27,0.2871467363850439,5.684059059220685e-08,0.9999999997689819,0.12488195703251054
123,14,Decision Tree,0,12,0.0049086300000453775,0.9668874172185431,0.8461538461538461,0.7857142857142857,0.8983164983164983,0.8855578727841502,0.684702714504039,135,2,3,11,151,14,9.27,0.28050090840460096,0.0,1.0,0.08609271523178808
123,14,Random Forest,0,12,0.2941884440000422,0.9867549668874173,1.0,0.8571428571428571,0.9579152731326644,0.9348279457768509,0.8812855893325716,137,0,2,12,151,14,9.27,0.24517559397870778,0.0,1.0,0.08788079470198676
123,14,XGBoost,0,12,0.024223415999927056,0.9867549668874173,1.0,0.8571428571428571,0.9579152731326644,0.917883211678832,0.8779741561696448,137,0,2,12,151,14,9.27,0.26821014285087585,9.833757940214127e-05,0.9989708662033081,0.08386822044849396
123,14,LightGBM,0,12,0.06754936999993788,0.9735099337748344,0.8571428571428571,0.8571428571428571,0.9212721584984358,0.8884254431699687,0.8684982761069716,135,2,2,12,151,14,9.27,0.2850086831464019,2.772941944763215e-08,0.9999997180444236,0.09108450754422599
123,14,CatBoost,0,12,1.261439702999951,0.9801324503311258,0.9230769230769231,0.8571428571428571,0.938989898989899,0.9301355578727841,0.8822208257692127,136,1,2,12,151,14,9.27,0.27415113319696216,7.087291673191722e-05,0.9986626139316425,0.09223351595727157
123,15,Logistic Regression,0,12,0.005204569000056836,0.9602649006622517,0.7,1.0,0.9005706760316067,0.9979144942648592,0.9822929171668666,131,6,0,14,151,14,9.27,0.30335915405047353,4.973776573185842e-06,0.9999999918023307,0.15392529687949474
123,15,Decision Tree,0,12,0.004373469000029218,0.9735099337748344,0.8571428571428571,0.8571428571428571,0.9212721584984358,0.9212721584984359,0.7479389106636031,135,2,2,12,151,14,9.27,0.2900329594762674,0.0,1.0,0.09271523178807947
123,15,Random Forest,0,12,0.2796129659999451,0.9933774834437086,1.0,0.9285714285714286,0.9796632996632997,0.9979144942648592,0.9841269841269842,137,0,1,13,151,14,9.27,0.2613926496203711,0.0,1.0,0.08751655629139073
123,15,XGBoost,0,12,0.026696334999996907,0.9867549668874173,0.9285714285714286,0.9285714285714286,0.9606360792492179,0.9911366006256517,0.9568027210884354,136,1,1,13,151,14,9.27,0.2851642370223999,2.5250546968891285e-05,0.9979210495948792,0.0945788323879242
123,15,LightGBM,0,12,0.07746259800001098,0.9867549668874173,0.9285714285714286,0.9285714285714286,0.9606360792492179,0.9859228362877999,0.9529616724738674,136,1,1,13,151,14,9.27,0.2845500863026576,2.893010049986885e-08,0.9999996009655716,0.09075432783782353
123,15,CatBoost,0,12,1.7688668340000504,0.9933774834437086,1.0,0.9285714285714286,0.9796632996632997,0.9973931178310741,0.9812030075187967,137,0,1,13,151,14,9.27,0.27565526056489925,0.00018124858809881537,0.9977400985752805,0.08882279406510163
123,16,Logistic Regression,0,12,0.06054130000006808,0.9867549668874173,1.0,0.8461538461538461,0.954736211031175,0.8589743589743589,0.8599869243525958,138,0,2,11,151,13,8.61,0.2600471862202591,1.4674548114586692e-08,0.9999999564636427,0.09046097621959584
123,16,Decision Tree,0,12,0.012872937999986789,0.9735099337748344,0.9090909090909091,0.7692307692307693,0.9094724220623501,0.8809921962095875,0.7191682489695734,137,1,3,10,151,13,8.61,0.25988631616355734,0.0,1.0,0.0728476821192053
123,16,Random Forest,0,12,0.37935543000003236,0.9735099337748344,1.0,0.6923076923076923,0.901948051948052,0.9141583054626534,0.8593988792664289,138,0,4,9,151,13,8.61,0.21457285276645732,0.0,1.0,0.06291390728476821
123,16,XGBoost,0,12,0.10027705400000286,0.9867549668874173,1.0,0.8461538461538461,0.954736211031175,0.9124860646599777,0.8661797236946449,138,0,2,11,151,13,8.61,0.2525476813316345,3.136578743578866e-05,0.9996298551559448,0.07184995710849762
123,16,LightGBM,0,12,0.10776863299997785,0.9801324503311258,1.0,0.7692307692307693,0.9294062646096306,0.9358974358974359,0.8635007782280042,138,0,3,10,151,13,8.61,0.24030365340515725,3.00545121360853e-08,0.9999997595393836,0.06387767543682724
123,16,CatBoost,0,12,1.3771147649999875,0.9735099337748344,1.0,0.6923076923076923,0.901948051948052,0.9431438127090301,0.8696160726572175,138,0,4,9,151,13,8.61,0.228409532926935,6.572558783478231e-05,0.9988807760746984,0.0616385598833571
123,17,Logistic Regression,0,12,0.0053685389999600375,0.9271523178807947,0.56,1.0,0.8380618114458418,0.9953076120959333,0.9635531135531135,126,11,0,14,151,14,9.27,0.3302757534486977,2.733189814187872e-06,0.9999999888519785,0.1934238825041328
123,17,Decision Tree,0,12,0.004571119000047474,0.9668874172185431,0.8,0.8571428571428571,0.9046355942907667,0.9176225234619395,0.6989593188268685,134,3,2,12,151,14,9.27,0.2991149613413567,0.0,1.0,0.09933774834437085
123,17,Random Forest,0,12,0.27583039700004974,0.9933774834437086,0.9333333333333333,1.0,0.9809271188581534,0.9989572471324295,0.9901360544217687,136,1,0,14,151,14,9.27,0.26036449739861944,0.0,1.0,0.09735099337748344
123,17,XGBoost,0,12,0.025380595999990874,0.9933774834437086,0.9333333333333333,1.0,0.9809271188581534,0.9994786235662148,0.9952380952380953,136,1,0,14,151,14,9.27,0.28737321496009827,3.0062357836868614e-05,0.9991232752799988,0.1020217165350914
123,17,LightGBM,0,12,0.07681885800002419,0.9867549668874173,0.875,1.0,0.9629901960784314,1.0,0.9999999999999998,135,2,0,14,151,14,9.27,0.2885534596375924,2.7742375115126764e-08,0.9999995964298986,0.0981917420556199
123,17,CatBoost,0,12,1.295127137999998,0.9933774834437086,1.0,0.9285714285714286,0.9796632996632997,1.0,0.9999999999999998,137,0,1,13,151,14,9.27,0.27555409796978153,0.00018332700050697096,0.9979540049659313,0.09683667026409362
123,18,Logistic Regression,0,12,0.005899538999983633,0.9735099337748344,0.7777777777777778,1.0,0.9300925925925926,0.9973931178310741,0.9760531135531134,133,4,0,14,151,14,9.27,0.299997865617132,8.64754760436674e-06,0.9999999901726867,0.15944658709165388
123,18,Decision Tree,0,12,0.004075598999975227,0.9867549668874173,1.0,0.8571428571428571,0.9579152731326644,0.9285714285714286,0.8703878902554398,137,0,2,12,151,14,9.27,0.27047122988956473,0.0,1.0,0.07947019867549669
123,18,Random Forest,0,12,0.2863499759999968,0.9867549668874173,1.0,0.8571428571428571,0.9579152731326644,0.9963503649635037,0.9761904761904762,137,0,2,12,151,14,9.27,0.25184116983858207,0.0,1.0,0.0840728476821192
123,18,XGBoost,0,12,0.024801015999969422,0.9867549668874173,1.0,0.8571428571428571,0.9579152731326644,0.9911366006256517,0.9608294930875575,137,0,2,12,151,14,9.27,0.2659376859664917,3.388247569091618e-05,0.998779833316803,0.08552208542823792
123,18,LightGBM,0,12,0.07435662800003229,0.9933774834437086,1.0,0.9285714285714286,0.9796632996632997,0.9869655891553701,0.9542124542124542,137,0,1,13,151,14,9.27,0.27901446953266484,2.749028756385811e-08,0.9999995995440951,0.08572109988347494
123,18,CatBoost,0,12,1.287198058999934,0.9933774834437086,1.0,0.9285714285714286,0.9796632996632997,0.9947862356621481,0.9702380952380951,137,0,1,13,151,14,9.27,0.2653434390885207,0.00020085014139438484,0.9982887357085218,0.08465171291646188
123,19,Logistic Regression,0,12,0.005078128999912224,0.9735099337748344,0.7777777777777778,1.0,0.9300925925925926,0.9979144942648592,0.9815476190476189,133,4,0,14,151,14,9.27,0.2979937587277553,2.567553624014397e-06,0.9999999910750815,0.14433024231445526
123,19,Decision Tree,0,12,0.004760019999821452,0.9867549668874173,0.9285714285714286,0.9285714285714286,0.9606360792492179,0.960636079249218,0.8688674145154751,136,1,1,13,151,14,9.27,0.2900329594762674,0.0,1.0,0.09271523178807947
123,19,Random Forest,0,12,0.2944902539998111,0.9933774834437086,0.9333333333333333,1.0,0.9809271188581534,0.9994786235662148,0.9952380952380953,136,1,0,14,151,14,9.27,0.2723169748677178,0.0,1.0,0.09728476821192053
123,19,XGBoost,0,12,0.0252149160000954,0.9933774834437086,0.9333333333333333,1.0,0.9809271188581534,1.0,1.0,136,1,0,14,151,14,9.27,0.2885502576828003,2.3266866264748387e-05,0.9991459846496582,0.09851368516683578
123,19,LightGBM,0,12,0.07984145799991893,1.0,1.0,1.0,1.0,1.0,0.9999999999999998,137,0,0,14,151,14,9.27,0.2897688716961003,2.764376163838276e-08,0.9999995711474198,0.0933966525638307
123,19,CatBoost,0,12,1.2748840409999502,1.0,1.0,1.0,1.0,1.0,0.9999999999999998,137,0,0,14,151,14,9.27,0.28461363946868495,0.0001640608668765207,0.9982343607441279,0.09662947996037759
123,20,Logistic Regression,0,12,0.004757330000074944,0.9668874172185431,0.8,0.8571428571428571,0.9046355942907667,0.9807090719499478,0.9019619269619268,134,3,2,12,151,14,9.27,0.26791636690956916,1.150981639780337e-06,0.9999999945826974,0.12333793492946249
123,20,Decision Tree,0,12,0.004426049000130661,0.9735099337748344,0.9166666666666666,0.7857142857142857,0.9158305462653289,0.8892075078206464,0.7401056449069694,136,1,3,11,151,14,9.27,0.27047122988956473,0.0,1.0,0.07947019867549669
123,20,Random Forest,0,12,0.27527817700001833,0.9867549668874173,1.0,0.8571428571428571,0.9579152731326644,0.9937434827945777,0.9619309262166404,137,0,2,12,151,14,9.27,0.24708835582698216,0.0,1.0,0.0840066225165563
123,20,XGBoost,0,12,0.02604001600002448,0.9933774834437086,1.0,0.9285714285714286,0.9796632996632997,0.9906152241918664,0.9598214285714285,137,0,1,13,151,14,9.27,0.2708795666694641,6.550066609634086e-05,0.9993245601654053,0.08840527385473251
123,20,LightGBM,0,12,0.07674216800000977,0.9867549668874173,0.9285714285714286,0.9285714285714286,0.9606360792492179,0.9921793534932222,0.9630541871921181,136,1,1,13,151,14,9.27,0.2870411233405732,2.7716858468891738e-08,0.9999993612061043,0.094198243269276
123,20,CatBoost,0,12,1.3111392159999014,0.9867549668874173,1.0,0.8571428571428571,0.9579152731326644,0.9927007299270072,0.9605064247921389,137,0,2,12,151,14,9.27,0.26294514766391525,0.00010953282961170474,0.9986551880151002,0.08381058481712418
123,21,Logistic Regression,0,12,0.005109530000027007,0.9403973509933775,0.5909090909090909,1.0,0.8545746388443018,0.992196209587514,0.9311726734803656,129,9,0,13,151,13,8.61,0.28570021950614055,8.454644903088152e-06,0.9999976674689879,0.15478861919663592
123,21,Decision Tree,0,12,0.004644660000167278,0.9668874172185431,0.8333333333333334,0.7692307692307693,0.8909747292418773,0.8773690078037905,0.6608931906945152,136,2,3,10,151,13,8.61,0.2704712298895647,0.0,1.0,0.07947019867549669
123,21,Random Forest,0,12,0.28094428600002175,0.9867549668874173,1.0,0.8461538461538461,0.954736211031175,0.9983277591973243,0.9838264299802759,138,0,2,11,151,13,8.61,0.2307369639028778,0.0,0.99,0.08082781456953642
123,21,XGBoost,0,12,0.02723252600003434,0.9867549668874173,1.0,0.8461538461538461,0.954736211031175,0.9983277591973244,0.9855769230769229,138,0,2,11,151,13,8.61,0.2537766695022583,1.9290107957203873e-05,0.9981854557991028,0.08572076261043549
123,21,LightGBM,0,12,0.07652546799999982,0.9867549668874173,0.9230769230769231,0.9230769230769231,0.9579152731326644,0.9994425863991081,0.9945054945054943,137,1,1,12,151,13,8.61,0.27743524944764975,2.803899899333687e-08,0.9999997819783686,0.09006313453325895
123,21,CatBoost,0,12,1.4977939860000333,0.9867549668874173,0.9230769230769231,0.9230769230769231,0.9579152731326644,0.9994425863991081,0.9945054945054943,137,1,1,12,151,13,8.61,0.2507554480478593,0.00016066124142459116,0.9979307031320479,0.07915937865285662
123,22,Logistic Regression,0,12,0.016032607000170174,0.9801324503311258,0.8235294117647058,1.0,0.946077847875253,0.9994786235662149,0.995238095238095,134,3,0,14,151,14,9.27,0.30072499584366386,4.454413047732136e-06,0.9999999917224919,0.15555822917119005
123,22,Decision Tree,0,12,0.004809549000128754,0.9867549668874173,0.9285714285714286,0.9285714285714286,0.9606360792492179,0.960636079249218,0.8688674145154751,136,1,1,13,151,14,9.27,0.2900329594762674,0.0,1.0,0.09271523178807947
123,22,Random Forest,0,12,0.4086085460000959,1.0,1.0,1.0,1.0,1.0,1.0,137,0,0,14,151,14,9.27,0.2741648789697334,0.0,1.0,0.09490066225165562
123,22,XGBoost,0,12,0.07525026799999068,0.9933774834437086,0.9333333333333333,1.0,0.9809271188581534,1.0,0.9999999999999999,136,1,0,14,151,14,9.27,0.2905856966972351,2.8128109988756478e-05,0.998943030834198,0.09929365664720535
123,22,LightGBM,0,12,0.11793314200008354,0.9933774834437086,0.9333333333333333,1.0,0.9809271188581534,1.0,0.9999999999999998,136,1,0,14,151,14,9.27,0.2954134824520869,2.7181515845925173e-08,0.9999994393673431,0.09812378121677374
123,22,CatBoost,0,12,1.6941139549999207,1.0,1.0,1.0,1.0,1.0,0.9999999999999998,137,0,0,14,151,14,9.27,0.2852064371269089,0.0001844494730861637,0.9983786204280821,0.0950802937613336
123,23,Logistic Regression,0,12,0.005413648999819998,0.9602649006622517,0.7222222222222222,0.9285714285714286,0.8951388888888889,0.9749739311783108,0.9227703741250537,132,5,1,13,151,14,9.27,0.28679103965805297,2.5679367028296733e-07,0.9999999971044926,0.144419866375022
123,23,Decision Tree,0,12,0.0045796790000167675,0.9801324503311258,0.9230769230769231,0.8571428571428571,0.938989898989899,0.9249217935349322,0.8044538243213739,136,1,2,12,151,14,9.27,0.28050090840460096,0.0,1.0,0.08609271523178808
123,23,Random Forest,0,12,0.2750538069999493,0.9867549668874173,1.0,0.8571428571428571,0.9579152731326644,0.9893117831074036,0.9555984555984557,137,0,2,12,151,14,9.27,0.2464219367005336,0.0,1.0,0.08473509933774834
123,23,XGBoost,0,12,0.02430231600010302,0.9801324503311258,1.0,0.7857142857142857,0.9345848375451263,0.9900938477580813,0.9502329467767254,137,0,3,11,151,14,9.27,0.259082555770874,5.159476131666452e-05,0.9993607401847839,0.08051023632287979
123,23,LightGBM,0,12,0.07919503800007988,0.9801324503311258,1.0,0.7857142857142857,0.9345848375451263,0.9906152241918665,0.9557274522712309,137,0,3,11,151,14,9.27,0.2597089682754114,2.798843394429605e-08,0.9999997538274401,0.07371863746842772
123,23,CatBoost,0,12,1.2589985639999668,0.9933774834437086,1.0,0.9285714285714286,0.9796632996632997,0.9911366006256518,0.9608294930875574,137,0,1,13,151,14,9.27,0.2674424425830926,0.00017571045392303556,0.9986541001431839,0.08529214070928508
123,24,Logistic Regression,0,12,0.005221809999966354,0.9403973509933775,0.6086956521739131,1.0,0.8613972463029067,0.9953076120959332,0.9666666666666666,128,9,0,14,151,14,9.27,0.31074042295849574,3.7226081875372826e-06,0.9999999949300613,0.15992064263495226
123,24,Decision Tree,0,12,0.004751438999846869,0.9801324503311258,0.9230769230769231,0.8571428571428571,0.938989898989899,0.9249217935349322,0.8044538243213739,136,1,2,12,151,14,9.27,0.28050090840460096,0.0,1.0,0.08609271523178808
123,24,Random Forest,0,12,0.28287272600005053,0.9867549668874173,1.0,0.8571428571428571,0.9579152731326644,1.0,1.0,137,0,2,12,151,14,9.27,0.255073681083441,0.0,1.0,0.09
123,24,XGBoost,0,12,0.028581054999904154,1.0,1.0,1.0,1.0,1.0,1.0,137,0,0,14,151,14,9.27,0.2840377986431122,1.7472189938416705e-05,0.9986565113067627,0.09513094276189804
123,24,LightGBM,0,12,0.07769454699996459,0.9867549668874173,0.9285714285714286,0.9285714285714286,0.9606360792492179,0.9994786235662149,0.995238095238095,136,1,1,13,151,14,9.27,0.283598989091347,2.8151820237678406e-08,0.9999996909953637,0.09329653966938296
123,24,CatBoost,0,12,1.3179368940000131,0.9933774834437086,1.0,0.9285714285714286,0.9796632996632997,0.9994786235662149,0.995238095238095,137,0,1,13,151,14,9.27,0.2757006718069183,0.00017617135463587866,0.9982550619347276,0.09263643819818954
123,25,Logistic Regression,0,12,0.0061000890000286745,0.9668874172185431,0.8,0.8571428571428571,0.9046355942907667,0.8644421272158499,0.8481233402451889,134,3,2,12,151,14,9.27,0.27234150676246927,2.5982874639869435e-09,0.9999999895593968,0.09999749834358615
123,25,Decision Tree,0,12,0.004035968999914985,0.9536423841059603,0.7692307692307693,0.7142857142857143,0.8576430976430975,0.8461939520333682,0.5759406156757151,134,3,4,10,151,14,9.27,0.28050090840460096,0.0,1.0,0.08609271523178808
123,25,Random Forest,0,12,0.2639953280001919,0.9602649006622517,0.9,0.6428571428571429,0.8642086330935252,0.9150156412930135,0.8296369745045241,136,1,5,9,151,14,9.27,0.24185741458725993,0.0,1.0,0.07559602649006623
123,25,XGBoost,0,12,0.02236374699987209,0.9668874172185431,0.8461538461538461,0.7857142857142857,0.8983164983164983,0.9301355578727841,0.8527344803078205,135,2,3,11,151,14,9.27,0.26570433378219604,0.00017413008026778698,0.9973441958427429,0.08245307952165604
123,25,LightGBM,0,12,0.06607246999988092,0.9735099337748344,0.9166666666666666,0.7857142857142857,0.9158305462653289,0.9306569343065693,0.8231180385924399,136,1,3,11,151,14,9.27,0.2702784715594128,2.8771240064048837e-08,0.9999996643141299,0.07952594150088577
123,25,CatBoost,0,12,1.9823349509999844,0.9801324503311258,1.0,0.7857142857142857,0.9345848375451263,0.948905109489051,0.8774442335073562,137,0,3,11,151,14,9.27,0.25092607935405337,6.585601235115879e-05,0.9988368786076443,0.07479179593432905
456,1,Logistic Regression,0,12,0.004852568999922369,0.9536423841059603,0.6666666666666666,0.9230769230769231,0.8741816450422568,0.979933110367893,0.927416786112438,132,6,1,12,151,13,8.61,0.2845850172178592,1.2321406423596207e-05,0.9999999073977367,0.14542550552115827
456,1,Decision Tree,0,12,0.004300620000094568,0.9668874172185431,0.8333333333333334,0.7692307692307693,0.8909747292418773,0.8773690078037905,0.6608931906945152,136,2,3,10,151,13,8.61,0.2704712298895647,0.0,1.0,0.07947019867549669
456,1,Random Forest,0,12,0.28336162599998715,0.9668874172185431,0.9,0.6923076923076923,0.8823437743493845,0.995540691192865,0.9593120554659016,137,1,4,9,151,13,8.61,0.24169752667201297,0.0,1.0,0.07711920529801324
456,1,XGBoost,0,12,0.5262999080000554,0.9801324503311258,1.0,0.7692307692307693,0.9294062646096306,0.9849498327759199,0.924429416737109,138,0,3,10,151,13,8.61,0.24473634362220764,5.471143595059402e-05,0.9988920092582703,0.07068267464637756
456,1,LightGBM,0,12,0.09250053499999922,0.9801324503311258,1.0,0.7692307692307693,0.9294062646096306,0.9855072463768116,0.9354700854700853,138,0,3,10,151,13,8.61,0.2427519527124484,2.769118077514235e-08,0.9999994698500725,0.06535900066401269
456,1,CatBoost,0,12,1.342976120000003,0.9801324503311258,1.0,0.7692307692307693,0.9294062646096306,0.9966555183946488,0.9701923076923074,138,0,3,10,151,13,8.61,0.24168536204288243,0.00014742873315747192,0.9982027248650094,0.06896911489822878
456,2,Logistic Regression,0,12,0.00519177900014256,0.9668874172185431,0.7647058823529411,0.9285714285714286,0.910129746458755,0.9827945776850887,0.9362803862803861,133,4,1,13,151,14,9.27,0.2955339784478112,3.088490399894924e-07,0.9999999991341395,0.13266151009115845
456,2,Decision Tree,0,12,0.004742050000004383,0.9867549668874173,0.9285714285714286,0.9285714285714286,0.9606360792492179,0.960636079249218,0.8688674145154751,136,1,1,13,151,14,9.27,0.2900329594762674,0.0,1.0,0.09271523178807947
456,2,Random Forest,0,12,0.29207407499984583,0.9933774834437086,1.0,0.9285714285714286,0.9796632996632997,0.9921793534932222,0.9619047619047619,137,0,1,13,151,14,9.27,0.2535335820452256,0.0,1.0,0.08516556291390728
456,2,XGBoost,0,12,0.0250407250000535,0.9933774834437086,1.0,0.9285714285714286,0.9796632996632997,0.997393117831074,0.9812030075187969,137,0,1,13,151,14,9.27,0.27246516942977905,3.936626671929844e-05,0.9993547797203064,0.08728339523077011
456,2,LightGBM,0,12,0.07114149800008818,0.9867549668874173,1.0,0.8571428571428571,0.9579152731326644,0.9958289885297185,0.9740259740259739,137,0,2,12,151,14,9.27,0.270378309363999,2.9306711674144337e-08,0.9999996806043422,0.08093582104902466
456,2,CatBoost,0,12,1.7776506029999837,0.9933774834437086,1.0,0.9285714285714286,0.9796632996632997,0.9963503649635037,0.976190476190476,137,0,1,13,151,14,9.27,0.2692932822621812,0.00016714451660409526,0.9985950545727292,0.08541480839344316
456,3,Logistic Regression,0,12,0.008918197999946642,0.9470198675496688,0.6666666666666666,0.8571428571428571,0.8601851851851852,0.9916579770594368,0.9374776226279984,131,6,2,12,151,14,9.27,0.2896310634390437,4.264278747952952e-06,0.9999998721164224,0.14587606882229176
456,3,Decision Tree,0,12,0.008317098000134138,0.9801324503311258,1.0,0.7857142857142857,0.9345848375451263,0.8928571428571428,0.8055818353831599,137,0,3,11,151,14,9.27,0.2598863161635574,0.0,1.0,0.0728476821192053
456,3,Random Forest,0,12,0.3808733549999488,0.9933774834437086,1.0,0.9285714285714286,0.9796632996632997,1.0,1.0,137,0,1,13,151,14,9.27,0.2510071463486474,0.0,1.0,0.08741721854304635
456,3,XGBoost,0,12,0.10000807500000519,1.0,1.0,1.0,1.0,1.0,0.9999999999999998,137,0,0,14,151,14,9.27,0.28038662672042847,2.056222911051009e-05,0.9986360669136047,0.09445109218358994
456,3,LightGBM,0,12,0.12096986799997467,0.9867549668874173,0.9285714285714286,0.9285714285714286,0.9606360792492179,0.9994786235662149,0.995238095238095,136,1,1,13,151,14,9.27,0.2823200983828725,2.8463262294575804e-08,0.9999995587877072,0.09401254871082676
456,3,CatBoost,0,12,1.3970801190000657,0.9867549668874173,1.0,0.8571428571428571,0.9579152731326644,0.9994786235662149,0.995238095238095,137,0,2,12,151,14,9.27,0.2705120121430132,0.00013461570140200395,0.9983240320972366,0.089186697620252
456,4,Logistic Regression,0,12,0.005515630999980203,0.9668874172185431,0.7647058823529411,0.9285714285714286,0.910129746458755,0.9379562043795621,0.8810928328349931,133,4,1,13,151,14,9.27,0.2888522671003629,1.4491756514439053e-06,0.999999900857076,0.12671640990419167
456,4,Decision Tree,0,12,0.004295230999787236,0.9801324503311258,1.0,0.7857142857142857,0.9345848375451263,0.8928571428571428,0.8055818353831599,137,0,3,11,151,14,9.27,0.2598863161635574,0.0,1.0,0.0728476821192053
456,4,Random Forest,0,12,0.26886577100003706,0.9933774834437086,1.0,0.9285714285714286,0.9796632996632997,0.9984358706986444,0.9873949579831931,137,0,1,13,151,14,9.27,0.243498055460461,0.0,1.0,0.08728476821192052
456,4,XGBoost,0,12,0.023227062999922055,0.9867549668874173,0.9285714285714286,0.9285714285714286,0.9606360792492179,0.9885297184567257,0.9520408163265304,136,1,1,13,151,14,9.27,0.28029346466064453,4.007871029898524e-05,0.9981096982955933,0.09272925555706024
456,4,LightGBM,0,12,0.06913825000015095,0.9867549668874173,0.9285714285714286,0.9285714285714286,0.9606360792492179,0.9916579770594369,0.9619047619047618,136,1,1,13,151,14,9.27,0.28329987753944885,3.598955906361482e-08,0.9999995704570976,0.09045856252443471
456,4,CatBoost,0,12,1.2768369010000242,0.9933774834437086,1.0,0.9285714285714286,0.9796632996632997,0.97288842544317,0.9437229437229435,137,0,1,13,151,14,9.27,0.26627430622358267,8.636416293637582e-05,0.997543009938874,0.08585009026889952
456,5,Logistic Regression,0,12,0.005186650999803533,0.9602649006622517,0.7,1.0,0.9005706760316067,0.9942648592283629,0.9562702003878472,131,6,0,14,151,14,9.27,0.30516923786989913,1.6382174222598917e-06,0.999999996821322,0.1608650439317571
456,5,Decision Tree,0,12,0.004626509999980044,0.9735099337748344,0.8125,0.9285714285714286,0.9259803921568628,0.9533368091762252,0.7610868022705771,134,3,1,13,151,14,9.27,0.3077867559899934,0.0,1.0,0.10596026490066225
456,5,Random Forest,0,12,0.29032861399991816,0.9933774834437086,0.9333333333333333,1.0,0.9809271188581534,0.9994786235662148,0.9952380952380951,136,1,0,14,151,14,9.27,0.268389541382343,0.0,1.0,0.09996688741721854
456,5,XGBoost,0,12,0.02665877399999772,0.9933774834437086,0.9333333333333333,1.0,0.9809271188581534,1.0,1.0,136,1,0,14,151,14,9.27,0.2926718294620514,3.0809631425654516e-05,0.9994712471961975,0.10262976586818695
456,5,LightGBM,0,12,0.07683482200013714,0.9933774834437086,0.9333333333333333,1.0,0.9809271188581534,1.0,0.9999999999999998,136,1,0,14,151,14,9.27,0.29576620756996624,2.7404373987487002e-08,0.9999997454083824,0.09832686023285406
456,5,CatBoost,0,12,1.268535891000056,0.9933774834437086,0.9333333333333333,1.0,0.9809271188581534,1.0,0.9999999999999998,136,1,0,14,151,14,9.27,0.2819495278742388,0.000150597357527663,0.998032274274111,0.09695366951545548
456,6,Logistic Regression,0,12,0.0058076809998510726,0.9536423841059603,0.6666666666666666,0.9230769230769231,0.8741816450422568,0.9821627647714604,0.945299145299145,132,6,1,12,151,13,8.61,0.28947549660897237,1.1194525822971294e-05,0.9999999696088264,0.15176499975498928
456,6,Decision Tree,0,12,0.004962750000004235,0.9867549668874173,1.0,0.8461538461538461,0.954736211031175,0.9230769230769231,0.8593988792664289,138,0,2,11,151,13,8.61,0.2598863161635574,0.0,1.0,0.0728476821192053
456,6,Random Forest,0,12,0.27915575199995146,0.9867549668874173,1.0,0.8461538461538461,0.954736211031175,1.0,1.0,138,0,2,11,151,13,8.61,0.2293096300888199,0.0,1.0,0.07642384105960265
456,6,XGBoost,0,12,0.026108724000096117,0.9867549668874173,1.0,0.8461538461538461,0.954736211031175,0.9994425863991081,0.9945054945054945,138,0,2,11,151,13,8.61,0.25763025879859924,4.0186634578276426e-05,0.9989068508148193,0.0776878148317337
456,6,LightGBM,0,12,0.07548571100005574,0.9867549668874173,1.0,0.8461538461538461,0.954736211031175,0.9994425863991081,0.9945054945054943,138,0,2,11,151,13,8.61,0.2596447715271287,2.708677216798274e-08,0.9999997586226904,0.07307800122448578
456,6,CatBoost,0,12,1.274229570999978,0.9867549668874173,1.0,0.8461538461538461,0.954736211031175,0.9994425863991081,0.9945054945054943,138,0,2,11,151,13,8.61,0.2545895123536059,0.00012709262172587774,0.9983376872963486,0.07825718291140826
456,7,Logistic Regression,0,12,0.005208949999996548,0.9602649006622517,0.7222222222222222,0.9285714285714286,0.8951388888888889,0.9447340980187696,0.9183047555892383,132,5,1,13,151,14,9.27,0.30790322439674006,6.302306591705987e-07,0.9999999967377191,0.1340713539820719
456,7,Decision Tree,0,12,0.003970791000028839,0.9801324503311258,0.9230769230769231,0.8571428571428571,0.938989898989899,0.9249217935349322,0.8044538243213739,136,1,2,12,151,14,9.27,0.28050090840460096,0.0,1.0,0.08609271523178808
456,7,Random Forest,0,12,0.27299173100004737,0.9867549668874173,1.0,0.8571428571428571,0.9579152731326644,0.9968717413972888,0.9746031746031746,137,0,2,12,151,14,9.27,0.24802689641383227,0.0,1.0,0.08158940397350993
456,7,XGBoost,0,12,0.024019862999921315,0.9801324503311258,0.9230769230769231,0.8571428571428571,0.938989898989899,0.9916579770594369,0.9470496894409938,136,1,2,12,151,14,9.27,0.27398747205734253,7.295563409570605e-05,0.998337984085083,0.08593261241912842
456,7,LightGBM,0,12,0.06898691099991083,0.9867549668874173,1.0,0.8571428571428571,0.9579152731326644,0.9843587069864441,0.9291383219954648,137,0,2,12,151,14,9.27,0.27087335877965774,2.9370280323392988e-08,0.9999994014767605,0.08156356221946864
456,7,CatBoost,0,12,1.283461922000015,0.9801324503311258,0.9230769230769231,0.8571428571428571,0.938989898989899,0.9723670490093848,0.9248591909882231,136,1,2,12,151,14,9.27,0.26847293544252415,6.125966805193567e-05,0.9985561574894525,0.08584775799800244
456,8,Logistic Regression,0,12,0.004961792000131027,0.9602649006622517,0.7,1.0,0.9005706760316067,0.9942648592283629,0.9504861053733233,131,6,0,14,151,14,9.27,0.2982444575188087,1.1244474831502077e-05,0.999999983282638,0.15895083207847807
456,8,Decision Tree,0,12,0.004448271000001114,0.9867549668874173,1.0,0.8571428571428571,0.9579152731326644,0.9285714285714286,0.8703878902554398,137,0,2,12,151,14,9.27,0.2704712298895647,0.0,1.0,0.07947019867549669
456,8,Random Forest,0,12,0.27679344099988157,1.0,1.0,1.0,1.0,1.0,0.9999999999999999,137,0,0,14,151,14,9.27,0.2537869100460354,0.0,1.0,0.08943708609271522
456,8,XGBoost,0,12,0.024815794000005553,1.0,1.0,1.0,1.0,1.0,1.0,137,0,0,14,151,14,9.27,0.2821374237537384,2.2460633772425354e-05,0.9986924529075623,0.09435664862394333
456,8,LightGBM,0,12,0.07640435100006471,1.0,1.0,1.0,1.0,1.0,0.9999999999999998,137,0,0,14,151,14,9.27,0.2891144551816941,2.747729852603444e-08,0.999999032790047,0.0928105941093853
456,8,CatBoost,0,12,1.4109507020000365,1.0,1.0,1.0,1.0,1.0,0.9999999999999998,137,0,0,14,151,14,9.27,0.2727596293452512,0.00018759616597294394,0.9982786810801931,0.09115184964164973
456,9,Logistic Regression,0,12,0.06278659999998126,0.9602649006622517,0.7857142857142857,0.7857142857142857,0.8819082377476538,0.9781021897810219,0.9092317778175099,134,3,3,11,151,14,9.27,0.2559046519075285,1.7140576615984676e-07,0.9999999872599074,0.11485342924064826
456,9,Decision Tree,0,12,0.011562191999928473,0.9735099337748344,0.9166666666666666,0.7857142857142857,0.9158305462653289,0.8892075078206464,0.7401056449069694,136,1,3,11,151,14,9.27,0.27047122988956473,0.0,1.0,0.07947019867549669
456,9,Random Forest,0,12,0.396855018999986,0.9801324503311258,1.0,0.7857142857142857,0.9345848375451263,0.9880083420229406,0.9436159079016222,137,0,3,11,151,14,9.27,0.2390611983733337,0.0,1.0,0.07731788079470198
456,9,XGBoost,0,12,0.06938883999987411,0.9735099337748344,0.9166666666666666,0.7857142857142857,0.9158305462653289,0.9927007299270073,0.956436420722135,136,1,3,11,151,14,9.27,0.26063209772109985,3.0498360501951538e-05,0.9996839761734009,0.07954279333353043
456,9,LightGBM,0,12,0.11566517800019938,0.9801324503311258,1.0,0.7857142857142857,0.9345848375451263,0.989051094890511,0.9419421304501949,137,0,3,11,151,14,9.27,0.2608343941916315,2.925443592599105e-08,0.99999969100435,0.07726820084944017
456,9,CatBoost,0,12,1.6460387469999205,0.9735099337748344,1.0,0.7142857142857143,0.9094724220623501,0.9937434827945777,0.9634693877551019,137,0,4,10,151,14,9.27,0.24638865566258536,0.0001638775530037363,0.9984962838492143,0.0733286368556709
456,10,Logistic Regression,0,12,0.005184021000104622,0.9536423841059603,0.6666666666666666,1.0,0.8868913857677903,0.9953076120959333,0.9597163865546217,130,7,0,14,151,14,9.27,0.3152268324845318,4.379629171499295e-06,0.9999999578539509,0.15885685538576189
456,10,Decision Tree,0,12,0.006781260000025213,0.9602649006622517,0.7222222222222222,0.9285714285714286,0.8951388888888889,0.9460375391032326,0.6772574371912121,132,5,1,13,151,14,9.27,0.3240299290788098,0.0,1.0,0.11920529801324503
456,10,Random Forest,0,12,0.27367721099994924,0.9867549668874173,0.875,1.0,0.9629901960784314,1.0,1.0,135,2,0,14,151,14,9.27,0.28004712351020977,0.0,1.0,0.10632450331125827
456,10,XGBoost,0,12,0.024862154000174996,0.9867549668874173,0.875,1.0,0.9629901960784314,0.9989572471324295,0.9901360544217688,135,2,0,14,151,14,9.27,0.298735111951828,2.0543569917208515e-05,0.9994874000549316,0.10768640041351318
456,10,LightGBM,0,12,0.07541534200004207,0.9933774834437086,0.9333333333333333,1.0,0.9809271188581534,1.0,0.9999999999999998,136,1,0,14,151,14,9.27,0.29805701462509654,2.721169423492806e-08,0.9999996560426574,0.1000367232762732
456,10,CatBoost,0,12,1.2735652809999465,0.9933774834437086,0.9333333333333333,1.0,0.9809271188581534,1.0,0.9999999999999998,136,1,0,14,151,14,9.27,0.28949768389526304,0.0001535762629247969,0.9984942192983658,0.10309387024762541
456,11,Logistic Regression,0,12,0.00447070099994562,0.9867549668874173,0.9230769230769231,0.9230769230769231,0.9579152731326644,0.9381270903010034,0.9120209627202631,137,1,1,12,151,13,8.61,0.26032114829203734,6.1682601439766305e-06,0.9999999700958344,0.1036856199205454
456,11,Decision Tree,0,12,0.0046491109999351465,0.9668874172185431,0.8333333333333334,0.7692307692307693,0.8909747292418773,0.8773690078037905,0.6608931906945152,136,2,3,10,151,13,8.61,0.2704712298895647,0.0,1.0,0.07947019867549669
456,11,Random Forest,0,12,0.27782211099997767,0.9801324503311258,1.0,0.7692307692307693,0.9294062646096306,0.9994425863991081,0.9945054945054945,138,0,3,10,151,13,8.61,0.23595365251425682,0.0,1.0,0.0730794701986755
456,11,XGBoost,0,12,0.024753793999934715,0.9801324503311258,1.0,0.7692307692307693,0.9294062646096306,0.9927536231884059,0.9480715363068304,138,0,3,10,151,13,8.61,0.24275420606136322,4.389536115922965e-05,0.9992358684539795,0.06684860587120056
456,11,LightGBM,0,12,0.0704318109999349,0.9801324503311258,1.0,0.7692307692307693,0.9294062646096306,0.996098104793757,0.9697913422609776,138,0,3,10,151,13,8.61,0.24859497188646057,3.368651548155433e-08,0.9999997526262819,0.06625658491082786
456,11,CatBoost,0,12,1.290103973999976,0.9801324503311258,1.0,0.7692307692307693,0.9294062646096306,0.9698996655518395,0.9380022962112513,138,0,3,10,151,13,8.61,0.24540065276136802,9.059691319126556e-05,0.9987867350436783,0.06979864592246704
456,12,Logistic Regression,0,12,0.004754140999921219,0.9470198675496688,0.65,0.9285714285714286,0.8674275680421422,0.9791449426485923,0.896574014221073,130,7,1,13,151,14,9.27,0.2933439523322635,2.735557214653256e-06,0.9999999907384994,0.15941024667816628
456,12,Decision Tree,0,12,0.00429723100000956,0.9735099337748344,0.9166666666666666,0.7857142857142857,0.9158305462653289,0.8892075078206464,0.7401056449069694,136,1,3,11,151,14,9.27,0.27047122988956473,0.0,1.0,0.07947019867549669
456,12,Random Forest,0,12,0.28168994299994665,0.9801324503311258,1.0,0.7857142857142857,0.9345848375451263,1.0,0.9999999999999999,137,0,3,11,151,14,9.27,0.23834083324420982,0.0,1.0,0.08155629139072848
456,12,XGBoost,0,12,0.025847584000075585,0.9933774834437086,1.0,0.9285714285714286,0.9796632996632997,0.9979144942648591,0.984126984126984,137,0,1,13,151,14,9.27,0.26696544885635376,1.8863056538975798e-05,0.9994007349014282,0.08905027061700821
456,12,LightGBM,0,12,0.07794949200001611,0.9801324503311258,1.0,0.7857142857142857,0.9345848375451263,0.9979144942648592,0.984126984126984,137,0,3,11,151,14,9.27,0.2601845582634984,2.7793765609561803e-08,0.9999996281095942,0.0746883569971463
456,12,CatBoost,0,12,1.2900867630000903,0.9801324503311258,1.0,0.7857142857142857,0.9345848375451263,0.9994786235662149,0.995238095238095,137,0,3,11,151,14,9.27,0.25302131412669304,0.0001688923764944309,0.998417814742695,0.07731003668952612
456,13,Logistic Regression,0,12,0.008114901999988433,0.9536423841059603,0.6666666666666666,1.0,0.8868913857677903,0.9953076120959332,0.9538610199324484,130,7,0,14,151,14,9.27,0.31061962587275105,1.18906316364736e-05,0.9999999550372869,0.16386911173340116
456,13,Decision Tree,0,12,0.0045403609999539185,1.0,1.0,1.0,1.0,1.0,1.0,137,0,0,14,151,14,9.27,0.2900329594762674,0.0,1.0,0.09271523178807947
456,13,Random Forest,0,12,0.2685331100001349,1.0,1.0,1.0,1.0,1.0,1.0,137,0,0,14,151,14,9.27,0.26052788644390673,0.0,1.0,0.09238410596026489
456,13,XGBoost,0,12,0.025206614000126137,0.9933774834437086,0.9333333333333333,1.0,0.9809271188581534,0.9979144942648592,0.9786891679748823,136,1,0,14,151,14,9.27,0.29337888956069946,3.442656816332601e-05,0.9992504715919495,0.10347099602222443
456,13,LightGBM,0,12,0.07435723100002178,0.9933774834437086,0.9333333333333333,1.0,0.9809271188581534,0.9994786235662148,0.995238095238095,136,1,0,14,151,14,9.27,0.2913171627936444,2.7530060607473896e-08,0.9999991943392699,0.09654163970965905
456,13,CatBoost,0,12,1.2939630140001555,1.0,1.0,1.0,1.0,1.0,0.9999999999999998,137,0,0,14,151,14,9.27,0.2743317274534887,0.00019718361291741547,0.9983873822861846,0.09232610927095261
456,14,Logistic Regression,0,12,0.005139100999940638,0.9536423841059603,0.6842105263157895,0.9285714285714286,0.8809282415230371,0.9817518248175182,0.9310657596371881,131,6,1,13,151,14,9.27,0.3037700403459144,1.055359896593525e-06,0.9999999974627851,0.1446386123330238
456,14,Decision Tree,0,12,0.00462599999991653,0.9801324503311258,0.8666666666666667,0.9285714285714286,0.94278135657446,0.9569864442127216,0.8113844213181962,135,2,1,13,151,14,9.27,0.2991149613413567,0.0,1.0,0.09933774834437085
456,14,Random Forest,0,12,0.2886069529999986,0.9867549668874173,0.9285714285714286,0.9285714285714286,0.9606360792492179,0.9911366006256517,0.9608294930875575,136,1,1,13,151,14,9.27,0.2637763599558835,0.0,1.0,0.09370860927152318
456,14,XGBoost,0,12,0.024185043999978006,0.9867549668874173,0.9285714285714286,0.9285714285714286,0.9606360792492179,0.9932221063607926,0.9656084656084656,136,1,1,13,151,14,9.27,0.2793933153152466,6.728529115207493e-05,0.9993137121200562,0.09187213331460953
456,14,LightGBM,0,12,0.07358045099999799,0.9867549668874173,0.9285714285714286,0.9285714285714286,0.9606360792492179,0.9906152241918664,0.9598214285714284,136,1,1,13,151,14,9.27,0.28060728330760687,2.765139115989931e-08,0.9999996852400614,0.08919566834014443
456,14,CatBoost,0,12,1.2897527729999183,0.9933774834437086,1.0,0.9285714285714286,0.9796632996632997,0.9906152241918664,0.9598214285714284,137,0,1,13,151,14,9.27,0.2740896630096401,0.00017964597038911266,0.9971328897095219,0.08866488559422259
456,15,Logistic Regression,0,12,0.029760795000129292,0.9668874172185431,0.7368421052631579,1.0,0.9149487439450266,0.9958289885297185,0.960354526425955,132,5,0,14,151,14,9.27,0.3016340790928463,5.6774486958774755e-06,0.9999998921653585,0.158647792396217
456,15,Decision Tree,0,12,0.00454666000018733,0.9668874172185431,0.8,0.8571428571428571,0.9046355942907667,0.9176225234619395,0.6989593188268685,134,3,2,12,151,14,9.27,0.2991149613413567,0.0,1.0,0.09933774834437085
456,15,Random Forest,0,12,0.28564286300002095,0.9933774834437086,1.0,0.9285714285714286,0.9796632996632997,0.9979144942648592,0.9841269841269841,137,0,1,13,151,14,9.27,0.25684535507546374,0.0,1.0,0.09
456,15,XGBoost,0,12,0.05085134800015112,0.9801324503311258,0.9230769230769231,0.8571428571428571,0.938989898989899,0.9874869655891554,0.9504964147821291,136,1,2,12,151,14,9.27,0.27187207341194153,3.775637014769018e-05,0.9983046054840088,0.0887124240398407
456,15,LightGBM,0,12,0.11634890800019093,0.9867549668874173,1.0,0.8571428571428571,0.9579152731326644,0.9880083420229405,0.9555984555984556,137,0,2,12,151,14,9.27,0.27044794788213206,2.7269031718759162e-08,0.9999996330283979,0.0811236699957008
456,15,CatBoost,0,12,1.8925681340001574,0.9867549668874173,0.9285714285714286,0.9285714285714286,0.9606360792492179,0.9947862356621481,0.9669476486246671,136,1,1,13,151,14,9.27,0.27525088015958094,0.00019734887284746062,0.9979909487707056,0.09197839411268133
456,16,Logistic Regression,0,12,0.07018016100005298,0.9470198675496688,0.6190476190476191,1.0,0.8674275680421422,0.9949832775919732,0.9603238866396759,130,8,0,13,151,13,8.61,0.3079619083265842,4.077148492809904e-06,0.9999999931454231,0.16251507831712242
456,16,Decision Tree,0,12,0.007483161000209293,0.9735099337748344,0.9090909090909091,0.7692307692307693,0.9094724220623501,0.8809921962095875,0.7191682489695734,137,1,3,10,151,13,8.61,0.2598863161635574,0.0,1.0,0.0728476821192053
456,16,Random Forest,0,12,0.268624329999966,0.9867549668874173,0.9230769230769231,0.9230769230769231,0.9579152731326644,0.9988851727982163,0.9885883347421809,137,1,1,12,151,13,8.61,0.23139272811184636,0.0,1.0,0.08278145695364239
456,16,XGBoost,0,12,0.025634103999891522,0.9933774834437086,1.0,0.9230769230769231,0.9781949458483754,0.9994425863991082,0.9945054945054945,138,0,1,12,151,13,8.61,0.262264609336853,2.2465281290351413e-05,0.9987789988517761,0.08385396748781204
456,16,LightGBM,0,12,0.07702864099996987,0.9867549668874173,0.9230769230769231,0.9230769230769231,0.9579152731326644,0.9994425863991081,0.9945054945054943,137,1,1,12,151,13,8.61,0.2776669222014168,2.791332743608697e-08,0.9999995898320871,0.08683694412159536
456,16,CatBoost,0,12,1.297177364000163,1.0,1.0,1.0,1.0,1.0,0.9999999999999998,138,0,0,13,151,13,8.61,0.2615896919093849,0.00016091193893444334,0.9986491506475467,0.08627834634367247
456,17,Logistic Regression,0,12,0.004870191000009072,0.9536423841059603,0.6842105263157895,0.9285714285714286,0.8809282415230371,0.9410844629822733,0.8865460927960926,131,6,1,13,151,14,9.27,0.3052084264335224,2.408950305616917e-06,0.9999999998744731,0.1311764656419259
456,17,Decision Tree,0,12,0.004305209999984072,0.9668874172185431,0.8,0.8571428571428571,0.9046355942907667,0.9176225234619395,0.6989593188268685,134,3,2,12,151,14,9.27,0.2991149613413567,0.0,1.0,0.09933774834437085
456,17,Random Forest,0,12,0.2713216510001075,0.9867549668874173,1.0,0.8571428571428571,0.9579152731326644,0.9973931178310741,0.9778711484593837,137,0,2,12,151,14,9.27,0.2502825428521211,0.0,1.0,0.08980132450331126
456,17,XGBoost,0,12,0.0237316440000086,0.9801324503311258,0.9230769230769231,0.8571428571428571,0.938989898989899,0.9885297184567258,0.9438561438561438,136,1,2,12,151,14,9.27,0.26982367038726807,7.14372654329054e-05,0.9985248446464539,0.09183647483587265
456,17,LightGBM,0,12,0.06744108000020788,0.9801324503311258,0.8666666666666667,0.9285714285714286,0.94278135657446,0.986444212721585,0.9353785103785102,135,2,1,13,151,14,9.27,0.2885271013939348,2.9252063998860456e-08,0.9999996396314201,0.09634465618872193
456,17,CatBoost,0,12,1.2765319609998187,0.9801324503311258,0.9230769230769231,0.8571428571428571,0.938989898989899,0.9744525547445255,0.9354410616705697,136,1,2,12,151,14,9.27,0.268389297290742,6.314774737382502e-05,0.9986078846378728,0.08758561100502864
456,18,Logistic Regression,0,12,0.005728040999883888,0.9602649006622517,0.7,1.0,0.9005706760316067,0.9979144942648592,0.9786891679748821,131,6,0,14,151,14,9.27,0.2990850436693276,3.2165497443656646e-06,0.9999999498235567,0.1512513147140487
456,18,Decision Tree,0,12,0.004658329999983835,1.0,1.0,1.0,1.0,1.0,1.0,137,0,0,14,151,14,9.27,0.2900329594762674,0.0,1.0,0.09271523178807947
456,18,Random Forest,0,12,0.29462760499995966,1.0,1.0,1.0,1.0,1.0,0.9999999999999998,137,0,0,14,151,14,9.27,0.2626934326709367,0.0,1.0,0.09066225165562915
456,18,XGBoost,0,12,0.02536211300002833,1.0,1.0,1.0,1.0,1.0,0.9999999999999998,137,0,0,14,151,14,9.27,0.28160783648490906,1.9735276509891264e-05,0.9994187355041504,0.09420434385538101
456,18,LightGBM,0,12,0.07613689200002227,1.0,1.0,1.0,1.0,1.0,0.9999999999999998,137,0,0,14,151,14,9.27,0.28494471411640376,2.76284931999481e-08,0.9999996451445317,0.09096436931856614
456,18,CatBoost,0,12,1.2731359510000857,0.9933774834437086,1.0,0.9285714285714286,0.9796632996632997,1.0,0.9999999999999998,137,0,1,13,151,14,9.27,0.27438416227312007,0.0001464859282512631,0.9975009063884067,0.09011944166933473
456,19,Logistic Regression,0,12,0.005199100999789152,0.9933774834437086,0.9333333333333333,1.0,0.9809271188581534,0.9994786235662149,0.995238095238095,136,1,0,14,151,14,9.27,0.2829034133909183,8.919023506436823e-06,0.9999999743946799,0.13612961731180329
456,19,Decision Tree,0,12,0.004868101000056413,1.0,1.0,1.0,1.0,1.0,1.0,137,0,0,14,151,14,9.27,0.2900329594762674,0.0,1.0,0.09271523178807947
456,19,Random Forest,0,12,0.2839423620000616,0.9933774834437086,1.0,0.9285714285714286,0.9796632996632997,1.0,1.0,137,0,1,13,151,14,9.27,0.26877436734406857,0.0,1.0,0.09231788079470199
456,19,XGBoost,0,12,0.025652013999888368,1.0,1.0,1.0,1.0,0.9999999999999999,0.9999999999999998,137,0,0,14,151,14,9.27,0.285616397857666,3.721026223502122e-05,0.9992577433586121,0.09446045756340027
456,19,LightGBM,0,12,0.07434764100003122,1.0,1.0,1.0,1.0,1.0,0.9999999999999999,137,0,0,14,151,14,9.27,0.28886687394833593,2.7487444450090593e-08,0.9999996712266925,0.09309651818525105
456,19,CatBoost,0,12,1.27618341099992,0.9933774834437086,1.0,0.9285714285714286,0.9796632996632997,1.0,0.9999999999999998,137,0,1,13,151,14,9.27,0.27723705911172175,0.00017423974186749313,0.9978418620327221,0.08863192974807796
456,20,Logistic Regression,0,12,0.005840171000045302,0.9337748344370861,0.6,0.8571428571428571,0.8342844600526778,0.9681960375391032,0.8631183394610502,129,8,2,12,151,14,9.27,0.28874710123226205,1.4707083335236559e-06,0.9999999965659498,0.14624926893342644
456,20,Decision Tree,0,12,0.005032630999949106,0.9536423841059603,0.8181818181818182,0.6428571428571429,0.8473646209386281,0.8141293013555788,0.559086608755483,135,2,5,9,151,14,9.27,0.2598863161635574,0.0,1.0,0.0728476821192053
456,20,Random Forest,0,12,0.282730082000171,0.9668874172185431,0.9090909090909091,0.7142857142857143,0.8909747292418773,0.9867049009384775,0.903546763795211,136,1,4,10,151,14,9.27,0.24048477785575992,0.0,1.0,0.078841059602649
456,20,XGBoost,0,12,0.02262142299991865,0.9668874172185431,0.9090909090909091,0.7142857142857143,0.8909747292418773,0.9705422314911365,0.8558509808509809,136,1,4,10,151,14,9.27,0.25595927238464355,0.00015812953643035144,0.9993116855621338,0.07778311520814896
456,20,LightGBM,0,12,0.07772047200000998,0.9735099337748344,1.0,0.7142857142857143,0.9094724220623501,0.9791449426485923,0.8981601731601729,137,0,4,10,151,14,9.27,0.24983451445456736,2.9036740244323024e-08,0.9999996019381424,0.07130247403417757
456,20,CatBoost,0,12,1.33084886000006,0.9735099337748344,1.0,0.7142857142857143,0.9094724220623501,0.9890510948905109,0.9240450026164311,137,0,4,10,151,14,9.27,0.24606996398186004,0.00011593527009847005,0.9985341196883682,0.07238403208535044
456,21,Logistic Regression,0,12,0.005507040999873425,0.9602649006622517,0.7333333333333333,0.8461538461538461,0.8819082377476538,0.9921962095875139,0.9243350666427588,134,4,2,11,151,13,8.61,0.26101904107294416,6.565289295069457e-06,0.9999989834443286,0.12373732756876255
456,21,Decision Tree,0,12,0.005265361000056146,0.9602649006622517,0.7692307692307693,0.7692307692307693,0.8737458193979933,0.8737458193979933,0.6115835260002351,135,3,3,10,151,13,8.61,0.28050090840460096,0.0,1.0,0.08609271523178808
456,21,Random Forest,0,12,0.28821321300006275,0.9801324503311258,1.0,0.7692307692307693,0.9294062646096306,0.9988851727982162,0.9885883347421809,138,0,3,10,151,13,8.61,0.21626713789965837,0.0,1.0,0.07241721854304636
456,21,XGBoost,0,12,0.026026613999874826,0.9867549668874173,0.9230769230769231,0.9230769230769231,0.9579152731326644,0.9994425863991081,0.9945054945054945,137,1,1,12,151,13,8.61,0.25377190113067627,2.2121028450783342e-05,0.99863201379776,0.08106803894042969
456,21,LightGBM,0,12,0.07623143099999652,0.9801324503311258,0.9166666666666666,0.8461538461538461,0.9345848375451263,0.9972129319955407,0.975983292725374,137,1,2,11,151,13,8.61,0.268709635325851,2.939976811578919e-08,0.9999994069462208,0.08090929942834527
456,21,CatBoost,0,12,1.8628666600000088,0.9801324503311258,0.9166666666666666,0.8461538461538461,0.9345848375451263,0.9983277591973244,0.9821780783319243,137,1,2,11,151,13,8.61,0.24999312662992504,0.00017421169780572362,0.9977581938909853,0.07713706131986255
456,22,Logistic Regression,0,12,0.010569671999974162,0.9536423841059603,0.6666666666666666,1.0,0.8868913857677903,0.9932221063607926,0.9411422902494329,130,7,0,14,151,14,9.27,0.3064032706266771,7.025022252306807e-06,0.9999999260485762,0.16701686220350037
456,22,Decision Tree,0,12,0.00438495100002001,0.9668874172185431,0.8461538461538461,0.7857142857142857,0.8983164983164983,0.8855578727841502,0.684702714504039,135,2,3,11,151,14,9.27,0.28050090840460096,0.0,1.0,0.08609271523178808
456,22,Random Forest,0,12,0.43096139499994024,0.9735099337748344,0.8571428571428571,0.8571428571428571,0.9212721584984358,0.9934827945776851,0.9536340852130325,135,2,2,12,151,14,9.27,0.26169628967296277,0.0,1.0,0.09443708609271523
456,22,XGBoost,0,12,0.08567755299986857,0.9735099337748344,0.8571428571428571,0.8571428571428571,0.9212721584984358,0.9906152241918665,0.9435714285714285,135,2,2,12,151,14,9.27,0.27850544452667236,3.04881832562387e-05,0.9985791444778442,0.09051516652107239
456,22,LightGBM,0,12,0.07640855099998589,0.9801324503311258,0.9230769230769231,0.8571428571428571,0.938989898989899,0.9911366006256518,0.950892857142857,136,1,2,12,151,14,9.27,0.27203420599202216,2.7652767501967284e-08,0.9999997879885724,0.08319634796893671
456,22,CatBoost,0,12,1.2615997800000969,0.9867549668874173,1.0,0.8571428571428571,0.9579152731326644,0.9947862356621481,0.9645021645021643,137,0,2,12,151,14,9.27,0.26438817399593445,0.00016063810421652663,0.9984854301405268,0.08552062429144189
456,23,Logistic Regression,0,12,0.005176761000029728,0.9801324503311258,0.8666666666666667,0.9285714285714286,0.94278135657446,0.9916579770594369,0.9579521463757916,135,2,1,13,151,14,9.27,0.28540705688625817,4.934763220100727e-06,0.9999999761226851,0.1268197016566775
456,23,Decision Tree,0,12,0.0043343600000298466,0.9933774834437086,1.0,0.9285714285714286,0.9796632996632997,0.9642857142857143,0.93519394512772,137,0,1,13,151,14,9.27,0.2805009084046009,0.0,1.0,0.08609271523178808
456,23,Random Forest,0,12,0.2676849699998911,0.9933774834437086,1.0,0.9285714285714286,0.9796632996632997,1.0,1.0,137,0,1,13,151,14,9.27,0.25700015367264606,0.0,1.0,0.08625827814569535
456,23,XGBoost,0,12,0.030373463999922024,0.9933774834437086,1.0,0.9285714285714286,0.9796632996632997,0.9994786235662148,0.995238095238095,137,0,1,13,151,14,9.27,0.27038946747779846,2.1652213035849854e-05,0.9991974234580994,0.08511760085821152
456,23,LightGBM,0,12,0.08053888199992798,0.9933774834437086,1.0,0.9285714285714286,0.9796632996632997,0.9994786235662149,0.995238095238095,137,0,1,13,151,14,9.27,0.2797876095702867,2.7480922080255122e-08,0.9999996043291712,0.08618247808087341
456,23,CatBoost,0,12,1.3425795610000932,0.9933774834437086,1.0,0.9285714285714286,0.9796632996632997,0.9994786235662149,0.995238095238095,137,0,1,13,151,14,9.27,0.26810739431901814,0.0001379557570041599,0.9984331279984807,0.08372461159348824
456,24,Logistic Regression,0,12,0.0051454609999836975,0.9602649006622517,0.75,0.8571428571428571,0.8889705882352941,0.9520333680917622,0.8827447538707394,133,4,2,12,151,14,9.27,0.292489168121607,8.183488457495565e-08,0.9999999998438085,0.12417321722575358
456,24,Decision Tree,0,12,0.004494001000011849,0.9801324503311258,1.0,0.7857142857142857,0.9345848375451263,0.8928571428571428,0.8055818353831599,137,0,3,11,151,14,9.27,0.2598863161635574,0.0,1.0,0.0728476821192053
456,24,Random Forest,0,12,0.2746363310000106,0.9867549668874173,1.0,0.8571428571428571,0.9579152731326644,0.995568300312826,0.9720496894409938,137,0,2,12,151,14,9.27,0.2503200705362201,0.0,1.0,0.08185430463576158
456,24,XGBoost,0,12,0.0238220139999612,0.9867549668874173,1.0,0.8571428571428571,0.9579152731326644,0.9885297184567259,0.9358333333333333,137,0,2,12,151,14,9.27,0.2667328119277954,0.00013073600712232292,0.9987438321113586,0.08119150996208191
456,24,LightGBM,0,12,0.06858653000017512,0.9867549668874173,1.0,0.8571428571428571,0.9579152731326644,0.9932221063607924,0.954184704184704,137,0,2,12,151,14,9.27,0.2704387819716616,3.84107824973996e-08,0.9999996614459146,0.07957445089880048
456,24,CatBoost,0,12,1.33992707099992,0.9867549668874173,1.0,0.8571428571428571,0.9579152731326644,0.9681960375391032,0.9145021645021643,137,0,2,12,151,14,9.27,0.2671577127283244,7.312101717005876e-05,0.9983806223068988,0.08109576682037885
456,25,Logistic Regression,0,12,0.006533350999916365,0.9536423841059603,0.6666666666666666,1.0,0.8868913857677903,1.0,0.9999999999999998,130,7,0,14,151,14,9.27,0.30415367205538324,5.312831319565144e-06,0.9999999376558525,0.16902564968674408
456,25,Decision Tree,0,12,0.005149060999883659,0.9735099337748344,0.7777777777777778,1.0,0.9300925925925926,0.9854014598540146,0.7777777777777778,133,4,0,14,151,14,9.27,0.3240299290788098,0.0,1.0,0.11920529801324503
456,25,Random Forest,0,12,0.2820490429999154,1.0,1.0,1.0,1.0,1.0,1.0,137,0,0,14,151,14,9.27,0.2660763150151537,0.0,1.0,0.09923841059602649
456,25,XGBoost,0,12,0.025127333999989787,1.0,1.0,1.0,1.0,1.0,0.9999999999999999,137,0,0,14,151,14,9.27,0.2843145430088043,1.7613892850931734e-05,0.9988939166069031,0.09920001775026321
456,25,LightGBM,0,12,0.07675843199990595,0.9933774834437086,0.9333333333333333,1.0,0.9809271188581534,1.0,0.9999999999999998,136,1,0,14,151,14,9.27,0.2940880418551746,2.8805363190510242e-08,0.9999993833814914,0.09826017618061925
456,25,CatBoost,0,12,1.2753844420001315,1.0,1.0,1.0,1.0,1.0,0.9999999999999998,137,0,0,14,151,14,9.27,0.27864598550673564,0.0001547176899356045,0.9979666913423557,0.09540114368970604
789,1,Logistic Regression,0,12,0.005565130999912071,0.9867549668874173,0.8666666666666667,1.0,0.9606360792492179,0.9966555183946488,0.9669202592279513,136,2,0,13,151,13,8.61,0.2830922863412221,6.1717865284891134e-06,0.9999999197579275,0.14127546920782988
789,1,Decision Tree,0,12,0.004855550999991465,0.9536423841059603,0.7142857142857143,0.7692307692307693,0.8576430976430975,0.8701226309921961,0.5693180991194237,134,4,3,10,151,13,8.61,0.2900329594762674,0.0,1.0,0.09271523178807947
789,1,Random Forest,0,12,0.28617199299992535,0.9735099337748344,0.8461538461538461,0.8461538461538461,0.9158305462653289,0.9927536231884059,0.9457081380158304,136,2,2,11,151,13,8.61,0.2544453641037496,0.0,1.0,0.08798013245033111
789,1,XGBoost,0,12,0.024790793999954985,0.9801324503311258,0.8571428571428571,0.9230769230769231,0.938989898989899,0.9866220735785953,0.9449375410913872,136,2,1,12,151,13,8.61,0.2801693379878998,2.0225135813234374e-05,0.9978526830673218,0.09471394121646881
789,1,LightGBM,0,12,0.07345721100000446,0.9933774834437086,1.0,0.9230769230769231,0.9781949458483754,0.9894091415830547,0.9543269230769229,138,0,1,12,151,13,8.61,0.2717181182072823,2.7807821236210314e-08,0.99999962770613,0.0825334855072337
789,1,CatBoost,0,12,1.2872018440000375,0.9867549668874173,0.9230769230769231,0.9230769230769231,0.9579152731326644,0.9972129319955406,0.9786324786324783,137,1,1,12,151,13,8.61,0.2656830026652229,0.00016835686872593698,0.9986282573538946,0.08603540168435302
789,2,Logistic Regression,0,12,0.005316540999956487,0.9205298013245033,0.5384615384615384,1.0,0.8270992366412213,0.9869655891553701,0.9085660580021482,125,12,0,14,151,14,9.27,0.32063462188465236,2.620376001335505e-06,0.9999999991499573,0.18622313578775587
789,2,Decision Tree,0,12,0.004295429999956468,0.9735099337748344,0.8125,0.9285714285714286,0.9259803921568628,0.9533368091762252,0.7610868022705771,134,3,1,13,151,14,9.27,0.3077867559899934,0.0,1.0,0.10596026490066225
789,2,Random Forest,0,12,0.2931784840000091,0.9867549668874173,0.9285714285714286,0.9285714285714286,0.9606360792492179,0.9989572471324297,0.9910714285714286,136,1,1,13,151,14,9.27,0.26453222722621406,0.0,1.0,0.09884105960264901
789,2,XGBoost,0,12,0.026831363999917812,0.9867549668874173,0.9285714285714286,0.9285714285714286,0.9606360792492179,0.9984358706986445,0.9873949579831931,136,1,1,13,151,14,9.27,0.28828126192092896,1.5316785720642656e-05,0.9990991353988647,0.1000947505235672
789,2,LightGBM,0,12,0.07176969100009956,0.9801324503311258,0.8235294117647058,1.0,0.946077847875253,0.9994786235662149,0.995238095238095,134,3,0,14,151,14,9.27,0.3012967928868892,2.7457075814190843e-08,0.999999358615553,0.10623828173558725
789,2,CatBoost,0,12,1.5275783289998799,0.9933774834437086,1.0,0.9285714285714286,0.9796632996632997,1.0,0.9999999999999998,137,0,1,13,151,14,9.27,0.2790225741012064,0.00015836617711463124,0.9983606806185956,0.09861389380538406
789,3,Logistic Regression,0,12,0.06972219099998256,0.9403973509933775,0.6190476190476191,0.9285714285714286,0.8545746388443018,0.9885297184567258,0.9003437039151323,129,8,1,13,151,14,9.27,0.3003663678243298,4.34321977033266e-06,0.9999999865622733,0.16555920854422823
789,3,Decision Tree,0,12,0.012119861999963177,0.9801324503311258,0.8666666666666667,0.9285714285714286,0.94278135657446,0.9569864442127216,0.8113844213181962,135,2,1,13,151,14,9.27,0.2991149613413567,0.0,1.0,0.09933774834437085
789,3,Random Forest,0,12,0.42736058400009824,0.9867549668874173,1.0,0.8571428571428571,0.9579152731326644,1.0,0.9999999999999998,137,0,2,12,151,14,9.27,0.2435017432933213,0.0,1.0,0.0863907284768212
789,3,XGBoost,0,12,0.17117533500004356,0.9933774834437086,0.9333333333333333,1.0,0.9809271188581534,1.0,0.9999999999999998,136,1,0,14,151,14,9.27,0.2777995467185974,2.6696394343161955e-05,0.9987204074859619,0.0930066853761673
789,3,LightGBM,0,12,0.11226611600000069,0.9735099337748344,0.9166666666666666,0.7857142857142857,0.9158305462653289,0.9984358706986445,0.9846415489272631,136,1,3,11,151,14,9.27,0.26902869083891395,2.7505304647777557e-08,0.9999996923508491,0.08427795453418992
789,3,CatBoost,0,12,1.4117333819999658,0.9867549668874173,1.0,0.8571428571428571,0.9579152731326644,0.9994786235662149,0.995238095238095,137,0,2,12,151,14,9.27,0.26042025231789767,0.00015752541439590886,0.9983225313848051,0.0855352058214125
789,4,Logistic Regression,0,12,0.005282790999899589,0.9735099337748344,0.8571428571428571,0.8571428571428571,0.9212721584984358,0.9786235662148071,0.9138528138528137,135,2,2,12,151,14,9.27,0.27075382624600614,1.2452129179810775e-06,0.9999999629438014,0.11342078502791206
789,4,Decision Tree,0,12,0.004387220999888086,0.9801324503311258,1.0,0.7857142857142857,0.9345848375451263,0.8928571428571428,0.8055818353831599,137,0,3,11,151,14,9.27,0.2598863161635574,0.0,1.0,0.0728476821192053
789,4,Random Forest,0,12,0.27980450200016094,0.9867549668874173,1.0,0.8571428571428571,0.9579152731326644,0.9942648592283628,0.967032967032967,137,0,2,12,151,14,9.27,0.2396067994837457,0.0,1.0,0.07817880794701987
789,4,XGBoost,0,12,0.0225235939999493,0.9867549668874173,1.0,0.8571428571428571,0.9579152731326644,0.9906152241918664,0.9496613300492611,137,0,2,12,151,14,9.27,0.2574745714664459,8.635385165689513e-05,0.9993547797203064,0.08061742782592773
789,4,LightGBM,0,12,0.06916733999992175,0.9867549668874173,1.0,0.8571428571428571,0.9579152731326644,0.9932221063607924,0.9619309262166404,137,0,2,12,151,14,9.27,0.260462584765029,2.766018547431703e-08,0.9999994708216071,0.07765735427402576
789,4,CatBoost,0,12,1.2542148190000262,0.9801324503311258,1.0,0.7857142857142857,0.9345848375451263,0.9942648592283628,0.9651360544217686,137,0,3,11,151,14,9.27,0.247769012939074,0.0001613180675788657,0.9983750105537947,0.07413473962222039
789,5,Logistic Regression,0,12,0.005226810999829468,0.9602649006622517,0.7222222222222222,0.9285714285714286,0.8951388888888889,0.9442127215849844,0.9204970775794019,132,5,1,13,151,14,9.27,0.29727897104187007,9.243704521773405e-07,0.9999999689743647,0.13377776210249806
789,5,Decision Tree,0,12,0.004434611000078803,0.9867549668874173,1.0,0.8571428571428571,0.9579152731326644,0.9285714285714286,0.8703878902554398,137,0,2,12,151,14,9.27,0.2704712298895647,0.0,1.0,0.07947019867549669
789,5,Random Forest,0,12,0.2829607119999764,0.9867549668874173,1.0,0.8571428571428571,0.9579152731326644,1.0,1.0,137,0,2,12,151,14,9.27,0.2497435288108317,0.0,1.0,0.08440397350993378
789,5,XGBoost,0,12,0.026703064000002996,0.9867549668874173,1.0,0.8571428571428571,0.9579152731326644,0.9953076120959333,0.9720496894409936,137,0,2,12,151,14,9.27,0.2651331126689911,3.0727649573236704e-05,0.9985734224319458,0.08080439269542694
789,5,LightGBM,0,12,0.0828409420000753,0.9933774834437086,1.0,0.9285714285714286,0.9796632996632997,0.996871741397289,0.9785714285714284,137,0,1,13,151,14,9.27,0.2738711992351641,3.1916947320290024e-08,0.9999996024036004,0.08360249689129437
789,5,CatBoost,0,12,1.3167464580001251,0.9867549668874173,1.0,0.8571428571428571,0.9579152731326644,0.9676746611053181,0.9417293233082706,137,0,2,12,151,14,9.27,0.2656482254786508,8.177104511379715e-05,0.9985345207960303,0.08208886139910798
789,6,Logistic Regression,0,12,0.011674561999825528,0.9801324503311258,1.0,0.7692307692307693,0.9294062646096306,0.8712374581939798,0.8218375827071478,138,0,3,10,151,13,8.61,0.24481472840055069,5.86987180649828e-10,0.999999998717257,0.08069735442396017
789,6,Decision Tree,0,12,0.004035420000036538,0.9735099337748344,1.0,0.6923076923076923,0.901948051948052,0.8461538461538461,0.7187977585328579,138,0,4,9,151,13,8.61,0.23674917790356925,0.0,1.0,0.059602649006622516
789,6,Random Forest,0,12,0.27620577100015,0.9735099337748344,1.0,0.6923076923076923,0.901948051948052,0.9071906354515051,0.8102715360214385,138,0,4,9,151,13,8.61,0.2271055403344319,0.0,1.0,0.06102649006622517
789,6,XGBoost,0,12,0.02278342399995381,0.9735099337748344,1.0,0.6923076923076923,0.901948051948052,0.9030100334448161,0.8160548703823871,138,0,4,9,151,13,8.61,0.23494350910186768,0.00034027034416794777,0.9977439641952515,0.060478974133729935
789,6,LightGBM,0,12,0.061134048999974766,0.9735099337748344,1.0,0.6923076923076923,0.901948051948052,0.9041248606465998,0.7864077370757232,138,0,4,9,151,13,8.61,0.23674439301776062,4.386654035636648e-08,0.9999994014334851,0.059604942688486096
789,6,CatBoost,0,12,1.3358573610000803,0.9735099337748344,1.0,0.6923076923076923,0.901948051948052,0.9531772575250836,0.847431201277355,138,0,4,9,151,13,8.61,0.23488768470719965,6.673235698331162e-05,0.9984148370128045,0.05986978998700491
789,7,Logistic Regression,0,12,0.0054165710000688705,0.9735099337748344,0.7777777777777778,1.0,0.9300925925925926,0.9968717413972888,0.973530437816152,133,4,0,14,151,14,9.27,0.2931928426114872,5.897973089680646e-06,0.999999986454851,0.14197974066431396
789,7,Decision Tree,0,12,0.0046505800000886666,0.9801324503311258,1.0,0.7857142857142857,0.9345848375451263,0.8928571428571428,0.8055818353831599,137,0,3,11,151,14,9.27,0.2598863161635574,0.0,1.0,0.0728476821192053
789,7,Random Forest,0,12,0.28097472200011,0.9867549668874173,1.0,0.8571428571428571,0.9579152731326644,0.9989572471324297,0.9901360544217688,137,0,2,12,151,14,9.27,0.2519395270376976,0.0,1.0,0.08327814569536424
789,7,XGBoost,0,12,0.02595332399982908,0.9801324503311258,1.0,0.7857142857142857,0.9345848375451263,0.9963503649635036,0.9706064612079648,137,0,3,11,151,14,9.27,0.2562771737575531,2.662657789187506e-05,0.9993284940719604,0.07690729200839996
789,7,LightGBM,0,12,0.07914505200005806,1.0,1.0,1.0,1.0,1.0,0.9999999999999998,137,0,0,14,151,14,9.27,0.27688004266306765,2.748295035618353e-08,0.9999995152928605,0.08943232543630651
789,7,CatBoost,0,12,1.2623838590000105,0.9867549668874173,1.0,0.8571428571428571,0.9579152731326644,1.0,0.9999999999999998,137,0,2,12,151,14,9.27,0.26532488375100954,0.00016141914312046897,0.9984364349786482,0.08395576912300078
789,8,Logistic Regression,0,12,0.005141740999988542,0.9536423841059603,0.6666666666666666,1.0,0.8868913857677903,0.9984358706986445,0.9846415489272631,130,7,0,14,151,14,9.27,0.3117465157284976,2.8393897744814453e-06,0.9999999945269227,0.1692970604746504
789,8,Decision Tree,0,12,0.004667870000048424,0.9867549668874173,0.875,1.0,0.9629901960784314,0.9927007299270073,0.875,135,2,0,14,151,14,9.27,0.30778675598999344,0.0,1.0,0.10596026490066225
789,8,Random Forest,0,12,0.2949926740000137,0.9933774834437086,1.0,0.9285714285714286,0.9796632996632997,1.0,1.0,137,0,1,13,151,14,9.27,0.2564210317767956,0.0,1.0,0.09205298013245035
789,8,XGBoost,0,12,0.029070734000015364,0.9867549668874173,0.9285714285714286,0.9285714285714286,0.9606360792492179,0.9994786235662149,0.995238095238095,136,1,1,13,151,14,9.27,0.2811760902404785,1.792785042198375e-05,0.9993902444839478,0.09946920722723007
789,8,LightGBM,0,12,0.07685411199986447,0.9933774834437086,0.9333333333333333,1.0,0.9809271188581534,0.9989572471324296,0.9901360544217686,136,1,0,14,151,14,9.27,0.2809592198377052,2.6999466493841307e-08,0.9999995729358874,0.09305071993085695
789,8,CatBoost,0,12,1.3943387290000828,0.9933774834437086,1.0,0.9285714285714286,0.9796632996632997,0.9994786235662149,0.995238095238095,137,0,1,13,151,14,9.27,0.2698288221511703,0.0001841384982575476,0.998162816992067,0.09020934483153752
789,9,Logistic Regression,0,12,0.02375467399997433,0.9801324503311258,0.8666666666666667,0.9285714285714286,0.94278135657446,0.9989572471324296,0.9910714285714284,135,2,1,13,151,14,9.27,0.2674628590960564,1.3732947377072333e-05,0.9999994347017604,0.13282538749306344
789,9,Decision Tree,0,12,0.01542065199987519,0.9801324503311258,0.9230769230769231,0.8571428571428571,0.938989898989899,0.9249217935349322,0.8044538243213739,136,1,2,12,151,14,9.27,0.2805009084046009,0.0,1.0,0.08609271523178808
789,9,Random Forest,0,12,0.403976011000168,0.9867549668874173,1.0,0.8571428571428571,0.9579152731326644,1.0,0.9999999999999999,137,0,2,12,151,14,9.27,0.24921498169364895,0.0,1.0,0.08817880794701988
789,9,XGBoost,0,12,0.06099809799979994,0.9933774834437086,1.0,0.9285714285714286,0.9796632996632997,1.0,0.9999999999999999,137,0,1,13,151,14,9.27,0.26699405908584595,2.9384784284047782e-05,0.9992891550064087,0.08676283806562424
789,9,LightGBM,0,12,0.1298462689999269,1.0,1.0,1.0,1.0,1.0,0.9999999999999998,137,0,0,14,151,14,9.27,0.28022124585536184,2.7677475116640268e-08,0.9999991354449536,0.08923027279680959
789,9,CatBoost,0,12,1.709653765999974,0.9867549668874173,1.0,0.8571428571428571,0.9579152731326644,0.9994786235662149,0.995238095238095,137,0,2,12,151,14,9.27,0.24267555579585615,0.00012938615825641985,0.9986308500928344,0.0748359471646132
789,10,Logistic Regression,0,12,0.005409710000094492,0.9403973509933775,0.6086956521739131,1.0,0.8613972463029067,0.9937434827945777,0.9572192513368982,128,9,0,14,151,14,9.27,0.3158607459198725,5.784977797593733e-06,0.9999999965621951,0.1782817851477707
789,10,Decision Tree,0,12,0.004902850999997099,0.9602649006622517,0.75,0.8571428571428571,0.8889705882352941,0.9139728884254432,0.6561021759697255,133,4,2,12,151,14,9.27,0.3077867559899934,0.0,1.0,0.10596026490066225
789,10,Random Forest,0,12,0.2910803639999813,0.9801324503311258,0.8235294117647058,1.0,0.946077847875253,0.9968717413972888,0.9747899159663866,134,3,0,14,151,14,9.27,0.2677801323651642,0.0,1.0,0.10334437086092715
789,10,XGBoost,0,12,0.03341647499996725,0.9867549668874173,0.875,1.0,0.9629901960784314,0.9994786235662149,0.9952380952380951,135,2,0,14,151,14,9.27,0.2841286063194275,1.92551869986346e-05,0.9988225102424622,0.10230524837970734
789,10,LightGBM,0,12,0.07608346200004235,0.9933774834437086,0.9333333333333333,1.0,0.9809271188581534,1.0,0.9999999999999998,136,1,0,14,151,14,9.27,0.29703201551818104,3.109969505676134e-08,0.9999996916937459,0.10169270203040184
789,10,CatBoost,0,12,1.343002222999985,0.9867549668874173,0.875,1.0,0.9629901960784314,1.0,0.9999999999999998,135,2,0,14,151,14,9.27,0.28974259606036334,0.00015110563027187726,0.9984209643285012,0.10620743876678468
789,11,Logistic Regression,0,12,0.005079479999949399,0.9337748344370861,0.5714285714285714,0.9230769230769231,0.8342844600526778,0.9765886287625418,0.9204524886877825,129,9,1,12,151,13,8.61,0.2953092035603394,1.6938648126466397e-07,0.9999998065885302,0.15572055729121906
789,11,Decision Tree,0,12,0.004725880000023608,0.9668874172185431,0.8333333333333334,0.7692307692307693,0.8909747292418773,0.8773690078037905,0.6608931906945152,136,2,3,10,151,13,8.61,0.27047122988956473,0.0,1.0,0.07947019867549669
789,11,Random Forest,0,12,0.3025081920000048,0.9867549668874173,1.0,0.8461538461538461,0.954736211031175,0.9869007803790413,0.9493927125506072,138,0,2,11,151,13,8.61,0.2369464885515518,0.0,1.0,0.07973509933774833
789,11,XGBoost,0,12,0.026738877999832766,0.9867549668874173,1.0,0.8461538461538461,0.954736211031175,0.9882943143812709,0.9524886877828054,138,0,2,11,151,13,8.61,0.25381267070770264,4.57475871371571e-05,0.9993158578872681,0.07715046405792236
789,11,LightGBM,0,12,0.07220857500010425,0.9933774834437086,1.0,0.9230769230769231,0.9781949458483754,0.9938684503901895,0.9647435897435894,138,0,1,12,151,13,8.61,0.27025828846560257,3.0170897868889815e-08,0.9999997816383531,0.08029899751322238
789,11,CatBoost,0,12,1.2817396540001482,0.9933774834437086,1.0,0.9230769230769231,0.9781949458483754,0.9871794871794872,0.9508547008547006,138,0,1,12,151,13,8.61,0.2592686564559172,0.00017739533678058343,0.9984340156134734,0.081491615070352
789,12,Logistic Regression,0,12,0.005413769000142565,0.9668874172185431,0.7368421052631579,1.0,0.9149487439450266,0.9942648592283629,0.9504861053733233,132,5,0,14,151,14,9.27,0.2978523151444696,5.057081394086953e-06,0.9999999927398606,0.15682205925521442
789,12,Decision Tree,0,12,0.004672199999959048,0.9735099337748344,0.8125,0.9285714285714286,0.9259803921568628,0.9533368091762252,0.7610868022705771,134,3,1,13,151,14,9.27,0.30778675598999344,0.0,1.0,0.10596026490066225
789,12,Random Forest,0,12,0.28675120299999435,0.9867549668874173,0.9285714285714286,0.9285714285714286,0.9606360792492179,0.9994786235662148,0.9952380952380953,136,1,1,13,151,14,9.27,0.26204268297964534,0.0,1.0,0.08917218543046357
789,12,XGBoost,0,12,0.02478730899997572,0.9933774834437086,1.0,0.9285714285714286,0.9796632996632997,0.9994786235662149,0.9952380952380951,137,0,1,13,151,14,9.27,0.2768363356590271,2.77529725281056e-05,0.9990867376327515,0.08816955238580704
789,12,LightGBM,0,12,0.08243480500004807,0.9933774834437086,1.0,0.9285714285714286,0.9796632996632997,1.0,0.9999999999999998,137,0,1,13,151,14,9.27,0.28028993029590876,2.7254420873930034e-08,0.9999995588864176,0.08660524772007278
789,12,CatBoost,0,12,1.2969239740000376,0.9933774834437086,1.0,0.9285714285714286,0.9796632996632997,1.0,0.9999999999999998,137,0,1,13,151,14,9.27,0.269327925393852,0.0001626693508754312,0.9985446312148211,0.08676176170999982
789,13,Logistic Regression,0,12,0.0051718800000344345,0.9668874172185431,0.7368421052631579,1.0,0.9149487439450266,0.9963503649635037,0.965391156462585,132,5,0,14,151,14,9.27,0.3026145693466289,4.904503785597073e-06,0.9999999651786221,0.15805887890375814
789,13,Decision Tree,0,12,0.0048385100001269166,0.9867549668874173,0.9285714285714286,0.9285714285714286,0.9606360792492179,0.960636079249218,0.8688674145154751,136,1,1,13,151,14,9.27,0.2900329594762674,0.0,1.0,0.09271523178807947
789,13,Random Forest,0,12,0.28067235399998935,0.9933774834437086,1.0,0.9285714285714286,0.9796632996632997,1.0,1.0,137,0,1,13,151,14,9.27,0.26348093058258976,0.0,1.0,0.09327814569536425
789,13,XGBoost,0,12,0.025706008999804908,0.9933774834437086,0.9333333333333333,1.0,0.9809271188581534,0.9999999999999999,0.9999999999999998,136,1,0,14,151,14,9.27,0.2837497889995575,3.081242539337836e-05,0.9994556307792664,0.09537877887487411
789,13,LightGBM,0,12,0.07509778600001482,1.0,1.0,1.0,1.0,1.0,0.9999999999999999,137,0,0,14,151,14,9.27,0.28338085975901034,2.7785220854230227e-08,0.9999996026507678,0.09049106495543026
789,13,CatBoost,0,12,1.2984264330000315,0.9933774834437086,1.0,0.9285714285714286,0.9796632996632997,1.0,0.9999999999999998,137,0,1,13,151,14,9.27,0.2750570201873799,0.00017997167454974095,0.9981915190493497,0.09190549700820685
789,14,Logistic Regression,0,12,0.005441069999960746,0.9536423841059603,0.6842105263157895,0.9285714285714286,0.8809282415230371,0.9916579770594369,0.9395211930926215,131,6,1,13,151,14,9.27,0.3021459436505285,1.4813103101678718e-05,0.9999999938720261,0.15785047502527427
789,14,Decision Tree,0,12,0.004331549999960771,0.9735099337748344,0.8571428571428571,0.8571428571428571,0.9212721584984358,0.9212721584984359,0.7479389106636031,135,2,2,12,151,14,9.27,0.2900329594762674,0.0,1.0,0.09271523178807947
789,14,Random Forest,0,12,0.28235614300001544,0.9801324503311258,0.9230769230769231,0.8571428571428571,0.938989898989899,0.9984358706986444,0.985969387755102,136,1,2,12,151,14,9.27,0.24739637162765934,0.0,1.0,0.08847682119205298
789,14,XGBoost,0,12,0.02503727900011654,0.9867549668874173,0.9285714285714286,0.9285714285714286,0.9606360792492179,0.9984358706986445,0.9846415489272633,136,1,1,13,151,14,9.27,0.27693384885787964,1.6758747733547352e-05,0.9987517595291138,0.09508659690618515
789,14,LightGBM,0,12,0.07276469599992197,0.9933774834437086,0.9333333333333333,1.0,0.9809271188581534,0.9989572471324296,0.9901360544217687,136,1,0,14,151,14,9.27,0.28925429769599265,2.754835334387146e-08,0.9999997134774886,0.09795236762918898
789,14,CatBoost,0,12,1.3469635609999386,0.9801324503311258,0.9230769230769231,0.8571428571428571,0.938989898989899,0.9984358706986445,0.9859693877551019,136,1,2,12,151,14,9.27,0.26868465898240695,0.0001348285726306109,0.9984604112365256,0.09006472968193473
789,15,Logistic Regression,0,12,0.005546319999893967,0.9801324503311258,0.9230769230769231,0.8571428571428571,0.938989898989899,0.8592283628779979,0.8701263362487851,136,1,2,12,151,14,9.27,0.26641107917373674,2.9212742825990454e-07,0.9999999923872372,0.09797615235940864
789,15,Decision Tree,0,12,0.0041220600000997365,0.9735099337748344,0.9166666666666666,0.7857142857142857,0.9158305462653289,0.8892075078206464,0.7401056449069694,136,1,3,11,151,14,9.27,0.27047122988956473,0.0,1.0,0.07947019867549669
789,15,Random Forest,0,12,0.3060182919998624,0.9801324503311258,1.0,0.7857142857142857,0.9345848375451263,0.9507299270072993,0.8784712560520896,137,0,3,11,151,14,9.27,0.23492478829496002,0.0,1.0,0.07086092715231787
789,15,XGBoost,0,12,0.04777494699987983,0.9801324503311258,1.0,0.7857142857142857,0.9345848375451263,0.9092805005213765,0.861473607038123,137,0,3,11,151,14,9.27,0.25028517842292786,9.842792496783659e-05,0.9981314539909363,0.07117967307567596
789,15,LightGBM,0,12,0.10987597400003324,0.9801324503311258,1.0,0.7857142857142857,0.9345848375451263,0.8717413972888425,0.8238994923205448,137,0,3,11,151,14,9.27,0.25925636928266477,2.8504348440010293e-08,0.9999995475504684,0.07268139106687589
789,15,CatBoost,0,12,2.0250482209999063,0.9801324503311258,1.0,0.7857142857142857,0.9345848375451263,0.9405630865484881,0.8753826530612242,137,0,3,11,151,14,9.27,0.2508370142774561,6.123957054487469e-05,0.998695739202748,0.07233532717558905
789,16,Logistic Regression,0,12,0.005284079000148267,0.9205298013245033,0.5217391304347826,0.9230769230769231,0.8107769423558897,0.9888517279821628,0.9183882783882782,127,11,1,12,151,13,8.61,0.29998368974221395,1.239622509968299e-05,0.9999999482145958,0.17460894068811555
789,16,Decision Tree,0,12,0.0045864189999065275,0.9337748344370861,0.6,0.6923076923076923,0.8031803962460897,0.8244147157190636,0.44187468160978094,132,6,4,9,151,13,8.61,0.2991149613413567,0.0,1.0,0.09933774834437085
789,16,Random Forest,0,12,0.2827677129998847,0.9735099337748344,0.9090909090909091,0.7692307692307693,0.9094724220623501,0.9977703455964325,0.9751850713389174,137,1,3,10,151,13,8.61,0.22722701646681837,0.0,1.0,0.07652317880794701
789,16,XGBoost,0,12,0.0249431590000313,0.9801324503311258,1.0,0.7692307692307693,0.9294062646096306,0.996098104793757,0.9663050624589085,138,0,3,10,151,13,8.61,0.24562199413776398,1.4608880519517697e-05,0.9986446499824524,0.07629209756851196
789,16,LightGBM,0,12,0.07600090500000078,0.9867549668874173,1.0,0.8461538461538461,0.954736211031175,0.9977703455964325,0.9819004524886874,138,0,2,11,151,13,8.61,0.2512935419056243,2.8758547844467083e-08,0.9999996469666069,0.07373499477810623
789,16,CatBoost,0,12,1.274888694999845,0.9867549668874173,1.0,0.8461538461538461,0.954736211031175,0.9977703455964325,0.9796597633136093,138,0,2,11,151,13,8.61,0.2453555653388239,0.00018212771341309176,0.9983244644562379,0.07921540719552747
789,17,Logistic Regression,0,12,0.005381949999900826,0.9602649006622517,0.7222222222222222,0.9285714285714286,0.8951388888888889,0.9947862356621481,0.961361737677527,132,5,1,13,151,14,9.27,0.2863938805743216,2.5040848960974597e-05,0.9999999843328227,0.15558468958163615
789,17,Decision Tree,0,12,0.004399890000058804,0.9735099337748344,0.8125,0.9285714285714286,0.9259803921568628,0.9533368091762252,0.7610868022705771,134,3,1,13,151,14,9.27,0.30778675598999344,0.0,1.0,0.10596026490066225
789,17,Random Forest,0,12,0.26937494399999196,0.9933774834437086,1.0,0.9285714285714286,0.9796632996632997,0.9994786235662149,0.9952380952380953,137,0,1,13,151,14,9.27,0.2672955689637731,0.0,1.0,0.09367549668874171
789,17,XGBoost,0,12,0.025622037999937675,0.9933774834437086,1.0,0.9285714285714286,0.9796632996632997,1.0,1.0,137,0,1,13,151,14,9.27,0.27569296956062317,3.432405719649978e-05,0.9990150928497314,0.09227707982063293
789,17,LightGBM,0,12,0.07805159600002298,0.9933774834437086,0.9333333333333333,1.0,0.9809271188581534,1.0,0.9999999999999998,136,1,0,14,151,14,9.27,0.29790997459395546,2.7402414547708083e-08,0.9999994606886695,0.09914757822772496
789,17,CatBoost,0,12,1.3350540810001803,0.9867549668874173,0.9285714285714286,0.9285714285714286,0.9606360792492179,0.9994786235662149,0.995238095238095,136,1,1,13,151,14,9.27,0.27299601036890225,0.00017157339893433468,0.9979900457798018,0.09091089166534128
789,18,Logistic Regression,0,12,0.005277818999957162,0.9735099337748344,0.7777777777777778,1.0,0.9300925925925926,0.9968717413972888,0.9713435374149659,133,4,0,14,151,14,9.27,0.30023233907494634,4.67471191096479e-06,0.9999998816435647,0.1469033004267574
789,18,Decision Tree,0,12,0.004777318999913405,1.0,1.0,1.0,1.0,1.0,1.0,137,0,0,14,151,14,9.27,0.2900329594762674,0.0,1.0,0.09271523178807947
789,18,Random Forest,0,12,0.2776520029999574,0.9933774834437086,1.0,0.9285714285714286,0.9796632996632997,1.0,0.9999999999999999,137,0,1,13,151,14,9.27,0.26388759513410964,0.0,1.0,0.09334437086092714
789,18,XGBoost,0,12,0.026807348999909664,1.0,1.0,1.0,1.0,1.0,1.0,137,0,0,14,151,14,9.27,0.2802584171295166,2.8031681722495705e-05,0.9990295171737671,0.09271837770938873
789,18,LightGBM,0,12,0.07788247500002399,0.9867549668874173,0.9285714285714286,0.9285714285714286,0.9606360792492179,0.9994786235662149,0.995238095238095,136,1,1,13,151,14,9.27,0.28799148492581284,2.755577386065516e-08,0.9999997042495201,0.09314414054473541
789,18,CatBoost,0,12,1.300180242999886,1.0,1.0,1.0,1.0,1.0,0.9999999999999998,137,0,0,14,151,14,9.27,0.278987698640394,0.0001479545135415752,0.9983090617733299,0.09408883432150429
789,19,Logistic Regression,0,12,0.005145760000004884,0.9801324503311258,1.0,0.7857142857142857,0.9345848375451263,0.8795620437956204,0.838619880354261,137,0,3,11,151,14,9.27,0.2520677653993936,4.700933366574914e-10,0.9999999997924409,0.08235988084287707
789,19,Decision Tree,0,12,0.0041753699999844684,0.9668874172185431,1.0,0.6428571428571429,0.8823437743493845,0.8214285714285714,0.6759697256385998,137,0,5,9,151,14,9.27,0.23674917790356925,0.0,1.0,0.059602649006622516
789,19,Random Forest,0,12,0.27929853299997376,0.9735099337748344,1.0,0.7142857142857143,0.9094724220623501,0.9403023983315953,0.8270112781215236,137,0,4,10,151,14,9.27,0.22438568682105303,0.0,1.0,0.06473509933774835
789,19,XGBoost,0,12,0.01992203800000425,0.9735099337748344,1.0,0.7142857142857143,0.9094724220623501,0.9126694473409804,0.8212303596935463,137,0,4,10,151,14,9.27,0.2426309883594513,0.0004975064657628536,0.9969775676727295,0.06612980365753174
789,19,LightGBM,0,12,0.06556807599986314,0.9735099337748344,1.0,0.7142857142857143,0.9094724220623501,0.9259645464025026,0.8162289915966385,137,0,4,10,151,14,9.27,0.24860953001925862,2.9370154209317356e-08,0.9999997261777377,0.06620980532124912
789,19,CatBoost,0,12,1.3325650819999737,0.9735099337748344,1.0,0.7142857142857143,0.9094724220623501,0.954118873826903,0.8577019540210449,137,0,4,10,151,14,9.27,0.2453710648890301,6.56851278547927e-05,0.9984563820563223,0.06618610414005109
789,20,Logistic Regression,0,12,0.005187979000083942,0.9470198675496688,0.6363636363636364,1.0,0.8738512949039265,0.9979144942648592,0.9815476190476189,129,8,0,14,151,14,9.27,0.3137980077074177,4.445339187363869e-06,0.9999999964112747,0.16641379541042628
789,20,Decision Tree,0,12,0.004341900000099486,0.9867549668874173,0.875,1.0,0.9629901960784314,0.9927007299270073,0.875,135,2,0,14,151,14,9.27,0.30778675598999344,0.0,1.0,0.10596026490066225
789,20,Random Forest,0,12,0.2701076539999576,0.9867549668874173,0.875,1.0,0.9629901960784314,1.0,0.9999999999999999,135,2,0,14,151,14,9.27,0.27298926195568163,0.0,1.0,0.10251655629139073
789,20,XGBoost,0,12,0.024325387999851955,1.0,1.0,1.0,1.0,1.0,1.0,137,0,0,14,151,14,9.27,0.2850779592990875,2.7120928280055523e-05,0.9984623193740845,0.0965757966041565
789,20,LightGBM,0,12,0.08523182499993709,1.0,1.0,1.0,1.0,1.0,0.9999999999999998,137,0,0,14,151,14,9.27,0.2909374866139545,2.762933797070012e-08,0.9999992505056055,0.09561376248469897
789,20,CatBoost,0,12,1.282197965000023,1.0,1.0,1.0,1.0,1.0,0.9999999999999998,137,0,0,14,151,14,9.27,0.2811934755220692,0.00019992312633581907,0.9980626457071663,0.09436367046984753
789,21,Logistic Regression,0,12,0.005353300000024319,0.9536423841059603,0.65,1.0,0.8809282415230371,1.0,0.9999999999999998,131,7,0,13,151,13,8.61,0.29747697444764126,9.011537185072863e-06,0.9999999907074962,0.15698020063825704
789,21,Decision Tree,0,12,0.007421910000175558,0.9867549668874173,0.8666666666666667,1.0,0.9606360792492179,0.9927536231884059,0.8666666666666667,136,2,0,13,151,13,8.61,0.2991149613413567,0.0,1.0,0.09933774834437085
789,21,Random Forest,0,12,0.28565063300015936,1.0,1.0,1.0,1.0,1.0,1.0,138,0,0,13,151,13,8.61,0.27013620073736516,0.0,1.0,0.10112582781456954
789,21,XGBoost,0,12,0.025356118999980026,0.9867549668874173,0.8666666666666667,1.0,0.9606360792492179,1.0,1.0,136,2,0,13,151,13,8.61,0.28799113631248474,2.8236201615072787e-05,0.9990931749343872,0.10198093205690384
789,21,LightGBM,0,12,0.07095258599997578,0.9801324503311258,0.8125,1.0,0.94278135657446,1.0,0.9999999999999998,135,3,0,13,151,13,8.61,0.3038616634182087,3.133548056504529e-08,0.9999993050040282,0.10458650169708818
789,21,CatBoost,0,12,1.803413214000102,0.9933774834437086,0.9285714285714286,1.0,0.9796632996632997,1.0,0.9999999999999998,137,1,0,13,151,13,8.61,0.2837446578856494,0.00021493766456366428,0.9982285811952314,0.09646649930920903
789,22,Logistic Regression,0,12,0.07132715600005213,0.9735099337748344,0.8125,0.9285714285714286,0.9259803921568628,0.9942648592283629,0.9447732939329576,134,3,1,13,151,14,9.27,0.29059857497988373,4.984075889495391e-06,0.9999999923520907,0.14250379614384134
789,22,Decision Tree,0,12,0.011179600000104983,0.9801324503311258,1.0,0.7857142857142857,0.9345848375451263,0.8928571428571428,0.8055818353831599,137,0,3,11,151,14,9.27,0.2598863161635574,0.0,1.0,0.0728476821192053
789,22,Random Forest,0,12,0.4075214260001303,0.9801324503311258,1.0,0.7857142857142857,0.9345848375451263,1.0,0.9999999999999999,137,0,3,11,151,14,9.27,0.22863175953946327,0.0,1.0,0.07390728476821193
789,22,XGBoost,0,12,0.17796337900017534,0.9933774834437086,1.0,0.9285714285714286,0.9796632996632997,0.9999999999999999,1.0,137,0,1,13,151,14,9.27,0.2682148516178131,2.7319902073941194e-05,0.9992945194244385,0.08782202750444412
789,22,LightGBM,0,12,0.09476313400000436,0.9867549668874173,1.0,0.8571428571428571,0.9579152731326644,0.9994786235662149,0.995238095238095,137,0,2,12,151,14,9.27,0.2633165780512324,2.755614776950629e-08,0.9999997447216172,0.0789611748197123
789,22,CatBoost,0,12,1.3161612720000448,0.9801324503311258,1.0,0.7857142857142857,0.9345848375451263,1.0,0.9999999999999998,137,0,3,11,151,14,9.27,0.2507066860064812,0.0001587370256845181,0.9982964377916511,0.0764240177936043
789,23,Logistic Regression,0,12,0.00524081000003207,0.9536423841059603,0.6666666666666666,1.0,0.8868913857677903,0.9916579770594369,0.929093228200371,130,7,0,14,151,14,9.27,0.3094361504979479,4.354471648834319e-06,0.9999999619191554,0.16174865826907694
789,23,Decision Tree,0,12,0.004398349999974016,0.9867549668874173,1.0,0.8571428571428571,0.9579152731326644,0.9285714285714286,0.8703878902554398,137,0,2,12,151,14,9.27,0.27047122988956473,0.0,1.0,0.07947019867549669
789,23,Random Forest,0,12,0.2799204240000108,0.9867549668874173,1.0,0.8571428571428571,0.9579152731326644,0.9921793534932222,0.9502262443438914,137,0,2,12,151,14,9.27,0.2535659196900521,0.0,1.0,0.08456953642384106
789,23,XGBoost,0,12,0.025619338000069547,0.9867549668874173,1.0,0.8571428571428571,0.9579152731326644,0.9739311783107404,0.9115343915343914,137,0,2,12,151,14,9.27,0.26469793915748596,3.9894337533041835e-05,0.9985318183898926,0.08056144416332245
789,23,LightGBM,0,12,0.07740188499997203,0.9867549668874173,1.0,0.8571428571428571,0.9579152731326644,0.9791449426485923,0.938278388278388,137,0,2,12,151,14,9.27,0.27015883645114924,2.764643470986415e-08,0.9999996163407916,0.07960185422823686
789,23,CatBoost,0,12,1.295565484000008,0.9867549668874173,1.0,0.8571428571428571,0.9579152731326644,0.9958289885297185,0.9710884353741496,137,0,2,12,151,14,9.27,0.26135357283651495,0.00017272726471242918,0.9986189833552739,0.08220709223749186
789,24,Logistic Regression,0,12,0.005514949999906094,0.9668874172185431,0.7647058823529411,0.9285714285714286,0.910129746458755,0.9442127215849844,0.9318027210884352,133,4,1,13,151,14,9.27,0.29233465301263606,1.3260235793063623e-06,0.9999999937303714,0.1267364486075
789,24,Decision Tree,0,12,0.0041029400001662,0.9470198675496688,0.6875,0.7857142857142857,0.8519607843137255,0.874608967674661,0.5600461210974456,132,5,3,11,151,14,9.27,0.30778675598999344,0.0,1.0,0.10596026490066225
789,24,Random Forest,0,12,0.273229424000192,0.9933774834437086,1.0,0.9285714285714286,0.9796632996632997,0.9973931178310741,0.9812030075187971,137,0,1,13,151,14,9.27,0.2624533307092968,0.0,1.0,0.09668874172185431
789,24,XGBoost,0,12,0.025573487999963618,0.9867549668874173,0.9285714285714286,0.9285714285714286,0.9606360792492179,0.9895724713242962,0.957983193277311,136,1,1,13,151,14,9.27,0.28360700607299805,3.2599669793853536e-05,0.9984058737754822,0.09735801815986633
789,24,LightGBM,0,12,0.07202545599989207,0.9867549668874173,0.9285714285714286,0.9285714285714286,0.9606360792492179,0.9953076120959332,0.9689239332096473,136,1,1,13,151,14,9.27,0.284242564967017,3.109799621827491e-08,0.9999997619462591,0.09126299779503337
789,24,CatBoost,0,12,1.2945977839999614,0.9933774834437086,1.0,0.9285714285714286,0.9796632996632997,0.9708029197080292,0.9428571428571428,137,0,1,13,151,14,9.27,0.2760804457743849,7.430423058277068e-05,0.9986489250097365,0.09374294600867253
789,25,Logistic Regression,0,12,0.005187630000136778,0.9403973509933775,0.631578947368421,0.8571428571428571,0.8469077391010477,0.9739311783107403,0.8914837695232831,130,7,2,12,151,14,9.27,0.285531720697115,2.2761751124716634e-06,0.9999999681324278,0.142537093455073
789,25,Decision Tree,0,12,0.004126578999830599,0.9735099337748344,0.9166666666666666,0.7857142857142857,0.9158305462653289,0.8892075078206464,0.7401056449069694,136,1,3,11,151,14,9.27,0.2704712298895647,0.0,1.0,0.07947019867549669
789,25,Random Forest,0,12,0.2749318040000617,0.9801324503311258,1.0,0.7857142857142857,0.9345848375451263,0.9895724713242962,0.9482779125636268,137,0,3,11,151,14,9.27,0.2379957759844288,0.0,1.0,0.07735099337748344
789,25,XGBoost,0,12,0.023496698000144534,0.9867549668874173,1.0,0.8571428571428571,0.9579152731326644,0.9869655891553702,0.9429563492063491,137,0,2,12,151,14,9.27,0.251642644405365,0.00011273017298663035,0.9992651343345642,0.07856790721416473
789,25,LightGBM,0,12,0.0713907049998852,0.9668874172185431,0.8461538461538461,0.7857142857142857,0.8983164983164983,0.9869655891553701,0.926190476190476,135,2,3,11,151,14,9.27,0.27202699637474426,2.9738858994175537e-08,0.9999996067149718,0.08507474308296945
789,25,CatBoost,0,12,1.2597527469999932,0.9735099337748344,1.0,0.7142857142857143,0.9094724220623501,0.9895724713242962,0.9407529590085368,137,0,4,10,151,14,9.27,0.2457294825414255,0.00014879270731836818,0.9983660997872257,0.07606790856094463
1024,1,Logistic Regression,0,12,0.004794969999920795,0.9668874172185431,0.75,0.9230769230769231,0.9046355942907667,0.9336677814938685,0.8457913880990802,134,4,1,12,151,13,8.61,0.27537206267575265,1.6438828397167685e-06,0.9999998207481523,0.11540080227747893
1024,1,Decision Tree,0,12,0.004528768999989552,0.9668874172185431,0.7857142857142857,0.8461538461538461,0.8983164983164983,0.9122073578595319,0.6780801979477475,135,3,2,11,151,13,8.61,0.2900329594762674,0.0,1.0,0.09271523178807947
1024,1,Random Forest,0,12,0.2918738629998643,0.9735099337748344,0.9090909090909091,0.7692307692307693,0.9094724220623501,0.9983277591973244,0.9821780783319245,137,1,3,10,151,13,8.61,0.22358892889051307,0.0,1.0,0.07254966887417219
1024,1,XGBoost,0,12,0.02520752899999934,0.9801324503311258,1.0,0.7692307692307693,0.9294062646096306,0.9944258639910815,0.9556776556776556,138,0,3,10,151,13,8.61,0.24614036083221436,6.408816989278421e-05,0.9990329742431641,0.07295316457748413
1024,1,LightGBM,0,12,0.07233912600008807,0.9867549668874173,1.0,0.8461538461538461,0.954736211031175,0.9960981047937569,0.9730769230769227,138,0,2,11,151,13,8.61,0.25294231028475483,2.987651050958574e-08,0.9999997062235265,0.07139711843164119
1024,1,CatBoost,0,12,1.2631763260001208,0.9867549668874173,1.0,0.8461538461538461,0.954736211031175,0.9732441471571907,0.9394703656998737,138,0,2,11,151,13,8.61,0.2418967062451541,9.107191445741838e-05,0.9989716568778524,0.07079704057369918
1024,2,Logistic Regression,0,12,0.005251808999901186,0.9470198675496688,0.65,0.9285714285714286,0.8674275680421422,0.9781021897810218,0.9464285714285714,130,7,1,13,151,14,9.27,0.29625553691623063,5.715562138430307e-07,0.9999999982030581,0.15680808982394043
1024,2,Decision Tree,0,12,0.004722808999986228,0.9867549668874173,1.0,0.8571428571428571,0.9579152731326644,0.9285714285714286,0.8703878902554398,137,0,2,12,151,14,9.27,0.27047122988956473,0.0,1.0,0.07947019867549669
1024,2,Random Forest,0,12,0.27902522299996235,0.9933774834437086,1.0,0.9285714285714286,0.9796632996632997,0.9921793534932222,0.9630541871921182,137,0,1,13,151,14,9.27,0.2603750714701334,0.0,1.0,0.09211920529801325
1024,2,XGBoost,0,12,0.03995625800007474,0.9933774834437086,1.0,0.9285714285714286,0.9796632996632997,0.9827945776850886,0.9498480243161094,137,0,1,13,151,14,9.27,0.2777681052684784,5.71333002881147e-05,0.9991016387939453,0.0886082649230957
1024,2,LightGBM,0,12,0.07212464600002022,0.9867549668874173,0.9285714285714286,0.9285714285714286,0.9606360792492179,0.9921793534932222,0.9630541871921181,136,1,1,13,151,14,9.27,0.2825969732087132,2.7923791293085598e-08,0.9999994259446245,0.08969903005422869
1024,2,CatBoost,0,12,1.499321461999898,0.9867549668874173,0.9285714285714286,0.9285714285714286,0.9606360792492179,0.9916579770594369,0.9619047619047618,136,1,1,13,151,14,9.27,0.28281383190128084,0.0001596776339697475,0.9982547397278028,0.09338881172895816
1024,3,Logistic Regression,0,12,0.07434613600003104,0.9403973509933775,0.6086956521739131,1.0,0.8613972463029067,0.9942648592283629,0.9516536877909056,128,9,0,14,151,14,9.27,0.33390521787872973,4.87841800929934e-06,0.9999999930828543,0.1817890678153036
1024,3,Decision Tree,0,12,0.005853118999993967,0.9933774834437086,0.9333333333333333,1.0,0.9809271188581534,0.9963503649635037,0.9333333333333333,136,1,0,14,151,14,9.27,0.2991149613413567,0.0,1.0,0.09933774834437085
1024,3,Random Forest,0,12,0.41678269599992745,0.9933774834437086,0.9333333333333333,1.0,0.9809271188581534,1.0,0.9999999999999999,136,1,0,14,151,14,9.27,0.259573373974432,0.0,1.0,0.10281456953642384
1024,3,XGBoost,0,12,0.04678370800002085,0.9801324503311258,0.8235294117647058,1.0,0.946077847875253,1.0,1.0,134,3,0,14,151,14,9.27,0.29833275079727173,2.7377331207389943e-05,0.999409556388855,0.11297263950109482
1024,3,LightGBM,0,12,0.11013619300001665,0.9933774834437086,0.9333333333333333,1.0,0.9809271188581534,0.9994786235662148,0.995238095238095,136,1,0,14,151,14,9.27,0.29231420729242213,2.7419707307305607e-08,0.9999995159765986,0.09892144725826811
1024,3,CatBoost,0,12,1.6710442109999804,0.9933774834437086,0.9333333333333333,1.0,0.9809271188581534,1.0,0.9999999999999998,136,1,0,14,151,14,9.27,0.2818528271887297,0.00015648066031569223,0.9963039702895657,0.10111464877807977
1024,4,Logistic Regression,0,12,0.0049464789999547065,0.9735099337748344,0.8125,0.9285714285714286,0.9259803921568628,0.9900938477580814,0.9588744588744587,134,3,1,13,151,14,9.27,0.2782643642085864,4.142265728278402e-06,0.9999999689110274,0.12982512095980847
1024,4,Decision Tree,0,12,0.004333259000077305,0.9668874172185431,0.8,0.8571428571428571,0.9046355942907667,0.9176225234619395,0.6989593188268685,134,3,2,12,151,14,9.27,0.2991149613413567,0.0,1.0,0.09933774834437085
1024,4,Random Forest,0,12,0.2788237230001869,0.9933774834437086,1.0,0.9285714285714286,0.9796632996632997,1.0,1.0,137,0,1,13,151,14,9.27,0.2664373392599857,0.0,1.0,0.09321192052980132
1024,4,XGBoost,0,12,0.02432789799991042,0.9933774834437086,1.0,0.9285714285714286,0.9796632996632997,0.9984358706986445,0.9873949579831932,137,0,1,13,151,14,9.27,0.27555081248283386,3.1832681997912005e-05,0.9990434050559998,0.0907227098941803
1024,4,LightGBM,0,12,0.07361778599988611,0.9933774834437086,1.0,0.9285714285714286,0.9796632996632997,0.9973931178310741,0.981203007518797,137,0,1,13,151,14,9.27,0.28036745036980953,2.765794160922998e-08,0.9999997103626053,0.0864887796652518
1024,4,CatBoost,0,12,1.294415064000077,0.9933774834437086,1.0,0.9285714285714286,0.9796632996632997,0.9994786235662149,0.995238095238095,137,0,1,13,151,14,9.27,0.27637264487991176,0.00017015736527801226,0.9982563540261531,0.08925154789660915
1024,5,Logistic Regression,0,12,0.005050189999792565,0.9470198675496688,0.6666666666666666,0.8571428571428571,0.8601851851851852,0.9921793534932221,0.9434300035803793,131,6,2,12,151,14,9.27,0.28942178856906264,4.497330613034969e-06,0.9999999803551373,0.14676862531947377
1024,5,Decision Tree,0,12,0.004509188999918479,0.9735099337748344,1.0,0.7142857142857143,0.9094724220623501,0.8571428571428572,0.7407757805108799,137,0,4,10,151,14,9.27,0.24867527623203425,0.0,1.0,0.06622516556291391
1024,5,Random Forest,0,12,0.27320584400013104,0.9735099337748344,1.0,0.7142857142857143,0.9094724220623501,0.9984358706986444,0.985969387755102,137,0,4,10,151,14,9.27,0.23816696989297714,0.0,1.0,0.07493377483443708
1024,5,XGBoost,0,12,0.032554198000070755,0.9801324503311258,1.0,0.7857142857142857,0.9345848375451263,0.9843587069864442,0.9223240527588353,137,0,3,11,151,14,9.27,0.25243905186653137,5.233984120422974e-05,0.99809330701828,0.07452348619699478
1024,5,LightGBM,0,12,0.07518347499990341,0.9735099337748344,1.0,0.7142857142857143,0.9094724220623501,0.9921793534932221,0.9560846560846559,137,0,4,10,151,14,9.27,0.24954202628433014,2.7499392933727507e-08,0.9999996306887027,0.06877448712589972
1024,5,CatBoost,0,12,1.2941096340000513,0.9735099337748344,1.0,0.7142857142857143,0.9094724220623501,0.9973931178310741,0.9767984116723611,137,0,4,10,151,14,9.27,0.24595993301212565,0.0001722690958629419,0.998498983640589,0.07177040426142031
1024,6,Logistic Regression,0,12,0.005358709999882194,0.9735099337748344,0.7647058823529411,1.0,0.9259803921568628,0.9944258639910813,0.949266419854655,134,4,0,13,151,13,8.61,0.28235498778917484,5.043348812858799e-06,0.9999999807152117,0.14325474730550944
1024,6,Decision Tree,0,12,0.004953059999934339,0.9668874172185431,0.7857142857142857,0.8461538461538461,0.8983164983164983,0.9122073578595319,0.6780801979477475,135,3,2,11,151,13,8.61,0.2900329594762674,0.0,1.0,0.09271523178807947
1024,6,Random Forest,0,12,0.2808857940001417,0.9801324503311258,0.9166666666666666,0.8461538461538461,0.9345848375451263,0.9944258639910815,0.9498445998445999,137,1,2,11,151,13,8.61,0.2394833389555453,0.0,1.0,0.08258278145695366
1024,6,XGBoost,0,12,0.02503547800006345,0.9735099337748344,0.8461538461538461,0.8461538461538461,0.9158305462653289,0.983835005574136,0.9089116012192933,136,2,2,11,151,13,8.61,0.2648189663887024,2.345348366361577e-05,0.9987896084785461,0.08420513570308685
1024,6,LightGBM,0,12,0.07599673599997914,0.9735099337748344,0.8461538461538461,0.8461538461538461,0.9158305462653289,0.9944258639910813,0.9560080442433381,136,2,2,11,151,13,8.61,0.26225801197404225,2.7555509559336907e-08,0.9999997365897341,0.08258167089045516
1024,6,CatBoost,0,12,1.3205486530000599,0.9801324503311258,1.0,0.7692307692307693,0.9294062646096306,0.9966555183946488,0.9681776556776553,138,0,3,10,151,13,8.61,0.24641613650645833,0.0001510771180010433,0.9987499802131439,0.0761643273698566
1024,7,Logistic Regression,0,12,0.005315548999988096,0.9470198675496688,0.65,0.9285714285714286,0.8674275680421422,0.9416058394160585,0.9260393983896287,130,7,1,13,151,14,9.27,0.30839775159318855,2.3766840642373423e-06,0.9999999779077149,0.14815364583092644
1024,7,Decision Tree,0,12,0.004705278999836082,0.9867549668874173,1.0,0.8571428571428571,0.9579152731326644,0.9285714285714286,0.8703878902554398,137,0,2,12,151,14,9.27,0.27047122988956473,0.0,1.0,0.07947019867549669
1024,7,Random Forest,0,12,0.27873972399993363,0.9933774834437086,1.0,0.9285714285714286,0.9796632996632997,0.9984358706986445,0.9873949579831932,137,0,1,13,151,14,9.27,0.2575750065443384,0.0,1.0,0.0933774834437086
1024,7,XGBoost,0,12,0.024518989000171132,0.9933774834437086,1.0,0.9285714285714286,0.9796632996632997,0.9900938477580813,0.9588744588744588,137,0,1,13,151,14,9.27,0.2734178900718689,0.0001094898980227299,0.9982252717018127,0.08978907763957977
1024,7,LightGBM,0,12,0.07136363600011464,0.9867549668874173,0.9285714285714286,0.9285714285714286,0.9606360792492179,0.9942648592283628,0.9614531431301616,136,1,1,13,151,14,9.27,0.2899513806405412,3.125945568141678e-08,0.9999993552690909,0.09272386069423985
1024,7,CatBoost,0,12,1.2980484940001134,0.9867549668874173,0.9285714285714286,0.9285714285714286,0.9606360792492179,0.9614181438998958,0.9399350649350647,136,1,1,13,151,14,9.27,0.281065945398076,9.055230920481606e-05,0.9986516144622861,0.0941385586263284
1024,8,Logistic Regression,0,12,0.005530500000077154,0.9536423841059603,0.6842105263157895,0.9285714285714286,0.8809282415230371,0.9937434827945777,0.9472381784881783,131,6,1,13,151,14,9.27,0.29465050375488394,3.929321036205042e-06,0.9999999756928984,0.14827553888051062
1024,8,Decision Tree,0,12,0.004440848999820446,0.9602649006622517,0.7857142857142857,0.7857142857142857,0.8819082377476538,0.8819082377476538,0.6372144884443843,134,3,3,11,151,14,9.27,0.2900329594762674,0.0,1.0,0.09271523178807947
1024,8,Random Forest,0,12,0.2907609330000014,0.9801324503311258,1.0,0.7857142857142857,0.9345848375451263,0.995568300312826,0.9689239332096474,137,0,3,11,151,14,9.27,0.23837800549872046,0.0,1.0,0.07632450331125827
1024,8,XGBoost,0,12,0.02647064899997531,0.9867549668874173,1.0,0.8571428571428571,0.9579152731326644,0.9874869655891553,0.9504964147821289,137,0,2,12,151,14,9.27,0.25471052527427673,3.164553709211759e-05,0.9983649849891663,0.07904817163944244
1024,8,LightGBM,0,12,0.07777934599994296,0.9867549668874173,1.0,0.8571428571428571,0.9579152731326644,0.9812304483837331,0.9485714285714284,137,0,2,12,151,14,9.27,0.2635421116887405,2.8307968849645833e-08,0.9999996691485753,0.07794918095250639
1024,8,CatBoost,0,12,1.2965667739999844,0.9735099337748344,1.0,0.7142857142857143,0.9094724220623501,0.9963503649635037,0.973469387755102,137,0,4,10,151,14,9.27,0.24588633091244017,0.00019326001309205297,0.9979817754790145,0.0728080781320421
1024,9,Logistic Regression,0,12,0.005071030000181054,0.9735099337748344,0.8125,0.9285714285714286,0.9259803921568628,0.9880083420229406,0.9391465677179962,134,3,1,13,151,14,9.27,0.2943567136025346,5.2457051470400415e-06,0.999999941081133,0.15374125607571545
1024,9,Decision Tree,0,12,0.004265370999974039,0.9801324503311258,0.9230769230769231,0.8571428571428571,0.938989898989899,0.9249217935349322,0.8044538243213739,136,1,2,12,151,14,9.27,0.28050090840460096,0.0,1.0,0.08609271523178808
1024,9,Random Forest,0,12,0.3783600869999191,0.9933774834437086,1.0,0.9285714285714286,0.9796632996632997,0.9994786235662149,0.9952380952380953,137,0,1,13,151,14,9.27,0.2587273814287333,0.0,1.0,0.09341059602649007
1024,9,XGBoost,0,12,0.12363376200005405,0.9933774834437086,1.0,0.9285714285714286,0.9796632996632997,0.9984358706986444,0.9873949579831931,137,0,1,13,151,14,9.27,0.27678877115249634,2.7999405574519187e-05,0.9986271858215332,0.08950360119342804
1024,9,LightGBM,0,12,0.11586234300011711,0.9933774834437086,1.0,0.9285714285714286,0.9796632996632997,0.996871741397289,0.9785714285714284,137,0,1,13,151,14,9.27,0.2803394857334201,2.7697743558552635e-08,0.9999996045139649,0.0863247066921337
1024,9,CatBoost,0,12,1.9656624740000552,0.9933774834437086,1.0,0.9285714285714286,0.9796632996632997,0.9979144942648592,0.984126984126984,137,0,1,13,151,14,9.27,0.2741853143713761,0.000145662738712093,0.9983001830799392,0.08900686874261066
1024,10,Logistic Regression,0,12,0.005162360000213084,0.9668874172185431,0.7647058823529411,0.9285714285714286,0.910129746458755,0.9801876955161627,0.9195936568607375,133,4,1,13,151,14,9.27,0.28711825743708685,8.058773495022482e-07,0.9999999991240645,0.12222039457656499
1024,10,Decision Tree,0,12,0.0045551600001090264,0.9867549668874173,1.0,0.8571428571428571,0.9579152731326644,0.9285714285714286,0.8703878902554398,137,0,2,12,151,14,9.27,0.27047122988956473,0.0,1.0,0.07947019867549669
1024,10,Random Forest,0,12,0.27834310399998685,0.9867549668874173,1.0,0.8571428571428571,0.9579152731326644,0.9916579770594369,0.9598214285714286,137,0,2,12,151,14,9.27,0.2567612271988134,0.0,1.0,0.08284768211920529
1024,10,XGBoost,0,12,0.02400733800004673,0.9801324503311258,0.9230769230769231,0.8571428571428571,0.938989898989899,0.994786235662148,0.9645021645021645,136,1,2,12,151,14,9.27,0.2689216434955597,3.6104418541071936e-05,0.9995988011360168,0.08350621163845062
1024,10,LightGBM,0,12,0.0721610849998342,0.9867549668874173,1.0,0.8571428571428571,0.9579152731326644,0.9927007299270073,0.9642857142857142,137,0,2,12,151,14,9.27,0.2702609480711356,2.8720287870355586e-08,0.9999997169555312,0.07973848048616951
1024,10,CatBoost,0,12,1.3007182930000454,0.9867549668874173,1.0,0.8571428571428571,0.9579152731326644,0.9937434827945777,0.9670329670329669,137,0,2,12,151,14,9.27,0.26518272968471873,0.000177386740196918,0.9982710890720565,0.08022609641458733
1024,11,Logistic Regression,0,12,0.005139340000141601,0.9602649006622517,0.6842105263157895,1.0,0.8951388888888889,0.9983277591973244,0.9821780783319243,132,6,0,13,151,13,8.61,0.3007096115257095,4.168391076009762e-06,0.9999999747266646,0.15658550311491579
1024,11,Decision Tree,0,12,0.0046498589999828255,0.9867549668874173,0.9230769230769231,0.9230769230769231,0.9579152731326644,0.9579152731326644,0.8586935224734513,137,1,1,12,151,13,8.61,0.280500908404601,0.0,1.0,0.08609271523178808
1024,11,Random Forest,0,12,0.28591957399999046,0.9933774834437086,1.0,0.9230769230769231,0.9781949458483754,0.9977703455964325,0.9819004524886878,138,0,1,12,151,13,8.61,0.2509763925127258,0.0,1.0,0.0802980132450331
1024,11,XGBoost,0,12,0.024996048000048177,0.9933774834437086,1.0,0.9230769230769231,0.9781949458483754,0.9916387959866221,0.9587912087912086,138,0,1,12,151,13,8.61,0.2655559778213501,3.82481848646421e-05,0.9987218976020813,0.07967216521501541
1024,11,LightGBM,0,12,0.07473551599991879,0.9933774834437086,1.0,0.9230769230769231,0.9781949458483754,0.9910813823857303,0.9575596816976124,138,0,1,12,151,13,8.61,0.2700992862849692,2.777212783095141e-08,0.9999993548271587,0.07944071346546945
1024,11,CatBoost,0,12,1.3286641409999902,0.9933774834437086,1.0,0.9230769230769231,0.9781949458483754,0.9988851727982163,0.9897435897435896,138,0,1,12,151,13,8.61,0.26422295222722453,0.00019326103186238596,0.9984521331876963,0.0800263743419101
1024,12,Logistic Regression,0,12,0.005109960000027058,0.9735099337748344,0.8125,0.9285714285714286,0.9259803921568628,0.9827945776850886,0.9498480243161094,134,3,1,13,151,14,9.27,0.2806804081438468,3.225570823828751e-07,0.9999997957712425,0.1281417157259492
1024,12,Decision Tree,0,12,0.00446686000009322,0.9933774834437086,1.0,0.9285714285714286,0.9796632996632997,0.9642857142857143,0.93519394512772,137,0,1,13,151,14,9.27,0.28050090840460096,0.0,1.0,0.08609271523178808
1024,12,Random Forest,0,12,0.2912587920000078,0.9867549668874173,1.0,0.8571428571428571,0.9579152731326644,0.9913972888425443,0.9588744588744588,137,0,2,12,151,14,9.27,0.25795752726646026,0.0,1.0,0.08536423841059602
1024,12,XGBoost,0,12,0.02583541800004241,0.9801324503311258,0.9230769230769231,0.8571428571428571,0.938989898989899,0.9927007299270072,0.960506424792139,136,1,2,12,151,14,9.27,0.26989904046058655,3.258835567976348e-05,0.9995062351226807,0.0890667513012886
1024,12,LightGBM,0,12,0.07155847600006382,0.9801324503311258,0.9230769230769231,0.8571428571428571,0.938989898989899,0.9854014598540146,0.947859631657541,136,1,2,12,151,14,9.27,0.2775864941460544,2.8013751672833556e-08,0.9999995051092372,0.08758584224254318
1024,12,CatBoost,0,12,1.3037597829998049,0.9933774834437086,1.0,0.9285714285714286,0.9796632996632997,0.9937434827945777,0.9670329670329669,137,0,1,13,151,14,9.27,0.27066548315181743,0.00020440209035712818,0.998052767030075,0.08440691305321345
1024,13,Logistic Regression,0,12,0.0049464400001397735,0.9271523178807947,0.5789473684210527,0.7857142857142857,0.8128872366790583,0.8571428571428572,0.7662562550436303,129,8,3,11,151,14,9.27,0.29862584889132204,2.486507141293316e-09,0.9999999962821746,0.12718522202521196
1024,13,Decision Tree,0,12,0.004542310000033467,0.9271523178807947,0.5789473684210527,0.7857142857142857,0.8128872366790583,0.8636600625651719,0.47475476771398695,129,8,3,11,151,14,9.27,0.3316552059748057,0.0,1.0,0.12582781456953643
1024,13,Random Forest,0,12,0.2738581239998439,0.9668874172185431,0.8461538461538461,0.7857142857142857,0.8983164983164983,0.9376955161626696,0.8394801351281956,135,2,3,11,151,14,9.27,0.25013504532018105,0.0,1.0,0.09195364238410596
1024,13,XGBoost,0,12,0.02174843900002088,0.9602649006622517,0.7857142857142857,0.7857142857142857,0.8819082377476538,0.9202294056308654,0.8269992678925457,134,3,3,11,151,14,9.27,0.2769278287887573,5.331090505933389e-05,0.9995643496513367,0.09600944072008133
1024,13,LightGBM,0,12,0.07925065500012352,0.9668874172185431,0.8461538461538461,0.7857142857142857,0.8983164983164983,0.9301355578727841,0.8514108547230144,135,2,3,11,151,14,9.27,0.27399352387206666,3.1524332517124703e-08,0.9999992211847687,0.08953141253732169
1024,13,CatBoost,0,12,1.3080697540001438,0.9536423841059603,0.7333333333333333,0.7857142857142857,0.8664898320070733,0.9410844629822732,0.8586630916335862,133,4,3,11,151,14,9.27,0.2603609908863539,6.755511883094439e-05,0.9989216414104187,0.08952459666583985
1024,14,Logistic Regression,0,12,0.0051149290000012115,0.9735099337748344,0.7777777777777778,1.0,0.9300925925925926,1.0,0.9999999999999998,133,4,0,14,151,14,9.27,0.29108186159850846,6.534283877065881e-06,0.9999999860707036,0.15049699425796428
1024,14,Decision Tree,0,12,0.0046689200000855635,0.9867549668874173,1.0,0.8571428571428571,0.9579152731326644,0.9285714285714286,0.8703878902554398,137,0,2,12,151,14,9.27,0.27047122988956473,0.0,1.0,0.07947019867549669
1024,14,Random Forest,0,12,0.27569947399979355,0.9933774834437086,1.0,0.9285714285714286,0.9796632996632997,0.9994786235662148,0.9952380952380951,137,0,1,13,151,14,9.27,0.2455142850326248,0.0,1.0,0.0847682119205298
1024,14,XGBoost,0,12,0.025654338000094867,0.9867549668874173,0.9285714285714286,0.9285714285714286,0.9606360792492179,0.9994786235662148,0.9952380952380953,136,1,1,13,151,14,9.27,0.2750132977962494,2.539248816901818e-05,0.9989079236984253,0.09325786679983139
1024,14,LightGBM,0,12,0.07589774600000965,0.9867549668874173,0.9285714285714286,0.9285714285714286,0.9606360792492179,0.9979144942648592,0.9804748822605964,136,1,1,13,151,14,9.27,0.2868856398747865,2.7848630930169275e-08,0.999999586749136,0.0916729353406145
1024,14,CatBoost,0,12,1.2935617539999384,0.9867549668874173,0.9285714285714286,0.9285714285714286,0.9606360792492179,0.9994786235662149,0.995238095238095,136,1,1,13,151,14,9.27,0.2771656999355189,0.00015382370378500476,0.9980575286805148,0.0919114981345256
1024,15,Logistic Regression,0,12,0.005149528999936592,0.9470198675496688,0.65,0.9285714285714286,0.8674275680421422,0.9885297184567257,0.9034675850465324,130,7,1,13,151,14,9.27,0.2973213154580208,4.087041547071914e-06,0.999999993297799,0.14847125655953572
1024,15,Decision Tree,0,12,0.004327540000076624,0.9933774834437086,0.9333333333333333,1.0,0.9809271188581534,0.9963503649635037,0.9333333333333333,136,1,0,14,151,14,9.27,0.2991149613413567,0.0,1.0,0.09933774834437085
1024,15,Random Forest,0,12,0.27070032400001764,1.0,1.0,1.0,1.0,1.0,1.0,137,0,0,14,151,14,9.27,0.2514282957156895,0.0,1.0,0.0866887417218543
1024,15,XGBoost,0,12,0.024889919000088412,0.9933774834437086,0.9333333333333333,1.0,0.9809271188581534,1.0,0.9999999999999999,136,1,0,14,151,14,9.27,0.2804783880710602,2.6342564524384215e-05,0.9992430210113525,0.0946364477276802
1024,15,LightGBM,0,12,0.07784423499992954,0.9867549668874173,1.0,0.8571428571428571,0.9579152731326644,0.9989572471324296,0.9901360544217686,137,0,2,12,151,14,9.27,0.2712364745981518,2.770827176914555e-08,0.9999995220256261,0.08254854953595252
1024,15,CatBoost,0,12,1.740963757000145,0.9933774834437086,1.0,0.9285714285714286,0.9796632996632997,1.0,0.9999999999999998,137,0,1,13,151,14,9.27,0.26244871113132917,0.00014993224366260347,0.9986346074495743,0.08589503851758885
1024,16,Logistic Regression,0,12,0.06695358699994358,0.9536423841059603,0.65,1.0,0.8809282415230371,0.9983277591973244,0.9821780783319243,131,7,0,13,151,13,8.61,0.29608761339638284,1.4616727729522597e-05,0.9999999914732872,0.14639938540509584
1024,16,Decision Tree,0,12,0.012147918999971807,0.9867549668874173,0.8666666666666667,1.0,0.9606360792492179,0.9927536231884059,0.8666666666666667,136,2,0,13,151,13,8.61,0.2991149613413567,0.0,1.0,0.09933774834437085
1024,16,Random Forest,0,12,0.43431084400003783,1.0,1.0,1.0,1.0,1.0,1.0,138,0,0,13,151,13,8.61,0.26489151060350624,0.0,1.0,0.09331125827814568
1024,16,XGBoost,0,12,0.15927082100006373,1.0,1.0,1.0,1.0,1.0,0.9999999999999999,138,0,0,13,151,13,8.61,0.2785968482494354,1.9543993403203785e-05,0.9986613988876343,0.09188187122344971
1024,16,LightGBM,0,12,0.0913983550001376,0.9933774834437086,0.9285714285714286,1.0,0.9796632996632997,1.0,0.9999999999999998,137,1,0,13,151,13,8.61,0.2894900508839678,2.7860083194616473e-08,0.9999996931612549,0.09264303122305942
1024,16,CatBoost,0,12,1.2585590259998298,0.9933774834437086,0.9285714285714286,1.0,0.9796632996632997,1.0,0.9999999999999998,137,1,0,13,151,13,8.61,0.2815812530064748,0.00019830770444423282,0.9984213528917603,0.09348131185701687
1024,17,Logistic Regression,0,12,0.005049618999919403,0.9602649006622517,0.7,1.0,0.9005706760316067,0.9942648592283629,0.9535244360902255,131,6,0,14,151,14,9.27,0.3164599541964088,5.550721173102556e-06,0.99999999775472,0.1575842955807083
1024,17,Decision Tree,0,12,0.004553179999902568,0.9735099337748344,0.9166666666666666,0.7857142857142857,0.9158305462653289,0.8892075078206464,0.7401056449069694,136,1,3,11,151,14,9.27,0.27047122988956473,0.0,1.0,0.07947019867549669
1024,17,Random Forest,0,12,0.2772436440000092,0.9933774834437086,1.0,0.9285714285714286,0.9796632996632997,0.9979144942648592,0.9841269841269842,137,0,1,13,151,14,9.27,0.25617034292543567,0.0,1.0,0.08824503311258278
1024,17,XGBoost,0,12,0.025402507999842783,0.9933774834437086,1.0,0.9285714285714286,0.9796632996632997,0.9989572471324296,0.9910714285714284,137,0,1,13,151,14,9.27,0.2730971872806549,2.4993578335852362e-05,0.9989386200904846,0.08855245262384415
1024,17,LightGBM,0,12,0.07610392500009766,0.9933774834437086,1.0,0.9285714285714286,0.9796632996632997,0.9994786235662149,0.995238095238095,137,0,1,13,151,14,9.27,0.27401376067901756,2.741096292510278e-08,0.9999997686026967,0.0840437347363852
1024,17,CatBoost,0,12,1.2752866849998554,0.9933774834437086,1.0,0.9285714285714286,0.9796632996632997,0.9994786235662149,0.995238095238095,137,0,1,13,151,14,9.27,0.26641127288706373,0.00016461659728593818,0.9986806649072509,0.08581289991031348
1024,18,Logistic Regression,0,12,0.004990800000086892,0.9668874172185431,0.7647058823529411,0.9285714285714286,0.910129746458755,0.9416058394160585,0.9170402587264413,133,4,1,13,151,14,9.27,0.2943259605812545,1.8069287225699414e-06,0.9999999987489883,0.12609752039365188
1024,18,Decision Tree,0,12,0.004238420000092447,0.9668874172185431,0.7647058823529411,0.9285714285714286,0.910129746458755,0.9496871741397289,0.7167065501697368,133,4,1,13,151,14,9.27,0.31608210764984696,0.0,1.0,0.11258278145695365
1024,18,Random Forest,0,12,0.2715039639999759,0.9933774834437086,1.0,0.9285714285714286,0.9796632996632997,0.9984358706986444,0.9873949579831933,137,0,1,13,151,14,9.27,0.2583064936047738,0.0,1.0,0.09298013245033113
1024,18,XGBoost,0,12,0.023893418999932692,0.9867549668874173,1.0,0.8571428571428571,0.9579152731326644,0.9885297184567258,0.9563492063492064,137,0,2,12,151,14,9.27,0.266316294670105,9.880266588879749e-05,0.999016284942627,0.0859239473938942
1024,18,LightGBM,0,12,0.07274479600005179,0.9801324503311258,0.8666666666666667,0.9285714285714286,0.94278135657446,0.9906152241918665,0.9598214285714285,135,2,1,13,151,14,9.27,0.29543458547722057,3.1417617090188744e-08,0.9999995525804083,0.09831866505106085
1024,18,CatBoost,0,12,1.2798407539999062,0.9933774834437086,1.0,0.9285714285714286,0.9796632996632997,0.9739311783107404,0.9441964285714284,137,0,1,13,151,14,9.27,0.2701795045747538,7.949478006867759e-05,0.998691353927858,0.088304578872917
1024,19,Logistic Regression,0,12,0.005034211000065625,0.9470198675496688,0.65,0.9285714285714286,0.8674275680421422,0.9916579770594369,0.9335735822148865,130,7,1,13,151,14,9.27,0.27598563065794546,6.14661139497795e-06,0.9999999424074331,0.14811045487966745
1024,19,Decision Tree,0,12,0.004096820999848205,0.9470198675496688,0.75,0.6428571428571429,0.8316610925306578,0.8104796663190823,0.5152554399243141,134,3,5,9,151,14,9.27,0.2704712298895647,0.0,1.0,0.07947019867549669
1024,19,Random Forest,0,12,0.28738572900010695,0.9735099337748344,0.9166666666666666,0.7857142857142857,0.9158305462653289,0.9942648592283628,0.9590076590076589,136,1,3,11,151,14,9.27,0.23515864842753756,0.0,1.0,0.08086092715231788
1024,19,XGBoost,0,12,0.023989028000187318,0.9867549668874173,0.9285714285714286,0.9285714285714286,0.9606360792492179,0.9859228362877999,0.9529616724738675,136,1,1,13,151,14,9.27,0.264546275138855,4.5665292418561876e-05,0.9983850717544556,0.08767560124397278
1024,19,LightGBM,0,12,0.07278672499978711,0.9801324503311258,0.9230769230769231,0.8571428571428571,0.938989898989899,0.989572471324296,0.9492248822605964,136,1,2,12,151,14,9.27,0.2706119031228669,2.886575940893927e-08,0.999999602144358,0.08680837344616574
1024,19,CatBoost,0,12,1.2508858179999152,0.9801324503311258,1.0,0.7857142857142857,0.9345848375451263,0.9958289885297185,0.9679748822605965,137,0,3,11,151,14,9.27,0.24546808214303986,0.0001907490202153002,0.9982844475311985,0.07645009646267943
1024,20,Logistic Regression,0,12,0.0054061420000834914,0.9668874172185431,0.8,0.8571428571428571,0.9046355942907667,0.9655891553701773,0.8896714396714396,134,3,2,12,151,14,9.27,0.27856382388114426,2.9357034161105737e-07,0.9999999301455007,0.14145733289637918
1024,20,Decision Tree,0,12,0.005484540999987075,0.9801324503311258,1.0,0.7857142857142857,0.9345848375451263,0.8928571428571428,0.8055818353831599,137,0,3,11,151,14,9.27,0.2598863161635574,0.0,1.0,0.0728476821192053
1024,20,Random Forest,0,12,0.2778081149999707,0.9867549668874173,1.0,0.8571428571428571,0.9579152731326644,0.9927007299270073,0.961904761904762,137,0,2,12,151,14,9.27,0.2371671306987221,0.0,1.0,0.07619205298013244
1024,20,XGBoost,0,12,0.024875297999869872,0.9867549668874173,1.0,0.8571428571428571,0.9579152731326644,0.9843587069864441,0.9395688153310104,137,0,2,12,151,14,9.27,0.265596479177475,0.00011600880679907277,0.9987812638282776,0.08288376778364182
1024,20,LightGBM,0,12,0.06823626400000649,0.9867549668874173,1.0,0.8571428571428571,0.9579152731326644,0.9880083420229405,0.9512471655328796,137,0,2,12,151,14,9.27,0.2621275842931311,2.7633258098275568e-08,0.9999995228873833,0.07647370979046486
1024,20,CatBoost,0,12,1.3263911040000949,0.9801324503311258,1.0,0.7857142857142857,0.9345848375451263,0.9932221063607924,0.9619309262166404,137,0,3,11,151,14,9.27,0.25797658994084693,0.00016425023212095053,0.9977405080526789,0.07734230306107662
1024,21,Logistic Regression,0,12,0.005472712000027968,0.9337748344370861,0.5652173913043478,1.0,0.8423141186299081,0.9955406911928651,0.9633810858507212,128,10,0,13,151,13,8.61,0.3034870491217273,2.5330230201134528e-05,0.9999999890053791,0.1771821904059411
1024,21,Decision Tree,0,12,0.004756332000170005,0.9801324503311258,0.9166666666666666,0.8461538461538461,0.9345848375451263,0.919453734671126,0.7888860587536083,137,1,2,11,151,13,8.61,0.2704712298895647,0.0,1.0,0.07947019867549669
1024,21,Random Forest,0,12,0.28003131599984954,1.0,1.0,1.0,1.0,1.0,1.0,138,0,0,13,151,13,8.61,0.2601101228262115,0.0,1.0,0.09195364238410596
1024,21,XGBoost,0,12,0.025366888999997173,1.0,1.0,1.0,1.0,1.0,1.0,138,0,0,13,151,13,8.61,0.2742043137550354,1.3730711543757934e-05,0.9992157220840454,0.08958300203084946
1024,21,LightGBM,0,12,0.07484110599989435,0.9933774834437086,0.9285714285714286,1.0,0.9796632996632997,1.0,0.9999999999999998,137,1,0,13,151,13,8.61,0.2896688094317267,2.807397529543728e-08,0.9999994416206592,0.09348990061927115
1024,21,CatBoost,0,12,1.5561293420000766,0.9933774834437086,0.9285714285714286,1.0,0.9796632996632997,1.0,0.9999999999999998,137,1,0,13,151,13,8.61,0.2799739465824431,0.0001779542682327822,0.9984954401254487,0.0934668003269511
1024,22,Logistic Regression,0,12,0.0116160539998873,0.9735099337748344,0.7777777777777778,1.0,0.9300925925925926,0.9979144942648592,0.9815476190476189,133,4,0,14,151,14,9.27,0.30548001734269514,3.3526874014972774e-06,0.9999999315700141,0.16094583645328897
1024,22,Decision Tree,0,12,0.004254051000089021,0.9801324503311258,0.9230769230769231,0.8571428571428571,0.938989898989899,0.9249217935349322,0.8044538243213739,136,1,2,12,151,14,9.27,0.28050090840460096,0.0,1.0,0.08609271523178808
1024,22,Random Forest,0,12,0.3975056560000212,0.9801324503311258,0.9230769230769231,0.8571428571428571,0.938989898989899,0.9953076120959332,0.9666666666666667,136,1,2,12,151,14,9.27,0.25788282277593116,0.0,1.0,0.09334437086092714
1024,22,XGBoost,0,12,0.11898934000009831,0.9801324503311258,0.9230769230769231,0.8571428571428571,0.938989898989899,0.9916579770594369,0.9547619047619047,136,1,2,12,151,14,9.27,0.27498000860214233,5.236150900600478e-05,0.9986419081687927,0.09080991894006729
1024,22,LightGBM,0,12,0.12206820200003676,0.9867549668874173,1.0,0.8571428571428571,0.9579152731326644,0.9900938477580814,0.9588744588744588,137,0,2,12,151,14,9.27,0.2703226147762391,2.7432675839021108e-08,0.9999995836460583,0.08042669123687177
1024,22,CatBoost,0,12,1.6381511700001283,0.9867549668874173,1.0,0.8571428571428571,0.9579152731326644,0.9958289885297185,0.9710884353741496,137,0,2,12,151,14,9.27,0.2646116121524369,0.0002046614748333421,0.9983803409759959,0.08432736420717549
1024,23,Logistic Regression,0,12,0.0052866720000110945,0.9470198675496688,0.6363636363636364,1.0,0.8738512949039265,0.9927007299270073,0.9382183136412459,129,8,0,14,151,14,9.27,0.31559531756344555,1.069411607184394e-05,0.9999999957593586,0.15802707385489273
1024,23,Decision Tree,0,12,0.004834302000062962,0.9801324503311258,0.8666666666666667,0.9285714285714286,0.94278135657446,0.9569864442127216,0.8113844213181962,135,2,1,13,151,14,9.27,0.2991149613413567,0.0,1.0,0.09933774834437085
1024,23,Random Forest,0,12,0.28038368600005015,0.9933774834437086,0.9333333333333333,1.0,0.9809271188581534,0.9994786235662148,0.9952380952380953,136,1,0,14,151,14,9.27,0.2659659210237326,0.0,1.0,0.09841059602649006
1024,23,XGBoost,0,12,0.025163888999941264,0.9867549668874173,0.875,1.0,0.9629901960784314,0.9989572471324296,0.9910714285714286,135,2,0,14,151,14,9.27,0.2875973880290985,1.4549235856975429e-05,0.999148964881897,0.10444216430187225
1024,23,LightGBM,0,12,0.08961456999986694,0.9801324503311258,0.8666666666666667,0.9285714285714286,0.94278135657446,0.9989572471324296,0.9910714285714284,135,2,1,13,151,14,9.27,0.2910527224842488,2.7586031250780277e-08,0.9999994920119739,0.09726576134314673
1024,23,CatBoost,0,12,1.2722146549999707,0.9867549668874173,0.875,1.0,0.9629901960784314,0.9994786235662149,0.995238095238095,135,2,0,14,151,14,9.27,0.28204165062661624,0.00020001656355692738,0.9985457457110051,0.10103967755680235
1024,24,Logistic Regression,0,12,0.005559652999863829,0.9867549668874173,0.9285714285714286,0.9285714285714286,0.9606360792492179,0.9535974973931179,0.9278758723596063,136,1,1,13,151,14,9.27,0.27528601397447,1.5483607220981973e-06,0.9999997420309003,0.10910021640355994
1024,24,Decision Tree,0,12,0.004242491000013615,0.9735099337748344,0.9166666666666666,0.7857142857142857,0.9158305462653289,0.8892075078206464,0.7401056449069694,136,1,3,11,151,14,9.27,0.2704712298895647,0.0,1.0,0.07947019867549669
1024,24,Random Forest,0,12,0.278016665999985,0.9933774834437086,1.0,0.9285714285714286,0.9796632996632997,1.0,1.0,137,0,1,13,151,14,9.27,0.2252504806760215,0.0,1.0,0.07420529801324503
1024,24,XGBoost,0,12,0.025100557999849116,0.9933774834437086,1.0,0.9285714285714286,0.9796632996632997,0.9927007299270073,0.9642857142857142,137,0,1,13,151,14,9.27,0.26805201172828674,2.473948734404985e-05,0.9989829659461975,0.08378959447145462
1024,24,LightGBM,0,12,0.07565840600000229,0.9867549668874173,1.0,0.8571428571428571,0.9579152731326644,0.9979144942648592,0.984126984126984,137,0,2,12,151,14,9.27,0.27029349940964764,3.6715698643700854e-08,0.9999995861094976,0.0819171398761927
1024,24,CatBoost,0,12,1.3717361090000395,0.9801324503311258,1.0,0.7857142857142857,0.9345848375451263,0.9744525547445255,0.9444444444444444,137,0,3,11,151,14,9.27,0.25524312723988274,7.43122296845913e-05,0.9981264160422817,0.07653536301545955
1024,25,Logistic Regression,0,12,0.0054748909999489115,0.9735099337748344,0.8571428571428571,0.8571428571428571,0.9212721584984358,0.9739311783107404,0.9080086580086579,135,2,2,12,151,14,9.27,0.25925298970281246,2.3494432395944568e-06,0.9999999492851336,0.1173493838539997
1024,25,Decision Tree,0,12,0.004218780999963201,0.9801324503311258,0.9230769230769231,0.8571428571428571,0.938989898989899,0.9249217935349322,0.8044538243213739,136,1,2,12,151,14,9.27,0.28050090840460096,0.0,1.0,0.08609271523178808
1024,25,Random Forest,0,12,0.28115379599989865,0.9801324503311258,1.0,0.7857142857142857,0.9345848375451263,0.9937434827945777,0.9619309262166406,137,0,3,11,151,14,9.27,0.236818650259705,0.0,1.0,0.07480132450331126
1024,25,XGBoost,0,12,0.025791658999878564,0.9735099337748344,1.0,0.7142857142857143,0.9094724220623501,0.9900938477580813,0.9502329467767254,137,0,4,10,151,14,9.27,0.2482009381055832,9.404091542819515e-05,0.9992504715919495,0.07269594818353653
1024,25,LightGBM,0,12,0.07339389499998106,0.9801324503311258,1.0,0.7857142857142857,0.9345848375451263,0.9958289885297185,0.9740259740259738,137,0,3,11,151,14,9.27,0.2556851070529974,3.5111100532514124e-08,0.9999995208676895,0.07283635016697115
1024,25,CatBoost,0,12,1.3674569679999422,0.9801324503311258,1.0,0.7857142857142857,0.9345848375451263,0.9968717413972888,0.9761009667024703,137,0,3,11,151,14,9.27,0.24679116600835485,0.00014939346214253008,0.9976730970281297,0.07293267844400743
2048,1,Logistic Regression,0,12,0.02237913799990565,0.9602649006622517,0.6842105263157895,1.0,0.8951388888888889,0.9983277591973244,0.9821780783319243,132,6,0,13,151,13,8.61,0.2988859866792026,2.723003196361357e-05,0.9999999800261843,0.15553615353668723
2048,1,Decision Tree,0,12,0.004733531999818297,0.9735099337748344,0.8461538461538461,0.8461538461538461,0.9158305462653289,0.9158305462653289,0.7292213644735295,136,2,2,11,151,13,8.61,0.28050090840460096,0.0,1.0,0.08609271523178808
2048,1,Random Forest,0,12,0.28734957799997574,0.9867549668874173,0.9230769230769231,0.9230769230769231,0.9579152731326644,0.9977703455964325,0.9819004524886878,137,1,1,12,151,13,8.61,0.2556533246974129,0.0,1.0,0.0856953642384106
2048,1,XGBoost,0,12,0.026661388999855262,0.9933774834437086,1.0,0.9230769230769231,0.9781949458483754,0.9916387959866221,0.9587912087912086,138,0,1,12,151,13,8.61,0.2638760507106781,5.3029798436909914e-05,0.9985438585281372,0.08480202406644821
2048,1,LightGBM,0,12,0.07602219599993987,0.9933774834437086,1.0,0.9230769230769231,0.9781949458483754,0.9888517279821628,0.9533799533799532,138,0,1,12,151,13,8.61,0.2687341450482461,2.8049769139258072e-08,0.9999997106794649,0.0798652918947214
2048,1,CatBoost,0,12,1.388976145000015,0.9933774834437086,1.0,0.9230769230769231,0.9781949458483754,0.9972129319955406,0.9786324786324783,138,0,1,12,151,13,8.61,0.2653255248231643,0.0001724411577670388,0.9978103155253537,0.08319197591567999
2048,2,Logistic Regression,0,12,0.005101232000015443,0.9602649006622517,0.7222222222222222,0.9285714285714286,0.8951388888888889,0.9874869655891554,0.9411764705882351,132,5,1,13,151,14,9.27,0.2986297100870693,3.5563514424170674e-06,0.9999999930430221,0.1502359704938991
2048,2,Decision Tree,0,12,0.005230191999999079,0.9602649006622517,0.75,0.8571428571428571,0.8889705882352941,0.9139728884254432,0.6561021759697255,133,4,2,12,151,14,9.27,0.3077867559899934,0.0,1.0,0.10596026490066225
2048,2,Random Forest,0,12,0.33040923299995484,0.9867549668874173,0.9285714285714286,0.9285714285714286,0.9606360792492179,0.9989572471324296,0.9910714285714286,136,1,1,13,151,14,9.27,0.2623046304111417,0.0,1.0,0.09529801324503312
2048,2,XGBoost,0,12,0.028022489000022688,0.9867549668874173,0.9285714285714286,0.9285714285714286,0.9606360792492179,0.9942648592283629,0.9685714285714286,136,1,1,13,151,14,9.27,0.28463035821914673,4.0663853724254295e-05,0.9989829659461975,0.09570607542991638
2048,2,LightGBM,0,12,0.0771732759999395,0.9933774834437086,1.0,0.9285714285714286,0.9796632996632997,0.9963503649635036,0.976190476190476,137,0,1,13,151,14,9.27,0.27374750740210596,2.8499245097826642e-08,0.9999994842026567,0.08524325672118244
2048,2,CatBoost,0,12,1.5905046929999571,0.9867549668874173,1.0,0.8571428571428571,0.9579152731326644,0.9979144942648592,0.984126984126984,137,0,2,12,151,14,9.27,0.2643473965278456,0.0001292694815015189,0.9985435080968854,0.08684014639516911
2048,3,Logistic Regression,0,12,0.07768688700002713,0.9602649006622517,0.7222222222222222,0.9285714285714286,0.8951388888888889,0.9916579770594369,0.926313551736484,132,5,1,13,151,14,9.27,0.2868095612316144,3.3509691288773106e-05,0.999999983983004,0.15326652485617648
2048,3,Decision Tree,0,12,0.01096855399987362,0.9602649006622517,0.9,0.6428571428571429,0.8642086330935252,0.8177789363920751,0.6116840113528855,136,1,5,9,151,14,9.27,0.24867527623203425,0.0,1.0,0.06622516556291391
2048,3,Random Forest,0,12,0.4148696319998635,0.9867549668874173,1.0,0.8571428571428571,0.9579152731326644,0.9981751824817519,0.9822929171668666,137,0,2,12,151,14,9.27,0.2285129686349319,0.0,1.0,0.07609271523178808
2048,3,XGBoost,0,12,0.051348548000078154,0.9801324503311258,1.0,0.7857142857142857,0.9345848375451263,0.9916579770594368,0.9487301587301586,137,0,3,11,151,14,9.27,0.24082256853580475,2.1789277525385842e-05,0.9986891150474548,0.0744447410106659
2048,3,LightGBM,0,12,0.1164907200000016,0.9867549668874173,1.0,0.8571428571428571,0.9579152731326644,0.9968717413972888,0.9740021008403359,137,0,2,12,151,14,9.27,0.25982513371373095,2.8971497310357817e-08,0.9999993450542908,0.07577333412787281
2048,3,CatBoost,0,12,1.750092488000064,0.9867549668874173,1.0,0.8571428571428571,0.9579152731326644,0.9984358706986445,0.9859693877551019,137,0,2,12,151,14,9.27,0.25151706444839633,0.0001599518112139208,0.9986733065325172,0.07855015936722375
2048,4,Logistic Regression,0,12,0.005816961999926207,0.9602649006622517,0.75,0.8571428571428571,0.8889705882352941,0.9567257559958289,0.8893553909858256,133,4,2,12,151,14,9.27,0.2817498812141088,3.5976170433285535e-08,0.9999995246969758,0.1164528735526444
2048,4,Decision Tree,0,12,0.0048346019998462,0.9801324503311258,1.0,0.7857142857142857,0.9345848375451263,0.8928571428571428,0.8055818353831599,137,0,3,11,151,14,9.27,0.2598863161635574,0.0,1.0,0.0728476821192053
2048,4,Random Forest,0,12,0.3292993029999707,0.9735099337748344,1.0,0.7142857142857143,0.9094724220623501,0.986444212721585,0.9373626373626371,137,0,4,10,151,14,9.27,0.23192943182827508,0.0,1.0,0.07605960264900662
2048,4,XGBoost,0,12,0.02726518000008582,0.9735099337748344,0.9166666666666666,0.7857142857142857,0.9158305462653289,0.981230448383733,0.9049167499167499,136,1,3,11,151,14,9.27,0.26030999422073364,0.00013300083810463548,0.9986961483955383,0.08130984008312225
2048,4,LightGBM,0,12,0.07015438400003404,0.9735099337748344,0.9166666666666666,0.7857142857142857,0.9158305462653289,0.9874869655891554,0.934034715284715,136,1,3,11,151,14,9.27,0.26962429909337415,7.845734295979084e-08,0.999998509083843,0.08081813865422423
2048,4,CatBoost,0,12,1.4622956299999714,0.9668874172185431,0.9090909090909091,0.7142857142857143,0.8909747292418773,0.9650677789363922,0.8954721204721203,136,1,4,10,151,14,9.27,0.2541650397666533,7.42750168227902e-05,0.9979358543091905,0.07455706299395541
2048,5,Logistic Regression,0,12,0.0055486520000158635,0.9735099337748344,0.7777777777777778,1.0,0.9300925925925926,0.9979144942648592,0.9804748822605964,133,4,0,14,151,14,9.27,0.3002334192270441,3.2661421907185794e-06,0.9999999903581952,0.15061148566776805
2048,5,Decision Tree,0,12,0.004856721999885849,0.9867549668874173,0.875,1.0,0.9629901960784314,0.9927007299270073,0.875,135,2,0,14,151,14,9.27,0.3077867559899934,0.0,1.0,0.10596026490066225
2048,5,Random Forest,0,12,0.30462645400007204,1.0,1.0,1.0,1.0,1.0,1.0,137,0,0,14,151,14,9.27,0.2710215848286016,0.0,1.0,0.09447019867549669
2048,5,XGBoost,0,12,0.027713259999927686,0.9933774834437086,0.9333333333333333,1.0,0.9809271188581534,1.0,0.9999999999999998,136,1,0,14,151,14,9.27,0.2877674996852875,2.643300649651792e-05,0.9987228512763977,0.09898722916841507
2048,5,LightGBM,0,12,0.0798439469999721,0.9933774834437086,0.9333333333333333,1.0,0.9809271188581534,0.9994786235662149,0.995238095238095,136,1,0,14,151,14,9.27,0.2932962965775899,2.756213395722295e-08,0.9999996448027939,0.09732132007975747
2048,5,CatBoost,0,12,1.3802812320000157,1.0,1.0,1.0,1.0,1.0,0.9999999999999998,137,0,0,14,151,14,9.27,0.2791245148542262,0.00018497627302332568,0.9983101287007451,0.09361006767164731
2048,6,Logistic Regression,0,12,0.006255521999946723,0.9470198675496688,0.6190476190476191,1.0,0.8674275680421422,0.9933110367892977,0.9436832398370858,130,8,0,13,151,13,8.61,0.29235518527831716,5.2159224060415195e-06,0.9999998869444037,0.1552065968605002
2048,6,Decision Tree,0,12,0.006376392999982272,0.9933774834437086,0.9285714285714286,1.0,0.9796632996632997,0.9963768115942029,0.9285714285714286,137,1,0,13,151,13,8.61,0.2900329594762674,0.0,1.0,0.09271523178807947
2048,6,Random Forest,0,12,0.302126262999991,0.9867549668874173,0.9230769230769231,0.9230769230769231,0.9579152731326644,0.9994425863991082,0.9945054945054944,137,1,1,12,151,13,8.61,0.249463012605334,0.0,1.0,0.08900662251655628
2048,6,XGBoost,0,12,0.030227090999915163,0.9867549668874173,0.8666666666666667,1.0,0.9606360792492179,1.0,0.9999999999999998,136,2,0,13,151,13,8.61,0.28526175022125244,2.4293682145071216e-05,0.9990407824516296,0.09762009233236313
2048,6,LightGBM,0,12,0.07811533599988252,0.9933774834437086,0.9285714285714286,1.0,0.9796632996632997,0.9988851727982162,0.9885883347421807,137,1,0,13,151,13,8.61,0.28651553689541315,2.985210818786472e-08,0.9999993730319793,0.09261632574775008
2048,6,CatBoost,0,12,1.4098026920000848,0.9867549668874173,0.9230769230769231,0.9230769230769231,0.9579152731326644,0.9994425863991081,0.9945054945054943,137,1,1,12,151,13,8.61,0.2685817917155092,0.0001286199763239926,0.9984564287859997,0.09090896819188045
2048,7,Logistic Regression,0,12,0.00574864199984404,0.9801324503311258,0.8235294117647058,1.0,0.946077847875253,0.9958289885297185,0.9599307555189907,134,3,0,14,151,14,9.27,0.29573122812673247,4.886177673387519e-06,0.9999999932655235,0.13902588217736103
2048,7,Decision Tree,0,12,0.005377390999910858,0.9735099337748344,0.8571428571428571,0.8571428571428571,0.9212721584984358,0.9212721584984359,0.7479389106636031,135,2,2,12,151,14,9.27,0.2900329594762674,0.0,1.0,0.09271523178807947
2048,7,Random Forest,0,12,0.2831498959999408,0.9867549668874173,1.0,0.8571428571428571,0.9579152731326644,0.9945255474452555,0.9593837535014006,137,0,2,12,151,14,9.27,0.2405919067500283,0.0,1.0,0.08089403973509934
2048,7,XGBoost,0,12,0.02575359900015428,0.9867549668874173,1.0,0.8571428571428571,0.9579152731326644,0.983837330552659,0.9236394557823128,137,0,2,12,151,14,9.27,0.2588329613208771,2.0135030354140326e-05,0.9990215301513672,0.08168469369411469
2048,7,LightGBM,0,12,0.08009313699994891,0.9735099337748344,0.9166666666666666,0.7857142857142857,0.9158305462653289,0.9869655891553701,0.9285332722832722,136,1,3,11,151,14,9.27,0.2688690438615659,2.7703845614346705e-08,0.9999995906397855,0.08222202263913637
2048,7,CatBoost,0,12,1.3411165679999613,0.9867549668874173,1.0,0.8571428571428571,0.9579152731326644,0.9968717413972888,0.9761009667024703,137,0,2,12,151,14,9.27,0.2520486993235073,0.00017888722105565143,0.9982370859114793,0.07938594365665863
2048,8,Logistic Regression,0,12,0.005174582000108785,0.9602649006622517,0.7222222222222222,0.9285714285714286,0.8951388888888889,0.9916579770594369,0.9505901505901504,132,5,1,13,151,14,9.27,0.2869601326009953,3.798281488892679e-06,0.9999999469078645,0.13647097537964184
2048,8,Decision Tree,0,12,0.004552662000151031,0.9337748344370861,0.6111111111111112,0.7857142857142857,0.8252314814814814,0.8673096976016683,0.5000262798276044,130,7,3,11,151,14,9.27,0.3240299290788098,0.0,1.0,0.11920529801324503
2048,8,Random Forest,0,12,0.2950695510000969,0.9933774834437086,1.0,0.9285714285714286,0.9796632996632997,0.9984358706986445,0.9873949579831933,137,0,1,13,151,14,9.27,0.25497102430633756,0.0,1.0,0.09251655629139072
2048,8,XGBoost,0,12,0.024827268999843,0.9933774834437086,1.0,0.9285714285714286,0.9796632996632997,0.9968717413972888,0.9785714285714285,137,0,1,13,151,14,9.27,0.2735944390296936,3.904723052983172e-05,0.9991970658302307,0.09391307830810547
2048,8,LightGBM,0,12,0.07414115500000662,0.9933774834437086,1.0,0.9285714285714286,0.9796632996632997,0.9973931178310741,0.9812030075187967,137,0,1,13,151,14,9.27,0.2796342185480173,3.0542873986279844e-08,0.9999989388056666,0.08691532812387512
2048,8,CatBoost,0,12,1.5716947969999637,0.9933774834437086,1.0,0.9285714285714286,0.9796632996632997,0.9984358706986445,0.9873949579831931,137,0,1,13,151,14,9.27,0.2699572423163548,0.00017163274998161204,0.9983981049503339,0.08870489836483142
2048,9,Logistic Regression,0,12,0.010765753999976369,0.9602649006622517,0.75,0.8571428571428571,0.8889705882352941,0.9509906152241918,0.8461696981674731,133,4,2,12,151,14,9.27,0.2828384293936048,7.853667121526568e-08,0.9999999893348156,0.11561653835740154
2048,9,Decision Tree,0,12,0.009308252999971955,0.9801324503311258,1.0,0.7857142857142857,0.9345848375451263,0.8928571428571428,0.8055818353831599,137,0,3,11,151,14,9.27,0.2598863161635574,0.0,1.0,0.0728476821192053
2048,9,Random Forest,0,12,0.4112458299998707,0.9801324503311258,1.0,0.7857142857142857,0.9345848375451263,0.9927007299270072,0.9630541871921183,137,0,3,11,151,14,9.27,0.23161600045745825,0.0,1.0,0.0723841059602649
2048,9,XGBoost,0,12,0.06825129400021979,0.9801324503311258,1.0,0.7857142857142857,0.9345848375451263,0.9624608967674662,0.9038523413523412,137,0,3,11,151,14,9.27,0.2516343593597412,8.590237848693505e-05,0.9992843270301819,0.07349808514118195
2048,9,LightGBM,0,12,0.10686240700010785,0.9801324503311258,1.0,0.7857142857142857,0.9345848375451263,0.9906152241918665,0.9523809523809523,137,0,3,11,151,14,9.27,0.2596332925636624,4.14408602857827e-08,0.9999992745758539,0.0727906769417685
2048,9,CatBoost,0,12,1.6520887049998692,0.9801324503311258,1.0,0.7857142857142857,0.9345848375451263,0.9723670490093848,0.9224084802169357,137,0,3,11,151,14,9.27,0.2548299963386668,6.80868845806218e-05,0.9984698959317748,0.07292284887073124
2048,10,Logistic Regression,0,12,0.005511931999990338,0.9668874172185431,0.7368421052631579,1.0,0.9149487439450266,0.9989572471324296,0.9901360544217686,132,5,0,14,151,14,9.27,0.3017061492853944,2.1391956905740883e-05,0.9999999883533345,0.164380472090354
2048,10,Decision Tree,0,12,0.004885842000021512,0.9933774834437086,0.9333333333333333,1.0,0.9809271188581534,0.9963503649635037,0.9333333333333333,136,1,0,14,151,14,9.27,0.2991149613413567,0.0,1.0,0.09933774834437085
2048,10,Random Forest,0,12,0.2890792279999914,0.9933774834437086,1.0,0.9285714285714286,0.9796632996632997,1.0,1.0,137,0,1,13,151,14,9.27,0.26996848963421155,0.0,1.0,0.09185430463576157
2048,10,XGBoost,0,12,0.02720735900015825,0.9933774834437086,1.0,0.9285714285714286,0.9796632996632997,0.9994786235662148,0.9952380952380953,137,0,1,13,151,14,9.27,0.27991053462028503,2.330317147425376e-05,0.999423623085022,0.09249632060527802
2048,10,LightGBM,0,12,0.08668874899990442,0.9933774834437086,1.0,0.9285714285714286,0.9796632996632997,1.0,0.9999999999999998,137,0,1,13,151,14,9.27,0.2805298688076991,2.7649806671945672e-08,0.9999993997775526,0.08962501136259932
2048,10,CatBoost,0,12,1.4194510849999915,1.0,1.0,1.0,1.0,1.0,0.9999999999999998,137,0,0,14,151,14,9.27,0.2789717252025237,0.0001796920850422567,0.9984490151400063,0.09149762988872769
2048,11,Logistic Regression,0,12,0.005196572000158994,0.9602649006622517,0.7058823529411765,0.9230769230769231,0.8889705882352941,0.9749163879598662,0.8904444914060297,133,5,1,12,151,13,8.61,0.2795845302197038,1.02596528172216e-06,0.9999999848485643,0.13112228093588862
2048,11,Decision Tree,0,12,0.00474091099999896,0.9801324503311258,1.0,0.7692307692307693,0.9294062646096306,0.8846153846153846,0.7890983188996434,138,0,3,10,151,13,8.61,0.24867527623203425,0.0,1.0,0.06622516556291391
2048,11,Random Forest,0,12,0.285244197999873,0.9867549668874173,1.0,0.8461538461538461,0.954736211031175,0.9534559643255296,0.9187104286442034,138,0,2,11,151,13,8.61,0.2115322342938411,0.0,1.0,0.06781456953642384
2048,11,XGBoost,0,12,0.02575145900004827,0.9867549668874173,1.0,0.8461538461538461,0.954736211031175,0.987736900780379,0.9516483516483514,138,0,2,11,151,13,8.61,0.2386299967765808,6.211431900737807e-05,0.9992092251777649,0.0712856724858284
2048,11,LightGBM,0,12,0.07214931499993327,0.9867549668874173,1.0,0.8461538461538461,0.954736211031175,0.9882943143812709,0.9524886877828052,138,0,2,11,151,13,8.61,0.25831141194940543,2.800810585831475e-08,0.9999997184893754,0.0727771648937693
2048,11,CatBoost,0,12,1.3687834580000526,0.9867549668874173,1.0,0.8461538461538461,0.954736211031175,0.9916387959866221,0.9587912087912085,138,0,2,11,151,13,8.61,0.23572390291772177,0.00018786776008326449,0.9979452635677489,0.06966434196428184
2048,12,Logistic Regression,0,12,0.005409172000099716,0.9867549668874173,0.875,1.0,0.9629901960784314,0.9984358706986444,0.9846415489272631,135,2,0,14,151,14,9.27,0.29065798359977657,4.7394029854710384e-06,0.999999982581172,0.13757476865119786
2048,12,Decision Tree,0,12,0.004929711999920983,0.9668874172185431,0.8,0.8571428571428571,0.9046355942907667,0.9176225234619395,0.6989593188268685,134,3,2,12,151,14,9.27,0.2991149613413567,0.0,1.0,0.09933774834437085
2048,12,Random Forest,0,12,0.29521954999995614,1.0,1.0,1.0,1.0,1.0,1.0,137,0,0,14,151,14,9.27,0.26958159798476367,0.0,1.0,0.09675496688741722
2048,12,XGBoost,0,12,0.025293308999835062,0.9933774834437086,1.0,0.9285714285714286,0.9796632996632997,0.9994786235662149,0.9952380952380953,137,0,1,13,151,14,9.27,0.2788510322570801,3.3114916732301936e-05,0.9990697503089905,0.09207428991794586
2048,12,LightGBM,0,12,0.07390121599996746,0.9933774834437086,0.9333333333333333,1.0,0.9809271188581534,0.9994786235662148,0.995238095238095,136,1,0,14,151,14,9.27,0.2979564874395428,2.7573562971693293e-08,0.9999996884591758,0.1015702512576063
2048,12,CatBoost,0,12,1.3147599090000313,0.9867549668874173,0.9285714285714286,0.9285714285714286,0.9606360792492179,0.9994786235662148,0.995238095238095,136,1,1,13,151,14,9.27,0.2819994800014578,0.00016326648688551361,0.9984347336733388,0.09616948872154045
2048,13,Logistic Regression,0,12,0.004834021999840843,0.9337748344370861,0.5833333333333334,1.0,0.849481658692185,0.9932221063607924,0.9454735740450024,127,10,0,14,151,14,9.27,0.3106602023811325,1.1951604244009557e-05,0.9999999924349207,0.17302013888375373
2048,13,Decision Tree,0,12,0.00473986099996182,0.9668874172185431,0.8461538461538461,0.7857142857142857,0.8983164983164983,0.8855578727841502,0.684702714504039,135,2,3,11,151,14,9.27,0.28050090840460096,0.0,1.0,0.08609271523178808
2048,13,Random Forest,0,12,0.2986173219999273,1.0,1.0,1.0,1.0,1.0,0.9999999999999999,137,0,0,14,151,14,9.27,0.25753450850160575,0.0,1.0,0.09337748344370861
2048,13,XGBoost,0,12,0.02510840900004041,0.9933774834437086,0.9333333333333333,1.0,0.9809271188581534,1.0,1.0,136,1,0,14,151,14,9.27,0.28554052114486694,1.916064866236411e-05,0.9990133047103882,0.10152464359998703
2048,13,LightGBM,0,12,0.07922999699985667,0.9867549668874173,0.9285714285714286,0.9285714285714286,0.9606360792492179,0.9984358706986445,0.9859693877551019,136,1,1,13,151,14,9.27,0.28879289494064536,2.766996590096325e-08,0.9999996450421315,0.09311299222016588
2048,13,CatBoost,0,12,1.326490534000186,1.0,1.0,1.0,1.0,1.0,0.9999999999999998,137,0,0,14,151,14,9.27,0.27729939218309757,0.0001620602901053232,0.9984963990484788,0.09668391747071912
2048,14,Logistic Regression,0,12,0.005220200999929148,0.9602649006622517,0.7222222222222222,0.9285714285714286,0.8951388888888889,0.9874869655891554,0.9548872180451127,132,5,1,13,151,14,9.27,0.2990613133371362,3.645827167996771e-06,0.9999996864530969,0.1452829699273041
2048,14,Decision Tree,0,12,0.004567391999898973,0.9867549668874173,0.875,1.0,0.9629901960784314,0.9927007299270073,0.875,135,2,0,14,151,14,9.27,0.30778675598999344,0.0,1.0,0.10596026490066225
2048,14,Random Forest,0,12,0.27610223399983624,0.9933774834437086,1.0,0.9285714285714286,0.9796632996632997,0.9994786235662149,0.9952380952380953,137,0,1,13,151,14,9.27,0.26364055421560784,0.0,1.0,0.09447019867549669
2048,14,XGBoost,0,12,0.02608483900007741,0.9867549668874173,0.9285714285714286,0.9285714285714286,0.9606360792492179,0.9942648592283629,0.9685714285714284,136,1,1,13,151,14,9.27,0.28716975450515747,3.63242688763421e-05,0.9991551637649536,0.0997660905122757
2048,14,LightGBM,0,12,0.07462628599978416,0.9867549668874173,0.9285714285714286,0.9285714285714286,0.9606360792492179,0.9979144942648592,0.984126984126984,136,1,1,13,151,14,9.27,0.2892459373974998,2.8186603111945365e-08,0.9999997459122634,0.09395925758820758
2048,14,CatBoost,0,12,1.5529758810000658,0.9933774834437086,1.0,0.9285714285714286,0.9796632996632997,0.9984358706986445,0.9873949579831931,137,0,1,13,151,14,9.27,0.27676517933367484,0.00014603619312042305,0.998035435740039,0.09012455077142521
2048,15,Logistic Regression,0,12,0.06047586099998625,0.9668874172185431,0.7647058823529411,0.9285714285714286,0.910129746458755,0.9426485922836289,0.8867710140736456,133,4,1,13,151,14,9.27,0.2915251616101482,9.35945469887836e-07,0.9999999981177734,0.12215044441611801
2048,15,Decision Tree,0,12,0.008565062999878137,0.9801324503311258,0.9230769230769231,0.8571428571428571,0.938989898989899,0.9249217935349322,0.8044538243213739,136,1,2,12,151,14,9.27,0.28050090840460096,0.0,1.0,0.08609271523178808
2048,15,Random Forest,0,12,0.3964921950000644,0.9668874172185431,0.9090909090909091,0.7142857142857143,0.8909747292418773,0.9945255474452555,0.9574770467627611,136,1,4,10,151,14,9.27,0.237143561054533,0.0,1.0,0.07486754966887417
2048,15,XGBoost,0,12,0.08982927100009874,0.9867549668874173,1.0,0.8571428571428571,0.9579152731326644,0.9927007299270073,0.9514695830485305,137,0,2,12,151,14,9.27,0.25509539246559143,6.486751226475462e-05,0.9981637597084045,0.07887858897447586
2048,15,LightGBM,0,12,0.1112464180000643,0.9867549668874173,1.0,0.8571428571428571,0.9579152731326644,0.9885297184567257,0.9430147058823528,137,0,2,12,151,14,9.27,0.26374446797176027,3.038014083186199e-08,0.9999996807197851,0.07716627408658569
2048,15,CatBoost,0,12,1.7499466090000624,0.9801324503311258,1.0,0.7857142857142857,0.9345848375451263,0.976016684045881,0.9296218487394956,137,0,3,11,151,14,9.27,0.2474733600280227,7.032068101884713e-05,0.998587471846171,0.07146056171635723
2048,16,Logistic Regression,0,12,0.006866451999940182,0.9337748344370861,0.5789473684210527,0.8461538461538461,0.8252314814814814,0.9682274247491638,0.8759298393913777,130,8,2,11,151,13,8.61,0.2919177635893957,1.6050255869593667e-07,0.9999999783021911,0.13587286520203187
2048,16,Decision Tree,0,12,0.004948082000055365,0.9735099337748344,0.9090909090909091,0.7692307692307693,0.9094724220623501,0.8809921962095875,0.7191682489695734,137,1,3,10,151,13,8.61,0.2598863161635574,0.0,1.0,0.0728476821192053
2048,16,Random Forest,0,12,0.3256744709999566,0.9801324503311258,1.0,0.7692307692307693,0.9294062646096306,0.9827201783723523,0.9246794871794872,138,0,3,10,151,13,8.61,0.2340050833175726,0.0,1.0,0.06937086092715232
2048,16,XGBoost,0,12,0.029437619999953313,0.9801324503311258,1.0,0.7692307692307693,0.9294062646096306,0.967670011148272,0.896502603399155,138,0,3,10,151,13,8.61,0.24691393971443176,4.291784352972172e-05,0.998711347579956,0.07018925249576569
2048,16,LightGBM,0,12,0.07425786599992534,0.9801324503311258,1.0,0.7692307692307693,0.9294062646096306,0.9793756967670011,0.903343388637506,138,0,3,10,151,13,8.61,0.24865901258222597,3.0751927434952923e-08,0.9999993944827413,0.06627352069179454
2048,16,CatBoost,0,12,1.4369083919998502,0.9801324503311258,1.0,0.7692307692307693,0.9294062646096306,0.9905239687848384,0.9404524886877825,138,0,3,10,151,13,8.61,0.24466869581866738,0.00013263753954029247,0.9983927433025834,0.06800714570407158
2048,17,Logistic Regression,0,12,0.0054419919999872945,0.9470198675496688,0.6363636363636364,1.0,0.8738512949039265,0.9906152241918664,0.9309523809523808,129,8,0,14,151,14,9.27,0.2999981736354833,2.289764593282293e-06,0.9999999874753461,0.1633063729522018
2048,17,Decision Tree,0,12,0.004641001999971195,0.9668874172185431,0.8,0.8571428571428571,0.9046355942907667,0.9176225234619395,0.6989593188268685,134,3,2,12,151,14,9.27,0.2991149613413567,0.0,1.0,0.09933774834437085
2048,17,Random Forest,0,12,0.3091830249998111,0.9867549668874173,1.0,0.8571428571428571,0.9579152731326644,0.997393117831074,0.981203007518797,137,0,2,12,151,14,9.27,0.26438917921512756,0.0,1.0,0.09486754966887417
2048,17,XGBoost,0,12,0.02666280900007223,0.9801324503311258,0.8666666666666667,0.9285714285714286,0.94278135657446,0.9963503649635037,0.9706064612079649,135,2,1,13,151,14,9.27,0.28944525122642517,1.5604704458382912e-05,0.9992272853851318,0.09954498708248138
2048,17,LightGBM,0,12,0.0754641860000902,0.9867549668874173,0.9285714285714286,0.9285714285714286,0.9606360792492179,0.9989572471324296,0.9910714285714284,136,1,1,13,151,14,9.27,0.28713220677359247,2.7602245139034215e-08,0.999999596766311,0.09383629154073228
2048,17,CatBoost,0,12,1.3220272319999822,0.9933774834437086,1.0,0.9285714285714286,0.9796632996632997,1.0,0.9999999999999998,137,0,1,13,151,14,9.27,0.2738135839740023,0.0001456508004093718,0.9983060772696924,0.09462944700777923
2048,18,Logistic Regression,0,12,0.004956261999950584,0.9668874172185431,0.7647058823529411,0.9285714285714286,0.910129746458755,0.94577685088634,0.9320163963021104,133,4,1,13,151,14,9.27,0.28950584325842965,1.2007404890619535e-06,0.999999970303179,0.11627386650327089
2048,18,Decision Tree,0,12,0.005046260999961305,0.9801324503311258,1.0,0.7857142857142857,0.9345848375451263,0.8928571428571428,0.8055818353831599,137,0,3,11,151,14,9.27,0.2598863161635574,0.0,1.0,0.0728476821192053
2048,18,Random Forest,0,12,0.28069897599993965,0.9933774834437086,1.0,0.9285714285714286,0.9796632996632997,1.0,0.9999999999999999,137,0,1,13,151,14,9.27,0.24109045723503778,0.0,1.0,0.07897350993377483
2048,18,XGBoost,0,12,0.04418246500017631,0.9933774834437086,1.0,0.9285714285714286,0.9796632996632997,0.9958289885297185,0.9740259740259741,137,0,1,13,151,14,9.27,0.27522820234298706,2.9916729545220733e-05,0.9985519051551819,0.08674468845129013
2048,18,LightGBM,0,12,0.07594634599990968,0.9933774834437086,1.0,0.9285714285714286,0.9796632996632997,0.9958289885297185,0.9740259740259738,137,0,1,13,151,14,9.27,0.28034909846793027,3.994669491219002e-08,0.9999996579567663,0.08849098433372893
2048,18,CatBoost,0,12,1.4165603740000279,0.9933774834437086,1.0,0.9285714285714286,0.9796632996632997,0.9770594369134515,0.9458128078817734,137,0,1,13,151,14,9.27,0.2683006574710332,8.787220587718822e-05,0.9983773971739587,0.08307698527081438
2048,19,Logistic Regression,0,12,0.00972877399999561,0.9536423841059603,0.6666666666666666,1.0,0.8868913857677903,0.9927007299270073,0.9325055022008801,130,7,0,14,151,14,9.27,0.3105550152276202,1.632813603583965e-05,0.9999999951419369,0.18896451325178454
2048,19,Decision Tree,0,12,0.005899352000142244,0.9470198675496688,0.6666666666666666,0.8571428571428571,0.8601851851851852,0.9066736183524505,0.5846736045411541,131,6,2,12,151,14,9.27,0.3240299290788098,0.0,1.0,0.11920529801324503
2048,19,Random Forest,0,12,0.31468297700007497,1.0,1.0,1.0,1.0,1.0,0.9999999999999999,137,0,0,14,151,14,9.27,0.26208960894253863,0.0,1.0,0.10119205298013245
2048,19,XGBoost,0,12,0.030362889999878462,1.0,1.0,1.0,1.0,0.9999999999999999,0.9999999999999998,137,0,0,14,151,14,9.27,0.2787722945213318,4.302988600102253e-05,0.9990506768226624,0.09502625465393066
2048,19,LightGBM,0,12,0.10625214700007746,0.9933774834437086,0.9333333333333333,1.0,0.9809271188581534,0.9994786235662149,0.995238095238095,136,1,0,14,151,14,9.27,0.29795306026120305,2.7576771516372198e-08,0.9999997276803951,0.09928598241501213
2048,19,CatBoost,0,12,1.3769206609999856,0.9933774834437086,0.9333333333333333,1.0,0.9809271188581534,0.9994786235662149,0.995238095238095,136,1,0,14,151,14,9.27,0.2793705851356875,0.00021299548143594434,0.9984894606857347,0.09919074905533369
2048,20,Logistic Regression,0,12,0.0050816520001717436,0.9735099337748344,0.8125,0.9285714285714286,0.9259803921568628,0.9895724713242962,0.9220807169021454,134,3,1,13,151,14,9.27,0.2843402203600717,1.0538361699577326e-05,0.999999950123029,0.13365337373425792
2048,20,Decision Tree,0,12,0.004343961000131458,0.9801324503311258,0.9230769230769231,0.8571428571428571,0.938989898989899,0.9249217935349322,0.8044538243213739,136,1,2,12,151,14,9.27,0.28050090840460096,0.0,1.0,0.08609271523178808
2048,20,Random Forest,0,12,0.2789548650000597,0.9735099337748344,0.9166666666666666,0.7857142857142857,0.9158305462653289,0.9984358706986445,0.9846415489272632,136,1,3,11,151,14,9.27,0.2537722593849639,0.0,1.0,0.08910596026490065
2048,20,XGBoost,0,12,0.029730430999961754,0.9801324503311258,0.9230769230769231,0.8571428571428571,0.938989898989899,0.9973931178310741,0.9745225013082156,136,1,2,12,151,14,9.27,0.26791441440582275,2.556053914304357e-05,0.9992231130599976,0.08595872670412064
2048,20,LightGBM,0,12,0.08021047800002634,0.9735099337748344,0.9166666666666666,0.7857142857142857,0.9158305462653289,0.9979144942648592,0.9804748822605964,136,1,3,11,151,14,9.27,0.2589781101871967,3.079716714017133e-08,0.99999967810704,0.07682486609783104
2048,20,CatBoost,0,12,1.7595109020001019,0.9801324503311258,1.0,0.7857142857142857,0.9345848375451263,0.9989572471324296,0.9901360544217686,137,0,3,11,151,14,9.27,0.25735004024471747,0.00015083400851503115,0.9983402840506869,0.08156166042829267
2048,21,Logistic Regression,0,12,0.048164716999963275,0.9735099337748344,0.8,0.9230769230769231,0.9212721584984358,0.9336677814938684,0.9038766922180381,135,3,1,12,151,13,8.61,0.2664452561545339,1.4617860509331774e-06,0.9999999842233549,0.10842463477344069
2048,21,Decision Tree,0,12,0.008245762000115064,0.9735099337748344,0.8461538461538461,0.8461538461538461,0.9158305462653289,0.9158305462653289,0.7292213644735295,136,2,2,11,151,13,8.61,0.280500908404601,0.0,1.0,0.08609271523178808
2048,21,Random Forest,0,12,0.6701370479997877,0.9867549668874173,1.0,0.8461538461538461,0.954736211031175,1.0,1.0,138,0,2,11,151,13,8.61,0.2175489279977708,0.0,1.0,0.0686092715231788
2048,21,XGBoost,0,12,0.07461335599987251,0.9867549668874173,1.0,0.8461538461538461,0.954736211031175,0.992196209587514,0.9601139601139599,138,0,2,11,151,13,8.61,0.24708107113838196,6.020768341841176e-05,0.9983240962028503,0.07456395775079727
2048,21,LightGBM,0,12,0.11381900900005348,0.9867549668874173,1.0,0.8461538461538461,0.954736211031175,0.9949832775919732,0.9685314685314683,138,0,2,11,151,13,8.61,0.26124375986283105,2.9333770162382052e-08,0.9999993847201094,0.07685160975615662
2048,21,CatBoost,0,12,1.592563845000086,0.9867549668874173,1.0,0.8461538461538461,0.954736211031175,0.9732441471571907,0.9394703656998737,138,0,2,11,151,13,8.61,0.2488766974103684,9.353911452717785e-05,0.9987620517728393,0.07361502720198834
2048,22,Logistic Regression,0,12,0.00553783200007274,0.9470198675496688,0.6363636363636364,1.0,0.8738512949039265,1.0,0.9999999999999998,129,8,0,14,151,14,9.27,0.304013459886044,5.372753704782437e-06,0.9999999909439382,0.15918637088228335
2048,22,Decision Tree,0,12,0.004720871000017723,0.9801324503311258,0.9230769230769231,0.8571428571428571,0.938989898989899,0.9249217935349322,0.8044538243213739,136,1,2,12,151,14,9.27,0.28050090840460096,0.0,1.0,0.08609271523178808
2048,22,Random Forest,0,12,0.295270821000031,0.9801324503311258,0.9230769230769231,0.8571428571428571,0.938989898989899,0.994786235662148,0.9669476486246672,136,1,2,12,151,14,9.27,0.2570688534639182,0.0,1.0,0.08751655629139073
2048,22,XGBoost,0,12,0.03624747300000308,0.9801324503311258,0.9230769230769231,0.8571428571428571,0.938989898989899,0.9885297184567258,0.9473866469664789,136,1,2,12,151,14,9.27,0.2776874601840973,2.769871753116604e-05,0.9983484745025635,0.08964847028255463
2048,22,LightGBM,0,12,0.08523376900006951,0.9933774834437086,1.0,0.9285714285714286,0.9796632996632997,0.983837330552659,0.9507936507936507,137,0,1,13,151,14,9.27,0.27839319960633363,2.7485962827737745e-08,0.9999996879063632,0.08914525732567977
2048,22,CatBoost,0,12,1.4080565510000724,0.9867549668874173,1.0,0.8571428571428571,0.9579152731326644,0.9953076120959332,0.9689239332096473,137,0,2,12,151,14,9.27,0.26705803911202275,0.0002417152876163241,0.99822216305491,0.08485919354813153
2048,23,Logistic Regression,0,12,0.005874651999874914,0.9735099337748344,0.7777777777777778,1.0,0.9300925925925926,0.9968717413972888,0.973530437816152,133,4,0,14,151,14,9.27,0.2928650367670136,3.7051873768275144e-06,0.9999999297303581,0.14846668292367685
2048,23,Decision Tree,0,12,0.004521432000046843,0.9602649006622517,0.75,0.8571428571428571,0.8889705882352941,0.9139728884254432,0.6561021759697255,133,4,2,12,151,14,9.27,0.3077867559899934,0.0,1.0,0.10596026490066225
2048,23,Random Forest,0,12,0.29977587200005473,0.9933774834437086,0.9333333333333333,1.0,0.9809271188581534,1.0,1.0,136,1,0,14,151,14,9.27,0.26523771189984996,0.0,1.0,0.09447019867549669
2048,23,XGBoost,0,12,0.026854798999920604,1.0,1.0,1.0,1.0,1.0,1.0,137,0,0,14,151,14,9.27,0.28358110785484314,2.2810936570749618e-05,0.9984136819839478,0.09534738212823868
2048,23,LightGBM,0,12,0.07781329599993114,0.9933774834437086,0.9333333333333333,1.0,0.9809271188581534,1.0,0.9999999999999998,136,1,0,14,151,14,9.27,0.2988590622762492,2.7607718358735626e-08,0.9999996021335684,0.0994662544418832
2048,23,CatBoost,0,12,1.3525620719999552,0.9933774834437086,0.9333333333333333,1.0,0.9809271188581534,1.0,0.9999999999999998,136,1,0,14,151,14,9.27,0.2877294688525486,0.00017820845463615835,0.9981355943129395,0.09827314802176872
2048,24,Logistic Regression,0,12,0.010065903000167964,0.9602649006622517,0.7222222222222222,0.9285714285714286,0.8951388888888889,0.9859228362877998,0.9327522675736961,132,5,1,13,151,14,9.27,0.29738194201306184,7.896740881492991e-06,0.9999999614325285,0.1543792094325707
2048,24,Decision Tree,0,12,0.006264551999947798,0.9867549668874173,1.0,0.8571428571428571,0.9579152731326644,0.9285714285714286,0.8703878902554398,137,0,2,12,151,14,9.27,0.2704712298895647,0.0,1.0,0.07947019867549669
2048,24,Random Forest,0,12,0.28046362499981115,0.9933774834437086,1.0,0.9285714285714286,0.9796632996632997,0.9994786235662148,0.9952380952380954,137,0,1,13,151,14,9.27,0.25514931978558053,0.0,1.0,0.09162251655629138
2048,24,XGBoost,0,12,0.0273043790000429,0.9867549668874173,0.9285714285714286,0.9285714285714286,0.9606360792492179,0.9979144942648592,0.984126984126984,136,1,1,13,151,14,9.27,0.2794889509677887,2.7244606826570816e-05,0.9991641044616699,0.09399210661649704
2048,24,LightGBM,0,12,0.07871801700002834,0.9933774834437086,1.0,0.9285714285714286,0.9796632996632997,0.9979144942648592,0.984126984126984,137,0,1,13,151,14,9.27,0.281587272867004,2.775606918443812e-08,0.999999373592624,0.08897604680764835
2048,24,CatBoost,0,12,1.385855107999987,0.9933774834437086,1.0,0.9285714285714286,0.9796632996632997,0.9973931178310741,0.9812030075187967,137,0,1,13,151,14,9.27,0.2705853666896436,0.0001561948734113125,0.998229160428536,0.09043305734653455
2048,25,Logistic Regression,0,12,0.005508299999974042,0.9470198675496688,0.6666666666666666,0.8571428571428571,0.8601851851851852,0.9754953076120959,0.8872682406295851,131,6,2,12,151,14,9.27,0.3021140265074441,4.18380266595031e-07,0.9999999994190658,0.14804495785799857
2048,25,Decision Tree,0,12,0.006104055000150765,0.9801324503311258,1.0,0.7857142857142857,0.9345848375451263,0.8928571428571428,0.8055818353831599,137,0,3,11,151,14,9.27,0.2598863161635574,0.0,1.0,0.0728476821192053
2048,25,Random Forest,0,12,0.33777799399990727,0.9801324503311258,1.0,0.7857142857142857,0.9345848375451263,0.9947862356621481,0.9669476486246673,137,0,3,11,151,14,9.27,0.24913438581520164,0.0,1.0,0.08344370860927151
2048,25,XGBoost,0,12,0.03037425999991683,0.9735099337748344,0.9166666666666666,0.7857142857142857,0.9158305462653289,0.9968717413972888,0.9708460307199802,136,1,3,11,151,14,9.27,0.2599027454853058,5.846679778187536e-05,0.9993719458580017,0.08499595522880554
2048,25,LightGBM,0,12,0.08250237700008256,0.9801324503311258,1.0,0.7857142857142857,0.9345848375451263,0.9932221063607926,0.9656084656084656,137,0,3,11,151,14,9.27,0.2562363486439055,2.7639768345707465e-08,0.9999996702968735,0.07609660594378655
2048,25,CatBoost,0,12,1.444631199000014,0.9735099337748344,1.0,0.7142857142857143,0.9094724220623501,0.9953076120959332,0.9655939298796441,137,0,4,10,151,14,9.27,0.2507259059363568,0.00012887256339015016,0.9984295703351201,0.07707978402212401
3333,1,Logistic Regression,0,12,0.005502218999936304,0.9668874172185431,0.7222222222222222,1.0,0.910129746458755,0.9977703455964325,0.9751850713389172,133,5,0,13,151,13,8.61,0.28954587794287157,8.09533636205669e-06,0.9999999708930187,0.13450267046818865
3333,1,Decision Tree,0,12,0.005090486999961286,0.9735099337748344,0.9090909090909091,0.7692307692307693,0.9094724220623501,0.8809921962095875,0.7191682489695734,137,1,3,10,151,13,8.61,0.25988631616355734,0.0,1.0,0.0728476821192053
3333,1,Random Forest,0,12,0.3171064129999195,0.9933774834437086,1.0,0.9230769230769231,0.9781949458483754,1.0,0.9999999999999999,138,0,1,12,151,13,8.61,0.2400889005048081,0.0,1.0,0.08109271523178807
3333,1,XGBoost,0,12,0.03297488799989878,0.9933774834437086,1.0,0.9230769230769231,0.9781949458483754,0.9994425863991082,0.9945054945054945,138,0,1,12,151,13,8.61,0.2648365795612335,2.077290446322877e-05,0.9991973042488098,0.08535737544298172
3333,1,LightGBM,0,12,0.07530290500017145,0.9801324503311258,0.9166666666666666,0.8461538461538461,0.9345848375451263,0.9983277591973244,0.9821780783319243,137,1,2,11,151,13,8.61,0.26554192880185834,2.819104147974266e-08,0.999999349114302,0.08056045746250035
3333,1,CatBoost,0,12,1.7518180010001743,0.9867549668874173,1.0,0.8461538461538461,0.954736211031175,1.0,0.9999999999999998,138,0,2,11,151,13,8.61,0.2562814805093962,0.00016251084839738353,0.9985602292318189,0.08225374316672521
3333,2,Logistic Regression,0,12,0.04804587800003901,0.9536423841059603,0.6666666666666666,1.0,0.8868913857677903,0.9963503649635037,0.9706064612079648,130,7,0,14,151,14,9.27,0.30858861597718223,3.2583800577424837e-06,0.9999999435807766,0.17247928098111864
3333,2,Decision Tree,0,12,0.0060936939999010065,0.9735099337748344,0.7777777777777778,1.0,0.9300925925925926,0.9854014598540146,0.7777777777777778,133,4,0,14,151,14,9.27,0.3240299290788098,0.0,1.0,0.11920529801324503
3333,2,Random Forest,0,12,0.44071885800008204,0.9867549668874173,0.875,1.0,0.9629901960784314,1.0,0.9999999999999999,135,2,0,14,151,14,9.27,0.279529034012753,0.0,1.0,0.10612582781456953
3333,2,XGBoost,0,12,0.08608369199987465,0.9933774834437086,0.9333333333333333,1.0,0.9809271188581534,0.9999999999999999,0.9999999999999999,136,1,0,14,151,14,9.27,0.2972266972064972,2.6157144020544365e-05,0.9989005327224731,0.10439575463533401
3333,2,LightGBM,0,12,0.12603448100003334,0.9867549668874173,0.875,1.0,0.9629901960784314,1.0,0.9999999999999999,135,2,0,14,151,14,9.27,0.30605542960422555,2.9614575407678474e-08,0.9999996995855195,0.1067773659576237
3333,2,CatBoost,0,12,1.536623944999974,0.9933774834437086,0.9333333333333333,1.0,0.9809271188581534,1.0,0.9999999999999998,136,1,0,14,151,14,9.27,0.2922763072259731,0.00014796655075832856,0.9982031170896445,0.10396190084327511
3333,3,Logistic Regression,0,12,0.005026695999958974,0.9470198675496688,0.65,0.9285714285714286,0.8674275680421422,0.9833159541188738,0.9007766043480328,130,7,1,13,151,14,9.27,0.2933443475700259,7.774800826626396e-06,0.999999977925154,0.15067546063877324
3333,3,Decision Tree,0,12,0.004465922999997929,0.9470198675496688,0.7142857142857143,0.7142857142857143,0.8425443169968718,0.8425443169968718,0.5366941478578187,133,4,4,10,151,14,9.27,0.2900329594762674,0.0,1.0,0.09271523178807947
3333,3,Random Forest,0,12,0.27495221799995306,0.9735099337748344,0.9166666666666666,0.7857142857142857,0.9158305462653289,0.9958289885297185,0.9570054945054947,136,1,3,11,151,14,9.27,0.23331982058566766,0.0,1.0,0.07798013245033111
3333,3,XGBoost,0,12,0.029406582999854436,0.9668874172185431,0.9090909090909091,0.7142857142857143,0.8909747292418773,0.9859228362877998,0.908982683982684,136,1,4,10,151,14,9.27,0.2538248598575592,2.005483111133799e-05,0.9991462230682373,0.07754360884428024
3333,3,LightGBM,0,12,0.07967762599992056,0.9801324503311258,1.0,0.7857142857142857,0.9345848375451263,0.9911366006256517,0.9391456582633051,137,0,3,11,151,14,9.27,0.25597876545829296,2.7679426733155726e-08,0.9999996760353579,0.07304901144320838
3333,3,CatBoost,0,12,1.489052700000002,0.9735099337748344,0.9166666666666666,0.7857142857142857,0.9158305462653289,0.9958289885297185,0.9643990929705213,136,1,3,11,151,14,9.27,0.2564675503093395,0.00015193058701055943,0.9986128444015471,0.08024650941556895
3333,4,Logistic Regression,0,12,0.00521041799993327,0.9867549668874173,0.875,1.0,0.9629901960784314,0.9989572471324296,0.9910714285714284,135,2,0,14,151,14,9.27,0.27771244688922775,4.175183192319136e-06,0.9999998210639176,0.14574417326089037
3333,4,Decision Tree,0,12,0.004477602999941155,0.9867549668874173,1.0,0.8571428571428571,0.9579152731326644,0.9285714285714286,0.8703878902554398,137,0,2,12,151,14,9.27,0.27047122988956473,0.0,1.0,0.07947019867549669
3333,4,Random Forest,0,12,0.269110757000135,0.9801324503311258,1.0,0.7857142857142857,0.9345848375451263,0.9960896767466111,0.974025974025974,137,0,3,11,151,14,9.27,0.2388561831227223,0.0,1.0,0.07748344370860927
3333,4,XGBoost,0,12,0.024445566999929724,0.9867549668874173,1.0,0.8571428571428571,0.9579152731326644,0.9854014598540146,0.9478596316575411,137,0,2,12,151,14,9.27,0.2614404559135437,2.3643129679840058e-05,0.9970653653144836,0.08288043737411499
3333,4,LightGBM,0,12,0.07567082700006722,0.9801324503311258,1.0,0.7857142857142857,0.9345848375451263,0.9848800834202295,0.9518272425249168,137,0,3,11,151,14,9.27,0.2582111178885997,2.9015037567727797e-08,0.9999996501856736,0.07424858334190745
3333,4,CatBoost,0,12,1.3287144509999962,0.9801324503311258,1.0,0.7857142857142857,0.9345848375451263,0.9958289885297185,0.9679748822605965,137,0,3,11,151,14,9.27,0.2550812549520264,0.0001479462242496973,0.998368168931706,0.07667155145510199
3333,5,Logistic Regression,0,12,0.005178577999913614,0.9536423841059603,0.7058823529411765,0.8571428571428571,0.8741816450422568,0.9535974973931178,0.8782372598162069,132,5,2,12,151,14,9.27,0.30093756458329207,4.243941992085252e-08,0.9999999953216205,0.121912497963291
3333,5,Decision Tree,0,12,0.004451971999969828,0.9735099337748344,0.9166666666666666,0.7857142857142857,0.9158305462653289,0.8892075078206464,0.7401056449069694,136,1,3,11,151,14,9.27,0.27047122988956473,0.0,1.0,0.07947019867549669
3333,5,Random Forest,0,12,0.29165416899991214,0.9867549668874173,1.0,0.8571428571428571,0.9579152731326644,0.9932221063607924,0.9605064247921391,137,0,2,12,151,14,9.27,0.24027232532319281,0.0,1.0,0.08006622516556292
3333,5,XGBoost,0,12,0.024048943000025247,0.9867549668874173,1.0,0.8571428571428571,0.9579152731326644,0.9718456725755996,0.9091740469772814,137,0,2,12,151,14,9.27,0.26033860445022583,0.0001394213322782889,0.999311089515686,0.08322659879922867
3333,5,LightGBM,0,12,0.06923747099995126,0.9867549668874173,1.0,0.8571428571428571,0.9579152731326644,0.9900938477580814,0.9513056835637479,137,0,2,12,151,14,9.27,0.27038253974004245,3.727223983927587e-08,0.9999997285844031,0.07952060359157917
3333,5,CatBoost,0,12,1.3441193119999753,0.9867549668874173,1.0,0.8571428571428571,0.9579152731326644,0.9676746611053181,0.9099107142857141,137,0,2,12,151,14,9.27,0.2652847398716494,7.599509492209344e-05,0.9986063319181828,0.07998693140610631
3333,6,Logistic Regression,0,12,0.006658347999973557,0.9867549668874173,0.8666666666666667,1.0,0.9606360792492179,0.9988851727982163,0.9897435897435896,136,2,0,13,151,13,8.61,0.2659252189220505,4.684028274579647e-06,0.999999906635486,0.11808170619135097
3333,6,Decision Tree,0,12,0.006751100000201404,0.9735099337748344,0.8461538461538461,0.8461538461538461,0.9158305462653289,0.9158305462653289,0.7292213644735295,136,2,2,11,151,13,8.61,0.28050090840460096,0.0,1.0,0.08609271523178808
3333,6,Random Forest,0,12,0.28888708900012716,0.9801324503311258,1.0,0.7692307692307693,0.9294062646096306,1.0,1.0,138,0,3,10,151,13,8.61,0.22945685769156424,0.0,1.0,0.07208609271523178
3333,6,XGBoost,0,12,0.02506056099991838,0.9933774834437086,0.9285714285714286,1.0,0.9796632996632997,1.0,0.9999999999999998,137,1,0,13,151,13,8.61,0.2785262167453766,1.2479861652536783e-05,0.999325156211853,0.09129144996404648
3333,6,LightGBM,0,12,0.0751752230000875,0.9933774834437086,0.9285714285714286,1.0,0.9796632996632997,0.9988851727982162,0.9885883347421807,137,1,0,13,151,13,8.61,0.28488101696272106,2.799950479973554e-08,0.9999996935229722,0.09099548276180473
3333,6,CatBoost,0,12,1.278915330000018,0.9933774834437086,1.0,0.9230769230769231,0.9781949458483754,1.0,0.9999999999999998,138,0,1,12,151,13,8.61,0.2596418371631396,0.00015773966228084833,0.998053588783602,0.0807293407414686
3333,7,Logistic Regression,0,12,0.005052216999956727,0.9536423841059603,0.7058823529411765,0.8571428571428571,0.8741816450422568,0.9947862356621481,0.961361737677527,132,5,2,12,151,14,9.27,0.28022482523109626,1.4392497594844081e-05,0.9999999723601859,0.1432528947754063
3333,7,Decision Tree,0,12,0.004722254000171233,0.9801324503311258,0.8666666666666667,0.9285714285714286,0.94278135657446,0.9569864442127216,0.8113844213181962,135,2,1,13,151,14,9.27,0.2991149613413567,0.0,1.0,0.09933774834437085
3333,7,Random Forest,0,12,0.2762374080000427,0.9933774834437086,1.0,0.9285714285714286,0.9796632996632997,0.9994786235662148,0.9952380952380953,137,0,1,13,151,14,9.27,0.24906562813641306,0.0,1.0,0.08771523178807948
3333,7,XGBoost,0,12,0.024945220000063273,0.9867549668874173,1.0,0.8571428571428571,0.9579152731326644,1.0,0.9999999999999999,137,0,2,12,151,14,9.27,0.2610461711883545,2.813401079038158e-05,0.9989171028137207,0.08358917385339737
3333,7,LightGBM,0,12,0.08770009400018353,0.9867549668874173,1.0,0.8571428571428571,0.9579152731326644,0.9994786235662149,0.995238095238095,137,0,2,12,151,14,9.27,0.2684137945625311,2.599609201118536e-08,0.9999996853191042,0.08173793188621178
3333,7,CatBoost,0,12,1.5892934559999503,0.9867549668874173,1.0,0.8571428571428571,0.9579152731326644,0.9984358706986445,0.9873949579831931,137,0,2,12,151,14,9.27,0.25942627938939117,0.00013714476249698904,0.9983431053083052,0.08411214928795699
3333,8,Logistic Regression,0,12,0.012742151999873386,0.9470198675496688,0.65,0.9285714285714286,0.8674275680421422,0.9431699687174141,0.8967271118973905,130,7,1,13,151,14,9.27,0.31819558076773685,2.485971789763583e-07,0.9999999986555521,0.1356070130611419
3333,8,Decision Tree,0,12,0.005694090999895707,0.9735099337748344,0.9166666666666666,0.7857142857142857,0.9158305462653289,0.8892075078206464,0.7401056449069694,136,1,3,11,151,14,9.27,0.27047122988956473,0.0,1.0,0.07947019867549669
3333,8,Random Forest,0,12,0.40045646599992324,0.9735099337748344,1.0,0.7142857142857143,0.9094724220623501,0.9929614181438999,0.952208419599724,137,0,4,10,151,14,9.27,0.24465751596551424,0.0,1.0,0.08672185430463576
3333,8,XGBoost,0,12,0.3114865839997947,0.9735099337748344,1.0,0.7142857142857143,0.9094724220623501,0.9900938477580814,0.9430520746310219,137,0,4,10,151,14,9.27,0.24957363307476044,7.980813825270161e-05,0.9984385371208191,0.07652108371257782
3333,8,LightGBM,0,12,0.12530140600006234,0.9801324503311258,1.0,0.7857142857142857,0.9345848375451263,0.9890510948905109,0.9464285714285714,137,0,3,11,151,14,9.27,0.2549805625587346,3.6593254303301055e-08,0.9999994848275168,0.07376317355268584
3333,8,CatBoost,0,12,1.4952088889999686,0.9668874172185431,0.9090909090909091,0.7142857142857143,0.8909747292418773,0.9661105318039624,0.9044064113939889,136,1,4,10,151,14,9.27,0.253611410142033,6.533599767047943e-05,0.9984140765278969,0.07728674790561053
3333,9,Logistic Regression,0,12,0.004961909000030573,0.9470198675496688,0.6666666666666666,0.8571428571428571,0.8601851851851852,0.9781021897810219,0.8954735740450024,131,6,2,12,151,14,9.27,0.28972463630560197,4.877481057851919e-07,0.9999999970098958,0.13189705325615375
3333,9,Decision Tree,0,12,0.004577270000027056,0.9602649006622517,0.9,0.6428571428571429,0.8642086330935252,0.8177789363920751,0.6116840113528855,136,1,5,9,151,14,9.27,0.24867527623203425,0.0,1.0,0.06622516556291391
3333,9,Random Forest,0,12,0.28772715299987794,0.9867549668874173,1.0,0.8571428571428571,0.9579152731326644,0.9921793534932222,0.9579521463757917,137,0,2,12,151,14,9.27,0.2371178250250447,0.0,1.0,0.07910596026490066
3333,9,XGBoost,0,12,0.025697226000147566,0.9801324503311258,0.9230769230769231,0.8571428571428571,0.938989898989899,0.9854014598540146,0.9337928153717626,136,1,2,12,151,14,9.27,0.26608777046203613,7.921740325400606e-05,0.9994877576828003,0.08516471832990646
3333,9,LightGBM,0,12,0.07484580000004826,0.9867549668874173,1.0,0.8571428571428571,0.9579152731326644,0.9838373305526591,0.9423034330011074,137,0,2,12,151,14,9.27,0.270571358830143,2.9316209939010657e-08,0.9999996633186407,0.08160873930981026
3333,9,CatBoost,0,12,1.377111044000003,0.9867549668874173,1.0,0.8571428571428571,0.9579152731326644,0.9932221063607924,0.9568452380952379,137,0,2,12,151,14,9.27,0.2654815867286223,0.00017198626394988861,0.9981983400337838,0.08287383723862747
3333,10,Logistic Regression,0,12,0.006747179000058168,0.9337748344370861,0.5833333333333334,1.0,0.849481658692185,0.9989572471324296,0.9901360544217686,127,10,0,14,151,14,9.27,0.321270475785889,1.0693728571213743e-05,0.9999999980432126,0.20631260034381566
3333,10,Decision Tree,0,12,0.005226388999972187,0.9735099337748344,0.7777777777777778,1.0,0.9300925925925926,0.9854014598540146,0.7777777777777778,133,4,0,14,151,14,9.27,0.3240299290788098,0.0,1.0,0.11920529801324503
3333,10,Random Forest,0,12,0.30215307100002065,0.9933774834437086,1.0,0.9285714285714286,0.9796632996632997,0.9989572471324296,0.9910714285714285,137,0,1,13,151,14,9.27,0.26981041933778027,0.0,1.0,0.10043046357615894
3333,10,XGBoost,0,12,0.028207046000034097,0.9933774834437086,0.9333333333333333,1.0,0.9809271188581534,0.9984358706986444,0.9846415489272632,136,1,0,14,151,14,9.27,0.2903124988079071,1.3506718460121192e-05,0.9991982579231262,0.10399791598320007
3333,10,LightGBM,0,12,0.07873749999998836,1.0,1.0,1.0,1.0,1.0,0.9999999999999998,137,0,0,14,151,14,9.27,0.28465257906794367,2.8704769976169285e-08,0.999999560179424,0.0924916925338656
3333,10,CatBoost,0,12,1.3240220810000665,1.0,1.0,1.0,1.0,1.0,0.9999999999999998,137,0,0,14,151,14,9.27,0.27898157981458716,0.00017824988036495502,0.9981329414410303,0.0953095998493349
3333,11,Logistic Regression,0,12,0.0052578090001134115,0.9536423841059603,0.6666666666666666,0.9230769230769231,0.8741816450422568,0.9403567447045708,0.8945301493378415,132,6,1,12,151,13,8.61,0.2971860954252478,6.027902431906956e-07,0.9999999994716435,0.13131472156128401
3333,11,Decision Tree,0,12,0.004690979000088191,0.9801324503311258,1.0,0.7692307692307693,0.9294062646096306,0.8846153846153846,0.7890983188996434,138,0,3,10,151,13,8.61,0.24867527623203425,0.0,1.0,0.06622516556291391
3333,11,Random Forest,0,12,0.2935656619999918,0.9867549668874173,1.0,0.8461538461538461,0.954736211031175,0.9988851727982162,0.9897435897435898,138,0,2,11,151,13,8.61,0.2325632261084637,0.0,1.0,0.07566225165562912
3333,11,XGBoost,0,12,0.028363576999936413,0.9867549668874173,1.0,0.8461538461538461,0.954736211031175,0.9871794871794871,0.9508547008547008,138,0,2,11,151,13,8.61,0.2513430714607239,8.47251940285787e-05,0.9987892508506775,0.07489778846502304
3333,11,LightGBM,0,12,0.07077725099998133,0.9867549668874173,1.0,0.8461538461538461,0.954736211031175,0.9949832775919732,0.9685314685314683,138,0,2,11,151,13,8.61,0.25934725703702466,3.2042847638728314e-08,0.9999996844194018,0.07338828711449813
3333,11,CatBoost,0,12,1.3179569220001213,0.9801324503311258,1.0,0.7692307692307693,0.9294062646096306,0.975473801560758,0.9406207827260458,138,0,3,10,151,13,8.61,0.24621910902935734,8.729186443678923e-05,0.9984680351888183,0.07190009641733763
3333,12,Logistic Regression,0,12,0.005433230000107869,0.9867549668874173,0.875,1.0,0.9629901960784314,0.9979144942648592,0.9786891679748821,135,2,0,14,151,14,9.27,0.2882037048026829,1.4729222031279083e-05,0.9999998472704719,0.14066325246915767
3333,12,Decision Tree,0,12,0.004708729999947536,0.9933774834437086,1.0,0.9285714285714286,0.9796632996632997,0.9642857142857143,0.93519394512772,137,0,1,13,151,14,9.27,0.280500908404601,0.0,1.0,0.08609271523178808
3333,12,Random Forest,0,12,0.27087951599992266,1.0,1.0,1.0,1.0,1.0,1.0,137,0,0,14,151,14,9.27,0.26324852344722627,0.0,1.0,0.0895364238410596
3333,12,XGBoost,0,12,0.025857516000087344,1.0,1.0,1.0,1.0,1.0,0.9999999999999998,137,0,0,14,151,14,9.27,0.28445911407470703,3.114450737484731e-05,0.9991368651390076,0.09372685849666595
3333,12,LightGBM,0,12,0.07917262899991329,1.0,1.0,1.0,1.0,1.0,0.9999999999999998,137,0,0,14,151,14,9.27,0.28505764379632065,2.764234280414056e-08,0.9999993821640449,0.09089303613095753
3333,12,CatBoost,0,12,1.3420942479999667,1.0,1.0,1.0,1.0,1.0,0.9999999999999998,137,0,0,14,151,14,9.27,0.27774413694507993,0.0001600900203400346,0.9982078191070591,0.09006408134343451
3333,13,Logistic Regression,0,12,0.005465640000011263,0.9271523178807947,0.5789473684210527,0.7857142857142857,0.8128872366790583,0.943169968717414,0.8246359240213497,129,8,3,11,151,14,9.27,0.27939876460541613,4.666642391448799e-07,0.9999999967466977,0.1461843102452579
3333,13,Decision Tree,0,12,0.004685019999897122,0.9536423841059603,0.7692307692307693,0.7142857142857143,0.8576430976430975,0.8461939520333682,0.5759406156757151,134,3,4,10,151,14,9.27,0.28050090840460096,0.0,1.0,0.08609271523178808
3333,13,Random Forest,0,12,0.2767099049999615,0.9801324503311258,1.0,0.7857142857142857,0.9345848375451263,0.9880083420229406,0.9297370561127676,137,0,3,11,151,14,9.27,0.24104383726920126,0.0,1.0,0.08711920529801324
3333,13,XGBoost,0,12,0.02356625700008408,0.9801324503311258,1.0,0.7857142857142857,0.9345848375451263,0.971584984358707,0.9174336401227158,137,0,3,11,151,14,9.27,0.25520649552345276,9.815920202527195e-05,0.9994149208068848,0.08201464265584946
3333,13,LightGBM,0,12,0.06577863100005743,0.9735099337748344,0.9166666666666666,0.7857142857142857,0.9158305462653289,0.9791449426485923,0.928843537414966,136,1,3,11,151,14,9.27,0.2700956105734046,2.9234068265905282e-08,0.9999994175170066,0.0842355899168798
3333,13,CatBoost,0,12,1.5385773830000744,0.9735099337748344,0.9166666666666666,0.7857142857142857,0.9158305462653289,0.9854014598540146,0.9339165220744166,136,1,3,11,151,14,9.27,0.25799221384263893,0.0001222062985857532,0.9983065600215572,0.07915558652887544
3333,14,Logistic Regression,0,12,0.01255333799986147,0.9668874172185431,0.7647058823529411,0.9285714285714286,0.910129746458755,0.9942648592283629,0.9549744897959183,133,4,1,13,151,14,9.27,0.29450185915687843,4.199348723913417e-06,0.9999999946476836,0.14547744670199253
3333,14,Decision Tree,0,12,0.005912189999889961,0.9801324503311258,0.8666666666666667,0.9285714285714286,0.94278135657446,0.9569864442127216,0.8113844213181962,135,2,1,13,151,14,9.27,0.2991149613413567,0.0,1.0,0.09933774834437085
3333,14,Random Forest,0,12,0.3927428189999773,0.9867549668874173,0.875,1.0,0.9629901960784314,0.9989572471324296,0.9910714285714285,135,2,0,14,151,14,9.27,0.2707719457462666,0.0,1.0,0.09725165562913907
3333,14,XGBoost,0,12,0.3319174270000076,0.9867549668874173,0.875,1.0,0.9629901960784314,0.9973931178310741,0.9721956614813756,135,2,0,14,151,14,9.27,0.2990858852863312,1.008161052595824e-05,0.9990228414535522,0.10436243563890457
3333,14,LightGBM,0,12,0.12335932399992089,0.9867549668874173,0.9285714285714286,0.9285714285714286,0.9606360792492179,0.9989572471324296,0.9910714285714284,136,1,1,13,151,14,9.27,0.2903921357163261,2.657893038613674e-08,0.9999996655036056,0.09613056126377416
3333,14,CatBoost,0,12,1.5573096619998523,0.9933774834437086,0.9333333333333333,1.0,0.9809271188581534,1.0,0.9999999999999998,136,1,0,14,151,14,9.27,0.28617592331212965,0.00015574355103196722,0.9985598372237262,0.09820400409331013
3333,15,Logistic Regression,0,12,0.0056554390000655985,0.9536423841059603,0.6666666666666666,1.0,0.8868913857677903,0.9958289885297185,0.960354526425955,130,7,0,14,151,14,9.27,0.3149887952500339,4.410744121187124e-06,0.9999999937317048,0.15621246697054497
3333,15,Decision Tree,0,12,0.004450048999842693,0.9735099337748344,0.8571428571428571,0.8571428571428571,0.9212721584984358,0.9212721584984359,0.7479389106636031,135,2,2,12,151,14,9.27,0.2900329594762674,0.0,1.0,0.09271523178807947
3333,15,Random Forest,0,12,0.28866720299993176,0.9867549668874173,1.0,0.8571428571428571,0.9579152731326644,0.9958289885297185,0.9710884353741498,137,0,2,12,151,14,9.27,0.2481753862162449,0.0,1.0,0.0866887417218543
3333,15,XGBoost,0,12,0.027998576000072717,0.9801324503311258,0.8666666666666667,0.9285714285714286,0.94278135657446,0.9822732012513035,0.9397140126953791,135,2,1,13,151,14,9.27,0.28261590003967285,2.817057611537166e-05,0.9983175992965698,0.09760440140962601
3333,15,LightGBM,0,12,0.07635557000003246,0.9867549668874173,0.9285714285714286,0.9285714285714286,0.9606360792492179,0.9869655891553701,0.9542124542124542,136,1,1,13,151,14,9.27,0.2855459129013055,2.7453658116757502e-08,0.9999993299331811,0.09450167023883241
3333,15,CatBoost,0,12,1.3387416890000168,0.9933774834437086,1.0,0.9285714285714286,0.9796632996632997,0.9953076120959332,0.9720496894409936,137,0,1,13,151,14,9.27,0.26914408895494507,0.0001864827531515853,0.9983883041841195,0.09145379624018789
3333,16,Logistic Regression,0,12,0.007854329000110738,0.9668874172185431,0.7222222222222222,1.0,0.910129746458755,0.9960981047937569,0.9663050624589082,133,5,0,13,151,13,8.61,0.2818633575669558,6.194984479817037e-06,0.9999998625113358,0.13768843446871665
3333,16,Decision Tree,0,12,0.005446589000030144,0.9867549668874173,0.9230769230769231,0.9230769230769231,0.9579152731326644,0.9579152731326644,0.8586935224734513,137,1,1,12,151,13,8.61,0.280500908404601,0.0,1.0,0.08609271523178808
3333,16,Random Forest,0,12,0.2935920830000214,0.9801324503311258,0.9166666666666666,0.8461538461538461,0.9345848375451263,0.9988851727982163,0.9885883347421809,137,1,2,11,151,13,8.61,0.24809012150825935,0.0,1.0,0.08463576158940399
3333,16,XGBoost,0,12,0.027670575999991343,0.9867549668874173,0.9230769230769231,0.9230769230769231,0.9579152731326644,0.9983277591973244,0.9838264299802761,137,1,1,12,151,13,8.61,0.27439600229263306,1.0390468560217414e-05,0.9996036887168884,0.0875922441482544
3333,16,LightGBM,0,12,0.08082887999989907,0.9867549668874173,0.9230769230769231,0.9230769230769231,0.9579152731326644,0.9994425863991081,0.9945054945054943,137,1,1,12,151,13,8.61,0.26849650870341096,3.058430896249129e-08,0.9999994462099218,0.08261876230300025
3333,16,CatBoost,0,12,1.3797243039998648,0.9867549668874173,1.0,0.8461538461538461,0.954736211031175,0.9994425863991081,0.9945054945054943,138,0,2,11,151,13,8.61,0.25833190083315777,0.00014008139456038652,0.9982951725970226,0.08107030962483203
3333,17,Logistic Regression,0,12,0.005384158999959254,0.9735099337748344,0.7777777777777778,1.0,0.9300925925925926,0.9942648592283629,0.9504960317460316,133,4,0,14,151,14,9.27,0.3058878542175217,9.356676948035422e-06,0.9999999831259233,0.14966042307872662
3333,17,Decision Tree,0,12,0.005167219999975714,0.9801324503311258,0.9230769230769231,0.8571428571428571,0.938989898989899,0.9249217935349322,0.8044538243213739,136,1,2,12,151,14,9.27,0.28050090840460096,0.0,1.0,0.08609271523178808
3333,17,Random Forest,0,12,0.29982258099994397,0.9801324503311258,1.0,0.7857142857142857,0.9345848375451263,0.9966110531803962,0.9761904761904763,137,0,3,11,151,14,9.27,0.24605477451881722,0.0,1.0,0.08096026490066224
3333,17,XGBoost,0,12,0.026575016999913714,0.9735099337748344,0.9166666666666666,0.7857142857142857,0.9158305462653289,0.9854014598540145,0.9232739674118985,136,1,3,11,151,14,9.27,0.2615828812122345,4.1223680455004796e-05,0.9989390969276428,0.08164005726575851
3333,17,LightGBM,0,12,0.07773692900013884,0.9801324503311258,1.0,0.7857142857142857,0.9345848375451263,0.9921793534932222,0.9630541871921181,137,0,3,11,151,14,9.27,0.25948197835254055,2.7539373550798628e-08,0.9999995214472667,0.07396697392600442
3333,17,CatBoost,0,12,1.3709092249998776,0.9801324503311258,0.9230769230769231,0.8571428571428571,0.938989898989899,0.9947862356621481,0.9645021645021643,136,1,2,12,151,14,9.27,0.2665112839948676,0.0002179606425921365,0.9982250433440962,0.08793367169664747
3333,18,Logistic Regression,0,12,0.005080649000092308,0.9536423841059603,0.6666666666666666,1.0,0.8868913857677903,0.9989572471324296,0.9901360544217686,130,7,0,14,151,14,9.27,0.31179494272866415,3.268592852627778e-06,0.9999999958044579,0.16486302649968768
3333,18,Decision Tree,0,12,0.004680479000171545,0.9536423841059603,0.7058823529411765,0.8571428571428571,0.8741816450422568,0.9103232533889468,0.6182870499193054,132,5,2,12,151,14,9.27,0.31608210764984696,0.0,1.0,0.11258278145695365
3333,18,Random Forest,0,12,0.285816683000121,0.9735099337748344,0.8571428571428571,0.8571428571428571,0.9212721584984358,0.9979144942648592,0.9815476190476191,135,2,2,12,151,14,9.27,0.26698512664255286,0.0,1.0,0.09850993377483444
3333,18,XGBoost,0,12,0.029056126999876142,0.9867549668874173,0.9285714285714286,0.9285714285714286,0.9606360792492179,0.9979144942648592,0.9786891679748821,136,1,1,13,151,14,9.27,0.28719472885131836,1.976469502551481e-05,0.9991500377655029,0.09767201542854309
3333,18,LightGBM,0,12,0.07894176900003913,0.9801324503311258,0.8666666666666667,0.9285714285714286,0.94278135657446,0.9989572471324296,0.9910714285714286,135,2,1,13,151,14,9.27,0.2883612302273413,2.7609373409799055e-08,0.9999994926472399,0.09698971681196142
3333,18,CatBoost,0,12,1.3710867449999569,0.9933774834437086,1.0,0.9285714285714286,0.9796632996632997,0.9989572471324296,0.9910714285714284,137,0,1,13,151,14,9.27,0.27749463156531773,0.0001722470962633789,0.9983422413690006,0.093315273844651
3333,19,Logistic Regression,0,12,0.00453457900016474,0.9668874172185431,0.7647058823529411,0.9285714285714286,0.910129746458755,0.94577685088634,0.9207181534821285,133,4,1,13,151,14,9.27,0.29450361767935623,1.0737931305396625e-06,0.999999996222023,0.13326667254832672
3333,19,Decision Tree,0,12,0.003906700000015917,0.9801324503311258,0.8666666666666667,0.9285714285714286,0.94278135657446,0.9569864442127216,0.8113844213181962,135,2,1,13,151,14,9.27,0.2991149613413567,0.0,1.0,0.09933774834437085
3333,19,Random Forest,0,12,0.27725682499999493,0.9933774834437086,1.0,0.9285714285714286,0.9796632996632997,0.9989572471324296,0.9910714285714285,137,0,1,13,151,14,9.27,0.2650234194043434,0.0,1.0,0.09506622516556291
3333,19,XGBoost,0,12,0.02620486599994365,0.9933774834437086,1.0,0.9285714285714286,0.9796632996632997,0.9911366006256517,0.9608294930875577,137,0,1,13,151,14,9.27,0.2757667899131775,8.174608228728175e-05,0.9987603425979614,0.08907216042280197
3333,19,LightGBM,0,12,0.07963549000010062,0.9933774834437086,1.0,0.9285714285714286,0.9796632996632997,0.9916579770594369,0.9619047619047618,137,0,1,13,151,14,9.27,0.2804291734469793,2.6731521512081683e-08,0.999999727244502,0.08623386846584805
3333,19,CatBoost,0,12,1.59276855600001,0.9933774834437086,1.0,0.9285714285714286,0.9796632996632997,0.9744525547445255,0.9444444444444444,137,0,1,13,151,14,9.27,0.27443653266485846,8.855072064565068e-05,0.9985201072579808,0.09007815112968127
3333,20,Logistic Regression,0,12,0.031099456999982067,0.9668874172185431,0.8,0.8571428571428571,0.9046355942907667,0.9718456725755995,0.8895632145632144,134,3,2,12,151,14,9.27,0.26575894896635294,1.1376102054753485e-06,0.9999998490270593,0.12802362324687971
3333,20,Decision Tree,0,12,0.010928159000059168,0.9668874172185431,0.9090909090909091,0.7142857142857143,0.8909747292418773,0.8534932221063609,0.6758407155758149,136,1,4,10,151,14,9.27,0.2598863161635574,0.0,1.0,0.0728476821192053
3333,20,Random Forest,0,12,0.4074026880000474,0.9735099337748344,1.0,0.7142857142857143,0.9094724220623501,0.9867049009384776,0.9518272425249168,137,0,4,10,151,14,9.27,0.22092201563898398,0.0,1.0,0.07311258278145695
3333,20,XGBoost,0,12,0.31646170899989556,0.9668874172185431,0.9090909090909091,0.7142857142857143,0.8909747292418773,0.9827945776850887,0.920209176788124,136,1,4,10,151,14,9.27,0.24490970373153687,0.00010090443538501859,0.9990153312683105,0.07679759711027145
3333,20,LightGBM,0,12,0.13884158200016827,0.9735099337748344,1.0,0.7142857142857143,0.9094724220623501,0.9895724713242962,0.9421768707482991,137,0,4,10,151,14,9.27,0.240989862188821,2.9108447117252665e-08,0.9999995926927889,0.06518126365643892
3333,20,CatBoost,0,12,1.5271277750000536,0.9801324503311258,1.0,0.7857142857142857,0.9345848375451263,0.9947862356621481,0.9669476486246671,137,0,3,11,151,14,9.27,0.24028463774998637,0.00018101004281670963,0.99791150673693,0.07161011799811912
3333,21,Logistic Regression,0,12,0.00598958900013713,0.9602649006622517,0.7058823529411765,0.9230769230769231,0.8889705882352941,0.9910813823857303,0.9219152364663199,133,5,1,12,151,13,8.61,0.27698979892663356,3.878792329385219e-06,0.9999999881004257,0.1389045071208544
3333,21,Decision Tree,0,12,0.005478378999896449,0.9470198675496688,0.6923076923076923,0.6923076923076923,0.8316610925306578,0.8316610925306577,0.5057800070535678,134,4,4,9,151,13,8.61,0.28050090840460096,0.0,1.0,0.08609271523178808
3333,21,Random Forest,0,12,0.2772858939999878,0.9801324503311258,1.0,0.7692307692307693,0.9294062646096306,0.9966555183946488,0.9669202592279516,138,0,3,10,151,13,8.61,0.22663513420852638,0.0,1.0,0.07665562913907284
3333,21,XGBoost,0,12,0.027132926999911433,0.9801324503311258,1.0,0.7692307692307693,0.9294062646096306,0.9977703455964326,0.9787545787545787,138,0,3,10,151,13,8.61,0.24524445831775665,2.3637427148059942e-05,0.9990739822387695,0.07681339234113693
3333,21,LightGBM,0,12,0.09079093900004409,0.9801324503311258,1.0,0.7692307692307693,0.9294062646096306,0.9983277591973245,0.9821780783319243,138,0,3,10,151,13,8.61,0.24849514886545268,2.8250807073761635e-08,0.999999458648861,0.07340519756868051
3333,21,CatBoost,0,12,1.28530293599988,0.9867549668874173,1.0,0.8461538461538461,0.954736211031175,1.0,0.9999999999999998,138,0,2,11,151,13,8.61,0.23674445685628073,0.0002039065089819659,0.9986808737152033,0.07171163363278607
3333,22,Logistic Regression,0,12,0.0068878590000167605,0.9668874172185431,0.7647058823529411,0.9285714285714286,0.910129746458755,0.9843587069864441,0.9073783359497645,133,4,1,13,151,14,9.27,0.2850655854740798,1.8491783793715687e-05,0.9999998812868668,0.13937819170562615
3333,22,Decision Tree,0,12,0.005033800000092015,0.9668874172185431,0.9090909090909091,0.7142857142857143,0.8909747292418773,0.8534932221063609,0.6758407155758149,136,1,4,10,151,14,9.27,0.25988631616355734,0.0,1.0,0.0728476821192053
3333,22,Random Forest,0,12,0.28023581399997965,0.9867549668874173,1.0,0.8571428571428571,0.9579152731326644,0.9971324296141815,0.9785714285714286,137,0,2,12,151,14,9.27,0.23193028750165987,0.0,1.0,0.07735099337748344
3333,22,XGBoost,0,12,0.027831296000158545,0.9867549668874173,1.0,0.8571428571428571,0.9579152731326644,0.9937434827945777,0.9634693877551019,137,0,2,12,151,14,9.27,0.265613853931427,5.631612293655053e-05,0.9989660978317261,0.08200042694807053
3333,22,LightGBM,0,12,0.07689821099984329,0.9867549668874173,1.0,0.8571428571428571,0.9579152731326644,0.9921793534932221,0.9536401098901097,137,0,2,12,151,14,9.27,0.2702954159040519,2.5708318454582128e-08,0.9999992745042184,0.07996879020572767
3333,22,CatBoost,0,12,1.3122563219999392,0.9867549668874173,1.0,0.8571428571428571,0.9579152731326644,0.9942648592283628,0.9606331168831168,137,0,2,12,151,14,9.27,0.25857227256409915,0.00018363251400737627,0.9977494753957913,0.07932640370853905
3333,23,Logistic Regression,0,12,0.0069047589997808245,0.9470198675496688,0.6363636363636364,1.0,0.8738512949039265,0.9979144942648592,0.9815476190476189,129,8,0,14,151,14,9.27,0.3181713288712881,3.2814870619055754e-06,0.9999999930695884,0.18146442998044937
3333,23,Decision Tree,0,12,0.005033619000187173,0.9867549668874173,0.9285714285714286,0.9285714285714286,0.9606360792492179,0.960636079249218,0.8688674145154751,136,1,1,13,151,14,9.27,0.2900329594762674,0.0,1.0,0.09271523178807947
3333,23,Random Forest,0,12,0.29006837299994004,0.9801324503311258,0.8666666666666667,0.9285714285714286,0.94278135657446,0.9989572471324296,0.9910714285714286,135,2,1,13,151,14,9.27,0.26700639879833293,0.0,1.0,0.09963576158940396
3333,23,XGBoost,0,12,0.02546206700003495,0.9933774834437086,1.0,0.9285714285714286,0.9796632996632997,0.9994786235662149,0.9952380952380951,137,0,1,13,151,14,9.27,0.2793836295604706,2.4958184440038167e-05,0.999240517616272,0.09504415839910507
3333,23,LightGBM,0,12,0.07781797000006918,0.9867549668874173,0.9285714285714286,0.9285714285714286,0.9606360792492179,0.9973931178310741,0.9790249433106576,136,1,1,13,151,14,9.27,0.28964013772828595,2.8334946145098813e-08,0.9999996012179904,0.09328366956594905
3333,23,CatBoost,0,12,1.317322731999866,0.9867549668874173,0.9285714285714286,0.9285714285714286,0.9606360792492179,0.9979144942648592,0.9804748822605964,136,1,1,13,151,14,9.27,0.27656888904792576,0.0001779429386856371,0.9980811635762126,0.09225546323062454
3333,24,Logistic Regression,0,12,0.005444558999897708,0.9668874172185431,0.7647058823529411,0.9285714285714286,0.910129746458755,0.9421272158498437,0.9112244897959183,133,4,1,13,151,14,9.27,0.2960234080048136,1.5309510942898778e-06,0.999999997457542,0.12713926092648908
3333,24,Decision Tree,0,12,0.004748938999910024,0.9867549668874173,1.0,0.8571428571428571,0.9579152731326644,0.9285714285714286,0.8703878902554398,137,0,2,12,151,14,9.27,0.2704712298895647,0.0,1.0,0.07947019867549669
3333,24,Random Forest,0,12,0.30365404100007254,0.9933774834437086,1.0,0.9285714285714286,0.9796632996632997,0.9994786235662149,0.9952380952380953,137,0,1,13,151,14,9.27,0.25855585765810624,0.0,1.0,0.0898344370860927
3333,24,XGBoost,0,12,0.029412936000198897,0.9933774834437086,1.0,0.9285714285714286,0.9796632996632997,0.9900938477580814,0.9588744588744589,137,0,1,13,151,14,9.27,0.27639058232307434,3.785642184084281e-05,0.9985927939414978,0.08841622620820999
3333,24,LightGBM,0,12,0.07622347000005902,0.9933774834437086,1.0,0.9285714285714286,0.9796632996632997,0.996871741397289,0.9785714285714284,137,0,1,13,151,14,9.27,0.28093366455762825,3.708804104016231e-08,0.99999967172725,0.0881846052340315
3333,24,CatBoost,0,12,1.3267981499998314,0.9933774834437086,1.0,0.9285714285714286,0.9796632996632997,0.9692387904066736,0.9422700587084147,137,0,1,13,151,14,9.27,0.275939734993384,7.655351173053499e-05,0.9983475453037928,0.08840945938727938
3333,25,Logistic Regression,0,12,0.005605799000022671,0.9337748344370861,0.5909090909090909,0.9285714285714286,0.8423141186299081,0.9770594369134515,0.91390756302521,128,9,1,13,151,14,9.27,0.309536375783922,1.7553609678511748e-07,0.9999999106095303,0.1556278221958027
3333,25,Decision Tree,0,12,0.004981430000043474,0.9735099337748344,0.9166666666666666,0.7857142857142857,0.9158305462653289,0.8892075078206464,0.7401056449069694,136,1,3,11,151,14,9.27,0.2704712298895647,0.0,1.0,0.07947019867549669
3333,25,Random Forest,0,12,0.30816747100016073,0.9801324503311258,1.0,0.7857142857142857,0.9345848375451263,0.996089676746611,0.9689239332096475,137,0,3,11,151,14,9.27,0.2517484013383642,0.0,1.0,0.07897350993377483
3333,25,XGBoost,0,12,0.024674897000068086,0.9801324503311258,1.0,0.7857142857142857,0.9345848375451263,0.9827945776850886,0.9109052711993886,137,0,3,11,151,14,9.27,0.25666552782058716,5.549834531848319e-05,0.9993271827697754,0.07600536197423935
3333,25,LightGBM,0,12,0.07454294000012851,0.9801324503311258,1.0,0.7857142857142857,0.9345848375451263,0.9906152241918665,0.9496613300492609,137,0,3,11,151,14,9.27,0.25961875854931565,3.360235354938045e-08,0.9999996307621566,0.07324512187331673
3333,25,CatBoost,0,12,1.5381599540000934,0.9801324503311258,1.0,0.7857142857142857,0.9345848375451263,0.9932221063607924,0.9656084656084656,137,0,3,11,151,14,9.27,0.25672291893020266,0.00016652119327028792,0.9986057380100885,0.0762949715326726
5555,1,Logistic Regression,0,12,0.006181979000075444,0.9801324503311258,0.8125,1.0,0.94278135657446,0.9960981047937569,0.9627535925612845,135,3,0,13,151,13,8.61,0.2839167922845614,1.5173277950810192e-05,0.9999999851884409,0.1360807046714872
5555,1,Decision Tree,0,12,0.005002590000003693,0.9801324503311258,0.8125,1.0,0.94278135657446,0.9891304347826088,0.8125,135,3,0,13,151,13,8.61,0.30778675598999344,0.0,1.0,0.10596026490066225
5555,1,Random Forest,0,12,0.45295395099992675,0.9801324503311258,0.9166666666666666,0.8461538461538461,0.9345848375451263,0.9988851727982163,0.9885883347421809,137,1,2,11,151,13,8.61,0.24778176006877445,0.0,1.0,0.08397350993377484
5555,1,XGBoost,0,12,0.20066507499996078,0.9867549668874173,0.9230769230769231,0.9230769230769231,0.9579152731326644,0.9988851727982163,0.9885883347421809,137,1,1,12,151,13,8.61,0.27089759707450867,2.156936352548655e-05,0.999224066734314,0.08649273216724396
5555,1,LightGBM,0,12,0.11147781599993323,0.9933774834437086,1.0,0.9230769230769231,0.9781949458483754,0.9994425863991081,0.9945054945054945,138,0,1,12,151,13,8.61,0.26552128647941464,2.816369320868122e-08,0.9999996339904816,0.07962821221967932
5555,1,CatBoost,0,12,1.6821318549998523,0.9867549668874173,1.0,0.8461538461538461,0.954736211031175,0.9988851727982162,0.9885883347421807,138,0,2,11,151,13,8.61,0.2605567787343945,0.00013479283149536088,0.998422177408093,0.08452733588441748
5555,2,Logistic Regression,0,12,0.005224378999855617,0.9403973509933775,0.6190476190476191,0.9285714285714286,0.8545746388443018,0.9426485922836289,0.9093674334140434,129,8,1,13,151,14,9.27,0.31621933386538387,3.7728966746009953e-07,0.9999999968162006,0.14874112329720796
5555,2,Decision Tree,0,12,0.004168448999962493,0.9536423841059603,0.7692307692307693,0.7142857142857143,0.8576430976430975,0.8461939520333682,0.5759406156757151,134,3,4,10,151,14,9.27,0.28050090840460096,0.0,1.0,0.08609271523178808
5555,2,Random Forest,0,12,0.28263647400012815,0.9735099337748344,0.8571428571428571,0.8571428571428571,0.9212721584984358,0.9916579770594369,0.9449744897959184,135,2,2,12,151,14,9.27,0.2484084862048712,0.0,1.0,0.08870860927152317
5555,2,XGBoost,0,12,0.026118827000118472,0.9668874172185431,0.8,0.8571428571428571,0.9046355942907667,0.9848800834202293,0.9260171501550812,134,3,2,12,151,14,9.27,0.2804870009422302,6.715170457027853e-05,0.9972831010818481,0.09493117034435272
5555,2,LightGBM,0,12,0.07527145999983986,0.9735099337748344,0.8571428571428571,0.8571428571428571,0.9212721584984358,0.9765380604796663,0.91156462585034,135,2,2,12,151,14,9.27,0.28857253731116805,3.8874233885774645e-08,0.9999993063483588,0.09467441900743623
5555,2,CatBoost,0,12,1.3456250980000277,0.9801324503311258,0.9230769230769231,0.8571428571428571,0.938989898989899,0.9728884254431699,0.9153726708074532,136,1,2,12,151,14,9.27,0.2667568758252129,9.282282339799994e-05,0.9985385838369603,0.08775230832483785
5555,3,Logistic Regression,0,12,0.0050927889999456966,0.9735099337748344,0.8125,0.9285714285714286,0.9259803921568628,0.9900938477580814,0.9588744588744587,134,3,1,13,151,14,9.27,0.2862810768458673,4.651491580518521e-06,0.999999792910581,0.13501481049541403
5555,3,Decision Tree,0,12,0.004325039999912406,0.9867549668874173,0.9285714285714286,0.9285714285714286,0.9606360792492179,0.960636079249218,0.8688674145154751,136,1,1,13,151,14,9.27,0.2900329594762674,0.0,1.0,0.09271523178807947
5555,3,Random Forest,0,12,0.28454032299987375,0.9933774834437086,1.0,0.9285714285714286,0.9796632996632997,1.0,1.0,137,0,1,13,151,14,9.27,0.2568185792366125,0.0,1.0,0.08629139072847682
5555,3,XGBoost,0,12,0.025628987000118286,0.9933774834437086,1.0,0.9285714285714286,0.9796632996632997,0.9984358706986444,0.9873949579831933,137,0,1,13,151,14,9.27,0.2764335870742798,2.5868246666505e-05,0.9989219903945923,0.088724285364151
5555,3,LightGBM,0,12,0.07627660999992258,0.9933774834437086,1.0,0.9285714285714286,0.9796632996632997,0.9963503649635036,0.976190476190476,137,0,1,13,151,14,9.27,0.280416770136404,2.75795996820435e-08,0.9999996216882984,0.08625595490606347
5555,3,CatBoost,0,12,1.3496024080000097,0.9933774834437086,1.0,0.9285714285714286,0.9796632996632997,0.9984358706986445,0.9873949579831931,137,0,1,13,151,14,9.27,0.2758504828548574,0.00013802992475315734,0.9985072961746737,0.08810941231896706
5555,4,Logistic Regression,0,12,0.005185529000073075,0.9470198675496688,0.6363636363636364,1.0,0.8738512949039265,0.9937434827945777,0.940449629735344,129,8,0,14,151,14,9.27,0.3009707879520315,3.9016268155092815e-06,0.9999999829064402,0.1776991067349328
5555,4,Decision Tree,0,12,0.004717569000149524,0.9735099337748344,0.8571428571428571,0.8571428571428571,0.9212721584984358,0.9212721584984359,0.7479389106636031,135,2,2,12,151,14,9.27,0.2900329594762674,0.0,1.0,0.09271523178807947
5555,4,Random Forest,0,12,0.29736790199990537,0.9867549668874173,1.0,0.8571428571428571,0.9579152731326644,1.0,0.9999999999999999,137,0,2,12,151,14,9.27,0.24077789922359635,0.0,1.0,0.07990066225165562
5555,4,XGBoost,0,12,0.03199897600006807,0.9867549668874173,1.0,0.8571428571428571,0.9579152731326644,0.9989572471324296,0.9901360544217688,137,0,2,12,151,14,9.27,0.2668203115463257,2.152547131117899e-05,0.9995691180229187,0.08709092438220978
5555,4,LightGBM,0,12,0.07345667000004141,0.9867549668874173,1.0,0.8571428571428571,0.9579152731326644,0.9989572471324296,0.9910714285714284,137,0,2,12,151,14,9.27,0.25904309742784126,2.7543115957911622e-08,0.9999996933731604,0.07587545573585971
5555,4,CatBoost,0,12,1.3432869979999396,0.9801324503311258,1.0,0.7857142857142857,0.9345848375451263,0.9994786235662149,0.995238095238095,137,0,3,11,151,14,9.27,0.25244794652962593,0.0001942879780777247,0.9977333087054363,0.07907558540162915
5555,5,Logistic Regression,0,12,0.005205200000091281,0.9470198675496688,0.65,0.9285714285714286,0.8674275680421422,0.9786235662148072,0.8907821852943802,130,7,1,13,151,14,9.27,0.29190028170758925,2.541953011957859e-07,0.9999999747671864,0.1330029563125225
5555,5,Decision Tree,0,12,0.0045368999999482185,0.9867549668874173,1.0,0.8571428571428571,0.9579152731326644,0.9285714285714286,0.8703878902554398,137,0,2,12,151,14,9.27,0.27047122988956473,0.0,1.0,0.07947019867549669
5555,5,Random Forest,0,12,0.29588257199998225,0.9867549668874173,1.0,0.8571428571428571,0.9579152731326644,0.990354535974974,0.9571428571428573,137,0,2,12,151,14,9.27,0.254079137398272,0.0,1.0,0.08423841059602649
5555,5,XGBoost,0,12,0.027736726000057388,0.9933774834437086,1.0,0.9285714285714286,0.9796632996632997,0.9942648592283629,0.9685714285714285,137,0,1,13,151,14,9.27,0.27304795384407043,4.692933362093754e-05,0.9992095232009888,0.08624418079853058
5555,5,LightGBM,0,12,0.07186802100000023,0.9933774834437086,1.0,0.9285714285714286,0.9796632996632997,0.9880083420229405,0.9555984555984556,137,0,1,13,151,14,9.27,0.28003120990782454,2.701695291537922e-08,0.9999992788999112,0.08675760777301104
5555,5,CatBoost,0,12,1.374494163999998,0.9933774834437086,1.0,0.9285714285714286,0.9796632996632997,0.9932221063607924,0.9656084656084656,137,0,1,13,151,14,9.27,0.2705308176824284,0.00017072685891668285,0.9981967506866893,0.08581438797271389
5555,6,Logistic Regression,0,12,0.006426169000178561,0.9602649006622517,0.7333333333333333,0.8461538461538461,0.8819082377476538,0.9453734671125975,0.8969780219780217,134,4,2,11,151,13,8.61,0.26705561062745575,1.1190510279418997e-06,0.9999999729785042,0.10964731673689343
5555,6,Decision Tree,0,12,0.004547140000113359,0.9735099337748344,0.8461538461538461,0.8461538461538461,0.9158305462653289,0.9158305462653289,0.7292213644735295,136,2,2,11,151,13,8.61,0.28050090840460096,0.0,1.0,0.08609271523178808
5555,6,Random Forest,0,12,0.2880227399998603,0.9801324503311258,0.9166666666666666,0.8461538461538461,0.9345848375451263,0.9988851727982163,0.989010989010989,137,1,2,11,151,13,8.61,0.24913763814100104,0.0,1.0,0.08301324503311258
5555,6,XGBoost,0,12,0.024923772000192912,0.9801324503311258,0.9166666666666666,0.8461538461538461,0.9345848375451263,0.992196209587514,0.9556213017751478,137,1,2,11,151,13,8.61,0.25779998302459717,5.8885616454062983e-05,0.9983612895011902,0.07902047783136368
5555,6,LightGBM,0,12,0.07462300899987895,0.9867549668874173,1.0,0.8461538461538461,0.954736211031175,0.9949832775919732,0.9647788109326567,138,0,2,11,151,13,8.61,0.2612014783632381,2.902746282342041e-08,0.999999554009936,0.07606793705210693
5555,6,CatBoost,0,12,1.5301781660000415,0.9867549668874173,1.0,0.8461538461538461,0.954736211031175,0.9710144927536233,0.9327847633136093,138,0,2,11,151,13,8.61,0.2548542598478962,7.811621649075929e-05,0.9986755390280749,0.07586229313816306
5555,7,Logistic Regression,0,12,0.007132560999934867,0.9470198675496688,0.65,0.9285714285714286,0.8674275680421422,0.9749739311783108,0.8770810107766629,130,7,1,13,151,14,9.27,0.30707542555510875,1.3141246443466983e-07,0.9999999943639148,0.14081131656101029
5555,7,Decision Tree,0,12,0.004949600000145438,0.9668874172185431,0.9090909090909091,0.7142857142857143,0.8909747292418773,0.8534932221063609,0.6758407155758149,136,1,4,10,151,14,9.27,0.25988631616355734,0.0,1.0,0.0728476821192053
5555,7,Random Forest,0,12,0.4111865250001756,0.9735099337748344,0.9166666666666666,0.7857142857142857,0.9158305462653289,0.9885297184567257,0.9329030757602185,136,1,3,11,151,14,9.27,0.24241812087168596,0.0,1.0,0.07877483443708609
5555,7,XGBoost,0,12,0.1128744119998828,0.9735099337748344,0.9166666666666666,0.7857142857142857,0.9158305462653289,0.9906152241918664,0.9374776226279984,136,1,3,11,151,14,9.27,0.2650497555732727,4.86125354655087e-05,0.9996669292449951,0.08329444378614426
5555,7,LightGBM,0,12,0.11783148299991808,0.9867549668874173,1.0,0.8571428571428571,0.9579152731326644,0.9838373305526591,0.9245887445887444,137,0,2,12,151,14,9.27,0.2664164391940271,2.795073048038436e-08,0.9999994470240077,0.0785731690983679
5555,7,CatBoost,0,12,1.717647677000059,0.9801324503311258,1.0,0.7857142857142857,0.9345848375451263,0.9906152241918665,0.9393442995927466,137,0,3,11,151,14,9.27,0.25564387743603645,0.00013179276781207324,0.9984846278928188,0.07654776730708053
5555,8,Logistic Regression,0,12,0.006446801000038249,0.9735099337748344,0.8125,0.9285714285714286,0.9259803921568628,0.9817518248175182,0.9403242147922997,134,3,1,13,151,14,9.27,0.28012574730863987,1.6388327530894865e-05,0.9999999480682975,0.1463525921183312
5555,8,Decision Tree,0,12,0.0048463209998317325,0.9933774834437086,1.0,0.9285714285714286,0.9796632996632997,0.9642857142857143,0.93519394512772,137,0,1,13,151,14,9.27,0.280500908404601,0.0,1.0,0.08609271523178808
5555,8,Random Forest,0,12,0.305039183999952,0.9801324503311258,1.0,0.7857142857142857,0.9345848375451263,0.9994786235662149,0.9952380952380953,137,0,3,11,151,14,9.27,0.23678988766684328,0.0,1.0,0.08188741721854303
5555,8,XGBoost,0,12,0.0255417230000603,0.9933774834437086,1.0,0.9285714285714286,0.9796632996632997,0.9979144942648593,0.9841269841269841,137,0,1,13,151,14,9.27,0.26216185092926025,6.0385005781427026e-05,0.9990255832672119,0.08712033182382584
5555,8,LightGBM,0,12,0.07570160799991754,0.9867549668874173,0.9285714285714286,0.9285714285714286,0.9606360792492179,0.9984358706986445,0.9873949579831931,136,1,1,13,151,14,9.27,0.28795908534195036,2.7360272996509065e-08,0.9999991518028652,0.09401985806856847
5555,8,CatBoost,0,12,1.343530335999958,0.9867549668874173,0.9285714285714286,0.9285714285714286,0.9606360792492179,0.9979144942648592,0.9804748822605964,136,1,1,13,151,14,9.27,0.26532585137883347,0.00014645365329199188,0.9985459931251586,0.0875427256461923
5555,9,Logistic Regression,0,12,0.005485771000167006,0.9668874172185431,0.7647058823529411,0.9285714285714286,0.910129746458755,0.9979144942648592,0.984126984126984,133,4,1,13,151,14,9.27,0.29191323748357806,4.198930257347804e-06,0.999999987959929,0.15388750915710953
5555,9,Decision Tree,0,12,0.004768560000002253,0.9867549668874173,0.9285714285714286,0.9285714285714286,0.9606360792492179,0.960636079249218,0.8688674145154751,136,1,1,13,151,14,9.27,0.2900329594762674,0.0,1.0,0.09271523178807947
5555,9,Random Forest,0,12,0.31028338399983113,0.9933774834437086,1.0,0.9285714285714286,0.9796632996632997,1.0,1.0,137,0,1,13,151,14,9.27,0.25469754415441376,0.0,1.0,0.09135761589403973
5555,9,XGBoost,0,12,0.03446708299998136,0.9933774834437086,1.0,0.9285714285714286,0.9796632996632997,1.0,0.9999999999999999,137,0,1,13,151,14,9.27,0.2712295949459076,1.6580715964664705e-05,0.999398946762085,0.08673393726348877
5555,9,LightGBM,0,12,0.07821509800010062,0.9933774834437086,1.0,0.9285714285714286,0.9796632996632997,1.0,0.9999999999999998,137,0,1,13,151,14,9.27,0.27589923775074077,3.259502065799093e-08,0.999999681746732,0.08488131213588233
5555,9,CatBoost,0,12,1.4042067929999575,0.9867549668874173,1.0,0.8571428571428571,0.9579152731326644,1.0,0.9999999999999998,137,0,2,12,151,14,9.27,0.26644083435024285,0.00015761445540165382,0.9980577119837071,0.0867072065817951
5555,10,Logistic Regression,0,12,0.0055916509998041874,0.9536423841059603,0.6666666666666666,1.0,0.8868913857677903,0.9937434827945777,0.9454594017094016,130,7,0,14,151,14,9.27,0.30942839421675167,3.916617378608751e-06,0.9999999962539834,0.16596467446484325
5555,10,Decision Tree,0,12,0.004792020000195407,0.9933774834437086,0.9333333333333333,1.0,0.9809271188581534,0.9963503649635037,0.9333333333333333,136,1,0,14,151,14,9.27,0.2991149613413567,0.0,1.0,0.09933774834437085
5555,10,Random Forest,0,12,0.3105203630000233,0.9933774834437086,0.9333333333333333,1.0,0.9809271188581534,1.0,1.0,136,1,0,14,151,14,9.27,0.2754856921200629,0.0,1.0,0.09986754966887416
5555,10,XGBoost,0,12,0.03145914299989272,1.0,1.0,1.0,1.0,1.0,0.9999999999999999,137,0,0,14,151,14,9.27,0.28728580474853516,2.254204810014926e-05,0.9984708428382874,0.09795498102903366
5555,10,LightGBM,0,12,0.07813685899986922,0.9933774834437086,0.9333333333333333,1.0,0.9809271188581534,1.0,0.9999999999999998,136,1,0,14,151,14,9.27,0.29732880743111395,3.020384402613662e-08,0.9999996943787933,0.09947498025942146
5555,10,CatBoost,0,12,1.3037747820001186,0.9933774834437086,0.9333333333333333,1.0,0.9809271188581534,1.0,0.9999999999999998,136,1,0,14,151,14,9.27,0.28470273890710135,0.0001479821115052602,0.9985310757297983,0.09892670983460862
5555,11,Logistic Regression,0,12,0.0053127109999877575,0.9668874172185431,0.75,0.9230769230769231,0.9046355942907667,0.9726867335562988,0.9185234305923959,134,4,1,12,151,13,8.61,0.27956939849475004,1.3907569470215283e-07,0.9999999948834128,0.13017498940797875
5555,11,Decision Tree,0,12,0.004661190999968312,0.9602649006622517,0.7692307692307693,0.7692307692307693,0.8737458193979933,0.8737458193979933,0.6115835260002351,135,3,3,10,151,13,8.61,0.28050090840460096,0.0,1.0,0.08609271523178808
5555,11,Random Forest,0,12,0.278889430000163,0.9801324503311258,0.9166666666666666,0.8461538461538461,0.9345848375451263,0.9810479375696768,0.931695755225167,137,1,2,11,151,13,8.61,0.24477107431456097,0.0,1.0,0.08390728476821191
5555,11,XGBoost,0,12,0.02659546300014881,0.9801324503311258,0.9166666666666666,0.8461538461538461,0.9345848375451263,0.9810479375696768,0.9304195804195805,137,1,2,11,151,13,8.61,0.2582336664199829,3.0491875804727897e-05,0.9995222091674805,0.0801507905125618
5555,11,LightGBM,0,12,0.07232907799993882,0.9867549668874173,1.0,0.8461538461538461,0.954736211031175,0.9771460423634337,0.9108391608391606,138,0,2,11,151,13,8.61,0.2599989717251835,3.168864474015771e-08,0.9999996399043816,0.07638267502683278
5555,11,CatBoost,0,12,1.3155695630000537,0.9801324503311258,1.0,0.7692307692307693,0.9294062646096306,0.9882943143812709,0.9474627936166395,138,0,3,10,151,13,8.61,0.248257621271445,0.00016711837435117794,0.9985684372889979,0.07294869996503384
5555,12,Logistic Regression,0,12,0.005098970000062764,0.9735099337748344,0.7777777777777778,1.0,0.9300925925925926,0.9989572471324296,0.9910714285714284,133,4,0,14,151,14,9.27,0.28822112221783414,8.35952076448327e-06,0.9999999853856796,0.14396111390618158
5555,12,Decision Tree,0,12,0.0046056799999405484,0.9801324503311258,0.9230769230769231,0.8571428571428571,0.938989898989899,0.9249217935349322,0.8044538243213739,136,1,2,12,151,14,9.27,0.28050090840460096,0.0,1.0,0.08609271523178808
5555,12,Random Forest,0,12,0.27475486000003,0.9933774834437086,1.0,0.9285714285714286,0.9796632996632997,0.997393117831074,0.9812030075187969,137,0,1,13,151,14,9.27,0.2584894448969022,0.0,1.0,0.08596026490066225
5555,12,XGBoost,0,12,0.025212383000052796,0.9933774834437086,1.0,0.9285714285714286,0.9796632996632997,0.9968717413972888,0.9785714285714286,137,0,1,13,151,14,9.27,0.27435600757598877,3.483389082248323e-05,0.9987093210220337,0.08681079745292664
5555,12,LightGBM,0,12,0.07214673799990123,0.9933774834437086,1.0,0.9285714285714286,0.9796632996632997,0.9911366006256518,0.9608294930875574,137,0,1,13,151,14,9.27,0.2800912454639864,2.7509829053648226e-08,0.9999996407215485,0.08609589749077656
5555,12,CatBoost,0,12,1.3592475880000165,0.9933774834437086,1.0,0.9285714285714286,0.9796632996632997,0.9984358706986445,0.9873949579831931,137,0,1,13,151,14,9.27,0.274403045789197,0.00016274739166141785,0.9983422988289041,0.08633291774642347
5555,13,Logistic Regression,0,12,0.01653641100006098,0.9470198675496688,0.6363636363636364,1.0,0.8738512949039265,0.9874869655891553,0.8964083069125084,129,8,0,14,151,14,9.27,0.31493006527057604,3.090197358439758e-05,0.9999999932651995,0.1564653296279812
5555,13,Decision Tree,0,12,0.006843401000196536,0.9735099337748344,0.8125,0.9285714285714286,0.9259803921568628,0.9533368091762252,0.7610868022705771,134,3,1,13,151,14,9.27,0.30778675598999344,0.0,1.0,0.10596026490066225
5555,13,Random Forest,0,12,0.38495437200003835,0.9933774834437086,0.9333333333333333,1.0,0.9809271188581534,0.9994786235662148,0.9952380952380954,136,1,0,14,151,14,9.27,0.2609125832151384,0.0,1.0,0.09721854304635762
5555,13,XGBoost,0,12,0.14531265599998733,0.9867549668874173,0.875,1.0,0.9629901960784314,1.0,1.0,135,2,0,14,151,14,9.27,0.2946244776248932,2.6731348043540493e-05,0.9994723200798035,0.10904534161090851
5555,13,LightGBM,0,12,0.13300502399988545,0.9933774834437086,0.9333333333333333,1.0,0.9809271188581534,0.9994786235662149,0.995238095238095,136,1,0,14,151,14,9.27,0.2966993753707059,2.7633904814902966e-08,0.9999994516398909,0.10141011191992556
5555,13,CatBoost,0,12,1.8491415409998808,0.9867549668874173,0.875,1.0,0.9629901960784314,1.0,0.9999999999999998,135,2,0,14,151,14,9.27,0.28464704614330305,0.0001599354090984612,0.9983875449307427,0.10372988821102544
5555,14,Logistic Regression,0,12,0.006388430000015433,0.9668874172185431,0.8461538461538461,0.7857142857142857,0.8983164983164983,0.8613138686131386,0.8495230042624805,135,2,3,11,151,14,9.27,0.266301880676961,4.544964617566209e-09,0.9999999999327152,0.10121722441482577
5555,14,Decision Tree,0,12,0.0044407799998680275,0.9735099337748344,1.0,0.7142857142857143,0.9094724220623501,0.8571428571428572,0.7407757805108799,137,0,4,10,151,14,9.27,0.24867527623203425,0.0,1.0,0.06622516556291391
5555,14,Random Forest,0,12,0.2823882010000034,0.9801324503311258,1.0,0.7857142857142857,0.9345848375451263,0.9108446298227321,0.8648933847609345,137,0,3,11,151,14,9.27,0.24192985244988918,0.0,1.0,0.07913907284768211
5555,14,XGBoost,0,12,0.0235366829999748,0.9801324503311258,1.0,0.7857142857142857,0.9345848375451263,0.914754953076121,0.8674647740508594,137,0,3,11,151,14,9.27,0.25260117650032043,4.964612526237033e-05,0.9993312358856201,0.07347435504198074
5555,14,LightGBM,0,12,0.0731803480000508,0.9668874172185431,0.8461538461538461,0.7857142857142857,0.8983164983164983,0.9171011470281543,0.8679073902288187,135,2,3,11,151,14,9.27,0.27208962568683603,3.009137031210871e-08,0.9999996464379071,0.08600188097776315
5555,14,CatBoost,0,12,1.327123254000071,0.9867549668874173,1.0,0.8571428571428571,0.9579152731326644,0.9442127215849844,0.8893578643578641,137,0,2,12,151,14,9.27,0.25425925487319184,5.7259589941099906e-05,0.9988283395787658,0.07927224915012916
5555,15,Logistic Regression,0,12,0.005282480999994732,0.9536423841059603,0.6842105263157895,0.9285714285714286,0.8809282415230371,0.9942648592283628,0.9564625850340134,131,6,1,13,151,14,9.27,0.30448993795803464,8.099638058475026e-06,0.9999999859029565,0.1627315816662882
5555,15,Decision Tree,0,12,0.0042333699998380325,0.9867549668874173,1.0,0.8571428571428571,0.9579152731326644,0.9285714285714286,0.8703878902554398,137,0,2,12,151,14,9.27,0.27047122988956473,0.0,1.0,0.07947019867549669
5555,15,Random Forest,0,12,0.28931928199995127,0.9933774834437086,1.0,0.9285714285714286,0.9796632996632997,1.0,0.9999999999999999,137,0,1,13,151,14,9.27,0.2450088183768263,0.0,1.0,0.08162251655629138
5555,15,XGBoost,0,12,0.025723614000071393,0.9933774834437086,1.0,0.9285714285714286,0.9796632996632997,1.0,1.0,137,0,1,13,151,14,9.27,0.2729170024394989,2.1217258108663373e-05,0.9995416402816772,0.0868428498506546
5555,15,LightGBM,0,12,0.07965402900003937,0.9933774834437086,1.0,0.9285714285714286,0.9796632996632997,1.0,0.9999999999999998,137,0,1,13,151,14,9.27,0.27668625162414484,2.6752931497415846e-08,0.9999996293776542,0.0856465951053158
5555,15,CatBoost,0,12,1.3135885219999182,0.9933774834437086,1.0,0.9285714285714286,0.9796632996632997,1.0,0.9999999999999998,137,0,1,13,151,14,9.27,0.26457762604557533,0.00015799966039999424,0.9982542462049371,0.08506110274530503
5555,16,Logistic Regression,0,12,0.0053312099998947815,0.9801324503311258,0.8125,1.0,0.94278135657446,0.9988851727982162,0.9885883347421807,135,3,0,13,151,13,8.61,0.29285450917222894,2.937041805910213e-06,0.9999999925298478,0.14909427259886468
5555,16,Decision Tree,0,12,0.005266989999881844,0.9867549668874173,0.9230769230769231,0.9230769230769231,0.9579152731326644,0.9579152731326644,0.8586935224734513,137,1,1,12,151,13,8.61,0.28050090840460096,0.0,1.0,0.08609271523178808
5555,16,Random Forest,0,12,0.2912854010000956,1.0,1.0,1.0,1.0,1.0,1.0,138,0,0,13,151,13,8.61,0.24863497787196756,0.0,1.0,0.08384105960264901
5555,16,XGBoost,0,12,0.02587255200000982,0.9933774834437086,0.9285714285714286,1.0,0.9796632996632997,1.0,0.9999999999999999,137,1,0,13,151,13,8.61,0.27956199645996094,1.5465633623534814e-05,0.997808039188385,0.09210988879203796
5555,16,LightGBM,0,12,0.07362688800003525,0.9933774834437086,0.9285714285714286,1.0,0.9796632996632997,0.9983277591973244,0.9821780783319243,137,1,0,13,151,13,8.61,0.28836637493741457,2.8020117626016825e-08,0.9999994941551237,0.09219666235174814
5555,16,CatBoost,0,12,1.3531457870001304,0.9867549668874173,0.9230769230769231,0.9230769230769231,0.9579152731326644,0.9983277591973244,0.9821780783319243,137,1,1,12,151,13,8.61,0.270263165533815,0.00016570313463836928,0.9981067368957017,0.08743655601547133
5555,17,Logistic Regression,0,12,0.005223820000082924,0.9337748344370861,0.6,0.8571428571428571,0.8342844600526778,0.9765380604796664,0.8998966871637677,129,8,2,12,151,14,9.27,0.29746979560123654,3.642938807712222e-07,0.9999999927211514,0.1449283942828905
5555,17,Decision Tree,0,12,0.004708451000169589,0.9602649006622517,0.7857142857142857,0.7857142857142857,0.8819082377476538,0.8819082377476538,0.6372144884443843,134,3,3,11,151,14,9.27,0.2900329594762674,0.0,1.0,0.09271523178807947
5555,17,Random Forest,0,12,0.27436224000007314,0.9801324503311258,1.0,0.7857142857142857,0.9345848375451263,0.9903545359749739,0.9571428571428572,137,0,3,11,151,14,9.27,0.2432330426904307,0.0,1.0,0.08344370860927151
5555,17,XGBoost,0,12,0.024643372999889834,0.9867549668874173,1.0,0.8571428571428571,0.9579152731326644,0.991657977059437,0.961904761904762,137,0,2,12,151,14,9.27,0.2642921209335327,4.5845634303987026e-05,0.9989387392997742,0.08293186128139496
5555,17,LightGBM,0,12,0.07895570799996676,0.9801324503311258,0.9230769230769231,0.8571428571428571,0.938989898989899,0.9921793534932222,0.9591836734693877,136,1,2,12,151,14,9.27,0.2768609222665037,2.780535797555859e-08,0.9999994897967023,0.08609791232501404
5555,17,CatBoost,0,12,1.2970332299998972,0.9867549668874173,1.0,0.8571428571428571,0.9579152731326644,0.9927007299270073,0.9642857142857142,137,0,2,12,151,14,9.27,0.25787191944223886,0.00012145182671583244,0.998619868327068,0.08205883193704748
5555,18,Logistic Regression,0,12,0.004987360000086483,0.9536423841059603,0.6842105263157895,0.9285714285714286,0.8809282415230371,0.9749739311783108,0.8853517722878623,131,6,1,13,151,14,9.27,0.2935742827713636,1.8567984704127805e-05,0.9999999958033616,0.15297673020648314
5555,18,Decision Tree,0,12,0.004014641000139818,0.9801324503311258,1.0,0.7857142857142857,0.9345848375451263,0.8928571428571428,0.8055818353831599,137,0,3,11,151,14,9.27,0.25988631616355734,0.0,1.0,0.0728476821192053
5555,18,Random Forest,0,12,0.28426552099995206,0.9801324503311258,1.0,0.7857142857142857,0.9345848375451263,0.9994786235662149,0.9952380952380953,137,0,3,11,151,14,9.27,0.2459982647611862,0.0,1.0,0.08311258278145695
5555,18,XGBoost,0,12,0.025283572000034837,0.9801324503311258,1.0,0.7857142857142857,0.9345848375451263,0.9906152241918665,0.9393442995927467,137,0,3,11,151,14,9.27,0.2518622577190399,2.6636584152583964e-05,0.9995161294937134,0.07696571946144104
5555,18,LightGBM,0,12,0.07153212699995493,0.9801324503311258,1.0,0.7857142857142857,0.9345848375451263,0.9942648592283628,0.9625258799171841,137,0,3,11,151,14,9.27,0.2599214689717981,2.766131788403416e-08,0.99999961885095,0.07500243472399575
5555,18,CatBoost,0,12,1.3273365939999167,0.9801324503311258,1.0,0.7857142857142857,0.9345848375451263,0.9963503649635036,0.976190476190476,137,0,3,11,151,14,9.27,0.25224619851681895,0.00016509876744968393,0.9982032915519606,0.07711334078169704
5555,19,Logistic Regression,0,12,0.005523309999944104,0.9536423841059603,0.6842105263157895,0.9285714285714286,0.8809282415230371,0.934827945776851,0.898936777508206,131,6,1,13,151,14,9.27,0.29871461004670663,7.302779052498942e-07,0.9999998657648335,0.13694973910819924
5555,19,Decision Tree,0,12,0.005393669999875783,0.9735099337748344,0.8571428571428571,0.8571428571428571,0.9212721584984358,0.9212721584984359,0.7479389106636031,135,2,2,12,151,14,9.27,0.2900329594762674,0.0,1.0,0.09271523178807947
5555,19,Random Forest,0,12,0.4162997660000656,0.9867549668874173,0.9285714285714286,0.9285714285714286,0.9606360792492179,0.9979144942648592,0.984126984126984,136,1,1,13,151,14,9.27,0.25127378664430516,0.0,1.0,0.09102649006622517
5555,19,XGBoost,0,12,0.04962781599988375,0.9801324503311258,0.8666666666666667,0.9285714285714286,0.94278135657446,0.9885297184567258,0.9563492063492063,135,2,1,13,151,14,9.27,0.2903667390346527,4.055452882312238e-05,0.9985703229904175,0.1016545295715332
5555,19,LightGBM,0,12,0.12201677300004121,0.9867549668874173,0.9285714285714286,0.9285714285714286,0.9606360792492179,0.996871741397289,0.9785714285714284,136,1,1,13,151,14,9.27,0.28084358938324816,3.0891258601440586e-08,0.9999996639803822,0.09234303341521993
5555,19,CatBoost,0,12,1.889582485999881,0.9933774834437086,1.0,0.9285714285714286,0.9796632996632997,0.9713242961418144,0.9430641821946169,137,0,1,13,151,14,9.27,0.266958221745243,7.029468516014723e-05,0.9986410447609717,0.08657276173768669
5555,20,Logistic Regression,0,12,0.005934780000188766,0.9735099337748344,0.7777777777777778,1.0,0.9300925925925926,0.9979144942648592,0.9786891679748821,133,4,0,14,151,14,9.27,0.2895604392926728,8.227699933266771e-06,0.9999999854258623,0.1453600849097594
5555,20,Decision Tree,0,12,0.008967681000058292,0.9867549668874173,1.0,0.8571428571428571,0.9579152731326644,0.9285714285714286,0.8703878902554398,137,0,2,12,151,14,9.27,0.2704712298895647,0.0,1.0,0.07947019867549669
5555,20,Random Forest,0,12,0.2921477119998599,0.9867549668874173,0.9285714285714286,0.9285714285714286,0.9606360792492179,0.9971324296141815,0.9761009667024705,136,1,1,13,151,14,9.27,0.26707171179528044,0.0,1.0,0.091158940397351
5555,20,XGBoost,0,12,0.026132732999940345,0.9867549668874173,0.9285714285714286,0.9285714285714286,0.9606360792492179,0.989572471324296,0.9579831932773109,136,1,1,13,151,14,9.27,0.2770877480506897,2.8623902835533954e-05,0.9986534118652344,0.09008052945137024
5555,20,LightGBM,0,12,0.07869974899995213,0.9933774834437086,1.0,0.9285714285714286,0.9796632996632997,0.9906152241918665,0.9598214285714284,137,0,1,13,151,14,9.27,0.28040718643642587,2.8547488375179e-08,0.9999995887747181,0.0883572793985313
5555,20,CatBoost,0,12,1.3374489450000056,0.9933774834437086,1.0,0.9285714285714286,0.9796632996632997,0.9984358706986445,0.9873949579831931,137,0,1,13,151,14,9.27,0.2760398296543731,0.000171541482160184,0.9977148054696382,0.08832381712757574
5555,21,Logistic Regression,0,12,0.0051160400000753725,0.9801324503311258,0.8571428571428571,0.9230769230769231,0.938989898989899,0.9933110367892977,0.9283855033855031,136,2,1,12,151,13,8.61,0.2526921204866404,2.3198402773933367e-05,0.9999998719395287,0.12072760153443324
5555,21,Decision Tree,0,12,0.004888261000132843,0.9602649006622517,0.8181818181818182,0.6923076923076923,0.8642086330935252,0.838907469342252,0.592923632658732,136,2,4,9,151,13,8.61,0.2598863161635574,0.0,1.0,0.0728476821192053
5555,21,Random Forest,0,12,0.30012921299999107,0.9668874172185431,1.0,0.6153846153846154,0.872055583799356,0.9969342251950948,0.9757085020242913,138,0,5,8,151,13,8.61,0.19935648192537636,0.0,1.0,0.05980132450331124
5555,21,XGBoost,0,12,0.025363252000033754,0.9933774834437086,1.0,0.9230769230769231,0.9781949458483754,0.9882943143812709,0.9524886877828052,138,0,1,12,151,13,8.61,0.24803656339645386,2.76543232757831e-05,0.9986251592636108,0.07508325576782227
5555,21,LightGBM,0,12,0.07869633799987241,0.9801324503311258,1.0,0.7692307692307693,0.9294062646096306,0.9849498327759197,0.9480769230769228,138,0,3,10,151,13,8.61,0.238631295524045,2.992372885101811e-08,0.9999993563091059,0.06452008340019437
5555,21,CatBoost,0,12,1.327788984000108,0.9668874172185431,1.0,0.6153846153846154,0.872055583799356,0.9983277591973244,0.9838264299802759,138,0,5,8,151,13,8.61,0.21336245827845748,0.00015743168223473887,0.9969481220688845,0.05857121847890512
5555,22,Logistic Regression,0,12,0.005869520000032935,0.9403973509933775,0.6086956521739131,1.0,0.8613972463029067,0.9937434827945777,0.9494631185807656,128,9,0,14,151,14,9.27,0.32750593100354664,3.701204827445878e-06,0.9999999843153669,0.1798541167482097
5555,22,Decision Tree,0,12,0.004508320000013555,0.9801324503311258,0.8666666666666667,0.9285714285714286,0.94278135657446,0.9569864442127216,0.8113844213181962,135,2,1,13,151,14,9.27,0.2991149613413567,0.0,1.0,0.09933774834437085
5555,22,Random Forest,0,12,0.30293624299997646,0.9867549668874173,0.9285714285714286,0.9285714285714286,0.9606360792492179,0.9994786235662148,0.9952380952380953,136,1,1,13,151,14,9.27,0.26545294249899287,0.0,1.0,0.09963576158940396
5555,22,XGBoost,0,12,0.026488083000003826,0.9801324503311258,0.8666666666666667,0.9285714285714286,0.94278135657446,0.9989572471324295,0.9910714285714284,135,2,1,13,151,14,9.27,0.277905136346817,2.6300594981876202e-05,0.9991447925567627,0.09672092646360397
5555,22,LightGBM,0,12,0.07892881800012219,0.9933774834437086,0.9333333333333333,1.0,0.9809271188581534,0.9994786235662148,0.995238095238095,136,1,0,14,151,14,9.27,0.2979023367191625,2.7168427607214503e-08,0.9999995423912906,0.10021914135183042
5555,22,CatBoost,0,12,1.2948830709999584,0.9867549668874173,0.9285714285714286,0.9285714285714286,0.9606360792492179,0.9994786235662149,0.995238095238095,136,1,1,13,151,14,9.27,0.28078471780779307,0.0001556179293413395,0.9983529063749541,0.10063202165298357
5555,23,Logistic Regression,0,12,0.004934020000064265,0.9536423841059603,0.7058823529411765,0.8571428571428571,0.8741816450422568,0.9525547445255474,0.8663574520717376,132,5,2,12,151,14,9.27,0.28819138859664445,5.609579784844409e-08,0.9999999978115817,0.11690830117436096
5555,23,Decision Tree,0,12,0.0044122609999703855,0.9668874172185431,0.9090909090909091,0.7142857142857143,0.8909747292418773,0.8534932221063609,0.6758407155758149,136,1,4,10,151,14,9.27,0.2598863161635574,0.0,1.0,0.0728476821192053
5555,23,Random Forest,0,12,0.2748192310000377,0.9801324503311258,1.0,0.7857142857142857,0.9345848375451263,0.9916579770594369,0.9524576408812864,137,0,3,11,151,14,9.27,0.23327883896700405,0.0,1.0,0.07582781456953643
5555,23,XGBoost,0,12,0.025744712000005165,0.9801324503311258,1.0,0.7857142857142857,0.9345848375451263,0.9801876955161626,0.9169403393541324,137,0,3,11,151,14,9.27,0.2519819736480713,7.410492253256962e-05,0.9989551305770874,0.07503482699394226
5555,23,LightGBM,0,12,0.07456575799983511,0.9801324503311258,1.0,0.7857142857142857,0.9345848375451263,0.989051094890511,0.9440227703984819,137,0,3,11,151,14,9.27,0.2591675953093393,4.1844170461367526e-08,0.9999996503191758,0.07291907057925519
5555,23,CatBoost,0,12,1.3161699429999771,0.9735099337748344,1.0,0.7142857142857143,0.9094724220623501,0.9676746611053182,0.9160664265706282,137,0,4,10,151,14,9.27,0.24428118631263387,7.259100946543256e-05,0.9985148821858953,0.07047944463990534
5555,24,Logistic Regression,0,12,0.0051327300000139076,0.9536423841059603,0.6666666666666666,1.0,0.8868913857677903,0.9984358706986445,0.9846415489272631,130,7,0,14,151,14,9.27,0.30725542964438185,4.89275415294749e-06,0.9999999959770285,0.16165877788762886
5555,24,Decision Tree,0,12,0.004609660999904008,0.9867549668874173,0.9285714285714286,0.9285714285714286,0.9606360792492179,0.960636079249218,0.8688674145154751,136,1,1,13,151,14,9.27,0.2900329594762674,0.0,1.0,0.09271523178807947
5555,24,Random Forest,0,12,0.28228482000008626,1.0,1.0,1.0,1.0,1.0,0.9999999999999999,137,0,0,14,151,14,9.27,0.2675312514151398,0.0,1.0,0.09658940397350993
5555,24,XGBoost,0,12,0.02728850199991939,0.9933774834437086,0.9333333333333333,1.0,0.9809271188581534,1.0,1.0,136,1,0,14,151,14,9.27,0.28987351059913635,1.8277132767252624e-05,0.9992591738700867,0.09882140904664993
5555,24,LightGBM,0,12,0.07370246799996494,0.9933774834437086,0.9333333333333333,1.0,0.9809271188581534,1.0,0.9999999999999998,136,1,0,14,151,14,9.27,0.30023107866363336,2.7592388587357942e-08,0.9999995765638542,0.1038290693242939
5555,24,CatBoost,0,12,1.2924968600000284,0.9933774834437086,0.9333333333333333,1.0,0.9809271188581534,1.0,0.9999999999999998,136,1,0,14,151,14,9.27,0.2913262993359446,0.00019096173714500185,0.9979683324531321,0.10051597480975633
5555,25,Logistic Regression,0,12,0.00505049000003055,0.9602649006622517,0.7222222222222222,0.9285714285714286,0.8951388888888889,0.9817518248175182,0.9489795918367345,132,5,1,13,151,14,9.27,0.2943723330375476,2.9273228769110795e-06,0.9999999287492709,0.1423265340924981
5555,25,Decision Tree,0,12,0.004569450999952096,0.9867549668874173,1.0,0.8571428571428571,0.9579152731326644,0.9285714285714286,0.8703878902554398,137,0,2,12,151,14,9.27,0.27047122988956473,0.0,1.0,0.07947019867549669
5555,25,Random Forest,0,12,0.2718551000000389,0.9867549668874173,0.9285714285714286,0.9285714285714286,0.9606360792492179,0.9989572471324296,0.9910714285714286,136,1,1,13,151,14,9.27,0.26692102067714685,0.0,1.0,0.09582781456953642
5555,25,XGBoost,0,12,0.025543041999981142,0.9867549668874173,0.9285714285714286,0.9285714285714286,0.9606360792492179,0.997393117831074,0.9790249433106577,136,1,1,13,151,14,9.27,0.28626352548599243,2.302648135810159e-05,0.9992223978042603,0.09574903547763824
5555,25,LightGBM,0,12,0.07629947899999934,0.9801324503311258,0.8666666666666667,0.9285714285714286,0.94278135657446,0.9973931178310741,0.9812030075187967,135,2,1,13,151,14,9.27,0.29095233808356646,3.2213380058770866e-08,0.9999994789180429,0.09611727630371472
5555,25,CatBoost,0,12,1.9560942919999889,0.9933774834437086,1.0,0.9285714285714286,0.9796632996632997,0.9979144942648592,0.984126984126984,137,0,1,13,151,14,9.27,0.27315104198346934,0.00015547783454114884,0.9985917770496873,0.08924350524105397
7777,1,Logistic Regression,0,12,0.009149450999984765,0.9602649006622517,0.6842105263157895,1.0,0.8951388888888889,0.996098104793757,0.9697913422609776,132,6,0,13,151,13,8.61,0.2788123539883054,7.294728881441211e-06,0.999999655878948,0.14997638918828363
7777,1,Decision Tree,0,12,0.00709990099994684,0.9735099337748344,0.8461538461538461,0.8461538461538461,0.9158305462653289,0.9158305462653289,0.7292213644735295,136,2,2,11,151,13,8.61,0.28050090840460096,0.0,1.0,0.08609271523178808
7777,1,Random Forest,0,12,0.48068582199994125,0.9801324503311258,1.0,0.7692307692307693,0.9294062646096306,0.9980490523968785,0.9787545787545786,138,0,3,10,151,13,8.61,0.23913816960881104,0.0,1.0,0.08364238410596025
7777,1,XGBoost,0,12,0.06196370700013176,0.9867549668874173,1.0,0.8461538461538461,0.954736211031175,0.9988851727982163,0.9897435897435896,138,0,2,11,151,13,8.61,0.251811683177948,3.716830542543903e-05,0.9986496567726135,0.08172529190778732
7777,1,LightGBM,0,12,0.13015250399985234,1.0,1.0,1.0,1.0,1.0,0.9999999999999998,138,0,0,13,151,13,8.61,0.2659923517665415,2.8092151537066636e-08,0.9999997056912746,0.08367436764958229
7777,1,CatBoost,0,12,1.3659902990000319,0.9867549668874173,1.0,0.8461538461538461,0.954736211031175,0.9988851727982163,0.9897435897435896,138,0,2,11,151,13,8.61,0.24769827009328646,0.00017819794361855485,0.9983908173227755,0.07896136724727189
7777,2,Logistic Regression,0,12,0.00662041999999019,0.9668874172185431,0.7368421052631579,1.0,0.9149487439450266,0.9963503649635037,0.9676670668267304,132,5,0,14,151,14,9.27,0.30445714086987336,1.0480866573268675e-05,0.9999999968192748,0.1579981802555343
7777,2,Decision Tree,0,12,0.0047493100000792765,0.9602649006622517,0.7857142857142857,0.7857142857142857,0.8819082377476538,0.8819082377476538,0.6372144884443843,134,3,3,11,151,14,9.27,0.2900329594762674,0.0,1.0,0.09271523178807947
7777,2,Random Forest,0,12,0.28085756099994796,1.0,1.0,1.0,1.0,1.0,1.0,137,0,0,14,151,14,9.27,0.25142165840194186,0.0,1.0,0.08764900662251655
7777,2,XGBoost,0,12,0.028859743000111848,1.0,1.0,1.0,1.0,1.0,0.9999999999999998,137,0,0,14,151,14,9.27,0.28108084201812744,2.066001616185531e-05,0.9992320537567139,0.09322931617498398
7777,2,LightGBM,0,12,0.08036910900000294,1.0,1.0,1.0,1.0,1.0,0.9999999999999998,137,0,0,14,151,14,9.27,0.2897615069356988,2.7019004909305076e-08,0.9999996782610165,0.09273350374084564
7777,2,CatBoost,0,12,1.4148615340000106,1.0,1.0,1.0,1.0,1.0,0.9999999999999998,137,0,0,14,151,14,9.27,0.28051310113936745,0.00014482989248452426,0.9983721328875694,0.09323600148129228
7777,3,Logistic Regression,0,12,0.005157300000064424,0.9536423841059603,0.6842105263157895,0.9285714285714286,0.8809282415230371,0.9760166840458812,0.9102289444607503,131,6,1,13,151,14,9.27,0.28856210934085563,1.1922080009107353e-06,0.9999999849920254,0.14667563753089824
7777,3,Decision Tree,0,12,0.00502636999999595,0.9668874172185431,1.0,0.6428571428571429,0.8823437743493845,0.8214285714285714,0.6759697256385998,137,0,5,9,151,14,9.27,0.23674917790356925,0.0,1.0,0.059602649006622516
7777,3,Random Forest,0,12,0.3476775379999708,0.9867549668874173,1.0,0.8571428571428571,0.9579152731326644,0.9945255474452555,0.9607142857142856,137,0,2,12,151,14,9.27,0.2389794216748291,0.0,1.0,0.07596026490066224
7777,3,XGBoost,0,12,0.038791533999983585,0.9867549668874173,1.0,0.8571428571428571,0.9579152731326644,0.9781021897810219,0.9131877413127413,137,0,2,12,151,14,9.27,0.2659842073917389,6.639797356911004e-05,0.9989334940910339,0.08146841078996658
7777,3,LightGBM,0,12,0.0732576779998908,0.9867549668874173,1.0,0.8571428571428571,0.9579152731326644,0.9765380604796664,0.9130333951762521,137,0,2,12,151,14,9.27,0.2704195589273596,2.8093956153223425e-08,0.9999995038492578,0.07957084673716557
7777,3,CatBoost,0,12,1.3958242620001329,0.9867549668874173,1.0,0.8571428571428571,0.9579152731326644,0.9900938477580814,0.9444444444444442,137,0,2,12,151,14,9.27,0.2645416060699793,0.0001648648696223634,0.9957834400762328,0.08056841308677273
7777,4,Logistic Regression,0,12,0.007762310999851252,0.9735099337748344,0.8571428571428571,0.8571428571428571,0.9212721584984358,0.8660062565172053,0.8707471137635953,135,2,2,12,151,14,9.27,0.26753917743444006,3.336842550265601e-07,0.9999999623134924,0.09599501582190842
7777,4,Decision Tree,0,12,0.005885861000024306,0.9668874172185431,0.9090909090909091,0.7142857142857143,0.8909747292418773,0.8534932221063609,0.6758407155758149,136,1,4,10,151,14,9.27,0.2598863161635574,0.0,1.0,0.0728476821192053
7777,4,Random Forest,0,12,0.30696687299996483,0.9735099337748344,1.0,0.7142857142857143,0.9094724220623501,0.91866527632951,0.8703878902554399,137,0,4,10,151,14,9.27,0.23693222651510534,0.0,1.0,0.07142384105960264
7777,4,XGBoost,0,12,0.03100285300001815,0.9801324503311258,1.0,0.7857142857142857,0.9345848375451263,0.9090198123044839,0.8744291039588248,137,0,3,11,151,14,9.27,0.2538890838623047,0.00010595435742288828,0.9988468885421753,0.07453261315822601
7777,4,LightGBM,0,12,0.07051161799995498,0.9801324503311258,1.0,0.7857142857142857,0.9345848375451263,0.9014598540145985,0.8761029411764705,137,0,3,11,151,14,9.27,0.26064596153825925,2.844883770331995e-08,0.9999996737014419,0.07632415743550368
7777,4,CatBoost,0,12,1.4350235660001545,0.9735099337748344,1.0,0.7142857142857143,0.9094724220623501,0.9442127215849844,0.8937744794887651,137,0,4,10,151,14,9.27,0.24844066435037537,6.856492082914876e-05,0.9986256646572513,0.07142069903080256
7777,5,Logistic Regression,0,12,0.005443960000093284,0.9470198675496688,0.6363636363636364,1.0,0.8738512949039265,0.9958289885297185,0.9673202614379084,129,8,0,14,151,14,9.27,0.3305074747375304,1.8609397730132413e-06,0.9999999994763007,0.17050144121252833
7777,5,Decision Tree,0,12,0.006113130999892746,0.9668874172185431,0.7368421052631579,1.0,0.9149487439450266,0.9817518248175183,0.7368421052631579,132,5,0,14,151,14,9.27,0.3316552059748057,0.0,1.0,0.12582781456953643
7777,5,Random Forest,0,12,0.2970104719997835,0.9933774834437086,0.9333333333333333,1.0,0.9809271188581534,1.0,1.0,136,1,0,14,151,14,9.27,0.280947532755801,0.0,1.0,0.11298013245033112
7777,5,XGBoost,0,12,0.02824924300011844,0.9867549668874173,0.875,1.0,0.9629901960784314,1.0,1.0,135,2,0,14,151,14,9.27,0.2938013970851898,2.035926081589423e-05,0.9992979764938354,0.10965051501989365
7777,5,LightGBM,0,12,0.07485528799998065,0.9867549668874173,0.875,1.0,0.9629901960784314,1.0,0.9999999999999998,135,2,0,14,151,14,9.27,0.29979313234291016,2.74456206611945e-08,0.9999997297083536,0.10388677062058102
7777,5,CatBoost,0,12,1.31456292200005,0.9933774834437086,0.9333333333333333,1.0,0.9809271188581534,1.0,0.9999999999999998,136,1,0,14,151,14,9.27,0.28897161477957595,0.00017633446509677795,0.998542246065745,0.10625998143944095
7777,6,Logistic Regression,0,12,0.005207519999885335,0.9536423841059603,0.65,1.0,0.8809282415230371,0.9972129319955406,0.9674927636466095,131,7,0,13,151,13,8.61,0.2976869704737688,5.2903366492601326e-06,0.9999999898659114,0.16215482037667697
7777,6,Decision Tree,0,12,0.004985790000091583,0.9668874172185431,0.8333333333333334,0.7692307692307693,0.8909747292418773,0.8773690078037905,0.6608931906945152,136,2,3,10,151,13,8.61,0.27047122988956473,0.0,1.0,0.07947019867549669
7777,6,Random Forest,0,12,0.2995172729999922,0.9933774834437086,1.0,0.9230769230769231,0.9781949458483754,1.0,1.0,138,0,1,12,151,13,8.61,0.24994626412535453,0.0,1.0,0.08754966887417218
7777,6,XGBoost,0,12,0.02742197300017324,0.9933774834437086,1.0,0.9230769230769231,0.9781949458483754,0.9983277591973245,0.9855769230769231,138,0,1,12,151,13,8.61,0.2670959532260895,1.3890852642362006e-05,0.9994565844535828,0.08610446751117706
7777,6,LightGBM,0,12,0.07284706800010099,0.9867549668874173,0.9230769230769231,0.9230769230769231,0.9579152731326644,0.9988851727982163,0.9897435897435898,137,1,1,12,151,13,8.61,0.2761757168512413,2.7898621461490343e-08,0.9999995613442033,0.0852275560417049
7777,6,CatBoost,0,12,1.9251886490001198,0.9933774834437086,1.0,0.9230769230769231,0.9781949458483754,0.9994425863991081,0.9945054945054943,138,0,1,12,151,13,8.61,0.2646853664500411,0.00019216081194130843,0.9983737085805772,0.08460241069024156
7777,7,Logistic Regression,0,12,0.010556130999930247,0.9602649006622517,0.75,0.8571428571428571,0.8889705882352941,0.9781021897810219,0.8961075862413508,133,4,2,12,151,14,9.27,0.297521833109259,8.02366687969969e-08,0.9999999984253134,0.13368764479753195
7777,7,Decision Tree,0,12,0.005853520999835382,0.9470198675496688,0.75,0.6428571428571429,0.8316610925306578,0.8104796663190823,0.5152554399243141,134,3,5,9,151,14,9.27,0.27047122988956473,0.0,1.0,0.07947019867549669
7777,7,Random Forest,0,12,0.4039056039998741,0.9668874172185431,0.9090909090909091,0.7142857142857143,0.8909747292418773,0.9856621480709072,0.9352783152617039,136,1,4,10,151,14,9.27,0.23934136284776575,0.0,1.0,0.07837748344370861
7777,7,XGBoost,0,12,0.026558912999917084,0.9867549668874173,0.9285714285714286,0.9285714285714286,0.9606360792492179,0.9874869655891554,0.9504964147821289,136,1,1,13,151,14,9.27,0.26663994789123535,7.996163185453042e-05,0.9993733763694763,0.0884837880730629
7777,7,LightGBM,0,12,0.07450243800008138,0.9735099337748344,0.9166666666666666,0.7857142857142857,0.9158305462653289,0.9854014598540146,0.9281342531342529,136,1,3,11,151,14,9.27,0.2667005540059946,3.406745611634329e-08,0.9999996976558144,0.07936909693951229
7777,7,CatBoost,0,12,1.3246765629999118,0.9735099337748344,1.0,0.7142857142857143,0.9094724220623501,0.9921793534932222,0.9550119192976334,137,0,4,10,151,14,9.27,0.2470976259556869,0.00013954270428127294,0.9984277563128416,0.07473560676586948
7777,8,Logistic Regression,0,12,0.005168260000118607,0.9735099337748344,0.7777777777777778,1.0,0.9300925925925926,0.9968717413972888,0.973530437816152,133,4,0,14,151,14,9.27,0.29572075159971634,1.8748700522934542e-05,0.9999999766056223,0.15293459574285329
7777,8,Decision Tree,0,12,0.004261180999947101,0.9735099337748344,0.9166666666666666,0.7857142857142857,0.9158305462653289,0.8892075078206464,0.7401056449069694,136,1,3,11,151,14,9.27,0.2704712298895647,0.0,1.0,0.07947019867549669
7777,8,Random Forest,0,12,0.2709729089999655,0.9735099337748344,0.9166666666666666,0.7857142857142857,0.9158305462653289,0.9968717413972888,0.9735304378161522,136,1,3,11,151,14,9.27,0.2554220286138165,0.0,1.0,0.08172185430463576
7777,8,XGBoost,0,12,0.025039913000000524,0.9735099337748344,0.9166666666666666,0.7857142857142857,0.9158305462653289,0.9640250260688217,0.8639307936227754,136,1,3,11,151,14,9.27,0.26326045393943787,3.027707862202078e-05,0.9983614087104797,0.08015526831150055
7777,8,LightGBM,0,12,0.07487779799998862,0.9735099337748344,0.9166666666666666,0.7857142857142857,0.9158305462653289,0.9843587069864441,0.9134555137844611,136,1,3,11,151,14,9.27,0.2657704469209254,2.740637248332916e-08,0.9999997014479577,0.07803172788025967
7777,8,CatBoost,0,12,1.3020091109999612,0.9735099337748344,0.9166666666666666,0.7857142857142857,0.9158305462653289,0.9958289885297185,0.9661846925004818,136,1,3,11,151,14,9.27,0.25802793069702445,0.00014208996225618633,0.9986351288000613,0.0804630086170745
7777,9,Logistic Regression,0,12,0.004805550999890329,0.9536423841059603,0.6666666666666666,1.0,0.8868913857677903,0.9979144942648592,0.9804748822605964,130,7,0,14,151,14,9.27,0.30407683661173457,5.886841644851441e-06,0.9999999715668503,0.16967467223039898
7777,9,Decision Tree,0,12,0.004753570000048057,0.9735099337748344,0.8125,0.9285714285714286,0.9259803921568628,0.9533368091762252,0.7610868022705771,134,3,1,13,151,14,9.27,0.30778675598999344,0.0,1.0,0.10596026490066225
7777,9,Random Forest,0,12,0.28038906000006136,1.0,1.0,1.0,1.0,1.0,0.9999999999999999,137,0,0,14,151,14,9.27,0.2639674165168657,0.0,1.0,0.0987748344370861
7777,9,XGBoost,0,12,0.02541457300003458,1.0,1.0,1.0,1.0,0.9999999999999999,1.0,137,0,0,14,151,14,9.27,0.282754123210907,2.3315107682719827e-05,0.9979110360145569,0.09760622680187225
7777,9,LightGBM,0,12,0.07469866799988267,0.9933774834437086,0.9333333333333333,1.0,0.9809271188581534,1.0,0.9999999999999998,136,1,0,14,151,14,9.27,0.294481535803692,2.7527960355934445e-08,0.9999996185596355,0.09946589614177206
7777,9,CatBoost,0,12,1.3085591019998901,0.9933774834437086,0.9333333333333333,1.0,0.9809271188581534,0.9994786235662149,0.995238095238095,136,1,0,14,151,14,9.27,0.2824239747704675,0.00019141545399317705,0.9982995077442063,0.09830741326433853
7777,10,Logistic Regression,0,12,0.005051719999983106,0.9668874172185431,0.8,0.8571428571428571,0.9046355942907667,0.8712200208550573,0.8712197426986158,134,3,2,12,151,14,9.27,0.28422817647358545,1.97455177079628e-09,0.9999998990948233,0.11310567121803554
7777,10,Decision Tree,0,12,0.003993730000047435,0.9801324503311258,0.9230769230769231,0.8571428571428571,0.938989898989899,0.9249217935349322,0.8044538243213739,136,1,2,12,151,14,9.27,0.28050090840460096,0.0,1.0,0.08609271523178808
7777,10,Random Forest,0,12,0.29572645200005354,0.9867549668874173,1.0,0.8571428571428571,0.9579152731326644,0.916058394160584,0.8703878902554398,137,0,2,12,151,14,9.27,0.2509181464775798,0.0,1.0,0.07986754966887416
7777,10,XGBoost,0,12,0.02739914299991142,0.9801324503311258,0.9230769230769231,0.8571428571428571,0.938989898989899,0.9111053180396246,0.8650981996726677,136,1,2,12,151,14,9.27,0.2780247628688812,4.238215115037747e-05,0.9996819496154785,0.08610501140356064
7777,10,LightGBM,0,12,0.06824774799997613,0.9801324503311258,0.9230769230769231,0.8571428571428571,0.938989898989899,0.883733055265902,0.8725662340987863,136,1,2,12,151,14,9.27,0.2803250251890646,3.150477910585466e-08,0.999999743221542,0.08604278378866434
7777,10,CatBoost,0,12,1.3268032139999377,0.9867549668874173,1.0,0.8571428571428571,0.9579152731326644,0.9478623566214808,0.8923160173160171,137,0,2,12,151,14,9.27,0.26692771204086535,5.940055237321247e-05,0.9985032370788488,0.08115157524563
7777,11,Logistic Regression,0,12,0.005448569999998654,0.9602649006622517,0.6842105263157895,1.0,0.8951388888888889,0.9977703455964326,0.9787545787545784,132,6,0,13,151,13,8.61,0.30266846371091966,1.0004743825671005e-05,0.9999999936583248,0.16263802646848094
7777,11,Decision Tree,0,12,0.00535411999999269,0.9867549668874173,0.9230769230769231,0.9230769230769231,0.9579152731326644,0.9579152731326644,0.8586935224734513,137,1,1,12,151,13,8.61,0.28050090840460096,0.0,1.0,0.08609271523178808
7777,11,Random Forest,0,12,0.2834733800000322,0.9933774834437086,0.9285714285714286,1.0,0.9796632996632997,1.0,1.0,137,1,0,13,151,13,8.61,0.27367773423282926,0.0,1.0,0.10003311258278144
7777,11,XGBoost,0,12,0.02821314299990263,0.9933774834437086,0.9285714285714286,1.0,0.9796632996632997,1.0,1.0,137,1,0,13,151,13,8.61,0.28488385677337646,1.8022268704953603e-05,0.9994553923606873,0.09602757543325424
7777,11,LightGBM,0,12,0.09206865000010112,0.9933774834437086,1.0,0.9230769230769231,0.9781949458483754,0.9988851727982163,0.9897435897435898,138,0,1,12,151,13,8.61,0.27036412234245955,2.809967674575093e-08,0.9999996977768592,0.08191533775543648
7777,11,CatBoost,0,12,1.2871858799999245,1.0,1.0,1.0,1.0,1.0,0.9999999999999998,138,0,0,13,151,13,8.61,0.275786915892839,0.00019287028577224608,0.9984312121254396,0.09234927749112962
7777,12,Logistic Regression,0,12,0.005224519999956101,0.9536423841059603,0.7058823529411765,0.8571428571428571,0.8741816450422568,0.9796663190823774,0.9001196486910772,132,5,2,12,151,14,9.27,0.28036772039990737,7.674300706127433e-07,0.999999829495988,0.1220427697068625
7777,12,Decision Tree,0,12,0.004097210000054474,0.9470198675496688,0.875,0.5,0.8038961038961039,0.7463503649635036,0.48385761589403975,136,1,7,7,151,14,9.27,0.2239938347720233,0.0,1.0,0.052980132450331126
7777,12,Random Forest,0,12,0.280888510000068,0.9668874172185431,1.0,0.6428571428571429,0.8823437743493845,0.9927007299270073,0.9630541871921182,137,0,5,9,151,14,9.27,0.20552636307122335,0.0,1.0,0.06301324503311259
7777,12,XGBoost,0,12,0.024595862000069246,0.9735099337748344,1.0,0.7142857142857143,0.9094724220623501,0.9869655891553701,0.9166556277683486,137,0,4,10,151,14,9.27,0.2375761866569519,0.0001394938153680414,0.9991791844367981,0.06756240129470825
7777,12,LightGBM,0,12,0.07269165800016708,0.9668874172185431,1.0,0.6428571428571429,0.8823437743493845,0.9869655891553701,0.9542124542124542,137,0,5,9,151,14,9.27,0.23778072978108605,2.8952449980016946e-08,0.9999991506511512,0.06221316568360601
7777,12,CatBoost,0,12,1.7267004670000006,0.9668874172185431,1.0,0.6428571428571429,0.8823437743493845,0.9953076120959332,0.9720496894409936,137,0,5,9,151,14,9.27,0.23432011585683793,0.00015093113295425582,0.9985522788493891,0.06581802353029997
7777,13,Logistic Regression,0,12,0.024323530999936338,0.9668874172185431,0.7647058823529411,0.9285714285714286,0.910129746458755,0.9410844629822732,0.8815097600811885,133,4,1,13,151,14,9.27,0.2914626747733093,6.053689325085698e-07,0.9999999312765523,0.12040401968584248
7777,13,Decision Tree,0,12,0.010775987999977588,0.9602649006622517,0.9,0.6428571428571429,0.8642086330935252,0.8177789363920751,0.6116840113528855,136,1,5,9,151,14,9.27,0.24867527623203425,0.0,1.0,0.06622516556291391
7777,13,Random Forest,0,12,0.37368966300005013,0.9735099337748344,0.9166666666666666,0.7857142857142857,0.9158305462653289,0.9963503649635037,0.9610845503702646,136,1,3,11,151,14,9.27,0.23031154591954694,0.0,1.0,0.07579470198675498
7777,13,XGBoost,0,12,0.08764370299991242,0.9735099337748344,0.9166666666666666,0.7857142857142857,0.9158305462653289,0.989572471324296,0.9326248285875615,136,1,3,11,151,14,9.27,0.2519490420818329,3.0185803552740254e-05,0.9984157085418701,0.0775737538933754
7777,13,LightGBM,0,12,0.11373829899980592,0.9867549668874173,1.0,0.8571428571428571,0.9579152731326644,0.986444212721585,0.9303160919540228,137,0,2,12,151,14,9.27,0.2663906254285761,4.2421695162078166e-08,0.9999996019764993,0.07844465808441362
7777,13,CatBoost,0,12,1.4856854619999922,0.9801324503311258,1.0,0.7857142857142857,0.9345848375451263,0.9770594369134515,0.9302832244008712,137,0,3,11,151,14,9.27,0.2533526145180908,7.72971020640578e-05,0.9974109685366264,0.07485426339299174
7777,14,Logistic Regression,0,12,0.005355640000061612,0.9735099337748344,0.7777777777777778,1.0,0.9300925925925926,0.9989572471324296,0.9910714285714284,133,4,0,14,151,14,9.27,0.29384257554451143,6.452678702894933e-06,0.9999999832283305,0.1645148974207575
7777,14,Decision Tree,0,12,0.00475614099991617,0.9735099337748344,0.7777777777777778,1.0,0.9300925925925926,0.9854014598540146,0.7777777777777778,133,4,0,14,151,14,9.27,0.3240299290788098,0.0,1.0,0.11920529801324503
7777,14,Random Forest,0,12,0.3032849559999704,1.0,1.0,1.0,1.0,1.0,1.0,137,0,0,14,151,14,9.27,0.26903956597040024,0.0,1.0,0.0971523178807947
7777,14,XGBoost,0,12,0.025981387000001632,1.0,1.0,1.0,1.0,1.0,1.0,137,0,0,14,151,14,9.27,0.2862727642059326,4.369247471913695e-05,0.9990636706352234,0.10261491686105728
7777,14,LightGBM,0,12,0.07864004100019883,0.9933774834437086,0.9333333333333333,1.0,0.9809271188581534,1.0,0.9999999999999998,136,1,0,14,151,14,9.27,0.296900951225885,2.829880770295251e-08,0.9999994837512117,0.09985246036213605
7777,14,CatBoost,0,12,1.3186494690000927,0.9933774834437086,0.9333333333333333,1.0,0.9809271188581534,0.9994786235662149,0.995238095238095,136,1,0,14,151,14,9.27,0.28706517343080495,0.00015235910862913812,0.9982477261232113,0.09864514218278528
7777,15,Logistic Regression,0,12,0.00563515799990455,0.9470198675496688,0.65,0.9285714285714286,0.8674275680421422,0.9916579770594369,0.9419844861021329,130,7,1,13,151,14,9.27,0.2956713292769119,2.93251873494463e-06,0.9999999901389621,0.16010086648469798
7777,15,Decision Tree,0,12,0.004741230999798063,0.9933774834437086,0.9333333333333333,1.0,0.9809271188581534,0.9963503649635037,0.9333333333333333,136,1,0,14,151,14,9.27,0.2991149613413567,0.0,1.0,0.09933774834437085
7777,15,Random Forest,0,12,0.2787711250000484,0.9933774834437086,1.0,0.9285714285714286,0.9796632996632997,1.0,0.9999999999999999,137,0,1,13,151,14,9.27,0.26456397892197797,0.0,1.0,0.09701986754966888
7777,15,XGBoost,0,12,0.027044294999996055,0.9933774834437086,0.9333333333333333,1.0,0.9809271188581534,1.0,0.9999999999999998,136,1,0,14,151,14,9.27,0.2876891493797302,2.3146076273405924e-05,0.9989995360374451,0.0980909988284111
7777,15,LightGBM,0,12,0.07301043200004642,0.9933774834437086,0.9333333333333333,1.0,0.9809271188581534,1.0,0.9999999999999998,136,1,0,14,151,14,9.27,0.29019697351370344,3.11582166842812e-08,0.9999997511912633,0.09642262726664451
7777,15,CatBoost,0,12,1.3010947650000162,0.9933774834437086,1.0,0.9285714285714286,0.9796632996632997,0.9994786235662149,0.995238095238095,137,0,1,13,151,14,9.27,0.2736626538168893,0.00015377050260060538,0.9980482513036256,0.09102326938923555
7777,16,Logistic Regression,0,12,0.005868319000001065,0.9801324503311258,0.9166666666666666,0.8461538461538461,0.9345848375451263,0.9520624303232998,0.877923976608187,137,1,2,11,151,13,8.61,0.24266805269437594,1.0355088888994539e-07,0.9999999805890604,0.08711932991229969
7777,16,Decision Tree,0,12,0.005002539999850342,0.9602649006622517,0.8181818181818182,0.6923076923076923,0.8642086330935252,0.838907469342252,0.592923632658732,136,2,4,9,151,13,8.61,0.2598863161635574,0.0,1.0,0.0728476821192053
7777,16,Random Forest,0,12,0.27990343300007225,0.9668874172185431,1.0,0.6153846153846154,0.872055583799356,0.9877369007803791,0.9138396762129013,138,0,5,8,151,13,8.61,0.20315715625847144,0.0,1.0,0.05986754966887418
7777,16,XGBoost,0,12,0.022950973999968483,0.9735099337748344,0.9090909090909091,0.7692307692307693,0.9094724220623501,0.9816053511705686,0.9029903194359428,137,1,3,10,151,13,8.61,0.2440953105688095,0.0001819065655581653,0.9982625842094421,0.06997453421354294
7777,16,LightGBM,0,12,0.07020647900003496,0.9801324503311258,1.0,0.7692307692307693,0.9294062646096306,0.9698996655518395,0.8842665271236698,138,0,3,10,151,13,8.61,0.24495539994211493,9.166855462376494e-08,0.9999992472422861,0.06782339211492236
7777,16,CatBoost,0,12,1.3685017979998975,0.9801324503311258,1.0,0.7692307692307693,0.9294062646096306,0.968227424749164,0.9000980044623306,138,0,3,10,151,13,8.61,0.23095694398251213,6.407692273438128e-05,0.9981369072361935,0.06285579445920196
7777,17,Logistic Regression,0,12,0.005028450000054363,0.9602649006622517,0.7,1.0,0.9005706760316067,0.9968717413972888,0.9713435374149659,131,6,0,14,151,14,9.27,0.3055508865128124,4.830499198273328e-06,0.9999999902160593,0.1552668674844479
7777,17,Decision Tree,0,12,0.004413241000065682,0.9933774834437086,1.0,0.9285714285714286,0.9796632996632997,0.9642857142857143,0.93519394512772,137,0,1,13,151,14,9.27,0.28050090840460096,0.0,1.0,0.08609271523178808
7777,17,Random Forest,0,12,0.28207607900003495,0.9933774834437086,1.0,0.9285714285714286,0.9796632996632997,1.0,1.0,137,0,1,13,151,14,9.27,0.27355926547080134,0.0,1.0,0.09619205298013245
7777,17,XGBoost,0,12,0.02541240799996558,0.9933774834437086,1.0,0.9285714285714286,0.9796632996632997,0.9994786235662148,0.9952380952380953,137,0,1,13,151,14,9.27,0.27851805090904236,2.8491109333117492e-05,0.9990901947021484,0.08993496000766754
7777,17,LightGBM,0,12,0.07429854999986674,0.9867549668874173,0.9285714285714286,0.9285714285714286,0.9606360792492179,0.9994786235662149,0.995238095238095,136,1,1,13,151,14,9.27,0.2899740507745112,2.774619053083932e-08,0.9999997124309049,0.09281957012475696
7777,17,CatBoost,0,12,1.3164517039999737,0.9867549668874173,0.9285714285714286,0.9285714285714286,0.9606360792492179,0.9994786235662149,0.995238095238095,136,1,1,13,151,14,9.27,0.2840617907171063,0.00017096855475505425,0.9979081935252541,0.09474185901856955
7777,18,Logistic Regression,0,12,0.005221168999923975,0.9403973509933775,0.6190476190476191,0.9285714285714286,0.8545746388443018,0.9890510948905109,0.919093228200371,129,8,1,13,151,14,9.27,0.3078004156331966,1.3311115472328475e-05,0.9999999951079108,0.16192829077257365
7777,18,Decision Tree,0,12,0.004242760999886741,0.9801324503311258,0.8666666666666667,0.9285714285714286,0.94278135657446,0.9569864442127216,0.8113844213181962,135,2,1,13,151,14,9.27,0.2991149613413567,0.0,1.0,0.09933774834437085
7777,18,Random Forest,0,12,0.28834353599995666,0.9867549668874173,0.9285714285714286,0.9285714285714286,0.9606360792492179,0.9994786235662149,0.9952380952380951,136,1,1,13,151,14,9.27,0.2578014449497926,0.0,1.0,0.0950662251655629
7777,18,XGBoost,0,12,0.024774109999952998,0.9933774834437086,1.0,0.9285714285714286,0.9796632996632997,0.9958289885297185,0.9740259740259741,137,0,1,13,151,14,9.27,0.2777456045150757,5.1584429456852376e-05,0.9992014765739441,0.09820206463336945
7777,18,LightGBM,0,12,0.07516207799994845,0.9867549668874173,0.9285714285714286,0.9285714285714286,0.9606360792492179,0.9979144942648592,0.984126984126984,136,1,1,13,151,14,9.27,0.28638591232797445,2.6910269905151025e-08,0.9999994690779873,0.09258406408949049
7777,18,CatBoost,0,12,1.5046842829999605,0.9867549668874173,0.9285714285714286,0.9285714285714286,0.9606360792492179,0.9953076120959332,0.9720496894409936,136,1,1,13,151,14,9.27,0.276475345249362,0.0001448107158194054,0.9984377663311852,0.09483451305147496
7777,19,Logistic Regression,0,12,0.005805007999924783,0.9602649006622517,0.7,1.0,0.9005706760316067,0.9968717413972888,0.973530437816152,131,6,0,14,151,14,9.27,0.3010691566194244,3.15547638805357e-06,0.9999999524412899,0.17028734232741097
7777,19,Decision Tree,0,12,0.0074904650000462425,1.0,1.0,1.0,1.0,1.0,1.0,137,0,0,14,151,14,9.27,0.2900329594762674,0.0,1.0,0.09271523178807947
7777,19,Random Forest,0,12,0.48251934200015967,0.9933774834437086,1.0,0.9285714285714286,0.9796632996632997,1.0,0.9999999999999999,137,0,1,13,151,14,9.27,0.25840106601209656,0.0,1.0,0.08950331125827814
7777,19,XGBoost,0,12,0.39909365199991953,1.0,1.0,1.0,1.0,1.0,0.9999999999999998,137,0,0,14,151,14,9.27,0.27698537707328796,3.5461031075101346e-05,0.9990895986557007,0.09093867987394333
7777,19,LightGBM,0,12,0.12988588700000037,0.9867549668874173,1.0,0.8571428571428571,0.9579152731326644,1.0,0.9999999999999998,137,0,2,12,151,14,9.27,0.2704318054787872,2.7750148535938466e-08,0.999999629534025,0.08184840872645666
7777,19,CatBoost,0,12,1.4845013629999357,0.9933774834437086,1.0,0.9285714285714286,0.9796632996632997,1.0,0.9999999999999998,137,0,1,13,151,14,9.27,0.2697240676234558,0.00015565703158446954,0.9985630681824595,0.08794488900171281
7777,20,Logistic Regression,0,12,0.005436009000050035,0.9735099337748344,0.7777777777777778,1.0,0.9300925925925926,0.9942648592283629,0.9504960317460316,133,4,0,14,151,14,9.27,0.2879935401417385,6.715076725926834e-06,0.9999999427699744,0.1456716962981211
7777,20,Decision Tree,0,12,0.0046208710000428255,0.9536423841059603,0.7692307692307693,0.7142857142857143,0.8576430976430975,0.8461939520333682,0.5759406156757151,134,3,4,10,151,14,9.27,0.28050090840460096,0.0,1.0,0.08609271523178808
7777,20,Random Forest,0,12,0.2794646939998984,0.9933774834437086,1.0,0.9285714285714286,0.9796632996632997,0.9984358706986445,0.9873949579831933,137,0,1,13,151,14,9.27,0.2537603343062606,0.0,1.0,0.08764900662251655
7777,20,XGBoost,0,12,0.025776767000024847,0.9933774834437086,1.0,0.9285714285714286,0.9796632996632997,0.9979144942648591,0.9841269841269842,137,0,1,13,151,14,9.27,0.266884446144104,2.724767182371579e-05,0.9989328980445862,0.08522342890501022
7777,20,LightGBM,0,12,0.0752280479998717,0.9933774834437086,1.0,0.9285714285714286,0.9796632996632997,0.9994786235662149,0.995238095238095,137,0,1,13,151,14,9.27,0.27455048119363135,3.093959292086237e-08,0.9999997663238425,0.08588092295625938
7777,20,CatBoost,0,12,1.2909916860000976,0.9933774834437086,1.0,0.9285714285714286,0.9796632996632997,1.0,0.9999999999999998,137,0,1,13,151,14,9.27,0.2613043795183183,0.000180410155641084,0.9982046985120895,0.08363790507511894
7777,21,Logistic Regression,0,12,0.005190539999830435,0.9602649006622517,0.7333333333333333,0.8461538461538461,0.8819082377476538,0.9515050167224081,0.8552922475999398,134,4,2,11,151,13,8.61,0.26664584387336754,1.5709708039601783e-07,0.9999999989746535,0.10407207389372203
7777,21,Decision Tree,0,12,0.004750349999994796,0.9602649006622517,0.8888888888888888,0.6153846153846154,0.8529220779220779,0.8040691192865106,0.580121129790004,137,1,5,8,151,13,8.61,0.23674917790356925,0.0,1.0,0.059602649006622516
7777,21,Random Forest,0,12,0.28112634100011746,0.9801324503311258,1.0,0.7692307692307693,0.9294062646096306,0.9523411371237458,0.9173720234596445,138,0,3,10,151,13,8.61,0.22657306000420746,0.0,1.0,0.06913907284768211
7777,21,XGBoost,0,12,0.028115912999965076,0.9867549668874173,1.0,0.8461538461538461,0.954736211031175,0.9849498327759196,0.9214452214452215,138,0,2,11,151,13,8.61,0.24573636054992676,0.0001661159039940685,0.9989622831344604,0.07194460928440094
7777,21,LightGBM,0,12,0.06761184399988451,0.9801324503311258,0.9166666666666666,0.8461538461538461,0.9345848375451263,0.9916387959866221,0.9383265856950067,137,1,2,11,151,13,8.61,0.26820014175087126,5.8677424831758805e-08,0.9999993725216452,0.07879553338613256
7777,21,CatBoost,0,12,1.3542400179999277,0.9801324503311258,0.9166666666666666,0.8461538461538461,0.9345848375451263,0.9604236343366778,0.8937662578966925,137,1,2,11,151,13,8.61,0.25261084480098234,7.101823366289656e-05,0.9982674455279076,0.0752659194709762
7777,22,Logistic Regression,0,12,0.007004516000051808,0.9403973509933775,0.6086956521739131,1.0,0.8613972463029067,0.9979144942648592,0.9786891679748821,128,9,0,14,151,14,9.27,0.3076343515666133,1.812070968094593e-05,0.9999998890714034,0.18677898834640477
7777,22,Decision Tree,0,12,0.004561280999951123,0.9735099337748344,0.8571428571428571,0.8571428571428571,0.9212721584984358,0.9212721584984359,0.7479389106636031,135,2,2,12,151,14,9.27,0.2900329594762674,0.0,1.0,0.09271523178807947
7777,22,Random Forest,0,12,0.297092068999973,0.9867549668874173,1.0,0.8571428571428571,0.9579152731326644,1.0,0.9999999999999998,137,0,2,12,151,14,9.27,0.23965023561071394,0.0,1.0,0.08453642384105958
7777,22,XGBoost,0,12,0.027956273999961923,1.0,1.0,1.0,1.0,1.0,0.9999999999999998,137,0,0,14,151,14,9.27,0.26735222339630127,5.714425424230285e-05,0.9990453124046326,0.08855069428682327
7777,22,LightGBM,0,12,0.0785993409999719,0.9867549668874173,1.0,0.8571428571428571,0.9579152731326644,0.9994786235662149,0.995238095238095,137,0,2,12,151,14,9.27,0.2619152935887661,2.7195988767634604e-08,0.9999993447584955,0.07715853354093744
7777,22,CatBoost,0,12,1.3243666180001128,0.9867549668874173,1.0,0.8571428571428571,0.9579152731326644,1.0,0.9999999999999998,137,0,2,12,151,14,9.27,0.2521461467072167,0.00017164396918567572,0.995871377658235,0.08209212814547519
7777,23,Logistic Regression,0,12,0.005239129000074172,0.9735099337748344,0.7777777777777778,1.0,0.9300925925925926,1.0,0.9999999999999998,133,4,0,14,151,14,9.27,0.2966926853670833,1.4161287452159652e-05,0.9999999843595317,0.15200047918768972
7777,23,Decision Tree,0,12,0.004802500999858239,0.9933774834437086,0.9333333333333333,1.0,0.9809271188581534,0.9963503649635037,0.9333333333333333,136,1,0,14,151,14,9.27,0.2991149613413567,0.0,1.0,0.09933774834437085
7777,23,Random Forest,0,12,0.29777732699994885,1.0,1.0,1.0,1.0,1.0,1.0,137,0,0,14,151,14,9.27,0.2684860915750352,0.0,1.0,0.0993046357615894
7777,23,XGBoost,0,12,0.026989006000121663,0.9933774834437086,0.9333333333333333,1.0,0.9809271188581534,1.0,0.9999999999999999,136,1,0,14,151,14,9.27,0.28945285081863403,1.7815484170569107e-05,0.9992096424102783,0.10265551507472992
7777,23,LightGBM,0,12,0.07464660800019374,0.9933774834437086,0.9333333333333333,1.0,0.9809271188581534,1.0,0.9999999999999999,136,1,0,14,151,14,9.27,0.2950464938773147,2.7053320067425477e-08,0.9999996461415879,0.09870639064679676
7777,23,CatBoost,0,12,1.3390705179999713,1.0,1.0,1.0,1.0,1.0,0.9999999999999998,137,0,0,14,151,14,9.27,0.2777126047954875,0.00014606765593048045,0.9984904577304804,0.09471755275719926
7777,24,Logistic Regression,0,12,0.005103389999931096,0.9602649006622517,0.7222222222222222,0.9285714285714286,0.8951388888888889,0.9833159541188737,0.8939048055119483,132,5,1,13,151,14,9.27,0.2839361068075093,5.071523025095725e-06,0.9999999587170966,0.13916409737955981
7777,24,Decision Tree,0,12,0.004764330999933009,0.9867549668874173,1.0,0.8571428571428571,0.9579152731326644,0.9285714285714286,0.8703878902554398,137,0,2,12,151,14,9.27,0.2704712298895647,0.0,1.0,0.07947019867549669
7777,24,Random Forest,0,12,0.2879210270000385,0.9735099337748344,0.8571428571428571,0.8571428571428571,0.9212721584984358,0.9968717413972887,0.971343537414966,135,2,2,12,151,14,9.27,0.2476602719053883,0.0,1.0,0.09056291390728476
7777,24,XGBoost,0,12,0.026405226999941078,0.9735099337748344,0.8571428571428571,0.8571428571428571,0.9212721584984358,0.9927007299270072,0.9445854869767911,135,2,2,12,151,14,9.27,0.27365368604660034,2.577914528956171e-05,0.9984519481658936,0.09254898130893707
7777,24,LightGBM,0,12,0.09031442800005607,0.9867549668874173,1.0,0.8571428571428571,0.9579152731326644,0.9958289885297185,0.9673202614379084,137,0,2,12,151,14,9.27,0.2665766528881399,2.8298138089658597e-08,0.9999996353647649,0.08117731947171966
7777,24,CatBoost,0,12,1.462401989,0.9801324503311258,1.0,0.7857142857142857,0.9345848375451263,0.9973931178310741,0.9778711484593836,137,0,3,11,151,14,9.27,0.25087888780699297,0.00017095039855685612,0.9980285605370313,0.07937037330169923
7777,25,Logistic Regression,0,12,0.05278334300010101,0.9735099337748344,0.7777777777777778,1.0,0.9300925925925926,0.9963503649635037,0.9685075953458304,133,4,0,14,151,14,9.27,0.31030368608640013,3.2606149296067386e-06,0.9999999646878998,0.14953973894363115
7777,25,Decision Tree,0,12,0.011090488000036203,0.9801324503311258,0.9230769230769231,0.8571428571428571,0.938989898989899,0.9249217935349322,0.8044538243213739,136,1,2,12,151,14,9.27,0.28050090840460096,0.0,1.0,0.08609271523178808
7777,25,Random Forest,0,12,0.4282059229999504,0.9933774834437086,1.0,0.9285714285714286,0.9796632996632997,0.9979144942648592,0.9841269841269841,137,0,1,13,151,14,9.27,0.26313128035004424,0.0,1.0,0.08804635761589402
7777,25,XGBoost,0,12,0.17765753100002257,0.9933774834437086,1.0,0.9285714285714286,0.9796632996632997,0.9895724713242962,0.9579831932773109,137,0,1,13,151,14,9.27,0.2747066617012024,3.002365156135056e-05,0.9982931017875671,0.0873345360159874
7777,25,LightGBM,0,12,0.10826046000011047,0.9933774834437086,1.0,0.9285714285714286,0.9796632996632997,0.986444212721585,0.9535714285714285,137,0,1,13,151,14,9.27,0.28046578067817934,2.7126122584707128e-08,0.9999994387980676,0.0861872627217506
7777,25,CatBoost,0,12,1.6618852050000896,0.9933774834437086,1.0,0.9285714285714286,0.9796632996632997,0.9984358706986445,0.9873949579831931,137,0,1,13,151,14,9.27,0.27545513361749135,0.00021280585288243188,0.9982032318017934,0.08786132136746734
9999,1,Logistic Regression,0,12,0.00623605700002372,0.9470198675496688,0.631578947368421,0.9230769230769231,0.8601851851851852,0.9342251950947603,0.880874043988798,131,7,1,12,151,13,8.61,0.30035127378451504,9.206701978734939e-07,0.9999998157196608,0.1429939667080667
9999,1,Decision Tree,0,12,0.0043877010000414884,0.9801324503311258,1.0,0.7692307692307693,0.9294062646096306,0.8846153846153846,0.7890983188996434,138,0,3,10,151,13,8.61,0.24867527623203425,0.0,1.0,0.06622516556291391
9999,1,Random Forest,0,12,0.28898506500013355,0.9867549668874173,1.0,0.8461538461538461,0.954736211031175,0.9902452619843924,0.9553349875930521,138,0,2,11,151,13,8.61,0.23415188249164834,0.0,1.0,0.07741721854304637
9999,1,XGBoost,0,12,0.02789241300001777,0.9867549668874173,1.0,0.8461538461538461,0.954736211031175,0.9882943143812709,0.9331501831501832,138,0,2,11,151,13,8.61,0.2557052671909332,5.5554952268721536e-05,0.9978933930397034,0.07676638662815094
9999,1,LightGBM,0,12,0.07585682700005236,0.9867549668874173,1.0,0.8461538461538461,0.954736211031175,0.9799331103678929,0.9102282333051563,138,0,2,11,151,13,8.61,0.26013373482420116,3.6383111758227414e-08,0.99999969809422,0.07553156178668372
9999,1,CatBoost,0,12,1.3318691739998485,0.9867549668874173,1.0,0.8461538461538461,0.954736211031175,0.9559643255295429,0.893328893328893,138,0,2,11,151,13,8.61,0.25540793511365295,6.75360227652599e-05,0.998422921657366,0.07582149080193308
9999,2,Logistic Regression,0,12,0.005129930000066452,0.9602649006622517,0.7857142857142857,0.7857142857142857,0.8819082377476538,0.9640250260688217,0.8707041296050582,134,3,3,11,151,14,9.27,0.2661335188141971,1.0550047923880157e-06,0.9999999884168035,0.11797376734172323
9999,2,Decision Tree,0,12,0.004390692000015406,0.9735099337748344,1.0,0.7142857142857143,0.9094724220623501,0.8571428571428572,0.7407757805108799,137,0,4,10,151,14,9.27,0.24867527623203425,0.0,1.0,0.06622516556291391
9999,2,Random Forest,0,12,0.29019173200003934,0.9801324503311258,1.0,0.7857142857142857,0.9345848375451263,0.9872262773722629,0.9523809523809524,137,0,3,11,151,14,9.27,0.24376124179717307,0.0,1.0,0.0790066225165563
9999,2,XGBoost,0,12,0.023802972000112277,0.9801324503311258,1.0,0.7857142857142857,0.9345848375451263,0.9807090719499478,0.9171633769786984,137,0,3,11,151,14,9.27,0.2540714740753174,6.839644629508257e-05,0.9995133876800537,0.07571998983621597
9999,2,LightGBM,0,12,0.0683714910001072,0.9801324503311258,1.0,0.7857142857142857,0.9345848375451263,0.9885297184567258,0.9563492063492063,137,0,3,11,151,14,9.27,0.259690154051431,2.7333723235981132e-08,0.9999994274946196,0.07374085203771419
9999,2,CatBoost,0,12,1.3063628550000885,0.9801324503311258,1.0,0.7857142857142857,0.9345848375451263,0.9937434827945777,0.9570313744226786,137,0,3,11,151,14,9.27,0.2558073151689769,0.00016091540942741558,0.9982174761506265,0.07584688663437886
9999,3,Logistic Regression,0,12,0.00522477900017293,0.9801324503311258,0.8235294117647058,1.0,0.946077847875253,0.9984358706986445,0.9873949579831931,134,3,0,14,151,14,9.27,0.29283801789485253,5.515114986777022e-06,0.9999999918180201,0.15315581029256836
9999,3,Decision Tree,0,12,0.005129549999992378,1.0,1.0,1.0,1.0,1.0,1.0,137,0,0,14,151,14,9.27,0.2900329594762674,0.0,1.0,0.09271523178807947
9999,3,Random Forest,0,12,0.27581443100007164,1.0,1.0,1.0,1.0,1.0,1.0,137,0,0,14,151,14,9.27,0.27245050417403,0.0,1.0,0.09516556291390728
9999,3,XGBoost,0,12,0.025422967999929824,1.0,1.0,1.0,1.0,1.0,1.0,137,0,0,14,151,14,9.27,0.28577253222465515,3.1845404009800404e-05,0.9987071752548218,0.09742506593465805
9999,3,LightGBM,0,12,0.08891197900015868,0.9933774834437086,0.9333333333333333,1.0,0.9809271188581534,0.9994786235662149,0.995238095238095,136,1,0,14,151,14,9.27,0.2982902914676756,2.813458690266748e-08,0.9999994467832344,0.10012053363845137
9999,3,CatBoost,0,12,1.3730896389999998,0.9867549668874173,0.9285714285714286,0.9285714285714286,0.9606360792492179,0.9994786235662149,0.995238095238095,136,1,1,13,151,14,9.27,0.2830652661002997,0.00018123910929741596,0.9980099470468453,0.09498588680235547
9999,4,Logistic Regression,0,12,0.006065197999987504,0.9735099337748344,0.7777777777777778,1.0,0.9300925925925926,0.9968717413972888,0.9746031746031745,133,4,0,14,151,14,9.27,0.2991481233533467,4.524870561958802e-06,0.9999999926000556,0.14948032518056478
9999,4,Decision Tree,0,12,0.004748460999962845,0.9801324503311258,0.8666666666666667,0.9285714285714286,0.94278135657446,0.9569864442127216,0.8113844213181962,135,2,1,13,151,14,9.27,0.2991149613413567,0.0,1.0,0.09933774834437085
9999,4,Random Forest,0,12,0.29203479900002094,0.9933774834437086,1.0,0.9285714285714286,0.9796632996632997,0.9994786235662148,0.995238095238095,137,0,1,13,151,14,9.27,0.24777801203517466,0.0,0.995,0.08619205298013245
9999,4,XGBoost,0,12,0.0256996989999152,0.9933774834437086,1.0,0.9285714285714286,0.9796632996632997,0.9968717413972888,0.9785714285714284,137,0,1,13,151,14,9.27,0.27322474122047424,1.979042099264916e-05,0.998995840549469,0.09069907665252686
9999,4,LightGBM,0,12,0.07755485200004841,0.9933774834437086,1.0,0.9285714285714286,0.9796632996632997,0.9994786235662149,0.995238095238095,137,0,1,13,151,14,9.27,0.2789935349436175,2.7577425917637755e-08,0.9999992695083542,0.08671628164633564
9999,4,CatBoost,0,12,1.3571894210001574,0.9933774834437086,1.0,0.9285714285714286,0.9796632996632997,1.0,0.9999999999999998,137,0,1,13,151,14,9.27,0.26552292991519383,0.00014326709120414779,0.9949110208848507,0.08511606463974916
9999,5,Logistic Regression,0,12,0.0050903500000458735,0.9668874172185431,0.7368421052631579,1.0,0.9149487439450266,0.9921793534932222,0.925362645058023,132,5,0,14,151,14,9.27,0.31137278810664787,4.429449287963986e-06,0.9999999711180281,0.16022185553756668
9999,5,Decision Tree,0,12,0.005502249000073789,0.9602649006622517,0.7857142857142857,0.7857142857142857,0.8819082377476538,0.8819082377476538,0.6372144884443843,134,3,3,11,151,14,9.27,0.2900329594762674,0.0,1.0,0.09271523178807947
9999,5,Random Forest,0,12,0.2930399770000349,0.9867549668874173,0.9285714285714286,0.9285714285714286,0.9606360792492179,0.9989572471324296,0.9910714285714286,136,1,1,13,151,14,9.27,0.25103810169600915,0.0,1.0,0.08973509933774836
9999,5,XGBoost,0,12,0.025237518000039927,0.9801324503311258,0.9230769230769231,0.8571428571428571,0.938989898989899,0.9979144942648592,0.9822929171668666,136,1,2,12,151,14,9.27,0.27792683243751526,4.365903077996336e-05,0.9994819760322571,0.09934207051992416
9999,5,LightGBM,0,12,0.07634408600006282,0.9801324503311258,0.9230769230769231,0.8571428571428571,0.938989898989899,0.9984358706986445,0.9846415489272631,136,1,2,12,151,14,9.27,0.27374092599151323,2.800153018484061e-08,0.9999994240071339,0.08494148718816148
9999,5,CatBoost,0,12,1.406390052000006,0.9867549668874173,0.9285714285714286,0.9285714285714286,0.9606360792492179,0.9994786235662149,0.995238095238095,136,1,1,13,151,14,9.27,0.2701065614971618,0.000190905799599979,0.9986358424884297,0.09254197011959184
9999,6,Logistic Regression,0,12,0.07558647700011534,0.9668874172185431,0.7222222222222222,1.0,0.910129746458755,0.995540691192865,0.9612332112332109,133,5,0,13,151,13,8.61,0.2913236284038483,3.846113836867025e-06,0.9999999797334747,0.14563580784449207
9999,6,Decision Tree,0,12,0.010980738000171186,0.9867549668874173,1.0,0.8461538461538461,0.954736211031175,0.9230769230769231,0.8593988792664289,138,0,2,11,151,13,8.61,0.2598863161635574,0.0,1.0,0.0728476821192053
9999,6,Random Forest,0,12,0.41002380000009,0.9867549668874173,1.0,0.8461538461538461,0.954736211031175,1.0,1.0,138,0,2,11,151,13,8.61,0.24564138747697262,0.0,1.0,0.0775496688741722
9999,6,XGBoost,0,12,0.20623387299997376,0.9867549668874173,1.0,0.8461538461538461,0.954736211031175,1.0,0.9999999999999999,138,0,2,11,151,13,8.61,0.260481059551239,4.968931898474693e-05,0.9990873336791992,0.0804109275341034
9999,6,LightGBM,0,12,0.13134806400012167,1.0,1.0,1.0,1.0,1.0,1.0,138,0,0,13,151,13,8.61,0.26864101305590715,2.7821288315208787e-08,0.9999996884211353,0.08172515682904473
9999,6,CatBoost,0,12,1.5500188109999726,0.9933774834437086,1.0,0.9230769230769231,0.9781949458483754,1.0,0.9999999999999998,138,0,1,12,151,13,8.61,0.2584820209452399,0.00015983996703478173,0.9982481516545489,0.07919917442258574
9999,7,Logistic Regression,0,12,0.0051395100001627725,0.9867549668874173,0.875,1.0,0.9629901960784314,0.9994786235662149,0.995238095238095,135,2,0,14,151,14,9.27,0.2850495694598201,7.161788023225439e-06,0.9999999342133749,0.15963310619074964
9999,7,Decision Tree,0,12,0.004647129999966637,0.9735099337748344,0.8125,0.9285714285714286,0.9259803921568628,0.9533368091762252,0.7610868022705771,134,3,1,13,151,14,9.27,0.30778675598999344,0.0,1.0,0.10596026490066225
9999,7,Random Forest,0,12,0.281695228999979,0.9933774834437086,1.0,0.9285714285714286,0.9796632996632997,0.9992179353493222,0.9910714285714286,137,0,1,13,151,14,9.27,0.24669135071290257,0.0,1.0,0.085
9999,7,XGBoost,0,12,0.053377522000118915,1.0,1.0,1.0,1.0,1.0,0.9999999999999999,137,0,0,14,151,14,9.27,0.2707316279411316,1.9988861822639592e-05,0.9993975162506104,0.08787527680397034
9999,7,LightGBM,0,12,0.07435622000002695,0.9867549668874173,1.0,0.8571428571428571,0.9579152731326644,0.9989572471324296,0.9910714285714284,137,0,2,12,151,14,9.27,0.2657244736774272,2.7673762406224382e-08,0.9999996081273944,0.07901535772123126
9999,7,CatBoost,0,12,1.2745574789998955,0.9933774834437086,1.0,0.9285714285714286,0.9796632996632997,1.0,0.9999999999999998,137,0,1,13,151,14,9.27,0.25970187810566175,0.00016009688149090648,0.9985849945126437,0.08430527019068747
9999,8,Logistic Regression,0,12,0.004988529000002018,0.9337748344370861,0.5909090909090909,0.9285714285714286,0.8423141186299081,0.9749739311783108,0.8928237961851406,128,9,1,13,151,14,9.27,0.32559042812646594,6.739194719281587e-07,0.9999999966180868,0.16332890728769361
9999,8,Decision Tree,0,12,0.004636970999854384,0.9470198675496688,0.65,0.9285714285714286,0.8674275680421422,0.9387382690302398,0.6101939451277201,130,7,1,13,151,14,9.27,0.33897970575019143,0.0,1.0,0.13245033112582782
9999,8,Random Forest,0,12,0.27649231999998847,0.9735099337748344,0.8125,0.9285714285714286,0.9259803921568628,0.9903545359749739,0.9547193877551021,134,3,1,13,151,14,9.27,0.27533379592752594,0.0,1.0,0.10705298013245032
9999,8,XGBoost,0,12,0.023989621999817246,0.9735099337748344,0.8125,0.9285714285714286,0.9259803921568628,0.9953076120959333,0.9720496894409937,134,3,1,13,151,14,9.27,0.29788869619369507,5.093770596431568e-05,0.9992803931236267,0.113560251891613
9999,8,LightGBM,0,12,0.07340971200005697,0.9867549668874173,0.9285714285714286,0.9285714285714286,0.9606360792492179,0.9885297184567258,0.9563492063492063,136,1,1,13,151,14,9.27,0.2900666276206331,2.7641032585386127e-08,0.9999994689084987,0.09524965487035014
9999,8,CatBoost,0,12,1.3329439310000453,0.9867549668874173,0.9285714285714286,0.9285714285714286,0.9606360792492179,0.9916579770594369,0.9619047619047618,136,1,1,13,151,14,9.27,0.28149385728611936,0.0001815905443358,0.9980777267326002,0.09750495591101747
9999,9,Logistic Regression,0,12,0.004622121000011248,0.9668874172185431,0.7647058823529411,0.9285714285714286,0.910129746458755,0.9400417101147029,0.8924114401005157,133,4,1,13,151,14,9.27,0.2845051808008064,1.3268891285637122e-06,0.9999999898045987,0.11721125486052239
9999,9,Decision Tree,0,12,0.004014401999938855,0.9602649006622517,0.8333333333333334,0.7142857142857143,0.8737458193979933,0.8498435870698645,0.6217281614632608,135,2,4,10,151,14,9.27,0.2704712298895647,0.0,1.0,0.07947019867549669
9999,9,Random Forest,0,12,0.2763677909999842,0.9735099337748344,1.0,0.7142857142857143,0.9094724220623501,0.994786235662148,0.9611721611721611,137,0,4,10,151,14,9.27,0.22425879454219994,0.0,1.0,0.0719205298013245
9999,9,XGBoost,0,12,0.023438152000153423,0.9668874172185431,0.9090909090909091,0.7142857142857143,0.8909747292418773,0.9718456725755997,0.8882781448570922,136,1,4,10,151,14,9.27,0.25181683897972107,8.52897937875241e-05,0.9976757168769836,0.07375847548246384
9999,9,LightGBM,0,12,0.07062522699993679,0.9735099337748344,0.9166666666666666,0.7857142857142857,0.9158305462653289,0.9880083420229406,0.9290816326530611,136,1,3,11,151,14,9.27,0.2655653869861542,2.836032400997099e-08,0.9999995900638401,0.07799987860363897
9999,9,CatBoost,0,12,1.3047332880000795,0.9801324503311258,1.0,0.7857142857142857,0.9345848375451263,0.9765380604796663,0.9154187990985867,137,0,3,11,151,14,9.27,0.25887908933698733,6.38918036619232e-05,0.9927431021521318,0.08174374902527341
9999,10,Logistic Regression,0,12,0.005396299000040017,0.9668874172185431,0.7647058823529411,0.9285714285714286,0.910129746458755,0.989572471324296,0.9502976190476189,133,4,1,13,151,14,9.27,0.29525748414464026,3.5616082303356172e-06,0.9999999898337814,0.14362505280896626
9999,10,Decision Tree,0,12,0.004641371000161598,0.9867549668874173,1.0,0.8571428571428571,0.9579152731326644,0.9285714285714286,0.8703878902554398,137,0,2,12,151,14,9.27,0.2704712298895647,0.0,1.0,0.07947019867549669
9999,10,Random Forest,0,12,0.28729640099982134,0.9933774834437086,1.0,0.9285714285714286,0.9796632996632997,1.0,1.0,137,0,1,13,151,14,9.27,0.2604336358812024,0.0,1.0,0.09162251655629138
9999,10,XGBoost,0,12,0.025245768999866414,0.9867549668874173,0.9285714285714286,0.9285714285714286,0.9606360792492179,0.9989572471324297,0.9910714285714286,136,1,1,13,151,14,9.27,0.27511194348335266,4.335284393164329e-05,0.9988232254981995,0.09097445756196976
9999,10,LightGBM,0,12,0.07455120700001316,0.9933774834437086,1.0,0.9285714285714286,0.9796632996632997,0.9989572471324296,0.9910714285714284,137,0,1,13,151,14,9.27,0.28009776666718544,2.7589567052864575e-08,0.9999996611956632,0.08821296572608818
9999,10,CatBoost,0,12,1.2577182319998883,0.9933774834437086,1.0,0.9285714285714286,0.9796632996632997,0.9989572471324296,0.9910714285714284,137,0,1,13,151,14,9.27,0.2707823242140194,0.00017682038796379193,0.9983045645735569,0.08705251838198316
9999,11,Logistic Regression,0,12,0.0052081899998484005,0.9602649006622517,0.7333333333333333,0.8461538461538461,0.8819082377476538,0.9487179487179487,0.8826429980276131,134,4,2,11,151,13,8.61,0.2896263840968277,1.4045853314636478e-08,0.9999999996871725,0.11889646953083897
9999,11,Decision Tree,0,12,0.0044679200000246055,0.9668874172185431,0.8333333333333334,0.7692307692307693,0.8909747292418773,0.8773690078037905,0.6608931906945152,136,2,3,10,151,13,8.61,0.27047122988956473,0.0,1.0,0.07947019867549669
9999,11,Random Forest,0,12,0.2777729670001463,0.9867549668874173,1.0,0.8461538461538461,0.954736211031175,0.9935897435897436,0.9615384615384616,138,0,2,11,151,13,8.61,0.24039134413161894,0.0,1.0,0.07450331125827815
9999,11,XGBoost,0,12,0.03303653800003303,0.9867549668874173,1.0,0.8461538461538461,0.954736211031175,0.9866220735785953,0.9246153846153846,138,0,2,11,151,13,8.61,0.2575646936893463,0.00014511620975099504,0.9990066885948181,0.0766049474477768
9999,11,LightGBM,0,12,0.07178161600018029,0.9867549668874173,1.0,0.8461538461538461,0.954736211031175,0.9910813823857303,0.946153846153846,138,0,2,11,151,13,8.61,0.2598663915249045,3.454442608102908e-08,0.9999996357985989,0.0729139650439304
9999,11,CatBoost,0,12,1.2952826490000007,0.9867549668874173,1.0,0.8461538461538461,0.954736211031175,0.9620958751393535,0.897782805429864,138,0,2,11,151,13,8.61,0.25746873102159407,6.645508494365397e-05,0.9982486337644211,0.07501705980967162
9999,12,Logistic Regression,0,12,0.00503434000006564,0.9801324503311258,0.8235294117647058,1.0,0.946077847875253,0.9984358706986445,0.9859693877551019,134,3,0,14,151,14,9.27,0.28207598634466274,7.831488808184083e-06,0.9999999787368998,0.152779431012651
9999,12,Decision Tree,0,12,0.004181119000122635,0.9801324503311258,0.9230769230769231,0.8571428571428571,0.938989898989899,0.9249217935349322,0.8044538243213739,136,1,2,12,151,14,9.27,0.280500908404601,0.0,1.0,0.08609271523178808
9999,12,Random Forest,0,12,0.37995384199984983,0.9933774834437086,1.0,0.9285714285714286,0.9796632996632997,0.9937434827945777,0.9656084656084657,137,0,1,13,151,14,9.27,0.2454682506480721,0.0,1.0,0.08198675496688743
9999,12,XGBoost,0,12,0.34462348400006704,0.9801324503311258,0.9230769230769231,0.8571428571428571,0.938989898989899,0.9874869655891554,0.9504964147821289,136,1,2,12,151,14,9.27,0.26826342940330505,3.270435627200641e-05,0.9979209303855896,0.08649895340204239
9999,12,LightGBM,0,12,0.12309121399994183,0.9801324503311258,0.9230769230769231,0.8571428571428571,0.938989898989899,0.9791449426485923,0.9423373122834038,136,1,2,12,151,14,9.27,0.27680668427022936,2.8836309863103134e-08,0.999999665564946,0.08582001577433238
9999,12,CatBoost,0,12,1.7506501880000087,0.9867549668874173,1.0,0.8571428571428571,0.9579152731326644,0.9973931178310741,0.9812030075187967,137,0,2,12,151,14,9.27,0.2655116530899286,0.0001498746453350864,0.9983892764719051,0.08357943712916185
9999,13,Logistic Regression,0,12,0.0048596599999655155,0.9735099337748344,0.8125,0.9285714285714286,0.9259803921568628,0.9854014598540146,0.947859631657541,134,3,1,13,151,14,9.27,0.2906422793664071,1.1526422747632949e-05,0.9999998432866054,0.1447269405839565
9999,13,Decision Tree,0,12,0.004164459000094212,0.9801324503311258,0.8666666666666667,0.9285714285714286,0.94278135657446,0.9569864442127216,0.8113844213181962,135,2,1,13,151,14,9.27,0.2991149613413567,0.0,1.0,0.09933774834437085
9999,13,Random Forest,0,12,0.27787845700004254,0.9933774834437086,1.0,0.9285714285714286,0.9796632996632997,0.9994786235662149,0.9952380952380953,137,0,1,13,151,14,9.27,0.27062152829817426,0.0,1.0,0.09549668874172186
9999,13,XGBoost,0,12,0.025872239000136688,0.9933774834437086,1.0,0.9285714285714286,0.9796632996632997,0.9984358706986444,0.9873949579831933,137,0,1,13,151,14,9.27,0.2768978476524353,2.334258533664979e-05,0.9989796280860901,0.0882459506392479
9999,13,LightGBM,0,12,0.07273554699986562,0.9933774834437086,1.0,0.9285714285714286,0.9796632996632997,0.9984358706986445,0.9873949579831931,137,0,1,13,151,14,9.27,0.280409223248751,3.2004687857558626e-08,0.9999996531736345,0.08641619713695312
9999,13,CatBoost,0,12,1.3030882389998624,0.9933774834437086,1.0,0.9285714285714286,0.9796632996632997,0.9984358706986445,0.9873949579831931,137,0,1,13,151,14,9.27,0.27688759986085903,0.0001600893759513531,0.9982050045532495,0.08812905292420764
9999,14,Logistic Regression,0,12,0.0054893199999241915,0.9470198675496688,0.65,0.9285714285714286,0.8674275680421422,0.9900938477580813,0.922145112225492,130,7,1,13,151,14,9.27,0.30596018841185385,1.8822135877652193e-06,0.9999999933042789,0.15662148325283395
9999,14,Decision Tree,0,12,0.004617139999936626,0.9801324503311258,0.9230769230769231,0.8571428571428571,0.938989898989899,0.9249217935349322,0.8044538243213739,136,1,2,12,151,14,9.27,0.28050090840460096,0.0,1.0,0.08609271523178808
9999,14,Random Forest,0,12,0.28923643600001014,0.9735099337748344,0.9166666666666666,0.7857142857142857,0.9158305462653289,0.9984358706986445,0.9846415489272632,136,1,3,11,151,14,9.27,0.2475214799395115,0.0,1.0,0.08506622516556292
9999,14,XGBoost,0,12,0.02700381899990134,0.9867549668874173,0.9285714285714286,0.9285714285714286,0.9606360792492179,0.9984358706986445,0.9846415489272631,136,1,1,13,151,14,9.27,0.27017948031425476,1.9768805941566825e-05,0.999115526676178,0.08797246217727661
9999,14,LightGBM,0,12,0.07425501600005191,0.9933774834437086,1.0,0.9285714285714286,0.9796632996632997,0.9994786235662149,0.995238095238095,137,0,1,13,151,14,9.27,0.2716818226492043,2.8063384340602137e-08,0.999999710732759,0.08656359211606626
9999,14,CatBoost,0,12,1.2490493920001882,0.9867549668874173,1.0,0.8571428571428571,0.9579152731326644,0.9994786235662149,0.995238095238095,137,0,2,12,151,14,9.27,0.25922492980533623,0.00013449231517453146,0.9979096856063223,0.08322262550969821
9999,15,Logistic Regression,0,12,0.00540221999995083,0.9735099337748344,0.7777777777777778,1.0,0.9300925925925926,0.9953076120959333,0.9566780558377195,133,4,0,14,151,14,9.27,0.2907471731714344,2.0165696136615455e-05,0.9999999692832662,0.15432416367833424
9999,15,Decision Tree,0,12,0.005047800000056668,0.9602649006622517,0.7857142857142857,0.7857142857142857,0.8819082377476538,0.8819082377476538,0.6372144884443843,134,3,3,11,151,14,9.27,0.2900329594762674,0.0,1.0,0.09271523178807947
9999,15,Random Forest,0,12,0.2656231169999046,0.9867549668874173,0.9285714285714286,0.9285714285714286,0.9606360792492179,0.996871741397289,0.9785714285714286,136,1,1,13,151,14,9.27,0.2521247283502224,0.0,1.0,0.09804635761589404
9999,15,XGBoost,0,12,0.025853767999933552,0.9867549668874173,0.9285714285714286,0.9285714285714286,0.9606360792492179,0.9989572471324296,0.9910714285714285,136,1,1,13,151,14,9.27,0.27691420912742615,2.3450016669812612e-05,0.9990745782852173,0.09490131586790085
9999,15,LightGBM,0,12,0.07389981599999373,1.0,1.0,1.0,1.0,1.0,0.9999999999999998,137,0,0,14,151,14,9.27,0.28525774173560364,2.7744428686497927e-08,0.9999995961731826,0.09455690974492388
9999,15,CatBoost,0,12,1.2496846609999466,0.9933774834437086,1.0,0.9285714285714286,0.9796632996632997,1.0,0.9999999999999998,137,0,1,13,151,14,9.27,0.26249118544859706,0.000163806254409514,0.9986112432870163,0.09227551381518966
9999,16,Logistic Regression,0,12,0.005244370000127674,0.9536423841059603,0.65,1.0,0.8809282415230371,0.9994425863991081,0.9945054945054943,131,7,0,13,151,13,8.61,0.3042172924934373,8.692038676035182e-06,0.9999999881494902,0.17067690821080322
9999,16,Decision Tree,0,12,0.004965329000015117,0.9735099337748344,0.7647058823529411,1.0,0.9259803921568628,0.9855072463768115,0.7647058823529411,134,4,0,13,151,13,8.61,0.31608210764984696,0.0,1.0,0.11258278145695365
9999,16,Random Forest,0,12,0.2802547770002093,1.0,1.0,1.0,1.0,1.0,1.0,138,0,0,13,151,13,8.61,0.2654809992407229,0.0,1.0,0.09910596026490066
9999,16,XGBoost,0,12,0.025316538999959448,1.0,1.0,1.0,1.0,1.0,1.0,138,0,0,13,151,13,8.61,0.27516329288482666,2.382242564635817e-05,0.9991011619567871,0.0913693830370903
9999,16,LightGBM,0,12,0.06979469699990659,0.9933774834437086,0.9285714285714286,1.0,0.9796632996632997,1.0,1.0,137,1,0,13,151,13,8.61,0.28817213130022007,2.7143751213288638e-08,0.9999995648237696,0.09348157421306673
9999,16,CatBoost,0,12,1.2949255000000903,0.9933774834437086,0.9285714285714286,1.0,0.9796632996632997,1.0,0.9999999999999998,137,1,0,13,151,13,8.61,0.2820862822153569,0.0001891739482056372,0.998268569284873,0.09575710927585697
9999,17,Logistic Regression,0,12,0.005439589999923555,0.9668874172185431,0.7647058823529411,0.9285714285714286,0.910129746458755,0.9431699687174141,0.898599498327759,133,4,1,13,151,14,9.27,0.29588681292936825,7.362125587675449e-07,0.9999999996834081,0.11823755354909497
9999,17,Decision Tree,0,12,0.004630658999985826,0.9668874172185431,0.9090909090909091,0.7142857142857143,0.8909747292418773,0.8534932221063609,0.6758407155758149,136,1,4,10,151,14,9.27,0.2598863161635574,0.0,1.0,0.0728476821192053
9999,17,Random Forest,0,12,0.28946515600000566,0.9801324503311258,1.0,0.7857142857142857,0.9345848375451263,0.997393117831074,0.9760531135531136,137,0,3,11,151,14,9.27,0.2422328582136432,0.0,1.0,0.07764900662251654
9999,17,XGBoost,0,12,0.024770238999963112,0.9735099337748344,0.9166666666666666,0.7857142857142857,0.9158305462653289,0.9932221063607926,0.9552197802197803,136,1,3,11,151,14,9.27,0.25999894738197327,2.55850245594047e-05,0.9986937642097473,0.08207672089338303
9999,17,LightGBM,0,12,0.07069653600001402,0.9668874172185431,0.8461538461538461,0.7857142857142857,0.8983164983164983,0.9937434827945776,0.9542980828695113,135,2,3,11,151,14,9.27,0.2723210441310133,3.7683274236360986e-08,0.9999997164111141,0.08373204434149822
9999,17,CatBoost,0,12,1.3354786980000881,0.9801324503311258,1.0,0.7857142857142857,0.9345848375451263,0.970281543274244,0.9237689105492941,137,0,3,11,151,14,9.27,0.25379912248509195,7.496719780873997e-05,0.9986121361406078,0.07701784560503831
9999,18,Logistic Regression,0,12,0.005436639999970794,0.9536423841059603,0.6842105263157895,0.9285714285714286,0.8809282415230371,0.9838373305526591,0.9461966604823746,131,6,1,13,151,14,9.27,0.3013637062701599,4.677031264435919e-06,0.9999999709456815,0.16299844362388033
9999,18,Decision Tree,0,12,0.004171698999925866,0.9867549668874173,1.0,0.8571428571428571,0.9579152731326644,0.9285714285714286,0.8703878902554398,137,0,2,12,151,14,9.27,0.2704712298895647,0.0,1.0,0.07947019867549669
9999,18,Random Forest,0,12,0.30379786599996805,0.9801324503311258,0.9230769230769231,0.8571428571428571,0.938989898989899,0.997393117831074,0.9746031746031746,136,1,2,12,151,14,9.27,0.2648016992296613,0.0,1.0,0.08874172185430464
9999,18,XGBoost,0,12,0.025109728999950676,0.9801324503311258,0.9230769230769231,0.8571428571428571,0.938989898989899,0.9916579770594369,0.9522156084656085,136,1,2,12,151,14,9.27,0.2713976502418518,2.807111195579637e-05,0.9978419542312622,0.08755217492580414
9999,18,LightGBM,0,12,0.12570618500012642,0.9867549668874173,1.0,0.8571428571428571,0.9579152731326644,0.9885297184567257,0.9430147058823528,137,0,2,12,151,14,9.27,0.2704221488800227,2.6568169589565938e-08,0.9999994864786504,0.08083744505140583
9999,18,CatBoost,0,12,1.9964973870000904,0.9867549668874173,1.0,0.8571428571428571,0.9579152731326644,0.9963503649635037,0.9707341269841268,137,0,2,12,151,14,9.27,0.2669630633649273,0.00017729071736350403,0.9983034116977043,0.08330828620281765
9999,19,Logistic Regression,0,12,0.007889609999892855,0.9668874172185431,0.7368421052631579,1.0,0.9149487439450266,0.9947862356621481,0.9555227354099534,132,5,0,14,151,14,9.27,0.30135448963755873,2.57605469279344e-06,0.9999999937417443,0.15109389980047588
9999,19,Decision Tree,0,12,0.00708236999980727,0.9867549668874173,1.0,0.8571428571428571,0.9579152731326644,0.9285714285714286,0.8703878902554398,137,0,2,12,151,14,9.27,0.27047122988956473,0.0,1.0,0.07947019867549669
9999,19,Random Forest,0,12,0.3349768049999966,0.9933774834437086,1.0,0.9285714285714286,0.9796632996632997,1.0,0.9999999999999999,137,0,1,13,151,14,9.27,0.2551613948023536,0.0,1.0,0.09139072847682118
9999,19,XGBoost,0,12,0.029981128999907014,1.0,1.0,1.0,1.0,1.0,1.0,137,0,0,14,151,14,9.27,0.28152844309806824,2.3517852241639048e-05,0.999258816242218,0.09405580908060074
9999,19,LightGBM,0,12,0.07872570700010328,0.9933774834437086,1.0,0.9285714285714286,0.9796632996632997,1.0,0.9999999999999998,137,0,1,13,151,14,9.27,0.27518385735964035,2.7464739834079558e-08,0.9999989890233061,0.08462066709111865
9999,19,CatBoost,0,12,1.3286283079999066,0.9933774834437086,1.0,0.9285714285714286,0.9796632996632997,1.0,0.9999999999999998,137,0,1,13,151,14,9.27,0.266042738605711,0.00016087653567575393,0.9980460647089539,0.0863580092807104
9999,20,Logistic Regression,0,12,0.005013810000036756,0.9536423841059603,0.6842105263157895,0.9285714285714286,0.8809282415230371,0.9807090719499479,0.9025544716721186,131,6,1,13,151,14,9.27,0.28274561400068554,2.23702318561591e-06,0.9999994799129905,0.13421610887918778
9999,20,Decision Tree,0,12,0.004538209999964238,0.9668874172185431,0.9090909090909091,0.7142857142857143,0.8909747292418773,0.8534932221063609,0.6758407155758149,136,1,4,10,151,14,9.27,0.2598863161635574,0.0,1.0,0.0728476821192053
9999,20,Random Forest,0,12,0.29677766599979805,0.9801324503311258,1.0,0.7857142857142857,0.9345848375451263,0.9950469238790407,0.9669476486246673,137,0,3,11,151,14,9.27,0.22445385182591823,0.0,1.0,0.07655629139072846
9999,20,XGBoost,0,12,0.02460719800001243,0.9801324503311258,1.0,0.7857142857142857,0.9345848375451263,0.9770594369134515,0.9458128078817734,137,0,3,11,151,14,9.27,0.2445748895406723,3.7093555874889717e-05,0.9992031455039978,0.07317167520523071
9999,20,LightGBM,0,12,0.07088003700005174,0.9801324503311258,0.9230769230769231,0.8571428571428571,0.938989898989899,0.9921793534932222,0.9591836734693877,136,1,2,12,151,14,9.27,0.27072588847852475,3.1194000322143506e-08,0.9999995400766125,0.08752675719658651
9999,20,CatBoost,0,12,1.2972591679999823,0.9933774834437086,1.0,0.9285714285714286,0.9796632996632997,0.9947862356621481,0.9702380952380951,137,0,1,13,151,14,9.27,0.2587408536161852,0.00017542978524533645,0.9984945789311317,0.08220888783902035
9999,21,Logistic Regression,0,12,0.005085360999828481,0.9536423841059603,0.6875,0.8461538461538461,0.8664898320070733,0.9732441471571907,0.8803179726256647,133,5,2,11,151,13,8.61,0.26219300897604203,2.2634117064519854e-06,0.9999999903134066,0.12301890831958037
9999,21,Decision Tree,0,12,0.004440570000042499,0.9735099337748344,0.8461538461538461,0.8461538461538461,0.9158305462653289,0.9158305462653289,0.7292213644735295,136,2,2,11,151,13,8.61,0.28050090840460096,0.0,1.0,0.08609271523178808
9999,21,Random Forest,0,12,0.28587242499997956,0.9867549668874173,1.0,0.8461538461538461,0.954736211031175,0.9927536231884059,0.952087912087912,138,0,2,11,151,13,8.61,0.21942114880312127,0.0,1.0,0.0723841059602649
9999,21,XGBoost,0,12,0.02410385000007409,0.9801324503311258,0.9166666666666666,0.8461538461538461,0.9345848375451263,0.9860646599777035,0.9398656898656899,137,1,2,11,151,13,8.61,0.24532239139080048,0.00015676351904403418,0.9976947903633118,0.07469350099563599
9999,21,LightGBM,0,12,0.07123285099987697,0.9801324503311258,0.9166666666666666,0.8461538461538461,0.9345848375451263,0.9899665551839465,0.9357216857216855,137,1,2,11,151,13,8.61,0.27037569268219336,2.950148642840488e-08,0.9999996722159701,0.07954379334956635
9999,21,CatBoost,0,12,1.3228996309999275,0.9801324503311258,0.9166666666666666,0.8461538461538461,0.9345848375451263,0.9921962095875139,0.9454231665770125,137,1,2,11,151,13,8.61,0.2547421936740281,0.00021110043482090165,0.9984611106397397,0.07718452858675633
9999,22,Logistic Regression,0,12,0.005747120000023642,0.9933774834437086,0.9333333333333333,1.0,0.9809271188581534,0.9984358706986445,0.9846415489272631,136,1,0,14,151,14,9.27,0.28590103239673637,1.8040876152175347e-05,0.9999999582228472,0.14972134080213162
9999,22,Decision Tree,0,12,0.004741849999845726,0.9735099337748344,0.8125,0.9285714285714286,0.9259803921568628,0.9533368091762252,0.7610868022705771,134,3,1,13,151,14,9.27,0.3077867559899934,0.0,1.0,0.10596026490066225
9999,22,Random Forest,0,12,0.3072066449999511,0.9933774834437086,1.0,0.9285714285714286,0.9796632996632997,1.0,0.9999999999999999,137,0,1,13,151,14,9.27,0.25291949968585964,0.0,1.0,0.08844370860927153
9999,22,XGBoost,0,12,0.02813044999993508,0.9867549668874173,1.0,0.8571428571428571,0.9579152731326644,0.9989572471324296,0.9910714285714285,137,0,2,12,151,14,9.27,0.2675652503967285,2.447978113195859e-05,0.9993637204170227,0.0850244015455246
9999,22,LightGBM,0,12,0.07520470099984777,0.9933774834437086,1.0,0.9285714285714286,0.9796632996632997,1.0,0.9999999999999999,137,0,1,13,151,14,9.27,0.2739313491081111,2.788144616921968e-08,0.999999674299432,0.08425786231069064
9999,22,CatBoost,0,12,1.3356211110001368,0.9933774834437086,1.0,0.9285714285714286,0.9796632996632997,1.0,0.9999999999999998,137,0,1,13,151,14,9.27,0.27311972779531396,0.00022489928548241912,0.997138294400968,0.09031434689977706
9999,23,Logistic Regression,0,12,0.005498889999898893,0.9867549668874173,0.875,1.0,0.9629901960784314,0.9989572471324296,0.9910714285714284,135,2,0,14,151,14,9.27,0.28805620839175033,1.660505562715637e-05,0.9999999820262094,0.14390292402069016
9999,23,Decision Tree,0,12,0.004423780000024635,0.9602649006622517,0.7857142857142857,0.7857142857142857,0.8819082377476538,0.8819082377476538,0.6372144884443843,134,3,3,11,151,14,9.27,0.2900329594762674,0.0,1.0,0.09271523178807947
9999,23,Random Forest,0,12,0.27943123499994726,0.9867549668874173,1.0,0.8571428571428571,0.9579152731326644,0.9989572471324297,0.9910714285714286,137,0,2,12,151,14,9.27,0.24889768823339736,0.0,1.0,0.08298013245033112
9999,23,XGBoost,0,12,0.026252959999965242,0.9867549668874173,1.0,0.8571428571428571,0.9579152731326644,0.9973931178310741,0.9812030075187967,137,0,2,12,151,14,9.27,0.2628556787967682,2.010793650697451e-05,0.9990530610084534,0.0821261778473854
9999,23,LightGBM,0,12,0.08882728100002169,0.9933774834437086,1.0,0.9285714285714286,0.9796632996632997,1.0,0.9999999999999998,137,0,1,13,151,14,9.27,0.2717444232768724,2.769699304556711e-08,0.9999997345188171,0.08367046105548709
9999,23,CatBoost,0,12,1.2794091509999816,0.9801324503311258,1.0,0.7857142857142857,0.9345848375451263,1.0,0.9999999999999998,137,0,3,11,151,14,9.27,0.24905445992157793,0.00013140519774590002,0.9984193362006653,0.07712204778874063
9999,24,Logistic Regression,0,12,0.005063609999979235,0.9403973509933775,0.6190476190476191,0.9285714285714286,0.8545746388443018,0.9541188738269031,0.9080053073861123,129,8,1,13,151,14,9.27,0.311925709735879,3.8700151419406425e-07,0.9999999999703983,0.14575777863676156
9999,24,Decision Tree,0,12,0.00406860099997175,0.9735099337748344,0.9166666666666666,0.7857142857142857,0.9158305462653289,0.8892075078206464,0.7401056449069694,136,1,3,11,151,14,9.27,0.2704712298895647,0.0,1.0,0.07947019867549669
9999,24,Random Forest,0,12,0.28470543599996745,0.9801324503311258,1.0,0.7857142857142857,0.9345848375451263,0.9927007299270074,0.9605064247921391,137,0,3,11,151,14,9.27,0.24799196188045622,0.0,1.0,0.08569536423841058
9999,24,XGBoost,0,12,0.024885029999950348,0.9801324503311258,0.9230769230769231,0.8571428571428571,0.938989898989899,0.9880083420229405,0.9358433028383766,136,1,2,12,151,14,9.27,0.27064990997314453,5.9866459196200594e-05,0.9980254173278809,0.08705168217420578
9999,24,LightGBM,0,12,0.07683683099980954,0.9801324503311258,0.9230769230769231,0.8571428571428571,0.938989898989899,0.9791449426485923,0.9202428006775831,136,1,2,12,151,14,9.27,0.2745409829967369,3.940139243743226e-08,0.9999996557537619,0.08421401303594542
9999,24,CatBoost,0,12,1.8465732189999926,0.9801324503311258,1.0,0.7857142857142857,0.9345848375451263,0.9718456725755996,0.9199648711943793,137,0,3,11,151,14,9.27,0.2582555483000182,6.918047992027335e-05,0.9985093122384842,0.07763363475578496
9999,25,Logistic Regression,0,12,0.006424750000178392,0.9536423841059603,0.6666666666666666,1.0,0.8868913857677903,0.9953076120959333,0.9592872405372403,130,7,0,14,151,14,9.27,0.3094867829484792,2.469928752358555e-06,0.999999970235842,0.16350084287235228
9999,25,Decision Tree,0,12,0.0045067309999922145,0.9801324503311258,0.8235294117647058,1.0,0.946077847875253,0.989051094890511,0.8235294117647058,134,3,0,14,151,14,9.27,0.31608210764984696,0.0,1.0,0.11258278145695365
9999,25,Random Forest,0,12,0.4087664449998556,0.9933774834437086,0.9333333333333333,1.0,0.9809271188581534,1.0,1.0,136,1,0,14,151,14,9.27,0.2735162715940646,0.0,1.0,0.09933774834437085
9999,25,XGBoost,0,12,0.06081756100002167,0.9933774834437086,0.9333333333333333,1.0,0.9809271188581534,1.0,0.9999999999999998,136,1,0,14,151,14,9.27,0.2889813482761383,1.836505180108361e-05,0.9992762207984924,0.10001051425933838
9999,25,LightGBM,0,12,0.12491952200002743,0.9933774834437086,0.9333333333333333,1.0,0.9809271188581534,1.0,0.9999999999999998,136,1,0,14,151,14,9.27,0.2903055008768125,2.7039000926356936e-08,0.9999992630978128,0.09590545455100614
9999,25,CatBoost,0,12,1.288957660000051,1.0,1.0,1.0,1.0,1.0,0.9999999999999998,137,0,0,14,151,14,9.27,0.2787217321277125,0.00017308242017222757,0.9984348035525059,0.09468267461049691
