seed,fold,arm,n_features,fit_seconds,gamma,alpha,accuracy,precision,recall,macro_f1,auc_roc,auc_pr,tn,fp,fn,tp,n,n_positive,base_rate_pct,pred_std,pred_min,pred_max,pred_mean
42,1,A_raw_ce_noW,11,0.238588714999878,2.0,0.75,0.9801324503311258,0.9166666666666666,0.8461538461538461,0.9345848375451263,0.9849498327759197,0.9223679546260188,137,1,2,11,151,13,8.61,0.26231772849184126,4.01331046653973e-08,0.9999997098122106,0.0767471533062906
42,1,B_raw_ce_W,11,0.2282815099997606,2.0,0.75,0.9801324503311258,0.9166666666666666,0.8461538461538461,0.9345848375451263,0.9871794871794872,0.9307692307692307,137,1,2,11,151,13,8.61,0.2697931940034794,1.420514563168354e-07,0.9999998326639399,0.07952777632032948
42,1,C_raw_focal_noW,11,0.2100307509999766,2.0,0.75,0.9867549668874173,1.0,0.8461538461538461,0.954736211031175,0.9849498327759199,0.9223679546260191,138,0,2,11,151,13,8.61,0.25223042738436036,0.0025074390302330498,0.996106670191479,0.08817154705148121
42,1,D_raw_focal_W,11,0.2602693469998485,2.0,0.75,0.9867549668874173,1.0,0.8461538461538461,0.954736211031175,0.9793756967670012,0.9094345825115054,138,0,2,11,151,13,8.61,0.2594230635292899,0.0019203942959582015,0.9964662195689369,0.09196711347119546
42,1,E_all_ce_noW,12,0.384960423999928,2.0,0.75,0.9801324503311258,0.9166666666666666,0.8461538461538461,0.9345848375451263,0.959866220735786,0.9032677848467321,137,1,2,11,151,13,8.61,0.268069160056433,3.4643328602479805e-08,0.9999995077411298,0.08006255566298426
42,1,F_all_ce_W,12,0.3197111270001187,2.0,0.75,0.9801324503311258,0.9166666666666666,0.8461538461538461,0.9345848375451263,0.9693422519509476,0.9070590426522629,137,1,2,11,151,13,8.61,0.2701592480853488,1.4820425908738437e-07,0.9999998365489827,0.08039403730931023
42,1,G_all_focal_noW,12,0.2677024610002263,2.0,0.75,0.9735099337748344,0.8461538461538461,0.8461538461538461,0.9158305462653289,0.9765886287625417,0.9103341103341102,136,2,2,11,151,13,8.61,0.25754627644879846,0.0034568241234214396,0.9938997104590305,0.08991303153931224
42,1,H_all_focal_W,12,0.2969285409999429,2.0,0.75,0.9735099337748344,0.8461538461538461,0.8461538461538461,0.9158305462653289,0.9659977703455964,0.8983234714003944,136,2,2,11,151,13,8.61,0.25924417028859753,0.0025969546903325934,0.9957131374574572,0.09013752621640997
42,1,LEGACY_A,11,0.2958456359997399,2.0,0.75,0.9801324503311258,0.9166666666666666,0.8461538461538461,0.9345848375451263,0.9866220735785953,0.925148925148925,137,1,2,11,151,13,8.61,0.2625618012182421,4.482091008716308e-08,0.9999996994713898,0.07687561162074641
42,2,A_raw_ce_noW,11,0.2916582039997593,2.0,0.75,0.9867549668874173,0.9285714285714286,0.9285714285714286,0.9606360792492179,0.9994786235662149,0.995238095238095,136,1,1,13,151,14,9.27,0.28931971812812024,2.681563191926759e-08,0.999999644249306,0.09285045938347099
42,2,B_raw_ce_W,11,0.4240459520001423,2.0,0.75,0.9867549668874173,0.9285714285714286,0.9285714285714286,0.9606360792492179,0.9994786235662149,0.995238095238095,136,1,1,13,151,14,9.27,0.2897646062725596,1.1158406599278559e-07,0.999999799935727,0.09434325773788849
42,2,C_raw_focal_noW,11,0.28298862299971006,2.0,0.75,0.9867549668874173,0.9285714285714286,0.9285714285714286,0.9606360792492179,0.9994786235662149,0.995238095238095,136,1,1,13,151,14,9.27,0.27842039678142316,0.001211907125910466,0.9970631961684876,0.09928293874238478
42,2,D_raw_focal_W,11,0.276935439999761,2.0,0.75,0.9867549668874173,0.9285714285714286,0.9285714285714286,0.9606360792492179,0.9994786235662149,0.995238095238095,136,1,1,13,151,14,9.27,0.28425128983104864,0.0007764395170186952,0.9977130336513782,0.10083454927246506
42,2,E_all_ce_noW,12,0.524975257999813,2.0,0.75,0.9867549668874173,0.9285714285714286,0.9285714285714286,0.9606360792492179,0.9994786235662149,0.995238095238095,136,1,1,13,151,14,9.27,0.28927459502420877,2.718214948456332e-08,0.9999995938156341,0.09416343924802373
42,2,F_all_ce_W,12,0.5505947309998191,2.0,0.75,0.9867549668874173,0.9285714285714286,0.9285714285714286,0.9606360792492179,0.9994786235662149,0.995238095238095,136,1,1,13,151,14,9.27,0.2904975665620492,1.2195971991167453e-07,0.9999997674420092,0.09534356641324249
42,2,G_all_focal_noW,12,0.6279914579999968,2.0,0.75,0.9867549668874173,0.9285714285714286,0.9285714285714286,0.9606360792492179,0.9994786235662149,0.995238095238095,136,1,1,13,151,14,9.27,0.2770531090892381,0.0013178433742620913,0.9969201929779201,0.10016396683920792
42,2,H_all_focal_W,12,0.4896996150000632,2.0,0.75,0.9867549668874173,0.9285714285714286,0.9285714285714286,0.9606360792492179,0.9994786235662149,0.995238095238095,136,1,1,13,151,14,9.27,0.2846171703451706,0.0008254832917601217,0.9977376080681135,0.10250541817319193
42,2,LEGACY_A,11,0.5611409210000602,2.0,0.75,0.9867549668874173,0.9285714285714286,0.9285714285714286,0.9606360792492179,0.9994786235662149,0.995238095238095,136,1,1,13,151,14,9.27,0.28963170133592997,2.3188937455971894e-08,0.9999996302177403,0.09318192098334449
42,3,A_raw_ce_noW,11,0.7050789069999155,2.0,0.75,0.9867549668874173,1.0,0.8571428571428571,0.9579152731326644,1.0,0.9999999999999998,137,0,2,12,151,14,9.27,0.26423621027931854,2.750537762535803e-08,0.9999995763954637,0.08036278880384914
42,3,B_raw_ce_W,11,0.8157872780002435,2.0,0.75,0.9933774834437086,1.0,0.9285714285714286,0.9796632996632997,1.0,0.9999999999999998,137,0,1,13,151,14,9.27,0.275897603088011,1.4443843165079205e-07,0.9999997885965611,0.08737523056260593
42,3,C_raw_focal_noW,11,0.45148144399990997,2.0,0.75,0.9933774834437086,1.0,0.9285714285714286,0.9796632996632997,1.0,0.9999999999999998,137,0,1,13,151,14,9.27,0.2577366040947221,0.0014752754240615602,0.996901827998274,0.09701774838930056
42,3,D_raw_focal_W,11,0.14858321500014426,2.0,0.75,1.0,1.0,1.0,1.0,1.0,0.9999999999999998,137,0,0,14,151,14,9.27,0.26105449600889663,0.0013111647870063952,0.9967856741958308,0.10135261955554736
42,3,E_all_ce_noW,12,0.21164671099995758,2.0,0.75,0.9933774834437086,1.0,0.9285714285714286,0.9796632996632997,1.0,0.9999999999999998,137,0,1,13,151,14,9.27,0.2703130033698998,2.8469488066448228e-08,0.9999997325423866,0.0849303647272356
42,3,F_all_ce_W,12,0.21834306899972944,2.0,0.75,1.0,1.0,1.0,1.0,1.0,0.9999999999999998,137,0,0,14,151,14,9.27,0.27985773938125985,1.3813160841432811e-07,0.9999997438211706,0.0914104540747912
42,3,G_all_focal_noW,12,0.1655299690000902,2.0,0.75,1.0,1.0,1.0,1.0,1.0,0.9999999999999998,137,0,0,14,151,14,9.27,0.2569966180386116,0.001720694285323144,0.9970058312151185,0.09707670212565087
42,3,H_all_focal_W,12,0.12639067200007048,2.0,0.75,1.0,1.0,1.0,1.0,1.0,0.9999999999999998,137,0,0,14,151,14,9.27,0.2636380162070185,0.0013001966443252576,0.997215255662358,0.10218736625418319
42,3,LEGACY_A,11,0.11267514700011816,2.0,0.75,1.0,1.0,1.0,1.0,1.0,0.9999999999999998,137,0,0,14,151,14,9.27,0.27842895212847235,2.7387552994137053e-08,0.999999641798154,0.08920346475007364
42,4,A_raw_ce_noW,11,0.10174306299995806,2.0,0.75,0.9867549668874173,1.0,0.8571428571428571,0.9579152731326644,0.9911366006256518,0.9568027210884353,137,0,2,12,151,14,9.27,0.26311795187824244,2.7543786007603732e-08,0.9999995492666829,0.0768946617302667
42,4,B_raw_ce_W,11,0.124182724000093,2.0,0.75,0.9867549668874173,1.0,0.8571428571428571,0.9579152731326644,0.9916579770594369,0.9619047619047618,137,0,2,12,151,14,9.27,0.267238731082441,1.0930952861516545e-07,0.9999997723148818,0.0785915485976048
42,4,C_raw_focal_noW,11,0.09184762099994259,2.0,0.75,0.9867549668874173,1.0,0.8571428571428571,0.9579152731326644,0.9963503649635037,0.973469387755102,137,0,2,12,151,14,9.27,0.25826620111997717,0.002211133828556722,0.9972241504955439,0.08504356295540628
42,4,D_raw_focal_W,11,0.0929636070000015,2.0,0.75,0.9867549668874173,1.0,0.8571428571428571,0.9579152731326644,0.9958289885297185,0.9740259740259738,137,0,2,12,151,14,9.27,0.25937686150723016,0.0014753886136034682,0.997590394254718,0.08457134119291428
42,4,E_all_ce_noW,12,0.11177263600029619,2.0,0.75,0.9801324503311258,1.0,0.7857142857142857,0.9345848375451263,0.9900938477580813,0.9547193877551019,137,0,3,11,151,14,9.27,0.2610650404028489,2.8015641365015917e-08,0.9999996399442077,0.07644564326597175
42,4,F_all_ce_W,12,0.11980904399979408,2.0,0.75,0.9801324503311258,1.0,0.7857142857142857,0.9345848375451263,0.9911366006256518,0.9568027210884353,137,0,3,11,151,14,9.27,0.26185056955248087,1.3706767402822904e-07,0.999999777242396,0.07727419257191473
42,4,G_all_focal_noW,12,0.09232024499988256,2.0,0.75,0.9867549668874173,1.0,0.8571428571428571,0.9579152731326644,0.9958289885297185,0.9710884353741496,137,0,2,12,151,14,9.27,0.2613492480900833,0.0020025013873528463,0.9963544735930638,0.0874000945177177
42,4,H_all_focal_W,12,0.09582510000018374,2.0,0.75,0.9801324503311258,1.0,0.7857142857142857,0.9345848375451263,0.9963503649635037,0.973469387755102,137,0,3,11,151,14,9.27,0.2581317781089534,0.001924218647468034,0.9973204905663314,0.08429617566877673
42,4,LEGACY_A,11,0.11192565600003945,2.0,0.75,0.9867549668874173,1.0,0.8571428571428571,0.9579152731326644,0.9937434827945777,0.9670329670329669,137,0,2,12,151,14,9.27,0.26552707587873664,2.583691323212649e-08,0.9999996999976054,0.0780521859864691
42,5,A_raw_ce_noW,11,0.12161540300030538,2.0,0.75,0.9867549668874173,0.875,1.0,0.9629901960784314,1.0,0.9999999999999998,135,2,0,14,151,14,9.27,0.3022651777106802,2.7283158773258288e-08,0.9999996027912753,0.10393922804292208
42,5,B_raw_ce_W,11,0.11285635600006572,2.0,0.75,0.9867549668874173,0.875,1.0,0.9629901960784314,1.0,0.9999999999999999,135,2,0,14,151,14,9.27,0.30693612752287147,1.335228402585013e-07,0.9999997288102977,0.10670956860159551
42,5,C_raw_focal_noW,11,0.08986346800020328,2.0,0.75,0.9933774834437086,0.9333333333333333,1.0,0.9809271188581534,1.0,0.9999999999999998,136,1,0,14,151,14,9.27,0.28980266279367123,0.0019223446657132856,0.9964070867256488,0.10990320993867247
42,5,D_raw_focal_W,11,0.09182255899986558,2.0,0.75,0.9867549668874173,0.875,1.0,0.9629901960784314,1.0,0.9999999999999999,135,2,0,14,151,14,9.27,0.29499182431183557,0.0011340205391918022,0.9975358410707358,0.11166589857230576
42,5,E_all_ce_noW,12,0.11995212300007552,2.0,0.75,0.9867549668874173,0.875,1.0,0.9629901960784314,1.0,0.9999999999999998,135,2,0,14,151,14,9.27,0.30387331784741023,2.750541966574674e-08,0.9999995888964661,0.10459954711926191
42,5,F_all_ce_W,12,0.1285993429996779,2.0,0.75,0.9867549668874173,0.875,1.0,0.9629901960784314,1.0,0.9999999999999998,135,2,0,14,151,14,9.27,0.3055809943979362,1.239732987649221e-07,0.9999998101560134,0.10568714574026004
42,5,G_all_focal_noW,12,0.10600681200003237,2.0,0.75,0.9933774834437086,0.9333333333333333,1.0,0.9809271188581534,1.0,0.9999999999999998,136,1,0,14,151,14,9.27,0.2888382307778774,0.0016052698374396843,0.996795115552227,0.11020484298975046
42,5,H_all_focal_W,12,0.10040567199985162,2.0,0.75,0.9867549668874173,0.875,1.0,0.9629901960784314,1.0,0.9999999999999998,135,2,0,14,151,14,9.27,0.29432699325208334,0.0010054643646197736,0.99765632727741,0.11279890942281723
42,5,LEGACY_A,11,0.12901759299984406,2.0,0.75,0.9867549668874173,0.875,1.0,0.9629901960784314,1.0,0.9999999999999998,135,2,0,14,151,14,9.27,0.30718607354730115,2.648956120001997e-08,0.9999996289806135,0.10608075131136546
42,6,A_raw_ce_noW,11,0.11104448200012484,2.0,0.75,0.9933774834437086,1.0,0.9230769230769231,0.9781949458483754,0.9960981047937569,0.9730769230769227,138,0,1,12,151,13,8.61,0.27032772305885916,2.6787649432110234e-08,0.99999952523618,0.07962230965823869
42,6,B_raw_ce_W,11,0.11798488200020074,2.0,0.75,0.9933774834437086,1.0,0.9230769230769231,0.9781949458483754,0.9960981047937569,0.9730769230769227,138,0,1,12,151,13,8.61,0.2703666143596508,7.405305736646578e-08,0.9999997215565781,0.0797824459335816
42,6,C_raw_focal_noW,11,0.09292081600005986,2.0,0.75,0.9933774834437086,1.0,0.9230769230769231,0.9781949458483754,0.9977703455964325,0.9819004524886874,138,0,1,12,151,13,8.61,0.2572124341685983,0.001050321027697077,0.9971819256483097,0.0870379015799269
42,6,D_raw_focal_W,11,0.10228638899980069,2.0,0.75,0.9933774834437086,1.0,0.9230769230769231,0.9781949458483754,0.9983277591973244,0.9855769230769227,138,0,1,12,151,13,8.61,0.2638460305601582,0.0008191594072911858,0.9973342965602164,0.08993972298073435
42,6,E_all_ce_noW,12,0.1273155990002124,2.0,0.75,0.9933774834437086,1.0,0.9230769230769231,0.9781949458483754,0.9810479375696768,0.9443535188216037,138,0,1,12,151,13,8.61,0.2703493441996609,2.8121076006338862e-08,0.9999993350716234,0.07951780174604992
42,6,F_all_ce_W,12,0.13099742800022796,2.0,0.75,0.9933774834437086,1.0,0.9230769230769231,0.9781949458483754,0.9821627647714604,0.945299145299145,138,0,1,12,151,13,8.61,0.27033983884428164,1.325688121139611e-07,0.9999996759666803,0.07985820240034278
42,6,G_all_focal_noW,12,0.10507834600002752,2.0,0.75,0.9933774834437086,1.0,0.9230769230769231,0.9781949458483754,0.9899665551839465,0.9553349875930519,138,0,1,12,151,13,8.61,0.25963855558375565,0.0010844436364282767,0.9967470533394772,0.08800640186163305
42,6,H_all_focal_W,12,0.0982644830000936,2.0,0.75,0.9933774834437086,1.0,0.9230769230769231,0.9781949458483754,0.9888517279821628,0.9533799533799532,138,0,1,12,151,13,8.61,0.2635794054777278,0.0008405255117929548,0.9978340911166207,0.08803058910563413
42,6,LEGACY_A,11,0.11368317300002673,2.0,0.75,0.9933774834437086,1.0,0.9230769230769231,0.9781949458483754,0.9960981047937569,0.9730769230769227,138,0,1,12,151,13,8.61,0.2703691283958893,2.7355331758321875e-08,0.9999996995365988,0.0800642662353623
42,7,A_raw_ce_noW,11,0.10750740299999961,2.0,0.75,0.9933774834437086,1.0,0.9285714285714286,0.9796632996632997,0.9979144942648592,0.984126984126984,137,0,1,13,151,14,9.27,0.2733594237301433,2.771696324262592e-08,0.9999996637497248,0.08351218374572227
42,7,B_raw_ce_W,11,0.11561966499994014,2.0,0.75,0.9933774834437086,1.0,0.9285714285714286,0.9796632996632997,0.9979144942648592,0.984126984126984,137,0,1,13,151,14,9.27,0.2783535940834022,1.0601598038981877e-07,0.999999782574833,0.08581497681303571
42,7,C_raw_focal_noW,11,0.0965820290002739,2.0,0.75,0.9933774834437086,1.0,0.9285714285714286,0.9796632996632997,0.9989572471324296,0.9910714285714284,137,0,1,13,151,14,9.27,0.26831281606111623,0.001494969789866473,0.9968998727351273,0.09477986918999277
42,7,D_raw_focal_W,11,0.09487518700007058,2.0,0.75,0.9933774834437086,1.0,0.9285714285714286,0.9796632996632997,0.9979144942648592,0.984126984126984,137,0,1,13,151,14,9.27,0.27203350586000496,0.0017192523179116177,0.9971720209214103,0.09571152539673201
42,7,E_all_ce_noW,12,0.11928640699989046,2.0,0.75,0.9933774834437086,1.0,0.9285714285714286,0.9796632996632997,0.9979144942648592,0.984126984126984,137,0,1,13,151,14,9.27,0.27363888851052065,2.7682092162496646e-08,0.9999996857976671,0.08396154009383629
42,7,F_all_ce_W,12,0.14663087700000688,2.0,0.75,0.9933774834437086,1.0,0.9285714285714286,0.9796632996632997,0.9979144942648592,0.984126984126984,137,0,1,13,151,14,9.27,0.2784367092687054,1.350660476649928e-07,0.9999998082377247,0.08584935180604657
42,7,G_all_focal_noW,12,0.09505822599976455,2.0,0.75,0.9933774834437086,1.0,0.9285714285714286,0.9796632996632997,0.9984358706986444,0.9873949579831931,137,0,1,13,151,14,9.27,0.26624392800701224,0.0017409956749585454,0.9967569060078247,0.09413181778503399
42,7,H_all_focal_W,12,0.10038595800006078,2.0,0.75,0.9933774834437086,1.0,0.9285714285714286,0.9796632996632997,0.9979144942648592,0.984126984126984,137,0,1,13,151,14,9.27,0.2725303775818154,0.001472966935770956,0.9976242074431355,0.09584302439050613
42,7,LEGACY_A,11,0.11228454000001875,2.0,0.75,0.9933774834437086,1.0,0.9285714285714286,0.9796632996632997,0.9979144942648592,0.984126984126984,137,0,1,13,151,14,9.27,0.279259851739338,2.45388130667322e-08,0.9999996396007407,0.0858075310070558
42,8,A_raw_ce_noW,11,0.09657217600033619,2.0,0.75,0.9801324503311258,1.0,0.7857142857142857,0.9345848375451263,0.9833159541188738,0.945691609977324,137,0,3,11,151,14,9.27,0.2606603835939638,5.046570338419057e-08,0.999999625207249,0.07675177923888174
42,8,B_raw_ce_W,11,0.10085194300017974,2.0,0.75,0.9867549668874173,1.0,0.8571428571428571,0.9579152731326644,0.9843587069864442,0.9367647058823527,137,0,2,12,151,14,9.27,0.2677480612441636,1.3928837740736683e-07,0.9999998515653421,0.07934868852611526
42,8,C_raw_focal_noW,11,0.08690037099995607,2.0,0.75,0.9801324503311258,1.0,0.7857142857142857,0.9345848375451263,0.9843587069864441,0.9291383219954648,137,0,3,11,151,14,9.27,0.248355723635916,0.0039067667484292985,0.9934802496102356,0.08330869265582504
42,8,D_raw_focal_W,11,0.09377752000000328,2.0,0.75,0.9867549668874173,1.0,0.8571428571428571,0.9579152731326644,0.9869655891553702,0.9326839826839826,137,0,2,12,151,14,9.27,0.2563489564967306,0.0027485863707225073,0.9957990697992796,0.08625964496934137
42,8,E_all_ce_noW,12,0.12125927199986108,2.0,0.75,0.9867549668874173,1.0,0.8571428571428571,0.9579152731326644,0.9874869655891554,0.9468253968253968,137,0,2,12,151,14,9.27,0.2659223408551055,1.1295082416105596e-07,0.999999377255865,0.0785529586887802
42,8,F_all_ce_W,12,0.11362564599994585,2.0,0.75,0.9867549668874173,1.0,0.8571428571428571,0.9579152731326644,0.9822732012513035,0.9279616724738675,137,0,2,12,151,14,9.27,0.2679974529440925,1.6962847477033646e-07,0.9999998498763613,0.08060664607659568
42,8,G_all_focal_noW,12,0.09146105099989654,2.0,0.75,0.9801324503311258,1.0,0.7857142857142857,0.9345848375451263,0.989051094890511,0.9419421304501949,137,0,3,11,151,14,9.27,0.2524984250693118,0.002590093790120334,0.9948665383200656,0.08550400311995003
42,8,H_all_focal_W,12,0.09190815600004498,2.0,0.75,0.9867549668874173,1.0,0.8571428571428571,0.9579152731326644,0.986444212721585,0.9316087138667781,137,0,2,12,151,14,9.27,0.25353143373832165,0.0030514881853855725,0.9956482740977698,0.08535626878352069
42,8,LEGACY_A,11,0.10105161399997087,2.0,0.75,0.9867549668874173,1.0,0.8571428571428571,0.9579152731326644,0.983837330552659,0.9337301587301585,137,0,2,12,151,14,9.27,0.26848372248431407,4.25344482242544e-08,0.9999997245578421,0.07898989618173241
42,9,A_raw_ce_noW,11,0.1109299100003227,2.0,0.75,0.9933774834437086,1.0,0.9285714285714286,0.9796632996632997,0.9994786235662149,0.995238095238095,137,0,1,13,151,14,9.27,0.27762603316956225,2.748013319536744e-08,0.9999996462695527,0.08885422327482281
42,9,B_raw_ce_W,11,0.11695729100028984,2.0,0.75,0.9867549668874173,0.9285714285714286,0.9285714285714286,0.9606360792492179,0.9994786235662149,0.995238095238095,136,1,1,13,151,14,9.27,0.28244139097813986,1.1370463438028465e-07,0.9999997725701988,0.09395999229197029
42,9,C_raw_focal_noW,11,0.09349454700031856,2.0,0.75,0.9933774834437086,0.9333333333333333,1.0,0.9809271188581534,1.0,0.9999999999999998,136,1,0,14,151,14,9.27,0.27176509102878255,0.0013651476286261157,0.9978548419892839,0.10078318632580541
42,9,D_raw_focal_W,11,0.11105870899973525,2.0,0.75,0.9933774834437086,1.0,0.9285714285714286,0.9796632996632997,0.9994786235662149,0.9952380952380951,137,0,1,13,151,14,9.27,0.274621003037411,0.0009981508140735067,0.9980297463532781,0.10055318028341975
42,9,E_all_ce_noW,12,0.12086961499971949,2.0,0.75,0.9933774834437086,1.0,0.9285714285714286,0.9796632996632997,0.9989572471324296,0.9910714285714284,137,0,1,13,151,14,9.27,0.2772894591804454,2.7735579195755156e-08,0.999999523330784,0.08938081065181973
42,9,F_all_ce_W,12,0.13001240500034328,2.0,0.75,0.9933774834437086,0.9333333333333333,1.0,0.9809271188581534,0.9994786235662149,0.995238095238095,136,1,0,14,151,14,9.27,0.28809471275962784,1.2894213276435196e-07,0.9999996189163158,0.09714592118775961
42,9,G_all_focal_noW,12,0.09886819499979538,2.0,0.75,0.9867549668874173,0.9285714285714286,0.9285714285714286,0.9606360792492179,0.9989572471324296,0.9910714285714284,136,1,1,13,151,14,9.27,0.27142931899680706,0.001521676788251047,0.9973201189603678,0.09899875767572651
42,9,H_all_focal_W,12,0.10526650900010281,2.0,0.75,0.9801324503311258,0.8666666666666667,0.9285714285714286,0.94278135657446,0.9989572471324296,0.9910714285714284,135,2,1,13,151,14,9.27,0.2785764544494657,0.00097423318471266,0.9983848384827004,0.10162943410273288
42,9,LEGACY_A,11,0.11531126999989283,2.0,0.75,0.9933774834437086,1.0,0.9285714285714286,0.9796632996632997,0.9994786235662149,0.995238095238095,137,0,1,13,151,14,9.27,0.280325255298328,2.6910372250754975e-08,0.9999996110968343,0.09136139666055046
42,10,A_raw_ce_noW,11,0.10576710499981345,2.0,0.75,0.9801324503311258,0.8666666666666667,0.9285714285714286,0.94278135657446,0.9973931178310741,0.9778711484593836,135,2,1,13,151,14,9.27,0.29818170897220075,2.74494042320028e-08,0.9999996007191343,0.10164399799037069
42,10,B_raw_ce_W,11,0.13087835499982248,2.0,0.75,0.9735099337748344,0.8125,0.9285714285714286,0.9259803921568628,0.9979144942648592,0.984126984126984,134,3,1,13,151,14,9.27,0.300301846590498,1.254608939315431e-07,0.9999997412787468,0.10355227893906324
42,10,C_raw_focal_noW,11,0.09207230399988475,2.0,0.75,0.9801324503311258,0.8666666666666667,0.9285714285714286,0.94278135657446,0.9973931178310741,0.9790249433106575,135,2,1,13,151,14,9.27,0.2820244884114918,0.0015848610733125471,0.9970351210679576,0.110063534706128
42,10,D_raw_focal_W,11,0.093448293000165,2.0,0.75,0.9801324503311258,0.8666666666666667,0.9285714285714286,0.94278135657446,0.9989572471324296,0.9910714285714284,135,2,1,13,151,14,9.27,0.29050364472521967,0.001068607535399846,0.9976318780386307,0.11309262221612253
42,10,E_all_ce_noW,12,0.11529788699999699,2.0,0.75,0.9735099337748344,0.8125,0.9285714285714286,0.9259803921568628,0.9973931178310741,0.9778711484593836,134,3,1,13,151,14,9.27,0.3012946399059961,2.7723260097575436e-08,0.9999997263362307,0.10342566511471815
42,10,F_all_ce_W,12,0.13181529600024078,2.0,0.75,0.9735099337748344,0.8125,0.9285714285714286,0.9259803921568628,0.9973931178310741,0.9778711484593836,134,3,1,13,151,14,9.27,0.30423187909939287,1.2671222665003582e-07,0.9999998390085928,0.10504989447982649
42,10,G_all_focal_noW,12,0.09345949099997597,2.0,0.75,0.9735099337748344,0.8125,0.9285714285714286,0.9259803921568628,0.9979144942648592,0.9822929171668666,134,3,1,13,151,14,9.27,0.2854384882487135,0.0017280070555859325,0.996379770766177,0.11147713401575428
42,10,H_all_focal_W,12,0.09648319400002947,2.0,0.75,0.9801324503311258,0.8666666666666667,0.9285714285714286,0.94278135657446,0.9979144942648592,0.9822929171668666,135,2,1,13,151,14,9.27,0.29001577667589007,0.0009535159081963726,0.9978964587113047,0.11146312220983366
42,10,LEGACY_A,11,0.11190300900034345,2.0,0.75,0.9801324503311258,0.8666666666666667,0.9285714285714286,0.94278135657446,0.9984358706986445,0.9873949579831931,135,2,1,13,151,14,9.27,0.29977323466393574,2.661583220189094e-08,0.9999997040702516,0.10364606796732634
42,11,A_raw_ce_noW,11,0.11781730399980006,2.0,0.75,0.9867549668874173,0.9230769230769231,0.9230769230769231,0.9579152731326644,0.9899665551839465,0.9504930966469427,137,1,1,12,151,13,8.61,0.27908229975399057,2.9191617504631622e-08,0.9999994920422315,0.08672078624933116
42,11,B_raw_ce_W,11,0.11145828799999435,2.0,0.75,0.9801324503311258,0.8571428571428571,0.9230769230769231,0.938989898989899,0.9905239687848384,0.9516425219342992,136,2,1,12,151,13,8.61,0.2823852790084789,1.3309541757373098e-07,0.9999997611219649,0.089758045643499
42,11,C_raw_focal_noW,11,0.08984781199978897,2.0,0.75,0.9801324503311258,0.8571428571428571,0.9230769230769231,0.938989898989899,0.9944258639910815,0.9665551839464883,136,2,1,12,151,13,8.61,0.2739448204454408,0.0019166049026460843,0.9958456543821832,0.09954615680625781
42,11,D_raw_focal_W,11,0.09318542099981642,2.0,0.75,0.9867549668874173,0.9230769230769231,0.9230769230769231,0.9579152731326644,0.9944258639910815,0.9626143087681547,137,1,1,12,151,13,8.61,0.2748243825022079,0.001380069123593516,0.9968223109975205,0.09830219651171648
42,11,E_all_ce_noW,12,0.11930607800013604,2.0,0.75,0.9867549668874173,0.9230769230769231,0.9230769230769231,0.9579152731326644,0.9894091415830546,0.9494178278297383,137,1,1,12,151,13,8.61,0.2788213410231797,2.845838343697363e-08,0.9999995291668303,0.08572747894828646
42,11,F_all_ce_W,12,0.12104549200012116,2.0,0.75,0.9867549668874173,0.9230769230769231,0.9230769230769231,0.9579152731326644,0.9916387959866221,0.9541968003506462,137,1,1,12,151,13,8.61,0.2799557158371649,1.1268499957823293e-07,0.9999998071186716,0.08639160117380829
42,11,G_all_focal_noW,12,0.09263182700033212,2.0,0.75,0.9867549668874173,0.9230769230769231,0.9230769230769231,0.9579152731326644,0.992196209587514,0.9556213017751478,137,1,1,12,151,13,8.61,0.27016135072603487,0.00200016516765999,0.9956298116591097,0.09608571068370934
42,11,H_all_focal_W,12,0.09350092300019242,2.0,0.75,0.9867549668874173,0.9230769230769231,0.9230769230769231,0.9579152731326644,0.9927536231884059,0.9571597633136093,137,1,1,12,151,13,8.61,0.27400002713237376,0.0017029099652795567,0.9966874989011953,0.09634333166994506
42,11,LEGACY_A,11,0.12257981600032508,2.0,0.75,0.9867549668874173,0.9230769230769231,0.9230769230769231,0.9579152731326644,0.9882943143812709,0.9474627936166395,137,1,1,12,151,13,8.61,0.28031820501656196,2.88578689318004e-08,0.9999996519092224,0.08642954402767017
42,12,A_raw_ce_noW,11,0.17489347199989425,2.0,0.75,0.9867549668874173,0.9285714285714286,0.9285714285714286,0.9606360792492179,0.9984358706986445,0.9873949579831931,136,1,1,13,151,14,9.27,0.2861472340176686,2.7664241335040672e-08,0.9999996541383723,0.09149896688511039
42,12,B_raw_ce_W,11,0.19771369499994762,2.0,0.75,0.9867549668874173,0.9285714285714286,0.9285714285714286,0.9606360792492179,0.9984358706986445,0.9873949579831931,136,1,1,13,151,14,9.27,0.2894504824274665,1.0755968653737033e-07,0.9999997854795618,0.0929886408947485
42,12,C_raw_focal_noW,11,0.1474279890003345,2.0,0.75,0.9867549668874173,0.9285714285714286,0.9285714285714286,0.9606360792492179,0.9973931178310741,0.9812030075187969,136,1,1,13,151,14,9.27,0.27637235663135196,0.0013673972424393215,0.9966736283220804,0.10112291125089616
42,12,D_raw_focal_W,11,0.14760280600012265,2.0,0.75,0.9867549668874173,0.9285714285714286,0.9285714285714286,0.9606360792492179,0.9973931178310741,0.9812030075187967,136,1,1,13,151,14,9.27,0.2788390079669272,0.0010925697084387062,0.9974360019983722,0.10220467556538625
42,12,E_all_ce_noW,12,0.20729431200015824,2.0,0.75,0.9933774834437086,1.0,0.9285714285714286,0.9796632996632997,0.9890510948905109,0.9571428571428571,137,0,1,13,151,14,9.27,0.2786267782577281,2.768370582576874e-08,0.9999996207462019,0.08670657312383913
42,12,F_all_ce_W,12,0.22400031400002263,2.0,0.75,0.9933774834437086,1.0,0.9285714285714286,0.9796632996632997,0.9895724713242962,0.957983193277311,137,0,1,13,151,14,9.27,0.2781423365892403,1.389653831578212e-07,0.9999997926374319,0.08870612487042401
42,12,G_all_focal_noW,12,0.15954551799995897,2.0,0.75,0.9933774834437086,1.0,0.9285714285714286,0.9796632996632997,0.9921793534932222,0.9630541871921182,137,0,1,13,151,14,9.27,0.2698568271430736,0.0016223887741127756,0.9971047521237981,0.09531987736546735
42,12,H_all_focal_W,12,0.15371360900007858,2.0,0.75,0.9867549668874173,0.9285714285714286,0.9285714285714286,0.9606360792492179,0.9880083420229405,0.9555984555984557,136,1,1,13,151,14,9.27,0.2768234136560067,0.0011772163776398584,0.9971174175325557,0.09832755019276863
42,12,LEGACY_A,11,0.1857227150003382,2.0,0.75,0.9867549668874173,0.9285714285714286,0.9285714285714286,0.9606360792492179,0.9968717413972888,0.9761009667024703,136,1,1,13,151,14,9.27,0.2886327929250546,2.6450803475442624e-08,0.9999996915168067,0.09300280422623464
42,13,A_raw_ce_noW,11,0.19462781499987614,2.0,0.75,0.9933774834437086,1.0,0.9285714285714286,0.9796632996632997,0.9947862356621481,0.9702380952380951,137,0,1,13,151,14,9.27,0.2803276638221685,3.046822489594687e-08,0.9999996682474556,0.08644849437747926
42,13,B_raw_ce_W,11,0.18342066600007456,2.0,0.75,0.9933774834437086,1.0,0.9285714285714286,0.9796632996632997,0.9947862356621481,0.9702380952380951,137,0,1,13,151,14,9.27,0.2803916707569816,1.314459726206844e-07,0.9999998039733509,0.08719250201275391
42,13,C_raw_focal_noW,11,0.14437858299970685,2.0,0.75,0.9933774834437086,1.0,0.9285714285714286,0.9796632996632997,0.9895724713242962,0.9579831932773109,137,0,1,13,151,14,9.27,0.2700403930084607,0.001668880933459459,0.9966173576415314,0.09364999663395343
42,13,D_raw_focal_W,11,0.14687098300009893,2.0,0.75,0.9933774834437086,1.0,0.9285714285714286,0.9796632996632997,0.9921793534932222,0.9630541871921181,137,0,1,13,151,14,9.27,0.2750592326406827,0.001312179499620854,0.997162386115374,0.09372181943213663
42,13,E_all_ce_noW,12,0.18714026099996772,2.0,0.75,0.9933774834437086,1.0,0.9285714285714286,0.9796632996632997,0.9958289885297185,0.9740259740259738,137,0,1,13,151,14,9.27,0.28038239679862875,3.354944560137298e-08,0.99999962067212,0.08713710908887828
42,13,F_all_ce_W,12,0.19940272299982098,2.0,0.75,0.9933774834437086,1.0,0.9285714285714286,0.9796632996632997,0.9953076120959332,0.9720496894409936,137,0,1,13,151,14,9.27,0.28045484569671786,1.4728097103793618e-07,0.9999998019222028,0.08728974514501749
42,13,G_all_focal_noW,12,0.41192068099962853,2.0,0.75,0.9933774834437086,1.0,0.9285714285714286,0.9796632996632997,0.9937434827945777,0.9670329670329669,137,0,1,13,151,14,9.27,0.2704851183459227,0.00249445598044346,0.9965049565870685,0.09427916770072692
42,13,H_all_focal_W,12,0.1499003530002483,2.0,0.75,0.9933774834437086,1.0,0.9285714285714286,0.9796632996632997,0.9921793534932222,0.9630541871921182,137,0,1,13,151,14,9.27,0.2749281578538296,0.0018060985183712456,0.99707167706349,0.09532146652121404
42,13,LEGACY_A,11,0.1768757730001198,2.0,0.75,0.9933774834437086,1.0,0.9285714285714286,0.9796632996632997,0.9937434827945777,0.9670329670329669,137,0,1,13,151,14,9.27,0.2804508530468079,2.924368704965762e-08,0.9999996859697231,0.08622519391165971
42,14,A_raw_ce_noW,11,0.17743910400031382,2.0,0.75,0.9801324503311258,1.0,0.7857142857142857,0.9345848375451263,0.9989572471324296,0.9901360544217686,137,0,3,11,151,14,9.27,0.26021917302978825,2.7371720218231834e-08,0.99999953888127,0.07595647900985013
42,14,B_raw_ce_W,11,0.2151356030003626,2.0,0.75,0.9801324503311258,0.9230769230769231,0.8571428571428571,0.938989898989899,0.9989572471324296,0.9901360544217686,136,1,2,12,151,14,9.27,0.2704959359625175,8.489457638406015e-08,0.9999997757111297,0.08491635441395289
42,14,C_raw_focal_noW,11,0.16227368199997727,2.0,0.75,0.9801324503311258,1.0,0.7857142857142857,0.9345848375451263,0.9989572471324296,0.9901360544217686,137,0,3,11,151,14,9.27,0.25517839235225687,0.0014857585107108332,0.9969400596450467,0.08758110777255358
42,14,D_raw_focal_W,11,0.16013790199986033,2.0,0.75,0.9867549668874173,0.9285714285714286,0.9285714285714286,0.9606360792492179,0.9989572471324296,0.9901360544217686,136,1,1,13,151,14,9.27,0.2686149482497345,0.0010231623664562488,0.9975922677851409,0.0945831978127706
42,14,E_all_ce_noW,12,0.17128959599995142,2.0,0.75,0.9867549668874173,1.0,0.8571428571428571,0.9579152731326644,0.9994786235662149,0.995238095238095,137,0,2,12,151,14,9.27,0.2625713450313072,2.7603397548285155e-08,0.9999995003769975,0.07805525741166067
42,14,F_all_ce_W,12,0.12869720199978474,2.0,0.75,0.9867549668874173,1.0,0.8571428571428571,0.9579152731326644,0.9994786235662149,0.995238095238095,137,0,2,12,151,14,9.27,0.26810446001470023,1.3932088113626285e-07,0.9999997447179535,0.08191319082464171
42,14,G_all_focal_noW,12,0.09942439800033753,2.0,0.75,0.9801324503311258,1.0,0.7857142857142857,0.9345848375451263,0.9994786235662149,0.995238095238095,137,0,3,11,151,14,9.27,0.2560813837452787,0.0014653408639561448,0.997119122325109,0.08852157469402265
42,14,H_all_focal_W,12,0.11888682299968423,2.0,0.75,0.9933774834437086,1.0,0.9285714285714286,0.9796632996632997,1.0,0.9999999999999998,137,0,1,13,151,14,9.27,0.2674912902381259,0.0011339597661122489,0.997529243555273,0.09431676866307316
42,14,LEGACY_A,11,0.113534879999861,2.0,0.75,0.9933774834437086,1.0,0.9285714285714286,0.9796632996632997,0.9994786235662149,0.995238095238095,137,0,1,13,151,14,9.27,0.274550907655691,2.6435106891434744e-08,0.9999996286213324,0.08795190038879881
42,15,A_raw_ce_noW,11,0.10965972300027715,2.0,0.75,0.9801324503311258,1.0,0.7857142857142857,0.9345848375451263,0.9953076120959332,0.9689239332096473,137,0,3,11,151,14,9.27,0.26021855749515016,2.7071509711461755e-08,0.9999996072150061,0.07849900664152183
42,15,B_raw_ce_W,11,0.11368730799995319,2.0,0.75,0.9801324503311258,1.0,0.7857142857142857,0.9345848375451263,0.9953076120959332,0.9720496894409936,137,0,3,11,151,14,9.27,0.2618021450889718,1.1628332038909404e-07,0.9999997325206029,0.08056528643188947
42,15,C_raw_focal_noW,11,0.09297316999982286,2.0,0.75,0.9801324503311258,1.0,0.7857142857142857,0.9345848375451263,0.9942648592283628,0.9564625850340134,137,0,3,11,151,14,9.27,0.25149955018376147,0.0012287478414186826,0.9964553660885442,0.09274212629016593
42,15,D_raw_focal_W,11,0.0922282249998716,2.0,0.75,0.9801324503311258,1.0,0.7857142857142857,0.9345848375451263,0.9937434827945777,0.9551386113886113,137,0,3,11,151,14,9.27,0.25543572906655276,0.0011595157607749813,0.9973444539720989,0.09286676011960657
42,15,E_all_ce_noW,12,0.11738366500003394,2.0,0.75,0.9801324503311258,1.0,0.7857142857142857,0.9345848375451263,0.9937434827945777,0.9515606242496997,137,0,3,11,151,14,9.27,0.2594841974858803,2.815096207232369e-08,0.9999996985781165,0.07659866383757759
42,15,F_all_ce_W,12,0.13148417299998982,2.0,0.75,0.9867549668874173,1.0,0.8571428571428571,0.9579152731326644,0.994786235662148,0.9627976190476188,137,0,2,12,151,14,9.27,0.26518963996784894,1.3567809007301727e-07,0.9999997063021638,0.08416851849163838
42,15,G_all_focal_noW,12,0.111500592000084,2.0,0.75,0.9801324503311258,1.0,0.7857142857142857,0.9345848375451263,0.9947862356621481,0.9564484126984125,137,0,3,11,151,14,9.27,0.24990761462918534,0.0016459688524633335,0.9947887696423612,0.09268729461047598
42,15,H_all_focal_W,12,0.09556279300022652,2.0,0.75,0.9801324503311258,1.0,0.7857142857142857,0.9345848375451263,0.9953076120959333,0.9618257559434029,137,0,3,11,151,14,9.27,0.25729663943060055,0.0013113170933391294,0.9967635341017943,0.0968545921828047
42,15,LEGACY_A,11,0.10931590399968627,2.0,0.75,0.9801324503311258,1.0,0.7857142857142857,0.9345848375451263,0.9953076120959332,0.9689239332096473,137,0,3,11,151,14,9.27,0.25989552000956023,2.257442822576723e-08,0.99999963873377,0.07659621435483477
42,16,A_raw_ce_noW,11,0.10210025900005348,2.0,0.75,0.9867549668874173,0.9230769230769231,0.9230769230769231,0.9579152731326644,0.9949832775919732,0.9685314685314683,137,1,1,12,151,13,8.61,0.28044498694743064,3.3514920837399086e-08,0.9999995215101098,0.086147829855731
42,16,B_raw_ce_W,11,0.11077105899994422,2.0,0.75,0.9867549668874173,0.9230769230769231,0.9230769230769231,0.9579152731326644,0.9899665551839465,0.9553349875930519,137,1,1,12,151,13,8.61,0.28044838170655734,1.433438312898133e-07,0.9999997562876713,0.0861419349256389
42,16,C_raw_focal_noW,11,0.09207759899982193,2.0,0.75,0.9867549668874173,0.9230769230769231,0.9230769230769231,0.9579152731326644,0.988294314381271,0.9524886877828054,137,1,1,12,151,13,8.61,0.2709976864082499,0.002404845832866143,0.9958221104459534,0.09427389398152382
42,16,D_raw_focal_W,11,0.09840102499993009,2.0,0.75,0.9867549668874173,0.9230769230769231,0.9230769230769231,0.9579152731326644,0.9899665551839465,0.9553349875930519,137,1,1,12,151,13,8.61,0.27445516133285863,0.0018465937081660895,0.997294272757647,0.0948292063071474
42,16,E_all_ce_noW,12,0.11344672199993511,2.0,0.75,0.9867549668874173,0.9230769230769231,0.9230769230769231,0.9579152731326644,0.992196209587514,0.9601139601139599,137,1,1,12,151,13,8.61,0.2802688125007815,2.6892071405431016e-08,0.99999955109949,0.08605806160000425
42,16,F_all_ce_W,12,0.12746845199990275,2.0,0.75,0.9867549668874173,0.9230769230769231,0.9230769230769231,0.9579152731326644,0.9882943143812709,0.9524886877828054,137,1,1,12,151,13,8.61,0.28042470743302367,1.3842696740387824e-07,0.9999997217796229,0.08619770364207874
42,16,G_all_focal_noW,12,0.09399026299979596,2.0,0.75,0.9867549668874173,0.9230769230769231,0.9230769230769231,0.9579152731326644,0.9938684503901896,0.9647435897435894,137,1,1,12,151,13,8.61,0.27006073623027216,0.0026915236522096013,0.9960892589040681,0.0937335498830317
42,16,H_all_focal_W,12,0.09283319500036669,2.0,0.75,0.9867549668874173,0.9230769230769231,0.9230769230769231,0.9579152731326644,0.9882943143812709,0.9524886877828052,137,1,1,12,151,13,8.61,0.274775001884587,0.0022003949424118856,0.9971934106268634,0.09572025809971448
42,16,LEGACY_A,11,0.109205127000223,2.0,0.75,0.9867549668874173,0.9230769230769231,0.9230769230769231,0.9579152731326644,0.9933110367892977,0.9630769230769227,137,1,1,12,151,13,8.61,0.2804530067949393,2.8149984402565685e-08,0.9999996543170115,0.08621187468482372
42,17,A_raw_ce_noW,11,0.10333017900029517,2.0,0.75,0.9735099337748344,0.8571428571428571,0.8571428571428571,0.9212721584984358,0.9963503649635037,0.969108669108669,135,2,2,12,151,14,9.27,0.2712092357784308,2.7476843373361914e-08,0.9999996556519224,0.08875040499988275
42,17,B_raw_ce_W,11,0.11520476999976381,2.0,0.75,0.9735099337748344,0.9166666666666666,0.7857142857142857,0.9158305462653289,0.9979144942648592,0.9804748822605964,136,1,3,11,151,14,9.27,0.2683698740323686,1.3789074049714398e-07,0.999999841979161,0.08785507071339627
42,17,C_raw_focal_noW,11,0.09278459000006478,2.0,0.75,0.9801324503311258,0.9230769230769231,0.8571428571428571,0.938989898989899,0.9968717413972888,0.9746031746031745,136,1,2,12,151,14,9.27,0.26064478487787424,0.002038598239059364,0.9953683654494061,0.10620062769823517
42,17,D_raw_focal_W,11,0.10476414200002182,2.0,0.75,0.9735099337748344,0.8571428571428571,0.8571428571428571,0.9212721584984358,0.9968717413972888,0.9713435374149659,135,2,2,12,151,14,9.27,0.2706800587051366,0.0016330131983418917,0.9964172101012742,0.1108499315594652
42,17,E_all_ce_noW,12,0.11419110599990745,2.0,0.75,0.9801324503311258,0.9230769230769231,0.8571428571428571,0.938989898989899,0.9973931178310741,0.9790249433106575,136,1,2,12,151,14,9.27,0.2756264671808235,2.9800103877843104e-08,0.9999995889810496,0.08943508029753229
42,17,F_all_ce_W,12,0.13182066599983955,2.0,0.75,0.9867549668874173,0.875,1.0,0.9629901960784314,0.9984358706986445,0.9846415489272632,135,2,0,14,151,14,9.27,0.2850145908233936,1.4011963984144642e-07,0.9999998265019402,0.10022356677960721
42,17,G_all_focal_noW,12,0.09570606299985229,2.0,0.75,0.9801324503311258,0.9230769230769231,0.8571428571428571,0.938989898989899,0.9953076120959333,0.9635531135531135,136,1,2,12,151,14,9.27,0.26041835239664296,0.0018960633020868535,0.9963649988785004,0.10394512120654223
42,17,H_all_focal_W,12,0.09577621600010389,2.0,0.75,0.9668874172185431,0.8,0.8571428571428571,0.9046355942907667,0.9953076120959333,0.9605300453514738,134,3,2,12,151,14,9.27,0.2696609718494737,0.0014984092019221108,0.9968477539003998,0.11023012376537594
42,17,LEGACY_A,11,0.10647845799985589,2.0,0.75,0.9735099337748344,0.8571428571428571,0.8571428571428571,0.9212721584984358,0.9958289885297185,0.9637980192076829,135,2,2,12,151,14,9.27,0.28407242007536665,2.9734904484930065e-08,0.9999996595412202,0.0943079805414192
42,18,A_raw_ce_noW,11,0.11283080200018958,2.0,0.75,0.9867549668874173,1.0,0.8571428571428571,0.9579152731326644,0.9994786235662149,0.995238095238095,137,0,2,12,151,14,9.27,0.2674773116145834,2.7282727187914103e-08,0.9999995667310996,0.08143972429016327
42,18,B_raw_ce_W,11,0.13904234399979032,2.0,0.75,0.9933774834437086,1.0,0.9285714285714286,0.9796632996632997,0.9994786235662149,0.995238095238095,137,0,1,13,151,14,9.27,0.2701239379093609,1.0574960242793858e-07,0.9999998104839869,0.08404420772290735
42,18,C_raw_focal_noW,11,0.10523447600007785,2.0,0.75,0.9933774834437086,1.0,0.9285714285714286,0.9796632996632997,0.9994786235662149,0.995238095238095,137,0,1,13,151,14,9.27,0.2629974323690339,0.0012750827505629214,0.9972560056762086,0.09452420099783333
42,18,D_raw_focal_W,11,0.09427449899976637,2.0,0.75,0.9933774834437086,1.0,0.9285714285714286,0.9796632996632997,0.9994786235662149,0.995238095238095,137,0,1,13,151,14,9.27,0.2685060986772615,0.0008507762381878796,0.9982408770150194,0.09580088940434586
42,18,E_all_ce_noW,12,0.1193138580001687,2.0,0.75,0.9867549668874173,1.0,0.8571428571428571,0.9579152731326644,1.0,0.9999999999999998,137,0,2,12,151,14,9.27,0.262597895514035,3.1115885095609815e-08,0.9999995739635804,0.07823233773846022
42,18,F_all_ce_W,12,0.1298026370000116,2.0,0.75,0.9867549668874173,1.0,0.8571428571428571,0.9579152731326644,1.0,0.9999999999999998,137,0,2,12,151,14,9.27,0.26811723684401373,1.4270948115564088e-07,0.9999998136559202,0.0816222317594651
42,18,G_all_focal_noW,12,0.12056247400005304,2.0,0.75,0.9933774834437086,1.0,0.9285714285714286,0.9796632996632997,1.0,0.9999999999999998,137,0,1,13,151,14,9.27,0.26240947245180346,0.0014158583299438696,0.997301197538177,0.09285577284416824
42,18,H_all_focal_W,12,0.1061890979999589,2.0,0.75,0.9933774834437086,1.0,0.9285714285714286,0.9796632996632997,1.0,0.9999999999999998,137,0,1,13,151,14,9.27,0.2700850165244469,0.0009887027776268812,0.99736754109267,0.09547240606096832
42,18,LEGACY_A,11,0.1199790989999201,2.0,0.75,0.9933774834437086,1.0,0.9285714285714286,0.9796632996632997,1.0,0.9999999999999998,137,0,1,13,151,14,9.27,0.2734258938322249,2.5972681373097004e-08,0.9999996736137959,0.08434752088617918
42,19,A_raw_ce_noW,11,0.12163776699981099,2.0,0.75,0.9801324503311258,0.8666666666666667,0.9285714285714286,0.94278135657446,0.9963503649635036,0.976190476190476,135,2,1,13,151,14,9.27,0.28562629985231597,3.112269229195539e-08,0.9999996224745085,0.09431451940112943
42,19,B_raw_ce_W,11,0.1189245049999954,2.0,0.75,0.9867549668874173,0.9285714285714286,0.9285714285714286,0.9606360792492179,0.9979144942648592,0.984126984126984,136,1,1,13,151,14,9.27,0.28328703655271287,7.836646250795114e-08,0.999999788079689,0.09160321710060805
42,19,C_raw_focal_noW,11,0.0933871810002529,2.0,0.75,0.9867549668874173,0.9285714285714286,0.9285714285714286,0.9606360792492179,0.9979144942648592,0.984126984126984,136,1,1,13,151,14,9.27,0.2764140482729634,0.0017474074749006835,0.996489151465292,0.10106424049240013
42,19,D_raw_focal_W,11,0.09343456599981437,2.0,0.75,0.9933774834437086,1.0,0.9285714285714286,0.9796632996632997,0.9984358706986445,0.9873949579831931,137,0,1,13,151,14,9.27,0.27764385478967457,0.000976886123124844,0.9972833986027844,0.09726954569045908
42,19,E_all_ce_noW,12,0.11574139999993349,2.0,0.75,0.9867549668874173,0.9285714285714286,0.9285714285714286,0.9606360792492179,0.9890510948905109,0.9571428571428571,136,1,1,13,151,14,9.27,0.2827877052029986,2.7491504981697067e-08,0.9999995872740641,0.0896868135134823
42,19,F_all_ce_W,12,0.13540292800007592,2.0,0.75,0.9867549668874173,0.9285714285714286,0.9285714285714286,0.9606360792492179,0.9874869655891554,0.9548872180451127,136,1,1,13,151,14,9.27,0.2870312344818235,1.1093629848557616e-07,0.9999997848137475,0.09172698797902015
42,19,G_all_focal_noW,12,0.0982395210003233,2.0,0.75,0.9867549668874173,0.9285714285714286,0.9285714285714286,0.9606360792492179,0.9921793534932222,0.9630541871921181,136,1,1,13,151,14,9.27,0.27578000277225156,0.0012094286026765317,0.9961046836511065,0.09513853617557692
42,19,H_all_focal_W,12,0.09996615299996847,2.0,0.75,0.9867549668874173,0.9285714285714286,0.9285714285714286,0.9606360792492179,0.9859228362877999,0.9529616724738674,136,1,1,13,151,14,9.27,0.2785045898566004,0.0008383357038354701,0.9972957858434833,0.09516771979635674
42,19,LEGACY_A,11,0.12957819400025983,2.0,0.75,0.9867549668874173,0.9285714285714286,0.9285714285714286,0.9606360792492179,0.9963503649635036,0.976190476190476,136,1,1,13,151,14,9.27,0.28481273428163556,2.744651009752918e-08,0.9999996724712505,0.09211914858142634
42,20,A_raw_ce_noW,11,0.10133826300034343,2.0,0.75,0.9801324503311258,1.0,0.7857142857142857,0.9345848375451263,0.9843587069864442,0.9305984555984554,137,0,3,11,151,14,9.27,0.25892947510132097,2.9067367834699667e-08,0.9999996075492729,0.07271556507471545
42,20,B_raw_ce_W,11,0.1083162180002546,2.0,0.75,0.9801324503311258,1.0,0.7857142857142857,0.9345848375451263,0.9859228362877998,0.9365079365079363,137,0,3,11,151,14,9.27,0.25764150154076026,1.4701108544539595e-07,0.9999997813623233,0.07246184534259581
42,20,C_raw_focal_noW,11,0.09113467999986824,2.0,0.75,0.9801324503311258,1.0,0.7857142857142857,0.9345848375451263,0.9916579770594369,0.9547619047619047,137,0,3,11,151,14,9.27,0.25137215955340597,0.001490648906086427,0.9973290500119952,0.07959176925583211
42,20,D_raw_focal_W,11,0.09128638500033048,2.0,0.75,0.9801324503311258,1.0,0.7857142857142857,0.9345848375451263,0.9937434827945777,0.9607142857142856,137,0,3,11,151,14,9.27,0.25410387520497635,0.001368130814968596,0.9979443353976608,0.0811345527658217
42,20,E_all_ce_noW,12,0.11954556199998478,2.0,0.75,0.9801324503311258,1.0,0.7857142857142857,0.9345848375451263,0.9906152241918665,0.9457671957671956,137,0,3,11,151,14,9.27,0.25602626260737166,2.833870453794791e-08,0.9999995467862877,0.07235973704316949
42,20,F_all_ce_W,12,0.1215076329999647,2.0,0.75,0.9801324503311258,1.0,0.7857142857142857,0.9345848375451263,0.9864442127215849,0.9326105442176869,137,0,3,11,151,14,9.27,0.25894088785718095,1.450122272825634e-07,0.9999997041568058,0.07368245562599128
42,20,G_all_focal_noW,12,0.09702782199974536,2.0,0.75,0.9801324503311258,1.0,0.7857142857142857,0.9345848375451263,0.9880083420229406,0.9369047619047617,137,0,3,11,151,14,9.27,0.25101634418192287,0.001730517396903098,0.9976724368739956,0.07996837998515322
42,20,H_all_focal_W,12,0.11215253399996072,2.0,0.75,0.9801324503311258,1.0,0.7857142857142857,0.9345848375451263,0.9911366006256518,0.950892857142857,137,0,3,11,151,14,9.27,0.25393549778822505,0.0011348307835851777,0.9979271654591505,0.08215032098184086
42,20,LEGACY_A,11,0.10748171599971101,2.0,0.75,0.9801324503311258,1.0,0.7857142857142857,0.9345848375451263,0.9916579770594369,0.9547619047619047,137,0,3,11,151,14,9.27,0.25852512669578653,2.5403072044571895e-08,0.9999995949918691,0.07298876864550839
42,21,A_raw_ce_noW,11,0.10822242500034918,2.0,0.75,0.9867549668874173,0.9230769230769231,0.9230769230769231,0.9579152731326644,0.9977703455964325,0.9751850713389172,137,1,1,12,151,13,8.61,0.2729041196695955,2.8106873122673106e-08,0.9999996787123762,0.08393451512405946
42,21,B_raw_ce_W,11,0.11451444799968158,2.0,0.75,0.9867549668874173,0.9230769230769231,0.9230769230769231,0.9579152731326644,0.9966555183946488,0.9662564999103458,137,1,1,12,151,13,8.61,0.27705077434683073,1.2856321072666078e-07,0.9999998158992555,0.08624888273984706
42,21,C_raw_focal_noW,11,0.09756809900000007,2.0,0.75,0.9867549668874173,0.9230769230769231,0.9230769230769231,0.9579152731326644,0.9966555183946488,0.9662564999103458,137,1,1,12,151,13,8.61,0.26045212217177083,0.0012542233119764855,0.9969767439970941,0.09111696234883027
42,21,D_raw_focal_W,11,0.09684159099970202,2.0,0.75,0.9867549668874173,0.9230769230769231,0.9230769230769231,0.9579152731326644,0.9972129319955407,0.9704231665770124,137,1,1,12,151,13,8.61,0.264246789777573,0.0011300475100213966,0.9971111182183842,0.09236850698236691
42,21,E_all_ce_noW,12,0.11951946799990765,2.0,0.75,0.9801324503311258,0.9166666666666666,0.8461538461538461,0.9345848375451263,0.9972129319955407,0.9704231665770124,137,1,2,11,151,13,8.61,0.2647686531292676,2.7986374106300024e-08,0.999999633097519,0.08138687080212713
42,21,F_all_ce_W,12,0.14756252300003325,2.0,0.75,0.9867549668874173,0.9230769230769231,0.9230769230769231,0.9579152731326644,0.9972129319955407,0.9704231665770124,137,1,1,12,151,13,8.61,0.2756839725862362,1.3019848556496335e-07,0.999999783944129,0.08758011282524773
42,21,G_all_focal_noW,12,0.0949630260001868,2.0,0.75,0.9867549668874173,0.9230769230769231,0.9230769230769231,0.9579152731326644,0.9972129319955407,0.9704231665770124,137,1,1,12,151,13,8.61,0.26149200565926334,0.0010789916510994756,0.996995111217456,0.09147598329006036
42,21,H_all_focal_W,12,0.09952140399991549,2.0,0.75,0.9867549668874173,0.9230769230769231,0.9230769230769231,0.9579152731326644,0.9977703455964325,0.9751850713389172,137,1,1,12,151,13,8.61,0.26758008876653677,0.0007538579851917014,0.9974293523562163,0.09207854953131239
42,21,LEGACY_A,11,0.1136706199999935,2.0,0.75,0.9867549668874173,0.9230769230769231,0.9230769230769231,0.9579152731326644,0.9983277591973244,0.9821780783319243,137,1,1,12,151,13,8.61,0.27854394484522893,2.627278426753729e-08,0.9999996944265447,0.08615274751612223
42,22,A_raw_ce_noW,11,0.11331291099986629,2.0,0.75,0.9933774834437086,1.0,0.9285714285714286,0.9796632996632997,0.9989572471324296,0.9910714285714284,137,0,1,13,151,14,9.27,0.28012688976252714,2.7274745976696667e-08,0.9999995984000244,0.08676314009192564
42,22,B_raw_ce_W,11,0.1203614490000291,2.0,0.75,0.9933774834437086,1.0,0.9285714285714286,0.9796632996632997,0.9973931178310741,0.9812030075187967,137,0,1,13,151,14,9.27,0.28069471633970416,1.4253134865594055e-07,0.9999997286347458,0.08866753939515643
42,22,C_raw_focal_noW,11,0.0943020129998331,2.0,0.75,0.9933774834437086,1.0,0.9285714285714286,0.9796632996632997,0.9989572471324296,0.9910714285714284,137,0,1,13,151,14,9.27,0.2700996321456369,0.0013709346512131857,0.9962990759858036,0.09467303595174686
42,22,D_raw_focal_W,11,0.09459026799959247,2.0,0.75,0.9933774834437086,1.0,0.9285714285714286,0.9796632996632997,0.9989572471324296,0.9910714285714284,137,0,1,13,151,14,9.27,0.27463861065837697,0.0012785630993988428,0.9974597751366744,0.09513453372926478
42,22,E_all_ce_noW,12,0.13528099199993449,2.0,0.75,0.9933774834437086,1.0,0.9285714285714286,0.9796632996632997,0.9973931178310741,0.9812030075187967,137,0,1,13,151,14,9.27,0.27969960006029426,2.7461747728707715e-08,0.9999995683572414,0.08647024754001541
42,22,F_all_ce_W,12,0.14603996599998936,2.0,0.75,0.9933774834437086,1.0,0.9285714285714286,0.9796632996632997,0.9937434827945777,0.9670329670329669,137,0,1,13,151,14,9.27,0.28194618986138575,1.4017662957882696e-07,0.999999717120264,0.08931371014744435
42,22,G_all_focal_noW,12,0.17239431400003014,2.0,0.75,0.9933774834437086,1.0,0.9285714285714286,0.9796632996632997,0.9994786235662149,0.995238095238095,137,0,1,13,151,14,9.27,0.26743754911150375,0.0013478710081135388,0.9952373978980397,0.09511739992614768
42,22,H_all_focal_W,12,0.1706721870000365,2.0,0.75,0.9933774834437086,1.0,0.9285714285714286,0.9796632996632997,0.9984358706986445,0.9873949579831931,137,0,1,13,151,14,9.27,0.2748943496873205,0.0011645327969812772,0.996881164526524,0.09734762383033126
42,22,LEGACY_A,11,0.19056579400012197,2.0,0.75,0.9933774834437086,1.0,0.9285714285714286,0.9796632996632997,0.9989572471324296,0.9910714285714284,137,0,1,13,151,14,9.27,0.2802778266162412,2.729286222528767e-08,0.9999996751047152,0.08641781770203692
42,23,A_raw_ce_noW,11,0.17867462599997452,2.0,0.75,0.9801324503311258,1.0,0.7857142857142857,0.9345848375451263,0.986444212721585,0.9316087138667783,137,0,3,11,151,14,9.27,0.25559519257539826,4.2975411906316646e-08,0.9999993753011757,0.07667949416921094
42,23,B_raw_ce_W,11,0.1881320549996417,2.0,0.75,0.9801324503311258,0.9230769230769231,0.8571428571428571,0.938989898989899,0.9895724713242962,0.9391821946169772,136,1,2,12,151,14,9.27,0.27509966783117523,1.40987624097011e-07,0.9999997664215955,0.08709735009624965
42,23,C_raw_focal_noW,11,0.14981437699998423,2.0,0.75,0.9867549668874173,1.0,0.8571428571428571,0.9579152731326644,0.9869655891553701,0.9348214285714285,137,0,2,12,151,14,9.27,0.24794846609719567,0.002132331675426118,0.9948749360505598,0.0900202702385025
42,23,D_raw_focal_W,11,0.1496015399998214,2.0,0.75,0.9735099337748344,0.9166666666666666,0.7857142857142857,0.9158305462653289,0.9801876955161626,0.9096800882515166,136,1,3,11,151,14,9.27,0.2541344154752572,0.0021478125228174224,0.9964643223514579,0.0944074748572091
42,23,E_all_ce_noW,12,0.19958031299984214,2.0,0.75,0.9801324503311258,1.0,0.7857142857142857,0.9345848375451263,0.9796663190823776,0.9129560915275199,137,0,3,11,151,14,9.27,0.25597062506528073,3.396707105515153e-08,0.9999994696990576,0.07273587871059467
42,23,F_all_ce_W,12,0.22976246500002162,2.0,0.75,0.9735099337748344,0.9166666666666666,0.7857142857142857,0.9158305462653289,0.9661105318039626,0.9017807122849137,136,1,3,11,151,14,9.27,0.2680774383208986,1.4728344025136178e-07,0.9999996636365468,0.08170028830305644
42,23,G_all_focal_noW,12,0.1534152220001488,2.0,0.75,0.9801324503311258,1.0,0.7857142857142857,0.9345848375451263,0.9822732012513034,0.9134933973589434,137,0,3,11,151,14,9.27,0.2453074468725731,0.0020313642864810033,0.9961827740495707,0.08588872290040843
42,23,H_all_focal_W,12,0.1615781809996406,2.0,0.75,0.9801324503311258,1.0,0.7857142857142857,0.9345848375451263,0.9749739311783108,0.8972013038102731,137,0,3,11,151,14,9.27,0.24777804703406237,0.001743126261947429,0.9971399297432099,0.08618430075365986
42,23,LEGACY_A,11,0.18201105799971629,2.0,0.75,0.9801324503311258,0.9230769230769231,0.8571428571428571,0.938989898989899,0.9869655891553701,0.9291993720565148,136,1,2,12,151,14,9.27,0.2660880407726621,3.1084772902387725e-08,0.9999995908326056,0.08286865039191475
42,24,A_raw_ce_noW,11,0.1795860359998187,2.0,0.75,1.0,1.0,1.0,1.0,1.0,0.9999999999999998,137,0,0,14,151,14,9.27,0.289780123497818,2.732019604114246e-08,0.9999994049669315,0.09350064567239118
42,24,B_raw_ce_W,11,0.2003259429998252,2.0,0.75,1.0,1.0,1.0,1.0,1.0,0.9999999999999999,137,0,0,14,151,14,9.27,0.2908229389928554,9.693856164771596e-08,0.9999994876852205,0.095903651277183
42,24,C_raw_focal_noW,11,0.14430817899983595,2.0,0.75,1.0,1.0,1.0,1.0,1.0,0.9999999999999998,137,0,0,14,151,14,9.27,0.2823989825887889,0.0012092446510563778,0.9965102973696123,0.10745523243154621
42,24,D_raw_focal_W,11,0.17271609799990983,2.0,0.75,0.9933774834437086,0.9333333333333333,1.0,0.9809271188581534,1.0,0.9999999999999998,136,1,0,14,151,14,9.27,0.2859224933759652,0.001128217713404739,0.9974436042834142,0.11115610844813009
42,24,E_all_ce_noW,12,0.6207790829998885,2.0,0.75,1.0,1.0,1.0,1.0,1.0,0.9999999999999998,137,0,0,14,151,14,9.27,0.28994041176690405,2.739774805829795e-08,0.9999991378674015,0.09422980559094656
42,24,F_all_ce_W,12,0.5871997650001504,2.0,0.75,1.0,1.0,1.0,1.0,1.0,0.9999999999999998,137,0,0,14,151,14,9.27,0.2904081803859062,1.1314986539480733e-07,0.9999994472547395,0.09641251608550874
42,24,G_all_focal_noW,12,0.4487841039999694,2.0,0.75,0.9933774834437086,0.9333333333333333,1.0,0.9809271188581534,1.0,0.9999999999999999,136,1,0,14,151,14,9.27,0.28135072347774825,0.0016045985521806047,0.9956268913865317,0.10612437480048806
42,24,H_all_focal_W,12,0.17850688399994397,2.0,0.75,0.9933774834437086,0.9333333333333333,1.0,0.9809271188581534,1.0,0.9999999999999998,136,1,0,14,151,14,9.27,0.28752711223049265,0.0009164672522502569,0.9978953252770922,0.10941361170464806
42,24,LEGACY_A,11,0.1339363939996474,2.0,0.75,1.0,1.0,1.0,1.0,1.0,0.9999999999999998,137,0,0,14,151,14,9.27,0.2899237660764819,2.5223626671902362e-08,0.9999994598532869,0.0946267595617191
42,25,A_raw_ce_noW,11,0.0986317169999893,2.0,0.75,0.9867549668874173,1.0,0.8571428571428571,0.9579152731326644,0.9963503649635036,0.9761904761904763,137,0,2,12,151,14,9.27,0.2708546383598715,2.736048638835039e-08,0.9999996085103622,0.08132713263338057
42,25,B_raw_ce_W,11,0.10892878000004202,2.0,0.75,0.9933774834437086,1.0,0.9285714285714286,0.9796632996632997,0.9963503649635036,0.9761904761904763,137,0,1,13,151,14,9.27,0.27591525290355035,1.0109007945632084e-07,0.9999998380748716,0.08449764262464625
42,25,C_raw_focal_noW,11,0.09057351299998118,2.0,0.75,0.9933774834437086,1.0,0.9285714285714286,0.9796632996632997,0.9973931178310741,0.981203007518797,137,0,1,13,151,14,9.27,0.26963985006593905,0.001787714600151799,0.9960417408679179,0.08942383971462341
42,25,D_raw_focal_W,11,0.09157387400000516,2.0,0.75,0.9933774834437086,1.0,0.9285714285714286,0.9796632996632997,0.9973931178310741,0.981203007518797,137,0,1,13,151,14,9.27,0.27389001791024564,0.0014938600699673664,0.9971834171640404,0.09032005345171518
42,25,E_all_ce_noW,12,0.1369898509997256,2.0,0.75,0.9867549668874173,1.0,0.8571428571428571,0.9579152731326644,0.9932221063607924,0.9656084656084656,137,0,2,12,151,14,9.27,0.27099857388201526,3.149349957965163e-08,0.9999995777312491,0.08159561219847353
42,25,F_all_ce_W,12,0.12327834000006987,2.0,0.75,0.9933774834437086,1.0,0.9285714285714286,0.9796632996632997,0.996871741397289,0.9785714285714284,137,0,1,13,151,14,9.27,0.27507725083421336,1.1792067773452476e-07,0.9999997484494239,0.08413804002340046
42,25,G_all_focal_noW,12,0.09366030599994701,2.0,0.75,0.9933774834437086,1.0,0.9285714285714286,0.9796632996632997,0.9979144942648592,0.9841269841269842,137,0,1,13,151,14,9.27,0.2682351606390043,0.0019569273837927686,0.9960092263107826,0.08816511382379288
42,25,H_all_focal_W,12,0.09424036399968827,2.0,0.75,0.9933774834437086,1.0,0.9285714285714286,0.9796632996632997,0.9989572471324297,0.9910714285714284,137,0,1,13,151,14,9.27,0.2742789635261038,0.0009334331209587326,0.9967496321172693,0.08856785254798613
42,25,LEGACY_A,11,0.1058440859997063,2.0,0.75,0.9933774834437086,1.0,0.9285714285714286,0.9796632996632997,0.9953076120959332,0.9720496894409936,137,0,1,13,151,14,9.27,0.27472801770337685,2.2099063252033487e-08,0.9999997381352155,0.08397787730056275
123,1,A_raw_ce_noW,11,0.11285270099961053,2.0,0.75,0.9867549668874173,0.9230769230769231,0.9230769230769231,0.9579152731326644,0.9949832775919732,0.9685314685314683,137,1,1,12,151,13,8.61,0.2770551871336463,2.7793232222712216e-08,0.9999994403643103,0.08656298441525757
123,1,B_raw_ce_W,11,0.11492666699996335,2.0,0.75,0.9867549668874173,0.9230769230769231,0.9230769230769231,0.9579152731326644,0.9949832775919732,0.9685314685314683,137,1,1,12,151,13,8.61,0.27970474820486235,1.3493036683428717e-07,0.9999997656149634,0.08972984315436822
123,1,C_raw_focal_noW,11,0.12455609100015863,2.0,0.75,0.9867549668874173,0.9230769230769231,0.9230769230769231,0.9579152731326644,0.996098104793757,0.9697913422609776,137,1,1,12,151,13,8.61,0.2690491838678831,0.0012677693844681279,0.9983674160468016,0.09863699308897309
123,1,D_raw_focal_W,11,0.09516028200005167,2.0,0.75,0.9867549668874173,0.9230769230769231,0.9230769230769231,0.9579152731326644,0.9966555183946488,0.972715318869165,137,1,1,12,151,13,8.61,0.2727088872390418,0.0011370340558701896,0.9981904340093631,0.09920613343739842
123,1,E_all_ce_noW,12,0.11986869300017133,2.0,0.75,0.9801324503311258,0.8571428571428571,0.9230769230769231,0.938989898989899,0.9966555183946488,0.9727153188691648,136,2,1,12,151,13,8.61,0.27977275471240987,2.832959168375608e-08,0.9999993465719526,0.09008148021135827
123,1,F_all_ce_W,12,0.12904795399981595,2.0,0.75,0.9867549668874173,0.9230769230769231,0.9230769230769231,0.9579152731326644,0.9966555183946488,0.9727153188691648,137,1,1,12,151,13,8.61,0.28217915604166793,1.4576595328551863e-07,0.9999997213074634,0.09290358863440885
123,1,G_all_focal_noW,12,0.10413521100008438,2.0,0.75,0.9801324503311258,0.8571428571428571,0.9230769230769231,0.938989898989899,0.9966555183946488,0.9709114414996765,136,2,1,12,151,13,8.61,0.2714663899898679,0.0013723006735477839,0.9973973196072528,0.09876335628869713
123,1,H_all_focal_W,12,0.10068305999993754,2.0,0.75,0.9801324503311258,0.8571428571428571,0.9230769230769231,0.938989898989899,0.9955406911928651,0.9671597633136091,136,2,1,12,151,13,8.61,0.2728529170625832,0.001054622241821272,0.9981419373899965,0.10009676939587293
123,1,LEGACY_A,11,0.11722142700000404,2.0,0.75,0.9867549668874173,0.9230769230769231,0.9230769230769231,0.9579152731326644,0.9977703455964325,0.9819004524886874,137,1,1,12,151,13,8.61,0.27628421143882326,2.7798597173700054e-08,0.9999996456970767,0.08683790971985522
123,2,A_raw_ce_noW,11,0.11528497900008006,2.0,0.75,0.9867549668874173,0.9285714285714286,0.9285714285714286,0.9606360792492179,0.9911366006256517,0.9368476761333902,136,1,1,13,151,14,9.27,0.28196022862927717,3.456772690557771e-08,0.9999994738829917,0.08952257278462987
123,2,B_raw_ce_W,11,0.1091275889998542,2.0,0.75,0.9867549668874173,0.9285714285714286,0.9285714285714286,0.9606360792492179,0.9906152241918665,0.9465052599289052,136,1,1,13,151,14,9.27,0.2885120723727728,1.3731153893464008e-07,0.9999996835282854,0.09240927604117628
123,2,C_raw_focal_noW,11,0.09381848700013506,2.0,0.75,0.9867549668874173,0.9285714285714286,0.9285714285714286,0.9606360792492179,0.9927007299270073,0.9605064247921389,136,1,1,13,151,14,9.27,0.26010033470398963,0.0032778382731178976,0.9935010392695589,0.09568404924149679
123,2,D_raw_focal_W,11,0.09024894200001654,2.0,0.75,0.9867549668874173,0.9285714285714286,0.9285714285714286,0.9606360792492179,0.9927007299270073,0.956436420722135,136,1,1,13,151,14,9.27,0.2764535703646481,0.0024025491923115976,0.9956309194011816,0.10062989191846713
123,2,E_all_ce_noW,12,0.11565703299993402,2.0,0.75,0.9801324503311258,0.9230769230769231,0.8571428571428571,0.938989898989899,0.9927007299270073,0.9471956614813757,136,1,2,12,151,14,9.27,0.2779238992628523,2.8867184287066363e-08,0.9999996322293987,0.0874132929839111
123,2,F_all_ce_W,12,0.1248169999998936,2.0,0.75,0.9867549668874173,0.9285714285714286,0.9285714285714286,0.9606360792492179,0.9927007299270073,0.956436420722135,136,1,1,13,151,14,9.27,0.2834396383534712,1.382827194394367e-07,0.9999997733318241,0.09071557472873149
123,2,G_all_focal_noW,12,0.09228854200000569,2.0,0.75,0.9867549668874173,0.9285714285714286,0.9285714285714286,0.9606360792492179,0.9921793534932221,0.9400528043385186,136,1,1,13,151,14,9.27,0.2653808624394638,0.002962541549798818,0.9938838849414429,0.09682588334518005
123,2,H_all_focal_W,12,0.09438818199987509,2.0,0.75,0.9867549668874173,0.9285714285714286,0.9285714285714286,0.9606360792492179,0.9906152241918665,0.9412432805289948,136,1,1,13,151,14,9.27,0.2753061122081395,0.0015840086778030364,0.9957231212126672,0.09924169006555568
123,2,LEGACY_A,11,0.10899481199976435,2.0,0.75,0.9867549668874173,0.9285714285714286,0.9285714285714286,0.9606360792492179,0.9921793534932221,0.9504840397697538,136,1,1,13,151,14,9.27,0.2898719062167641,2.5727967381792663e-08,0.999999396118319,0.09275591400052087
123,3,A_raw_ce_noW,11,0.1079412690000936,2.0,0.75,0.9933774834437086,0.9333333333333333,1.0,0.9809271188581534,1.0,0.9999999999999998,136,1,0,14,151,14,9.27,0.2932618650616193,2.7564454144125757e-08,0.9999994419376513,0.09717452631903109
123,3,B_raw_ce_W,11,0.11522553499980859,2.0,0.75,0.9933774834437086,0.9333333333333333,1.0,0.9809271188581534,1.0,0.9999999999999999,136,1,0,14,151,14,9.27,0.2947351095467271,1.3627344466044484e-07,0.999999734174442,0.09794156827294546
123,3,C_raw_focal_noW,11,0.09171010199997909,2.0,0.75,0.9933774834437086,0.9333333333333333,1.0,0.9809271188581534,1.0,0.9999999999999998,136,1,0,14,151,14,9.27,0.2828295415998109,0.0020888532191166488,0.9973667898487255,0.10615295284595051
123,3,D_raw_focal_W,11,0.09438428600014959,2.0,0.75,0.9933774834437086,0.9333333333333333,1.0,0.9809271188581534,1.0,0.9999999999999998,136,1,0,14,151,14,9.27,0.28867627975429233,0.0017944878861392744,0.9975450059667689,0.10896255050276327
123,3,E_all_ce_noW,12,0.12130077699976027,2.0,0.75,0.9933774834437086,0.9333333333333333,1.0,0.9809271188581534,1.0,0.9999999999999998,136,1,0,14,151,14,9.27,0.2961901041361629,2.7727912887610395e-08,0.999999507887995,0.09904434958673572
123,3,F_all_ce_W,12,0.1318747299997085,2.0,0.75,0.9933774834437086,0.9333333333333333,1.0,0.9809271188581534,1.0,0.9999999999999999,136,1,0,14,151,14,9.27,0.295343274128436,1.4666362249490523e-07,0.999999618306769,0.09994358392395576
123,3,G_all_focal_noW,12,0.10282311300034053,2.0,0.75,0.9933774834437086,0.9333333333333333,1.0,0.9809271188581534,1.0,0.9999999999999999,136,1,0,14,151,14,9.27,0.28634725316931087,0.0017589348173881964,0.9968329921749384,0.1071578816725936
123,3,H_all_focal_W,12,0.10860957000022609,2.0,0.75,0.9933774834437086,0.9333333333333333,1.0,0.9809271188581534,1.0,0.9999999999999998,136,1,0,14,151,14,9.27,0.2896859560776932,0.001519217065136579,0.9976078979986958,0.10888773252898497
123,3,LEGACY_A,11,0.11309046099995612,2.0,0.75,0.9933774834437086,0.9333333333333333,1.0,0.9809271188581534,1.0,0.9999999999999998,136,1,0,14,151,14,9.27,0.2925587777060035,2.6812271381470323e-08,0.9999995220344358,0.09670049593978487
123,4,A_raw_ce_noW,11,0.10331652300010319,2.0,0.75,0.9801324503311258,0.9230769230769231,0.8571428571428571,0.938989898989899,0.9979144942648592,0.9815476190476189,136,1,2,12,151,14,9.27,0.26942315747619855,4.0928346419817665e-08,0.9999996092852378,0.08211352141906789
123,4,B_raw_ce_W,11,0.11815610900021056,2.0,0.75,0.9801324503311258,0.9230769230769231,0.8571428571428571,0.938989898989899,0.9979144942648592,0.9815476190476189,136,1,2,12,151,14,9.27,0.2741912509302583,1.551280259408062e-07,0.9999998267005538,0.08392414180890588
123,4,C_raw_focal_noW,11,0.09003484699996989,2.0,0.75,0.9801324503311258,0.9230769230769231,0.8571428571428571,0.938989898989899,0.9973931178310741,0.9778711484593836,136,1,2,12,151,14,9.27,0.2629906902010425,0.0022713171207737757,0.9961567459020898,0.08979049238848513
123,4,D_raw_focal_W,11,0.0915270839996083,2.0,0.75,0.9801324503311258,0.9230769230769231,0.8571428571428571,0.938989898989899,0.9932221063607924,0.9590476190476189,136,1,2,12,151,14,9.27,0.26711712583461367,0.0012605260394537938,0.997451300463438,0.09117539708655353
123,4,E_all_ce_noW,12,0.1151926799998364,2.0,0.75,0.9867549668874173,1.0,0.8571428571428571,0.9579152731326644,0.9906152241918664,0.9435714285714285,137,0,2,12,151,14,9.27,0.27031228108704636,3.189003407852873e-08,0.9999994913515613,0.08020790523104118
123,4,F_all_ce_W,12,0.1243371450000268,2.0,0.75,0.9867549668874173,1.0,0.8571428571428571,0.9579152731326644,0.989051094890511,0.9420634920634918,137,0,2,12,151,14,9.27,0.2703764766559957,1.4236644941102425e-07,0.9999996657739034,0.07989260493688015
123,4,G_all_focal_noW,12,0.11428279199981262,2.0,0.75,0.9867549668874173,1.0,0.8571428571428571,0.9579152731326644,0.9895724713242962,0.9393506493506492,137,0,2,12,151,14,9.27,0.2616165522965309,0.0018742866917764917,0.9966272057364914,0.08788109503229541
123,4,H_all_focal_W,12,0.09612510899978588,2.0,0.75,0.9801324503311258,0.9230769230769231,0.8571428571428571,0.938989898989899,0.9869655891553702,0.9326839826839826,136,1,2,12,151,14,9.27,0.2666465133890769,0.0015666350084186096,0.9972226291931574,0.08887389883323368
123,4,LEGACY_A,11,0.10855495099986001,2.0,0.75,0.9801324503311258,0.9230769230769231,0.8571428571428571,0.938989898989899,0.9973931178310741,0.9778711484593836,136,1,2,12,151,14,9.27,0.27683368595511243,3.0894526569761894e-08,0.9999996876578058,0.08493932584923504
123,5,A_raw_ce_noW,11,0.1080553179999697,2.0,0.75,0.9867549668874173,1.0,0.8571428571428571,0.9579152731326644,1.0,0.9999999999999999,137,0,2,12,151,14,9.27,0.27023697126316143,2.749508280592138e-08,0.9999995658958057,0.0824080377089211
123,5,B_raw_ce_W,11,0.12231970600032582,2.0,0.75,0.9933774834437086,1.0,0.9285714285714286,0.9796632996632997,1.0,1.0,137,0,1,13,151,14,9.27,0.2728614679545653,1.4438159409875775e-07,0.9999997042574287,0.08656781625171381
123,5,C_raw_focal_noW,11,0.09436179100021036,2.0,0.75,0.9867549668874173,1.0,0.8571428571428571,0.9579152731326644,1.0,0.9999999999999999,137,0,2,12,151,14,9.27,0.2687686982161737,0.0014212053010416704,0.9973033915872388,0.09534568759812471
123,5,D_raw_focal_W,11,0.10147661399969365,2.0,0.75,0.9933774834437086,1.0,0.9285714285714286,0.9796632996632997,1.0,1.0,137,0,1,13,151,14,9.27,0.27073295081719284,0.0009673762573179547,0.9975371051666029,0.096074912338638
123,5,E_all_ce_noW,12,0.12194776800015461,2.0,0.75,0.9933774834437086,1.0,0.9285714285714286,0.9796632996632997,0.9994786235662149,0.9952380952380951,137,0,1,13,151,14,9.27,0.27779989538553224,2.759196415648888e-08,0.9999995972776438,0.08667573979915794
123,5,F_all_ce_W,12,0.1365494309998212,2.0,0.75,0.9867549668874173,0.9285714285714286,0.9285714285714286,0.9606360792492179,0.9989572471324296,0.9910714285714285,136,1,1,13,151,14,9.27,0.279495455179949,1.0245574358896413e-07,0.9999997320665618,0.08990589931808823
123,5,G_all_focal_noW,12,0.09543201699989368,2.0,0.75,0.9933774834437086,1.0,0.9285714285714286,0.9796632996632997,0.9989572471324296,0.9910714285714285,137,0,1,13,151,14,9.27,0.2682729301501526,0.0013057941969549444,0.9965421192117003,0.0944985656489814
123,5,H_all_focal_W,12,0.1006245060002584,2.0,0.75,0.9867549668874173,0.9285714285714286,0.9285714285714286,0.9606360792492179,0.9984358706986445,0.9873949579831932,136,1,1,13,151,14,9.27,0.2760870973607286,0.0008913023003145902,0.9979111894883951,0.10041770773150353
123,5,LEGACY_A,11,0.11490735100005622,2.0,0.75,0.9933774834437086,1.0,0.9285714285714286,0.9796632996632997,0.9994786235662149,0.9952380952380953,137,0,1,13,151,14,9.27,0.27754227009179255,2.6244424519274888e-08,0.9999994955437226,0.08841840414313609
123,6,A_raw_ce_noW,11,0.10321819199998572,2.0,0.75,0.9933774834437086,0.9285714285714286,1.0,0.9796632996632997,1.0,1.0,137,1,0,13,151,13,8.61,0.28994352879456325,2.8806337963675063e-08,0.9999995621585515,0.09515087248831999
123,6,B_raw_ce_W,11,0.11792918999981339,2.0,0.75,0.9867549668874173,0.8666666666666667,1.0,0.9606360792492179,1.0,1.0,136,2,0,13,151,13,8.61,0.2942092766210087,1.4123521700182152e-07,0.9999998263080099,0.09979672009824563
123,6,C_raw_focal_noW,11,0.09006717700003719,2.0,0.75,0.9933774834437086,0.9285714285714286,1.0,0.9796632996632997,1.0,0.9999999999999999,137,1,0,13,151,13,8.61,0.2795607450531155,0.001569704411160817,0.9970022829259967,0.11343418305373965
123,6,D_raw_focal_W,11,0.11382649799998035,2.0,0.75,0.9867549668874173,0.8666666666666667,1.0,0.9606360792492179,1.0,0.9999999999999999,136,2,0,13,151,13,8.61,0.28680472354123815,0.0011250411707728366,0.9972212244484929,0.11633299987218719
123,6,E_all_ce_noW,12,0.11451822800017908,2.0,0.75,0.9801324503311258,0.8125,1.0,0.94278135657446,1.0,1.0,135,3,0,13,151,13,8.61,0.30158496005797814,2.9122340742617763e-08,0.9999993056258519,0.10418228832026862
123,6,F_all_ce_W,12,0.12502858900006686,2.0,0.75,0.9801324503311258,0.8125,1.0,0.94278135657446,1.0,1.0,135,3,0,13,151,13,8.61,0.3012899997103031,1.453020237639953e-07,0.9999998076573927,0.10620337582487807
123,6,G_all_focal_noW,12,0.09341467900003408,2.0,0.75,0.9801324503311258,0.8125,1.0,0.94278135657446,1.0,1.0,135,3,0,13,151,13,8.61,0.28655249781131115,0.0014032132453866328,0.9968752462764884,0.11512980756744852
123,6,H_all_focal_W,12,0.09581923399991865,2.0,0.75,0.9801324503311258,0.8125,1.0,0.94278135657446,1.0,1.0,135,3,0,13,151,13,8.61,0.2933254249096958,0.0010292674907259303,0.9973061277803118,0.12179368619046674
123,6,LEGACY_A,11,0.10443405400019401,2.0,0.75,0.9867549668874173,0.8666666666666667,1.0,0.9606360792492179,1.0,1.0,136,2,0,13,151,13,8.61,0.29156566007610724,2.782910387442382e-08,0.9999997255348433,0.09703524943977838
123,7,A_raw_ce_noW,11,0.09742393399983484,2.0,0.75,0.9867549668874173,1.0,0.8571428571428571,0.9579152731326644,0.9176225234619395,0.878020173586676,137,0,2,12,151,14,9.27,0.26241784387316797,2.870418770433239e-08,0.9999996791482672,0.07666106164628791
123,7,B_raw_ce_W,11,0.1085609070000828,2.0,0.75,0.9867549668874173,1.0,0.8571428571428571,0.9579152731326644,0.9176225234619395,0.878020173586676,137,0,2,12,151,14,9.27,0.26460223427803753,1.2962014582613462e-07,0.9999997783754877,0.07824005567180733
123,7,C_raw_focal_noW,11,0.10623350700006995,2.0,0.75,0.9867549668874173,1.0,0.8571428571428571,0.9579152731326644,0.90563086548488,0.8758231483336671,137,0,2,12,151,14,9.27,0.2567905919328738,0.0010820919995120021,0.9982492602748175,0.08247302858064208
123,7,D_raw_focal_W,11,0.08945565800013355,2.0,0.75,0.9867549668874173,1.0,0.8571428571428571,0.9579152731326644,0.9035453597497394,0.8759412426387877,137,0,2,12,151,14,9.27,0.26481105225519985,0.0008176448170226627,0.9987292397467036,0.08469235834615076
123,7,E_all_ce_noW,12,0.10645238699999027,2.0,0.75,0.9867549668874173,1.0,0.8571428571428571,0.9579152731326644,0.921793534932221,0.879101007491604,137,0,2,12,151,14,9.27,0.2619218835173352,2.8199134538167518e-08,0.9999997284265714,0.07810207285662621
123,7,F_all_ce_W,12,0.11537991000022885,2.0,0.75,0.9801324503311258,0.9230769230769231,0.8571428571428571,0.938989898989899,0.9077163712200208,0.8760747354497354,136,1,2,12,151,14,9.27,0.2681883306807617,1.4436891410686035e-07,0.9999997750986169,0.08147845695489336
123,7,G_all_focal_noW,12,0.08913732899964089,2.0,0.75,0.9867549668874173,1.0,0.8571428571428571,0.9579152731326644,0.8983315954118873,0.874791308981114,137,0,2,12,151,14,9.27,0.2615070510774529,0.0013131713456830541,0.9980856912046381,0.08565231548388992
123,7,H_all_focal_W,12,0.0935117179997178,2.0,0.75,0.9867549668874173,1.0,0.8571428571428571,0.9579152731326644,0.8931178310740354,0.8740807623689133,137,0,2,12,151,14,9.27,0.2638280272472585,0.0008664835104430838,0.9983737319587158,0.08600479501223775
123,7,LEGACY_A,11,0.10598329699996611,2.0,0.75,0.9867549668874173,1.0,0.8571428571428571,0.9579152731326644,0.9160583941605839,0.8779008612188546,137,0,2,12,151,14,9.27,0.26931890240441814,2.687086172273307e-08,0.9999996846207493,0.07957271909450694
123,8,A_raw_ce_noW,11,0.10281742500001201,2.0,0.75,0.9801324503311258,1.0,0.7857142857142857,0.9345848375451263,0.9859228362877999,0.9245054945054945,137,0,3,11,151,14,9.27,0.25969273328763337,3.056688634549271e-08,0.9999992123274402,0.07353516888255732
123,8,B_raw_ce_W,11,0.1944659139999203,2.0,0.75,0.9801324503311258,1.0,0.7857142857142857,0.9345848375451263,0.9859228362877999,0.9245054945054945,137,0,3,11,151,14,9.27,0.2618602836064502,1.1082327171369935e-07,0.999999785817885,0.07640391850767302
123,8,C_raw_focal_noW,11,0.14860484300015742,2.0,0.75,0.9801324503311258,1.0,0.7857142857142857,0.9345848375451263,0.9817518248175183,0.9148587971168616,137,0,3,11,151,14,9.27,0.24950083652089322,0.0017159823893655125,0.9956658162296429,0.08531116232883586
123,8,D_raw_focal_W,11,0.1492411690001063,2.0,0.75,0.9801324503311258,1.0,0.7857142857142857,0.9345848375451263,0.9833159541188738,0.9225641869651084,137,0,3,11,151,14,9.27,0.25534838876480187,0.0012855020242782589,0.9964942472741493,0.08841386753498853
123,8,E_all_ce_noW,12,0.18616756700021142,2.0,0.75,0.9867549668874173,1.0,0.8571428571428571,0.9579152731326644,0.9713242961418144,0.908824640967498,137,0,2,12,151,14,9.27,0.26458283025284046,2.7666624945544237e-08,0.9999994876873501,0.07763584112843717
123,8,F_all_ce_W,12,0.2108380650001891,2.0,0.75,0.9867549668874173,1.0,0.8571428571428571,0.9579152731326644,0.9744525547445255,0.9093189964157704,137,0,2,12,151,14,9.27,0.26749028129291647,1.243028497678344e-07,0.9999997672203147,0.0805268198218395
123,8,G_all_focal_noW,12,0.16619377500001065,2.0,0.75,0.9867549668874173,1.0,0.8571428571428571,0.9579152731326644,0.9723670490093848,0.9113756613756612,137,0,2,12,151,14,9.27,0.2577761629403889,0.0019874758606695953,0.9948097064599808,0.08956796194919064
123,8,H_all_focal_W,12,0.15724940900008733,2.0,0.75,0.9867549668874173,1.0,0.8571428571428571,0.9579152731326644,0.97288842544317,0.9099139655862343,137,0,2,12,151,14,9.27,0.25989853061948626,0.0008417204088270951,0.9970467605950865,0.08872074638140652
123,8,LEGACY_A,11,0.17686620099993888,2.0,0.75,0.9801324503311258,1.0,0.7857142857142857,0.9345848375451263,0.9848800834202295,0.9265437788018431,137,0,3,11,151,14,9.27,0.260110468016182,2.7259359574697652e-08,0.9999996642380103,0.07481359039816586
123,9,A_raw_ce_noW,11,0.18424186899983397,2.0,0.75,0.9867549668874173,1.0,0.8571428571428571,0.9579152731326644,0.9989572471324296,0.9910714285714284,137,0,2,12,151,14,9.27,0.2702828434523292,2.7393321020160587e-08,0.9999996385278161,0.08197034586355716
123,9,B_raw_ce_W,11,0.198237921999862,2.0,0.75,0.9801324503311258,0.9230769230769231,0.8571428571428571,0.938989898989899,0.9989572471324296,0.9901360544217686,136,1,2,12,151,14,9.27,0.27459996155441435,1.2788577842064778e-07,0.999999697227731,0.08717541879443405
123,9,C_raw_focal_noW,11,0.16204082199965342,2.0,0.75,0.9801324503311258,0.9230769230769231,0.8571428571428571,0.938989898989899,0.9979144942648592,0.9822929171668666,136,1,2,12,151,14,9.27,0.26432625162431883,0.0014162676609499687,0.9978030326628828,0.0947096064544575
123,9,D_raw_focal_W,11,0.154010327999913,2.0,0.75,0.9867549668874173,1.0,0.8571428571428571,0.9579152731326644,0.9989572471324296,0.9901360544217686,137,0,2,12,151,14,9.27,0.2655098262614762,0.0011260957486641323,0.9985693999230958,0.09501040548003709
123,9,E_all_ce_noW,12,0.2017992700002651,2.0,0.75,0.9801324503311258,0.9230769230769231,0.8571428571428571,0.938989898989899,0.9979144942648592,0.9822929171668666,136,1,2,12,151,14,9.27,0.27834678096406035,2.7428172851949955e-08,0.9999997325003503,0.08675829468365445
123,9,F_all_ce_W,12,0.2170790379996106,2.0,0.75,0.9801324503311258,0.9230769230769231,0.8571428571428571,0.938989898989899,0.9973931178310741,0.9778711484593836,136,1,2,12,151,14,9.27,0.2802105753433336,1.381883389736387e-07,0.9999997476174554,0.09096092526814994
123,9,G_all_focal_noW,12,0.1610529219997261,2.0,0.75,0.9801324503311258,0.9230769230769231,0.8571428571428571,0.938989898989899,0.9979144942648592,0.9815476190476189,136,1,2,12,151,14,9.27,0.2646294518991256,0.0016345566014581072,0.9976779027485815,0.09488888249812309
123,9,H_all_focal_W,12,0.16084397599979638,2.0,0.75,0.9801324503311258,0.9230769230769231,0.8571428571428571,0.938989898989899,0.9968717413972888,0.9740021008403359,136,1,2,12,151,14,9.27,0.27001655906484834,0.001343880178542644,0.9981912371636475,0.09904883862414474
123,9,LEGACY_A,11,0.2047061489997759,2.0,0.75,0.9867549668874173,1.0,0.8571428571428571,0.9579152731326644,0.9989572471324296,0.9901360544217686,137,0,2,12,151,14,9.27,0.2703181013002856,2.5536959882625244e-08,0.9999995969863714,0.08295390834883216
123,10,A_raw_ce_noW,11,0.1832354920002217,2.0,0.75,1.0,1.0,1.0,1.0,1.0,0.9999999999999998,137,0,0,14,151,14,9.27,0.28701138259331327,2.6755641984666927e-08,0.9999994939955297,0.09171624916001885
123,10,B_raw_ce_W,11,0.20695968200016068,2.0,0.75,1.0,1.0,1.0,1.0,1.0,0.9999999999999998,137,0,0,14,151,14,9.27,0.28943812566437765,1.1687940136678645e-07,0.9999997604720657,0.09255230155254907
123,10,C_raw_focal_noW,11,0.15032625200001348,2.0,0.75,1.0,1.0,1.0,1.0,1.0,0.9999999999999998,137,0,0,14,151,14,9.27,0.2766664675146188,0.0010966784941243734,0.9969756000174942,0.09506462186690495
123,10,D_raw_focal_W,11,0.1607074750004358,2.0,0.75,1.0,1.0,1.0,1.0,1.0,0.9999999999999998,137,0,0,14,151,14,9.27,0.2812259371625822,0.0010891769950291273,0.9977242599362776,0.09706542922262024
123,10,E_all_ce_noW,12,0.22963562599989018,2.0,0.75,1.0,1.0,1.0,1.0,1.0,0.9999999999999998,137,0,0,14,151,14,9.27,0.2859036438243145,2.755594989190342e-08,0.9999996286066077,0.09133137670961865
123,10,F_all_ce_W,12,0.2174427840000135,2.0,0.75,1.0,1.0,1.0,1.0,1.0,0.9999999999999998,137,0,0,14,151,14,9.27,0.2851672352238651,1.2869017716815833e-07,0.9999997683411338,0.0910491703436082
123,10,G_all_focal_noW,12,0.16317577300014818,2.0,0.75,1.0,1.0,1.0,1.0,1.0,0.9999999999999998,137,0,0,14,151,14,9.27,0.27583976244887803,0.0012727653260719075,0.9965759764812376,0.0943544942168393
123,10,H_all_focal_W,12,0.10150316199997178,2.0,0.75,1.0,1.0,1.0,1.0,1.0,0.9999999999999998,137,0,0,14,151,14,9.27,0.2794027349437057,0.0008952948322603434,0.9978738581513682,0.09491407567990873
123,10,LEGACY_A,11,0.11396230100035609,2.0,0.75,1.0,1.0,1.0,1.0,1.0,0.9999999999999998,137,0,0,14,151,14,9.27,0.28911131205751744,2.4357556177664214e-08,0.9999996014546385,0.09244929391823549
123,11,A_raw_ce_noW,11,0.12807522200000676,2.0,0.75,0.9933774834437086,0.9285714285714286,1.0,0.9796632996632997,1.0,0.9999999999999998,137,1,0,13,151,13,8.61,0.28023129764715804,2.782342157400333e-08,0.9999996694887394,0.08996745171045321
123,11,B_raw_ce_W,11,0.12449495800001387,2.0,0.75,0.9933774834437086,0.9285714285714286,1.0,0.9796632996632997,1.0,0.9999999999999998,137,1,0,13,151,13,8.61,0.2845357450714258,1.3990592591628933e-07,0.9999997312357235,0.09288570373566055
123,11,C_raw_focal_noW,11,0.09313028799988388,2.0,0.75,0.9933774834437086,0.9285714285714286,1.0,0.9796632996632997,1.0,0.9999999999999999,137,1,0,13,151,13,8.61,0.2736973995576612,0.0018007637415324146,0.9976974811912653,0.09833017501979345
123,11,D_raw_focal_W,11,0.09618975200010027,2.0,0.75,0.9933774834437086,0.9285714285714286,1.0,0.9796632996632997,1.0,0.9999999999999998,137,1,0,13,151,13,8.61,0.2781540093096741,0.0012895532906179697,0.9973665223618238,0.09878926411561603
123,11,E_all_ce_noW,12,0.12306373000001258,2.0,0.75,1.0,1.0,1.0,1.0,1.0,0.9999999999999998,138,0,0,13,151,13,8.61,0.2804988483502055,2.8073148114379908e-08,0.9999995337226895,0.08875887917663147
123,11,F_all_ce_W,12,0.13276935500016407,2.0,0.75,0.9933774834437086,0.9285714285714286,1.0,0.9796632996632997,1.0,0.9999999999999998,137,1,0,13,151,13,8.61,0.28191430040123727,1.1403589728316536e-07,0.9999997473052066,0.09029109786225085
123,11,G_all_focal_noW,12,0.09783843200011688,2.0,0.75,0.9933774834437086,0.9285714285714286,1.0,0.9796632996632997,1.0,0.9999999999999998,137,1,0,13,151,13,8.61,0.27389791820431697,0.0013790249808604948,0.9974872046957038,0.09628158775796286
123,11,H_all_focal_W,12,0.0997153220000655,2.0,0.75,0.9933774834437086,0.9285714285714286,1.0,0.9796632996632997,1.0,0.9999999999999998,137,1,0,13,151,13,8.61,0.27932063952402264,0.0011984049821187866,0.9977578034164356,0.09834037625282241
123,11,LEGACY_A,11,0.13419151700009024,2.0,0.75,0.9933774834437086,0.9285714285714286,1.0,0.9796632996632997,1.0,1.0,137,1,0,13,151,13,8.61,0.287324098649465,2.773516408515747e-08,0.9999996615251585,0.09315705231062339
123,12,A_raw_ce_noW,11,0.10728002399991965,2.0,0.75,0.9735099337748344,1.0,0.7142857142857143,0.9094724220623501,0.9963503649635037,0.973469387755102,137,0,4,10,151,14,9.27,0.2425487748232087,2.7437848090077204e-08,0.99999943056568,0.06855026830552759
123,12,B_raw_ce_W,11,0.11617584699979489,2.0,0.75,0.9867549668874173,1.0,0.8571428571428571,0.9579152731326644,0.9958289885297185,0.9690476190476189,137,0,2,12,151,14,9.27,0.2586915310094462,1.4048675914248164e-07,0.9999997890775137,0.07579122322503194
123,12,C_raw_focal_noW,11,0.09102590400016197,2.0,0.75,0.9867549668874173,1.0,0.8571428571428571,0.9579152731326644,0.9968717413972888,0.9761009667024703,137,0,2,12,151,14,9.27,0.2303555400169448,0.0017994701388125377,0.9965317661898365,0.07793252030203406
123,12,D_raw_focal_W,11,0.09424097700002676,2.0,0.75,0.9867549668874173,1.0,0.8571428571428571,0.9579152731326644,0.9958289885297185,0.9678101503759398,137,0,2,12,151,14,9.27,0.2501999927768894,0.0009418565059195157,0.9978142183401536,0.08382869453156659
123,12,E_all_ce_noW,12,0.12406604799980414,2.0,0.75,0.9867549668874173,1.0,0.8571428571428571,0.9579152731326644,0.9963503649635036,0.976190476190476,137,0,2,12,151,14,9.27,0.2520668856127269,2.805666724117085e-08,0.9999997155602239,0.07345457272768062
123,12,F_all_ce_W,12,0.1282538850000492,2.0,0.75,0.9867549668874173,1.0,0.8571428571428571,0.9579152731326644,0.9958289885297185,0.9740259740259738,137,0,2,12,151,14,9.27,0.2638171199453056,1.3264357310286383e-07,0.9999998059186622,0.07761952793174422
123,12,G_all_focal_noW,12,0.1089441940002871,2.0,0.75,0.9867549668874173,1.0,0.8571428571428571,0.9579152731326644,0.9947862356621481,0.9669476486246671,137,0,2,12,151,14,9.27,0.23251689906301312,0.0015054995562341104,0.9976163819012541,0.07851370477462642
123,12,H_all_focal_W,12,0.10059812899999088,2.0,0.75,0.9867549668874173,1.0,0.8571428571428571,0.9579152731326644,0.996871741397289,0.9785714285714284,137,0,2,12,151,14,9.27,0.24769018694489736,0.0010415085821603488,0.9977204604225214,0.0844471420711173
123,12,LEGACY_A,11,0.11425244699967152,2.0,0.75,0.9867549668874173,1.0,0.8571428571428571,0.9579152731326644,0.9979144942648592,0.9822929171668666,137,0,2,12,151,14,9.27,0.264900516984219,2.5416944639769184e-08,0.9999996334265004,0.07794529244452425
123,13,A_raw_ce_noW,11,0.10251722700013488,2.0,0.75,0.9933774834437086,1.0,0.9285714285714286,0.9796632996632997,0.9895724713242962,0.9579831932773111,137,0,1,13,151,14,9.27,0.2741111037120265,2.753946319950898e-08,0.9999997280851196,0.08378701054230278
123,13,B_raw_ce_W,11,0.1086639400000422,2.0,0.75,0.9933774834437086,1.0,0.9285714285714286,0.9796632996632997,0.9927007299270073,0.9642857142857144,137,0,1,13,151,14,9.27,0.27848589892118136,1.1843796830691472e-07,0.999999840742851,0.08553186755431566
123,13,C_raw_focal_noW,11,0.08965487500017844,2.0,0.75,0.9933774834437086,1.0,0.9285714285714286,0.9796632996632997,0.9942648592283628,0.9685714285714285,137,0,1,13,151,14,9.27,0.2686792801793077,0.0022064454904978854,0.9966773820627461,0.09423229133935843
123,13,D_raw_focal_W,11,0.09033474399984698,2.0,0.75,0.9933774834437086,1.0,0.9285714285714286,0.9796632996632997,0.9921793534932222,0.9630541871921183,137,0,1,13,151,14,9.27,0.2741795082888467,0.0018258144009082062,0.9976827110486075,0.09649783347894225
123,13,E_all_ce_noW,12,0.11275076899983105,2.0,0.75,0.9933774834437086,1.0,0.9285714285714286,0.9796632996632997,0.9869655891553701,0.9542124542124543,137,0,1,13,151,14,9.27,0.27468009463413035,2.5620759446323617e-08,0.9999995907929407,0.08446263625450584
123,13,F_all_ce_W,12,0.14501356699975076,2.0,0.75,0.9933774834437086,1.0,0.9285714285714286,0.9796632996632997,0.9885297184567258,0.9563492063492065,137,0,1,13,151,14,9.27,0.27850514040323304,1.3063288208087873e-07,0.999999805597269,0.08658497168573216
123,13,G_all_focal_noW,12,0.09343564500022694,2.0,0.75,0.9933774834437086,1.0,0.9285714285714286,0.9796632996632997,0.9885297184567258,0.9563492063492064,137,0,1,13,151,14,9.27,0.2715285903914408,0.0014804451251796077,0.9972547563628631,0.0963244683012555
123,13,H_all_focal_W,12,0.09450945499975205,2.0,0.75,0.9933774834437086,1.0,0.9285714285714286,0.9796632996632997,0.9895724713242962,0.9579831932773109,137,0,1,13,151,14,9.27,0.2742247774599346,0.001044180439181,0.9974486404577347,0.09541612540505337
123,13,LEGACY_A,11,0.1063425509996705,2.0,0.75,0.9933774834437086,1.0,0.9285714285714286,0.9796632996632997,0.9942648592283628,0.9685714285714284,137,0,1,13,151,14,9.27,0.2793461560950547,2.5867999820301795e-08,0.9999997349653414,0.08591099179348163
123,14,A_raw_ce_noW,11,0.09451872599993294,2.0,0.75,0.9735099337748344,0.8571428571428571,0.8571428571428571,0.9212721584984358,0.8988529718456727,0.8697153262724923,135,2,2,12,151,14,9.27,0.2866190904031756,2.909734253541535e-08,0.9999996556271085,0.09231359631490073
123,14,B_raw_ce_W,11,0.1035181150000426,2.0,0.75,0.9735099337748344,0.8571428571428571,0.8571428571428571,0.9212721584984358,0.8905109489051095,0.8628444967730681,135,2,2,12,151,14,9.27,0.29036848875471594,1.4093260703747945e-07,0.9999998176173828,0.09511939191049507
123,14,C_raw_focal_noW,11,0.08671276499990199,2.0,0.75,0.9735099337748344,0.8571428571428571,0.8571428571428571,0.9212721584984358,0.8832116788321167,0.8726512226512225,135,2,2,12,151,14,9.27,0.27137082032840076,0.002288756830339728,0.9969755155810934,0.0975278927703663
123,14,D_raw_focal_W,11,0.08366455000032147,2.0,0.75,0.9735099337748344,0.8571428571428571,0.8571428571428571,0.9212721584984358,0.8852971845672576,0.8731025581753735,135,2,2,12,151,14,9.27,0.28138589976858447,0.0017431736615381665,0.997651448150988,0.10235211421520084
123,14,E_all_ce_noW,12,0.11589554400006818,2.0,0.75,0.9735099337748344,0.8571428571428571,0.8571428571428571,0.9212721584984358,0.8884254431699687,0.8684982761069716,135,2,2,12,151,14,9.27,0.2850086831464019,2.772941944763215e-08,0.9999997180444236,0.09108450754422599
123,14,F_all_ce_W,12,0.11647884400008479,2.0,0.75,0.9735099337748344,0.8571428571428571,0.8571428571428571,0.9212721584984358,0.9124087591240876,0.8657717282717282,135,2,2,12,151,14,9.27,0.28921373907227427,1.4757109513550464e-07,0.9999998315759044,0.09301259206353092
123,14,G_all_focal_noW,12,0.08864180800037502,2.0,0.75,0.9735099337748344,0.8571428571428571,0.8571428571428571,0.9212721584984358,0.8931178310740355,0.8750418741119799,135,2,2,12,151,14,9.27,0.2686152289035617,0.00197301880716764,0.997289019714429,0.094999424775242
123,14,H_all_focal_W,12,0.0936471300001358,2.0,0.75,0.9735099337748344,0.8571428571428571,0.8571428571428571,0.9212721584984358,0.9014598540145985,0.8754502597287697,135,2,2,12,151,14,9.27,0.27903210946038326,0.0012214458717587145,0.9981512963002701,0.10007000696108269
123,14,LEGACY_A,11,0.10339534100012315,2.0,0.75,0.9735099337748344,0.8571428571428571,0.8571428571428571,0.9212721584984358,0.8988529718456726,0.8638216652261594,135,2,2,12,151,14,9.27,0.28956030729187543,2.4713975226508215e-08,0.9999997041778388,0.0935200385843574
123,15,A_raw_ce_noW,11,0.10679452499971376,2.0,0.75,0.9933774834437086,1.0,0.9285714285714286,0.9796632996632997,0.9937434827945777,0.9670329670329669,137,0,1,13,151,14,9.27,0.281165605126418,2.8991043903918196e-08,0.9999995365121709,0.08940786438728222
123,15,B_raw_ce_W,11,0.11581237399968813,2.0,0.75,0.9867549668874173,0.9285714285714286,0.9285714285714286,0.9606360792492179,0.9937434827945777,0.9670329670329669,136,1,1,13,151,14,9.27,0.2892696360988848,1.4497332382638204e-07,0.9999997364821319,0.09714812536424176
123,15,C_raw_focal_noW,11,0.0991587299999992,2.0,0.75,0.9933774834437086,1.0,0.9285714285714286,0.9796632996632997,0.9963503649635036,0.976190476190476,137,0,1,13,151,14,9.27,0.27579304843292823,0.001685816326927443,0.9964129201692855,0.10074091295464649
123,15,D_raw_focal_W,11,0.11464063499988697,2.0,0.75,0.9867549668874173,0.9285714285714286,0.9285714285714286,0.9606360792492179,0.9937434827945777,0.9670329670329669,136,1,1,13,151,14,9.27,0.2806023557872736,0.0014143833594445429,0.997140992165741,0.10228769472796105
123,15,E_all_ce_noW,12,0.1163604979997217,2.0,0.75,0.9867549668874173,0.9285714285714286,0.9285714285714286,0.9606360792492179,0.9859228362877999,0.9529616724738674,136,1,1,13,151,14,9.27,0.2845500863026576,2.893010049986885e-08,0.9999996009655716,0.09075432783782353
123,15,F_all_ce_W,12,0.13045051399967633,2.0,0.75,0.9867549668874173,0.9285714285714286,0.9285714285714286,0.9606360792492179,0.9874869655891554,0.9548872180451127,136,1,1,13,151,14,9.27,0.2852667906986995,1.2103487738743594e-07,0.9999998096725935,0.09201164290370308
123,15,G_all_focal_noW,12,0.0994071800000711,2.0,0.75,0.9867549668874173,0.9285714285714286,0.9285714285714286,0.9606360792492179,0.9942648592283628,0.9685714285714284,136,1,1,13,151,14,9.27,0.27679359175391494,0.001432291259583876,0.9962992370296057,0.09810316979432379
123,15,H_all_focal_W,12,0.10260562000030404,2.0,0.75,0.9867549668874173,0.9285714285714286,0.9285714285714286,0.9606360792492179,0.9937434827945777,0.9670329670329669,136,1,1,13,151,14,9.27,0.2827878282874258,0.0008648223325910092,0.99734788796595,0.10254333389476175
123,15,LEGACY_A,11,0.11459070000000793,2.0,0.75,0.9867549668874173,0.9285714285714286,0.9285714285714286,0.9606360792492179,0.9906152241918664,0.9598214285714284,136,1,1,13,151,14,9.27,0.28413049717590844,2.725110527020548e-08,0.9999996478201366,0.09383579725733301
123,16,A_raw_ce_noW,11,0.09939636900026017,2.0,0.75,0.9801324503311258,1.0,0.7692307692307693,0.9294062646096306,0.9464882943143812,0.866676058983751,138,0,3,10,151,13,8.61,0.2427031129294464,3.205706842201174e-08,0.999999656462983,0.06476369272336928
123,16,B_raw_ce_W,11,0.11462399599986384,2.0,0.75,0.9735099337748344,0.9090909090909091,0.7692307692307693,0.9094724220623501,0.9358974358974359,0.8624389481892634,137,1,3,10,151,13,8.61,0.2526767200281019,1.3442940554197653e-07,0.9999998104664829,0.07081368465712413
123,16,C_raw_focal_noW,11,0.09836799699996845,2.0,0.75,0.9801324503311258,1.0,0.7692307692307693,0.9294062646096306,0.9085841694537347,0.8601965705454997,138,0,3,10,151,13,8.61,0.23510444301794384,0.0020213592604130574,0.9971338416454436,0.07224063966108167
123,16,D_raw_focal_W,11,0.09024721700006921,2.0,0.75,0.9735099337748344,0.9090909090909091,0.7692307692307693,0.9094724220623501,0.8690078037904125,0.8545887159913876,137,1,3,10,151,13,8.61,0.24412370798830285,0.0007623274972202051,0.9984368405889726,0.07379951380781156
123,16,E_all_ce_noW,12,0.1040568059997895,2.0,0.75,0.9801324503311258,1.0,0.7692307692307693,0.9294062646096306,0.9358974358974359,0.8635007782280042,138,0,3,10,151,13,8.61,0.24030365340515725,3.00545121360853e-08,0.9999997595393836,0.06387767543682724
123,16,F_all_ce_W,12,0.12125617599986072,2.0,0.75,0.9801324503311258,1.0,0.7692307692307693,0.9294062646096306,0.9292084726867336,0.8606878902584301,138,0,3,10,151,13,8.61,0.24853549767066171,1.3959411745012898e-07,0.9999998186389136,0.06833198338275348
123,16,G_all_focal_noW,12,0.09081712800025343,2.0,0.75,0.9801324503311258,1.0,0.7692307692307693,0.9294062646096306,0.8717948717948718,0.854882097069597,138,0,3,10,151,13,8.61,0.23587493147675098,0.0019528059093725217,0.9972353198175642,0.07256356841082566
123,16,H_all_focal_W,12,0.09371090400009052,2.0,0.75,0.9801324503311258,1.0,0.7692307692307693,0.9294062646096306,0.9108138238573021,0.8606811239701604,138,0,3,10,151,13,8.61,0.24388959216721298,0.0009099445498633268,0.9982400761549367,0.07384742021802634
123,16,LEGACY_A,11,0.10332475199993496,2.0,0.75,0.9735099337748344,0.9090909090909091,0.7692307692307693,0.9094724220623501,0.9169453734671127,0.8566721739798661,137,1,3,10,151,13,8.61,0.25414344657849947,2.822914121984113e-08,0.99999970966038,0.07118661600289874
123,17,A_raw_ce_noW,11,0.1085886779997054,2.0,0.75,0.9933774834437086,1.0,0.9285714285714286,0.9796632996632997,1.0,0.9999999999999998,137,0,1,13,151,14,9.27,0.28152518713648733,2.795412281665412e-08,0.9999995154333711,0.09060821176093957
123,17,B_raw_ce_W,11,0.1286945530000594,2.0,0.75,0.9933774834437086,0.9333333333333333,1.0,0.9809271188581534,1.0,0.9999999999999998,136,1,0,14,151,14,9.27,0.2903990235492406,1.139931264108649e-07,0.9999997627620879,0.0980870625879295
123,17,C_raw_focal_noW,11,0.09545556000011857,2.0,0.75,0.9933774834437086,1.0,0.9285714285714286,0.9796632996632997,1.0,0.9999999999999998,137,0,1,13,151,14,9.27,0.278647059366856,0.0016099300289279068,0.9973842035578984,0.10652584120780473
123,17,D_raw_focal_W,11,0.09388889599995309,2.0,0.75,0.9933774834437086,0.9333333333333333,1.0,0.9809271188581534,1.0,0.9999999999999998,136,1,0,14,151,14,9.27,0.28277637752937196,0.0012392794777442385,0.9979714237388096,0.11018295672603759
123,17,E_all_ce_noW,12,0.12309297700039679,2.0,0.75,0.9867549668874173,0.875,1.0,0.9629901960784314,1.0,0.9999999999999998,135,2,0,14,151,14,9.27,0.2885534596375924,2.7742375115126764e-08,0.9999995964298986,0.0981917420556199
123,17,F_all_ce_W,12,0.1297323819999292,2.0,0.75,0.9867549668874173,0.875,1.0,0.9629901960784314,0.9994786235662149,0.995238095238095,135,2,0,14,151,14,9.27,0.2972270014881321,1.2952990182932017e-07,0.9999997506895031,0.10464714969295287
123,17,G_all_focal_noW,12,0.0968255859997953,2.0,0.75,0.9867549668874173,0.875,1.0,0.9629901960784314,0.9989572471324296,0.9910714285714284,135,2,0,14,151,14,9.27,0.2842309768328917,0.001597186797986921,0.996206913765801,0.1151098120381478
123,17,H_all_focal_W,12,0.10566547500002343,2.0,0.75,0.9933774834437086,0.9333333333333333,1.0,0.9809271188581534,0.9994786235662149,0.995238095238095,136,1,0,14,151,14,9.27,0.29154647371226056,0.0011492077275811223,0.9978985150712615,0.12041362739325735
123,17,LEGACY_A,11,0.11519500899976265,2.0,0.75,0.9933774834437086,0.9333333333333333,1.0,0.9809271188581534,1.0,0.9999999999999998,136,1,0,14,151,14,9.27,0.2961296465250738,2.6880060836023096e-08,0.9999995683870497,0.09949066640398052
123,18,A_raw_ce_noW,11,0.11052399700020032,2.0,0.75,0.9867549668874173,1.0,0.8571428571428571,0.9579152731326644,0.9927007299270073,0.9642857142857142,137,0,2,12,151,14,9.27,0.26458130182412,2.755665788638589e-08,0.9999993500095955,0.07772023875907048
123,18,B_raw_ce_W,11,0.11188729800005603,2.0,0.75,0.9867549668874173,1.0,0.8571428571428571,0.9579152731326644,0.9927007299270073,0.9642857142857142,137,0,2,12,151,14,9.27,0.26848581286201045,1.3051033467583405e-07,0.9999998341354754,0.07972771286604209
123,18,C_raw_focal_noW,11,0.09291590800012273,2.0,0.75,0.9867549668874173,1.0,0.8571428571428571,0.9579152731326644,0.9937434827945777,0.9634693877551019,137,0,2,12,151,14,9.27,0.2591965941580415,0.0020725412678826677,0.9966093887933641,0.08999245985720665
123,18,D_raw_focal_W,11,0.09158405700009098,2.0,0.75,0.9867549668874173,1.0,0.8571428571428571,0.9579152731326644,0.9932221063607924,0.9656084656084656,137,0,2,12,151,14,9.27,0.2635259480539134,0.0013155651864564016,0.9973879476831062,0.09187698251256256
123,18,E_all_ce_noW,12,0.1189886980000665,2.0,0.75,0.9933774834437086,1.0,0.9285714285714286,0.9796632996632997,0.9869655891553701,0.9542124542124542,137,0,1,13,151,14,9.27,0.27901446953266484,2.749028756385811e-08,0.9999995995440951,0.08572109988347494
123,18,F_all_ce_W,12,0.1309213859999545,2.0,0.75,0.9933774834437086,1.0,0.9285714285714286,0.9796632996632997,0.9854014598540146,0.9523809523809523,137,0,1,13,151,14,9.27,0.2802469916302044,1.1000567749406879e-07,0.9999997533659655,0.08638751962591469
123,18,G_all_focal_noW,12,0.09478704799994375,2.0,0.75,0.9933774834437086,1.0,0.9285714285714286,0.9796632996632997,0.9900938477580814,0.9588744588744587,137,0,1,13,151,14,9.27,0.26593159561816343,0.0017113415721225526,0.9965004630520347,0.09323885992714451
123,18,H_all_focal_W,12,0.11079847600012727,2.0,0.75,0.9933774834437086,1.0,0.9285714285714286,0.9796632996632997,0.9869655891553701,0.9542124542124542,137,0,1,13,151,14,9.27,0.2706891870289967,0.0009400491545530084,0.9976795139762276,0.09426429207162526
123,18,LEGACY_A,11,0.11673008799971285,2.0,0.75,0.9867549668874173,1.0,0.8571428571428571,0.9579152731326644,0.9927007299270073,0.9642857142857142,137,0,2,12,151,14,9.27,0.270220529046829,2.7003555144689667e-08,0.9999997415467567,0.07993954408632467
123,19,A_raw_ce_noW,11,0.18302670399998533,2.0,0.75,0.9933774834437086,0.9333333333333333,1.0,0.9809271188581534,1.0,0.9999999999999998,136,1,0,14,151,14,9.27,0.29507941212315736,2.7255289349637278e-08,0.9999996039725457,0.09922342047216502
123,19,B_raw_ce_W,11,0.20647245200007092,2.0,0.75,0.9933774834437086,0.9333333333333333,1.0,0.9809271188581534,1.0,0.9999999999999998,136,1,0,14,151,14,9.27,0.2939337129031815,1.2962453053356976e-07,0.999999765730214,0.10122147919109833
123,19,C_raw_focal_noW,11,0.14952567799991812,2.0,0.75,0.9933774834437086,0.9333333333333333,1.0,0.9809271188581534,1.0,0.9999999999999998,136,1,0,14,151,14,9.27,0.2861751342166019,0.0011555955839227675,0.9976165007328042,0.10752573143501871
123,19,D_raw_focal_W,11,0.15430729799982146,2.0,0.75,0.9867549668874173,0.875,1.0,0.9629901960784314,1.0,0.9999999999999998,135,2,0,14,151,14,9.27,0.29213205695294553,0.0008058224802233827,0.9980672751001712,0.10949094152877872
123,19,E_all_ce_noW,12,0.21492763300011575,2.0,0.75,1.0,1.0,1.0,1.0,1.0,0.9999999999999998,137,0,0,14,151,14,9.27,0.2897688716961003,2.764376163838276e-08,0.9999995711474198,0.0933966525638307
123,19,F_all_ce_W,12,0.2199564669999745,2.0,0.75,1.0,1.0,1.0,1.0,1.0,0.9999999999999998,137,0,0,14,151,14,9.27,0.2908470513745062,1.1400190014529548e-07,0.9999997093974259,0.09613565173192659
123,19,G_all_focal_noW,12,0.1529907640001511,2.0,0.75,0.9933774834437086,0.9333333333333333,1.0,0.9809271188581534,1.0,0.9999999999999998,136,1,0,14,151,14,9.27,0.2852508002306576,0.0013334563185759217,0.9976779913025356,0.10633717485327258
123,19,H_all_focal_W,12,0.17168330499998774,2.0,0.75,1.0,1.0,1.0,1.0,1.0,0.9999999999999998,137,0,0,14,151,14,9.27,0.2873480463332696,0.000839050104356943,0.9979679266878986,0.10608028329542794
123,19,LEGACY_A,11,0.19882542000004833,2.0,0.75,0.9933774834437086,0.9333333333333333,1.0,0.9809271188581534,1.0,0.9999999999999998,136,1,0,14,151,14,9.27,0.2978841460706855,2.6052803616631405e-08,0.9999996439620031,0.10155011748894759
123,20,A_raw_ce_noW,11,0.16725205100010498,2.0,0.75,0.9867549668874173,0.9285714285714286,0.9285714285714286,0.9606360792492179,0.9895724713242962,0.9579831932773109,136,1,1,13,151,14,9.27,0.28878625596125673,3.075456394752992e-08,0.9999995237076499,0.09309343991363085
123,20,B_raw_ce_W,11,0.18648002200006886,2.0,0.75,0.9867549668874173,0.9285714285714286,0.9285714285714286,0.9606360792492179,0.9890510948905109,0.9571428571428571,136,1,1,13,151,14,9.27,0.28967595606127244,1.266445049355184e-07,0.999999650842315,0.093718344164269
123,20,C_raw_focal_noW,11,0.1494194800002333,2.0,0.75,0.9867549668874173,0.9285714285714286,0.9285714285714286,0.9606360792492179,0.9906152241918664,0.9598214285714284,136,1,1,13,151,14,9.27,0.2696816626535512,0.002858262757455558,0.9949886264975982,0.10201150886974465
123,20,D_raw_focal_W,11,0.14726433700025154,2.0,0.75,0.9867549668874173,0.9285714285714286,0.9285714285714286,0.9606360792492179,0.9927007299270073,0.9642857142857142,136,1,1,13,151,14,9.27,0.2782922640518635,0.0020951963835632594,0.996162301254291,0.10326697808659364
123,20,E_all_ce_noW,12,0.19725730999971347,2.0,0.75,0.9867549668874173,0.9285714285714286,0.9285714285714286,0.9606360792492179,0.9921793534932222,0.9630541871921181,136,1,1,13,151,14,9.27,0.2870411233405732,2.7716858468891738e-08,0.9999993612061043,0.094198243269276
123,20,F_all_ce_W,12,0.2113523770003667,2.0,0.75,0.9801324503311258,0.8666666666666667,0.9285714285714286,0.94278135657446,0.9859228362877999,0.9529616724738674,135,2,1,13,151,14,9.27,0.29319504867273577,1.4474357261698388e-07,0.9999996809806005,0.09863487467053902
123,20,G_all_focal_noW,12,0.1449598170001991,2.0,0.75,0.9867549668874173,0.9285714285714286,0.9285714285714286,0.9606360792492179,0.9932221063607924,0.9656084656084656,136,1,1,13,151,14,9.27,0.27243987414054505,0.002719735666356726,0.9944038507342406,0.1040327671370041
123,20,H_all_focal_W,12,0.155332461999933,2.0,0.75,0.9867549668874173,0.9285714285714286,0.9285714285714286,0.9606360792492179,0.9921793534932222,0.9630541871921182,136,1,1,13,151,14,9.27,0.2814945254384086,0.001977308997443023,0.9960145915248724,0.10523109522671995
123,20,LEGACY_A,11,0.1650880639999741,2.0,0.75,0.9867549668874173,0.9285714285714286,0.9285714285714286,0.9606360792492179,0.9911366006256518,0.9568027210884353,136,1,1,13,151,14,9.27,0.289738508729187,2.9668254865356973e-08,0.9999996096970101,0.09366403222994799
123,21,A_raw_ce_noW,11,0.17624102999980096,2.0,0.75,0.9867549668874173,0.9230769230769231,0.9230769230769231,0.9579152731326644,0.9983277591973244,0.9821780783319243,137,1,1,12,151,13,8.61,0.27452204887362003,2.783565909958258e-08,0.9999996034379985,0.08794444612629836
123,21,B_raw_ce_W,11,0.20707600700006878,2.0,0.75,0.9933774834437086,0.9285714285714286,1.0,0.9796632996632997,0.9983277591973244,0.9821780783319243,137,1,0,13,151,13,8.61,0.2865541370056029,1.2895155595091953e-07,0.9999997840653849,0.09227913050936105
123,21,C_raw_focal_noW,11,0.17835121600001003,2.0,0.75,0.9867549668874173,0.9230769230769231,0.9230769230769231,0.9579152731326644,0.9983277591973244,0.9821780783319243,137,1,1,12,151,13,8.61,0.2559580107198263,0.0016377537685596214,0.9947425033404974,0.09218942775015598
123,21,D_raw_focal_W,11,0.16670318500018766,2.0,0.75,0.9867549668874173,0.9230769230769231,0.9230769230769231,0.9579152731326644,0.9983277591973244,0.9821780783319243,137,1,1,12,151,13,8.61,0.26721567677435326,0.0014473916948378538,0.995835795213478,0.09668184408767132
123,21,E_all_ce_noW,12,0.25695065800027805,2.0,0.75,0.9867549668874173,0.9230769230769231,0.9230769230769231,0.9579152731326644,0.9994425863991081,0.9945054945054943,137,1,1,12,151,13,8.61,0.27743524944764975,2.803899899333687e-08,0.9999997819783686,0.09006313453325895
123,21,F_all_ce_W,12,0.21724207399984152,2.0,0.75,0.9933774834437086,0.9285714285714286,1.0,0.9796632996632997,0.9994425863991081,0.9945054945054943,137,1,0,13,151,13,8.61,0.2877696485567049,1.4424312646850275e-07,0.9999998355928515,0.09333763641354706
123,21,G_all_focal_noW,12,0.09926734800001213,2.0,0.75,0.9801324503311258,0.8571428571428571,0.9230769230769231,0.938989898989899,0.9988851727982163,0.9897435897435896,136,2,1,12,151,13,8.61,0.2548565307500218,0.0017207026916461778,0.9956709326095518,0.09335856710802236
123,21,H_all_focal_W,12,0.10726337000005515,2.0,0.75,0.9867549668874173,0.8666666666666667,1.0,0.9606360792492179,0.9983277591973244,0.9838264299802759,136,2,0,13,151,13,8.61,0.2713852747129268,0.001518275501010556,0.9970234942318176,0.09958923478662032
123,21,LEGACY_A,11,0.11181713999985732,2.0,0.75,0.9933774834437086,0.9285714285714286,1.0,0.9796632996632997,0.9983277591973244,0.9821780783319243,137,1,0,13,151,13,8.61,0.286817185836216,2.728381716007105e-08,0.9999996824894473,0.0921390891740687
123,22,A_raw_ce_noW,11,0.10778440900003261,2.0,0.75,1.0,1.0,1.0,1.0,1.0,0.9999999999999998,137,0,0,14,151,14,9.27,0.29014503315854656,2.762419645488781e-08,0.9999993891477991,0.0946676354023989
123,22,B_raw_ce_W,11,0.12050294700020459,2.0,0.75,0.9933774834437086,0.9333333333333333,1.0,0.9809271188581534,1.0,1.0,136,1,0,14,151,14,9.27,0.2922262231455114,1.2841711171857088e-07,0.9999996486219969,0.09654650769434593
123,22,C_raw_focal_noW,11,0.09396790900018459,2.0,0.75,0.9933774834437086,0.9333333333333333,1.0,0.9809271188581534,1.0,0.9999999999999998,136,1,0,14,151,14,9.27,0.2852297685419811,0.0010755778822772516,0.9978741816963962,0.10437656472671929
123,22,D_raw_focal_W,11,0.09719423899969115,2.0,0.75,0.9933774834437086,0.9333333333333333,1.0,0.9809271188581534,1.0,0.9999999999999998,136,1,0,14,151,14,9.27,0.2881922011369984,0.0005911837716301362,0.997828879752614,0.10512934156017668
123,22,E_all_ce_noW,12,0.14463209999985338,2.0,0.75,0.9933774834437086,0.9333333333333333,1.0,0.9809271188581534,1.0,0.9999999999999998,136,1,0,14,151,14,9.27,0.2954134824520869,2.7181515845925173e-08,0.9999994393673431,0.09812378121677374
123,22,F_all_ce_W,12,0.13808744299967657,2.0,0.75,0.9933774834437086,0.9333333333333333,1.0,0.9809271188581534,1.0,0.9999999999999999,136,1,0,14,151,14,9.27,0.29449676990249246,1.3836147008378105e-07,0.9999995784815829,0.09765275128057783
123,22,G_all_focal_noW,12,0.09929703699981474,2.0,0.75,0.9933774834437086,0.9333333333333333,1.0,0.9809271188581534,1.0,0.9999999999999998,136,1,0,14,151,14,9.27,0.28756288465100693,0.00126586621772472,0.9975480941933436,0.10511973816095961
123,22,H_all_focal_W,12,0.10187884600009056,2.0,0.75,0.9933774834437086,0.9333333333333333,1.0,0.9809271188581534,1.0,0.9999999999999998,136,1,0,14,151,14,9.27,0.28917421946458904,0.0008566843528328316,0.9980355011236215,0.10419058900389244
123,22,LEGACY_A,11,0.16716302399981942,2.0,0.75,0.9933774834437086,0.9333333333333333,1.0,0.9809271188581534,1.0,0.9999999999999998,136,1,0,14,151,14,9.27,0.2933139917618112,2.720328785478347e-08,0.999999367781151,0.09735690900249576
123,23,A_raw_ce_noW,11,0.09638272500023959,2.0,0.75,0.9801324503311258,1.0,0.7857142857142857,0.9345848375451263,0.9848800834202295,0.9518272425249168,137,0,3,11,151,14,9.27,0.2597373267190942,3.4250500445254436e-08,0.999999695780841,0.07380445304655202
123,23,B_raw_ce_W,11,0.10788588099967455,2.0,0.75,0.9801324503311258,1.0,0.7857142857142857,0.9345848375451263,0.9895724713242962,0.9579831932773109,137,0,3,11,151,14,9.27,0.2607000610543022,8.683449820032549e-08,0.9999998074873018,0.076604794404012
123,23,C_raw_focal_noW,11,0.10262998200005313,2.0,0.75,0.9801324503311258,1.0,0.7857142857142857,0.9345848375451263,0.986444212721585,0.9535714285714285,137,0,3,11,151,14,9.27,0.2540417640214274,0.002529848223466023,0.996716712372636,0.08781187180415684
123,23,D_raw_focal_W,11,0.13033310499986328,2.0,0.75,0.9933774834437086,1.0,0.9285714285714286,0.9796632996632997,0.9973931178310741,0.9812030075187967,137,0,1,13,151,14,9.27,0.26171599873771323,0.0020139230696701645,0.997117364180632,0.09233437593978572
123,23,E_all_ce_noW,12,0.11245564099999683,2.0,0.75,0.9801324503311258,1.0,0.7857142857142857,0.9345848375451263,0.9906152241918665,0.9557274522712309,137,0,3,11,151,14,9.27,0.2597089682754114,2.798843394429605e-08,0.9999997538274401,0.07371863746842772
123,23,F_all_ce_W,12,0.11784954399990966,2.0,0.75,0.9801324503311258,1.0,0.7857142857142857,0.9345848375451263,0.9900938477580813,0.9547193877551019,137,0,3,11,151,14,9.27,0.2622834778063981,1.3752180635357563e-07,0.9999998365720436,0.07957328133203648
123,23,G_all_focal_noW,12,0.09667941699990479,2.0,0.75,0.9801324503311258,1.0,0.7857142857142857,0.9345848375451263,0.9900938477580813,0.9547193877551019,137,0,3,11,151,14,9.27,0.2545444839977236,0.0021693448792675842,0.9971678843302677,0.08754008432134433
123,23,H_all_focal_W,12,0.10027146199990966,2.0,0.75,0.9801324503311258,1.0,0.7857142857142857,0.9345848375451263,0.9890510948905109,0.9571428571428571,137,0,3,11,151,14,9.27,0.26034544464912224,0.001612240241130106,0.997595690874487,0.09044601515913536
123,23,LEGACY_A,11,0.10338502299964603,2.0,0.75,0.9867549668874173,1.0,0.8571428571428571,0.9579152731326644,0.9885297184567258,0.9563492063492063,137,0,2,12,151,14,9.27,0.263290579203226,2.744961316931534e-08,0.9999997348357302,0.07885859944174409
123,24,A_raw_ce_noW,11,0.1280892709996806,2.0,0.75,1.0,1.0,1.0,1.0,1.0,1.0,137,0,0,14,151,14,9.27,0.28643030939113,2.6909077760349426e-08,0.9999996781415154,0.09481115241342265
123,24,B_raw_ce_W,11,0.12947099899975,2.0,0.75,0.9933774834437086,0.9333333333333333,1.0,0.9809271188581534,0.9994786235662149,0.995238095238095,136,1,0,14,151,14,9.27,0.2965666446450732,1.0401088401846154e-07,0.9999998219772511,0.10113421606153274
123,24,C_raw_focal_noW,11,0.09519562899959055,2.0,0.75,1.0,1.0,1.0,1.0,1.0,0.9999999999999998,137,0,0,14,151,14,9.27,0.2805913409683494,0.0015356049774631383,0.9976557025112235,0.10894683795753674
123,24,D_raw_focal_W,11,0.09560439500000939,2.0,0.75,0.9933774834437086,0.9333333333333333,1.0,0.9809271188581534,1.0,0.9999999999999998,136,1,0,14,151,14,9.27,0.28709620082299275,0.0010203249513959936,0.9980907022116785,0.11045757541810343
123,24,E_all_ce_noW,12,0.12416410499963604,2.0,0.75,0.9867549668874173,0.9285714285714286,0.9285714285714286,0.9606360792492179,0.9994786235662149,0.995238095238095,136,1,1,13,151,14,9.27,0.283598989091347,2.8151820237678406e-08,0.9999996909953637,0.09329653966938296
123,24,F_all_ce_W,12,0.13719958000001498,2.0,0.75,0.9933774834437086,0.9333333333333333,1.0,0.9809271188581534,0.9994786235662149,0.9952380952380951,136,1,0,14,151,14,9.27,0.2928464672679833,1.3447126628772645e-07,0.9999998054712934,0.0997890883389037
123,24,G_all_focal_noW,12,0.09862762400007341,2.0,0.75,0.9933774834437086,0.9333333333333333,1.0,0.9809271188581534,1.0,0.9999999999999998,136,1,0,14,151,14,9.27,0.2805225546053366,0.0018128426777054255,0.997166566694966,0.1092925656352295
123,24,H_all_focal_W,12,0.10068404100002226,2.0,0.75,0.9867549668874173,0.875,1.0,0.9629901960784314,1.0,0.9999999999999998,135,2,0,14,151,14,9.27,0.2896948262665204,0.0009471783872035569,0.9977678352031267,0.11309860376352183
123,24,LEGACY_A,11,0.13216540200028248,2.0,0.75,0.9867549668874173,0.875,1.0,0.9629901960784314,0.9994786235662149,0.995238095238095,135,2,0,14,151,14,9.27,0.29909171829124037,2.6341694198938513e-08,0.9999996236515498,0.10303691687674786
123,25,A_raw_ce_noW,11,0.09690330600005836,2.0,0.75,0.9735099337748344,0.9166666666666666,0.7857142857142857,0.9158305462653289,0.8988529718456726,0.8493861048068861,136,1,3,11,151,14,9.27,0.26866774569726004,2.8982582081697348e-08,0.9999996975838146,0.08009278473701924
123,25,B_raw_ce_W,11,0.10511681500020131,2.0,0.75,0.9735099337748344,0.9166666666666666,0.7857142857142857,0.9158305462653289,0.9144942648592284,0.8568685807656395,136,1,3,11,151,14,9.27,0.2702978755476127,1.4510440359490444e-07,0.9999998429437931,0.08175805306035844
123,25,C_raw_focal_noW,11,0.08872508600006768,2.0,0.75,0.9668874172185431,0.8461538461538461,0.7857142857142857,0.8983164983164983,0.9004171011470282,0.861174603174603,135,2,3,11,151,14,9.27,0.25644904351316833,0.0014448676098573988,0.9964801919167028,0.0852258365088895
123,25,D_raw_focal_W,11,0.0880029459999605,2.0,0.75,0.9602649006622517,0.7857142857142857,0.7857142857142857,0.8819082377476538,0.8920750782064651,0.8562988114514831,134,3,3,11,151,14,9.27,0.26614017809732654,0.0014816032818035386,0.9968469664933038,0.0899007873030166
123,25,E_all_ce_noW,12,0.10242345799997565,2.0,0.75,0.9735099337748344,0.9166666666666666,0.7857142857142857,0.9158305462653289,0.9306569343065693,0.8231180385924399,136,1,3,11,151,14,9.27,0.2702784715594128,2.8771240064048837e-08,0.9999996643141299,0.07952594150088577
123,25,F_all_ce_W,12,0.11516082800017102,2.0,0.75,0.9735099337748344,0.9166666666666666,0.7857142857142857,0.9158305462653289,0.9249217935349322,0.8214757893329321,136,1,3,11,151,14,9.27,0.27035104231930907,1.219884374229822e-07,0.9999998518617552,0.08057781814411417
123,25,G_all_focal_noW,12,0.08843324400004349,2.0,0.75,0.9735099337748344,0.9166666666666666,0.7857142857142857,0.9158305462653289,0.9233576642335766,0.8321227806010413,136,1,3,11,151,14,9.27,0.2575269758087138,0.002132651519990837,0.9953806639187598,0.08561311192687987
123,25,H_all_focal_W,12,0.11152311399973769,2.0,0.75,0.9735099337748344,0.9166666666666666,0.7857142857142857,0.9158305462653289,0.8972888425443171,0.8338983869409832,136,1,3,11,151,14,9.27,0.26538828522473495,0.0009085087955280901,0.9978116184085358,0.0864756823691102
123,25,LEGACY_A,11,0.09943110500034891,2.0,0.75,0.9668874172185431,0.8461538461538461,0.7857142857142857,0.8983164983164983,0.884254431699687,0.8551828679565905,135,2,3,11,151,14,9.27,0.2734597090194505,3.264914935307241e-08,0.9999996859020776,0.08398167398629539
456,1,A_raw_ce_noW,11,0.10692303400037417,2.0,0.75,0.9735099337748344,1.0,0.6923076923076923,0.901948051948052,0.9905239687848384,0.9397435897435895,138,0,4,9,151,13,8.61,0.23660519732796106,2.7560220366266156e-08,0.9999995608644378,0.06143650401368301
456,1,B_raw_ce_W,11,0.1166865449999932,2.0,0.75,0.9801324503311258,1.0,0.7692307692307693,0.9294062646096306,0.9916387959866222,0.9476923076923074,138,0,3,10,151,13,8.61,0.2423737355572469,1.3179665780575904e-07,0.9999997355633519,0.06563991050744
456,1,C_raw_focal_noW,11,0.0950199789999715,2.0,0.75,0.9735099337748344,1.0,0.6923076923076923,0.901948051948052,0.995540691192865,0.9593120554659014,138,0,4,9,151,13,8.61,0.23642170447617902,0.0015126596956931654,0.9963618660293349,0.07620429542121725
456,1,D_raw_focal_W,11,0.09582523300014145,2.0,0.75,0.9735099337748344,1.0,0.6923076923076923,0.901948051948052,0.9927536231884058,0.9491559165472205,138,0,4,9,151,13,8.61,0.23755394675824165,0.0009438658592127193,0.9976964127610536,0.0754803452053782
456,1,E_all_ce_noW,12,0.12149792299987894,2.0,0.75,0.9801324503311258,1.0,0.7692307692307693,0.9294062646096306,0.9855072463768116,0.9354700854700853,138,0,3,10,151,13,8.61,0.2427519527124484,2.769118077514235e-08,0.9999994698500725,0.06535900066401269
456,1,F_all_ce_W,12,0.1308005430000776,2.0,0.75,0.9801324503311258,1.0,0.7692307692307693,0.9294062646096306,0.9894091415830547,0.9421750663129971,138,0,3,10,151,13,8.61,0.24400666374455138,1.3017975658916163e-07,0.9999997667292109,0.06716928297401993
456,1,G_all_focal_noW,12,0.10984766999990825,2.0,0.75,0.9801324503311258,1.0,0.7692307692307693,0.9294062646096306,0.9949832775919732,0.9620879120879118,138,0,3,10,151,13,8.61,0.23954462769730014,0.0018268848784823097,0.9965572655294994,0.07655408065174067
456,1,H_all_focal_W,12,0.11499878500035265,2.0,0.75,0.9867549668874173,1.0,0.8461538461538461,0.954736211031175,0.9894091415830546,0.9454212454212452,138,0,2,11,151,13,8.61,0.24130727182534514,0.0010732185901143197,0.9979404093490482,0.07630199690515205
456,1,LEGACY_A,11,0.11141600999962975,2.0,0.75,0.9801324503311258,1.0,0.7692307692307693,0.9294062646096306,0.9938684503901895,0.9553113553113552,138,0,3,10,151,13,8.61,0.24499708068344045,2.582979840465651e-08,0.9999995985894402,0.06631887191145783
456,2,A_raw_ce_noW,11,0.10659239799997522,2.0,0.75,0.9933774834437086,1.0,0.9285714285714286,0.9796632996632997,0.9947862356621481,0.9702380952380952,137,0,1,13,151,14,9.27,0.27258147637612623,2.9369262602009487e-08,0.9999993700918075,0.08321369083427697
456,2,B_raw_ce_W,11,0.11235698800010141,2.0,0.75,0.9933774834437086,1.0,0.9285714285714286,0.9796632996632997,0.9958289885297185,0.9740259740259739,137,0,1,13,151,14,9.27,0.27804479792303655,1.1076632635983449e-07,0.9999997658706379,0.0870519330582069
456,2,C_raw_focal_noW,11,0.09070959600012429,2.0,0.75,0.9933774834437086,1.0,0.9285714285714286,0.9796632996632997,0.9942648592283628,0.9685714285714284,137,0,1,13,151,14,9.27,0.27106592852566536,0.0018253782012579338,0.9962362938635771,0.09535879679094982
456,2,D_raw_focal_W,11,0.08989726399977371,2.0,0.75,0.9933774834437086,1.0,0.9285714285714286,0.9796632996632997,0.9968717413972888,0.9785714285714284,137,0,1,13,151,14,9.27,0.27349341102152847,0.001043707329153277,0.9973850398692151,0.09487367133144985
456,2,E_all_ce_noW,12,0.1410241789999418,2.0,0.75,0.9867549668874173,1.0,0.8571428571428571,0.9579152731326644,0.9958289885297185,0.9740259740259739,137,0,2,12,151,14,9.27,0.270378309363999,2.9306711674144337e-08,0.9999996806043422,0.08093582104902466
456,2,F_all_ce_W,12,0.12457332199983284,2.0,0.75,0.9867549668874173,1.0,0.8571428571428571,0.9579152731326644,0.9947862356621481,0.9702380952380951,137,0,2,12,151,14,9.27,0.270398122922669,1.119932194967029e-07,0.9999997509509814,0.08179283245685194
456,2,G_all_focal_noW,12,0.09677580100014893,2.0,0.75,0.9933774834437086,1.0,0.9285714285714286,0.9796632996632997,0.9953076120959332,0.9720496894409936,137,0,1,13,151,14,9.27,0.2685183899497074,0.0017596474585103135,0.9966109866495618,0.09283151434754881
456,2,H_all_focal_W,12,0.09540779500002827,2.0,0.75,0.9933774834437086,1.0,0.9285714285714286,0.9796632996632997,0.9916579770594369,0.9619047619047618,137,0,1,13,151,14,9.27,0.27280331424418813,0.0008495986305446031,0.997098751165605,0.09357790555217715
456,2,LEGACY_A,11,0.11082336500021484,2.0,0.75,0.9933774834437086,1.0,0.9285714285714286,0.9796632996632997,0.9932221063607926,0.9656084656084656,137,0,1,13,151,14,9.27,0.2726876465410168,2.604982588997545e-08,0.9999996046930602,0.0841058939305904
456,3,A_raw_ce_noW,11,0.10771619400020427,2.0,0.75,0.9933774834437086,0.9333333333333333,1.0,0.9809271188581534,0.9989572471324296,0.9901360544217686,136,1,0,14,151,14,9.27,0.28845495974603963,3.022563783313553e-08,0.999999461048868,0.0974567257174024
456,3,B_raw_ce_W,11,0.11729367199995977,2.0,0.75,0.9867549668874173,0.875,1.0,0.9629901960784314,0.9989572471324296,0.9901360544217686,135,2,0,14,151,14,9.27,0.294120384729255,1.4476604499071347e-07,0.9999996518139727,0.10090919918209955
456,3,C_raw_focal_noW,11,0.09815944699994361,2.0,0.75,0.9867549668874173,0.875,1.0,0.9629901960784314,0.9994786235662149,0.995238095238095,135,2,0,14,151,14,9.27,0.27968088339611685,0.0021747738733618664,0.9959967476720536,0.10572315873684678
456,3,D_raw_focal_W,11,0.11430277699992075,2.0,0.75,0.9867549668874173,0.875,1.0,0.9629901960784314,0.9989572471324296,0.9901360544217686,135,2,0,14,151,14,9.27,0.2885107728046233,0.0014132467019560685,0.9970315512795176,0.10838316062856905
456,3,E_all_ce_noW,12,0.11903317399992375,2.0,0.75,0.9867549668874173,0.9285714285714286,0.9285714285714286,0.9606360792492179,0.9994786235662149,0.995238095238095,136,1,1,13,151,14,9.27,0.2823200983828725,2.8463262294575804e-08,0.9999995587877072,0.09401254871082676
456,3,F_all_ce_W,12,0.1300200760001644,2.0,0.75,0.9867549668874173,0.875,1.0,0.9629901960784314,0.9994786235662149,0.995238095238095,135,2,0,14,151,14,9.27,0.3012481043645023,1.3397807067246576e-07,0.9999996245715022,0.10589194844216283
456,3,G_all_focal_noW,12,0.0983108339996761,2.0,0.75,1.0,1.0,1.0,1.0,1.0,0.9999999999999998,137,0,0,14,151,14,9.27,0.27721988716121665,0.0021713469886458277,0.9964362198956811,0.10503958110522903
456,3,H_all_focal_W,12,0.10171344199989107,2.0,0.75,0.9933774834437086,0.9333333333333333,1.0,0.9809271188581534,0.9994786235662149,0.995238095238095,136,1,0,14,151,14,9.27,0.2839818678140571,0.0016377153218818732,0.9970435409850449,0.10679879888376406
456,3,LEGACY_A,11,0.11142657499976849,2.0,0.75,0.9867549668874173,0.875,1.0,0.9629901960784314,0.9989572471324296,0.9901360544217686,135,2,0,14,151,14,9.27,0.2999230159005821,2.71905464793721e-08,0.9999994471219068,0.10312958469857711
456,4,A_raw_ce_noW,11,0.10793575399975452,2.0,0.75,0.9933774834437086,1.0,0.9285714285714286,0.9796632996632997,0.9958289885297185,0.9740259740259738,137,0,1,13,151,14,9.27,0.279324992722221,2.8626278501632023e-08,0.9999996527760397,0.08711824916017546
456,4,B_raw_ce_W,11,0.1323935000000347,2.0,0.75,0.9933774834437086,1.0,0.9285714285714286,0.9796632996632997,0.9911366006256518,0.9608294930875574,137,0,1,13,151,14,9.27,0.2791692060562543,1.1330244200403777e-07,0.9999996929396825,0.08818034225124782
456,4,C_raw_focal_noW,11,0.09185799399983807,2.0,0.75,0.9867549668874173,0.9285714285714286,0.9285714285714286,0.9606360792492179,0.9906152241918665,0.9598214285714284,136,1,1,13,151,14,9.27,0.2706167407722608,0.0020390695061498895,0.9972797245380374,0.0992712847425499
456,4,D_raw_focal_W,11,0.09343662399987807,2.0,0.75,0.9933774834437086,1.0,0.9285714285714286,0.9796632996632997,0.9906152241918664,0.9598214285714284,137,0,1,13,151,14,9.27,0.2723593834268739,0.0019408185080798943,0.9973771408719554,0.0989324983771694
456,4,E_all_ce_noW,12,0.11532737400011683,2.0,0.75,0.9867549668874173,0.9285714285714286,0.9285714285714286,0.9606360792492179,0.9916579770594369,0.9619047619047618,136,1,1,13,151,14,9.27,0.28329987753944885,3.598955906361482e-08,0.9999995704570976,0.09045856252443471
456,4,F_all_ce_W,12,0.12448894899989682,2.0,0.75,0.9933774834437086,1.0,0.9285714285714286,0.9796632996632997,0.9911366006256518,0.9608294930875574,137,0,1,13,151,14,9.27,0.28039582146558933,1.4368276357451645e-07,0.9999997395668961,0.0887824093174655
456,4,G_all_focal_noW,12,0.17090768500020204,2.0,0.75,0.9867549668874173,0.9285714285714286,0.9285714285714286,0.9606360792492179,0.9874869655891554,0.9548872180451127,136,1,1,13,151,14,9.27,0.27132103707983807,0.0024087661699203297,0.9968357746061861,0.0992473751841927
456,4,H_all_focal_W,12,0.1595349970002644,2.0,0.75,0.9867549668874173,0.9285714285714286,0.9285714285714286,0.9606360792492179,0.9874869655891554,0.9548872180451127,136,1,1,13,151,14,9.27,0.2748447410091704,0.002017356947757337,0.9975321628430818,0.09989581099753632
456,4,LEGACY_A,11,0.18556396399981168,2.0,0.75,0.9933774834437086,1.0,0.9285714285714286,0.9796632996632997,0.9906152241918664,0.9598214285714284,137,0,1,13,151,14,9.27,0.28021662903066014,3.139796335219215e-08,0.9999995600275287,0.0881227527933866
456,5,A_raw_ce_noW,11,0.18361896599981264,2.0,0.75,0.9933774834437086,0.9333333333333333,1.0,0.9809271188581534,1.0,0.9999999999999998,136,1,0,14,151,14,9.27,0.2962183234117845,2.7204359793025516e-08,0.999999650174221,0.09847495107809127
456,5,B_raw_ce_W,11,0.1872624780003207,2.0,0.75,0.9933774834437086,0.9333333333333333,1.0,0.9809271188581534,1.0,0.9999999999999998,136,1,0,14,151,14,9.27,0.29748797864344534,1.2275585833629368e-07,0.9999997732302489,0.09954237846731909
456,5,C_raw_focal_noW,11,0.14541219200009436,2.0,0.75,0.9933774834437086,0.9333333333333333,1.0,0.9809271188581534,1.0,0.9999999999999998,136,1,0,14,151,14,9.27,0.2816587323268149,0.001327891367455913,0.9975679875342538,0.10362247812307751
456,5,D_raw_focal_W,11,0.14635625500022797,2.0,0.75,0.9933774834437086,0.9333333333333333,1.0,0.9809271188581534,1.0,0.9999999999999998,136,1,0,14,151,14,9.27,0.28788477986228883,0.0008909805568890415,0.9982415997657879,0.10640996421646474
456,5,E_all_ce_noW,12,0.20985461200007194,2.0,0.75,0.9933774834437086,0.9333333333333333,1.0,0.9809271188581534,1.0,0.9999999999999998,136,1,0,14,151,14,9.27,0.29576620756996624,2.7404373987487002e-08,0.9999997454083824,0.09832686023285406
456,5,F_all_ce_W,12,0.21988374900001872,2.0,0.75,0.9933774834437086,0.9333333333333333,1.0,0.9809271188581534,1.0,0.9999999999999998,136,1,0,14,151,14,9.27,0.29326328245231004,1.37067505823824e-07,0.9999997609051267,0.09750075927056097
456,5,G_all_focal_noW,12,0.16862090999984503,2.0,0.75,0.9933774834437086,0.9333333333333333,1.0,0.9809271188581534,1.0,0.9999999999999998,136,1,0,14,151,14,9.27,0.2824317501742395,0.0018290876761959773,0.9975572361382796,0.10562134409495252
456,5,H_all_focal_W,12,0.1584164209998562,2.0,0.75,0.9933774834437086,0.9333333333333333,1.0,0.9809271188581534,1.0,0.9999999999999998,136,1,0,14,151,14,9.27,0.28762417170574006,0.0009816703738585344,0.9980476909068381,0.10670830307685289
456,5,LEGACY_A,11,0.19065933399997448,2.0,0.75,0.9933774834437086,0.9333333333333333,1.0,0.9809271188581534,1.0,0.9999999999999998,136,1,0,14,151,14,9.27,0.29810132341080364,2.5854197907087816e-08,0.9999995968446884,0.09924403157011928
456,6,A_raw_ce_noW,11,0.19774606100008896,2.0,0.75,0.9867549668874173,1.0,0.8461538461538461,0.954736211031175,0.9994425863991081,0.9945054945054943,138,0,2,11,151,13,8.61,0.259797481353005,2.7857903999778388e-08,0.9999996301711895,0.07295055526887001
456,6,B_raw_ce_W,11,0.20002778500020213,2.0,0.75,0.9867549668874173,1.0,0.8461538461538461,0.954736211031175,0.9988851727982162,0.9885883347421807,138,0,2,11,151,13,8.61,0.25977219986695893,1.290737248034325e-07,0.9999998023475698,0.07322278428810479
456,6,C_raw_focal_noW,11,0.14403024900002492,2.0,0.75,0.9867549668874173,1.0,0.8461538461538461,0.954736211031175,0.9988851727982163,0.9897435897435896,138,0,2,11,151,13,8.61,0.25138145640469156,0.0016026899322869274,0.9974684223627216,0.08284468270459382
456,6,D_raw_focal_W,11,0.14658014099995853,2.0,0.75,0.9867549668874173,1.0,0.8461538461538461,0.954736211031175,1.0,0.9999999999999998,138,0,2,11,151,13,8.61,0.254280815290223,0.0008573569130381168,0.9983058558788014,0.08279623805848497
456,6,E_all_ce_noW,12,0.20091447200002222,2.0,0.75,0.9867549668874173,1.0,0.8461538461538461,0.954736211031175,0.9994425863991081,0.9945054945054943,138,0,2,11,151,13,8.61,0.2596447715271287,2.708677216798274e-08,0.9999997586226904,0.07307800122448578
456,6,F_all_ce_W,12,0.23259335099965028,2.0,0.75,0.9867549668874173,1.0,0.8461538461538461,0.954736211031175,1.0,0.9999999999999998,138,0,2,11,151,13,8.61,0.25973070299206696,1.3141637593307045e-07,0.9999997861561458,0.07312881499542105
456,6,G_all_focal_noW,12,0.17377517199975046,2.0,0.75,0.9867549668874173,1.0,0.8461538461538461,0.954736211031175,1.0,0.9999999999999998,138,0,2,11,151,13,8.61,0.252313630192339,0.0015882884280634796,0.9970037862169314,0.0834954175715761
456,6,H_all_focal_W,12,0.16122634499970445,2.0,0.75,0.9867549668874173,1.0,0.8461538461538461,0.954736211031175,0.9994425863991081,0.9945054945054943,138,0,2,11,151,13,8.61,0.25337905402879085,0.000993289389864203,0.9979128296534325,0.08358116093692802
456,6,LEGACY_A,11,0.18351782799982175,2.0,0.75,0.9867549668874173,1.0,0.8461538461538461,0.954736211031175,0.9988851727982162,0.9885883347421807,138,0,2,11,151,13,8.61,0.2597944199190507,2.7157746718550698e-08,0.9999996747010241,0.07303114299143125
456,7,A_raw_ce_noW,11,0.1708859250002206,2.0,0.75,0.9801324503311258,0.9230769230769231,0.8571428571428571,0.938989898989899,0.9958289885297185,0.9673202614379084,136,1,2,12,151,14,9.27,0.27801578373970215,3.77465129188309e-08,0.999999384845309,0.08572109430153066
456,7,B_raw_ce_W,11,0.19548978600005285,2.0,0.75,0.9801324503311258,0.9230769230769231,0.8571428571428571,0.938989898989899,0.9942648592283629,0.9587301587301587,136,1,2,12,151,14,9.27,0.27772514236855855,1.414559101295325e-07,0.9999998034438258,0.0859173210903173
456,7,C_raw_focal_noW,11,0.13599269799988178,2.0,0.75,0.9735099337748344,0.8571428571428571,0.8571428571428571,0.9212721584984358,0.9927007299270073,0.9514695830485302,135,2,2,12,151,14,9.27,0.26791967019824436,0.0029015830849041637,0.9946869731216355,0.0944288103888886
456,7,D_raw_focal_W,11,0.0945061459997305,2.0,0.75,0.9735099337748344,0.8571428571428571,0.8571428571428571,0.9212721584984358,0.9916579770594369,0.9522156084656084,135,2,2,12,151,14,9.27,0.27256457023711855,0.0024481960909430197,0.9962003355422242,0.09562545670227567
456,7,E_all_ce_noW,12,0.11264486399977613,2.0,0.75,0.9867549668874173,1.0,0.8571428571428571,0.9579152731326644,0.9843587069864441,0.9291383219954648,137,0,2,12,151,14,9.27,0.27087335877965774,2.9370280323392988e-08,0.9999994014767605,0.08156356221946864
456,7,F_all_ce_W,12,0.12473585499992623,2.0,0.75,0.9867549668874173,1.0,0.8571428571428571,0.9579152731326644,0.9749739311783108,0.9198790627362055,137,0,2,12,151,14,9.27,0.2710390210777094,1.2653071012508976e-07,0.9999997170497968,0.08160156436872705
456,7,G_all_focal_noW,12,0.09264515499990011,2.0,0.75,0.9801324503311258,0.9230769230769231,0.8571428571428571,0.938989898989899,0.9822732012513035,0.9204125615763545,136,1,2,12,151,14,9.27,0.26541731776594824,0.003035287579831905,0.9952924779998357,0.09026186020015232
456,7,H_all_focal_W,12,0.09480661999987205,2.0,0.75,0.9801324503311258,0.9230769230769231,0.8571428571428571,0.938989898989899,0.9734098018769551,0.9103061224489795,136,1,2,12,151,14,9.27,0.27034029815875266,0.0016500443692571247,0.9974742049353497,0.09094375575580142
456,7,LEGACY_A,11,0.10851606799997171,2.0,0.75,0.9801324503311258,0.9230769230769231,0.8571428571428571,0.938989898989899,0.9932221063607924,0.955242966751918,136,1,2,12,151,14,9.27,0.27969682238470606,2.8806210924552212e-08,0.999999671270907,0.08656179948314496
456,8,A_raw_ce_noW,11,0.11260156800017285,2.0,0.75,1.0,1.0,1.0,1.0,1.0,0.9999999999999998,137,0,0,14,151,14,9.27,0.2852296063897871,2.7280799860518334e-08,0.9999993874001689,0.0917137643280924
456,8,B_raw_ce_W,11,0.12081026699979702,2.0,0.75,1.0,1.0,1.0,1.0,1.0,0.9999999999999998,137,0,0,14,151,14,9.27,0.28885250732800893,1.3787217881260054e-07,0.9999996500426435,0.0936168124711491
456,8,C_raw_focal_noW,11,0.09478495700022904,2.0,0.75,1.0,1.0,1.0,1.0,1.0,0.9999999999999998,137,0,0,14,151,14,9.27,0.2778369765757324,0.0012291825917758099,0.9967745324382227,0.10127524227252156
456,8,D_raw_focal_W,11,0.09818340999981956,2.0,0.75,1.0,1.0,1.0,1.0,1.0,0.9999999999999998,137,0,0,14,151,14,9.27,0.28064429998237145,0.0009231197447542427,0.9980883183860269,0.10291304013118258
456,8,E_all_ce_noW,12,0.12178601100004016,2.0,0.75,1.0,1.0,1.0,1.0,1.0,0.9999999999999998,137,0,0,14,151,14,9.27,0.2891144551816941,2.747729852603444e-08,0.999999032790047,0.0928105941093853
456,8,F_all_ce_W,12,0.1314116290000129,2.0,0.75,1.0,1.0,1.0,1.0,1.0,0.9999999999999998,137,0,0,14,151,14,9.27,0.28921756805923116,1.3495669567062257e-07,0.9999995773363349,0.09371967158549237
456,8,G_all_focal_noW,12,0.10381185400001414,2.0,0.75,1.0,1.0,1.0,1.0,1.0,0.9999999999999998,137,0,0,14,151,14,9.27,0.2790953566819859,0.001070224965869134,0.99660771186042,0.10263272823720059
456,8,H_all_focal_W,12,0.12117013599981874,2.0,0.75,1.0,1.0,1.0,1.0,1.0,0.9999999999999998,137,0,0,14,151,14,9.27,0.28066322969460233,0.000968752373765142,0.9979813571613847,0.10559569763727371
456,8,LEGACY_A,11,0.11803405699993164,2.0,0.75,1.0,1.0,1.0,1.0,1.0,0.9999999999999998,137,0,0,14,151,14,9.27,0.2894564177553653,2.4442706053913672e-08,0.9999994824420196,0.09309441649957936
456,9,A_raw_ce_noW,11,0.10196470100027,2.0,0.75,0.9801324503311258,1.0,0.7857142857142857,0.9345848375451263,0.9927007299270073,0.9642857142857142,137,0,3,11,151,14,9.27,0.26029565689815576,3.035576367770773e-08,0.9999997225626341,0.07581074818375527
456,9,B_raw_ce_W,11,0.11283745099990483,2.0,0.75,0.9933774834437086,1.0,0.9285714285714286,0.9796632996632997,0.9916579770594369,0.9619047619047618,137,0,1,13,151,14,9.27,0.2666632783413555,1.2539900073712198e-07,0.9999997950195871,0.08169518893714071
456,9,C_raw_focal_noW,11,0.09191502600015156,2.0,0.75,0.9801324503311258,1.0,0.7857142857142857,0.9345848375451263,0.9927007299270073,0.9642857142857142,137,0,3,11,151,14,9.27,0.2553048975405405,0.0023370863837620754,0.9964143015049314,0.08832116710641423
456,9,D_raw_focal_W,11,0.09066342300002361,2.0,0.75,0.9867549668874173,1.0,0.8571428571428571,0.9579152731326644,0.9937434827945777,0.9670329670329669,137,0,2,12,151,14,9.27,0.25834317470592305,0.0014546531298580713,0.9979602097418183,0.088259735012368
456,9,E_all_ce_noW,12,0.11618966500009265,2.0,0.75,0.9801324503311258,1.0,0.7857142857142857,0.9345848375451263,0.989051094890511,0.9419421304501949,137,0,3,11,151,14,9.27,0.2608343941916315,2.925443592599105e-08,0.99999969100435,0.07726820084944017
456,9,F_all_ce_W,12,0.12141345700001693,2.0,0.75,0.9801324503311258,0.9230769230769231,0.8571428571428571,0.938989898989899,0.9932221063607924,0.9590476190476189,136,1,2,12,151,14,9.27,0.2709987506388624,1.4702422536113853e-07,0.9999998553502629,0.08464949756975358
456,9,G_all_focal_noW,12,0.10692572399966593,2.0,0.75,0.9867549668874173,1.0,0.8571428571428571,0.9579152731326644,0.9927007299270073,0.9575091575091574,137,0,2,12,151,14,9.27,0.2588414545619007,0.00193725344455383,0.9970125308507679,0.09082965275512987
456,9,H_all_focal_W,12,0.09949206000010236,2.0,0.75,0.9867549668874173,1.0,0.8571428571428571,0.9579152731326644,0.9937434827945777,0.9670329670329669,137,0,2,12,151,14,9.27,0.25953738744325194,0.001917765827611757,0.997619505372569,0.09048367088455206
456,9,LEGACY_A,11,0.10273481200010792,2.0,0.75,0.9867549668874173,1.0,0.8571428571428571,0.9579152731326644,0.9916579770594369,0.9619047619047618,137,0,2,12,151,14,9.27,0.26476810719377025,2.991323502436633e-08,0.9999996877628481,0.07830274564237782
456,10,A_raw_ce_noW,11,0.10767441699999836,2.0,0.75,0.9933774834437086,0.9333333333333333,1.0,0.9809271188581534,1.0,0.9999999999999998,136,1,0,14,151,14,9.27,0.2991328758900344,2.7288914219889316e-08,0.999999697448595,0.10200508056240076
456,10,B_raw_ce_W,11,0.11695398199981355,2.0,0.75,0.9867549668874173,0.875,1.0,0.9629901960784314,1.0,0.9999999999999998,135,2,0,14,151,14,9.27,0.3031086339756668,9.716888282049912e-08,0.9999997040451339,0.10648837682501017
456,10,C_raw_focal_noW,11,0.09358104300008563,2.0,0.75,0.9867549668874173,0.875,1.0,0.9629901960784314,1.0,0.9999999999999998,135,2,0,14,151,14,9.27,0.293600758886442,0.0012894215523689841,0.9974490398434135,0.11432604571649088
456,10,D_raw_focal_W,11,0.09921760199995333,2.0,0.75,0.9933774834437086,0.9333333333333333,1.0,0.9809271188581534,1.0,0.9999999999999998,136,1,0,14,151,14,9.27,0.29376999250414954,0.0011814478809144585,0.9980856486545017,0.11307017571910932
456,10,E_all_ce_noW,12,0.13378547199999957,2.0,0.75,0.9933774834437086,0.9333333333333333,1.0,0.9809271188581534,1.0,0.9999999999999998,136,1,0,14,151,14,9.27,0.29805701462509654,2.721169423492806e-08,0.9999996560426574,0.1000367232762732
456,10,F_all_ce_W,12,0.1307359180000276,2.0,0.75,0.9933774834437086,0.9333333333333333,1.0,0.9809271188581534,1.0,0.9999999999999998,136,1,0,14,151,14,9.27,0.29801477742244853,1.4415043844363936e-07,0.9999997816066515,0.10217070898271685
456,10,G_all_focal_noW,12,0.10013807399991492,2.0,0.75,0.9933774834437086,0.9333333333333333,1.0,0.9809271188581534,1.0,0.9999999999999998,136,1,0,14,151,14,9.27,0.2913231412605622,0.0014806137351277885,0.9976696147086365,0.11181748727638016
456,10,H_all_focal_W,12,0.10295003900000665,2.0,0.75,0.9933774834437086,0.9333333333333333,1.0,0.9809271188581534,1.0,0.9999999999999998,136,1,0,14,151,14,9.27,0.2919820218480018,0.0009642354788224199,0.9978001604859041,0.11162876010465188
456,10,LEGACY_A,11,0.11545490099979361,2.0,0.75,0.9933774834437086,0.9333333333333333,1.0,0.9809271188581534,1.0,0.9999999999999998,136,1,0,14,151,14,9.27,0.29876528949331227,2.711293431714383e-08,0.9999996904796008,0.10033893179522436
456,11,A_raw_ce_noW,11,0.10239331299999321,2.0,0.75,0.9801324503311258,1.0,0.7692307692307693,0.9294062646096306,0.9977703455964325,0.9819004524886874,138,0,3,10,151,13,8.61,0.2485556484943363,2.8204204561775724e-08,0.9999997865885302,0.06631839024585684
456,11,B_raw_ce_W,11,0.11547408799970071,2.0,0.75,0.9801324503311258,1.0,0.7692307692307693,0.9294062646096306,0.9960981047937569,0.9730769230769227,138,0,3,10,151,13,8.61,0.24856435826106932,1.1008183843667765e-07,0.9999998097133611,0.0666650684055772
456,11,C_raw_focal_noW,11,0.09026776900009281,2.0,0.75,0.9801324503311258,1.0,0.7692307692307693,0.9294062646096306,0.996098104793757,0.9697913422609776,138,0,3,10,151,13,8.61,0.24287820778523228,0.0014639524802091623,0.9981524938729518,0.07496204170735807
456,11,D_raw_focal_W,11,0.1101290860001427,2.0,0.75,0.9801324503311258,1.0,0.7692307692307693,0.9294062646096306,0.9955406911928651,0.9671597633136091,138,0,3,10,151,13,8.61,0.24552130782502385,0.0011762380840418904,0.9983489887513083,0.07622816111053513
456,11,E_all_ce_noW,12,0.11672254399991289,2.0,0.75,0.9801324503311258,1.0,0.7692307692307693,0.9294062646096306,0.996098104793757,0.9697913422609776,138,0,3,10,151,13,8.61,0.24859497188646057,3.368651548155433e-08,0.9999997526262819,0.06625658491082786
456,11,F_all_ce_W,12,0.12458977799997228,2.0,0.75,0.9801324503311258,1.0,0.7692307692307693,0.9294062646096306,0.995540691192865,0.9706959706959704,138,0,3,10,151,13,8.61,0.24856951231443197,1.3573999978095648e-07,0.9999997967030734,0.0664757095361566
456,11,G_all_focal_noW,12,0.09663965100025962,2.0,0.75,0.9801324503311258,1.0,0.7692307692307693,0.9294062646096306,0.9933110367892977,0.9588264299802758,138,0,3,10,151,13,8.61,0.2423953561860765,0.00169497713411679,0.9982853834377522,0.07399549118772918
456,11,H_all_focal_W,12,0.09766446300000098,2.0,0.75,0.9801324503311258,1.0,0.7692307692307693,0.9294062646096306,0.9938684503901896,0.9562040523578983,138,0,3,10,151,13,8.61,0.2440246553335319,0.001220436533347075,0.9984974156318728,0.07397608038762404
456,11,LEGACY_A,11,0.10728198700007852,2.0,0.75,0.9801324503311258,1.0,0.7692307692307693,0.9294062646096306,0.9916387959866221,0.9541968003506462,138,0,3,10,151,13,8.61,0.2485690352171438,2.817878215205323e-08,0.9999996611768762,0.06658861669390356
456,12,A_raw_ce_noW,11,0.10597892799978581,2.0,0.75,0.9867549668874173,1.0,0.8571428571428571,0.9579152731326644,0.9989572471324296,0.9910714285714284,137,0,2,12,151,14,9.27,0.26428494419734927,2.7344903546891938e-08,0.9999995852418789,0.07775370331221096
456,12,B_raw_ce_W,11,0.1341391939999994,2.0,0.75,0.9867549668874173,1.0,0.8571428571428571,0.9579152731326644,0.9984358706986445,0.9873949579831931,137,0,2,12,151,14,9.27,0.267468029679663,1.2906129667969344e-07,0.9999997480922886,0.07946373871499042
456,12,C_raw_focal_noW,11,0.09912193199988906,2.0,0.75,0.9867549668874173,1.0,0.8571428571428571,0.9579152731326644,0.9984358706986445,0.9873949579831931,137,0,2,12,151,14,9.27,0.2597775249635941,0.001029011065165646,0.9974726835752434,0.08820848122383389
456,12,D_raw_focal_W,11,0.10110089999989214,2.0,0.75,0.9867549668874173,1.0,0.8571428571428571,0.9579152731326644,0.9994786235662149,0.995238095238095,137,0,2,12,151,14,9.27,0.26282102100535876,0.0010943539167059038,0.9978788605341753,0.08859049171209861
456,12,E_all_ce_noW,12,0.12246443200001522,2.0,0.75,0.9801324503311258,1.0,0.7857142857142857,0.9345848375451263,0.9979144942648592,0.984126984126984,137,0,3,11,151,14,9.27,0.2601845582634984,2.7793765609561803e-08,0.9999996281095942,0.0746883569971463
456,12,F_all_ce_W,12,0.13151659799996196,2.0,0.75,0.9867549668874173,1.0,0.8571428571428571,0.9579152731326644,0.9979144942648592,0.984126984126984,137,0,2,12,151,14,9.27,0.26775338335711996,1.0520596719868074e-07,0.9999997830044198,0.07955659260435805
456,12,G_all_focal_noW,12,0.09842785000000731,2.0,0.75,0.9867549668874173,1.0,0.8571428571428571,0.9579152731326644,0.9989572471324296,0.9910714285714284,137,0,2,12,151,14,9.27,0.2561119158725767,0.001226969617740592,0.9975887502456847,0.0856202991794375
456,12,H_all_focal_W,12,0.10223673200016492,2.0,0.75,0.9867549668874173,1.0,0.8571428571428571,0.9579152731326644,0.9989572471324296,0.9910714285714284,137,0,2,12,151,14,9.27,0.2617156105515861,0.001121869401065054,0.9975115523761209,0.08722355947207176
456,12,LEGACY_A,11,0.11374306100015019,2.0,0.75,0.9867549668874173,1.0,0.8571428571428571,0.9579152731326644,0.9994786235662149,0.995238095238095,137,0,2,12,151,14,9.27,0.26966156530099683,2.6440964744747135e-08,0.9999996787412777,0.07993551116521742
456,13,A_raw_ce_noW,11,0.12824191199979396,2.0,0.75,0.9933774834437086,0.9333333333333333,1.0,0.9809271188581534,1.0,0.9999999999999998,136,1,0,14,151,14,9.27,0.28868794634436223,2.7972202393008758e-08,0.9999989429024999,0.09546423274988486
456,13,B_raw_ce_W,11,0.12164193199987494,2.0,0.75,1.0,1.0,1.0,1.0,1.0,0.9999999999999998,137,0,0,14,151,14,9.27,0.28815725608288967,1.0508625177097052e-07,0.9999995349605497,0.09478329689940616
456,13,C_raw_focal_noW,11,0.09587993900004221,2.0,0.75,1.0,1.0,1.0,1.0,1.0,0.9999999999999998,137,0,0,14,151,14,9.27,0.2782856312150013,0.0016672877163189908,0.9967038817121112,0.10451385158978599
456,13,D_raw_focal_W,11,0.09728564400029427,2.0,0.75,1.0,1.0,1.0,1.0,1.0,0.9999999999999998,137,0,0,14,151,14,9.27,0.2835098179579772,0.0011111221470060447,0.9975943223732522,0.10628235531457332
456,13,E_all_ce_noW,12,0.1229910629999722,2.0,0.75,0.9933774834437086,0.9333333333333333,1.0,0.9809271188581534,0.9994786235662148,0.995238095238095,136,1,0,14,151,14,9.27,0.2913171627936444,2.7530060607473896e-08,0.9999991943392699,0.09654163970965905
456,13,F_all_ce_W,12,0.13404143000025215,2.0,0.75,0.9933774834437086,0.9333333333333333,1.0,0.9809271188581534,1.0,0.9999999999999998,136,1,0,14,151,14,9.27,0.2864988226969469,1.0616113711111337e-07,0.9999996278461695,0.09453414418775515
456,13,G_all_focal_noW,12,0.09579184299991539,2.0,0.75,0.9933774834437086,0.9333333333333333,1.0,0.9809271188581534,1.0,0.9999999999999998,136,1,0,14,151,14,9.27,0.27971283148053183,0.00180808776927768,0.9970866992005107,0.1041552140559935
456,13,H_all_focal_W,12,0.09964250699977129,2.0,0.75,0.9933774834437086,0.9333333333333333,1.0,0.9809271188581534,1.0,0.9999999999999998,136,1,0,14,151,14,9.27,0.2851923090292463,0.0012731151862241071,0.9973940079487141,0.10510887574543831
456,13,LEGACY_A,11,0.13882193399967946,2.0,0.75,0.9933774834437086,0.9333333333333333,1.0,0.9809271188581534,1.0,0.9999999999999998,136,1,0,14,151,14,9.27,0.29385422287609536,2.7004558926418798e-08,0.9999993887450268,0.09742516796148537
456,14,A_raw_ce_noW,11,0.10361025600013818,2.0,0.75,0.9801324503311258,0.9230769230769231,0.8571428571428571,0.938989898989899,0.9900938477580813,0.9547193877551019,136,1,2,12,151,14,9.27,0.2780780461717743,2.7771987136085102e-08,0.999999608861142,0.08787207317384282
456,14,B_raw_ce_W,11,0.11200643800020771,2.0,0.75,0.9867549668874173,0.9285714285714286,0.9285714285714286,0.9606360792492179,0.9916579770594369,0.9579521463757916,136,1,1,13,151,14,9.27,0.28632272987264884,1.4036530950163944e-07,0.9999998107348483,0.09154474962655029
456,14,C_raw_focal_noW,11,0.0894651190001241,2.0,0.75,0.9867549668874173,0.9285714285714286,0.9285714285714286,0.9606360792492179,0.9874869655891554,0.9504964147821289,136,1,1,13,151,14,9.27,0.27214184100895517,0.001485270849179982,0.996547868618499,0.09599140774589753
456,14,D_raw_focal_W,11,0.09230641600015588,2.0,0.75,0.9867549668874173,0.9285714285714286,0.9285714285714286,0.9606360792492179,0.9900938477580813,0.9547193877551019,136,1,1,13,151,14,9.27,0.27781533625851096,0.0011307190789543902,0.9970372232440274,0.09804367271870316
456,14,E_all_ce_noW,12,0.11499910200018348,2.0,0.75,0.9867549668874173,0.9285714285714286,0.9285714285714286,0.9606360792492179,0.9906152241918664,0.9598214285714284,136,1,1,13,151,14,9.27,0.28060728330760687,2.765139115989931e-08,0.9999996852400614,0.08919566834014443
456,14,F_all_ce_W,12,0.12126350700009425,2.0,0.75,0.9867549668874173,0.9285714285714286,0.9285714285714286,0.9606360792492179,0.9890510948905109,0.9571428571428571,136,1,1,13,151,14,9.27,0.2867516877745098,1.4518763511467742e-07,0.9999998030746805,0.09168411986984001
456,14,G_all_focal_noW,12,0.11331035100010922,2.0,0.75,0.9867549668874173,0.9285714285714286,0.9285714285714286,0.9606360792492179,0.9885297184567258,0.9520408163265306,136,1,1,13,151,14,9.27,0.273576838378838,0.0018937250835756605,0.996038259000182,0.0970392792386668
456,14,H_all_focal_W,12,0.09715774000005695,2.0,0.75,0.9867549668874173,0.9285714285714286,0.9285714285714286,0.9606360792492179,0.9906152241918664,0.9598214285714284,136,1,1,13,151,14,9.27,0.2768724212862571,0.0015708569775431482,0.9970602077086937,0.09868614359200313
456,14,LEGACY_A,11,0.10999773000003188,2.0,0.75,0.9867549668874173,0.9285714285714286,0.9285714285714286,0.9606360792492179,0.9921793534932222,0.9591836734693877,136,1,1,13,151,14,9.27,0.2870392960816616,2.743122317427602e-08,0.9999997109754069,0.09174387252173034
456,15,A_raw_ce_noW,11,0.10392865600033474,2.0,0.75,0.9801324503311258,0.9230769230769231,0.8571428571428571,0.938989898989899,0.9953076120959332,0.9689239332096473,136,1,2,12,151,14,9.27,0.28013238516781097,3.2707502329692465e-08,0.9999994211077929,0.08802032939394872
456,15,B_raw_ce_W,11,0.11398100199994587,2.0,0.75,0.9867549668874173,0.9285714285714286,0.9285714285714286,0.9606360792492179,0.9963503649635037,0.973469387755102,136,1,1,13,151,14,9.27,0.28359794412715544,9.541268329689391e-08,0.9999998022022725,0.09084282206284135
456,15,C_raw_focal_noW,11,0.09311791100026312,2.0,0.75,0.9801324503311258,0.9230769230769231,0.8571428571428571,0.938989898989899,0.9947862356621481,0.9669476486246671,136,1,2,12,151,14,9.27,0.2733474550528835,0.0015544122575821835,0.996061066741342,0.09994950335240337
456,15,D_raw_focal_W,11,0.09178278999979739,2.0,0.75,0.9867549668874173,0.9285714285714286,0.9285714285714286,0.9606360792492179,0.9963503649635036,0.973469387755102,136,1,1,13,151,14,9.27,0.27802740600485565,0.0011633851590243031,0.9970064448669234,0.10256521269232348
456,15,E_all_ce_noW,12,0.19381597399979,2.0,0.75,0.9867549668874173,1.0,0.8571428571428571,0.9579152731326644,0.9880083420229405,0.9555984555984556,137,0,2,12,151,14,9.27,0.27044794788213206,2.7269031718759162e-08,0.9999996330283979,0.0811236699957008
456,15,F_all_ce_W,12,0.21266164700000445,2.0,0.75,0.9933774834437086,1.0,0.9285714285714286,0.9796632996632997,0.9848800834202295,0.9518272425249168,137,0,1,13,151,14,9.27,0.2757298269785164,1.1480570315419941e-07,0.9999998404284477,0.0862368718116088
456,15,G_all_focal_noW,12,0.15431525399981183,2.0,0.75,0.9867549668874173,0.9285714285714286,0.9285714285714286,0.9606360792492179,0.9854014598540146,0.9523809523809523,136,1,1,13,151,14,9.27,0.2712426466526035,0.0014146872820282033,0.99694435691031,0.09626002313445901
456,15,H_all_focal_W,12,0.15948605800031146,2.0,0.75,0.9867549668874173,0.9285714285714286,0.9285714285714286,0.9606360792492179,0.983837330552659,0.9507936507936507,136,1,1,13,151,14,9.27,0.27642216098045863,0.0008292380040289039,0.9977131533032757,0.09722240750793489
456,15,LEGACY_A,11,0.1840061070001866,2.0,0.75,0.9801324503311258,0.9230769230769231,0.8571428571428571,0.938989898989899,0.9942648592283628,0.9651360544217686,136,1,2,12,151,14,9.27,0.2807786154721923,2.718055080584365e-08,0.9999996593699264,0.08933391149559103
456,16,A_raw_ce_noW,11,0.18192380000027697,2.0,0.75,0.9867549668874173,0.9230769230769231,0.9230769230769231,0.9579152731326644,0.9994425863991081,0.9945054945054943,137,1,1,12,151,13,8.61,0.2761521155792979,2.7028225856059547e-08,0.9999994385400596,0.08485595323538905
456,16,B_raw_ce_W,11,0.19706409799982794,2.0,0.75,0.9867549668874173,0.9230769230769231,0.9230769230769231,0.9579152731326644,0.9994425863991081,0.9945054945054943,137,1,1,12,151,13,8.61,0.2789849731183669,1.1343039966926074e-07,0.9999994183913355,0.08623203354910873
456,16,C_raw_focal_noW,11,0.14988879499969698,2.0,0.75,0.9933774834437086,1.0,0.9230769230769231,0.9781949458483754,0.9994425863991081,0.9945054945054943,138,0,1,12,151,13,8.61,0.2619282534428587,0.0012531847825754628,0.9967356960167089,0.09162774112453394
456,16,D_raw_focal_W,11,0.16519213300034608,2.0,0.75,0.9933774834437086,1.0,0.9230769230769231,0.9781949458483754,0.9994425863991081,0.9945054945054943,138,0,1,12,151,13,8.61,0.2653963351929452,0.0011145291928009754,0.9976635468078505,0.09464439309331289
456,16,E_all_ce_noW,12,0.20611533600003895,2.0,0.75,0.9867549668874173,0.9230769230769231,0.9230769230769231,0.9579152731326644,0.9994425863991081,0.9945054945054943,137,1,1,12,151,13,8.61,0.2776669222014168,2.791332743608697e-08,0.9999995898320871,0.08683694412159536
456,16,F_all_ce_W,12,0.2184413550003228,2.0,0.75,0.9933774834437086,0.9285714285714286,1.0,0.9796632996632997,0.9988851727982162,0.9885883347421807,137,1,0,13,151,13,8.61,0.2821762353014366,1.013275705384957e-07,0.9999997493719381,0.0899682990456823
456,16,G_all_focal_noW,12,0.16033814000002167,2.0,0.75,0.9867549668874173,0.9230769230769231,0.9230769230769231,0.9579152731326644,0.9994425863991081,0.9945054945054943,137,1,1,12,151,13,8.61,0.26287013253898833,0.0016350953839785426,0.9966226697626314,0.09517843692224179
456,16,H_all_focal_W,12,0.16307502099971316,2.0,0.75,0.9933774834437086,0.9285714285714286,1.0,0.9796632996632997,0.9994425863991081,0.9945054945054943,137,1,0,13,151,13,8.61,0.2703441660918735,0.0010593962780428463,0.9976996414595747,0.09785280137961445
456,16,LEGACY_A,11,0.18824656600008893,2.0,0.75,0.9867549668874173,0.9230769230769231,0.9230769230769231,0.9579152731326644,0.9994425863991081,0.9945054945054943,137,1,1,12,151,13,8.61,0.2793927575895578,2.599741247295677e-08,0.9999996309474292,0.08726081166385483
456,17,A_raw_ce_noW,11,0.16338689500025794,2.0,0.75,0.9801324503311258,0.9230769230769231,0.8571428571428571,0.938989898989899,0.9921793534932221,0.9476007326007325,136,1,2,12,151,14,9.27,0.27871451615582576,3.93200518212886e-08,0.9999994349393131,0.08799378761176942
456,17,B_raw_ce_W,11,0.17811981299973922,2.0,0.75,0.9801324503311258,0.9230769230769231,0.8571428571428571,0.938989898989899,0.9911366006256517,0.9446377696377695,136,1,2,12,151,14,9.27,0.28046040377255826,1.4357519284847136e-07,0.9999997652294765,0.08905399046769234
456,17,C_raw_focal_noW,11,0.16339718900007938,2.0,0.75,0.9735099337748344,0.8571428571428571,0.8571428571428571,0.9212721584984358,0.9890510948905109,0.9448031135531134,135,2,2,12,151,14,9.27,0.2627090788398527,0.0026398354585792684,0.9958914247067355,0.09750165768308378
456,17,D_raw_focal_W,11,0.14962017600009858,2.0,0.75,0.9735099337748344,0.8571428571428571,0.8571428571428571,0.9212721584984358,0.9874869655891554,0.9421245421245421,135,2,2,12,151,14,9.27,0.2735892455755193,0.0022615202787457838,0.9970184022108571,0.10059205566827664
456,17,E_all_ce_noW,12,0.17980096499968568,2.0,0.75,0.9801324503311258,0.8666666666666667,0.9285714285714286,0.94278135657446,0.986444212721585,0.9353785103785102,135,2,1,13,151,14,9.27,0.2885271013939348,2.9252063998860456e-08,0.9999996396314201,0.09634465618872193
456,17,F_all_ce_W,12,0.20461568699965937,2.0,0.75,0.9801324503311258,0.8666666666666667,0.9285714285714286,0.94278135657446,0.9854014598540146,0.9339165220744168,135,2,1,13,151,14,9.27,0.28774298720919683,1.4898076049379853e-07,0.9999997751718109,0.09550825867117427
456,17,G_all_focal_noW,12,0.14668286799997077,2.0,0.75,0.9735099337748344,0.8571428571428571,0.8571428571428571,0.9212721584984358,0.9854014598540146,0.9339165220744168,135,2,2,12,151,14,9.27,0.267150086368859,0.0030621321782365336,0.9953446923898536,0.1006408076185453
456,17,H_all_focal_W,12,0.17526757600035126,2.0,0.75,0.9735099337748344,0.8571428571428571,0.8571428571428571,0.9212721584984358,0.986444212721585,0.9405801405801404,135,2,2,12,151,14,9.27,0.27532263724125755,0.0023014304632496233,0.9968106545146809,0.10219794693177806
456,17,LEGACY_A,11,0.18051464800009853,2.0,0.75,0.9735099337748344,0.8571428571428571,0.8571428571428571,0.9212721584984358,0.9885297184567258,0.9438561438561437,135,2,2,12,151,14,9.27,0.2834120402238065,2.9315010463411826e-08,0.9999996740341731,0.09038794453840693
456,18,A_raw_ce_noW,11,0.1955081699998118,2.0,0.75,0.9933774834437086,1.0,0.9285714285714286,0.9796632996632997,1.0,0.9999999999999998,137,0,1,13,151,14,9.27,0.2812072218292569,2.7482576082787524e-08,0.9999996751297656,0.08874738232209467
456,18,B_raw_ce_W,11,0.14153491599972767,2.0,0.75,0.9933774834437086,1.0,0.9285714285714286,0.9796632996632997,1.0,0.9999999999999999,137,0,1,13,151,14,9.27,0.2804996203150418,1.3558046096203832e-07,0.999999661475675,0.08885131319464294
456,18,C_raw_focal_noW,11,0.09346257800007152,2.0,0.75,1.0,1.0,1.0,1.0,1.0,0.9999999999999998,137,0,0,14,151,14,9.27,0.27685395619045555,0.0014732347393560804,0.9979726788284048,0.09793339619929084
456,18,D_raw_focal_W,11,0.09208192599999165,2.0,0.75,1.0,1.0,1.0,1.0,1.0,0.9999999999999998,137,0,0,14,151,14,9.27,0.27978615261462075,0.0010054573215614723,0.9980950343868074,0.09895628758222044
456,18,E_all_ce_noW,12,0.13912644099991667,2.0,0.75,1.0,1.0,1.0,1.0,1.0,0.9999999999999998,137,0,0,14,151,14,9.27,0.28494471411640376,2.76284931999481e-08,0.9999996451445317,0.09096436931856614
456,18,F_all_ce_W,12,0.13859185999990586,2.0,0.75,0.9933774834437086,1.0,0.9285714285714286,0.9796632996632997,1.0,0.9999999999999998,137,0,1,13,151,14,9.27,0.28164712065022335,1.2342573037318933e-07,0.9999997314562861,0.08914026977051437
456,18,G_all_focal_noW,12,0.0987783299997318,2.0,0.75,1.0,1.0,1.0,1.0,1.0,0.9999999999999998,137,0,0,14,151,14,9.27,0.2742088003124951,0.001206025044614657,0.9966804146874737,0.09732250338536443
456,18,H_all_focal_W,12,0.11363423700004205,2.0,0.75,1.0,1.0,1.0,1.0,1.0,0.9999999999999998,137,0,0,14,151,14,9.27,0.2807208315935575,0.000772678944109929,0.9982370084186752,0.09837012277936699
456,18,LEGACY_A,11,0.11401839400014069,2.0,0.75,1.0,1.0,1.0,1.0,1.0,0.9999999999999998,137,0,0,14,151,14,9.27,0.2891278675495371,2.6116373767521214e-08,0.9999995870537173,0.09259275463722641
456,19,A_raw_ce_noW,11,0.11091045800003485,2.0,0.75,1.0,1.0,1.0,1.0,1.0,0.9999999999999998,137,0,0,14,151,14,9.27,0.28972101893168384,2.7076485035320708e-08,0.9999996945806844,0.09354825364719044
456,19,B_raw_ce_W,11,0.1189400299999761,2.0,0.75,1.0,1.0,1.0,1.0,1.0,0.9999999999999999,137,0,0,14,151,14,9.27,0.2901153470680977,1.314417855897434e-07,0.9999997263472685,0.09553550329010667
456,19,C_raw_focal_noW,11,0.11186324199979936,2.0,0.75,1.0,1.0,1.0,1.0,1.0,0.9999999999999999,137,0,0,14,151,14,9.27,0.2850005285361335,0.0012291674872105863,0.9979052521949301,0.10090211972138467
456,19,D_raw_focal_W,11,0.09636938900030145,2.0,0.75,1.0,1.0,1.0,1.0,1.0,0.9999999999999999,137,0,0,14,151,14,9.27,0.2850824579334705,0.0008333160999651173,0.9981769442990027,0.10231878734689347
456,19,E_all_ce_noW,12,0.12084261300014987,2.0,0.75,1.0,1.0,1.0,1.0,1.0,0.9999999999999999,137,0,0,14,151,14,9.27,0.28886687394833593,2.7487444450090593e-08,0.9999996712266925,0.09309651818525105
456,19,F_all_ce_W,12,0.13619462699989526,2.0,0.75,1.0,1.0,1.0,1.0,1.0,0.9999999999999999,137,0,0,14,151,14,9.27,0.28886850232517886,1.4359379538573148e-07,0.9999998111962086,0.0932562102782529
456,19,G_all_focal_noW,12,0.1016836849998981,2.0,0.75,1.0,1.0,1.0,1.0,1.0,0.9999999999999999,137,0,0,14,151,14,9.27,0.2848326855402629,0.0015573598921939475,0.9976210236534893,0.10315987656759111
456,19,H_all_focal_W,12,0.10127681799986021,2.0,0.75,1.0,1.0,1.0,1.0,1.0,0.9999999999999999,137,0,0,14,151,14,9.27,0.2842695727120321,0.0012487589859013005,0.9980013825668533,0.10300290340299494
456,19,LEGACY_A,11,0.11715502499964714,2.0,0.75,1.0,1.0,1.0,1.0,1.0,0.9999999999999999,137,0,0,14,151,14,9.27,0.2897956511683862,2.2419339383472272e-08,0.9999997043426075,0.09319425450213953
456,20,A_raw_ce_noW,11,0.09797079100007977,2.0,0.75,0.9735099337748344,1.0,0.7142857142857143,0.9094724220623501,0.9848800834202294,0.9145833333333333,137,0,4,10,151,14,9.27,0.2500865101098935,2.79782708820627e-08,0.9999994520201209,0.07089791180007128
456,20,B_raw_ce_W,11,0.12604141400015578,2.0,0.75,0.9668874172185431,0.9090909090909091,0.7142857142857143,0.8909747292418773,0.9854014598540146,0.9155913978494623,136,1,4,10,151,14,9.27,0.2542564057551578,1.3109225347037572e-07,0.9999997993452135,0.07439267389695017
456,20,C_raw_focal_noW,11,0.0887015049997899,2.0,0.75,0.9602649006622517,0.8333333333333334,0.7142857142857143,0.8737458193979933,0.9833159541188738,0.9077097505668933,135,2,4,10,151,14,9.27,0.24926316000579996,0.0023424613505872174,0.9955872063925962,0.08708903623049723
456,20,D_raw_focal_W,11,0.10291724700027771,2.0,0.75,0.9602649006622517,0.8333333333333334,0.7142857142857143,0.8737458193979933,0.9827945776850887,0.9028174206745635,135,2,4,10,151,14,9.27,0.255333856987917,0.002026337504077863,0.9960305232402509,0.09058990723177508
456,20,E_all_ce_noW,12,0.10958978700000443,2.0,0.75,0.9735099337748344,1.0,0.7142857142857143,0.9094724220623501,0.9791449426485923,0.8981601731601729,137,0,4,10,151,14,9.27,0.24983451445456736,2.9036740244323024e-08,0.9999996019381424,0.07130247403417757
456,20,F_all_ce_W,12,0.12135866500011616,2.0,0.75,0.9735099337748344,1.0,0.7142857142857143,0.9094724220623501,0.9801876955161626,0.9001744663382594,137,0,4,10,151,14,9.27,0.25049294023109625,1.3403866632650828e-07,0.9999997665486812,0.07208919601758983
456,20,G_all_focal_noW,12,0.09269889100005457,2.0,0.75,0.9735099337748344,1.0,0.7142857142857143,0.9094724220623501,0.9775808133472368,0.885235003092146,137,0,4,10,151,14,9.27,0.24694634184805783,0.00213411513877164,0.9940948930526728,0.08412889189976475
456,20,H_all_focal_W,12,0.09495707999985825,2.0,0.75,0.9668874172185431,0.9090909090909091,0.7142857142857143,0.8909747292418773,0.9791449426485922,0.8939853719265484,136,1,4,10,151,14,9.27,0.25397315830400574,0.0015156023305758198,0.996234187576325,0.08722260028992743
456,20,LEGACY_A,11,0.1032435480001368,2.0,0.75,0.9668874172185431,0.9090909090909091,0.7142857142857143,0.8909747292418773,0.9827945776850886,0.9069627851140454,136,1,4,10,151,14,9.27,0.25812091163432777,3.0462094319527306e-08,0.9999996592261311,0.07374729067679292
456,21,A_raw_ce_noW,11,0.11360962499975358,2.0,0.75,0.9801324503311258,0.9166666666666666,0.8461538461538461,0.9345848375451263,0.9972129319955407,0.9732495069033527,137,1,2,11,151,13,8.61,0.26776402989738907,2.8252911158766754e-08,0.9999994762410883,0.08110269428561577
456,21,B_raw_ce_W,11,0.11762498500002039,2.0,0.75,0.9867549668874173,0.9230769230769231,0.9230769230769231,0.9579152731326644,0.9983277591973244,0.9838264299802759,137,1,1,12,151,13,8.61,0.2739614185465151,1.461899656711228e-07,0.9999998099429327,0.08447573136192582
456,21,C_raw_focal_noW,11,0.09834481699999742,2.0,0.75,0.9867549668874173,0.9230769230769231,0.9230769230769231,0.9579152731326644,0.9972129319955407,0.9732495069033527,137,1,1,12,151,13,8.61,0.25219969052895475,0.0015594824808238747,0.9952413571740241,0.08808062123108289
456,21,D_raw_focal_W,11,0.09268024199991487,2.0,0.75,0.9867549668874173,0.9230769230769231,0.9230769230769231,0.9579152731326644,0.9983277591973244,0.9821780783319243,137,1,1,12,151,13,8.61,0.26182401138778955,0.0014759278666793391,0.9972455646719885,0.09049790591482029
456,21,E_all_ce_noW,12,0.12004605699985404,2.0,0.75,0.9801324503311258,0.9166666666666666,0.8461538461538461,0.9345848375451263,0.9972129319955407,0.975983292725374,137,1,2,11,151,13,8.61,0.268709635325851,2.939976811578919e-08,0.9999994069462208,0.08090929942834527
456,21,F_all_ce_W,12,0.12851642299983723,2.0,0.75,0.9867549668874173,0.9230769230769231,0.9230769230769231,0.9579152731326644,0.9977703455964326,0.9774161735700195,137,1,1,12,151,13,8.61,0.27367803625072146,1.4295897714663093e-07,0.9999997825662461,0.08551412603218568
456,21,G_all_focal_noW,12,0.09447211099995911,2.0,0.75,0.9801324503311258,0.9166666666666666,0.8461538461538461,0.9345848375451263,0.9972129319955407,0.975983292725374,137,1,2,11,151,13,8.61,0.25277079411826153,0.0015571675829862135,0.9951034081821847,0.08877988841748882
456,21,H_all_focal_W,12,0.09769978499980425,2.0,0.75,0.9867549668874173,0.9230769230769231,0.9230769230769231,0.9579152731326644,0.9977703455964326,0.9774161735700195,137,1,1,12,151,13,8.61,0.258247958621551,0.0011819539413910054,0.9968007276598502,0.08924122271095017
456,21,LEGACY_A,11,0.130157964999853,2.0,0.75,0.9867549668874173,0.9230769230769231,0.9230769230769231,0.9579152731326644,0.9983277591973244,0.9838264299802759,137,1,1,12,151,13,8.61,0.2762305988067118,2.811147716919604e-08,0.9999996820158753,0.08566248815460659
456,22,A_raw_ce_noW,11,0.11176678200035894,2.0,0.75,0.9801324503311258,0.9230769230769231,0.8571428571428571,0.938989898989899,0.9979144942648592,0.9822929171668666,136,1,2,12,151,14,9.27,0.2796737190771766,2.7749205812484937e-08,0.9999994721606185,0.0888995016853019
456,22,B_raw_ce_W,11,0.11045445699983247,2.0,0.75,0.9867549668874173,0.9285714285714286,0.9285714285714286,0.9606360792492179,0.9973931178310741,0.9767984116723611,136,1,1,13,151,14,9.27,0.28378892859942884,1.2702643504044514e-07,0.9999997521888332,0.09122754074900195
456,22,C_raw_focal_noW,11,0.09433939200016539,2.0,0.75,0.9867549668874173,0.9285714285714286,0.9285714285714286,0.9606360792492179,0.9989572471324296,0.9901360544217686,136,1,1,13,151,14,9.27,0.2671356991493798,0.001664509822634784,0.9967077447826106,0.09779657472788268
456,22,D_raw_focal_W,11,0.09174925900015296,2.0,0.75,0.9867549668874173,0.9285714285714286,0.9285714285714286,0.9606360792492179,0.9979144942648592,0.9822929171668666,136,1,1,13,151,14,9.27,0.2749426603879838,0.0013295643854007015,0.9974865612723645,0.0993368529967594
456,22,E_all_ce_noW,12,0.1183897179998894,2.0,0.75,0.9801324503311258,0.9230769230769231,0.8571428571428571,0.938989898989899,0.9911366006256518,0.950892857142857,136,1,2,12,151,14,9.27,0.27203420599202216,2.7652767501967284e-08,0.9999997879885724,0.08319634796893671
456,22,F_all_ce_W,12,0.12906743999974424,2.0,0.75,0.9801324503311258,0.9230769230769231,0.8571428571428571,0.938989898989899,0.9859228362877999,0.9414943609022555,136,1,2,12,151,14,9.27,0.2794409245633515,1.2903654657599867e-07,0.9999998094142314,0.08752527667750834
456,22,G_all_focal_noW,12,0.11950098099987372,2.0,0.75,0.9801324503311258,0.9230769230769231,0.8571428571428571,0.938989898989899,0.9890510948905109,0.9464285714285712,136,1,2,12,151,14,9.27,0.2611321829310744,0.002072449964013118,0.99495593846233,0.09242234169941946
456,22,H_all_focal_W,12,0.09743825199984713,2.0,0.75,0.9801324503311258,0.9230769230769231,0.8571428571428571,0.938989898989899,0.9859228362877998,0.9387917329093798,136,1,2,12,151,14,9.27,0.26940282919977565,0.0012181245793737425,0.9969809810406444,0.09836721199540706
456,22,LEGACY_A,11,0.1166943549997086,2.0,0.75,0.9867549668874173,0.9285714285714286,0.9285714285714286,0.9606360792492179,0.9968717413972888,0.973530437816152,136,1,1,13,151,14,9.27,0.28510577700856793,2.64608541755087e-08,0.9999996229517337,0.09119420256461452
456,23,A_raw_ce_noW,11,0.10992907999980162,2.0,0.75,0.9933774834437086,1.0,0.9285714285714286,0.9796632996632997,0.9994786235662149,0.995238095238095,137,0,1,13,151,14,9.27,0.27929601945843036,2.7931668753809803e-08,0.9999995139847484,0.08592486374170823
456,23,B_raw_ce_W,11,0.11791548700011845,2.0,0.75,0.9933774834437086,1.0,0.9285714285714286,0.9796632996632997,0.9994786235662149,0.995238095238095,137,0,1,13,151,14,9.27,0.2798776410557713,1.39642486454512e-07,0.9999997824056721,0.08657414551008646
456,23,C_raw_focal_noW,11,0.09374566300039078,2.0,0.75,0.9933774834437086,1.0,0.9285714285714286,0.9796632996632997,0.9994786235662149,0.995238095238095,137,0,1,13,151,14,9.27,0.26765868665836406,0.0015521104280651764,0.9970476493108045,0.09368359916990876
456,23,D_raw_focal_W,11,0.09638708200009205,2.0,0.75,0.9933774834437086,1.0,0.9285714285714286,0.9796632996632997,0.9994786235662149,0.995238095238095,137,0,1,13,151,14,9.27,0.27190474777440576,0.001245256289408906,0.9976753287469533,0.09442183432406329
456,23,E_all_ce_noW,12,0.12416387199982637,2.0,0.75,0.9933774834437086,1.0,0.9285714285714286,0.9796632996632997,0.9994786235662149,0.995238095238095,137,0,1,13,151,14,9.27,0.2797876095702867,2.7480922080255122e-08,0.9999996043291712,0.08618247808087341
456,23,F_all_ce_W,12,0.1451361800000086,2.0,0.75,0.9933774834437086,1.0,0.9285714285714286,0.9796632996632997,0.9989572471324296,0.9910714285714284,137,0,1,13,151,14,9.27,0.2793328389839499,1.4526618189324788e-07,0.9999997782092628,0.08691266490821757
456,23,G_all_focal_noW,12,0.10278650100008235,2.0,0.75,0.9933774834437086,1.0,0.9285714285714286,0.9796632996632997,0.9989572471324296,0.9910714285714284,137,0,1,13,151,14,9.27,0.26994140711783765,0.002009593152275717,0.9973466770079862,0.09419774546390339
456,23,H_all_focal_W,12,0.09881875299970488,2.0,0.75,0.9933774834437086,1.0,0.9285714285714286,0.9796632996632997,0.9989572471324296,0.9910714285714284,137,0,1,13,151,14,9.27,0.27229525687645834,0.0013421236503066425,0.9979543403683568,0.09575580553618529
456,23,LEGACY_A,11,0.11613469499980056,2.0,0.75,0.9933774834437086,1.0,0.9285714285714286,0.9796632996632997,0.9994786235662149,0.995238095238095,137,0,1,13,151,14,9.27,0.2800760398528438,2.5589390108459843e-08,0.9999996042997366,0.08641478964767954
456,24,A_raw_ce_noW,11,0.10243712500005131,2.0,0.75,0.9867549668874173,1.0,0.8571428571428571,0.9579152731326644,0.9942648592283628,0.9606331168831168,137,0,2,12,151,14,9.27,0.2704564811903517,3.71459703665727e-08,0.9999996451876869,0.07949410137199166
456,24,B_raw_ce_W,11,0.11046153000006598,2.0,0.75,0.9867549668874173,1.0,0.8571428571428571,0.9579152731326644,0.9911366006256518,0.9471916971916972,137,0,2,12,151,14,9.27,0.27043767014042625,1.1885949975105815e-07,0.9999997792005734,0.07958853632350504
456,24,C_raw_focal_noW,11,0.09260568999980023,2.0,0.75,0.9867549668874173,1.0,0.8571428571428571,0.9579152731326644,0.9890510948905109,0.9375155279503106,137,0,2,12,151,14,9.27,0.2643346290633501,0.0022999027441522137,0.995481395950221,0.08793421927681956
456,24,D_raw_focal_W,11,0.10855265500003952,2.0,0.75,0.9867549668874173,1.0,0.8571428571428571,0.9579152731326644,0.9864442127215849,0.9316087138667782,137,0,2,12,151,14,9.27,0.26659697047673,0.0015678832335156408,0.9968500530649408,0.08820283977859181
456,24,E_all_ce_noW,12,0.11249042999997982,2.0,0.75,0.9867549668874173,1.0,0.8571428571428571,0.9579152731326644,0.9932221063607924,0.954184704184704,137,0,2,12,151,14,9.27,0.2704387819716616,3.84107824973996e-08,0.9999996614459146,0.07957445089880048
456,24,F_all_ce_W,12,0.12341848599999139,2.0,0.75,0.9867549668874173,1.0,0.8571428571428571,0.9579152731326644,0.9916579770594369,0.9487301587301586,137,0,2,12,151,14,9.27,0.2703653502423653,1.4227209444399534e-07,0.999999760070048,0.0801084355369207
456,24,G_all_focal_noW,12,0.09417575799989208,2.0,0.75,0.9867549668874173,1.0,0.8571428571428571,0.9579152731326644,0.9869655891553701,0.9326839826839827,137,0,2,12,151,14,9.27,0.2652379100236056,0.002619213701410277,0.9951258323344462,0.08923281771662821
456,24,H_all_focal_W,12,0.0943086110000877,2.0,0.75,0.9867549668874173,1.0,0.8571428571428571,0.9579152731326644,0.983837330552659,0.9298872180451129,137,0,2,12,151,14,9.27,0.26796966667383193,0.002051767113266014,0.9967348260799039,0.09204330470542411
456,24,LEGACY_A,11,0.10467326699972546,2.0,0.75,0.9867549668874173,1.0,0.8571428571428571,0.9579152731326644,0.9895724713242962,0.9393506493506493,137,0,2,12,151,14,9.27,0.2704543389942047,3.2512387114314304e-08,0.9999995541095329,0.07952387080126283
456,25,A_raw_ce_noW,11,0.10520729700010634,2.0,0.75,1.0,1.0,1.0,1.0,1.0,0.9999999999999998,137,0,0,14,151,14,9.27,0.28971227347607953,3.042788235569862e-08,0.9999996447950215,0.09563492369523255
456,25,B_raw_ce_W,11,0.11828585200009911,2.0,0.75,1.0,1.0,1.0,1.0,1.0,0.9999999999999998,137,0,0,14,151,14,9.27,0.2904094502282794,1.0297173083503175e-07,0.9999997887075571,0.09717517777541838
456,25,C_raw_focal_noW,11,0.11944126100024732,2.0,0.75,1.0,1.0,1.0,1.0,1.0,0.9999999999999998,137,0,0,14,151,14,9.27,0.28101953220331866,0.001690569477766124,0.9970280910352642,0.11164014405041064
456,25,D_raw_focal_W,11,0.0934793329997774,2.0,0.75,0.9933774834437086,0.9333333333333333,1.0,0.9809271188581534,1.0,0.9999999999999999,136,1,0,14,151,14,9.27,0.28667166465268046,0.0015103018539583417,0.997767123517128,0.11251949388821092
456,25,E_all_ce_noW,12,0.12406593699961377,2.0,0.75,0.9933774834437086,0.9333333333333333,1.0,0.9809271188581534,1.0,0.9999999999999998,136,1,0,14,151,14,9.27,0.2940880418551746,2.8805363190510242e-08,0.9999993833814914,0.09826017618061925
456,25,F_all_ce_W,12,0.13495427600037146,2.0,0.75,0.9933774834437086,0.9333333333333333,1.0,0.9809271188581534,1.0,0.9999999999999999,136,1,0,14,151,14,9.27,0.2959754434592648,1.2154652923729806e-07,0.9999996802878987,0.10058379780158198
456,25,G_all_focal_noW,12,0.096499300999767,2.0,0.75,0.9933774834437086,0.9333333333333333,1.0,0.9809271188581534,1.0,0.9999999999999998,136,1,0,14,151,14,9.27,0.28681019437493077,0.0015378723828743163,0.9973372293343804,0.11209183898433046
456,25,H_all_focal_W,12,0.09959203600010369,2.0,0.75,0.9933774834437086,0.9333333333333333,1.0,0.9809271188581534,1.0,0.9999999999999998,136,1,0,14,151,14,9.27,0.2868938521598731,0.0013917537241677014,0.9972469071245603,0.11043719169917787
456,25,LEGACY_A,11,0.11321250399987548,2.0,0.75,1.0,1.0,1.0,1.0,1.0,0.9999999999999998,137,0,0,14,151,14,9.27,0.29044547397363296,2.7473871745470256e-08,0.999999658826844,0.09660275592782347
789,1,A_raw_ce_noW,11,0.12876061199995092,2.0,0.75,0.9867549668874173,0.9230769230769231,0.9230769230769231,0.9579152731326644,0.9972129319955407,0.9786324786324783,137,1,1,12,151,13,8.61,0.2794957019956443,2.769460635783329e-08,0.9999996402722373,0.08747240334062009
789,1,B_raw_ce_W,11,0.11598669200020595,2.0,0.75,0.9867549668874173,0.9230769230769231,0.9230769230769231,0.9579152731326644,0.9972129319955407,0.9786324786324783,137,1,1,12,151,13,8.61,0.2795554498762375,9.881527620087563e-08,0.9999998242129484,0.0887939071985094
789,1,C_raw_focal_noW,11,0.151696973000071,2.0,0.75,0.9867549668874173,0.9230769230769231,0.9230769230769231,0.9579152731326644,0.9972129319955407,0.9786324786324783,137,1,1,12,151,13,8.61,0.2701344741029925,0.0011735885811459215,0.9968303603335339,0.10032410240495496
789,1,D_raw_focal_W,11,0.1545699000002969,2.0,0.75,0.9867549668874173,0.9230769230769231,0.9230769230769231,0.9579152731326644,0.9972129319955407,0.9786324786324783,137,1,1,12,151,13,8.61,0.2733602306091168,0.001322884014019295,0.9964697763102549,0.10301507506100785
789,1,E_all_ce_noW,12,0.19379578599955494,2.0,0.75,0.9933774834437086,1.0,0.9230769230769231,0.9781949458483754,0.9894091415830547,0.9543269230769229,138,0,1,12,151,13,8.61,0.2717181182072823,2.7807821236210314e-08,0.99999962770613,0.0825334855072337
789,1,F_all_ce_W,12,0.22138485799996488,2.0,0.75,0.9867549668874173,0.9230769230769231,0.9230769230769231,0.9579152731326644,0.9910813823857303,0.9575596816976124,137,1,1,12,151,13,8.61,0.27932376584055224,1.1764941903446667e-07,0.9999998209068802,0.08732670314009677
789,1,G_all_focal_noW,12,0.16675837399998272,2.0,0.75,0.9867549668874173,0.9230769230769231,0.9230769230769231,0.9579152731326644,0.9916387959866221,0.9587912087912085,137,1,1,12,151,13,8.61,0.2658400528442759,0.0013408230209543657,0.9957333461429672,0.09698474215706189
789,1,H_all_focal_W,12,0.1606381669998882,2.0,0.75,0.9867549668874173,0.9230769230769231,0.9230769230769231,0.9579152731326644,0.9899665551839465,0.9553349875930519,137,1,1,12,151,13,8.61,0.2711504259414185,0.000778327963549833,0.9972382119848269,0.09896927403284499
789,1,LEGACY_A,11,0.18927659600012703,2.0,0.75,0.9867549668874173,0.9230769230769231,0.9230769230769231,0.9579152731326644,0.9955406911928651,0.9706959706959704,137,1,1,12,151,13,8.61,0.28079552346788633,2.8016092017509535e-08,0.9999996811641221,0.08941553199250273
789,2,A_raw_ce_noW,11,0.1760449029998199,2.0,0.75,0.9867549668874173,0.875,1.0,0.9629901960784314,0.9989572471324296,0.9910714285714284,135,2,0,14,151,14,9.27,0.3054498350951921,2.733313280175743e-08,0.9999995003223502,0.1065334492452588
789,2,B_raw_ce_W,11,0.19689933899962853,2.0,0.75,0.9867549668874173,0.875,1.0,0.9629901960784314,0.9989572471324296,0.9910714285714286,135,2,0,14,151,14,9.27,0.30466191117116126,1.3336325778208961e-07,0.9999997838827613,0.10667125364317176
789,2,C_raw_focal_noW,11,0.17279801599988787,2.0,0.75,0.9867549668874173,0.875,1.0,0.9629901960784314,0.9994786235662149,0.995238095238095,135,2,0,14,151,14,9.27,0.28585971023651435,0.0018876729029147186,0.9962451888561878,0.11481213782170097
789,2,D_raw_focal_W,11,0.1556474089998119,2.0,0.75,0.9867549668874173,0.875,1.0,0.9629901960784314,0.9989572471324296,0.9910714285714284,135,2,0,14,151,14,9.27,0.2887917009870724,0.0014063624296640994,0.9968507033233704,0.11706175290799516
789,2,E_all_ce_noW,12,0.6441128500000559,2.0,0.75,0.9801324503311258,0.8235294117647058,1.0,0.946077847875253,0.9994786235662149,0.995238095238095,134,3,0,14,151,14,9.27,0.3012967928868892,2.7457075814190843e-08,0.999999358615553,0.10623828173558725
789,2,F_all_ce_W,12,0.2087715150000804,2.0,0.75,0.9801324503311258,0.8235294117647058,1.0,0.946077847875253,0.9994786235662149,0.995238095238095,134,3,0,14,151,14,9.27,0.30861312232909505,1.423659185503172e-07,0.9999997340497658,0.11041762789134704
789,2,G_all_focal_noW,12,0.15303641899981812,2.0,0.75,0.9867549668874173,0.9285714285714286,0.9285714285714286,0.9606360792492179,0.9989572471324296,0.9910714285714284,136,1,1,13,151,14,9.27,0.28374881351758924,0.0017121742390457835,0.9960526747575122,0.11188827185554628
789,2,H_all_focal_W,12,0.1536364550001963,2.0,0.75,0.9867549668874173,0.875,1.0,0.9629901960784314,0.9989572471324296,0.9910714285714285,135,2,0,14,151,14,9.27,0.29299006929729343,0.0011328823724393263,0.996874664671996,0.1172557284753429
789,2,LEGACY_A,11,0.18349785899999915,2.0,0.75,0.9867549668874173,0.875,1.0,0.9629901960784314,0.9989572471324296,0.9910714285714285,135,2,0,14,151,14,9.27,0.3050306361569886,2.6186368851340433e-08,0.9999996311918883,0.10577452576581656
789,3,A_raw_ce_noW,11,0.19894735500020033,2.0,0.75,0.9735099337748344,0.9166666666666666,0.7857142857142857,0.9158305462653289,0.9984358706986445,0.9846415489272631,136,1,3,11,151,14,9.27,0.2654363340287243,2.7819207841193078e-08,0.9999995441484495,0.07978727285780775
789,3,B_raw_ce_W,11,0.1914001609998195,2.0,0.75,0.9801324503311258,0.9230769230769231,0.8571428571428571,0.938989898989899,0.9989572471324296,0.9901360544217686,136,1,2,12,151,14,9.27,0.27291032811162624,1.4647985730224918e-07,0.999999795892344,0.08577139675180243
789,3,C_raw_focal_noW,11,0.16372408899997026,2.0,0.75,0.9801324503311258,0.9230769230769231,0.8571428571428571,0.938989898989899,0.9989572471324296,0.9901360544217686,136,1,2,12,151,14,9.27,0.2603499432455968,0.0014494016473210042,0.9974350926600455,0.09122730264048033
789,3,D_raw_focal_W,11,0.16600029199980781,2.0,0.75,0.9801324503311258,0.9230769230769231,0.8571428571428571,0.938989898989899,0.9984358706986445,0.9846415489272631,136,1,2,12,151,14,9.27,0.26984411685581144,0.0009277140406353876,0.997802335455307,0.09459220364957006
789,3,E_all_ce_noW,12,0.19970851600010064,2.0,0.75,0.9735099337748344,0.9166666666666666,0.7857142857142857,0.9158305462653289,0.9984358706986445,0.9846415489272631,136,1,3,11,151,14,9.27,0.26902869083891395,2.7505304647777557e-08,0.9999996923508491,0.08427795453418992
789,3,F_all_ce_W,12,0.1779000060000726,2.0,0.75,0.9867549668874173,0.9285714285714286,0.9285714285714286,0.9606360792492179,0.9984358706986444,0.9846415489272631,136,1,1,13,151,14,9.27,0.27453186172413124,1.367066788946974e-07,0.9999998045096314,0.08867541212256277
789,3,G_all_focal_noW,12,0.09722065400001156,2.0,0.75,0.9801324503311258,0.9230769230769231,0.8571428571428571,0.938989898989899,0.9984358706986445,0.9846415489272631,136,1,2,12,151,14,9.27,0.264135309596717,0.0016397266899107548,0.997183353703166,0.09470726154741492
789,3,H_all_focal_W,12,0.09678716299958978,2.0,0.75,0.9867549668874173,0.9285714285714286,0.9285714285714286,0.9606360792492179,0.9989572471324296,0.9901360544217686,136,1,1,13,151,14,9.27,0.27042660340808317,0.0010796443828589505,0.9974530303105105,0.09657370182120917
789,3,LEGACY_A,11,0.11361854400001903,2.0,0.75,0.9801324503311258,0.9230769230769231,0.8571428571428571,0.938989898989899,0.9989572471324296,0.9901360544217686,136,1,2,12,151,14,9.27,0.27561184635015556,2.716909548860591e-08,0.9999996716291398,0.08667877345513687
789,4,A_raw_ce_noW,11,0.09963433799975974,2.0,0.75,0.9867549668874173,1.0,0.8571428571428571,0.9579152731326644,0.996871741397289,0.9785714285714284,137,0,2,12,151,14,9.27,0.2615763615272293,2.757753333201059e-08,0.9999997009046486,0.07667621111159151
789,4,B_raw_ce_W,11,0.1055789070001083,2.0,0.75,0.9867549668874173,1.0,0.8571428571428571,0.9579152731326644,0.9958289885297185,0.9740259740259738,137,0,2,12,151,14,9.27,0.2615767401277423,1.1562139420868331e-07,0.9999997973549886,0.07665087259980669
789,4,C_raw_focal_noW,11,0.08982787699960681,2.0,0.75,0.9867549668874173,1.0,0.8571428571428571,0.9579152731326644,0.9927007299270073,0.9642857142857142,137,0,2,12,151,14,9.27,0.25052746678401716,0.002288313221473037,0.99592694488918,0.086619369081341
789,4,D_raw_focal_W,11,0.0929494550000527,2.0,0.75,0.9867549668874173,1.0,0.8571428571428571,0.9579152731326644,0.9989572471324296,0.9910714285714284,137,0,2,12,151,14,9.27,0.2594137827202576,0.0022202463826559936,0.9970362811879153,0.08765890144048712
789,4,E_all_ce_noW,12,0.12803777199997057,2.0,0.75,0.9867549668874173,1.0,0.8571428571428571,0.9579152731326644,0.9932221063607924,0.9619309262166404,137,0,2,12,151,14,9.27,0.260462584765029,2.766018547431703e-08,0.9999994708216071,0.07765735427402576
789,4,F_all_ce_W,12,0.11757502399996156,2.0,0.75,0.9801324503311258,0.9230769230769231,0.8571428571428571,0.938989898989899,0.9927007299270073,0.9605064247921389,136,1,2,12,151,14,9.27,0.26925539120518455,1.421149448187904e-07,0.9999997102218594,0.08289786991300867
789,4,G_all_focal_noW,12,0.09231200800013539,2.0,0.75,0.9867549668874173,1.0,0.8571428571428571,0.9579152731326644,0.9942648592283628,0.9651360544217686,137,0,2,12,151,14,9.27,0.25431483039082586,0.002084582046725754,0.9956881417910141,0.08765364312841147
789,4,H_all_focal_W,12,0.09555402999967555,2.0,0.75,0.9867549668874173,1.0,0.8571428571428571,0.9579152731326644,0.9968717413972888,0.9761009667024703,137,0,2,12,151,14,9.27,0.2595780122340829,0.0016824486699120898,0.9968734479211635,0.08741496419995036
789,4,LEGACY_A,11,0.10527565199981836,2.0,0.75,0.9867549668874173,1.0,0.8571428571428571,0.9579152731326644,0.996871741397289,0.9785714285714284,137,0,2,12,151,14,9.27,0.2669041617488843,2.67539411615972e-08,0.9999997110809364,0.07887048435837894
789,5,A_raw_ce_noW,11,0.1050920379998388,2.0,0.75,0.9933774834437086,1.0,0.9285714285714286,0.9796632996632997,0.9947862356621481,0.9702380952380951,137,0,1,13,151,14,9.27,0.2734000940195161,2.9614697759700585e-08,0.9999995879159249,0.08340221915346721
789,5,B_raw_ce_W,11,0.11187640199977977,2.0,0.75,0.9933774834437086,1.0,0.9285714285714286,0.9796632996632997,0.9921793534932222,0.9630541871921181,137,0,1,13,151,14,9.27,0.2795962091475925,1.274627271478404e-07,0.9999996844739453,0.08635655033000116
789,5,C_raw_focal_noW,11,0.09603394500027207,2.0,0.75,0.9867549668874173,1.0,0.8571428571428571,0.9579152731326644,0.9937434827945777,0.9670329670329669,137,0,2,12,151,14,9.27,0.26470360556829126,0.0018357680237275787,0.9971921043142267,0.08986890903443041
789,5,D_raw_focal_W,11,0.11359799199999543,2.0,0.75,0.9933774834437086,1.0,0.9285714285714286,0.9796632996632997,0.9937434827945777,0.9670329670329669,137,0,1,13,151,14,9.27,0.2731153385993135,0.0009873682995602535,0.9974640671003716,0.09481850719074919
789,5,E_all_ce_noW,12,0.11790209099990534,2.0,0.75,0.9933774834437086,1.0,0.9285714285714286,0.9796632996632997,0.996871741397289,0.9785714285714284,137,0,1,13,151,14,9.27,0.2738711992351641,3.1916947320290024e-08,0.9999996024036004,0.08360249689129437
789,5,F_all_ce_W,12,0.12505851500009157,2.0,0.75,0.9933774834437086,1.0,0.9285714285714286,0.9796632996632997,0.9932221063607924,0.9656084656084656,137,0,1,13,151,14,9.27,0.2787161999338314,1.465225498795404e-07,0.9999997018954401,0.08568234802058805
789,5,G_all_focal_noW,12,0.09705419300007634,2.0,0.75,0.9933774834437086,1.0,0.9285714285714286,0.9796632996632997,0.9942648592283628,0.9685714285714284,137,0,1,13,151,14,9.27,0.2660726399740891,0.0021994392159378926,0.9972557829655029,0.0903724855803182
789,5,H_all_focal_W,12,0.10044907700012118,2.0,0.75,0.9933774834437086,1.0,0.9285714285714286,0.9796632996632997,0.9927007299270073,0.9642857142857142,137,0,1,13,151,14,9.27,0.27187760688672324,0.001158011171136924,0.9980743598371153,0.09319684943718623
789,5,LEGACY_A,11,0.10900321000008262,2.0,0.75,0.9933774834437086,1.0,0.9285714285714286,0.9796632996632997,0.9921793534932222,0.9630541871921181,137,0,1,13,151,14,9.27,0.27987903290796673,2.7678848894745397e-08,0.9999996096169256,0.08610459012796261
789,6,A_raw_ce_noW,11,0.09376927499988597,2.0,0.75,0.9735099337748344,1.0,0.6923076923076923,0.901948051948052,0.9303232998885174,0.823936792438017,138,0,4,9,151,13,8.61,0.2367440103718379,3.769636604162583e-08,0.9999995941197226,0.05960980820566076
789,6,B_raw_ce_W,11,0.10359374200015736,2.0,0.75,0.9735099337748344,1.0,0.6923076923076923,0.901948051948052,0.9448160535117057,0.8317992748939038,138,0,4,9,151,13,8.61,0.23674417063868877,1.1652319899055263e-07,0.9999998159907336,0.05961815066483614
789,6,C_raw_focal_noW,11,0.10031897399994705,2.0,0.75,0.9735099337748344,1.0,0.6923076923076923,0.901948051948052,0.9392419175027871,0.8258752028650628,138,0,4,9,151,13,8.61,0.23326347869120936,0.0018847332458183765,0.997355518836759,0.06413863697664345
789,6,D_raw_focal_W,11,0.08967547499969442,2.0,0.75,0.9735099337748344,1.0,0.6923076923076923,0.901948051948052,0.9331103678929765,0.8267006033182502,138,0,4,9,151,13,8.61,0.23431272196730918,0.0019080987396891261,0.9978303086496919,0.06396256908220933
789,6,E_all_ce_noW,12,0.09888567000007242,2.0,0.75,0.9735099337748344,1.0,0.6923076923076923,0.901948051948052,0.9041248606465998,0.7864077370757232,138,0,4,9,151,13,8.61,0.23674439301776062,4.386654035636648e-08,0.9999994014334851,0.059604942688486096
789,6,F_all_ce_W,12,0.11395563300038702,2.0,0.75,0.9735099337748344,1.0,0.6923076923076923,0.901948051948052,0.9175027870680046,0.7957167832167831,138,0,4,9,151,13,8.61,0.23674395623223804,1.329450908978977e-07,0.999999776390156,0.05961579594447112
789,6,G_all_focal_noW,12,0.09349290099999052,2.0,0.75,0.9735099337748344,1.0,0.6923076923076923,0.901948051948052,0.9319955406911928,0.8034576534576535,138,0,4,9,151,13,8.61,0.23259031353284057,0.002752103342623398,0.9967184539493557,0.06464237699963646
789,6,H_all_focal_W,12,0.09036677399990367,2.0,0.75,0.9735099337748344,1.0,0.6923076923076923,0.901948051948052,0.9230769230769231,0.7970202687816699,138,0,4,9,151,13,8.61,0.23423908658900477,0.0016764297404764934,0.9973196157398146,0.06438987049331318
789,6,LEGACY_A,11,0.10208305600008316,2.0,0.75,0.9735099337748344,1.0,0.6923076923076923,0.901948051948052,0.9264214046822743,0.8166785175608702,138,0,4,9,151,13,8.61,0.23674647679600938,3.0300513919527276e-08,0.9999996727407331,0.059609611953876984
789,7,A_raw_ce_noW,11,0.10929940899995927,2.0,0.75,0.9867549668874173,1.0,0.8571428571428571,0.9579152731326644,1.0,0.9999999999999998,137,0,2,12,151,14,9.27,0.2688208320911937,2.7401433074569896e-08,0.99999941392518,0.0801461765394131
789,7,B_raw_ce_W,11,0.13610452700004316,2.0,0.75,0.9867549668874173,1.0,0.8571428571428571,0.9579152731326644,0.9994786235662149,0.995238095238095,137,0,2,12,151,14,9.27,0.2716905575424722,1.3662216927587661e-07,0.9999996508565931,0.08416794222496551
789,7,C_raw_focal_noW,11,0.09224125200034905,2.0,0.75,0.9867549668874173,1.0,0.8571428571428571,0.9579152731326644,0.9994786235662149,0.995238095238095,137,0,2,12,151,14,9.27,0.26261712444977137,0.001645493627024284,0.9966824195648191,0.09269274281258423
789,7,D_raw_focal_W,11,0.09642852299975857,2.0,0.75,0.9867549668874173,1.0,0.8571428571428571,0.9579152731326644,0.9989572471324296,0.9910714285714284,137,0,2,12,151,14,9.27,0.2661494149773422,0.0009566615305701942,0.9974026487918717,0.09380188350104315
789,7,E_all_ce_noW,12,0.12041372700014108,2.0,0.75,1.0,1.0,1.0,1.0,1.0,0.9999999999999998,137,0,0,14,151,14,9.27,0.27688004266306765,2.748295035618353e-08,0.9999995152928605,0.08943232543630651
789,7,F_all_ce_W,12,0.1252748080000856,2.0,0.75,0.9933774834437086,1.0,0.9285714285714286,0.9796632996632997,0.9994786235662149,0.995238095238095,137,0,1,13,151,14,9.27,0.27793771929127004,1.1387144271105789e-07,0.9999997266214192,0.09007121814387299
789,7,G_all_focal_noW,12,0.09692032900011327,2.0,0.75,0.9867549668874173,1.0,0.8571428571428571,0.9579152731326644,0.9994786235662149,0.995238095238095,137,0,2,12,151,14,9.27,0.2610396091421924,0.0012371971066115245,0.9970608891087402,0.08973038140534208
789,7,H_all_focal_W,12,0.10037153399980525,2.0,0.75,0.9867549668874173,1.0,0.8571428571428571,0.9579152731326644,0.9994786235662149,0.995238095238095,137,0,2,12,151,14,9.27,0.26717437168631164,0.0011376372093981903,0.9979294451388313,0.0924559027809869
789,7,LEGACY_A,11,0.11414212899990162,2.0,0.75,0.9867549668874173,1.0,0.8571428571428571,0.9579152731326644,1.0,0.9999999999999998,137,0,2,12,151,14,9.27,0.27021342251328034,2.5892746158795577e-08,0.9999994032845855,0.08167077449591383
789,8,A_raw_ce_noW,11,0.10961089200009155,2.0,0.75,0.9933774834437086,1.0,0.9285714285714286,0.9796632996632997,0.9994786235662149,0.995238095238095,137,0,1,13,151,14,9.27,0.2788844498177391,2.7363292581436488e-08,0.9999995971525786,0.08962455171267457
789,8,B_raw_ce_W,11,0.11914595700000064,2.0,0.75,1.0,1.0,1.0,1.0,1.0,0.9999999999999998,137,0,0,14,151,14,9.27,0.2871327581299758,1.3240345987506783e-07,0.9999997228184083,0.09622242422685291
789,8,C_raw_focal_noW,11,0.1046294630000375,2.0,0.75,0.9933774834437086,1.0,0.9285714285714286,0.9796632996632997,1.0,0.9999999999999998,137,0,1,13,151,14,9.27,0.2715524966745301,0.0011860354472698592,0.9977272369480984,0.10134385366014466
789,8,D_raw_focal_W,11,0.0950735170004009,2.0,0.75,0.9867549668874173,0.875,1.0,0.9629901960784314,0.9994786235662149,0.995238095238095,135,2,0,14,151,14,9.27,0.2845941651695116,0.0011495272972004103,0.9977510816313352,0.10966674749345222
789,8,E_all_ce_noW,12,0.12113565200024823,2.0,0.75,0.9933774834437086,0.9333333333333333,1.0,0.9809271188581534,0.9989572471324296,0.9901360544217686,136,1,0,14,151,14,9.27,0.2809592198377052,2.6999466493841307e-08,0.9999995729358874,0.09305071993085695
789,8,F_all_ce_W,12,0.13214120600014212,2.0,0.75,0.9867549668874173,0.875,1.0,0.9629901960784314,0.9994786235662149,0.9952380952380951,135,2,0,14,151,14,9.27,0.2943448170420953,1.433373616185372e-07,0.9999997022281663,0.100914733789015
789,8,G_all_focal_noW,12,0.09381700199992338,2.0,0.75,0.9867549668874173,0.875,1.0,0.9629901960784314,0.9989572471324296,0.9901360544217686,135,2,0,14,151,14,9.27,0.275923905751314,0.001041146195439325,0.9977956409268278,0.10444003601896565
789,8,H_all_focal_W,12,0.11728583299964157,2.0,0.75,0.9867549668874173,0.875,1.0,0.9629901960784314,0.9989572471324296,0.9910714285714284,135,2,0,14,151,14,9.27,0.28388907814925257,0.0010905640597146495,0.9981714354231708,0.10993752863338163
789,8,LEGACY_A,11,0.1128641880000032,2.0,0.75,0.9867549668874173,0.875,1.0,0.9629901960784314,1.0,0.9999999999999998,135,2,0,14,151,14,9.27,0.28925703582870294,2.5727444978678125e-08,0.9999996763960236,0.09858332965452363
789,9,A_raw_ce_noW,11,0.11481769399961195,2.0,0.75,0.9933774834437086,1.0,0.9285714285714286,0.9796632996632997,1.0,0.9999999999999998,137,0,1,13,151,14,9.27,0.2775170837218237,2.7589380456174314e-08,0.9999989315973992,0.08808333059863854
789,9,B_raw_ce_W,11,0.11898539399999208,2.0,0.75,0.9867549668874173,0.9285714285714286,0.9285714285714286,0.9606360792492179,0.9994786235662149,0.995238095238095,136,1,1,13,151,14,9.27,0.28390828842175464,1.1608842918496126e-07,0.9999993734646913,0.09358787888354797
789,9,C_raw_focal_noW,11,0.0946396399999685,2.0,0.75,1.0,1.0,1.0,1.0,1.0,0.9999999999999998,137,0,0,14,151,14,9.27,0.27192138043558356,0.0011302378105948756,0.9972180095597779,0.09998076170617841
789,9,D_raw_focal_W,11,0.09707262599977184,2.0,0.75,1.0,1.0,1.0,1.0,1.0,0.9999999999999998,137,0,0,14,151,14,9.27,0.27735212954973376,0.0009499851401796025,0.9974287535430949,0.10317386903860282
789,9,E_all_ce_noW,12,0.12046379599996726,2.0,0.75,1.0,1.0,1.0,1.0,1.0,0.9999999999999998,137,0,0,14,151,14,9.27,0.28022124585536184,2.7677475116640268e-08,0.9999991354449536,0.08923027279680959
789,9,F_all_ce_W,12,0.12988126599975658,2.0,0.75,1.0,1.0,1.0,1.0,1.0,0.9999999999999998,137,0,0,14,151,14,9.27,0.284613559761289,1.325367861416195e-07,0.999999598239574,0.0919021910562173
789,9,G_all_focal_noW,12,0.10242175899975337,2.0,0.75,1.0,1.0,1.0,1.0,1.0,0.9999999999999998,137,0,0,14,151,14,9.27,0.271154679580085,0.0013675224216578537,0.996141773386035,0.10070744124466195
789,9,H_all_focal_W,12,0.10185389099979147,2.0,0.75,1.0,1.0,1.0,1.0,1.0,0.9999999999999998,137,0,0,14,151,14,9.27,0.27493659705858325,0.001219098378383531,0.9974511657782817,0.10142894470413606
789,9,LEGACY_A,11,0.12013453200006552,2.0,0.75,1.0,1.0,1.0,1.0,1.0,0.9999999999999998,137,0,0,14,151,14,9.27,0.2882190965895218,2.718982388293597e-08,0.9999994612829504,0.09395776945920224
789,10,A_raw_ce_noW,11,0.10486508199983291,2.0,0.75,0.9933774834437086,0.9333333333333333,1.0,0.9809271188581534,0.9994786235662149,0.995238095238095,136,1,0,14,151,14,9.27,0.29824393160423784,2.756573286489755e-08,0.9999996807326674,0.10173061401776584
789,10,B_raw_ce_W,11,0.1168617040002573,2.0,0.75,0.9867549668874173,0.875,1.0,0.9629901960784314,1.0,0.9999999999999998,135,2,0,14,151,14,9.27,0.29990214695061357,1.316417520470485e-07,0.999999769275698,0.10401302894865293
789,10,C_raw_focal_noW,11,0.09649511299994629,2.0,0.75,0.9867549668874173,0.875,1.0,0.9629901960784314,1.0,0.9999999999999998,135,2,0,14,151,14,9.27,0.2870017120193781,0.0018186092739136213,0.9965012124856928,0.11340979448131058
789,10,D_raw_focal_W,11,0.09522941600016566,2.0,0.75,0.9867549668874173,0.875,1.0,0.9629901960784314,1.0,0.9999999999999998,135,2,0,14,151,14,9.27,0.295358681704773,0.0009309268430982411,0.9981513065891395,0.11773047295047663
789,10,E_all_ce_noW,12,0.1394566849999137,2.0,0.75,0.9933774834437086,0.9333333333333333,1.0,0.9809271188581534,1.0,0.9999999999999998,136,1,0,14,151,14,9.27,0.29703201551818104,3.109969505676134e-08,0.9999996916937459,0.10169270203040184
789,10,F_all_ce_W,12,0.13263880099975722,2.0,0.75,0.9867549668874173,0.875,1.0,0.9629901960784314,1.0,0.9999999999999998,135,2,0,14,151,14,9.27,0.29729227371057126,1.4545609379550256e-07,0.9999997924177391,0.10384360414129361
789,10,G_all_focal_noW,12,0.10282193099965298,2.0,0.75,0.9867549668874173,0.875,1.0,0.9629901960784314,1.0,0.9999999999999998,135,2,0,14,151,14,9.27,0.28828407935678696,0.0017701247362671277,0.9968459254483111,0.11471146261169463
789,10,H_all_focal_W,12,0.09891673599986461,2.0,0.75,0.9801324503311258,0.8235294117647058,1.0,0.946077847875253,1.0,0.9999999999999999,134,3,0,14,151,14,9.27,0.2972208852292016,0.0015688634797801056,0.9975331590194948,0.11982568978975212
789,10,LEGACY_A,11,0.11106435700003203,2.0,0.75,0.9933774834437086,0.9333333333333333,1.0,0.9809271188581534,1.0,0.9999999999999998,136,1,0,14,151,14,9.27,0.29907929008901796,2.63429722426148e-08,0.999999669369486,0.10186239319615407
789,11,A_raw_ce_noW,11,0.10322941899994476,2.0,0.75,0.9933774834437086,1.0,0.9230769230769231,0.9781949458483754,0.9888517279821628,0.9533799533799532,138,0,1,12,151,13,8.61,0.27033234477974394,2.9594109854318276e-08,0.9999995751156538,0.08089433829240106
789,11,B_raw_ce_W,11,0.1100001700001485,2.0,0.75,0.9933774834437086,1.0,0.9230769230769231,0.9781949458483754,0.9860646599777034,0.949392712550607,138,0,1,12,151,13,8.61,0.2701929200538548,1.0962491745783194e-07,0.9999997899955267,0.08157270683967144
789,11,C_raw_focal_noW,11,0.0916092839997873,2.0,0.75,0.9933774834437086,1.0,0.9230769230769231,0.9781949458483754,0.9882943143812709,0.9524886877828052,138,0,1,12,151,13,8.61,0.262471057240773,0.001817293212727334,0.9969812784747456,0.0936120201924034
789,11,D_raw_focal_W,11,0.1055076310003642,2.0,0.75,0.9933774834437086,1.0,0.9230769230769231,0.9781949458483754,0.9916387959866221,0.9587912087912085,138,0,1,12,151,13,8.61,0.2665582623324731,0.0009017353523335537,0.9978301052671299,0.0934780873904314
789,11,E_all_ce_noW,12,0.12015873599966653,2.0,0.75,0.9933774834437086,1.0,0.9230769230769231,0.9781949458483754,0.9938684503901895,0.9647435897435894,138,0,1,12,151,13,8.61,0.27025828846560257,3.0170897868889815e-08,0.9999997816383531,0.08029899751322238
789,11,F_all_ce_W,12,0.12257133299999623,2.0,0.75,0.9933774834437086,1.0,0.9230769230769231,0.9781949458483754,0.992196209587514,0.9601139601139599,138,0,1,12,151,13,8.61,0.2702197509073738,1.098534736016903e-07,0.9999997430836326,0.0815155955164281
789,11,G_all_focal_noW,12,0.10109827799988125,2.0,0.75,0.9933774834437086,1.0,0.9230769230769231,0.9781949458483754,0.9888517279821628,0.9533799533799532,138,0,1,12,151,13,8.61,0.26454534232599375,0.001920362787519347,0.9968965340728376,0.0929571270547056
789,11,H_all_focal_W,12,0.14172957799974029,2.0,0.75,0.9933774834437086,1.0,0.9230769230769231,0.9781949458483754,0.9899665551839465,0.9553349875930519,138,0,1,12,151,13,8.61,0.26603696221062495,0.0010446891732708123,0.997858523760263,0.09113145238990318
789,11,LEGACY_A,11,0.1813402650000171,2.0,0.75,0.9933774834437086,1.0,0.9230769230769231,0.9781949458483754,0.9916387959866221,0.9587912087912085,138,0,1,12,151,13,8.61,0.27043753990840563,2.3826681318762628e-08,0.9999996638514728,0.08202869867094058
789,12,A_raw_ce_noW,11,0.20988573900012852,2.0,0.75,0.9933774834437086,1.0,0.9285714285714286,0.9796632996632997,1.0,0.9999999999999998,137,0,1,13,151,14,9.27,0.28208789614003466,2.7352702054431083e-08,0.9999992817632644,0.08925904820996591
789,12,B_raw_ce_W,11,0.19507679700018343,2.0,0.75,0.9933774834437086,1.0,0.9285714285714286,0.9796632996632997,1.0,0.9999999999999998,137,0,1,13,151,14,9.27,0.2821620251621163,1.1526766008989172e-07,0.9999996657079843,0.08943223443929398
789,12,C_raw_focal_noW,11,0.14855383499980235,2.0,0.75,1.0,1.0,1.0,1.0,1.0,0.9999999999999998,137,0,0,14,151,14,9.27,0.2763508053668651,0.001202501819561362,0.9977476959906131,0.09610892743254983
789,12,D_raw_focal_W,11,0.1508912799999962,2.0,0.75,1.0,1.0,1.0,1.0,1.0,0.9999999999999998,137,0,0,14,151,14,9.27,0.2784126141201845,0.0008527495924924972,0.9981444031213751,0.09570525844267881
789,12,E_all_ce_noW,12,0.20351774900018427,2.0,0.75,0.9933774834437086,1.0,0.9285714285714286,0.9796632996632997,1.0,0.9999999999999998,137,0,1,13,151,14,9.27,0.28028993029590876,2.7254420873930034e-08,0.9999995588864176,0.08660524772007278
789,12,F_all_ce_W,12,0.24104374299986375,2.0,0.75,0.9933774834437086,1.0,0.9285714285714286,0.9796632996632997,1.0,0.9999999999999998,137,0,1,13,151,14,9.27,0.2803564030842333,1.0974679077284014e-07,0.9999997433036971,0.08710963409350853
789,12,G_all_focal_noW,12,0.1631200510000781,2.0,0.75,0.9933774834437086,1.0,0.9285714285714286,0.9796632996632997,1.0,0.9999999999999998,137,0,1,13,151,14,9.27,0.2738949886671641,0.0011564430194797594,0.9975320467701826,0.0949475785646739
789,12,H_all_focal_W,12,0.16423814000017956,2.0,0.75,0.9933774834437086,1.0,0.9285714285714286,0.9796632996632997,1.0,0.9999999999999998,137,0,1,13,151,14,9.27,0.27568697227173183,0.0008873407909958545,0.9976803335587844,0.09478437133258372
789,12,LEGACY_A,11,0.1848316740001792,2.0,0.75,1.0,1.0,1.0,1.0,1.0,0.9999999999999998,137,0,0,14,151,14,9.27,0.2843263858715747,2.6135745951743975e-08,0.9999995177347015,0.09066207986063927
789,13,A_raw_ce_noW,11,0.1811496730001636,2.0,0.75,1.0,1.0,1.0,1.0,1.0,0.9999999999999998,137,0,0,14,151,14,9.27,0.28210840723500613,2.762076789203423e-08,0.9999995559127199,0.08964956348131982
789,13,B_raw_ce_W,11,0.2148297349999666,2.0,0.75,1.0,1.0,1.0,1.0,1.0,0.9999999999999999,137,0,0,14,151,14,9.27,0.28935342506416956,1.2400708058132745e-07,0.999999727063324,0.09383097809783655
789,13,C_raw_focal_noW,11,0.15003244399986215,2.0,0.75,1.0,1.0,1.0,1.0,1.0,0.9999999999999998,137,0,0,14,151,14,9.27,0.2745629821064671,0.0018406423890780792,0.9972746301911243,0.1032642599037049
789,13,D_raw_focal_W,11,0.14805221699998583,2.0,0.75,1.0,1.0,1.0,1.0,1.0,0.9999999999999998,137,0,0,14,151,14,9.27,0.281616104622814,0.0013992062820572216,0.9979473777384646,0.10579548901862286
789,13,E_all_ce_noW,12,0.19442075599999953,2.0,0.75,1.0,1.0,1.0,1.0,1.0,0.9999999999999999,137,0,0,14,151,14,9.27,0.28338085975901034,2.7785220854230227e-08,0.9999996026507678,0.09049106495543026
789,13,F_all_ce_W,12,0.21572474999993574,2.0,0.75,1.0,1.0,1.0,1.0,1.0,0.9999999999999998,137,0,0,14,151,14,9.27,0.28849291854397985,1.3956139053646104e-07,0.999999773368199,0.09330206383479228
789,13,G_all_focal_noW,12,0.16790051899988612,2.0,0.75,0.9933774834437086,1.0,0.9285714285714286,0.9796632996632997,1.0,0.9999999999999998,137,0,1,13,151,14,9.27,0.2754834684593504,0.001899247416006345,0.9968313713317746,0.10140323703745763
789,13,H_all_focal_W,12,0.16933979199984606,2.0,0.75,1.0,1.0,1.0,1.0,1.0,0.9999999999999998,137,0,0,14,151,14,9.27,0.278761399970373,0.0015751025835510498,0.9974356878858941,0.10230931813143858
789,13,LEGACY_A,11,0.18959830299991154,2.0,0.75,1.0,1.0,1.0,1.0,1.0,0.9999999999999998,137,0,0,14,151,14,9.27,0.28952179457065547,2.7142048413264984e-08,0.9999996309782339,0.09323764411950615
789,14,A_raw_ce_noW,11,0.17156714199973067,2.0,0.75,0.9933774834437086,0.9333333333333333,1.0,0.9809271188581534,0.9989572471324296,0.9901360544217686,136,1,0,14,151,14,9.27,0.2943106641887255,2.7591087122099958e-08,0.9999996050776007,0.0988961672927938
789,14,B_raw_ce_W,11,0.6274658730003466,2.0,0.75,0.9867549668874173,0.875,1.0,0.9629901960784314,0.9994786235662149,0.995238095238095,135,2,0,14,151,14,9.27,0.30050848986210954,1.4332106088861003e-07,0.9999997283811605,0.10339016171390024
789,14,C_raw_focal_noW,11,0.09405606400014221,2.0,0.75,0.9801324503311258,0.8666666666666667,0.9285714285714286,0.94278135657446,0.9989572471324296,0.9910714285714284,135,2,1,13,151,14,9.27,0.2739213312148217,0.0014492258032390716,0.9961212793633324,0.10554769841811398
789,14,D_raw_focal_W,11,0.09270709200018246,2.0,0.75,0.9867549668874173,0.875,1.0,0.9629901960784314,0.9994786235662149,0.995238095238095,135,2,0,14,151,14,9.27,0.28654341599662003,0.0014235876900101814,0.9966884685633153,0.11412706001926506
789,14,E_all_ce_noW,12,0.1220691890002854,2.0,0.75,0.9933774834437086,0.9333333333333333,1.0,0.9809271188581534,0.9989572471324296,0.9901360544217687,136,1,0,14,151,14,9.27,0.28925429769599265,2.754835334387146e-08,0.9999997134774886,0.09795236762918898
789,14,F_all_ce_W,12,0.13302468899973974,2.0,0.75,0.9867549668874173,0.875,1.0,0.9629901960784314,0.9994786235662149,0.995238095238095,135,2,0,14,151,14,9.27,0.29306261297176434,1.1969191115612626e-07,0.9999998461891838,0.0997675810107086
789,14,G_all_focal_noW,12,0.09739212899967242,2.0,0.75,0.9867549668874173,0.875,1.0,0.9629901960784314,0.9994786235662149,0.995238095238095,135,2,0,14,151,14,9.27,0.2800736115028867,0.0013081163074670805,0.9956875601524221,0.10716854316698907
789,14,H_all_focal_W,12,0.10039006199986034,2.0,0.75,0.9867549668874173,0.875,1.0,0.9629901960784314,0.9994786235662149,0.995238095238095,135,2,0,14,151,14,9.27,0.28761450792943216,0.0011612446300587876,0.9969379223615105,0.11077297232538699
789,14,LEGACY_A,11,0.13087967599994954,2.0,0.75,0.9933774834437086,0.9333333333333333,1.0,0.9809271188581534,0.9994786235662149,0.995238095238095,136,1,0,14,151,14,9.27,0.2991407631448233,2.680709935950031e-08,0.9999997229651946,0.10224185693792832
789,15,A_raw_ce_noW,11,0.0976072989997192,2.0,0.75,0.9801324503311258,1.0,0.7857142857142857,0.9345848375451263,0.9139728884254431,0.8547232947232947,137,0,3,11,151,14,9.27,0.2596092106981747,3.0351004010298656e-08,0.999999510574483,0.07277303150967504
789,15,B_raw_ce_W,11,0.10727150499997151,2.0,0.75,0.9801324503311258,1.0,0.7857142857142857,0.9345848375451263,0.8931178310740355,0.8597857142857142,137,0,3,11,151,14,9.27,0.2598400173006066,1.4280650805339683e-07,0.9999997861205792,0.07284549786397904
789,15,C_raw_focal_noW,11,0.08934104199988724,2.0,0.75,0.9801324503311258,1.0,0.7857142857142857,0.9345848375451263,0.8894681960375391,0.8679601770848113,137,0,3,11,151,14,9.27,0.2516868817355644,0.0012998638819873294,0.9974888109818663,0.07510451367899645
789,15,D_raw_focal_W,11,0.09867631900033302,2.0,0.75,0.9801324503311258,1.0,0.7857142857142857,0.9345848375451263,0.8717413972888426,0.8658259285996511,137,0,3,11,151,14,9.27,0.25494095156453733,0.0006555155335667975,0.9979075362977742,0.0754531701503505
789,15,E_all_ce_noW,12,0.10816210899974976,2.0,0.75,0.9801324503311258,1.0,0.7857142857142857,0.9345848375451263,0.8717413972888425,0.8238994923205448,137,0,3,11,151,14,9.27,0.25925636928266477,2.8504348440010293e-08,0.9999995475504684,0.07268139106687589
789,15,F_all_ce_W,12,0.11825785500013808,2.0,0.75,0.9801324503311258,1.0,0.7857142857142857,0.9345848375451263,0.8983315954118873,0.8285729549774492,137,0,3,11,151,14,9.27,0.25957738110270884,1.1602757606136363e-07,0.9999997042525179,0.07281891352847795
789,15,G_all_focal_noW,12,0.09095934900005886,2.0,0.75,0.9801324503311258,1.0,0.7857142857142857,0.9345848375451263,0.883733055265902,0.8365110488639899,137,0,3,11,151,14,9.27,0.24893733000303078,0.0017569843515517429,0.9962542747400084,0.07573106833317578
789,15,H_all_focal_W,12,0.11323478099984641,2.0,0.75,0.9801324503311258,1.0,0.7857142857142857,0.9345848375451263,0.8941605839416058,0.8379370818575362,137,0,3,11,151,14,9.27,0.2537613470106969,0.0008218406895433999,0.9981748456225246,0.07576166951070942
789,15,LEGACY_A,11,0.1064453419999154,2.0,0.75,0.9801324503311258,1.0,0.7857142857142857,0.9345848375451263,0.8722627737226276,0.8714395177369287,137,0,3,11,151,14,9.27,0.2597200513179426,2.528061164134067e-08,0.9999996350595957,0.07280890902902276
789,16,A_raw_ce_noW,11,0.10797830299998168,2.0,0.75,0.9867549668874173,1.0,0.8461538461538461,0.954736211031175,0.9988851727982163,0.9897435897435896,138,0,2,11,151,13,8.61,0.253933810139312,2.803907960387475e-08,0.9999995134361492,0.07541102725872806
789,16,B_raw_ce_W,11,0.12472560200012595,2.0,0.75,0.9933774834437086,1.0,0.9230769230769231,0.9781949458483754,0.9994425863991081,0.9945054945054943,138,0,1,12,151,13,8.61,0.26238857420658923,1.3617990917509654e-07,0.9999996974735417,0.0835122420519328
789,16,C_raw_focal_noW,11,0.09259572800010574,2.0,0.75,0.9801324503311258,0.9166666666666666,0.8461538461538461,0.9345848375451263,0.9944258639910815,0.9539136302294193,137,1,2,11,151,13,8.61,0.24179637781028152,0.001228833345948158,0.9956493416561425,0.09021051960451223
789,16,D_raw_focal_W,11,0.09288223099974857,2.0,0.75,0.9933774834437086,1.0,0.9230769230769231,0.9781949458483754,0.9994425863991081,0.9945054945054943,138,0,1,12,151,13,8.61,0.25840248640767083,0.0009614502211026532,0.9971893709464474,0.09958421870579336
789,16,E_all_ce_noW,12,0.11973593800030358,2.0,0.75,0.9867549668874173,1.0,0.8461538461538461,0.954736211031175,0.9977703455964325,0.9819004524886874,138,0,2,11,151,13,8.61,0.2512935419056243,2.8758547844467083e-08,0.9999996469666069,0.07373499477810623
789,16,F_all_ce_W,12,0.14877129300020897,2.0,0.75,0.9867549668874173,0.9230769230769231,0.9230769230769231,0.9579152731326644,0.9983277591973244,0.9855769230769227,137,1,1,12,151,13,8.61,0.26831083411409884,1.3561039605315877e-07,0.9999997617479323,0.08789188191867932
789,16,G_all_focal_noW,12,0.09463692500003162,2.0,0.75,0.9801324503311258,1.0,0.7692307692307693,0.9294062646096306,0.9966555183946488,0.9695730363151174,138,0,3,10,151,13,8.61,0.2441769628173674,0.0011408805204084671,0.9957254996461002,0.09195501850084374
789,16,H_all_focal_W,12,0.09725821399979395,2.0,0.75,0.9933774834437086,0.9285714285714286,1.0,0.9796632996632997,1.0,0.9999999999999998,137,1,0,13,151,13,8.61,0.2615178721641027,0.0009574156086644852,0.9970615400621063,0.10343111039314427
789,16,LEGACY_A,11,0.11364433100015958,2.0,0.75,0.9867549668874173,0.9230769230769231,0.9230769230769231,0.9579152731326644,0.9994425863991081,0.9945054945054943,137,1,1,12,151,13,8.61,0.2707346252741504,2.745628395890567e-08,0.999999580248223,0.0870048715250708
789,17,A_raw_ce_noW,11,0.1102697710002758,2.0,0.75,0.9933774834437086,0.9333333333333333,1.0,0.9809271188581534,0.9994786235662149,0.995238095238095,136,1,0,14,151,14,9.27,0.29808356605643205,2.7568228078901747e-08,0.9999995512778246,0.09914243376809266
789,17,B_raw_ce_W,11,0.1144584780004152,2.0,0.75,0.9933774834437086,0.9333333333333333,1.0,0.9809271188581534,0.9989572471324296,0.9901360544217687,136,1,0,14,151,14,9.27,0.29869506277038166,1.1132631049152935e-07,0.9999996338541768,0.09965305689130081
789,17,C_raw_focal_noW,11,0.0924340590004249,2.0,0.75,0.9933774834437086,0.9333333333333333,1.0,0.9809271188581534,1.0,0.9999999999999998,136,1,0,14,151,14,9.27,0.28376473671188507,0.00153615908638513,0.9961816250853434,0.10775489865757445
789,17,D_raw_focal_W,11,0.09846197599972584,2.0,0.75,0.9933774834437086,0.9333333333333333,1.0,0.9809271188581534,0.9994786235662149,0.995238095238095,136,1,0,14,151,14,9.27,0.2870129623905582,0.001115745901922164,0.9970446032514086,0.10916741507357121
789,17,E_all_ce_noW,12,0.13453843300021617,2.0,0.75,0.9933774834437086,0.9333333333333333,1.0,0.9809271188581534,1.0,0.9999999999999998,136,1,0,14,151,14,9.27,0.29790997459395546,2.7402414547708083e-08,0.9999994606886695,0.09914757822772496
789,17,F_all_ce_W,12,0.13153012299972033,2.0,0.75,0.9933774834437086,0.9333333333333333,1.0,0.9809271188581534,0.9994786235662149,0.995238095238095,136,1,0,14,151,14,9.27,0.29858931421128515,1.1464659598220139e-07,0.999999798447665,0.0993538544495736
789,17,G_all_focal_noW,12,0.09364960600032646,2.0,0.75,0.9933774834437086,0.9333333333333333,1.0,0.9809271188581534,1.0,0.9999999999999998,136,1,0,14,151,14,9.27,0.2813332536949605,0.0018039314257403815,0.9960838293197767,0.1055245646901116
789,17,H_all_focal_W,12,0.09641895900040254,2.0,0.75,0.9933774834437086,0.9333333333333333,1.0,0.9809271188581534,1.0,0.9999999999999998,136,1,0,14,151,14,9.27,0.28617066940559716,0.0012149293957631395,0.9971101903231773,0.10628880586404366
789,17,LEGACY_A,11,0.11414087200000722,2.0,0.75,0.9933774834437086,0.9333333333333333,1.0,0.9809271188581534,0.9989572471324296,0.9901360544217687,136,1,0,14,151,14,9.27,0.29866370540782555,2.498103332807446e-08,0.9999995061510817,0.0995252117648584
789,18,A_raw_ce_noW,11,0.11115788500001145,2.0,0.75,0.9867549668874173,0.9285714285714286,0.9285714285714286,0.9606360792492179,0.9994786235662149,0.995238095238095,136,1,1,13,151,14,9.27,0.28674956137804714,2.7181988453568797e-08,0.9999996771298688,0.09238657074187999
789,18,B_raw_ce_W,11,0.11778040300032444,2.0,0.75,0.9867549668874173,0.9285714285714286,0.9285714285714286,0.9606360792492179,0.9994786235662149,0.995238095238095,136,1,1,13,151,14,9.27,0.29086272887111514,1.1300670658569317e-07,0.9999998079737937,0.09582558693944321
789,18,C_raw_focal_noW,11,0.1097681639998882,2.0,0.75,0.9867549668874173,0.9285714285714286,0.9285714285714286,0.9606360792492179,0.9994786235662149,0.995238095238095,136,1,1,13,151,14,9.27,0.2763118763970845,0.0013699140557443357,0.9979396654298243,0.09925872362508485
789,18,D_raw_focal_W,11,0.09625942100001339,2.0,0.75,0.9867549668874173,0.9285714285714286,0.9285714285714286,0.9606360792492179,0.9994786235662149,0.995238095238095,136,1,1,13,151,14,9.27,0.2808551393152472,0.0009436279213308926,0.9981850903683787,0.10095595556452225
789,18,E_all_ce_noW,12,0.12354237899990039,2.0,0.75,0.9867549668874173,0.9285714285714286,0.9285714285714286,0.9606360792492179,0.9994786235662149,0.995238095238095,136,1,1,13,151,14,9.27,0.28799148492581284,2.755577386065516e-08,0.9999997042495201,0.09314414054473541
789,18,F_all_ce_W,12,0.13031209199971272,2.0,0.75,0.9933774834437086,0.9333333333333333,1.0,0.9809271188581534,0.9994786235662149,0.995238095238095,136,1,0,14,151,14,9.27,0.29472607070867135,1.0210986528011785e-07,0.9999997592770946,0.09774501361980335
789,18,G_all_focal_noW,12,0.09631709500035868,2.0,0.75,0.9933774834437086,1.0,0.9285714285714286,0.9796632996632997,1.0,0.9999999999999998,137,0,1,13,151,14,9.27,0.27653391474044686,0.0017892796233979862,0.9975077238943705,0.09999394547296112
789,18,H_all_focal_W,12,0.09839391700006672,2.0,0.75,0.9867549668874173,0.9285714285714286,0.9285714285714286,0.9606360792492179,0.9994786235662149,0.995238095238095,136,1,1,13,151,14,9.27,0.2829048818845251,0.0009420926914110757,0.9978951365228668,0.10225778311529397
789,18,LEGACY_A,11,0.11543993900022542,2.0,0.75,0.9933774834437086,0.9333333333333333,1.0,0.9809271188581534,0.9994786235662149,0.9952380952380951,136,1,0,14,151,14,9.27,0.29166178869760745,2.4748014965880314e-08,0.9999996003126649,0.09615349779981262
789,19,A_raw_ce_noW,11,0.09096013399994263,2.0,0.75,0.9735099337748344,1.0,0.7142857142857143,0.9094724220623501,0.9369134515119917,0.8395765184724115,137,0,4,10,151,14,9.27,0.24861031877917994,5.325390628019063e-08,0.9999995768881568,0.06620978823167778
789,19,B_raw_ce_W,11,0.11696687000039674,2.0,0.75,0.9735099337748344,1.0,0.7142857142857143,0.9094724220623501,0.9410844629822731,0.8540857741368344,137,0,4,10,151,14,9.27,0.24866779085896282,1.0432280334163957e-07,0.9999997793559586,0.06622835619466709
789,19,C_raw_focal_noW,11,0.08559768600025564,2.0,0.75,0.9735099337748344,1.0,0.7142857142857143,0.9094724220623501,0.9379562043795622,0.8460141463993004,137,0,4,10,151,14,9.27,0.24124105497908802,0.0028587977077395533,0.9961625246353035,0.0702423817186267
789,19,D_raw_focal_W,11,0.08516524000015124,2.0,0.75,0.9735099337748344,1.0,0.7142857142857143,0.9094724220623501,0.9071949947862357,0.8430135557872783,137,0,4,10,151,14,9.27,0.24464163393616242,0.0022503149186245317,0.9973166610884326,0.07018771670317125
789,19,E_all_ce_noW,12,0.10660057999984929,2.0,0.75,0.9735099337748344,1.0,0.7142857142857143,0.9094724220623501,0.9259645464025026,0.8162289915966385,137,0,4,10,151,14,9.27,0.24860953001925862,2.9370154209317356e-08,0.9999997261777377,0.06620980532124912
789,19,F_all_ce_W,12,0.11263383699997576,2.0,0.75,0.9735099337748344,1.0,0.7142857142857143,0.9094724220623501,0.8587069864442127,0.8017745029046099,137,0,4,10,151,14,9.27,0.24861591693990642,1.1408250465830142e-07,0.9999998330551513,0.06621623715936902
789,19,G_all_focal_noW,12,0.0879832269997678,2.0,0.75,0.9735099337748344,1.0,0.7142857142857143,0.9094724220623501,0.9165797705943691,0.8337722185648453,137,0,4,10,151,14,9.27,0.24056124986574878,0.002008039303753788,0.9975562908176477,0.06892782083071715
789,19,H_all_focal_W,12,0.09162286299988409,2.0,0.75,0.9735099337748344,1.0,0.7142857142857143,0.9094724220623501,0.9113660062565172,0.8227193142184808,137,0,4,10,151,14,9.27,0.24496394025579304,0.0010548970190479763,0.9983453981008377,0.06898563230468492
789,19,LEGACY_A,11,0.09548536300007981,2.0,0.75,0.9735099337748344,1.0,0.7142857142857143,0.9094724220623501,0.8587069864442127,0.8383977224277599,137,0,4,10,151,14,9.27,0.24866722812032546,2.5033735815217635e-08,0.9999997161204117,0.06622603374703036
789,20,A_raw_ce_noW,11,0.12686643699998967,2.0,0.75,1.0,1.0,1.0,1.0,1.0,0.9999999999999998,137,0,0,14,151,14,9.27,0.28993644395266177,2.7261504991190017e-08,0.9999988766257767,0.09475413026086131
789,20,B_raw_ce_W,11,0.11996888800013039,2.0,0.75,1.0,1.0,1.0,1.0,1.0,0.9999999999999998,137,0,0,14,151,14,9.27,0.2901000798100659,1.331770225911794e-07,0.9999995026224913,0.09583857827035654
789,20,C_raw_focal_noW,11,0.09440993099997286,2.0,0.75,0.9933774834437086,0.9333333333333333,1.0,0.9809271188581534,1.0,0.9999999999999998,136,1,0,14,151,14,9.27,0.2828008841123418,0.00177492918247909,0.9963769918528799,0.10531850942329242
789,20,D_raw_focal_W,11,0.10293456799990963,2.0,0.75,1.0,1.0,1.0,1.0,1.0,0.9999999999999998,137,0,0,14,151,14,9.27,0.28491091555750847,0.001173431819598563,0.9973260928851669,0.10505301579378969
789,20,E_all_ce_noW,12,0.12186719300007098,2.0,0.75,1.0,1.0,1.0,1.0,1.0,0.9999999999999998,137,0,0,14,151,14,9.27,0.2909374866139545,2.762933797070012e-08,0.9999992505056055,0.09561376248469897
789,20,F_all_ce_W,12,0.13073859899986928,2.0,0.75,1.0,1.0,1.0,1.0,1.0,0.9999999999999998,137,0,0,14,151,14,9.27,0.29069130896830997,1.4651150468308322e-07,0.9999995029941463,0.0958223514833382
789,20,G_all_focal_noW,12,0.09863172999985181,2.0,0.75,0.9933774834437086,0.9333333333333333,1.0,0.9809271188581534,1.0,0.9999999999999998,136,1,0,14,151,14,9.27,0.2851870012765762,0.002147218662399101,0.9959869268710488,0.1066007096479511
789,20,H_all_focal_W,12,0.0976075309999942,2.0,0.75,0.9933774834437086,0.9333333333333333,1.0,0.9809271188581534,1.0,0.9999999999999998,136,1,0,14,151,14,9.27,0.28671379963501714,0.0015648151792380782,0.9972473594831357,0.10763960235870658
789,20,LEGACY_A,11,0.13343094099991504,2.0,0.75,1.0,1.0,1.0,1.0,1.0,0.9999999999999998,137,0,0,14,151,14,9.27,0.28980153892142024,2.6794690881128584e-08,0.9999994073003855,0.09381198319560743
789,21,A_raw_ce_noW,11,0.10363537800003542,2.0,0.75,0.9933774834437086,0.9285714285714286,1.0,0.9796632996632997,1.0,0.9999999999999998,137,1,0,13,151,13,8.61,0.29046015251455887,2.8612055332406492e-08,0.9999994644818245,0.09514210855675255
789,21,B_raw_ce_W,11,0.12069272899998396,2.0,0.75,0.9867549668874173,0.8666666666666667,1.0,0.9606360792492179,1.0,0.9999999999999998,136,2,0,13,151,13,8.61,0.29478107402816256,1.325466549571515e-07,0.9999997864460185,0.09871745303065359
789,21,C_raw_focal_noW,11,0.09380801600036648,2.0,0.75,0.9867549668874173,0.8666666666666667,1.0,0.9606360792492179,1.0,0.9999999999999998,136,2,0,13,151,13,8.61,0.28443051001197056,0.0019908699293397216,0.9960623860165564,0.10824684928517155
789,21,D_raw_focal_W,11,0.09674171300002854,2.0,0.75,0.9867549668874173,0.8666666666666667,1.0,0.9606360792492179,1.0,0.9999999999999998,136,2,0,13,151,13,8.61,0.28800676078455334,0.0014016647080902296,0.997241603600644,0.10938630436650605
789,21,E_all_ce_noW,12,0.1145016929999656,2.0,0.75,0.9801324503311258,0.8125,1.0,0.94278135657446,1.0,0.9999999999999998,135,3,0,13,151,13,8.61,0.3038616634182087,3.133548056504529e-08,0.9999993050040282,0.10458650169708818
789,21,F_all_ce_W,12,0.12670538100019257,2.0,0.75,0.9801324503311258,0.8125,1.0,0.94278135657446,1.0,0.9999999999999998,135,3,0,13,151,13,8.61,0.3005839264719953,1.4495335664553194e-07,0.9999996515104441,0.10321450765273707
789,21,G_all_focal_noW,12,0.0964166059998206,2.0,0.75,0.9801324503311258,0.8125,1.0,0.94278135657446,1.0,0.9999999999999998,135,3,0,13,151,13,8.61,0.2838053068885424,0.0019965217360358198,0.9945113346961731,0.10800270654346007
789,21,H_all_focal_W,12,0.10883389000036914,2.0,0.75,0.9867549668874173,0.8666666666666667,1.0,0.9606360792492179,1.0,0.9999999999999998,136,2,0,13,151,13,8.61,0.2883684588555898,0.0011957306915541506,0.9961044464386773,0.10908654159258292
789,21,LEGACY_A,11,0.11247983000021122,2.0,0.75,0.9867549668874173,0.8666666666666667,1.0,0.9606360792492179,1.0,0.9999999999999998,136,2,0,13,151,13,8.61,0.2966597389131951,2.746063088138538e-08,0.9999996575259764,0.09945092667573564
789,22,A_raw_ce_noW,11,0.1102155670000684,2.0,0.75,0.9867549668874173,1.0,0.8571428571428571,0.9579152731326644,1.0,0.9999999999999998,137,0,2,12,151,14,9.27,0.26190469762189267,2.7294828186278012e-08,0.9999993328890532,0.0772961838680088
789,22,B_raw_ce_W,11,0.11874488800003746,2.0,0.75,0.9867549668874173,1.0,0.8571428571428571,0.9579152731326644,1.0,0.9999999999999998,137,0,2,12,151,14,9.27,0.2700265404847711,1.0504298611250166e-07,0.9999995745432664,0.08261299300067759
789,22,C_raw_focal_noW,11,0.0941345609999189,2.0,0.75,0.9867549668874173,1.0,0.8571428571428571,0.9579152731326644,1.0,0.9999999999999998,137,0,2,12,151,14,9.27,0.2570673236425063,0.0015705593268051405,0.997787424000313,0.08937940220028733
789,22,D_raw_focal_W,11,0.09278583800005435,2.0,0.75,0.9867549668874173,1.0,0.8571428571428571,0.9579152731326644,1.0,0.9999999999999998,137,0,2,12,151,14,9.27,0.2626473180406017,0.001275616396241275,0.9980836363885273,0.09083042856582825
789,22,E_all_ce_noW,12,0.19271082500017656,2.0,0.75,0.9867549668874173,1.0,0.8571428571428571,0.9579152731326644,0.9994786235662149,0.995238095238095,137,0,2,12,151,14,9.27,0.2633165780512324,2.755614776950629e-08,0.9999997447216172,0.0789611748197123
789,22,F_all_ce_W,12,0.2205192800001896,2.0,0.75,0.9867549668874173,1.0,0.8571428571428571,0.9579152731326644,0.9994786235662149,0.995238095238095,137,0,2,12,151,14,9.27,0.2702889887255943,1.2513508325580297e-07,0.9999998147443482,0.08415734684288642
789,22,G_all_focal_noW,12,0.1551645709996592,2.0,0.75,0.9867549668874173,1.0,0.8571428571428571,0.9579152731326644,0.9994786235662149,0.995238095238095,137,0,2,12,151,14,9.27,0.2615472934784895,0.0017895591018494928,0.9975030250064667,0.09179680403221145
789,22,H_all_focal_W,12,0.1619927709998592,2.0,0.75,0.9933774834437086,1.0,0.9285714285714286,0.9796632996632997,0.9989572471324296,0.9910714285714284,137,0,1,13,151,14,9.27,0.2658434648960334,0.0016094519515841641,0.9981204928520105,0.09407759700351066
789,22,LEGACY_A,11,0.20184646400002748,2.0,0.75,0.9867549668874173,1.0,0.8571428571428571,0.9579152731326644,1.0,0.9999999999999998,137,0,2,12,151,14,9.27,0.26506533970596496,2.2028392591300032e-08,0.9999996969716282,0.078270566938932
789,23,A_raw_ce_noW,11,0.19015463400000954,2.0,0.75,0.9867549668874173,1.0,0.8571428571428571,0.9579152731326644,0.9869655891553701,0.9542124542124542,137,0,2,12,151,14,9.27,0.2699163035624872,2.783184365955454e-08,0.9999995717049175,0.07999146101674699
789,23,B_raw_ce_W,11,0.2101208150002094,2.0,0.75,0.9933774834437086,1.0,0.9285714285714286,0.9796632996632997,0.9874869655891554,0.9548872180451129,137,0,1,13,151,14,9.27,0.27529702626450264,1.3328945475759257e-07,0.9999997341520651,0.0844354413862248
789,23,C_raw_focal_noW,11,0.1538531259998308,2.0,0.75,0.9867549668874173,1.0,0.8571428571428571,0.9579152731326644,0.9916579770594369,0.9619047619047618,137,0,2,12,151,14,9.27,0.2616559178563778,0.0012018682653200457,0.9966988252837244,0.09081059513253306
789,23,D_raw_focal_W,11,0.1639659960001154,2.0,0.75,0.9933774834437086,1.0,0.9285714285714286,0.9796632996632997,0.9890510948905109,0.9571428571428571,137,0,1,13,151,14,9.27,0.2650200173617697,0.001081596636902466,0.9965926293422486,0.09159454365659082
789,23,E_all_ce_noW,12,0.20678653699997085,2.0,0.75,0.9867549668874173,1.0,0.8571428571428571,0.9579152731326644,0.9791449426485923,0.938278388278388,137,0,2,12,151,14,9.27,0.27015883645114924,2.764643470986415e-08,0.9999996163407916,0.07960185422823686
789,23,F_all_ce_W,12,0.2521786020001855,2.0,0.75,0.9867549668874173,1.0,0.8571428571428571,0.9579152731326644,0.9791449426485923,0.947089947089947,137,0,2,12,151,14,9.27,0.27005321478207106,1.3340409375899132e-07,0.999999715137604,0.07973385221223254
789,23,G_all_focal_noW,12,0.15451859000040713,2.0,0.75,0.9867549668874173,1.0,0.8571428571428571,0.9579152731326644,0.9781021897810219,0.9340464959568733,137,0,2,12,151,14,9.27,0.26216138939897227,0.0013384357981340593,0.9957585572326949,0.08945515880804573
789,23,H_all_focal_W,12,0.16164353099975415,2.0,0.75,0.9867549668874173,1.0,0.8571428571428571,0.9579152731326644,0.9739311783107403,0.9284313725490194,137,0,2,12,151,14,9.27,0.26367618685367455,0.001020801844675709,0.996894592317634,0.09023839175039775
789,23,LEGACY_A,11,0.19303818500020498,2.0,0.75,0.9867549668874173,1.0,0.8571428571428571,0.9579152731326644,0.9827945776850886,0.9498480243161094,137,0,2,12,151,14,9.27,0.26996621641623864,2.682160932709729e-08,0.9999995621267562,0.0801291696806314
789,24,A_raw_ce_noW,11,0.16683609600022464,2.0,0.75,0.9933774834437086,1.0,0.9285714285714286,0.9796632996632997,0.9921793534932222,0.9630541871921181,137,0,1,13,151,14,9.27,0.27984485782402335,2.8263045854209187e-08,0.9999994916911988,0.08849393845789337
789,24,B_raw_ce_W,11,0.20108973000014885,2.0,0.75,0.9867549668874173,0.9285714285714286,0.9285714285714286,0.9606360792492179,0.9921793534932222,0.9630541871921181,136,1,1,13,151,14,9.27,0.2821103293326552,1.265755924377549e-07,0.99999982392003,0.09005211397824527
789,24,C_raw_focal_noW,11,0.14541252300023189,2.0,0.75,0.9867549668874173,0.9285714285714286,0.9285714285714286,0.9606360792492179,0.9916579770594369,0.9619047619047618,136,1,1,13,151,14,9.27,0.2701279552888888,0.0015056691579003634,0.9956764618179152,0.09631273312172423
789,24,D_raw_focal_W,11,0.16128025399984836,2.0,0.75,0.9867549668874173,0.9285714285714286,0.9285714285714286,0.9606360792492179,0.9911366006256518,0.9608294930875574,136,1,1,13,151,14,9.27,0.27910666514360105,0.0014171368033241744,0.9969815405362275,0.10155042791604627
789,24,E_all_ce_noW,12,0.18972802100006447,2.0,0.75,0.9867549668874173,0.9285714285714286,0.9285714285714286,0.9606360792492179,0.9953076120959332,0.9689239332096473,136,1,1,13,151,14,9.27,0.284242564967017,3.109799621827491e-08,0.9999997619462591,0.09126299779503337
789,24,F_all_ce_W,12,0.20303984800011676,2.0,0.75,0.9867549668874173,0.9285714285714286,0.9285714285714286,0.9606360792492179,0.9921793534932222,0.9630541871921181,136,1,1,13,151,14,9.27,0.2870002245601204,1.3484400576875416e-07,0.9999998367017344,0.09262066802573277
789,24,G_all_focal_noW,12,0.17305798999996114,2.0,0.75,0.9867549668874173,0.9285714285714286,0.9285714285714286,0.9606360792492179,0.9906152241918665,0.9557274522712309,136,1,1,13,151,14,9.27,0.27221607460268704,0.0019989117840904435,0.995762873293864,0.09896027973777574
789,24,H_all_focal_W,12,0.18343021800001225,2.0,0.75,0.9867549668874173,0.9285714285714286,0.9285714285714286,0.9606360792492179,0.9927007299270073,0.9605064247921389,136,1,1,13,151,14,9.27,0.28119960276515726,0.0019075220682344702,0.9969199788977173,0.10529667020851625
789,24,LEGACY_A,11,0.1841455109997696,2.0,0.75,0.9867549668874173,0.9285714285714286,0.9285714285714286,0.9606360792492179,0.9921793534932222,0.9630541871921181,136,1,1,13,151,14,9.27,0.2832786786749453,2.8033289178139386e-08,0.999999696634358,0.09122376308567592
789,25,A_raw_ce_noW,11,0.10386868999967191,2.0,0.75,0.9735099337748344,0.9166666666666666,0.7857142857142857,0.9158305462653289,0.9807090719499478,0.9343864468864467,136,1,3,11,151,14,9.27,0.26722315247218015,3.045259072103527e-08,0.9999996862916491,0.0823063083719108
789,25,B_raw_ce_W,11,0.11091323599976022,2.0,0.75,0.9735099337748344,0.9166666666666666,0.7857142857142857,0.9158305462653289,0.9827945776850887,0.9300797241973711,136,1,3,11,151,14,9.27,0.2684814523530443,1.1795615843828798e-07,0.999999764108883,0.08456703216941847
789,25,C_raw_focal_noW,11,0.0941563619999215,2.0,0.75,0.9801324503311258,0.9230769230769231,0.8571428571428571,0.938989898989899,0.9848800834202294,0.9434378629500579,136,1,2,12,151,14,9.27,0.2576407463638928,0.002042599922171124,0.9975604442146306,0.09287197642487949
789,25,D_raw_focal_W,11,0.09102647800000341,2.0,0.75,0.9735099337748344,0.8571428571428571,0.8571428571428571,0.9212721584984358,0.9916579770594369,0.9505901505901504,135,2,2,12,151,14,9.27,0.2676058170213647,0.0023928439179105618,0.9970840388928847,0.09652005677164731
789,25,E_all_ce_noW,12,0.13042454599963094,2.0,0.75,0.9668874172185431,0.8461538461538461,0.7857142857142857,0.8983164983164983,0.9869655891553701,0.926190476190476,135,2,3,11,151,14,9.27,0.27202699637474426,2.9738858994175537e-08,0.9999996067149718,0.08507474308296945
789,25,F_all_ce_W,12,0.12096223600019584,2.0,0.75,0.9668874172185431,0.8461538461538461,0.7857142857142857,0.8983164983164983,0.9859228362877998,0.9327522675736961,135,2,3,11,151,14,9.27,0.2721775140265267,1.4902009490737474e-07,0.9999997273319965,0.08753720169521727
789,25,G_all_focal_noW,12,0.09479547299997648,2.0,0.75,0.9801324503311258,0.9230769230769231,0.8571428571428571,0.938989898989899,0.986444212721585,0.9442906717342807,136,1,2,12,151,14,9.27,0.2599662369593539,0.0021883954986792304,0.9971415528708477,0.09248875831598698
789,25,H_all_focal_W,12,0.09556054299991956,2.0,0.75,0.9801324503311258,0.9230769230769231,0.8571428571428571,0.938989898989899,0.9848800834202294,0.9370225013082154,136,1,2,12,151,14,9.27,0.26696964156360226,0.0017576926332460718,0.9974154540078615,0.09378586279212293
789,25,LEGACY_A,11,0.10690402699992774,2.0,0.75,0.9668874172185431,0.8461538461538461,0.7857142857142857,0.8983164983164983,0.9854014598540146,0.926799886621315,135,2,3,11,151,14,9.27,0.27298878115179176,2.791195100783461e-08,0.9999996643827443,0.08627573676650618
1024,1,A_raw_ce_noW,11,0.11103150700000697,2.0,0.75,0.9867549668874173,1.0,0.8461538461538461,0.954736211031175,0.995540691192865,0.9706959706959704,138,0,2,11,151,13,8.61,0.2560863277196843,2.844769130694624e-08,0.9999996659304301,0.0719588091758666
1024,1,B_raw_ce_W,11,0.11824923599988324,2.0,0.75,0.9867549668874173,1.0,0.8461538461538461,0.954736211031175,0.9927536231884059,0.9615384615384612,138,0,2,11,151,13,8.61,0.25786295952554006,1.2077917359591337e-07,0.99999979694967,0.07311846590385708
1024,1,C_raw_focal_noW,11,0.09311018600010357,2.0,0.75,0.9801324503311258,1.0,0.7692307692307693,0.9294062646096306,0.992196209587514,0.9601139601139599,138,0,3,10,151,13,8.61,0.2425837243520749,0.00224417049709044,0.9975483798873455,0.0769789343249414
1024,1,D_raw_focal_W,11,0.11361932499994509,2.0,0.75,0.9867549668874173,1.0,0.8461538461538461,0.954736211031175,0.9866220735785953,0.9501039501039499,138,0,2,11,151,13,8.61,0.25016953992612345,0.001859694765183364,0.9977707412595168,0.08062843914118997
1024,1,E_all_ce_noW,12,0.11465950399997382,2.0,0.75,0.9867549668874173,1.0,0.8461538461538461,0.954736211031175,0.9960981047937569,0.9730769230769227,138,0,2,11,151,13,8.61,0.25294231028475483,2.987651050958574e-08,0.9999997062235265,0.07139711843164119
1024,1,F_all_ce_W,12,0.12943198200036932,2.0,0.75,0.9867549668874173,1.0,0.8461538461538461,0.954736211031175,0.9960981047937569,0.9730769230769227,138,0,2,11,151,13,8.61,0.2582781749273302,1.4758958356520392e-07,0.9999997961731546,0.07435326622573818
1024,1,G_all_focal_noW,12,0.0930690649997814,2.0,0.75,0.9801324503311258,1.0,0.7692307692307693,0.9294062646096306,0.9927536231884059,0.9615384615384612,138,0,3,10,151,13,8.61,0.24159456298036214,0.0027191059754494143,0.9970453964828856,0.07977015704405506
1024,1,H_all_focal_W,12,0.09611801400023978,2.0,0.75,0.9867549668874173,1.0,0.8461538461538461,0.954736211031175,0.995540691192865,0.9706959706959704,138,0,2,11,151,13,8.61,0.24972702573735991,0.0017173731701294107,0.9974142081514501,0.08361801459615616
1024,1,LEGACY_A,11,0.11072366000007605,2.0,0.75,0.9867549668874173,1.0,0.8461538461538461,0.954736211031175,0.9944258639910815,0.9665551839464881,138,0,2,11,151,13,8.61,0.259845177629477,2.7578494685197627e-08,0.9999997176744186,0.07412356365839179
1024,2,A_raw_ce_noW,11,0.10328488200002539,2.0,0.75,0.9867549668874173,0.9285714285714286,0.9285714285714286,0.9606360792492179,0.9880083420229405,0.9555984555984556,136,1,1,13,151,14,9.27,0.28923042250230774,3.039172073676558e-08,0.9999994916408934,0.09260108243343353
1024,2,B_raw_ce_W,11,0.1156403519999003,2.0,0.75,0.9867549668874173,0.9285714285714286,0.9285714285714286,0.9606360792492179,0.9869655891553701,0.9542124542124542,136,1,1,13,151,14,9.27,0.28962123879765317,1.2755364929030331e-07,0.9999998087438028,0.09306534960052322
1024,2,C_raw_focal_noW,11,0.09217663200024617,2.0,0.75,0.9867549668874173,0.9285714285714286,0.9285714285714286,0.9606360792492179,0.9937434827945777,0.9670329670329669,136,1,1,13,151,14,9.27,0.28055184099705,0.002352006347676964,0.9946977918450317,0.10193357918840892
1024,2,D_raw_focal_W,11,0.09231262499997683,2.0,0.75,0.9867549668874173,0.9285714285714286,0.9285714285714286,0.9606360792492179,0.9890510948905109,0.9571428571428571,136,1,1,13,151,14,9.27,0.2833660213326591,0.0018873538093081067,0.996724018261414,0.1023229494654021
1024,2,E_all_ce_noW,12,0.11407434400007332,2.0,0.75,0.9867549668874173,0.9285714285714286,0.9285714285714286,0.9606360792492179,0.9921793534932222,0.9630541871921181,136,1,1,13,151,14,9.27,0.2825969732087132,2.7923791293085598e-08,0.9999994259446245,0.08969903005422869
1024,2,F_all_ce_W,12,0.12243839099983234,2.0,0.75,0.9867549668874173,0.9285714285714286,0.9285714285714286,0.9606360792492179,0.9874869655891554,0.9548872180451127,136,1,1,13,151,14,9.27,0.2884293395357325,1.3087323385075492e-07,0.9999997334614565,0.09364874510107624
1024,2,G_all_focal_noW,12,0.09959634899996672,2.0,0.75,0.9867549668874173,0.9285714285714286,0.9285714285714286,0.9606360792492179,0.9937434827945777,0.9670329670329669,136,1,1,13,151,14,9.27,0.2780616360054702,0.002071274365181141,0.9962610116399432,0.10019941735848838
1024,2,H_all_focal_W,12,0.09672063700008948,2.0,0.75,0.9867549668874173,0.9285714285714286,0.9285714285714286,0.9606360792492179,0.9927007299270073,0.9642857142857142,136,1,1,13,151,14,9.27,0.282788252692829,0.0013418758061987945,0.9958948189549254,0.10034989085869148
1024,2,LEGACY_A,11,0.10692555600007836,2.0,0.75,0.9867549668874173,0.9285714285714286,0.9285714285714286,0.9606360792492179,0.9895724713242962,0.9579831932773109,136,1,1,13,151,14,9.27,0.28968405716223733,2.939203924678373e-08,0.9999996726414221,0.09337242959053424
1024,3,A_raw_ce_noW,11,0.12639382599991222,2.0,0.75,0.9933774834437086,0.9333333333333333,1.0,0.9809271188581534,0.9994786235662149,0.995238095238095,136,1,0,14,151,14,9.27,0.2937321422005354,2.7428003684893666e-08,0.9999996099857644,0.1009100245422492
1024,3,B_raw_ce_W,11,0.11721932499995091,2.0,0.75,0.9933774834437086,0.9333333333333333,1.0,0.9809271188581534,1.0,0.9999999999999998,136,1,0,14,151,14,9.27,0.2963365661362729,1.0411501024688681e-07,0.9999996544127645,0.10114549908404542
1024,3,C_raw_focal_noW,11,0.09256984900002863,2.0,0.75,0.9933774834437086,0.9333333333333333,1.0,0.9809271188581534,1.0,0.9999999999999998,136,1,0,14,151,14,9.27,0.2801345103242308,0.0015250922442136949,0.9955042629673405,0.10791568496336491
1024,3,D_raw_focal_W,11,0.09512073699988832,2.0,0.75,0.9867549668874173,0.875,1.0,0.9629901960784314,0.9994786235662149,0.995238095238095,135,2,0,14,151,14,9.27,0.28962190146785927,0.0007335615978987046,0.9971608684698859,0.11104227097963855
1024,3,E_all_ce_noW,12,0.12072044200021992,2.0,0.75,0.9933774834437086,0.9333333333333333,1.0,0.9809271188581534,0.9994786235662148,0.995238095238095,136,1,0,14,151,14,9.27,0.29231420729242213,2.7419707307305607e-08,0.9999995159765986,0.09892144725826811
1024,3,F_all_ce_W,12,0.13366800399990098,2.0,0.75,0.9867549668874173,0.875,1.0,0.9629901960784314,0.9989572471324296,0.9910714285714284,135,2,0,14,151,14,9.27,0.2950616230526363,8.57019979150196e-08,0.9999997625048889,0.10307554380845182
1024,3,G_all_focal_noW,12,0.09579540599997927,2.0,0.75,0.9933774834437086,0.9333333333333333,1.0,0.9809271188581534,1.0,0.9999999999999998,136,1,0,14,151,14,9.27,0.27979413992472246,0.0018184683889631216,0.9960199146099176,0.1081760960540906
1024,3,H_all_focal_W,12,0.09894506599994202,2.0,0.75,0.9933774834437086,0.9333333333333333,1.0,0.9809271188581534,1.0,0.9999999999999998,136,1,0,14,151,14,9.27,0.28813381124202275,0.000894868107900017,0.9972668846726089,0.1106710677240599
1024,3,LEGACY_A,11,0.13449733100014782,2.0,0.75,0.9867549668874173,0.875,1.0,0.9629901960784314,1.0,0.9999999999999998,135,2,0,14,151,14,9.27,0.30006957405830853,2.4734384184404487e-08,0.999999499158101,0.10349574951215748
1024,4,A_raw_ce_noW,11,0.10752529999990657,2.0,0.75,0.9933774834437086,1.0,0.9285714285714286,0.9796632996632997,0.9989572471324296,0.9910714285714285,137,0,1,13,151,14,9.27,0.2803828348599557,2.6923748824679694e-08,0.9999995920155681,0.08624103076034212
1024,4,B_raw_ce_W,11,0.11542989800000214,2.0,0.75,0.9933774834437086,1.0,0.9285714285714286,0.9796632996632997,0.9989572471324296,0.9910714285714285,137,0,1,13,151,14,9.27,0.2803085877670877,1.1805116946357397e-07,0.9999998128184391,0.08676825906723643
1024,4,C_raw_focal_noW,11,0.09201627100037513,2.0,0.75,0.9933774834437086,1.0,0.9285714285714286,0.9796632996632997,0.9989572471324296,0.9910714285714284,137,0,1,13,151,14,9.27,0.2733660492330258,0.0016043172481671202,0.9978783734460082,0.09535435070111184
1024,4,D_raw_focal_W,11,0.09860939100008181,2.0,0.75,0.9933774834437086,1.0,0.9285714285714286,0.9796632996632997,0.9994786235662149,0.995238095238095,137,0,1,13,151,14,9.27,0.2766449438747188,0.0013582933785012323,0.9977323963371327,0.09631704129014568
1024,4,E_all_ce_noW,12,0.12824979800006986,2.0,0.75,0.9933774834437086,1.0,0.9285714285714286,0.9796632996632997,0.9973931178310741,0.981203007518797,137,0,1,13,151,14,9.27,0.28036745036980953,2.765794160922998e-08,0.9999997103626053,0.0864887796652518
1024,4,F_all_ce_W,12,0.13013263200036818,2.0,0.75,0.9933774834437086,1.0,0.9285714285714286,0.9796632996632997,0.9973931178310741,0.981203007518797,137,0,1,13,151,14,9.27,0.28030621757491314,1.4028514046047458e-07,0.9999997866346317,0.08677059378354324
1024,4,G_all_focal_noW,12,0.09735811099972125,2.0,0.75,0.9933774834437086,1.0,0.9285714285714286,0.9796632996632997,0.9984358706986445,0.9873949579831931,137,0,1,13,151,14,9.27,0.2745017328070569,0.001491951012269743,0.996949062721356,0.09772590923999472
1024,4,H_all_focal_W,12,0.12124289299981683,2.0,0.75,0.9933774834437086,1.0,0.9285714285714286,0.9796632996632997,0.9994786235662149,0.9952380952380951,137,0,1,13,151,14,9.27,0.27789107356418585,0.0009472777318767908,0.9978497249381507,0.09886702521815785
1024,4,LEGACY_A,11,0.11313920499969754,2.0,0.75,0.9933774834437086,1.0,0.9285714285714286,0.9796632996632997,0.9989572471324296,0.9910714285714285,137,0,1,13,151,14,9.27,0.2803898697449582,2.3828925482489512e-08,0.9999996729014391,0.08673172340830484
1024,5,A_raw_ce_noW,11,0.10563246000037907,2.0,0.75,0.9801324503311258,1.0,0.7857142857142857,0.9345848375451263,0.9932221063607924,0.9579748822605965,137,0,3,11,151,14,9.27,0.2537358332100557,2.7473637537267637e-08,0.9999996199513485,0.07111844540460387
1024,5,B_raw_ce_W,11,0.12050121599986596,2.0,0.75,0.9801324503311258,1.0,0.7857142857142857,0.9345848375451263,0.9953076120959332,0.9720496894409936,137,0,3,11,151,14,9.27,0.25572522594560576,1.3135596986522128e-07,0.9999997734221042,0.07366252495180929
1024,5,C_raw_focal_noW,11,0.09899407200009591,2.0,0.75,0.9801324503311258,1.0,0.7857142857142857,0.9345848375451263,0.9932221063607924,0.9619309262166404,137,0,3,11,151,14,9.27,0.2463865233756089,0.0017978856203867365,0.9962769326272035,0.08280199021035908
1024,5,D_raw_focal_W,11,0.09345462400006,2.0,0.75,0.9801324503311258,1.0,0.7857142857142857,0.9345848375451263,0.9927007299270073,0.9642857142857142,137,0,3,11,151,14,9.27,0.24942310474599796,0.0013060814836553347,0.9972052378769968,0.08308998564714096
1024,5,E_all_ce_noW,12,0.11862186400003338,2.0,0.75,0.9735099337748344,1.0,0.7142857142857143,0.9094724220623501,0.9921793534932221,0.9560846560846559,137,0,4,10,151,14,9.27,0.24954202628433014,2.7499392933727507e-08,0.9999996306887027,0.06877448712589972
1024,5,F_all_ce_W,12,0.14728445000037027,2.0,0.75,0.9735099337748344,1.0,0.7142857142857143,0.9094724220623501,0.9900938477580814,0.9513056835637479,137,0,4,10,151,14,9.27,0.2510653576829016,1.1808775702161821e-07,0.9999997561686182,0.07106565539027422
1024,5,G_all_focal_noW,12,0.09524046200021985,2.0,0.75,0.9801324503311258,1.0,0.7857142857142857,0.9345848375451263,0.9895724713242962,0.9537724180581322,137,0,3,11,151,14,9.27,0.24591759143003342,0.0017385670214992452,0.9955281174378124,0.08087308267796395
1024,5,H_all_focal_W,12,0.09718963400018765,2.0,0.75,0.9801324503311258,1.0,0.7857142857142857,0.9345848375451263,0.9880083420229405,0.9555984555984556,137,0,3,11,151,14,9.27,0.25111012619408746,0.0009614522362607935,0.997170750147551,0.08174130632452392
1024,5,LEGACY_A,11,0.11122405099968091,2.0,0.75,0.9735099337748344,1.0,0.7142857142857143,0.9094724220623501,0.9947862356621481,0.9702380952380951,137,0,4,10,151,14,9.27,0.250521462216069,2.6724262677868575e-08,0.9999997042731046,0.07096155926680037
1024,6,A_raw_ce_noW,11,0.10908541300022989,2.0,0.75,0.9801324503311258,0.9166666666666666,0.8461538461538461,0.9345848375451263,0.995540691192865,0.9626696832579182,137,1,2,11,151,13,8.61,0.2537354069342402,2.8181406699573567e-08,0.9999997208307159,0.07486406182675037
1024,6,B_raw_ce_W,11,0.11527348599975085,2.0,0.75,0.9801324503311258,0.9166666666666666,0.8461538461538461,0.9345848375451263,0.9938684503901896,0.9530840676351509,137,1,2,11,151,13,8.61,0.2642486553918175,1.4403694108246674e-07,0.9999998483373073,0.08048788580667475
1024,6,C_raw_focal_noW,11,0.09171732999993765,2.0,0.75,0.9801324503311258,0.9166666666666666,0.8461538461538461,0.9345848375451263,0.9949832775919732,0.9594017094017091,137,1,2,11,151,13,8.61,0.25314386935730354,0.0016279823270988756,0.9970180457642055,0.09133207610006748
1024,6,D_raw_focal_W,11,0.09757949799995913,2.0,0.75,0.9735099337748344,0.8461538461538461,0.8461538461538461,0.9158305462653289,0.9938684503901896,0.9538461538461536,136,2,2,11,151,13,8.61,0.26031593924403074,0.0009948825307686383,0.9979902332496647,0.09500799051696968
1024,6,E_all_ce_noW,12,0.13779781299990645,2.0,0.75,0.9735099337748344,0.8461538461538461,0.8461538461538461,0.9158305462653289,0.9944258639910813,0.9560080442433381,136,2,2,11,151,13,8.61,0.26225801197404225,2.7555509559336907e-08,0.9999997365897341,0.08258167089045516
1024,6,F_all_ce_W,12,0.13075473100025192,2.0,0.75,0.9668874172185431,0.7857142857142857,0.8461538461538461,0.8983164983164983,0.9938684503901896,0.9530840676351509,135,3,2,11,151,13,8.61,0.26980919862237646,1.3261209437725282e-07,0.9999998539649975,0.08794218066896514
1024,6,G_all_focal_noW,12,0.09622121199981848,2.0,0.75,0.9735099337748344,0.8461538461538461,0.8461538461538461,0.9158305462653289,0.992196209587514,0.9459070341423279,136,2,2,11,151,13,8.61,0.25304302509824766,0.0019594424483089594,0.9969767149596575,0.09281911580885774
1024,6,H_all_focal_W,12,0.0999445160000505,2.0,0.75,0.9668874172185431,0.7857142857142857,0.8461538461538461,0.8983164983164983,0.9938684503901896,0.9530840676351509,135,3,2,11,151,13,8.61,0.2599382098143099,0.0015163058560218937,0.9977442619843447,0.09708469201543035
1024,6,LEGACY_A,11,0.1154783239999233,2.0,0.75,0.9801324503311258,0.9166666666666666,0.8461538461538461,0.9345848375451263,0.9938684503901896,0.9530840676351509,137,1,2,11,151,13,8.61,0.2669706047576952,2.5722375057520933e-08,0.9999997165990543,0.08255722209415277
1024,7,A_raw_ce_noW,11,0.10142190299984577,2.0,0.75,0.9867549668874173,0.9285714285714286,0.9285714285714286,0.9606360792492179,0.9963503649635036,0.976190476190476,136,1,1,13,151,14,9.27,0.2899470360569654,3.069765839366565e-08,0.9999991490087384,0.09280301056787747
1024,7,B_raw_ce_W,11,0.11063598900000216,2.0,0.75,0.9867549668874173,0.9285714285714286,0.9285714285714286,0.9606360792492179,0.9963503649635036,0.976190476190476,136,1,1,13,151,14,9.27,0.2900041318205732,1.339419205965872e-07,0.9999997705567474,0.09276297569502223
1024,7,C_raw_focal_noW,11,0.11008525900024324,2.0,0.75,0.9867549668874173,0.9285714285714286,0.9285714285714286,0.9606360792492179,0.9927007299270073,0.9642857142857142,136,1,1,13,151,14,9.27,0.27904243932989087,0.002289400653836508,0.9946512291474199,0.10059562937856104
1024,7,D_raw_focal_W,11,0.09083272499992745,2.0,0.75,0.9867549668874173,0.9285714285714286,0.9285714285714286,0.9606360792492179,0.9911366006256518,0.9608294930875574,136,1,1,13,151,14,9.27,0.28285250045489396,0.001972605375550628,0.996825733688198,0.10122496112736033
1024,7,E_all_ce_noW,12,0.11194032499997775,2.0,0.75,0.9867549668874173,0.9285714285714286,0.9285714285714286,0.9606360792492179,0.9942648592283628,0.9614531431301616,136,1,1,13,151,14,9.27,0.2899513806405412,3.125945568141678e-08,0.9999993552690909,0.09272386069423985
1024,7,F_all_ce_W,12,0.12418481299982886,2.0,0.75,0.9867549668874173,0.9285714285714286,0.9285714285714286,0.9606360792492179,0.9927007299270073,0.9642857142857142,136,1,1,13,151,14,9.27,0.28997572385785964,1.502373188474767e-07,0.9999995744244629,0.09283568969118645
1024,7,G_all_focal_noW,12,0.09478096600014396,2.0,0.75,0.9867549668874173,0.9285714285714286,0.9285714285714286,0.9606360792492179,0.9927007299270073,0.9642857142857142,136,1,1,13,151,14,9.27,0.27845831660855325,0.0022097933411373213,0.9962918195736341,0.10027565951930785
1024,7,H_all_focal_W,12,0.09466935099999318,2.0,0.75,0.9867549668874173,0.9285714285714286,0.9285714285714286,0.9606360792492179,0.9911366006256518,0.9608294930875574,136,1,1,13,151,14,9.27,0.2837198051699536,0.0013380945624893745,0.9965835195221787,0.10086536447711916
1024,7,LEGACY_A,11,0.10589778699977614,2.0,0.75,0.9867549668874173,0.9285714285714286,0.9285714285714286,0.9606360792492179,0.9921793534932222,0.9630541871921181,136,1,1,13,151,14,9.27,0.28999252821220767,3.264408185490505e-08,0.9999996951059608,0.09278738161722602
1024,8,A_raw_ce_noW,11,0.11171699299984539,2.0,0.75,0.9867549668874173,1.0,0.8571428571428571,0.9579152731326644,0.9932221063607924,0.9656084656084656,137,0,2,12,151,14,9.27,0.2645988321948013,3.040880333476694e-08,0.999999542912988,0.07815889264368783
1024,8,B_raw_ce_W,11,0.18528798299985283,2.0,0.75,0.9867549668874173,1.0,0.8571428571428571,0.9579152731326644,0.9953076120959332,0.9720496894409936,137,0,2,12,151,14,9.27,0.26750475738385493,1.3774323812445466e-07,0.9999997918231154,0.08090251006020258
1024,8,C_raw_focal_noW,11,0.15730097300001944,2.0,0.75,0.9933774834437086,1.0,0.9285714285714286,0.9796632996632997,0.9947862356621481,0.9702380952380951,137,0,1,13,151,14,9.27,0.25956417984582686,0.0013404728563874207,0.9969239887530564,0.09032915622556056
1024,8,D_raw_focal_W,11,0.1581577759998254,2.0,0.75,0.9867549668874173,1.0,0.8571428571428571,0.9579152731326644,0.9958289885297185,0.9740259740259738,137,0,2,12,151,14,9.27,0.26042746023755375,0.001410358766545173,0.997121667839243,0.08966890765444135
1024,8,E_all_ce_noW,12,0.19812118799973177,2.0,0.75,0.9867549668874173,1.0,0.8571428571428571,0.9579152731326644,0.9812304483837331,0.9485714285714284,137,0,2,12,151,14,9.27,0.2635421116887405,2.8307968849645833e-08,0.9999996691485753,0.07794918095250639
1024,8,F_all_ce_W,12,0.22193951899998865,2.0,0.75,0.9867549668874173,1.0,0.8571428571428571,0.9579152731326644,0.986444212721585,0.9535714285714285,137,0,2,12,151,14,9.27,0.26529615992941624,1.4526232794835123e-07,0.9999997728543523,0.07821450286436225
1024,8,G_all_focal_noW,12,0.1690280820002954,2.0,0.75,0.9933774834437086,1.0,0.9285714285714286,0.9796632996632997,0.9916579770594369,0.9619047619047618,137,0,1,13,151,14,9.27,0.2601974781290865,0.0020476022008483826,0.9957695577095743,0.09129058832895802
1024,8,H_all_focal_W,12,0.16080512500002442,2.0,0.75,0.9933774834437086,1.0,0.9285714285714286,0.9796632996632997,0.9848800834202295,0.9518272425249168,137,0,1,13,151,14,9.27,0.2622793432597068,0.0011209670779009136,0.9971531922581988,0.09029168665021335
1024,8,LEGACY_A,11,0.1962401939999836,2.0,0.75,0.9867549668874173,1.0,0.8571428571428571,0.9579152731326644,0.9927007299270073,0.9642857142857142,137,0,2,12,151,14,9.27,0.26480805920273265,2.7522121038939553e-08,0.9999996760425024,0.0789797321653065
1024,9,A_raw_ce_noW,11,0.1824861330001113,2.0,0.75,0.9933774834437086,1.0,0.9285714285714286,0.9796632996632997,0.9979144942648592,0.984126984126984,137,0,1,13,151,14,9.27,0.2803504784207825,2.750943942469044e-08,0.9999995500624147,0.08648058752182694
1024,9,B_raw_ce_W,11,0.19300043099974573,2.0,0.75,0.9933774834437086,1.0,0.9285714285714286,0.9796632996632997,0.9973931178310741,0.9812030075187967,137,0,1,13,151,14,9.27,0.28029028729743954,1.0508266316072912e-07,0.9999997937729704,0.08843107970912355
1024,9,C_raw_focal_noW,11,0.1542075589995875,2.0,0.75,0.9933774834437086,1.0,0.9285714285714286,0.9796632996632997,0.996871741397289,0.9785714285714284,137,0,1,13,151,14,9.27,0.2750072237134967,0.001223250089489923,0.9971525430904651,0.10158789801974252
1024,9,D_raw_focal_W,11,0.15555119100008596,2.0,0.75,0.9933774834437086,1.0,0.9285714285714286,0.9796632996632997,0.9989572471324296,0.9910714285714284,137,0,1,13,151,14,9.27,0.27785393689553217,0.0009693578336948158,0.9978386172807168,0.10213878602526162
1024,9,E_all_ce_noW,12,0.20072440400008418,2.0,0.75,0.9933774834437086,1.0,0.9285714285714286,0.9796632996632997,0.996871741397289,0.9785714285714284,137,0,1,13,151,14,9.27,0.2803394857334201,2.7697743558552635e-08,0.9999996045139649,0.0863247066921337
1024,9,F_all_ce_W,12,0.21969518400010202,2.0,0.75,0.9933774834437086,1.0,0.9285714285714286,0.9796632996632997,0.9984358706986445,0.9873949579831931,137,0,1,13,151,14,9.27,0.28029264544167776,1.1113423663330355e-07,0.9999997395240879,0.08714031663777173
1024,9,G_all_focal_noW,12,0.15956471500021507,2.0,0.75,0.9933774834437086,1.0,0.9285714285714286,0.9796632996632997,0.9979144942648592,0.984126984126984,137,0,1,13,151,14,9.27,0.2737030071867295,0.0012465275159895357,0.997373807188906,0.10018341750894573
1024,9,H_all_focal_W,12,0.17237038599978405,2.0,0.75,0.9933774834437086,1.0,0.9285714285714286,0.9796632996632997,0.9927007299270073,0.9642857142857142,137,0,1,13,151,14,9.27,0.2757309898432402,0.0013262194724179763,0.9974891728579087,0.09898625117048644
1024,9,LEGACY_A,11,0.1869051489998128,2.0,0.75,0.9933774834437086,1.0,0.9285714285714286,0.9796632996632997,0.9973931178310741,0.9812030075187967,137,0,1,13,151,14,9.27,0.280300060211861,2.456644796606092e-08,0.9999996322152391,0.0870996836982436
1024,10,A_raw_ce_noW,11,0.16406249700003173,2.0,0.75,0.9867549668874173,1.0,0.8571428571428571,0.9579152731326644,0.9911366006256518,0.9608294930875576,137,0,2,12,151,14,9.27,0.2702926370377622,2.8996247402574047e-08,0.9999995480538599,0.08031431697879525
1024,10,B_raw_ce_W,11,0.18442358699985562,2.0,0.75,0.9867549668874173,1.0,0.8571428571428571,0.9579152731326644,0.9927007299270073,0.9642857142857144,137,0,2,12,151,14,9.27,0.270757923139438,1.0512984573114994e-07,0.9999998033539286,0.08123244624321976
1024,10,C_raw_focal_noW,11,0.1399794409999231,2.0,0.75,0.9933774834437086,1.0,0.9285714285714286,0.9796632996632997,0.9921793534932222,0.9630541871921182,137,0,1,13,151,14,9.27,0.26512917634651473,0.0016080247099366867,0.9964940041632242,0.08991369141907131
1024,10,D_raw_focal_W,11,0.15705961599996954,2.0,0.75,0.9867549668874173,1.0,0.8571428571428571,0.9579152731326644,0.9916579770594369,0.9619047619047618,137,0,2,12,151,14,9.27,0.26811906719649453,0.0009204415458469171,0.9980255939531948,0.08980745440165216
1024,10,E_all_ce_noW,12,0.19308469900033742,2.0,0.75,0.9867549668874173,1.0,0.8571428571428571,0.9579152731326644,0.9927007299270073,0.9642857142857142,137,0,2,12,151,14,9.27,0.2702609480711356,2.8720287870355586e-08,0.9999997169555312,0.07973848048616951
1024,10,F_all_ce_W,12,0.2039793459998691,2.0,0.75,0.9867549668874173,1.0,0.8571428571428571,0.9579152731326644,0.9906152241918664,0.9598214285714284,137,0,2,12,151,14,9.27,0.27157912839526355,1.204668560320026e-07,0.9999996616667649,0.08216291512769126
1024,10,G_all_focal_noW,12,0.1649448489997667,2.0,0.75,0.9867549668874173,1.0,0.8571428571428571,0.9579152731326644,0.9947862356621481,0.9702380952380951,137,0,2,12,151,14,9.27,0.26613427966475933,0.0010076959697737696,0.9977771501003299,0.08860912761196137
1024,10,H_all_focal_W,12,0.12083815799996955,2.0,0.75,0.9867549668874173,1.0,0.8571428571428571,0.9579152731326644,0.9916579770594369,0.9619047619047618,137,0,2,12,151,14,9.27,0.26892141304685924,0.0006864705020231862,0.9979711181790023,0.08917047458379844
1024,10,LEGACY_A,11,0.10877707300005568,2.0,0.75,0.9933774834437086,1.0,0.9285714285714286,0.9796632996632997,0.9942648592283628,0.9685714285714284,137,0,1,13,151,14,9.27,0.2778035473355904,2.375398154914246e-08,0.9999997057469745,0.08523979572596463
1024,11,A_raw_ce_noW,11,0.1280117260002953,2.0,0.75,0.9933774834437086,1.0,0.9230769230769231,0.9781949458483754,0.9977703455964325,0.9819004524886874,138,0,1,12,151,13,8.61,0.2703902993316791,2.8129050076979932e-08,0.9999990496654371,0.07950752472817052
1024,11,B_raw_ce_W,11,0.11649906399998144,2.0,0.75,0.9933774834437086,1.0,0.9230769230769231,0.9781949458483754,0.9972129319955406,0.9786324786324783,138,0,1,12,151,13,8.61,0.2703865924224613,1.241263994286454e-07,0.9999995171658642,0.07963072642279515
1024,11,C_raw_focal_noW,11,0.09335271100007958,2.0,0.75,0.9933774834437086,1.0,0.9230769230769231,0.9781949458483754,0.9994425863991081,0.9945054945054943,138,0,1,12,151,13,8.61,0.26178749412550995,0.0017783452018674448,0.9968939210394251,0.08734318815912928
1024,11,D_raw_focal_W,11,0.09860054000000673,2.0,0.75,0.9933774834437086,1.0,0.9230769230769231,0.9781949458483754,0.9966555183946488,0.9757085020242913,138,0,1,12,151,13,8.61,0.26540097001407176,0.0008780880610242812,0.9977339602303092,0.08619203011836424
1024,11,E_all_ce_noW,12,0.12127847500005373,2.0,0.75,0.9933774834437086,1.0,0.9230769230769231,0.9781949458483754,0.9910813823857303,0.9575596816976124,138,0,1,12,151,13,8.61,0.2700992862849692,2.777212783095141e-08,0.9999993548271587,0.07944071346546945
1024,11,F_all_ce_W,12,0.131208990000232,2.0,0.75,0.9933774834437086,1.0,0.9230769230769231,0.9781949458483754,0.9916387959866221,0.9587912087912085,138,0,1,12,151,13,8.61,0.2703947103808645,1.2527930968233012e-07,0.9999996239886507,0.0796206043370115
1024,11,G_all_focal_noW,12,0.09885838499985766,2.0,0.75,0.9933774834437086,1.0,0.9230769230769231,0.9781949458483754,0.9910813823857303,0.9575596816976124,138,0,1,12,151,13,8.61,0.26055174114907553,0.0013031636061494457,0.9955021952864191,0.08458492623714109
1024,11,H_all_focal_W,12,0.10007893300007709,2.0,0.75,0.9933774834437086,1.0,0.9230769230769231,0.9781949458483754,0.9871794871794872,0.9508547008547006,138,0,1,12,151,13,8.61,0.26516286818456836,0.000977489509030979,0.9976670411286321,0.08636024406123927
1024,11,LEGACY_A,11,0.1323199180001211,2.0,0.75,0.9933774834437086,1.0,0.9230769230769231,0.9781949458483754,0.995540691192865,0.9706959706959704,138,0,1,12,151,13,8.61,0.27040590796239106,2.7594158371968384e-08,0.9999996205148097,0.07964507348836539
1024,12,A_raw_ce_noW,11,0.10307937400011724,2.0,0.75,0.9867549668874173,1.0,0.8571428571428571,0.9579152731326644,0.9843587069864442,0.9467252017085903,137,0,2,12,151,14,9.27,0.2703159708452959,2.7144952629257098e-08,0.9999995736458097,0.08059401491157062
1024,12,B_raw_ce_W,11,0.11085525299995425,2.0,0.75,0.9933774834437086,1.0,0.9285714285714286,0.9796632996632997,0.9859228362877999,0.9529616724738674,137,0,1,13,151,14,9.27,0.27392281445515027,1.1444529752701545e-07,0.9999998034261404,0.08571998046188264
1024,12,C_raw_focal_noW,11,0.09090476699975625,2.0,0.75,0.9867549668874173,1.0,0.8571428571428571,0.9579152731326644,0.9932221063607924,0.9656084656084656,137,0,2,12,151,14,9.27,0.2669292978845397,0.0017365036180710118,0.9973205120988228,0.09191001477426279
1024,12,D_raw_focal_W,11,0.09049035499992897,2.0,0.75,0.9867549668874173,1.0,0.8571428571428571,0.9579152731326644,0.9885297184567257,0.9563492063492063,137,0,2,12,151,14,9.27,0.2687226023858402,0.0009060394191948892,0.9977390158457274,0.09143837551413544
1024,12,E_all_ce_noW,12,0.11154284299982464,2.0,0.75,0.9801324503311258,0.9230769230769231,0.8571428571428571,0.938989898989899,0.9854014598540146,0.947859631657541,136,1,2,12,151,14,9.27,0.2775864941460544,2.8013751672833556e-08,0.9999995051092372,0.08758584224254318
1024,12,F_all_ce_W,12,0.1241648290001649,2.0,0.75,0.9867549668874173,0.9285714285714286,0.9285714285714286,0.9606360792492179,0.9869655891553701,0.9542124542124542,136,1,1,13,151,14,9.27,0.28013465483257566,1.286188745415179e-07,0.9999996092007708,0.08898847903571883
1024,12,G_all_focal_noW,12,0.1037829399997463,2.0,0.75,0.9801324503311258,0.9230769230769231,0.8571428571428571,0.938989898989899,0.9895724713242962,0.9537724180581322,136,1,2,12,151,14,9.27,0.2697859798977803,0.0016566340545207659,0.9962419401168234,0.0939053016485962
1024,12,H_all_focal_W,12,0.09761754999999539,2.0,0.75,0.9933774834437086,1.0,0.9285714285714286,0.9796632996632997,0.9921793534932222,0.9630541871921181,137,0,1,13,151,14,9.27,0.27161589999435903,0.0009514886280318054,0.9975616256942169,0.09271140904294688
1024,12,LEGACY_A,11,0.10785820900036924,2.0,0.75,0.9867549668874173,1.0,0.8571428571428571,0.9579152731326644,0.9895724713242962,0.9579831932773109,137,0,2,12,151,14,9.27,0.27035845977707673,2.5827274851015996e-08,0.999999693635612,0.08026554471378092
1024,13,A_raw_ce_noW,11,0.09728799200001959,2.0,0.75,0.9668874172185431,0.8461538461538461,0.7857142857142857,0.8983164983164983,0.9233576642335766,0.8397849147849146,135,2,3,11,151,14,9.27,0.27923843030422424,2.727399947952304e-08,0.9999995711591743,0.09116625418261518
1024,13,B_raw_ce_W,11,0.10371686199960095,2.0,0.75,0.9536423841059603,0.7333333333333333,0.7857142857142857,0.8664898320070733,0.9374348279457769,0.8663419913419912,133,4,3,11,151,14,9.27,0.2932788127910369,1.2508046464887027e-07,0.9999996964598947,0.09837348266650434
1024,13,C_raw_focal_noW,11,0.08627585000022009,2.0,0.75,0.9536423841059603,0.7333333333333333,0.7857142857142857,0.8664898320070733,0.916058394160584,0.8548971728386385,133,4,3,11,151,14,9.27,0.274061586595138,0.0018754010406955397,0.9962370077238993,0.10322102010603955
1024,13,D_raw_focal_W,11,0.08889650599985544,2.0,0.75,0.9536423841059603,0.7333333333333333,0.7857142857142857,0.8664898320070733,0.9103232533889468,0.8519778558189444,133,4,3,11,151,14,9.27,0.2795380988900882,0.001158870798802478,0.9980650898517047,0.10643757925687647
1024,13,E_all_ce_noW,12,0.10731034600030398,2.0,0.75,0.9668874172185431,0.8461538461538461,0.7857142857142857,0.8983164983164983,0.9301355578727841,0.8514108547230144,135,2,3,11,151,14,9.27,0.27399352387206666,3.1524332517124703e-08,0.9999992211847687,0.08953141253732169
1024,13,F_all_ce_W,12,0.11713241999996171,2.0,0.75,0.9536423841059603,0.7333333333333333,0.7857142857142857,0.8664898320070733,0.9358706986444213,0.85719100140056,133,4,3,11,151,14,9.27,0.2795049165088903,1.4814313905318145e-07,0.9999996762480103,0.09559047525047841
1024,13,G_all_focal_noW,12,0.0894410659998357,2.0,0.75,0.9536423841059603,0.7333333333333333,0.7857142857142857,0.8664898320070733,0.9129301355578728,0.8406565017818214,133,4,3,11,151,14,9.27,0.2751087630142285,0.002093729667792657,0.9962871101961008,0.10336138590034089
1024,13,H_all_focal_W,12,0.09273519099997429,2.0,0.75,0.9536423841059603,0.7333333333333333,0.7857142857142857,0.8664898320070733,0.9207507820646507,0.8436850649350648,133,4,3,11,151,14,9.27,0.28434710524264967,0.001444154508650839,0.9972351388000891,0.10914751233345903
1024,13,LEGACY_A,11,0.10523214999966513,2.0,0.75,0.9602649006622517,0.7857142857142857,0.7857142857142857,0.8819082377476538,0.9113660062565172,0.8462155329277372,134,3,3,11,151,14,9.27,0.2771434102945371,2.704348757540518e-08,0.9999995541565858,0.09434192682251351
1024,14,A_raw_ce_noW,11,0.10615819899976486,2.0,0.75,0.9867549668874173,0.9285714285714286,0.9285714285714286,0.9606360792492179,0.9984358706986445,0.9859693877551019,136,1,1,13,151,14,9.27,0.284388376137619,2.8110576526283533e-08,0.9999996634258106,0.09070374450105856
1024,14,B_raw_ce_W,11,0.11563878400011163,2.0,0.75,0.9867549668874173,0.9285714285714286,0.9285714285714286,0.9606360792492179,0.9984358706986445,0.9859693877551019,136,1,1,13,151,14,9.27,0.2873571727277871,1.4548473228611838e-07,0.999999791756424,0.09222128862574112
1024,14,C_raw_focal_noW,11,0.1018284249998942,2.0,0.75,0.9867549668874173,0.9285714285714286,0.9285714285714286,0.9606360792492179,0.9984358706986445,0.9859693877551019,136,1,1,13,151,14,9.27,0.2713666123093135,0.0018577256905731344,0.9966391196186843,0.09801733564109007
1024,14,D_raw_focal_W,11,0.09379539299970929,2.0,0.75,0.9867549668874173,0.9285714285714286,0.9285714285714286,0.9606360792492179,0.9979144942648592,0.9822929171668666,136,1,1,13,151,14,9.27,0.2777770551760406,0.00112119402915115,0.9975658304571814,0.09961998515858665
1024,14,E_all_ce_noW,12,0.13782594700023765,2.0,0.75,0.9867549668874173,0.9285714285714286,0.9285714285714286,0.9606360792492179,0.9979144942648592,0.9804748822605964,136,1,1,13,151,14,9.27,0.2868856398747865,2.7848630930169275e-08,0.999999586749136,0.0916729353406145
1024,14,F_all_ce_W,12,0.1301269720001983,2.0,0.75,0.9867549668874173,0.9285714285714286,0.9285714285714286,0.9606360792492179,0.9989572471324296,0.9910714285714284,136,1,1,13,151,14,9.27,0.28971457840823706,1.3658582507258022e-07,0.9999997687863711,0.09270923811964805
1024,14,G_all_focal_noW,12,0.0967143309999301,2.0,0.75,0.9867549668874173,0.9285714285714286,0.9285714285714286,0.9606360792492179,0.9973931178310741,0.9767984116723611,136,1,1,13,151,14,9.27,0.27449471997687097,0.001772903063403694,0.9963669500547092,0.09828165534482816
1024,14,H_all_focal_W,12,0.09888882799987186,2.0,0.75,0.9867549668874173,0.9285714285714286,0.9285714285714286,0.9606360792492179,0.9973931178310741,0.9790249433106575,136,1,1,13,151,14,9.27,0.2797520984219192,0.0013397696935918448,0.9971003073980155,0.09922923873178055
1024,14,LEGACY_A,11,0.11218317500015473,2.0,0.75,0.9867549668874173,0.9285714285714286,0.9285714285714286,0.9606360792492179,0.9984358706986445,0.9859693877551019,136,1,1,13,151,14,9.27,0.2879541340593607,2.7163987554515168e-08,0.999999650149237,0.09208598922890154
1024,15,A_raw_ce_noW,11,0.1116999850000866,2.0,0.75,0.9867549668874173,1.0,0.8571428571428571,0.9579152731326644,0.9979144942648592,0.9815476190476189,137,0,2,12,151,14,9.27,0.2684171377679462,2.8703616397129796e-08,0.9999995947988362,0.07981960952836703
1024,15,B_raw_ce_W,11,0.11461178799982008,2.0,0.75,0.9867549668874173,1.0,0.8571428571428571,0.9579152731326644,0.9989572471324296,0.9901360544217688,137,0,2,12,151,14,9.27,0.26986731515937357,9.916333948215265e-08,0.999999774292342,0.08196633389849142
1024,15,C_raw_focal_noW,11,0.09322840200002247,2.0,0.75,0.9867549668874173,1.0,0.8571428571428571,0.9579152731326644,0.9989572471324296,0.9901360544217686,137,0,2,12,151,14,9.27,0.2589486683947121,0.0012175201574099659,0.9969989982378499,0.08824406240075854
1024,15,D_raw_focal_W,11,0.10934460499993293,2.0,0.75,0.9867549668874173,1.0,0.8571428571428571,0.9579152731326644,1.0,0.9999999999999998,137,0,2,12,151,14,9.27,0.264471575887231,0.001083463058351249,0.99724754586874,0.0924567646608563
1024,15,E_all_ce_noW,12,0.12111179900011848,2.0,0.75,0.9867549668874173,1.0,0.8571428571428571,0.9579152731326644,0.9989572471324296,0.9901360544217686,137,0,2,12,151,14,9.27,0.2712364745981518,2.770827176914555e-08,0.9999995220256261,0.08254854953595252
1024,15,F_all_ce_W,12,0.13212233600006584,2.0,0.75,0.9801324503311258,0.9230769230769231,0.8571428571428571,0.938989898989899,0.9989572471324296,0.9901360544217686,136,1,2,12,151,14,9.27,0.2727727548930508,1.2495831999024421e-07,0.9999997208236084,0.08440471032015928
1024,15,G_all_focal_noW,12,0.09599054000000251,2.0,0.75,0.9867549668874173,1.0,0.8571428571428571,0.9579152731326644,0.9994786235662148,0.9952380952380951,137,0,2,12,151,14,9.27,0.26088741938564236,0.0016911406857026475,0.9970194854484402,0.09110066032843891
1024,15,H_all_focal_W,12,0.09894933799978389,2.0,0.75,0.9867549668874173,1.0,0.8571428571428571,0.9579152731326644,0.9989572471324296,0.9901360544217686,137,0,2,12,151,14,9.27,0.2645712551630203,0.0010383655839146062,0.997259307200944,0.0916254277637217
1024,15,LEGACY_A,11,0.11727611600008458,2.0,0.75,0.9867549668874173,1.0,0.8571428571428571,0.9579152731326644,1.0,0.9999999999999998,137,0,2,12,151,14,9.27,0.2729615257558345,2.622760642867861e-08,0.9999995928431903,0.08697132172461383
1024,16,A_raw_ce_noW,11,0.1105531489997702,2.0,0.75,0.9933774834437086,0.9285714285714286,1.0,0.9796632996632997,1.0,0.9999999999999998,137,1,0,13,151,13,8.61,0.28793067435412545,2.791518908764819e-08,0.9999996588069681,0.09204602452657301
1024,16,B_raw_ce_W,11,0.13249794000012116,2.0,0.75,0.9933774834437086,0.9285714285714286,1.0,0.9796632996632997,1.0,0.9999999999999998,137,1,0,13,151,13,8.61,0.28965013611990553,1.4038478899164283e-07,0.999999722050765,0.09283547820247982
1024,16,C_raw_focal_noW,11,0.09182947199997216,2.0,0.75,0.9933774834437086,0.9285714285714286,1.0,0.9796632996632997,1.0,0.9999999999999998,137,1,0,13,151,13,8.61,0.2789273401748164,0.001644200781958216,0.9965143308224319,0.09919766942171455
1024,16,D_raw_focal_W,11,0.09808025999973324,2.0,0.75,0.9933774834437086,0.9285714285714286,1.0,0.9796632996632997,1.0,0.9999999999999998,137,1,0,13,151,13,8.61,0.28391037551912407,0.0013211853764781138,0.9973485378835169,0.10204985919641657
1024,16,E_all_ce_noW,12,0.11887133199979871,2.0,0.75,0.9933774834437086,0.9285714285714286,1.0,0.9796632996632997,1.0,0.9999999999999998,137,1,0,13,151,13,8.61,0.2894900508839678,2.7860083194616473e-08,0.9999996931612549,0.09264303122305942
1024,16,F_all_ce_W,12,0.12881363899987264,2.0,0.75,0.9933774834437086,0.9285714285714286,1.0,0.9796632996632997,1.0,0.9999999999999998,137,1,0,13,151,13,8.61,0.28986529013355466,1.4427319316892182e-07,0.9999998133248935,0.09281195576084796
1024,16,G_all_focal_noW,12,0.10098632799963525,2.0,0.75,0.9933774834437086,0.9285714285714286,1.0,0.9796632996632997,1.0,0.9999999999999998,137,1,0,13,151,13,8.61,0.28053970144604934,0.0015331951603626609,0.9962912335988655,0.0984669063671937
1024,16,H_all_focal_W,12,0.09698709099984626,2.0,0.75,0.9933774834437086,0.9285714285714286,1.0,0.9796632996632997,1.0,0.9999999999999998,137,1,0,13,151,13,8.61,0.28316449386794296,0.0010055972572146831,0.9971771766917255,0.0989164860860672
1024,16,LEGACY_A,11,0.11470354699986274,2.0,0.75,0.9933774834437086,0.9285714285714286,1.0,0.9796632996632997,1.0,0.9999999999999999,137,1,0,13,151,13,8.61,0.28980273021929065,2.5176597845761063e-08,0.9999997016441722,0.09281123019541083
1024,17,A_raw_ce_noW,11,0.12459964400022727,2.0,0.75,0.9867549668874173,1.0,0.8571428571428571,0.9579152731326644,1.0,0.9999999999999998,137,0,2,12,151,14,9.27,0.27026502100071065,2.708991099352825e-08,0.9999996245590439,0.0807458647418691
1024,17,B_raw_ce_W,11,0.11765798200030986,2.0,0.75,0.9867549668874173,1.0,0.8571428571428571,0.9579152731326644,1.0,0.9999999999999998,137,0,2,12,151,14,9.27,0.2714846744517775,1.4027157544602192e-07,0.9999997229881471,0.082521875948916
1024,17,C_raw_focal_noW,11,0.09283929200000784,2.0,0.75,0.9933774834437086,1.0,0.9285714285714286,0.9796632996632997,1.0,0.9999999999999998,137,0,1,13,151,14,9.27,0.2656028269691357,0.0017332961202562963,0.9970619170330618,0.09290964581338002
1024,17,D_raw_focal_W,11,0.09392141099988294,2.0,0.75,0.9933774834437086,1.0,0.9285714285714286,0.9796632996632997,0.9994786235662149,0.995238095238095,137,0,1,13,151,14,9.27,0.2697259473763185,0.0011464331217770306,0.9980284615491533,0.09466039283399058
1024,17,E_all_ce_noW,12,0.12503128100024696,2.0,0.75,0.9933774834437086,1.0,0.9285714285714286,0.9796632996632997,0.9994786235662149,0.995238095238095,137,0,1,13,151,14,9.27,0.27401376067901756,2.741096292510278e-08,0.9999997686026967,0.0840437347363852
1024,17,F_all_ce_W,12,0.13168095199989693,2.0,0.75,0.9933774834437086,1.0,0.9285714285714286,0.9796632996632997,1.0,0.9999999999999998,137,0,1,13,151,14,9.27,0.2729545261876507,1.4407878812867773e-07,0.9999997995175016,0.08364819564134743
1024,17,G_all_focal_noW,12,0.09989021100000173,2.0,0.75,0.9933774834437086,1.0,0.9285714285714286,0.9796632996632997,1.0,0.9999999999999998,137,0,1,13,151,14,9.27,0.2661178322399919,0.0012501043968467219,0.9972724566050724,0.09115031587815556
1024,17,H_all_focal_W,12,0.0981704460000401,2.0,0.75,0.9933774834437086,1.0,0.9285714285714286,0.9796632996632997,0.9994786235662149,0.995238095238095,137,0,1,13,151,14,9.27,0.26965790825310937,0.001105786695837345,0.9976697390682351,0.09246738303170073
1024,17,LEGACY_A,11,0.12933278399987103,2.0,0.75,0.9933774834437086,1.0,0.9285714285714286,0.9796632996632997,0.9994786235662149,0.9952380952380953,137,0,1,13,151,14,9.27,0.2761364733127612,2.3097304685759485e-08,0.9999997006013545,0.08480415254578572
1024,18,A_raw_ce_noW,11,0.10174856899993756,2.0,0.75,0.9933774834437086,1.0,0.9285714285714286,0.9796632996632997,0.9927007299270073,0.9642857142857142,137,0,1,13,151,14,9.27,0.2788106298060596,3.42240465141106e-08,0.9999996563466487,0.08868225436819477
1024,18,B_raw_ce_W,11,0.10821117399973446,2.0,0.75,0.9867549668874173,0.9285714285714286,0.9285714285714286,0.9606360792492179,0.9906152241918665,0.9557274522712309,136,1,1,13,151,14,9.27,0.28660797676253563,1.2617326519316614e-07,0.9999998346099441,0.09348658544716261
1024,18,C_raw_focal_noW,11,0.08902841400004036,2.0,0.75,0.9867549668874173,1.0,0.8571428571428571,0.9579152731326644,0.9848800834202294,0.9518272425249168,137,0,2,12,151,14,9.27,0.26658886661030023,0.002344529866123069,0.9971612566213296,0.09830275697958919
1024,18,D_raw_focal_W,11,0.09189369800014902,2.0,0.75,0.9933774834437086,1.0,0.9285714285714286,0.9796632996632997,0.9890510948905109,0.9571428571428571,137,0,1,13,151,14,9.27,0.2724007432732079,0.002376929306991242,0.9969014223924327,0.10162946563818627
1024,18,E_all_ce_noW,12,0.11087886699988303,2.0,0.75,0.9801324503311258,0.8666666666666667,0.9285714285714286,0.94278135657446,0.9906152241918665,0.9598214285714285,135,2,1,13,151,14,9.27,0.29543458547722057,3.1417617090188744e-08,0.9999995525804083,0.09831866505106085
1024,18,F_all_ce_W,12,0.12181758499991702,2.0,0.75,0.9801324503311258,0.8666666666666667,0.9285714285714286,0.94278135657446,0.9916579770594369,0.9619047619047618,135,2,1,13,151,14,9.27,0.29748590351625787,1.38508151046115e-07,0.9999998117477445,0.10015814176396733
1024,18,G_all_focal_noW,12,0.09561330699989412,2.0,0.75,0.9801324503311258,0.8666666666666667,0.9285714285714286,0.94278135657446,0.9911366006256517,0.9608294930875576,135,2,1,13,151,14,9.27,0.2758910376249923,0.003243126695732521,0.9959730677354867,0.10650512690861895
1024,18,H_all_focal_W,12,0.09968060899973352,2.0,0.75,0.9801324503311258,0.8666666666666667,0.9285714285714286,0.94278135657446,0.9874869655891554,0.9548872180451127,135,2,1,13,151,14,9.27,0.2822508463000903,0.0026834185870348924,0.9966765004915736,0.10747435003261399
1024,18,LEGACY_A,11,0.10614469199981613,2.0,0.75,0.9867549668874173,0.9285714285714286,0.9285714285714286,0.9606360792492179,0.9911366006256517,0.9608294930875574,136,1,1,13,151,14,9.27,0.286741964611753,3.227384494392792e-08,0.9999996836048264,0.09256298150496392
1024,19,A_raw_ce_noW,11,0.1855494850001378,2.0,0.75,0.9867549668874173,1.0,0.8571428571428571,0.9579152731326644,0.9953076120959332,0.9689239332096473,137,0,2,12,151,14,9.27,0.262080194349544,2.7202026128312977e-08,0.9999994831105419,0.07952835580501016
1024,19,B_raw_ce_W,11,0.20897154099975523,2.0,0.75,0.9801324503311258,0.8666666666666667,0.9285714285714286,0.94278135657446,0.996871741397289,0.9785714285714284,135,2,1,13,151,14,9.27,0.279192493935184,1.348680898131444e-07,0.9999998305781695,0.0923257577838457
1024,19,C_raw_focal_noW,11,0.1486674339998899,2.0,0.75,0.9735099337748344,0.9166666666666666,0.7857142857142857,0.9158305462653289,0.9953076120959332,0.9655939298796441,136,1,3,11,151,14,9.27,0.2529267039607677,0.0011553286664939182,0.9970396650567186,0.09340105900731409
1024,19,D_raw_focal_W,11,0.16715659700003016,2.0,0.75,0.9933774834437086,1.0,0.9285714285714286,0.9796632996632997,0.996871741397289,0.9785714285714284,137,0,1,13,151,14,9.27,0.26710154631630634,0.0012085614851305296,0.9974057669765907,0.09944168693136876
1024,19,E_all_ce_noW,12,0.19998944600001778,2.0,0.75,0.9801324503311258,0.9230769230769231,0.8571428571428571,0.938989898989899,0.989572471324296,0.9492248822605964,136,1,2,12,151,14,9.27,0.2706119031228669,2.886575940893927e-08,0.999999602144358,0.08680837344616574
1024,19,F_all_ce_W,12,0.20450450799989994,2.0,0.75,0.9867549668874173,0.9285714285714286,0.9285714285714286,0.9606360792492179,0.9833159541188738,0.9407021549878691,136,1,1,13,151,14,9.27,0.28474589229126546,8.945558371638361e-08,0.9999998173902529,0.09512194220797326
1024,19,G_all_focal_noW,12,0.14716163499997492,2.0,0.75,0.9867549668874173,0.9285714285714286,0.9285714285714286,0.9606360792492179,0.989051094890511,0.9482779125636267,136,1,1,13,151,14,9.27,0.2604523164506779,0.0012453649348649009,0.9966788468972458,0.09799312308884423
1024,19,H_all_focal_W,12,0.16022265499987043,2.0,0.75,0.9735099337748344,0.8125,0.9285714285714286,0.9259803921568628,0.9911366006256518,0.9608294930875574,134,3,1,13,151,14,9.27,0.2756640887264,0.0010922152508085104,0.9971102495382433,0.10605001943793757
1024,19,LEGACY_A,11,0.19225697499996386,2.0,0.75,0.9867549668874173,0.9285714285714286,0.9285714285714286,0.9606360792492179,0.9958289885297185,0.9740259740259738,136,1,1,13,151,14,9.27,0.2822567033769783,2.7741347942521772e-08,0.9999997139490665,0.09315695630427429
1024,20,A_raw_ce_noW,11,0.16826343399998223,2.0,0.75,0.9867549668874173,1.0,0.8571428571428571,0.9579152731326644,0.9843587069864442,0.9467252017085903,137,0,2,12,151,14,9.27,0.26986691450297073,2.742467425995697e-08,0.9999993730369819,0.07942786166838493
1024,20,B_raw_ce_W,11,0.1778295330000219,2.0,0.75,0.9867549668874173,1.0,0.8571428571428571,0.9579152731326644,0.9822732012513034,0.9447459834997827,137,0,2,12,151,14,9.27,0.27023575018702073,1.3157680153192878e-07,0.9999996901071934,0.07969818802571317
1024,20,C_raw_focal_noW,11,0.14496882799994637,2.0,0.75,0.9867549668874173,1.0,0.8571428571428571,0.9579152731326644,0.9885297184567258,0.9520408163265306,137,0,2,12,151,14,9.27,0.26387104540078127,0.0012761757633622966,0.996961683313769,0.08899789238347272
1024,20,D_raw_focal_W,11,0.1479303770001934,2.0,0.75,0.9867549668874173,1.0,0.8571428571428571,0.9579152731326644,0.9869655891553701,0.9497851772287862,137,0,2,12,151,14,9.27,0.26519029787023723,0.0010743931470567165,0.9971529460419226,0.08853674237093685
1024,20,E_all_ce_noW,12,0.19481127700009893,2.0,0.75,0.9867549668874173,1.0,0.8571428571428571,0.9579152731326644,0.9880083420229405,0.9512471655328796,137,0,2,12,151,14,9.27,0.2621275842931311,2.7633258098275568e-08,0.9999995228873833,0.07647370979046486
1024,20,F_all_ce_W,12,0.19831264399999782,2.0,0.75,0.9867549668874173,1.0,0.8571428571428571,0.9579152731326644,0.9869655891553701,0.9497851772287862,137,0,2,12,151,14,9.27,0.270055133370979,1.2236969775622013e-07,0.999999744249335,0.07986248444390966
1024,20,G_all_focal_noW,12,0.15387100899988582,2.0,0.75,0.9867549668874173,1.0,0.8571428571428571,0.9579152731326644,0.9911366006256518,0.9568027210884353,137,0,2,12,151,14,9.27,0.2640007473878581,0.0010956572265904672,0.9964394245132627,0.08740633463444415
1024,20,H_all_focal_W,12,0.14842586599979768,2.0,0.75,0.9867549668874173,1.0,0.8571428571428571,0.9579152731326644,0.9968717413972888,0.9761009667024703,137,0,2,12,151,14,9.27,0.26408496181802715,0.000942784283473983,0.9977229002868527,0.08812127424186685
1024,20,LEGACY_A,11,0.17597215000023425,2.0,0.75,0.9867549668874173,1.0,0.8571428571428571,0.9579152731326644,0.9869655891553701,0.9542124542124542,137,0,2,12,151,14,9.27,0.2692929780247831,2.4294472969777376e-08,0.9999996870478738,0.07919690477233755
1024,21,A_raw_ce_noW,11,0.1855782980001095,2.0,0.75,0.9933774834437086,0.9285714285714286,1.0,0.9796632996632997,1.0,1.0,137,1,0,13,151,13,8.61,0.28977419794308307,2.847501667835074e-08,0.9999993716108956,0.09287310325164946
1024,21,B_raw_ce_W,11,0.19016555600001084,2.0,0.75,0.9933774834437086,0.9285714285714286,1.0,0.9796632996632997,1.0,0.9999999999999998,137,1,0,13,151,13,8.61,0.2898290732275999,1.2981227143232477e-07,0.9999996089502216,0.09379289516243232
1024,21,C_raw_focal_noW,11,0.14197075299989592,2.0,0.75,0.9933774834437086,0.9285714285714286,1.0,0.9796632996632997,1.0,0.9999999999999998,137,1,0,13,151,13,8.61,0.2785004878178279,0.0018230043791169184,0.996891009833594,0.10369092006773581
1024,21,D_raw_focal_W,11,0.16544358199962517,2.0,0.75,0.9933774834437086,0.9285714285714286,1.0,0.9796632996632997,1.0,0.9999999999999998,137,1,0,13,151,13,8.61,0.28210315983870793,0.001243201432683254,0.9975864344264573,0.10512981229292719
1024,21,E_all_ce_noW,12,0.21119118300021,2.0,0.75,0.9933774834437086,0.9285714285714286,1.0,0.9796632996632997,1.0,0.9999999999999998,137,1,0,13,151,13,8.61,0.2896688094317267,2.807397529543728e-08,0.9999994416206592,0.09348990061927115
1024,21,F_all_ce_W,12,0.2248324249999314,2.0,0.75,0.9933774834437086,0.9285714285714286,1.0,0.9796632996632997,1.0,0.9999999999999999,137,1,0,13,151,13,8.61,0.28988115464259706,1.4780449538713166e-07,0.9999997140264406,0.09432685625111854
1024,21,G_all_focal_noW,12,0.09918909399993936,2.0,0.75,0.9933774834437086,0.9285714285714286,1.0,0.9796632996632997,1.0,0.9999999999999998,137,1,0,13,151,13,8.61,0.2780182152878216,0.0021674611524593987,0.9967946440108746,0.10446783909071503
1024,21,H_all_focal_W,12,0.09988858699989578,2.0,0.75,0.9933774834437086,0.9285714285714286,1.0,0.9796632996632997,1.0,1.0,137,1,0,13,151,13,8.61,0.281898038752644,0.002144540952483387,0.9967751022801216,0.10613755368116404
1024,21,LEGACY_A,11,0.11418685599983291,2.0,0.75,0.9933774834437086,0.9285714285714286,1.0,0.9796632996632997,1.0,0.9999999999999998,137,1,0,13,151,13,8.61,0.2898002609858472,2.6400339715656847e-08,0.9999996100291664,0.09310175340383091
1024,22,A_raw_ce_noW,11,0.11083957699975144,2.0,0.75,0.9867549668874173,1.0,0.8571428571428571,0.9579152731326644,0.9994786235662149,0.995238095238095,137,0,2,12,151,14,9.27,0.27022408770459516,2.7420954852255633e-08,0.999998995944561,0.08091534010487303
1024,22,B_raw_ce_W,11,0.11482662599973992,2.0,0.75,0.9867549668874173,1.0,0.8571428571428571,0.9579152731326644,0.9989572471324296,0.9901360544217686,137,0,2,12,151,14,9.27,0.272258715082604,1.235348148565187e-07,0.9999994678925819,0.08316507829264813
1024,22,C_raw_focal_noW,11,0.09487903099989126,2.0,0.75,0.9867549668874173,1.0,0.8571428571428571,0.9579152731326644,0.9989572471324296,0.9910714285714284,137,0,2,12,151,14,9.27,0.2631993562988475,0.0016529386520865359,0.996684969117604,0.09316444332709367
1024,22,D_raw_focal_W,11,0.0932956589999776,2.0,0.75,0.9867549668874173,1.0,0.8571428571428571,0.9579152731326644,0.9984358706986445,0.9873949579831931,137,0,2,12,151,14,9.27,0.26656584055898247,0.0008630466236272362,0.9977802816464566,0.09253864101958359
1024,22,E_all_ce_noW,12,0.1382670389998566,2.0,0.75,0.9867549668874173,1.0,0.8571428571428571,0.9579152731326644,0.9900938477580814,0.9588744588744588,137,0,2,12,151,14,9.27,0.2703226147762391,2.7432675839021108e-08,0.9999995836460583,0.08042669123687177
1024,22,F_all_ce_W,12,0.13054137900007845,2.0,0.75,0.9867549668874173,1.0,0.8571428571428571,0.9579152731326644,0.9911366006256518,0.9608294930875574,137,0,2,12,151,14,9.27,0.2723939887853166,1.1297665645034291e-07,0.9999997477244414,0.08444963837891663
1024,22,G_all_focal_noW,12,0.09693803300024229,2.0,0.75,0.9867549668874173,1.0,0.8571428571428571,0.9579152731326644,0.9916579770594369,0.9579521463757916,137,0,2,12,151,14,9.27,0.2657727723847471,0.0014532327549311602,0.9970290780962684,0.093203773950388
1024,22,H_all_focal_W,12,0.09888354199983951,2.0,0.75,0.9933774834437086,1.0,0.9285714285714286,0.9796632996632997,0.9890510948905109,0.9571428571428571,137,0,1,13,151,14,9.27,0.2695743018426856,0.0009137684279735758,0.9974680285224096,0.0938031169931253
1024,22,LEGACY_A,11,0.11431976099993335,2.0,0.75,0.9867549668874173,1.0,0.8571428571428571,0.9579152731326644,0.9984358706986445,0.9873949579831931,137,0,2,12,151,14,9.27,0.2704235166777712,2.623954905924843e-08,0.9999995342629047,0.08089302047951699
1024,23,A_raw_ce_noW,11,0.11049073599997428,2.0,0.75,0.9933774834437086,1.0,0.9285714285714286,0.9796632996632997,0.9973931178310741,0.9812030075187969,137,0,1,13,151,14,9.27,0.28312066169360117,2.711445273658019e-08,0.9999993690406104,0.09309225525519134
1024,23,B_raw_ce_W,11,0.11469408399989334,2.0,0.75,0.9801324503311258,0.8666666666666667,0.9285714285714286,0.94278135657446,0.9973931178310741,0.9812030075187969,135,2,1,13,151,14,9.27,0.28833436025903625,1.3351896279562992e-07,0.9999997096859033,0.09754796980980236
1024,23,C_raw_focal_noW,11,0.09190100599971629,2.0,0.75,0.9801324503311258,0.8666666666666667,0.9285714285714286,0.94278135657446,0.996871741397289,0.9785714285714284,135,2,1,13,151,14,9.27,0.28325057843007906,0.001164574180366053,0.9973112488106283,0.10921743017267972
1024,23,D_raw_focal_W,11,0.10429008699975384,2.0,0.75,0.9801324503311258,0.8666666666666667,0.9285714285714286,0.94278135657446,0.996871741397289,0.9785714285714284,135,2,1,13,151,14,9.27,0.28622549661299795,0.0008926403978516424,0.9980143869739427,0.11159050987143262
1024,23,E_all_ce_noW,12,0.11867006300008143,2.0,0.75,0.9801324503311258,0.8666666666666667,0.9285714285714286,0.94278135657446,0.9989572471324296,0.9910714285714284,135,2,1,13,151,14,9.27,0.2910527224842488,2.7586031250780277e-08,0.9999994920119739,0.09726576134314673
1024,23,F_all_ce_W,12,0.13054257400017377,2.0,0.75,0.9801324503311258,0.8666666666666667,0.9285714285714286,0.94278135657446,0.9979144942648592,0.984126984126984,135,2,1,13,151,14,9.27,0.29639674794135923,1.3610484503630225e-07,0.9999997390795082,0.10304246614748434
1024,23,G_all_focal_noW,12,0.09482029200034958,2.0,0.75,0.9801324503311258,0.8666666666666667,0.9285714285714286,0.94278135657446,0.9984358706986445,0.9873949579831931,135,2,1,13,151,14,9.27,0.283890799078394,0.0011357607326675883,0.9970296817662363,0.11029415698106973
1024,23,H_all_focal_W,12,0.09811047000039252,2.0,0.75,0.9801324503311258,0.8666666666666667,0.9285714285714286,0.94278135657446,0.9989572471324296,0.9910714285714284,135,2,1,13,151,14,9.27,0.28776509895546193,0.0007930133903319093,0.9979379892340423,0.11108479052081995
1024,23,LEGACY_A,11,0.11033884900007251,2.0,0.75,0.9867549668874173,0.9285714285714286,0.9285714285714286,0.9606360792492179,0.9979144942648592,0.984126984126984,136,1,1,13,151,14,9.27,0.28746409734343054,2.559555465836665e-08,0.9999996406809982,0.09442688795734842
1024,24,A_raw_ce_noW,11,0.10311214700004712,2.0,0.75,0.9933774834437086,1.0,0.9285714285714286,0.9796632996632997,0.9973931178310741,0.9812030075187967,137,0,1,13,151,14,9.27,0.2704197622482884,2.6386315152961855e-08,0.9999994889900483,0.08228189337398852
1024,24,B_raw_ce_W,11,0.13188206199993147,2.0,0.75,0.9933774834437086,1.0,0.9285714285714286,0.9796632996632997,0.9963503649635036,0.976190476190476,137,0,1,13,151,14,9.27,0.27837838685098193,1.2238930440822826e-07,0.9999996983565238,0.08544656295806224
1024,24,C_raw_focal_noW,11,0.09044604200016693,2.0,0.75,0.9933774834437086,1.0,0.9285714285714286,0.9796632996632997,0.9927007299270073,0.9642857142857142,137,0,1,13,151,14,9.27,0.2680694816572941,0.0016364985526925399,0.9980051329639771,0.08985431478773392
1024,24,D_raw_focal_W,11,0.09366321300012714,2.0,0.75,0.9933774834437086,1.0,0.9285714285714286,0.9796632996632997,0.9900938477580814,0.9588744588744587,137,0,1,13,151,14,9.27,0.2698238209559674,0.00145684148763824,0.9978764413654114,0.09047016711845872
1024,24,E_all_ce_noW,12,0.11830602500003806,2.0,0.75,0.9867549668874173,1.0,0.8571428571428571,0.9579152731326644,0.9979144942648592,0.984126984126984,137,0,2,12,151,14,9.27,0.27029349940964764,3.6715698643700854e-08,0.9999995861094976,0.0819171398761927
1024,24,F_all_ce_W,12,0.12677821799979938,2.0,0.75,0.9933774834437086,1.0,0.9285714285714286,0.9796632996632997,0.9958289885297185,0.9740259740259738,137,0,1,13,151,14,9.27,0.27540347452241287,1.4118076984220717e-07,0.9999997261291929,0.08439421299513912
1024,24,G_all_focal_noW,12,0.09877441799972075,2.0,0.75,0.9933774834437086,1.0,0.9285714285714286,0.9796632996632997,0.9932221063607924,0.9656084656084656,137,0,1,13,151,14,9.27,0.26445425875079726,0.0015216940620898054,0.9978115376215928,0.08814940661976133
1024,24,H_all_focal_W,12,0.09538360599981388,2.0,0.75,0.9933774834437086,1.0,0.9285714285714286,0.9796632996632997,0.9927007299270073,0.9642857142857142,137,0,1,13,151,14,9.27,0.26886429749609564,0.0011304712211883225,0.9979947379748758,0.08957638594043667
1024,24,LEGACY_A,11,0.11081924600011916,2.0,0.75,0.9933774834437086,1.0,0.9285714285714286,0.9796632996632997,0.9937434827945777,0.9670329670329669,137,0,1,13,151,14,9.27,0.2720661376740566,2.9296632391455154e-08,0.9999995744852511,0.08277865751557736
1024,25,A_raw_ce_noW,11,0.1170787860000928,2.0,0.75,0.9801324503311258,1.0,0.7857142857142857,0.9345848375451263,0.9953076120959332,0.9689239332096473,137,0,3,11,151,14,9.27,0.2527054744090978,2.8206833314053905e-08,0.9999996509160403,0.0715489380990877
1024,25,B_raw_ce_W,11,0.10754864599994107,2.0,0.75,0.9867549668874173,1.0,0.8571428571428571,0.9579152731326644,0.9963503649635037,0.973469387755102,137,0,2,12,151,14,9.27,0.25942556644364306,1.4395303262106116e-07,0.9999998273271252,0.07594837698177506
1024,25,C_raw_focal_noW,11,0.09404435199985528,2.0,0.75,0.9801324503311258,1.0,0.7857142857142857,0.9345848375451263,0.9963503649635037,0.973469387755102,137,0,3,11,151,14,9.27,0.2468836017599721,0.002288566014578454,0.9962808438053317,0.08224404727043479
1024,25,D_raw_focal_W,11,0.09057933699978094,2.0,0.75,0.9801324503311258,1.0,0.7857142857142857,0.9345848375451263,0.9989572471324296,0.9910714285714284,137,0,3,11,151,14,9.27,0.25295068181993496,0.001926396453872323,0.9970145919537957,0.08400237609151583
1024,25,E_all_ce_noW,12,0.11313945699976102,2.0,0.75,0.9801324503311258,1.0,0.7857142857142857,0.9345848375451263,0.9958289885297185,0.9740259740259738,137,0,3,11,151,14,9.27,0.2556851070529974,3.5111100532514124e-08,0.9999995208676895,0.07283635016697115
1024,25,F_all_ce_W,12,0.11920296700009203,2.0,0.75,0.9867549668874173,1.0,0.8571428571428571,0.9579152731326644,0.9953076120959332,0.9720496894409936,137,0,2,12,151,14,9.27,0.2593629431521925,1.5324046088990808e-07,0.9999997329992247,0.0759009812411584
1024,25,G_all_focal_noW,12,0.09324502399977064,2.0,0.75,0.9801324503311258,1.0,0.7857142857142857,0.9345848375451263,0.9973931178310741,0.9812030075187967,137,0,3,11,151,14,9.27,0.24615917692232192,0.0017620516692205609,0.9956347682067305,0.08087916509974481
1024,25,H_all_focal_W,12,0.09905201899982785,2.0,0.75,0.9801324503311258,1.0,0.7857142857142857,0.9345848375451263,0.9979144942648592,0.9822929171668666,137,0,3,11,151,14,9.27,0.2534793333563361,0.0016321016017680808,0.9970113059220338,0.08326028887897627
1024,25,LEGACY_A,11,0.12196808399994552,2.0,0.75,0.9801324503311258,1.0,0.7857142857142857,0.9345848375451263,0.9963503649635037,0.973469387755102,137,0,3,11,151,14,9.27,0.25545189370040744,2.7198184908017317e-08,0.9999997245382352,0.07388301742757594
2048,1,A_raw_ce_noW,11,0.10706328400010534,2.0,0.75,0.9933774834437086,1.0,0.9230769230769231,0.9781949458483754,0.9988851727982163,0.9897435897435896,138,0,1,12,151,13,8.61,0.26973615356430763,2.777439810280342e-08,0.9999995903925013,0.08182035594465376
2048,1,B_raw_ce_W,11,0.11851590100013709,2.0,0.75,0.9867549668874173,0.9230769230769231,0.9230769230769231,0.9579152731326644,0.9988851727982163,0.9897435897435896,137,1,1,12,151,13,8.61,0.27700172722124333,1.139564776092392e-07,0.9999997965054713,0.08549075657888258
2048,1,C_raw_focal_noW,11,0.09322620300008566,2.0,0.75,0.9867549668874173,0.9230769230769231,0.9230769230769231,0.9579152731326644,0.9983277591973243,0.9838264299802759,137,1,1,12,151,13,8.61,0.26337806743175146,0.0019498496984001056,0.9963884500212282,0.09337845467298223
2048,1,D_raw_focal_W,11,0.09630642000001899,2.0,0.75,0.9867549668874173,0.9230769230769231,0.9230769230769231,0.9579152731326644,0.9988851727982163,0.9897435897435896,137,1,1,12,151,13,8.61,0.269961669515241,0.0010298199333370868,0.9970511035688958,0.09647156290620477
2048,1,E_all_ce_noW,12,0.12386386699972718,2.0,0.75,0.9933774834437086,1.0,0.9230769230769231,0.9781949458483754,0.9888517279821628,0.9533799533799532,138,0,1,12,151,13,8.61,0.2687341450482461,2.8049769139258072e-08,0.9999997106794649,0.0798652918947214
2048,1,F_all_ce_W,12,0.12612269500004913,2.0,0.75,0.9933774834437086,1.0,0.9230769230769231,0.9781949458483754,0.9927536231884059,0.9615384615384612,138,0,1,12,151,13,8.61,0.2699628272613728,1.2322906024982308e-07,0.9999998408888218,0.08196189416978052
2048,1,G_all_focal_noW,12,0.09730551500024376,2.0,0.75,0.9933774834437086,1.0,0.9230769230769231,0.9781949458483754,0.9927536231884058,0.9615384615384612,138,0,1,12,151,13,8.61,0.2626217237422543,0.001721446837090866,0.9964775488250239,0.09144680201334879
2048,1,H_all_focal_W,12,0.11523604700005308,2.0,0.75,0.9867549668874173,0.9230769230769231,0.9230769230769231,0.9579152731326644,0.9888517279821628,0.9533799533799532,137,1,1,12,151,13,8.61,0.2674172462600267,0.0013392054129246146,0.9966889207854486,0.09484117500325229
2048,1,LEGACY_A,11,0.11331330399980288,2.0,0.75,0.9867549668874173,0.9230769230769231,0.9230769230769231,0.9579152731326644,0.9977703455964325,0.9819004524886874,137,1,1,12,151,13,8.61,0.27675319228263007,3.1346995870646463e-08,0.99999966617149,0.08686588073345727
2048,2,A_raw_ce_noW,11,0.10822832099984225,2.0,0.75,0.9867549668874173,0.9285714285714286,0.9285714285714286,0.9606360792492179,0.9963503649635036,0.976190476190476,136,1,1,13,151,14,9.27,0.27965359036185805,2.8027930592810545e-08,0.9999992397480859,0.08870710937739636
2048,2,B_raw_ce_W,11,0.1229662260002442,2.0,0.75,0.9933774834437086,1.0,0.9285714285714286,0.9796632996632997,0.9953076120959333,0.9720496894409937,137,0,1,13,151,14,9.27,0.28157243629601886,9.067513774699651e-08,0.9999996715142716,0.08938260241028938
2048,2,C_raw_focal_noW,11,0.09377587000017229,2.0,0.75,0.9933774834437086,1.0,0.9285714285714286,0.9796632996632997,0.9963503649635036,0.976190476190476,137,0,1,13,151,14,9.27,0.26832934101471023,0.001342382010972092,0.9971563908676591,0.09774866138518008
2048,2,D_raw_focal_W,11,0.09386791299994002,2.0,0.75,0.9867549668874173,0.9285714285714286,0.9285714285714286,0.9606360792492179,0.996871741397289,0.9785714285714284,136,1,1,13,151,14,9.27,0.2773517227363976,0.001060990109424476,0.9975605034508814,0.10234472619504316
2048,2,E_all_ce_noW,12,0.12513292699986778,2.0,0.75,0.9933774834437086,1.0,0.9285714285714286,0.9796632996632997,0.9963503649635036,0.976190476190476,137,0,1,13,151,14,9.27,0.27374750740210596,2.8499245097826642e-08,0.9999994842026567,0.08524325672118244
2048,2,F_all_ce_W,12,0.14786380900022777,2.0,0.75,0.9933774834437086,1.0,0.9285714285714286,0.9796632996632997,0.9973931178310741,0.9812030075187967,137,0,1,13,151,14,9.27,0.2795618383779732,1.0196318850026867e-07,0.9999995902030813,0.08701051914323112
2048,2,G_all_focal_noW,12,0.09473997199984296,2.0,0.75,0.9867549668874173,0.9285714285714286,0.9285714285714286,0.9606360792492179,0.9989572471324296,0.9910714285714284,136,1,1,13,151,14,9.27,0.26811238530533427,0.0014980131266174707,0.9964914192013871,0.0945259632375564
2048,2,H_all_focal_W,12,0.10179807399981655,2.0,0.75,0.9933774834437086,1.0,0.9285714285714286,0.9796632996632997,0.9989572471324296,0.9910714285714284,137,0,1,13,151,14,9.27,0.2738773227027675,0.0010009841396693233,0.9976607667779184,0.09667051501047609
2048,2,LEGACY_A,11,0.11615107199986596,2.0,0.75,0.9867549668874173,0.9285714285714286,0.9285714285714286,0.9606360792492179,0.9963503649635037,0.976190476190476,136,1,1,13,151,14,9.27,0.2838223458110179,2.73463645078135e-08,0.9999994387326591,0.0904874858381289
2048,3,A_raw_ce_noW,11,0.10881354200000715,2.0,0.75,0.9867549668874173,1.0,0.8571428571428571,0.9579152731326644,0.9968717413972888,0.9740021008403359,137,0,2,12,151,14,9.27,0.2640829056673814,2.7790612909563215e-08,0.9999994020648437,0.07771519795417411
2048,3,B_raw_ce_W,11,0.11940721800010579,2.0,0.75,0.9867549668874173,1.0,0.8571428571428571,0.9579152731326644,0.9958289885297185,0.9673202614379084,137,0,2,12,151,14,9.27,0.26879326761883543,1.3442488374600358e-07,0.999999622351493,0.08039546913911919
2048,3,C_raw_focal_noW,11,0.09348570599968298,2.0,0.75,0.9867549668874173,1.0,0.8571428571428571,0.9579152731326644,0.9921793534932221,0.9517647058823528,137,0,2,12,151,14,9.27,0.24777663509224182,0.0014425069284619196,0.9975876554118256,0.08610968000164855
2048,3,D_raw_focal_W,11,0.09334600200008936,2.0,0.75,0.9867549668874173,1.0,0.8571428571428571,0.9579152731326644,0.9958289885297185,0.9678101503759398,137,0,2,12,151,14,9.27,0.25734416879372674,0.0012881814009340624,0.9975566643668776,0.08901505352566064
2048,3,E_all_ce_noW,12,0.14869470399980855,2.0,0.75,0.9867549668874173,1.0,0.8571428571428571,0.9579152731326644,0.9968717413972888,0.9740021008403359,137,0,2,12,151,14,9.27,0.25982513371373095,2.8971497310357817e-08,0.9999993450542908,0.07577333412787281
2048,3,F_all_ce_W,12,0.134137353999904,2.0,0.75,0.9867549668874173,1.0,0.8571428571428571,0.9579152731326644,0.9958289885297185,0.9673202614379084,137,0,2,12,151,14,9.27,0.2677783404736311,1.389353696886697e-07,0.9999996585458704,0.07904103117380522
2048,3,G_all_focal_noW,12,0.10428693900030339,2.0,0.75,0.9867549668874173,1.0,0.8571428571428571,0.9579152731326644,0.9953076120959333,0.9643962848297212,137,0,2,12,151,14,9.27,0.24836962901694742,0.0014702736372333505,0.9971465748352473,0.08550472827713808
2048,3,H_all_focal_W,12,0.09665783100035696,2.0,0.75,0.9867549668874173,1.0,0.8571428571428571,0.9579152731326644,0.9958289885297185,0.9678101503759398,137,0,2,12,151,14,9.27,0.25767761063596434,0.0011448616318603959,0.9978276928031896,0.08796455465223463
2048,3,LEGACY_A,11,0.11400454399972659,2.0,0.75,0.9867549668874173,1.0,0.8571428571428571,0.9579152731326644,0.9968717413972888,0.9740021008403359,137,0,2,12,151,14,9.27,0.26730326171481683,2.7096231242297094e-08,0.9999995836383507,0.07867997409592942
2048,4,A_raw_ce_noW,11,0.09088547000010294,2.0,0.75,0.9735099337748344,0.9166666666666666,0.7857142857142857,0.9158305462653289,0.9869655891553701,0.936172161172161,136,1,3,11,151,14,9.27,0.26595241939529424,8.343589491144195e-08,0.9999990777396887,0.07835529550902381
2048,4,B_raw_ce_W,11,0.09818877599991538,2.0,0.75,0.9668874172185431,0.9090909090909091,0.7142857142857143,0.8909747292418773,0.9874869655891554,0.940593929879644,136,1,4,10,151,14,9.27,0.26170304096181796,1.9278597629664437e-07,0.9999997792446901,0.07737062388208907
2048,4,C_raw_focal_noW,11,0.10525123800016445,2.0,0.75,0.9735099337748344,0.9166666666666666,0.7857142857142857,0.9158305462653289,0.9827945776850886,0.920209176788124,136,1,3,11,151,14,9.27,0.2572788480439864,0.005078313430024708,0.9947678105247677,0.08757113002182154
2048,4,D_raw_focal_W,11,0.0880233800003225,2.0,0.75,0.9735099337748344,0.9166666666666666,0.7857142857142857,0.9158305462653289,0.9791449426485923,0.9211511527687997,136,1,3,11,151,14,9.27,0.2597779759606574,0.004273969041286497,0.9952316279207678,0.08932197361945783
2048,4,E_all_ce_noW,12,0.09923248400036755,2.0,0.75,0.9735099337748344,0.9166666666666666,0.7857142857142857,0.9158305462653289,0.9874869655891554,0.934034715284715,136,1,3,11,151,14,9.27,0.26962429909337415,7.845734295979084e-08,0.999998509083843,0.08081813865422423
2048,4,F_all_ce_W,12,0.10775250500000766,2.0,0.75,0.9801324503311258,0.9230769230769231,0.8571428571428571,0.938989898989899,0.9885297184567258,0.9359897494978138,136,1,2,12,151,14,9.27,0.27307088003091534,1.9398621931485075e-07,0.9999997260207549,0.08357243716732796
2048,4,G_all_focal_noW,12,0.08883844400043017,2.0,0.75,0.9735099337748344,0.9166666666666666,0.7857142857142857,0.9158305462653289,0.97288842544317,0.9056185043027147,136,1,3,11,151,14,9.27,0.25679754157551793,0.005400817975925992,0.9931981424686155,0.08895973233049477
2048,4,H_all_focal_W,12,0.08598500200014314,2.0,0.75,0.9735099337748344,0.9166666666666666,0.7857142857142857,0.9158305462653289,0.9817518248175182,0.915554683411826,136,1,3,11,151,14,9.27,0.25911991231380505,0.00479557449056687,0.9947394615222309,0.09039898698533258
2048,4,LEGACY_A,11,0.1515742589999718,2.0,0.75,0.9735099337748344,0.9166666666666666,0.7857142857142857,0.9158305462653289,0.9885297184567258,0.9317660309039617,136,1,3,11,151,14,9.27,0.2703989515774666,1.8292761263397375e-07,0.9999993755722654,0.07963412464140152
2048,5,A_raw_ce_noW,11,0.1838652709998314,2.0,0.75,1.0,1.0,1.0,1.0,1.0,0.9999999999999998,137,0,0,14,151,14,9.27,0.2841848804281255,2.724164427520672e-08,0.9999995183241179,0.09157247115155456
2048,5,B_raw_ce_W,11,0.19745006299990564,2.0,0.75,1.0,1.0,1.0,1.0,1.0,1.0,137,0,0,14,151,14,9.27,0.2895774147301839,1.3333617756208374e-07,0.9999997481814128,0.09492426412212386
2048,5,C_raw_focal_noW,11,0.15326428900016253,2.0,0.75,1.0,1.0,1.0,1.0,1.0,0.9999999999999998,137,0,0,14,151,14,9.27,0.28031173964157824,0.0012311428990662422,0.9973394842975092,0.10073331147189206
2048,5,D_raw_focal_W,11,0.15134396799976457,2.0,0.75,0.9933774834437086,0.9333333333333333,1.0,0.9809271188581534,1.0,0.9999999999999998,136,1,0,14,151,14,9.27,0.2841226120912953,0.000924362799523874,0.9981653566212035,0.1019523317124823
2048,5,E_all_ce_noW,12,0.19913155599988386,2.0,0.75,0.9933774834437086,0.9333333333333333,1.0,0.9809271188581534,0.9994786235662149,0.995238095238095,136,1,0,14,151,14,9.27,0.2932962965775899,2.756213395722295e-08,0.9999996448027939,0.09732132007975747
2048,5,F_all_ce_W,12,0.22111974900008136,2.0,0.75,0.9933774834437086,0.9333333333333333,1.0,0.9809271188581534,1.0,0.9999999999999998,136,1,0,14,151,14,9.27,0.28882244723639766,1.3259545658616434e-07,0.9999997338024931,0.0954790708138887
2048,5,G_all_focal_noW,12,0.15862750699989192,2.0,0.75,0.9933774834437086,0.9333333333333333,1.0,0.9809271188581534,1.0,0.9999999999999998,136,1,0,14,151,14,9.27,0.2867843750259331,0.0011582251773054589,0.9976257268161354,0.10379752243691208
2048,5,H_all_focal_W,12,0.16568957999970735,2.0,0.75,0.9933774834437086,0.9333333333333333,1.0,0.9809271188581534,0.9994786235662149,0.995238095238095,136,1,0,14,151,14,9.27,0.28762024169910855,0.000809706551765148,0.9977600993188205,0.10361063551392831
2048,5,LEGACY_A,11,0.19352185900015684,2.0,0.75,1.0,1.0,1.0,1.0,1.0,0.9999999999999998,137,0,0,14,151,14,9.27,0.29001176009266905,2.6768912957767243e-08,0.9999996257856695,0.0950098566931093
2048,6,A_raw_ce_noW,11,0.17688925699985703,2.0,0.75,0.9933774834437086,0.9285714285714286,1.0,0.9796632996632997,0.9994425863991081,0.9945054945054943,137,1,0,13,151,13,8.61,0.2886138421753603,2.731336489033278e-08,0.9999995243743549,0.09416436131567771
2048,6,B_raw_ce_W,11,0.20212203200026124,2.0,0.75,0.9867549668874173,0.8666666666666667,1.0,0.9606360792492179,0.9994425863991081,0.9945054945054943,136,2,0,13,151,13,8.61,0.29533966102632686,9.836349536752161e-08,0.9999998045769571,0.0983163532015602
2048,6,C_raw_focal_noW,11,0.16034203700019134,2.0,0.75,0.9867549668874173,0.8666666666666667,1.0,0.9606360792492179,0.9994425863991081,0.9945054945054943,136,2,0,13,151,13,8.61,0.27792315088505043,0.001798005348943943,0.9952394800150277,0.10622182247975002
2048,6,D_raw_focal_W,11,0.14668140399999174,2.0,0.75,0.9867549668874173,0.8666666666666667,1.0,0.9606360792492179,0.9994425863991082,0.9945054945054943,136,2,0,13,151,13,8.61,0.28355029212970734,0.0016491861477212026,0.995576316401114,0.10592847012558564
2048,6,E_all_ce_noW,12,0.20630159100028322,2.0,0.75,0.9933774834437086,0.9285714285714286,1.0,0.9796632996632997,0.9988851727982162,0.9885883347421807,137,1,0,13,151,13,8.61,0.28651553689541315,2.985210818786472e-08,0.9999993730319793,0.09261632574775008
2048,6,F_all_ce_W,12,0.2120958690002226,2.0,0.75,0.9867549668874173,0.8666666666666667,1.0,0.9606360792492179,0.9994425863991081,0.9945054945054943,136,2,0,13,151,13,8.61,0.295431051617662,1.2418755287153104e-07,0.9999996899892158,0.09858231085633164
2048,6,G_all_focal_noW,12,0.1621227440000439,2.0,0.75,0.9933774834437086,0.9285714285714286,1.0,0.9796632996632997,0.9994425863991081,0.9945054945054943,137,1,0,13,151,13,8.61,0.2773585020450608,0.0015684950277675821,0.9943722718103832,0.10374419715589485
2048,6,H_all_focal_W,12,0.16925826399983634,2.0,0.75,0.9933774834437086,0.9285714285714286,1.0,0.9796632996632997,0.9994425863991081,0.9945054945054943,137,1,0,13,151,13,8.61,0.2828295918719447,0.0010524277171718732,0.9962596664743287,0.10561592716505279
2048,6,LEGACY_A,11,0.193036303000099,2.0,0.75,0.9933774834437086,0.9285714285714286,1.0,0.9796632996632997,0.9994425863991081,0.9945054945054943,137,1,0,13,151,13,8.61,0.28903842967421306,2.4288844115759768e-08,0.9999995987857608,0.09556135233953247
2048,7,A_raw_ce_noW,11,0.17313122699988526,2.0,0.75,0.9735099337748344,0.9166666666666666,0.7857142857142857,0.9158305462653289,0.9906152241918665,0.9465052599289052,136,1,3,11,151,14,9.27,0.26605342842010976,2.6671592330942547e-08,0.9999995907974373,0.08115801434237727
2048,7,B_raw_ce_W,11,0.20373949599979824,2.0,0.75,0.9801324503311258,0.9230769230769231,0.8571428571428571,0.938989898989899,0.9927007299270073,0.9520225013082155,136,1,2,12,151,14,9.27,0.27586112233831783,1.120606208722607e-07,0.999999803108549,0.08858276496218066
2048,7,C_raw_focal_noW,11,0.17904887800023062,2.0,0.75,0.9801324503311258,0.9230769230769231,0.8571428571428571,0.938989898989899,0.9942648592283628,0.9614531431301616,136,1,2,12,151,14,9.27,0.2558142936312961,0.0014499798967586865,0.995568585705133,0.09397274364789929
2048,7,D_raw_focal_W,11,0.16438299899982667,2.0,0.75,0.9801324503311258,0.9230769230769231,0.8571428571428571,0.938989898989899,0.9927007299270073,0.949267399267399,136,1,2,12,151,14,9.27,0.2645020458798377,0.0011309377764343416,0.997192748258039,0.09787731647874329
2048,7,E_all_ce_noW,12,0.14602777099980813,2.0,0.75,0.9735099337748344,0.9166666666666666,0.7857142857142857,0.9158305462653289,0.9869655891553701,0.9285332722832722,136,1,3,11,151,14,9.27,0.2688690438615659,2.7703845614346705e-08,0.9999995906397855,0.08222202263913637
2048,7,F_all_ce_W,12,0.12793098600013764,2.0,0.75,0.9735099337748344,0.8571428571428571,0.8571428571428571,0.9212721584984358,0.9822732012513035,0.9177655677655676,135,2,2,12,151,14,9.27,0.2777746448332345,1.3234469259236307e-07,0.9999997840649049,0.08852739942731129
2048,7,G_all_focal_noW,12,0.09851108500015471,2.0,0.75,0.9867549668874173,1.0,0.8571428571428571,0.9579152731326644,0.9822732012513035,0.926360544217687,137,0,2,12,151,14,9.27,0.25282368544787664,0.001612734665154729,0.9963918124792192,0.08909656486918355
2048,7,H_all_focal_W,12,0.10256036999999196,2.0,0.75,0.9735099337748344,0.8571428571428571,0.8571428571428571,0.9212721584984358,0.9723670490093849,0.9150260756192958,135,2,2,12,151,14,9.27,0.27002101576644094,0.0010648344692525554,0.9976679520960557,0.09880506000113663
2048,7,LEGACY_A,11,0.11142930300002263,2.0,0.75,0.9801324503311258,0.9230769230769231,0.8571428571428571,0.938989898989899,0.9906152241918665,0.9433150183150181,136,1,2,12,151,14,9.27,0.2724813061484588,2.7287945376241002e-08,0.9999996869191387,0.08443348714850668
2048,8,A_raw_ce_noW,11,0.10899933299970144,2.0,0.75,0.9933774834437086,1.0,0.9285714285714286,0.9796632996632997,0.9973931178310741,0.9812030075187967,137,0,1,13,151,14,9.27,0.28006747206920357,2.7561372789250468e-08,0.9999993995629067,0.08673419426187795
2048,8,B_raw_ce_W,11,0.11883275600030174,2.0,0.75,0.9933774834437086,1.0,0.9285714285714286,0.9796632996632997,0.9984358706986445,0.9873949579831931,137,0,1,13,151,14,9.27,0.28031225798215004,1.3920952884380847e-07,0.9999995460143261,0.0867940029862335
2048,8,C_raw_focal_noW,11,0.09158010599958288,2.0,0.75,0.9867549668874173,0.9285714285714286,0.9285714285714286,0.9606360792492179,0.9994786235662149,0.9952380952380951,136,1,1,13,151,14,9.27,0.2710176363846435,0.002178801553366791,0.9972336409320658,0.09935973798062117
2048,8,D_raw_focal_W,11,0.09333412499972837,2.0,0.75,0.9933774834437086,1.0,0.9285714285714286,0.9796632996632997,0.9994786235662149,0.995238095238095,137,0,1,13,151,14,9.27,0.27324163868197704,0.0014087269380881522,0.9978203363909889,0.09771176385529597
2048,8,E_all_ce_noW,12,0.11836288699987563,2.0,0.75,0.9933774834437086,1.0,0.9285714285714286,0.9796632996632997,0.9973931178310741,0.9812030075187967,137,0,1,13,151,14,9.27,0.2796342185480173,3.0542873986279844e-08,0.9999989388056666,0.08691532812387512
2048,8,F_all_ce_W,12,0.12829921599995942,2.0,0.75,0.9933774834437086,1.0,0.9285714285714286,0.9796632996632997,0.9973931178310741,0.9812030075187967,137,0,1,13,151,14,9.27,0.28090187171902925,1.4670226830955865e-07,0.9999994450042067,0.09041802763386056
2048,8,G_all_focal_noW,12,0.09511340499966536,2.0,0.75,0.9933774834437086,1.0,0.9285714285714286,0.9796632996632997,0.996871741397289,0.9785714285714284,137,0,1,13,151,14,9.27,0.27060403086195617,0.0020928007167133797,0.9974787272006053,0.10007786092401992
2048,8,H_all_focal_W,12,0.10114573500004553,2.0,0.75,0.9933774834437086,1.0,0.9285714285714286,0.9796632996632997,0.9963503649635036,0.976190476190476,137,0,1,13,151,14,9.27,0.2757038459775224,0.0012076101308094874,0.9976689920729781,0.10210825811455926
2048,8,LEGACY_A,11,0.11439255200002663,2.0,0.75,0.9933774834437086,1.0,0.9285714285714286,0.9796632996632997,0.9989572471324296,0.9910714285714284,137,0,1,13,151,14,9.27,0.28055722268857813,2.698954719805026e-08,0.9999995042294632,0.0878613463772745
2048,9,A_raw_ce_noW,11,0.10291911800004527,2.0,0.75,0.9801324503311258,1.0,0.7857142857142857,0.9345848375451263,0.9900938477580814,0.9419844861021329,137,0,3,11,151,14,9.27,0.2593935754480341,3.73219937201261e-08,0.999999550718182,0.07278813647755127
2048,9,B_raw_ce_W,11,0.1082118949998403,2.0,0.75,0.9801324503311258,1.0,0.7857142857142857,0.9345848375451263,0.9880083420229406,0.9369047619047617,137,0,3,11,151,14,9.27,0.2598317775312291,1.270145557967043e-07,0.9999998340541691,0.07303087130677155
2048,9,C_raw_focal_noW,11,0.09100646499973664,2.0,0.75,0.9801324503311258,1.0,0.7857142857142857,0.9345848375451263,0.983837330552659,0.927128427128427,137,0,3,11,151,14,9.27,0.24806400998424366,0.003267542247618915,0.9957183056431933,0.08079108053056404
2048,9,D_raw_focal_W,11,0.09036148799987131,2.0,0.75,0.9801324503311258,1.0,0.7857142857142857,0.9345848375451263,0.986444212721585,0.9308488612836436,137,0,3,11,151,14,9.27,0.253339196557352,0.0027301473652828886,0.9964119646105358,0.08218333100084352
2048,9,E_all_ce_noW,12,0.10779654199996003,2.0,0.75,0.9801324503311258,1.0,0.7857142857142857,0.9345848375451263,0.9906152241918665,0.9523809523809523,137,0,3,11,151,14,9.27,0.2596332925636624,4.14408602857827e-08,0.9999992745758539,0.0727906769417685
2048,9,F_all_ce_W,12,0.11854947500023627,2.0,0.75,0.9801324503311258,1.0,0.7857142857142857,0.9345848375451263,0.989051094890511,0.9404977962146746,137,0,3,11,151,14,9.27,0.2598495122002692,1.498766962900661e-07,0.9999998195987704,0.07293988879330089
2048,9,G_all_focal_noW,12,0.09136123700000098,2.0,0.75,0.9801324503311258,1.0,0.7857142857142857,0.9345848375451263,0.986444212721585,0.9316087138667781,137,0,3,11,151,14,9.27,0.24838595499780292,0.002785170439093837,0.9957522270255583,0.07859311134561837
2048,9,H_all_focal_W,12,0.08994768000002296,2.0,0.75,0.9801324503311258,1.0,0.7857142857142857,0.9345848375451263,0.9859228362877998,0.9306006493506491,137,0,3,11,151,14,9.27,0.25387479938303265,0.00224966984052187,0.9967412910612566,0.08060285574535596
2048,9,LEGACY_A,11,0.12200193399985437,2.0,0.75,0.9801324503311258,1.0,0.7857142857142857,0.9345848375451263,0.9911366006256517,0.9467211029711029,137,0,3,11,151,14,9.27,0.2598299991483333,2.8394129374908245e-08,0.9999996216596149,0.0729688548042129
2048,10,A_raw_ce_noW,11,0.11155339100014317,2.0,0.75,0.9933774834437086,1.0,0.9285714285714286,0.9796632996632997,0.9989572471324296,0.9910714285714284,137,0,1,13,151,14,9.27,0.2803558531889821,2.739089949579398e-08,0.9999994891194094,0.08669938633064429
2048,10,B_raw_ce_W,11,0.11855356100022618,2.0,0.75,0.9933774834437086,1.0,0.9285714285714286,0.9796632996632997,0.9994786235662149,0.995238095238095,137,0,1,13,151,14,9.27,0.28043598319434043,1.1844148517925022e-07,0.9999995868035565,0.08887904216514056
2048,10,C_raw_focal_noW,11,0.09199932700039426,2.0,0.75,0.9933774834437086,1.0,0.9285714285714286,0.9796632996632997,0.9989572471324296,0.9910714285714284,137,0,1,13,151,14,9.27,0.2761995720993164,0.001204654167979354,0.9978341779370314,0.09586741784167982
2048,10,D_raw_focal_W,11,0.09469648000003872,2.0,0.75,0.9933774834437086,1.0,0.9285714285714286,0.9796632996632997,0.9994786235662149,0.995238095238095,137,0,1,13,151,14,9.27,0.2790020353960387,0.00082986434121915,0.9982579918525105,0.09838198964216412
2048,10,E_all_ce_noW,12,0.1259136580001723,2.0,0.75,0.9933774834437086,1.0,0.9285714285714286,0.9796632996632997,1.0,0.9999999999999998,137,0,1,13,151,14,9.27,0.2805298688076991,2.7649806671945672e-08,0.9999993997775526,0.08962501136259932
2048,10,F_all_ce_W,12,0.13266907300021558,2.0,0.75,1.0,1.0,1.0,1.0,1.0,0.9999999999999998,137,0,0,14,151,14,9.27,0.28452570721348236,1.2702751061880486e-07,0.9999995335926025,0.09451875328038056
2048,10,G_all_focal_noW,12,0.11777610299986918,2.0,0.75,0.9933774834437086,1.0,0.9285714285714286,0.9796632996632997,1.0,0.9999999999999998,137,0,1,13,151,14,9.27,0.27917169568307815,0.0013216300170393342,0.997184815078974,0.09932618555134132
2048,10,H_all_focal_W,12,0.10023631500007468,2.0,0.75,1.0,1.0,1.0,1.0,1.0,0.9999999999999998,137,0,0,14,151,14,9.27,0.2812637171367249,0.0008342737634882357,0.9977778594285901,0.10044136865157524
2048,10,LEGACY_A,11,0.11709268800041173,2.0,0.75,0.9933774834437086,1.0,0.9285714285714286,0.9796632996632997,1.0,0.9999999999999998,137,0,1,13,151,14,9.27,0.28026495471845253,2.6662570279875932e-08,0.9999993560697092,0.08712410380296913
2048,11,A_raw_ce_noW,11,0.09816642699979639,2.0,0.75,0.9867549668874173,1.0,0.8461538461538461,0.954736211031175,0.987736900780379,0.9516483516483514,138,0,2,11,151,13,8.61,0.25845027082263466,2.8612187042888972e-08,0.9999996049591187,0.07388616859549109
2048,11,B_raw_ce_W,11,0.10998472600022069,2.0,0.75,0.9867549668874173,1.0,0.8461538461538461,0.954736211031175,0.987736900780379,0.9465715280194915,138,0,2,11,151,13,8.61,0.25904474853834486,1.302769334164753e-07,0.9999998275084552,0.07356667921393897
2048,11,C_raw_focal_noW,11,0.0923533690001932,2.0,0.75,0.9867549668874173,1.0,0.8461538461538461,0.954736211031175,0.987736900780379,0.9465715280194915,138,0,2,11,151,13,8.61,0.24782177263179822,0.0027909697874625135,0.9954083143244271,0.0870207498632585
2048,11,D_raw_focal_W,11,0.0907728600000155,2.0,0.75,0.9867549668874173,1.0,0.8461538461538461,0.954736211031175,0.9871794871794872,0.9508547008547006,138,0,2,11,151,13,8.61,0.2504319621489366,0.0016831944003757133,0.997239207625692,0.08312253952157311
2048,11,E_all_ce_noW,12,0.11946522000016557,2.0,0.75,0.9867549668874173,1.0,0.8461538461538461,0.954736211031175,0.9882943143812709,0.9524886877828052,138,0,2,11,151,13,8.61,0.25831141194940543,2.800810585831475e-08,0.9999997184893754,0.0727771648937693
2048,11,F_all_ce_W,12,0.14000016099998902,2.0,0.75,0.9867549668874173,1.0,0.8461538461538461,0.954736211031175,0.9882943143812709,0.9524886877828052,138,0,2,11,151,13,8.61,0.2595134118735594,1.249640880275338e-07,0.9999997300089155,0.07484644145368054
2048,11,G_all_focal_noW,12,0.09377311799971721,2.0,0.75,0.9867549668874173,1.0,0.8461538461538461,0.954736211031175,0.9882943143812709,0.9524886877828052,138,0,2,11,151,13,8.61,0.2470426789591344,0.0023358705209007326,0.9949809588940327,0.08455242248689022
2048,11,H_all_focal_W,12,0.09709656599989103,2.0,0.75,0.9867549668874173,1.0,0.8461538461538461,0.954736211031175,0.992196209587514,0.9601139601139599,138,0,2,11,151,13,8.61,0.251107106102849,0.0018121707142174956,0.9973698571147811,0.08440739302765443
2048,11,LEGACY_A,11,0.10355022800013103,2.0,0.75,0.9867549668874173,1.0,0.8461538461538461,0.954736211031175,0.9882943143812709,0.9524886877828052,138,0,2,11,151,13,8.61,0.25875921108647676,2.658202665234725e-08,0.999999700907308,0.07262770308715553
2048,12,A_raw_ce_noW,11,0.10632296899984794,2.0,0.75,0.9933774834437086,0.9333333333333333,1.0,0.9809271188581534,0.9994786235662148,0.995238095238095,136,1,0,14,151,14,9.27,0.2966110588828267,2.759626998531326e-08,0.9999995351004146,0.10055723262388915
2048,12,B_raw_ce_W,11,0.11226041899999473,2.0,0.75,0.9867549668874173,0.875,1.0,0.9629901960784314,0.999478623566215,0.995238095238095,135,2,0,14,151,14,9.27,0.30616287342313486,1.0613889871719276e-07,0.9999997355864183,0.10544300494403494
2048,12,C_raw_focal_noW,11,0.09072341599994616,2.0,0.75,0.9933774834437086,0.9333333333333333,1.0,0.9809271188581534,0.9994786235662149,0.995238095238095,136,1,0,14,151,14,9.27,0.28843021471741453,0.0021502445795208045,0.9965802453642619,0.10732956622351264
2048,12,D_raw_focal_W,11,0.09973760500042772,2.0,0.75,0.9933774834437086,0.9333333333333333,1.0,0.9809271188581534,0.9994786235662149,0.9952380952380951,136,1,0,14,151,14,9.27,0.29313645169230174,0.0014020298390933473,0.9973891746167965,0.10867741819438644
2048,12,E_all_ce_noW,12,0.12418221300004006,2.0,0.75,0.9933774834437086,0.9333333333333333,1.0,0.9809271188581534,0.9994786235662148,0.995238095238095,136,1,0,14,151,14,9.27,0.2979564874395428,2.7573562971693293e-08,0.9999996884591758,0.1015702512576063
2048,12,F_all_ce_W,12,0.12652178000007552,2.0,0.75,0.9867549668874173,0.875,1.0,0.9629901960784314,1.0,0.9999999999999998,135,2,0,14,151,14,9.27,0.30417456949353416,1.3402572229141365e-07,0.9999997880327037,0.10498276031338966
2048,12,G_all_focal_noW,12,0.0965710109999236,2.0,0.75,0.9933774834437086,0.9333333333333333,1.0,0.9809271188581534,1.0,0.9999999999999998,136,1,0,14,151,14,9.27,0.2810234667994179,0.0022355418610994758,0.9961655368677723,0.104023109187356
2048,12,H_all_focal_W,12,0.10561184200014395,2.0,0.75,0.9867549668874173,0.875,1.0,0.9629901960784314,0.9994786235662149,0.9952380952380951,135,2,0,14,151,14,9.27,0.2914137644563066,0.0014496439380688034,0.997245473477969,0.10966083214815768
2048,12,LEGACY_A,11,0.11772353700007443,2.0,0.75,0.9867549668874173,0.875,1.0,0.9629901960784314,0.9994786235662148,0.995238095238095,135,2,0,14,151,14,9.27,0.3066827948707753,2.5234589338312455e-08,0.999999661477897,0.10562508081845245
2048,13,A_raw_ce_noW,11,0.10490996099997574,2.0,0.75,0.9933774834437086,1.0,0.9285714285714286,0.9796632996632997,0.9989572471324296,0.9910714285714284,137,0,1,13,151,14,9.27,0.280384394005075,2.596772912859029e-08,0.9999996000939178,0.08881473978713843
2048,13,B_raw_ce_W,11,0.11622219199989559,2.0,0.75,0.9801324503311258,0.8666666666666667,0.9285714285714286,0.94278135657446,0.9989572471324296,0.9910714285714284,135,2,1,13,151,14,9.27,0.285708039413124,1.0112447392065699e-07,0.9999998010160366,0.09462186279298537
2048,13,C_raw_focal_noW,11,0.11122631199987154,2.0,0.75,0.9867549668874173,0.9285714285714286,0.9285714285714286,0.9606360792492179,0.9994786235662149,0.995238095238095,136,1,1,13,151,14,9.27,0.2747241894528851,0.000882998554995377,0.9978247939257913,0.10250624673374696
2048,13,D_raw_focal_W,11,0.09467314499988788,2.0,0.75,0.9867549668874173,0.875,1.0,0.9629901960784314,0.9989572471324296,0.9910714285714284,135,2,0,14,151,14,9.27,0.28356679767325793,0.001107510476537267,0.9979419911663321,0.10865601208490916
2048,13,E_all_ce_noW,12,0.11779254400016725,2.0,0.75,0.9867549668874173,0.9285714285714286,0.9285714285714286,0.9606360792492179,0.9984358706986445,0.9859693877551019,136,1,1,13,151,14,9.27,0.28879289494064536,2.766996590096325e-08,0.9999996450421315,0.09311299222016588
2048,13,F_all_ce_W,12,0.1333738949997496,2.0,0.75,0.9867549668874173,0.9285714285714286,0.9285714285714286,0.9606360792492179,0.9989572471324296,0.9910714285714284,136,1,1,13,151,14,9.27,0.2876145279106864,1.2699399349381577e-07,0.9999997682240236,0.0947248410252755
2048,13,G_all_focal_noW,12,0.09988318699970478,2.0,0.75,0.9867549668874173,0.9285714285714286,0.9285714285714286,0.9606360792492179,0.9989572471324296,0.9910714285714284,136,1,1,13,151,14,9.27,0.27858813523127346,0.001090630736170087,0.9977806379980482,0.10387838458182562
2048,13,H_all_focal_W,12,0.0959973720000562,2.0,0.75,0.9801324503311258,0.8666666666666667,0.9285714285714286,0.94278135657446,0.9984358706986445,0.9873949579831931,135,2,1,13,151,14,9.27,0.2853781777171573,0.000911250519425588,0.9979367017304804,0.11026786405280167
2048,13,LEGACY_A,11,0.1112455810002757,2.0,0.75,0.9801324503311258,0.8666666666666667,0.9285714285714286,0.94278135657446,0.9979144942648592,0.984126984126984,135,2,1,13,151,14,9.27,0.29059321720398723,2.7210959236133894e-08,0.9999996930208349,0.09704181336195071
2048,14,A_raw_ce_noW,11,0.12460234700029105,2.0,0.75,0.9933774834437086,1.0,0.9285714285714286,0.9796632996632997,0.9979144942648592,0.984126984126984,137,0,1,13,151,14,9.27,0.2821275812076055,2.773046045779016e-08,0.9999997926590113,0.090314649063865
2048,14,B_raw_ce_W,11,0.11496247200011567,2.0,0.75,0.9801324503311258,0.8666666666666667,0.9285714285714286,0.94278135657446,0.9984358706986445,0.9873949579831931,135,2,1,13,151,14,9.27,0.28865466731073497,1.3556232902526184e-07,0.9999998107788257,0.09632108542624768
2048,14,C_raw_focal_noW,11,0.09375376200023311,2.0,0.75,0.9933774834437086,1.0,0.9285714285714286,0.9796632996632997,0.9979144942648592,0.9841269841269842,137,0,1,13,151,14,9.27,0.27864383610079335,0.0015477752941417862,0.9978003279847709,0.10654585267242885
2048,14,D_raw_focal_W,11,0.09423698099999456,2.0,0.75,0.9801324503311258,0.8666666666666667,0.9285714285714286,0.94278135657446,0.9979144942648592,0.984126984126984,135,2,1,13,151,14,9.27,0.2854536229444889,0.0012926056777532585,0.9978799248288296,0.10913861142327473
2048,14,E_all_ce_noW,12,0.12046818499993606,2.0,0.75,0.9867549668874173,0.9285714285714286,0.9285714285714286,0.9606360792492179,0.9979144942648592,0.984126984126984,136,1,1,13,151,14,9.27,0.2892459373974998,2.8186603111945365e-08,0.9999997459122634,0.09395925758820758
2048,14,F_all_ce_W,12,0.12778471399997215,2.0,0.75,0.9867549668874173,0.9285714285714286,0.9285714285714286,0.9606360792492179,0.9973931178310741,0.9812030075187967,136,1,1,13,151,14,9.27,0.2884907579928316,1.428558503680609e-07,0.9999997961474532,0.0961126781571478
2048,14,G_all_focal_noW,12,0.09499751600014861,2.0,0.75,0.9867549668874173,0.9285714285714286,0.9285714285714286,0.9606360792492179,0.9973931178310741,0.9812030075187967,136,1,1,13,151,14,9.27,0.2831444467070627,0.0016321318949782022,0.9973123210282213,0.1094547542525013
2048,14,H_all_focal_W,12,0.10895207200019286,2.0,0.75,0.9867549668874173,0.9285714285714286,0.9285714285714286,0.9606360792492179,0.997393117831074,0.9812030075187967,136,1,1,13,151,14,9.27,0.28732350934818374,0.0011068263465174384,0.9982318927707046,0.11340607316808811
2048,14,LEGACY_A,11,0.11946176599985847,2.0,0.75,0.9867549668874173,0.9285714285714286,0.9285714285714286,0.9606360792492179,0.9979144942648592,0.984126984126984,136,1,1,13,151,14,9.27,0.2870476446005308,2.7424744559344192e-08,0.9999996893427087,0.0940368524463551
2048,15,A_raw_ce_noW,11,0.10518137700000807,2.0,0.75,0.9735099337748344,1.0,0.7142857142857143,0.9094724220623501,0.9796663190823774,0.9215944151801472,137,0,4,10,151,14,9.27,0.24858723160737092,2.931069105183794e-08,0.9999995996414981,0.06631697523319491
2048,15,B_raw_ce_W,11,0.11350457500020639,2.0,0.75,0.9735099337748344,1.0,0.7142857142857143,0.9094724220623501,0.9843587069864442,0.9258547008547007,137,0,4,10,151,14,9.27,0.24860473525421964,1.4941878687475031e-07,0.9999998042141883,0.06647451551882513
2048,15,C_raw_focal_noW,11,0.09331719600004362,2.0,0.75,0.9735099337748344,1.0,0.7142857142857143,0.9094724220623501,0.9869655891553702,0.9268262156632274,137,0,4,10,151,14,9.27,0.24259159028859686,0.002494859652031756,0.9965426206284973,0.07774579862285026
2048,15,D_raw_focal_W,11,0.09556163199977163,2.0,0.75,0.9735099337748344,1.0,0.7142857142857143,0.9094724220623501,0.9817518248175182,0.9120300751879697,137,0,4,10,151,14,9.27,0.24502296078604743,0.0015459796346616683,0.9969217605120236,0.07692581497178734
2048,15,E_all_ce_noW,12,0.11190980600031253,2.0,0.75,0.9867549668874173,1.0,0.8571428571428571,0.9579152731326644,0.9885297184567257,0.9430147058823528,137,0,2,12,151,14,9.27,0.26374446797176027,3.038014083186199e-08,0.9999996807197851,0.07716627408658569
2048,15,F_all_ce_W,12,0.142914631000167,2.0,0.75,0.9867549668874173,1.0,0.8571428571428571,0.9579152731326644,0.9822732012513035,0.931985972683647,137,0,2,12,151,14,9.27,0.2672333689270145,1.4757071414681838e-07,0.9999998326133077,0.07861718093603416
2048,15,G_all_focal_noW,12,0.1664236090000486,2.0,0.75,0.9867549668874173,1.0,0.8571428571428571,0.9579152731326644,0.9900938477580813,0.9410173160173159,137,0,2,12,151,14,9.27,0.25577319101452173,0.002512481518298527,0.995907716971302,0.08450665029791882
2048,15,H_all_focal_W,12,0.1539943900002072,2.0,0.75,0.9867549668874173,1.0,0.8571428571428571,0.9579152731326644,0.989051094890511,0.9375155279503105,137,0,2,12,151,14,9.27,0.25638041078410717,0.001954088313173522,0.9966589754101253,0.08313582892272922
2048,15,LEGACY_A,11,0.183463927000048,2.0,0.75,0.9735099337748344,1.0,0.7142857142857143,0.9094724220623501,0.9827945776850886,0.9184403315982261,137,0,4,10,151,14,9.27,0.24860300510988254,3.301640569186302e-08,0.9999997051539159,0.0665751990390626
2048,16,A_raw_ce_noW,11,0.1688140910000584,2.0,0.75,0.9801324503311258,1.0,0.7692307692307693,0.9294062646096306,0.9882943143812709,0.9474627936166395,138,0,3,10,151,13,8.61,0.24866606319325074,3.1804617424611356e-08,0.999999473124437,0.0662368583757269
2048,16,B_raw_ce_W,11,0.18446300000005067,2.0,0.75,0.9801324503311258,1.0,0.7692307692307693,0.9294062646096306,0.9888517279821628,0.9533799533799532,138,0,3,10,151,13,8.61,0.24863115351390555,1.365547010071488e-07,0.9999998194950587,0.06642392321762053
2048,16,C_raw_focal_noW,11,0.1443537949999154,2.0,0.75,0.9801324503311258,1.0,0.7692307692307693,0.9294062646096306,0.9866220735785953,0.9406593406593404,138,0,3,10,151,13,8.61,0.24340528360515823,0.0016184481838802296,0.9941925628041925,0.07461878005735853
2048,16,D_raw_focal_W,11,0.15591003600002296,2.0,0.75,0.9801324503311258,1.0,0.7692307692307693,0.9294062646096306,0.992196209587514,0.9556213017751476,138,0,3,10,151,13,8.61,0.2453437174401801,0.0011499032938807065,0.9962078059987161,0.07450974379112502
2048,16,E_all_ce_noW,12,0.18548380899983385,2.0,0.75,0.9801324503311258,1.0,0.7692307692307693,0.9294062646096306,0.9793756967670011,0.903343388637506,138,0,3,10,151,13,8.61,0.24865901258222597,3.0751927434952923e-08,0.9999993944827413,0.06627352069179454
2048,16,F_all_ce_W,12,0.19486644500011607,2.0,0.75,0.9801324503311258,1.0,0.7692307692307693,0.9294062646096306,0.9765886287625418,0.8990264121843066,138,0,3,10,151,13,8.61,0.2486509336759975,1.1015324960747555e-07,0.9999997530287902,0.06631567422433486
2048,16,G_all_focal_noW,12,0.15949174399975163,2.0,0.75,0.9801324503311258,1.0,0.7692307692307693,0.9294062646096306,0.979933110367893,0.9006543682561781,138,0,3,10,151,13,8.61,0.24375466751426206,0.0019548875536137137,0.9936499747250395,0.07397069735450586
2048,16,H_all_focal_W,12,0.15175282200016227,2.0,0.75,0.9801324503311258,1.0,0.7692307692307693,0.9294062646096306,0.9816053511705685,0.9068469991546912,138,0,3,10,151,13,8.61,0.24575858953578672,0.0011495531506482278,0.9968647785675523,0.07427539263909741
2048,16,LEGACY_A,11,0.19402422300026956,2.0,0.75,0.9801324503311258,1.0,0.7692307692307693,0.9294062646096306,0.9849498327759197,0.9223679546260188,138,0,3,10,151,13,8.61,0.2486364788490656,2.8669275237775216e-08,0.999999672486658,0.06639420278774659
2048,17,A_raw_ce_noW,11,0.1814894069998445,2.0,0.75,0.9933774834437086,1.0,0.9285714285714286,0.9796632996632997,1.0,0.9999999999999998,137,0,1,13,151,14,9.27,0.2800548785990656,2.7625174360931357e-08,0.9999996430584861,0.09174869072467977
2048,17,B_raw_ce_W,11,0.19522266499961916,2.0,0.75,0.9933774834437086,0.9333333333333333,1.0,0.9809271188581534,1.0,0.9999999999999998,136,1,0,14,151,14,9.27,0.292441770331891,1.2141522212138545e-07,0.9999997574586288,0.09853163514109407
2048,17,C_raw_focal_noW,11,0.14443794199996773,2.0,0.75,0.9867549668874173,0.9285714285714286,0.9285714285714286,0.9606360792492179,0.9994786235662149,0.995238095238095,136,1,1,13,151,14,9.27,0.27339887055229384,0.00132144207032657,0.9970989200222339,0.10227647660237613
2048,17,D_raw_focal_W,11,0.14605381799992756,2.0,0.75,0.9801324503311258,0.8666666666666667,0.9285714285714286,0.94278135657446,0.9984358706986445,0.9873949579831931,135,2,1,13,151,14,9.27,0.28030528367726765,0.001138072048559788,0.9981202182156369,0.1043911182940418
2048,17,E_all_ce_noW,12,0.20310437599982833,2.0,0.75,0.9867549668874173,0.9285714285714286,0.9285714285714286,0.9606360792492179,0.9989572471324296,0.9910714285714284,136,1,1,13,151,14,9.27,0.28713220677359247,2.7602245139034215e-08,0.999999596766311,0.09383629154073228
2048,17,F_all_ce_W,12,0.21791916900019714,2.0,0.75,0.9867549668874173,0.9285714285714286,0.9285714285714286,0.9606360792492179,0.9994786235662149,0.995238095238095,136,1,1,13,151,14,9.27,0.2896355325738853,1.0036514398910564e-07,0.9999997287746701,0.09613888866409688
2048,17,G_all_focal_noW,12,0.1770809200002077,2.0,0.75,0.9867549668874173,0.9285714285714286,0.9285714285714286,0.9606360792492179,0.9979144942648592,0.984126984126984,136,1,1,13,151,14,9.27,0.27992556243010075,0.001364417286701786,0.9964708581477453,0.10634488503766083
2048,17,H_all_focal_W,12,0.15520791400012968,2.0,0.75,0.9867549668874173,0.9285714285714286,0.9285714285714286,0.9606360792492179,0.9984358706986445,0.9873949579831931,136,1,1,13,151,14,9.27,0.28423074357557043,0.000772625401577858,0.9970198579461222,0.10797738658389201
2048,17,LEGACY_A,11,0.18919296000012764,2.0,0.75,0.9933774834437086,0.9333333333333333,1.0,0.9809271188581534,1.0,0.9999999999999998,136,1,0,14,151,14,9.27,0.29448100269268096,2.6421941879130448e-08,0.9999996507851032,0.09910694008126045
2048,18,A_raw_ce_noW,11,0.19437156000003597,2.0,0.75,0.9933774834437086,1.0,0.9285714285714286,0.9796632996632997,0.9979144942648592,0.984126984126984,137,0,1,13,151,14,9.27,0.2801200117586928,2.8453703685450473e-08,0.9999997159172901,0.08610018851433157
2048,18,B_raw_ce_W,11,0.18602463199977137,2.0,0.75,0.9933774834437086,1.0,0.9285714285714286,0.9796632996632997,0.996871741397289,0.9785714285714285,137,0,1,13,151,14,9.27,0.28022565128492855,1.4504803659673271e-07,0.9999998300805581,0.08679319852479553
2048,18,C_raw_focal_noW,11,0.1308796620000976,2.0,0.75,0.9933774834437086,1.0,0.9285714285714286,0.9796632996632997,0.9932221063607924,0.9656084656084656,137,0,1,13,151,14,9.27,0.2703565750191095,0.0016694664830790378,0.9958209762802673,0.09222794477240884
2048,18,D_raw_focal_W,11,0.09162152799990508,2.0,0.75,0.9933774834437086,1.0,0.9285714285714286,0.9796632996632997,0.9942648592283629,0.9685714285714284,137,0,1,13,151,14,9.27,0.27477968679155074,0.0014565399731707221,0.9972296803562543,0.0945180444645047
2048,18,E_all_ce_noW,12,0.1135380890000306,2.0,0.75,0.9933774834437086,1.0,0.9285714285714286,0.9796632996632997,0.9958289885297185,0.9740259740259738,137,0,1,13,151,14,9.27,0.28034909846793027,3.994669491219002e-08,0.9999996579567663,0.08849098433372893
2048,18,F_all_ce_W,12,0.12057100399988485,2.0,0.75,0.9867549668874173,0.9285714285714286,0.9285714285714286,0.9606360792492179,0.9968717413972888,0.9785714285714284,136,1,1,13,151,14,9.27,0.2805281593271625,1.4858627995731342e-07,0.9999997984130791,0.0890731675465945
2048,18,G_all_focal_noW,12,0.09781156500002908,2.0,0.75,0.9867549668874173,0.9285714285714286,0.9285714285714286,0.9606360792492179,0.9947862356621481,0.9702380952380951,136,1,1,13,151,14,9.27,0.2727402993074545,0.0018695450174834782,0.9962927944181993,0.09288004898675488
2048,18,H_all_focal_W,12,0.09358874000008655,2.0,0.75,0.9867549668874173,0.9285714285714286,0.9285714285714286,0.9606360792492179,0.9932221063607926,0.9656084656084656,136,1,1,13,151,14,9.27,0.2746792742149117,0.0018800520948336293,0.9974889274029805,0.0935305774476912
2048,18,LEGACY_A,11,0.11904477799998858,2.0,0.75,0.9933774834437086,1.0,0.9285714285714286,0.9796632996632997,0.9932221063607924,0.9656084656084656,137,0,1,13,151,14,9.27,0.2801697307780136,2.8552519633654462e-08,0.9999997075597113,0.08768871229482796
2048,19,A_raw_ce_noW,11,0.10870102399985626,2.0,0.75,0.9933774834437086,0.9333333333333333,1.0,0.9809271188581534,0.9994786235662149,0.995238095238095,136,1,0,14,151,14,9.27,0.2972334543669649,2.7340884176341092e-08,0.9999994759827843,0.09896436150144214
2048,19,B_raw_ce_W,11,0.11362469100004091,2.0,0.75,0.9933774834437086,0.9333333333333333,1.0,0.9809271188581534,0.9994786235662149,0.995238095238095,136,1,0,14,151,14,9.27,0.29872078599333646,1.400876429615558e-07,0.9999997952323667,0.10030291939909206
2048,19,C_raw_focal_noW,11,0.09342591700033154,2.0,0.75,0.9933774834437086,0.9333333333333333,1.0,0.9809271188581534,0.9994786235662149,0.995238095238095,136,1,0,14,151,14,9.27,0.2834188978023542,0.0017571858132488566,0.9964361705089295,0.10724676286614225
2048,19,D_raw_focal_W,11,0.09375057299985201,2.0,0.75,0.9933774834437086,0.9333333333333333,1.0,0.9809271188581534,0.9994786235662149,0.995238095238095,136,1,0,14,151,14,9.27,0.28975942222453005,0.0011432838779947508,0.9972734927387698,0.10745896249900584
2048,19,E_all_ce_noW,12,0.12078873300015402,2.0,0.75,0.9933774834437086,0.9333333333333333,1.0,0.9809271188581534,0.9994786235662149,0.995238095238095,136,1,0,14,151,14,9.27,0.29795306026120305,2.7576771516372198e-08,0.9999997276803951,0.09928598241501213
2048,19,F_all_ce_W,12,0.1281552309997096,2.0,0.75,0.9933774834437086,0.9333333333333333,1.0,0.9809271188581534,0.9994786235662149,0.995238095238095,136,1,0,14,151,14,9.27,0.2988854558952958,1.3952360859717899e-07,0.999999821226816,0.09945278685236528
2048,19,G_all_focal_noW,12,0.11583934800000861,2.0,0.75,0.9933774834437086,0.9333333333333333,1.0,0.9809271188581534,0.9994786235662149,0.995238095238095,136,1,0,14,151,14,9.27,0.2807756555161315,0.0018045989151778887,0.9968011727134133,0.10617479263276164
2048,19,H_all_focal_W,12,0.10315532200002053,2.0,0.75,0.9933774834437086,0.9333333333333333,1.0,0.9809271188581534,0.9994786235662149,0.995238095238095,136,1,0,14,151,14,9.27,0.288685476064014,0.0010847243832835896,0.9974140895685875,0.10772606832416728
2048,19,LEGACY_A,11,0.11520861799999693,2.0,0.75,0.9933774834437086,0.9333333333333333,1.0,0.9809271188581534,0.9994786235662149,0.995238095238095,136,1,0,14,151,14,9.27,0.2987990506661157,2.647121982409211e-08,0.9999996776909874,0.09953685519726428
2048,20,A_raw_ce_noW,11,0.1065738539996346,2.0,0.75,0.9735099337748344,0.9166666666666666,0.7857142857142857,0.9158305462653289,0.9984358706986445,0.9846415489272631,136,1,3,11,151,14,9.27,0.2663204569668844,2.7245113566318863e-08,0.9999997183274724,0.07869956400635307
2048,20,B_raw_ce_W,11,0.11503077499992287,2.0,0.75,0.9735099337748344,0.9166666666666666,0.7857142857142857,0.9158305462653289,0.9984358706986445,0.9846415489272631,136,1,3,11,151,14,9.27,0.26785443058167335,1.2984494673113285e-07,0.9999997850250173,0.08089629678774729
2048,20,C_raw_focal_noW,11,0.09509954800023479,2.0,0.75,0.9735099337748344,0.9166666666666666,0.7857142857142857,0.9158305462653289,0.9979144942648592,0.9786891679748823,136,1,3,11,151,14,9.27,0.2568461200806144,0.0011388549057187501,0.9968871288896394,0.08868777753791697
2048,20,D_raw_focal_W,11,0.09581458000002385,2.0,0.75,0.9735099337748344,0.9166666666666666,0.7857142857142857,0.9158305462653289,0.9984358706986445,0.9846415489272631,136,1,3,11,151,14,9.27,0.26374458211124485,0.0011610113034569971,0.997245559523684,0.09091301509013537
2048,20,E_all_ce_noW,12,0.12046941900007369,2.0,0.75,0.9735099337748344,0.9166666666666666,0.7857142857142857,0.9158305462653289,0.9979144942648592,0.9804748822605964,136,1,3,11,151,14,9.27,0.2589781101871967,3.079716714017133e-08,0.99999967810704,0.07682486609783104
2048,20,F_all_ce_W,12,0.13917056299987962,2.0,0.75,0.9801324503311258,0.9230769230769231,0.8571428571428571,0.938989898989899,0.9984358706986445,0.9846415489272631,136,1,2,12,151,14,9.27,0.26772758120635737,1.461251832993171e-07,0.9999997497691104,0.08192701350759544
2048,20,G_all_focal_noW,12,0.09593993899989073,2.0,0.75,0.9735099337748344,0.9166666666666666,0.7857142857142857,0.9158305462653289,0.9984358706986445,0.9846415489272632,136,1,3,11,151,14,9.27,0.25627618178119005,0.0012501491052807612,0.9963964032544163,0.08804736425854635
2048,20,H_all_focal_W,12,0.0976877810003316,2.0,0.75,0.9801324503311258,0.9230769230769231,0.8571428571428571,0.938989898989899,0.9989572471324296,0.9901360544217686,136,1,2,12,151,14,9.27,0.26700424502906195,0.000938142394419455,0.997215399025481,0.09337504485303709
2048,20,LEGACY_A,11,0.10991928600014944,2.0,0.75,0.9735099337748344,0.9166666666666666,0.7857142857142857,0.9158305462653289,0.9984358706986445,0.9846415489272631,136,1,3,11,151,14,9.27,0.26982344860951385,2.6962494303902086e-08,0.999999636086723,0.0812309080016108
2048,21,A_raw_ce_noW,11,0.10535461099971144,2.0,0.75,0.9867549668874173,1.0,0.8461538461538461,0.954736211031175,0.9933110367892977,0.9630769230769227,138,0,2,11,151,13,8.61,0.2605569018482829,2.880392747403736e-08,0.9999991200474576,0.07564775049420103
2048,21,B_raw_ce_W,11,0.11627887100030421,2.0,0.75,0.9933774834437086,1.0,0.9230769230769231,0.9781949458483754,0.9933110367892977,0.9630769230769227,138,0,1,12,151,13,8.61,0.26384679387980847,1.4191265652125519e-07,0.9999997558951971,0.0792585231285978
2048,21,C_raw_focal_noW,11,0.09528480599965405,2.0,0.75,0.9867549668874173,1.0,0.8461538461538461,0.954736211031175,0.9938684503901895,0.9647435897435894,138,0,2,11,151,13,8.61,0.25139406959757726,0.0013656853072998314,0.997204958963224,0.08230858175695345
2048,21,D_raw_focal_W,11,0.11397393000015654,2.0,0.75,0.9867549668874173,1.0,0.8461538461538461,0.954736211031175,0.9938684503901895,0.9647435897435894,138,0,2,11,151,13,8.61,0.25461956105743966,0.001288014235299943,0.9976006290533137,0.08295156309265647
2048,21,E_all_ce_noW,12,0.11547285200003898,2.0,0.75,0.9867549668874173,1.0,0.8461538461538461,0.954736211031175,0.9949832775919732,0.9685314685314683,138,0,2,11,151,13,8.61,0.26124375986283105,2.9333770162382052e-08,0.9999993847201094,0.07685160975615662
2048,21,F_all_ce_W,12,0.12576145100001668,2.0,0.75,0.9933774834437086,1.0,0.9230769230769231,0.9781949458483754,0.9960981047937569,0.9730769230769227,138,0,1,12,151,13,8.61,0.26560509495646883,1.3270784703864808e-07,0.9999997721407823,0.08052099066856687
2048,21,G_all_focal_noW,12,0.09691446199985876,2.0,0.75,0.9933774834437086,1.0,0.9230769230769231,0.9781949458483754,0.9927536231884059,0.9615384615384612,138,0,1,12,151,13,8.61,0.24937034823321014,0.002263506644010435,0.9964087423979391,0.08354528371694626
2048,21,H_all_focal_W,12,0.0936188119999315,2.0,0.75,0.9933774834437086,1.0,0.9230769230769231,0.9781949458483754,0.9927536231884059,0.9615384615384612,138,0,1,12,151,13,8.61,0.2585178878560936,0.0017538362317805903,0.9974332195167632,0.08739749311114961
2048,21,LEGACY_A,11,0.11170752299995002,2.0,0.75,0.9867549668874173,1.0,0.8461538461538461,0.954736211031175,0.9927536231884059,0.9615384615384612,138,0,2,11,151,13,8.61,0.2627358824732512,2.771222059338299e-08,0.9999994686229116,0.07838747622540158
2048,22,A_raw_ce_noW,11,0.10971876800022073,2.0,0.75,0.9867549668874173,0.9285714285714286,0.9285714285714286,0.9606360792492179,0.9947862356621481,0.9702380952380951,136,1,1,13,151,14,9.27,0.27817911697764336,3.172061360016899e-08,0.9999997011905595,0.08961189115630369
2048,22,B_raw_ce_W,11,0.11730867699998271,2.0,0.75,0.9801324503311258,0.8666666666666667,0.9285714285714286,0.94278135657446,0.9942648592283628,0.9685714285714284,135,2,1,13,151,14,9.27,0.2938746041274374,1.3631644501955978e-07,0.9999997276279029,0.09846498468100737
2048,22,C_raw_focal_noW,11,0.10156846300014877,2.0,0.75,0.9933774834437086,1.0,0.9285714285714286,0.9796632996632997,0.9942648592283628,0.9685714285714284,137,0,1,13,151,14,9.27,0.2688809932555728,0.001571460158493783,0.9970096347565907,0.09753781182235599
2048,22,D_raw_focal_W,11,0.09308841799975198,2.0,0.75,0.9867549668874173,0.9285714285714286,0.9285714285714286,0.9606360792492179,0.996871741397289,0.9785714285714284,136,1,1,13,151,14,9.27,0.27640650551985996,0.0011495733918652049,0.9974821148966939,0.10147587932456152
2048,22,E_all_ce_noW,12,0.1295705019997513,2.0,0.75,0.9933774834437086,1.0,0.9285714285714286,0.9796632996632997,0.983837330552659,0.9507936507936507,137,0,1,13,151,14,9.27,0.27839319960633363,2.7485962827737745e-08,0.9999996879063632,0.08914525732567977
2048,22,F_all_ce_W,12,0.1286681760002466,2.0,0.75,0.9933774834437086,1.0,0.9285714285714286,0.9796632996632997,0.9906152241918664,0.9598214285714284,137,0,1,13,151,14,9.27,0.2805236765437368,1.1066724841369058e-07,0.9999998255847946,0.08966230329403499
2048,22,G_all_focal_noW,12,0.10212057400030972,2.0,0.75,0.9867549668874173,0.9285714285714286,0.9285714285714286,0.9606360792492179,0.9953076120959332,0.9720496894409936,136,1,1,13,151,14,9.27,0.27263926811656813,0.0018417357002718949,0.9954648275981411,0.09750116097273057
2048,22,H_all_focal_W,12,0.09915109800022037,2.0,0.75,0.9933774834437086,1.0,0.9285714285714286,0.9796632996632997,0.9916579770594369,0.9619047619047618,137,0,1,13,151,14,9.27,0.27527016735172316,0.0011119502648982776,0.9974133335251691,0.09763036103959935
2048,22,LEGACY_A,11,0.11382111500006431,2.0,0.75,0.9801324503311258,0.8666666666666667,0.9285714285714286,0.94278135657446,0.9916579770594369,0.9619047619047618,135,2,1,13,151,14,9.27,0.29007083061353184,2.751615541485965e-08,0.9999997056244615,0.09608460985441346
2048,23,A_raw_ce_noW,11,0.12237912399996276,2.0,0.75,0.9933774834437086,0.9333333333333333,1.0,0.9809271188581534,1.0,0.9999999999999998,136,1,0,14,151,14,9.27,0.2987659703651932,2.5476772162579958e-08,0.9999995662051923,0.09998926316825886
2048,23,B_raw_ce_W,11,0.11433843200029514,2.0,0.75,0.9933774834437086,0.9333333333333333,1.0,0.9809271188581534,1.0,0.9999999999999998,136,1,0,14,151,14,9.27,0.2991238627638494,1.081286408067839e-07,0.9999996746738206,0.10190403289822933
2048,23,C_raw_focal_noW,11,0.09126157900027465,2.0,0.75,0.9933774834437086,0.9333333333333333,1.0,0.9809271188581534,1.0,0.9999999999999998,136,1,0,14,151,14,9.27,0.2853666612190631,0.001997045163964183,0.9964386567909476,0.10783148012073905
2048,23,D_raw_focal_W,11,0.09402900599980057,2.0,0.75,0.9933774834437086,0.9333333333333333,1.0,0.9809271188581534,1.0,0.9999999999999998,136,1,0,14,151,14,9.27,0.29244768840010016,0.0011069523999105981,0.9973837352622434,0.11047654964498807
2048,23,E_all_ce_noW,12,0.11781318700013799,2.0,0.75,0.9933774834437086,0.9333333333333333,1.0,0.9809271188581534,1.0,0.9999999999999998,136,1,0,14,151,14,9.27,0.2988590622762492,2.7607718358735626e-08,0.9999996021335684,0.0994662544418832
2048,23,F_all_ce_W,12,0.1285050510000474,2.0,0.75,0.9933774834437086,0.9333333333333333,1.0,0.9809271188581534,0.9994786235662149,0.995238095238095,136,1,0,14,151,14,9.27,0.2988861406325792,1.27230931107671e-07,0.9999997670562776,0.09998145125857578
2048,23,G_all_focal_noW,12,0.09906740699989314,2.0,0.75,0.9933774834437086,0.9333333333333333,1.0,0.9809271188581534,1.0,0.9999999999999998,136,1,0,14,151,14,9.27,0.2862728702747569,0.0013915199015690186,0.9962239784474382,0.10799705638078076
2048,23,H_all_focal_W,12,0.09743093499992028,2.0,0.75,0.9933774834437086,0.9333333333333333,1.0,0.9809271188581534,1.0,0.9999999999999998,136,1,0,14,151,14,9.27,0.2908133615394637,0.0012145864645786695,0.9975234131700222,0.10979783087575122
2048,23,LEGACY_A,11,0.1315659639999467,2.0,0.75,0.9933774834437086,0.9333333333333333,1.0,0.9809271188581534,1.0,0.9999999999999998,136,1,0,14,151,14,9.27,0.2989612253855098,2.5940819834756574e-08,0.9999995914948184,0.10126565713030548
2048,24,A_raw_ce_noW,11,0.11219352699981755,2.0,0.75,0.9867549668874173,0.9285714285714286,0.9285714285714286,0.9606360792492179,0.9994786235662149,0.995238095238095,136,1,1,13,151,14,9.27,0.2849587863240354,2.7396292372381756e-08,0.9999990108289741,0.09102163785927365
2048,24,B_raw_ce_W,11,0.11877657799959707,2.0,0.75,0.9867549668874173,0.9285714285714286,0.9285714285714286,0.9606360792492179,0.9989572471324296,0.9910714285714284,136,1,1,13,151,14,9.27,0.28849331479397816,1.3762209440519188e-07,0.9999995908710613,0.09339582616622313
2048,24,C_raw_focal_noW,11,0.09212769099985962,2.0,0.75,0.9867549668874173,0.9285714285714286,0.9285714285714286,0.9606360792492179,0.9989572471324296,0.9910714285714284,136,1,1,13,151,14,9.27,0.27832678641616426,0.0017440085718228703,0.9966743219793649,0.10467473257642923
2048,24,D_raw_focal_W,11,0.10023899599991637,2.0,0.75,0.9867549668874173,0.9285714285714286,0.9285714285714286,0.9606360792492179,0.9989572471324296,0.9910714285714284,136,1,1,13,151,14,9.27,0.28187802560838265,0.001004177903708725,0.9979687292727427,0.10351832164973943
2048,24,E_all_ce_noW,12,0.12278872000024421,2.0,0.75,0.9933774834437086,1.0,0.9285714285714286,0.9796632996632997,0.9979144942648592,0.984126984126984,137,0,1,13,151,14,9.27,0.281587272867004,2.775606918443812e-08,0.999999373592624,0.08897604680764835
2048,24,F_all_ce_W,12,0.13107667699978265,2.0,0.75,0.9867549668874173,0.9285714285714286,0.9285714285714286,0.9606360792492179,0.9989572471324296,0.9910714285714284,136,1,1,13,151,14,9.27,0.2883197820717144,1.4285693563457802e-07,0.99999955404448,0.09257275847978598
2048,24,G_all_focal_noW,12,0.10016028500012908,2.0,0.75,0.9867549668874173,0.9285714285714286,0.9285714285714286,0.9606360792492179,0.9979144942648592,0.984126984126984,136,1,1,13,151,14,9.27,0.2755908142161105,0.0012214239758696218,0.9970910956065193,0.0996635373345582
2048,24,H_all_focal_W,12,0.10303342499992141,2.0,0.75,0.9867549668874173,0.9285714285714286,0.9285714285714286,0.9606360792492179,0.9984358706986445,0.9873949579831931,136,1,1,13,151,14,9.27,0.2820585301692768,0.0010090307416228742,0.9976849102479917,0.10258720805620179
2048,24,LEGACY_A,11,0.1165650969996932,2.0,0.75,0.9867549668874173,0.9285714285714286,0.9285714285714286,0.9606360792492179,0.996871741397289,0.9785714285714284,136,1,1,13,151,14,9.27,0.2889170583476025,2.7141235049989668e-08,0.9999995571211221,0.09359098389740744
2048,25,A_raw_ce_noW,11,0.10153083500017601,2.0,0.75,0.9867549668874173,1.0,0.8571428571428571,0.9579152731326644,0.9916579770594369,0.9619047619047618,137,0,2,12,151,14,9.27,0.2684644084563694,2.8765605158387357e-08,0.9999997113987833,0.08130843417169305
2048,25,B_raw_ce_W,11,0.11424173099976542,2.0,0.75,0.9933774834437086,1.0,0.9285714285714286,0.9796632996632997,0.9927007299270073,0.9642857142857143,137,0,1,13,151,14,9.27,0.2747801022184208,1.3689897388943867e-07,0.9999997990974254,0.08516748452554736
2048,25,C_raw_focal_noW,11,0.0941069770001377,2.0,0.75,0.9933774834437086,1.0,0.9285714285714286,0.9796632996632997,0.9927007299270073,0.9642857142857142,137,0,1,13,151,14,9.27,0.2620140766012048,0.0028549629479190882,0.9966144999336046,0.09512834989473472
2048,25,D_raw_focal_W,11,0.09134962000007363,2.0,0.75,0.9867549668874173,1.0,0.8571428571428571,0.9579152731326644,0.9932221063607926,0.9656084656084656,137,0,2,12,151,14,9.27,0.26343048729821283,0.001551415283855791,0.997017728316222,0.09335705024644324
2048,25,E_all_ce_noW,12,0.1184523500000978,2.0,0.75,0.9801324503311258,1.0,0.7857142857142857,0.9345848375451263,0.9932221063607926,0.9656084656084656,137,0,3,11,151,14,9.27,0.2562363486439055,2.7639768345707465e-08,0.9999996702968735,0.07609660594378655
2048,25,F_all_ce_W,12,0.1414997530000619,2.0,0.75,0.9933774834437086,1.0,0.9285714285714286,0.9796632996632997,0.9932221063607926,0.9656084656084656,137,0,1,13,151,14,9.27,0.2700176269623204,1.441698946505491e-07,0.9999998181825314,0.08381909499851754
2048,25,G_all_focal_noW,12,0.12375106199988295,2.0,0.75,0.9867549668874173,1.0,0.8571428571428571,0.9579152731326644,0.9984358706986445,0.9873949579831932,137,0,2,12,151,14,9.27,0.25895244043257676,0.002698634016547127,0.9967866860744777,0.09225290889558767
2048,25,H_all_focal_W,12,0.09527101999992738,2.0,0.75,0.9867549668874173,1.0,0.8571428571428571,0.9579152731326644,0.997393117831074,0.9778711484593837,137,0,2,12,151,14,9.27,0.26123383633356695,0.0013459081301329604,0.9977405984483088,0.0918734370134405
2048,25,LEGACY_A,11,0.11002880800015191,2.0,0.75,0.9867549668874173,1.0,0.8571428571428571,0.9579152731326644,0.9900938477580814,0.9588744588744587,137,0,2,12,151,14,9.27,0.2709961498975333,2.7895460993133756e-08,0.9999997194704769,0.08224050561376844
3333,1,A_raw_ce_noW,11,0.1058616609998353,2.0,0.75,0.9867549668874173,0.9230769230769231,0.9230769230769231,0.9579152731326644,0.9988851727982162,0.9885883347421807,137,1,1,12,151,13,8.61,0.26935184833719705,2.7820837073841718e-08,0.9999994405022694,0.0838344920579641
3333,1,B_raw_ce_W,11,0.11421873500012225,2.0,0.75,0.9867549668874173,0.9230769230769231,0.9230769230769231,0.9579152731326644,0.9983277591973244,0.983826429980276,137,1,1,12,151,13,8.61,0.27645409654506803,1.3719081114196235e-07,0.9999997229692247,0.08866948573476467
3333,1,C_raw_focal_noW,11,0.09173459400017236,2.0,0.75,0.9867549668874173,0.9230769230769231,0.9230769230769231,0.9579152731326644,0.9977703455964326,0.9774161735700195,137,1,1,12,151,13,8.61,0.2565765301242243,0.0016613620733449885,0.9968122478795174,0.09273882568599509
3333,1,D_raw_focal_W,11,0.09733635000020513,2.0,0.75,0.9867549668874173,0.9230769230769231,0.9230769230769231,0.9579152731326644,0.9988851727982162,0.9885883347421807,137,1,1,12,151,13,8.61,0.2666009016987777,0.0012259984601363067,0.9972179264604646,0.09609905389075474
3333,1,E_all_ce_noW,12,0.2198137149998729,2.0,0.75,0.9801324503311258,0.9166666666666666,0.8461538461538461,0.9345848375451263,0.9983277591973244,0.9821780783319243,137,1,2,11,151,13,8.61,0.26554192880185834,2.819104147974266e-08,0.999999349114302,0.08056045746250035
3333,1,F_all_ce_W,12,0.21250100499992186,2.0,0.75,0.9867549668874173,0.9230769230769231,0.9230769230769231,0.9579152731326644,0.9977703455964326,0.9774161735700195,137,1,1,12,151,13,8.61,0.27636785172903783,1.4263936565889416e-07,0.9999996763292207,0.08712746487240083
3333,1,G_all_focal_noW,12,0.1561334309999438,2.0,0.75,0.9867549668874173,0.9230769230769231,0.9230769230769231,0.9579152731326644,0.9983277591973244,0.9838264299802759,137,1,1,12,151,13,8.61,0.2625308602742343,0.001583201195658872,0.99560621209543,0.09512148775435736
3333,1,H_all_focal_W,12,0.15881191300013597,2.0,0.75,0.9867549668874173,0.9230769230769231,0.9230769230769231,0.9579152731326644,0.9988851727982162,0.9885883347421807,137,1,1,12,151,13,8.61,0.2628517601608204,0.0010752643279767827,0.9966365922823262,0.09290587307388541
3333,1,LEGACY_A,11,0.1886055469999519,2.0,0.75,0.9933774834437086,0.9285714285714286,1.0,0.9796632996632997,0.9983277591973244,0.9821780783319243,137,1,0,13,151,13,8.61,0.28046151786962803,2.745011705963013e-08,0.9999995669783178,0.09102335275803738
3333,2,A_raw_ce_noW,11,0.17053074200021,2.0,0.75,0.9867549668874173,0.875,1.0,0.9629901960784314,1.0,0.9999999999999998,135,2,0,14,151,14,9.27,0.3067309786123748,2.6869246215139612e-08,0.9999995513704082,0.1059146499331972
3333,2,B_raw_ce_W,11,0.18959678400005942,2.0,0.75,0.9867549668874173,0.875,1.0,0.9629901960784314,1.0,0.9999999999999999,135,2,0,14,151,14,9.27,0.30709396579294196,1.2389307833981331e-07,0.999999824310104,0.10624362723781197
3333,2,C_raw_focal_noW,11,0.1502183999996305,2.0,0.75,0.9867549668874173,0.875,1.0,0.9629901960784314,1.0,0.9999999999999999,135,2,0,14,151,14,9.27,0.29404545691264833,0.0017002716657992596,0.9953423539891808,0.11586630451272009
3333,2,D_raw_focal_W,11,0.1575332120000894,2.0,0.75,0.9867549668874173,0.875,1.0,0.9629901960784314,1.0,0.9999999999999999,135,2,0,14,151,14,9.27,0.29640711157877087,0.0015262724230727276,0.9970578238528479,0.11579260513790017
3333,2,E_all_ce_noW,12,0.19353303599973515,2.0,0.75,0.9867549668874173,0.875,1.0,0.9629901960784314,1.0,0.9999999999999999,135,2,0,14,151,14,9.27,0.30605542960422555,2.9614575407678474e-08,0.9999996995855195,0.1067773659576237
3333,2,F_all_ce_W,12,0.21183305799968366,2.0,0.75,0.9867549668874173,0.875,1.0,0.9629901960784314,1.0,0.9999999999999998,135,2,0,14,151,14,9.27,0.3082625235122936,1.4071798832776068e-07,0.9999997581657479,0.10867878375918917
3333,2,G_all_focal_noW,12,0.16313334299957205,2.0,0.75,0.9867549668874173,0.875,1.0,0.9629901960784314,1.0,0.9999999999999999,135,2,0,14,151,14,9.27,0.29100632540664556,0.0018457402893522947,0.9965246077914085,0.1125447758007139
3333,2,H_all_focal_W,12,0.15711514600025112,2.0,0.75,0.9867549668874173,0.875,1.0,0.9629901960784314,1.0,0.9999999999999999,135,2,0,14,151,14,9.27,0.2987151110972967,0.001316153732864815,0.9967669739478942,0.11608177531451842
3333,2,LEGACY_A,11,0.18896610499996314,2.0,0.75,0.9867549668874173,0.875,1.0,0.9629901960784314,1.0,0.9999999999999998,135,2,0,14,151,14,9.27,0.3056722519046779,2.6120278290686078e-08,0.9999997281315243,0.10564211914364884
3333,3,A_raw_ce_noW,11,0.1754836059999434,2.0,0.75,0.9801324503311258,1.0,0.7857142857142857,0.9345848375451263,0.9927007299270073,0.9463474025974024,137,0,3,11,151,14,9.27,0.25476896530603793,2.748694741082427e-08,0.9999995661849089,0.07290405977526236
3333,3,B_raw_ce_W,11,0.19539970100004211,2.0,0.75,0.9735099337748344,0.9166666666666666,0.7857142857142857,0.9158305462653289,0.9932221063607924,0.9504290352504636,136,1,3,11,151,14,9.27,0.2615965152527838,9.866015968063276e-08,0.9999997036773441,0.07683601424439387
3333,3,C_raw_focal_noW,11,0.14700607900022078,2.0,0.75,0.9735099337748344,0.9166666666666666,0.7857142857142857,0.9158305462653289,0.989051094890511,0.9411016019310949,136,1,3,11,151,14,9.27,0.2509580626053025,0.0016225030217822528,0.9971524625706971,0.08717143353308754
3333,3,D_raw_focal_W,11,0.15363959999967847,2.0,0.75,0.9735099337748344,0.9166666666666666,0.7857142857142857,0.9158305462653289,0.9947862356621481,0.9576060687432866,136,1,3,11,151,14,9.27,0.2546128866483369,0.001231346870196929,0.9978808761147878,0.08748030115339804
3333,3,E_all_ce_noW,12,0.19576673400024447,2.0,0.75,0.9801324503311258,1.0,0.7857142857142857,0.9345848375451263,0.9911366006256517,0.9391456582633051,137,0,3,11,151,14,9.27,0.25597876545829296,2.7679426733155726e-08,0.9999996760353579,0.07304901144320838
3333,3,F_all_ce_W,12,0.21707475499988504,2.0,0.75,0.9801324503311258,1.0,0.7857142857142857,0.9345848375451263,0.9895724713242962,0.9329059829059827,137,0,3,11,151,14,9.27,0.2594102755580566,1.1437523255807451e-07,0.9999998027310405,0.07504350597687622
3333,3,G_all_focal_noW,12,0.19619741899987275,2.0,0.75,0.9735099337748344,0.9166666666666666,0.7857142857142857,0.9158305462653289,0.9911366006256517,0.9492673992673992,136,1,3,11,151,14,9.27,0.25220370420470223,0.0016687105845950092,0.9965636587152711,0.08821033469159194
3333,3,H_all_focal_W,12,0.17759249399978216,2.0,0.75,0.9735099337748344,0.9166666666666666,0.7857142857142857,0.9158305462653289,0.9906152241918665,0.9420115268329552,136,1,3,11,151,14,9.27,0.25751390101004473,0.001012310056489938,0.9973073999695891,0.09088888084399359
3333,3,LEGACY_A,11,0.19259011399981318,2.0,0.75,0.9735099337748344,0.9166666666666666,0.7857142857142857,0.9158305462653289,0.9958289885297185,0.9643990929705213,136,1,3,11,151,14,9.27,0.2668729996747362,2.6582836341053486e-08,0.9999996604797949,0.07867180326541054
3333,4,A_raw_ce_noW,11,0.11024982400022054,2.0,0.75,0.9867549668874173,1.0,0.8571428571428571,0.9579152731326644,0.9958289885297185,0.9740259740259738,137,0,2,12,151,14,9.27,0.26098959990712445,2.7375325353220693e-08,0.9999987732073716,0.07964293330305983
3333,4,B_raw_ce_W,11,0.1178973619998942,2.0,0.75,0.9867549668874173,0.9285714285714286,0.9285714285714286,0.9606360792492179,0.9927007299270073,0.960506424792139,136,1,1,13,151,14,9.27,0.2770971350360542,8.67730023070197e-08,0.9999994596771256,0.08835715208748182
3333,4,C_raw_focal_noW,11,0.09548106800002643,2.0,0.75,0.9867549668874173,1.0,0.8571428571428571,0.9579152731326644,0.9937434827945777,0.967032967032967,137,0,2,12,151,14,9.27,0.2547083267401525,0.0012293886350697623,0.9967478179926895,0.08705849174342466
3333,4,D_raw_focal_W,11,0.11640564900017125,2.0,0.75,0.9867549668874173,0.9285714285714286,0.9285714285714286,0.9606360792492179,0.9890510948905109,0.9571428571428573,136,1,1,13,151,14,9.27,0.2639838365348041,0.0011731704494134844,0.996975661813718,0.0923116764164409
3333,4,E_all_ce_noW,12,0.120117874999778,2.0,0.75,0.9801324503311258,1.0,0.7857142857142857,0.9345848375451263,0.9848800834202295,0.9518272425249168,137,0,3,11,151,14,9.27,0.2582111178885997,2.9015037567727797e-08,0.9999996501856736,0.07424858334190745
3333,4,F_all_ce_W,12,0.13367330500022945,2.0,0.75,0.9867549668874173,1.0,0.8571428571428571,0.9579152731326644,0.9822732012513034,0.9494047619047619,137,0,2,12,151,14,9.27,0.26322664732977186,1.3178451328239334e-07,0.9999997769893441,0.07912283031860573
3333,4,G_all_focal_noW,12,0.09706163800001377,2.0,0.75,0.9867549668874173,1.0,0.8571428571428571,0.9579152731326644,0.9895724713242962,0.9579831932773109,137,0,2,12,151,14,9.27,0.2549467439211387,0.0018350173663359984,0.9958201298552755,0.08887858190175145
3333,4,H_all_focal_W,12,0.09741796800017255,2.0,0.75,0.9933774834437086,1.0,0.9285714285714286,0.9796632996632997,0.983837330552659,0.9507936507936507,137,0,1,13,151,14,9.27,0.26536285044832786,0.0009930135765121183,0.9971395481458992,0.09385276720052738
3333,4,LEGACY_A,11,0.11579343699986566,2.0,0.75,0.9801324503311258,1.0,0.7857142857142857,0.9345848375451263,0.9942648592283628,0.9685714285714284,137,0,3,11,151,14,9.27,0.26096113427950907,2.6752547174341495e-08,0.9999993695697162,0.08005265864378036
3333,5,A_raw_ce_noW,11,0.09818468899993604,2.0,0.75,0.9867549668874173,1.0,0.8571428571428571,0.9579152731326644,0.9854014598540146,0.9321428571428569,137,0,2,12,151,14,9.27,0.2703565464229423,3.490773044901891e-08,0.9999997720002947,0.07945635113793979
3333,5,B_raw_ce_W,11,0.12310582899999645,2.0,0.75,0.9867549668874173,1.0,0.8571428571428571,0.9579152731326644,0.9781021897810218,0.9221938775510203,137,0,2,12,151,14,9.27,0.27044252656570855,1.3762336700482724e-07,0.9999998490634782,0.07954398175183824
3333,5,C_raw_focal_noW,11,0.09185808699976405,2.0,0.75,0.9867549668874173,1.0,0.8571428571428571,0.9579152731326644,0.9827945776850886,0.9245425549773374,137,0,2,12,151,14,9.27,0.2605902022886448,0.003432915401646075,0.9958132360866827,0.08802348059874411
3333,5,D_raw_focal_W,11,0.09734318700020594,2.0,0.75,0.9867549668874173,1.0,0.8571428571428571,0.9579152731326644,0.9838373305526591,0.9237924560505204,137,0,2,12,151,14,9.27,0.26529376338980926,0.0019142865851621822,0.9966923309635154,0.09041675530842387
3333,5,E_all_ce_noW,12,0.11641329499980202,2.0,0.75,0.9867549668874173,1.0,0.8571428571428571,0.9579152731326644,0.9900938477580814,0.9513056835637479,137,0,2,12,151,14,9.27,0.27038253974004245,3.727223983927587e-08,0.9999997285844031,0.07952060359157917
3333,5,F_all_ce_W,12,0.11518530599960286,2.0,0.75,0.9867549668874173,1.0,0.8571428571428571,0.9579152731326644,0.9807090719499478,0.9231601731601731,137,0,2,12,151,14,9.27,0.2703781322995963,1.759888248940736e-07,0.9999998103362484,0.07982785285884011
3333,5,G_all_focal_noW,12,0.09265132400014409,2.0,0.75,0.9867549668874173,1.0,0.8571428571428571,0.9579152731326644,0.9812304483837331,0.9193121693121691,137,0,2,12,151,14,9.27,0.2627499590628979,0.002855714005714352,0.9959191590750496,0.08981564039212994
3333,5,H_all_focal_W,12,0.09318832200006,2.0,0.75,0.9867549668874173,1.0,0.8571428571428571,0.9579152731326644,0.9812304483837331,0.9206015037593984,137,0,2,12,151,14,9.27,0.26719203571070277,0.00266715680282692,0.9966295097002341,0.09422872329302191
3333,5,LEGACY_A,11,0.1017241960003048,2.0,0.75,0.9867549668874173,1.0,0.8571428571428571,0.9579152731326644,0.9827945776850887,0.9218374218374217,137,0,2,12,151,14,9.27,0.2704266664062594,3.0514065126029075e-08,0.9999996978120632,0.07962102711269795
3333,6,A_raw_ce_noW,11,0.12969931399993584,2.0,0.75,0.9933774834437086,1.0,0.9230769230769231,0.9781949458483754,0.9994425863991081,0.9945054945054943,138,0,1,12,151,13,8.61,0.26489760234618764,2.7954958714335513e-08,0.9999995644843964,0.08062411023423993
3333,6,B_raw_ce_W,11,0.11559952799962048,2.0,0.75,0.9933774834437086,1.0,0.9230769230769231,0.9781949458483754,0.9994425863991081,0.9945054945054943,138,0,1,12,151,13,8.61,0.26903041026200886,1.1906405932906236e-07,0.9999997598935256,0.0839361237997993
3333,6,C_raw_focal_noW,11,0.09485482700029024,2.0,0.75,0.9933774834437086,0.9285714285714286,1.0,0.9796632996632997,1.0,0.9999999999999998,137,1,0,13,151,13,8.61,0.26215519143242133,0.0012065473352887864,0.9976610318299747,0.08990505235498725
3333,6,D_raw_focal_W,11,0.09391873699996722,2.0,0.75,0.9933774834437086,0.9285714285714286,1.0,0.9796632996632997,1.0,0.9999999999999998,137,1,0,13,151,13,8.61,0.26889361225436287,0.0007904242699409254,0.9978646816221179,0.09340575270170445
3333,6,E_all_ce_noW,12,0.12109761300007449,2.0,0.75,0.9933774834437086,0.9285714285714286,1.0,0.9796632996632997,0.9988851727982162,0.9885883347421807,137,1,0,13,151,13,8.61,0.28488101696272106,2.799950479973554e-08,0.9999996935229722,0.09099548276180473
3333,6,F_all_ce_W,12,0.12813731500000358,2.0,0.75,0.9933774834437086,0.9285714285714286,1.0,0.9796632996632997,0.9994425863991081,0.9945054945054943,137,1,0,13,151,13,8.61,0.2799489173029692,1.4259528191373648e-07,0.9999997854786385,0.08909115653229036
3333,6,G_all_focal_noW,12,0.09701892500015674,2.0,0.75,0.9933774834437086,0.9285714285714286,1.0,0.9796632996632997,0.9983277591973244,0.9821780783319243,137,1,0,13,151,13,8.61,0.2694505546149862,0.0009268106372081629,0.9969623343964762,0.09280479367566258
3333,6,H_all_focal_W,12,0.09728681799970218,2.0,0.75,0.9933774834437086,0.9285714285714286,1.0,0.9796632996632997,0.9994425863991081,0.9945054945054943,137,1,0,13,151,13,8.61,0.27505312887274236,0.0007698736873420368,0.9978893026347756,0.09519278093391917
3333,6,LEGACY_A,11,0.13342373300019972,2.0,0.75,0.9933774834437086,0.9285714285714286,1.0,0.9796632996632997,1.0,0.9999999999999998,137,1,0,13,151,13,8.61,0.2798182449761264,2.6202777256469534e-08,0.9999996000242718,0.0886680004421353
3333,7,A_raw_ce_noW,11,0.11061254100013684,2.0,0.75,0.9867549668874173,1.0,0.8571428571428571,0.9579152731326644,0.9994786235662149,0.995238095238095,137,0,2,12,151,14,9.27,0.2661968798386619,2.7578998994850243e-08,0.9999995990468931,0.08122706716513071
3333,7,B_raw_ce_W,11,0.11572751800031256,2.0,0.75,0.9933774834437086,1.0,0.9285714285714286,0.9796632996632997,0.9994786235662149,0.995238095238095,137,0,1,13,151,14,9.27,0.271783582905317,1.3484886352930718e-07,0.9999996826671856,0.08418304770340153
3333,7,C_raw_focal_noW,11,0.0942627309996169,2.0,0.75,0.9933774834437086,1.0,0.9285714285714286,0.9796632996632997,1.0,0.9999999999999999,137,0,1,13,151,14,9.27,0.2589220070850759,0.0013366364204299673,0.9975885844724267,0.09334327634729653
3333,7,D_raw_focal_W,11,0.09357113699979891,2.0,0.75,0.9933774834437086,1.0,0.9285714285714286,0.9796632996632997,0.9989572471324296,0.9910714285714284,137,0,1,13,151,14,9.27,0.2653603609443681,0.0009165229606460137,0.9981943349183355,0.09617334528726044
3333,7,E_all_ce_noW,12,0.11916581199966458,2.0,0.75,0.9867549668874173,1.0,0.8571428571428571,0.9579152731326644,0.9994786235662149,0.995238095238095,137,0,2,12,151,14,9.27,0.2684137945625311,2.599609201118536e-08,0.9999996853191042,0.08173793188621178
3333,7,F_all_ce_W,12,0.13453714000024775,2.0,0.75,0.9933774834437086,1.0,0.9285714285714286,0.9796632996632997,1.0,0.9999999999999998,137,0,1,13,151,14,9.27,0.27555736959855814,1.4329566541892983e-07,0.9999997681628148,0.08602233191174818
3333,7,G_all_focal_noW,12,0.10065276500017717,2.0,0.75,0.9933774834437086,1.0,0.9285714285714286,0.9796632996632997,1.0,0.9999999999999999,137,0,1,13,151,14,9.27,0.2633607752588808,0.0013489045450295555,0.9966358419902228,0.09626745618962719
3333,7,H_all_focal_W,12,0.11929269700021905,2.0,0.75,0.9933774834437086,1.0,0.9285714285714286,0.9796632996632997,0.9994786235662149,0.9952380952380951,137,0,1,13,151,14,9.27,0.27130522709701943,0.0008475723980590742,0.9977320230432898,0.0993366315456318
3333,7,LEGACY_A,11,0.11516418000019257,2.0,0.75,0.9867549668874173,1.0,0.8571428571428571,0.9579152731326644,0.9994786235662149,0.995238095238095,137,0,2,12,151,14,9.27,0.2719032376800058,2.304921552306154e-08,0.9999996967350164,0.085085638046361
3333,8,A_raw_ce_noW,11,0.10180254999977478,2.0,0.75,0.9668874172185431,0.9090909090909091,0.7142857142857143,0.8909747292418773,0.9937434827945777,0.9513507326007324,136,1,4,10,151,14,9.27,0.25983720096501206,4.426635094256077e-08,0.9999994362491952,0.07558159937905036
3333,8,B_raw_ce_W,11,0.11087431700025263,2.0,0.75,0.9801324503311258,0.9230769230769231,0.8571428571428571,0.938989898989899,0.9921793534932221,0.9427378177378176,136,1,2,12,151,14,9.27,0.27022626332131033,1.4807385769836299e-07,0.9999998142213627,0.08292395278547679
3333,8,C_raw_focal_noW,11,0.08961486899988813,2.0,0.75,0.9735099337748344,0.9166666666666666,0.7857142857142857,0.9158305462653289,0.9932221063607924,0.9491862304362304,136,1,3,11,151,14,9.27,0.25222673682614466,0.002577572143150412,0.9943439196313507,0.08835208880447855
3333,8,D_raw_focal_W,11,0.09126574499987328,2.0,0.75,0.9801324503311258,0.9230769230769231,0.8571428571428571,0.938989898989899,0.9916579770594369,0.9419844861021329,136,1,2,12,151,14,9.27,0.25883175226603755,0.00240609562935709,0.9957229904478978,0.09190018345857784
3333,8,E_all_ce_noW,12,0.11440035800023907,2.0,0.75,0.9801324503311258,1.0,0.7857142857142857,0.9345848375451263,0.9890510948905109,0.9464285714285714,137,0,3,11,151,14,9.27,0.2549805625587346,3.6593254303301055e-08,0.9999994848275168,0.07376317355268584
3333,8,F_all_ce_W,12,0.1470042089999879,2.0,0.75,0.9867549668874173,1.0,0.8571428571428571,0.9579152731326644,0.9827945776850886,0.9245425549773375,137,0,2,12,151,14,9.27,0.26813971804926034,1.49408690424102e-07,0.9999998036551759,0.08019329613059424
3333,8,G_all_focal_noW,12,0.0964026029996603,2.0,0.75,0.9867549668874173,1.0,0.8571428571428571,0.9579152731326644,0.9880083420229406,0.9345525649873474,137,0,2,12,151,14,9.27,0.24866893506487586,0.0022827175030432864,0.9953704746889014,0.08421497966840476
3333,8,H_all_focal_W,12,0.09476756200001546,2.0,0.75,0.9867549668874173,1.0,0.8571428571428571,0.9579152731326644,0.9838373305526591,0.9252450980392155,137,0,2,12,151,14,9.27,0.25473061169241656,0.0023219493430442373,0.9961785354801251,0.08753583875822539
3333,8,LEGACY_A,11,0.10432686200010721,2.0,0.75,0.9735099337748344,0.9166666666666666,0.7857142857142857,0.9158305462653289,0.9895724713242962,0.931382023773328,136,1,3,11,151,14,9.27,0.2644110435531528,3.39803895304118e-08,0.9999996136432002,0.07941758293133218
3333,9,A_raw_ce_noW,11,0.10280416300020079,2.0,0.75,0.9867549668874173,1.0,0.8571428571428571,0.9579152731326644,0.9843587069864442,0.9467252017085903,137,0,2,12,151,14,9.27,0.2723707942159789,2.833628972555307e-08,0.9999995106211309,0.08307865817736573
3333,9,B_raw_ce_W,11,0.11127413599979263,2.0,0.75,0.9801324503311258,0.9230769230769231,0.8571428571428571,0.938989898989899,0.9859228362877999,0.9446886446886447,136,1,2,12,151,14,9.27,0.2732986212684664,1.1920633825777309e-07,0.9999997634666882,0.08377760666381714
3333,9,C_raw_focal_noW,11,0.09124662399972294,2.0,0.75,0.9801324503311258,0.9230769230769231,0.8571428571428571,0.938989898989899,0.9859228362877999,0.9446886446886447,136,1,2,12,151,14,9.27,0.26657451517482295,0.0018806407489239734,0.9974833367815017,0.09517394952511914
3333,9,D_raw_focal_W,11,0.09731429800012847,2.0,0.75,0.9801324503311258,0.9230769230769231,0.8571428571428571,0.938989898989899,0.9916579770594369,0.9579521463757916,136,1,2,12,151,14,9.27,0.2707286949894975,0.0011770629172359209,0.9980863287369737,0.09712046272939923
3333,9,E_all_ce_noW,12,0.13398527299978014,2.0,0.75,0.9867549668874173,1.0,0.8571428571428571,0.9579152731326644,0.9838373305526591,0.9423034330011074,137,0,2,12,151,14,9.27,0.270571358830143,2.9316209939010657e-08,0.9999996633186407,0.08160873930981026
3333,9,F_all_ce_W,12,0.12500897700010682,2.0,0.75,0.9867549668874173,1.0,0.8571428571428571,0.9579152731326644,0.986444212721585,0.9453634085213032,137,0,2,12,151,14,9.27,0.27040606956985835,1.2267301842087046e-07,0.9999997430021682,0.08163338744454482
3333,9,G_all_focal_noW,12,0.09992003100023794,2.0,0.75,0.9801324503311258,0.9230769230769231,0.8571428571428571,0.938989898989899,0.9854014598540146,0.940819597069597,136,1,2,12,151,14,9.27,0.2677427996406555,0.002186425209973708,0.9974098660007837,0.09447499491840486
3333,9,H_all_focal_W,12,0.09412328700000216,2.0,0.75,0.9867549668874173,1.0,0.8571428571428571,0.9579152731326644,0.9921793534932222,0.9560846560846559,137,0,2,12,151,14,9.27,0.2683702656734794,0.0015165563521075734,0.9979834186923586,0.09376916863257197
3333,9,LEGACY_A,11,0.10750833900010548,2.0,0.75,0.9801324503311258,0.9230769230769231,0.8571428571428571,0.938989898989899,0.9827945776850887,0.9350205198358412,136,1,2,12,151,14,9.27,0.278505806998838,2.7882630721535322e-08,0.9999996416363331,0.08611110536325559
3333,10,A_raw_ce_noW,11,0.1124577139999019,2.0,0.75,0.9933774834437086,1.0,0.9285714285714286,0.9796632996632997,1.0,0.9999999999999998,137,0,1,13,151,14,9.27,0.28035597922569777,2.720602172186125e-08,0.9999996042332392,0.08765745864634548
3333,10,B_raw_ce_W,11,0.1205398540000715,2.0,0.75,0.9933774834437086,1.0,0.9285714285714286,0.9796632996632997,1.0,0.9999999999999998,137,0,1,13,151,14,9.27,0.28193871367688184,1.1963582988246925e-07,0.9999997266389814,0.09112499679098117
3333,10,C_raw_focal_noW,11,0.09307965199968748,2.0,0.75,0.9933774834437086,1.0,0.9285714285714286,0.9796632996632997,1.0,0.9999999999999998,137,0,1,13,151,14,9.27,0.2768610333400591,0.0010364808637767728,0.997919355754455,0.10325646742431169
3333,10,D_raw_focal_W,11,0.10651822299996638,2.0,0.75,0.9933774834437086,1.0,0.9285714285714286,0.9796632996632997,1.0,0.9999999999999998,137,0,1,13,151,14,9.27,0.27876612319468796,0.0009798691792116195,0.9978990142921964,0.10296760747741818
3333,10,E_all_ce_noW,12,0.12112122100006673,2.0,0.75,1.0,1.0,1.0,1.0,1.0,0.9999999999999998,137,0,0,14,151,14,9.27,0.28465257906794367,2.8704769976169285e-08,0.999999560179424,0.0924916925338656
3333,10,F_all_ce_W,12,0.13129071899993505,2.0,0.75,0.9933774834437086,0.9333333333333333,1.0,0.9809271188581534,1.0,0.9999999999999998,136,1,0,14,151,14,9.27,0.29180935523095647,1.412086115506805e-07,0.9999997760416599,0.09800756777674156
3333,10,G_all_focal_noW,12,0.09916735499973584,2.0,0.75,0.9867549668874173,0.9285714285714286,0.9285714285714286,0.9606360792492179,0.9994786235662149,0.995238095238095,136,1,1,13,151,14,9.27,0.2781546229588762,0.0016164968804783975,0.9970300530669614,0.10519592538444121
3333,10,H_all_focal_W,12,0.09902814499992019,2.0,0.75,0.9933774834437086,0.9333333333333333,1.0,0.9809271188581534,1.0,0.9999999999999998,136,1,0,14,151,14,9.27,0.2813898849003692,0.0011726097012333112,0.9977417163561539,0.10703430320985716
3333,10,LEGACY_A,11,0.11072992299978068,2.0,0.75,1.0,1.0,1.0,1.0,1.0,0.9999999999999998,137,0,0,14,151,14,9.27,0.2873663166944571,2.6647596631847005e-08,0.999999653988699,0.09440299863728727
3333,11,A_raw_ce_noW,11,0.10190864899959706,2.0,0.75,0.9867549668874173,1.0,0.8461538461538461,0.954736211031175,0.9927536231884058,0.9615384615384612,138,0,2,11,151,13,8.61,0.2581109916821878,3.340427668610345e-08,0.9999995616725535,0.07462850873278494
3333,11,B_raw_ce_W,11,0.13194150799972704,2.0,0.75,0.9867549668874173,1.0,0.8461538461538461,0.954736211031175,0.9888517279821628,0.9533799533799532,138,0,2,11,151,13,8.61,0.2618429762936264,1.339667183227785e-07,0.999999789147717,0.07770461271597712
3333,11,C_raw_focal_noW,11,0.09188589199993658,2.0,0.75,0.9867549668874173,1.0,0.8461538461538461,0.954736211031175,0.9933110367892977,0.9630769230769227,138,0,2,11,151,13,8.61,0.2501899933875338,0.001616085479307338,0.9975354484534734,0.08456789478520171
3333,11,D_raw_focal_W,11,0.09405801600041741,2.0,0.75,0.9867549668874173,1.0,0.8461538461538461,0.954736211031175,0.992196209587514,0.9601139601139599,138,0,2,11,151,13,8.61,0.25297989562758094,0.0013223890208606782,0.9978262924091927,0.0831929769811212
3333,11,E_all_ce_noW,12,0.11602787499987244,2.0,0.75,0.9867549668874173,1.0,0.8461538461538461,0.954736211031175,0.9949832775919732,0.9685314685314683,138,0,2,11,151,13,8.61,0.25934725703702466,3.2042847638728314e-08,0.9999996844194018,0.07338828711449813
3333,11,F_all_ce_W,12,0.1250844619999043,2.0,0.75,0.9867549668874173,1.0,0.8461538461538461,0.954736211031175,0.9916387959866221,0.9541968003506462,138,0,2,11,151,13,8.61,0.26006902707329055,1.494263438459685e-07,0.9999997450675945,0.07592327333052017
3333,11,G_all_focal_noW,12,0.09408481800028312,2.0,0.75,0.9867549668874173,1.0,0.8461538461538461,0.954736211031175,0.9882943143812709,0.9524886877828052,138,0,2,11,151,13,8.61,0.24996253016275394,0.002114834786370729,0.9978400524537675,0.08171721048161157
3333,11,H_all_focal_W,12,0.09744946599994364,2.0,0.75,0.9867549668874173,1.0,0.8461538461538461,0.954736211031175,0.9849498327759197,0.9480769230769228,138,0,2,11,151,13,8.61,0.2531766343194193,0.0013688143318865444,0.9980322786232464,0.08398477987269709
3333,11,LEGACY_A,11,0.11236301600001752,2.0,0.75,0.9867549668874173,1.0,0.8461538461538461,0.954736211031175,0.9916387959866221,0.9587912087912085,138,0,2,11,151,13,8.61,0.25955205235087625,2.7992453641149472e-08,0.9999996309316362,0.07431221856381166
3333,12,A_raw_ce_noW,11,0.1257626749998053,2.0,0.75,0.9933774834437086,1.0,0.9285714285714286,0.9796632996632997,1.0,0.9999999999999998,137,0,1,13,151,14,9.27,0.28117161304394955,2.7887637530618368e-08,0.9999989267370027,0.08839409771716747
3333,12,B_raw_ce_W,11,0.16038156500007972,2.0,0.75,1.0,1.0,1.0,1.0,1.0,0.9999999999999998,137,0,0,14,151,14,9.27,0.2838579931209936,1.2773763964066056e-07,0.99999944839615,0.0903166870080517
3333,12,C_raw_focal_noW,11,0.1557602240000051,2.0,0.75,1.0,1.0,1.0,1.0,1.0,0.9999999999999999,137,0,0,14,151,14,9.27,0.27646436433662214,0.0011828616716615182,0.9971320630501496,0.09650161905736106
3333,12,D_raw_focal_W,11,0.1597901059999458,2.0,0.75,1.0,1.0,1.0,1.0,1.0,0.9999999999999998,137,0,0,14,151,14,9.27,0.2828572209349531,0.000719017250025821,0.9979338104833448,0.09813803204964398
3333,12,E_all_ce_noW,12,0.21318259800000305,2.0,0.75,1.0,1.0,1.0,1.0,1.0,0.9999999999999998,137,0,0,14,151,14,9.27,0.28505764379632065,2.764234280414056e-08,0.9999993821640449,0.09089303613095753
3333,12,F_all_ce_W,12,0.24466818800010515,2.0,0.75,1.0,1.0,1.0,1.0,1.0,0.9999999999999998,137,0,0,14,151,14,9.27,0.287119599045579,1.3940916214784018e-07,0.9999995780248685,0.09177245147396754
3333,12,G_all_focal_noW,12,0.15809028700005,2.0,0.75,1.0,1.0,1.0,1.0,1.0,0.9999999999999998,137,0,0,14,151,14,9.27,0.27840773141088915,0.0014023753890316135,0.9970382818470089,0.09669269244353366
3333,12,H_all_focal_W,12,0.1561903510000775,2.0,0.75,1.0,1.0,1.0,1.0,1.0,0.9999999999999998,137,0,0,14,151,14,9.27,0.28024199854471094,0.000950660851818425,0.9978490968850028,0.09641008794485018
3333,12,LEGACY_A,11,0.19495217499979844,2.0,0.75,1.0,1.0,1.0,1.0,1.0,0.9999999999999998,137,0,0,14,151,14,9.27,0.28908210864030887,2.6795780497542944e-08,0.9999994006042947,0.09242587656059606
3333,13,A_raw_ce_noW,11,0.15858253600026728,2.0,0.75,0.9735099337748344,0.9166666666666666,0.7857142857142857,0.9158305462653289,0.9822732012513036,0.9397140126953791,136,1,3,11,151,14,9.27,0.2730837780272529,3.9122859046232366e-08,0.9999993704932969,0.0857336892779225
3333,13,B_raw_ce_W,11,0.194735165000111,2.0,0.75,0.9801324503311258,0.9230769230769231,0.8571428571428571,0.938989898989899,0.9796663190823774,0.9335531135531134,136,1,2,12,151,14,9.27,0.2743525455236453,1.510245253310036e-07,0.9999997115295212,0.08769077919670021
3333,13,C_raw_focal_noW,11,0.14372882499992556,2.0,0.75,0.9668874172185431,0.8461538461538461,0.7857142857142857,0.8983164983164983,0.9739311783107403,0.9181342364532019,135,2,3,11,151,14,9.27,0.26275645593958324,0.002628479097398194,0.9965455005343324,0.09848391945071797
3333,13,D_raw_focal_W,11,0.1465151679999508,2.0,0.75,0.9801324503311258,0.9230769230769231,0.8571428571428571,0.938989898989899,0.9843587069864442,0.9417844060701202,136,1,2,12,151,14,9.27,0.27073985484820323,0.001877223965957292,0.9974829973337518,0.1003637527138755
3333,13,E_all_ce_noW,12,0.18741159100000004,2.0,0.75,0.9735099337748344,0.9166666666666666,0.7857142857142857,0.9158305462653289,0.9791449426485923,0.928843537414966,136,1,3,11,151,14,9.27,0.2700956105734046,2.9234068265905282e-08,0.9999994175170066,0.0842355899168798
3333,13,F_all_ce_W,12,0.19976164099989546,2.0,0.75,0.9801324503311258,0.9230769230769231,0.8571428571428571,0.938989898989899,0.9775808133472368,0.9255009696186165,136,1,2,12,151,14,9.27,0.2798420770236015,1.4203216943247037e-07,0.9999996527591168,0.09282499236641197
3333,13,G_all_focal_noW,12,0.1455879919999461,2.0,0.75,0.9801324503311258,0.9230769230769231,0.8571428571428571,0.938989898989899,0.9791449426485923,0.9331609566903682,136,1,2,12,151,14,9.27,0.2608014204238753,0.0029181618516652343,0.9960225634552792,0.10068429129073041
3333,13,H_all_focal_W,12,0.15431178600010753,2.0,0.75,0.9801324503311258,0.9230769230769231,0.8571428571428571,0.938989898989899,0.9781021897810219,0.9324210380814153,136,1,2,12,151,14,9.27,0.2713995563536877,0.002204894266740199,0.9965459637058995,0.10483683332075079
3333,13,LEGACY_A,11,0.16242514099985783,2.0,0.75,0.9801324503311258,0.9230769230769231,0.8571428571428571,0.938989898989899,0.9833159541188738,0.9407021549878691,136,1,2,12,151,14,9.27,0.2779401387400262,3.498771569370823e-08,0.9999996034175577,0.08644475486324207
3333,14,A_raw_ce_noW,11,0.1868865389997154,2.0,0.75,0.9867549668874173,0.9285714285714286,0.9285714285714286,0.9606360792492179,0.9989572471324296,0.9901360544217686,136,1,1,13,151,14,9.27,0.28911911254318706,2.5706101968998e-08,0.9999997157047127,0.09468407098614602
3333,14,B_raw_ce_W,11,0.1903014899999107,2.0,0.75,0.9933774834437086,0.9333333333333333,1.0,0.9809271188581534,0.9994786235662149,0.995238095238095,136,1,0,14,151,14,9.27,0.2935641660746456,1.1260553553059444e-07,0.9999998047149823,0.09956907569743076
3333,14,C_raw_focal_noW,11,0.15245925999988685,2.0,0.75,0.9933774834437086,0.9333333333333333,1.0,0.9809271188581534,0.9994786235662149,0.995238095238095,136,1,0,14,151,14,9.27,0.28315395175928565,0.001055759884415812,0.9970945324758484,0.10622700351856988
3333,14,D_raw_focal_W,11,0.17095903599965823,2.0,0.75,0.9867549668874173,0.875,1.0,0.9629901960784314,0.9989572471324296,0.9901360544217686,135,2,0,14,151,14,9.27,0.2916127064458546,0.0009342147659001804,0.9979042950765475,0.1097025147651574
3333,14,E_all_ce_noW,12,0.19592901800024265,2.0,0.75,0.9867549668874173,0.9285714285714286,0.9285714285714286,0.9606360792492179,0.9989572471324296,0.9910714285714284,136,1,1,13,151,14,9.27,0.2903921357163261,2.657893038613674e-08,0.9999996655036056,0.09613056126377416
3333,14,F_all_ce_W,12,0.22110848500005886,2.0,0.75,0.9867549668874173,0.9285714285714286,0.9285714285714286,0.9606360792492179,0.9989572471324296,0.9910714285714284,136,1,1,13,151,14,9.27,0.2919089405966775,1.3503964003869838e-07,0.9999996989872395,0.09886247416617797
3333,14,G_all_focal_noW,12,0.1714073449998068,2.0,0.75,0.9867549668874173,0.9285714285714286,0.9285714285714286,0.9606360792492179,0.9989572471324296,0.9901360544217686,136,1,1,13,151,14,9.27,0.28292075397105704,0.0012620133050422983,0.9970617581442099,0.10593338865138002
3333,14,H_all_focal_W,12,0.13133432099994025,2.0,0.75,0.9933774834437086,0.9333333333333333,1.0,0.9809271188581534,0.9994786235662149,0.995238095238095,136,1,0,14,151,14,9.27,0.2888928892779193,0.0008260174286449264,0.9978314024313112,0.10737080998506773
3333,14,LEGACY_A,11,0.12102905099982308,2.0,0.75,0.9933774834437086,0.9333333333333333,1.0,0.9809271188581534,0.9994786235662149,0.995238095238095,136,1,0,14,151,14,9.27,0.29204007997901194,2.68438402749585e-08,0.9999996621775322,0.0977076339625682
3333,15,A_raw_ce_noW,11,0.10552133900000626,2.0,0.75,0.9801324503311258,0.9230769230769231,0.8571428571428571,0.938989898989899,0.9937434827945777,0.9586568322981366,136,1,2,12,151,14,9.27,0.2735123746591773,2.82199782041325e-08,0.9999993300183955,0.08578796187415072
3333,15,B_raw_ce_W,11,0.11332222700002603,2.0,0.75,0.9735099337748344,0.8571428571428571,0.8571428571428571,0.9212721584984358,0.9947862356621481,0.9645021645021643,135,2,2,12,151,14,9.27,0.2823581584351396,1.27076345011035e-07,0.9999997733706488,0.09352962625270086
3333,15,C_raw_focal_noW,11,0.09936487100003433,2.0,0.75,0.9801324503311258,0.9230769230769231,0.8571428571428571,0.938989898989899,0.9932221063607924,0.955242966751918,136,1,2,12,151,14,9.27,0.2680321438994219,0.001489598850199382,0.9961449967649544,0.09613752900131603
3333,15,D_raw_focal_W,11,0.09432744000014281,2.0,0.75,0.9801324503311258,0.9230769230769231,0.8571428571428571,0.938989898989899,0.9932221063607924,0.9619309262166404,136,1,2,12,151,14,9.27,0.2750339928870945,0.0011360587938853937,0.9971713574380932,0.10044705500845526
3333,15,E_all_ce_noW,12,0.11766059799992945,2.0,0.75,0.9867549668874173,0.9285714285714286,0.9285714285714286,0.9606360792492179,0.9869655891553701,0.9542124542124542,136,1,1,13,151,14,9.27,0.2855459129013055,2.7453658116757502e-08,0.9999993299331811,0.09450167023883241
3333,15,F_all_ce_W,12,0.12574669200012067,2.0,0.75,0.9867549668874173,0.9285714285714286,0.9285714285714286,0.9606360792492179,0.9869655891553701,0.9497851772287862,136,1,1,13,151,14,9.27,0.2896449490251784,1.4037983594154023e-07,0.9999997512359143,0.0977904926830043
3333,15,G_all_focal_noW,12,0.0940438739999081,2.0,0.75,0.9867549668874173,0.9285714285714286,0.9285714285714286,0.9606360792492179,0.9869655891553701,0.9497851772287862,136,1,1,13,151,14,9.27,0.2716407456862837,0.0016054613051612343,0.9951780293861986,0.10209470835891399
3333,15,H_all_focal_W,12,0.11606094099988695,2.0,0.75,0.9801324503311258,0.8666666666666667,0.9285714285714286,0.94278135657446,0.9838373305526591,0.9461966604823746,135,2,1,13,151,14,9.27,0.2814019160149832,0.0009531016023189475,0.9972181842932286,0.10904621320719202
3333,15,LEGACY_A,11,0.11270390600020619,2.0,0.75,0.9801324503311258,0.9230769230769231,0.8571428571428571,0.938989898989899,0.9916579770594369,0.9522156084656084,136,1,2,12,151,14,9.27,0.27353292113099253,2.6136388932765646e-08,0.9999996983999188,0.08621489915559723
3333,16,A_raw_ce_noW,11,0.11209635800014439,2.0,0.75,0.9867549668874173,0.9230769230769231,0.9230769230769231,0.9579152731326644,0.9988851727982163,0.9897435897435896,137,1,1,12,151,13,8.61,0.26991653341792543,2.7313661120054797e-08,0.9999994850723586,0.08291628090494356
3333,16,B_raw_ce_W,11,0.11712998500024696,2.0,0.75,0.9867549668874173,0.9230769230769231,0.9230769230769231,0.9579152731326644,0.9994425863991081,0.9945054945054943,137,1,1,12,151,13,8.61,0.2733177335486777,1.356430841731287e-07,0.9999996883042587,0.08454059098654751
3333,16,C_raw_focal_noW,11,0.0924759620002078,2.0,0.75,0.9867549668874173,0.9230769230769231,0.9230769230769231,0.9579152731326644,0.9988851727982163,0.9897435897435896,137,1,1,12,151,13,8.61,0.2626803286047406,0.001133524641216781,0.9979607529009719,0.09221772027260311
3333,16,D_raw_focal_W,11,0.1043182519997572,2.0,0.75,0.9867549668874173,0.9230769230769231,0.9230769230769231,0.9579152731326644,0.9988851727982163,0.9897435897435896,137,1,1,12,151,13,8.61,0.26731251357459535,0.0006771120648608416,0.9980966707024689,0.09395842332462406
3333,16,E_all_ce_noW,12,0.12035238199996456,2.0,0.75,0.9867549668874173,0.9230769230769231,0.9230769230769231,0.9579152731326644,0.9994425863991081,0.9945054945054943,137,1,1,12,151,13,8.61,0.26849650870341096,3.058430896249129e-08,0.9999994462099218,0.08261876230300025
3333,16,F_all_ce_W,12,0.1461884709997321,2.0,0.75,0.9867549668874173,0.9230769230769231,0.9230769230769231,0.9579152731326644,0.9994425863991081,0.9945054945054943,137,1,1,12,151,13,8.61,0.2744589992906397,1.34845530134965e-07,0.9999996218669533,0.08792724378009906
3333,16,G_all_focal_noW,12,0.09870090099957451,2.0,0.75,0.9933774834437086,0.9285714285714286,1.0,0.9796632996632997,0.9994425863991081,0.9945054945054943,137,1,0,13,151,13,8.61,0.26794288035466046,0.001310720774609619,0.997260383722973,0.09494687559565519
3333,16,H_all_focal_W,12,0.09973810200017397,2.0,0.75,0.9933774834437086,0.9285714285714286,1.0,0.9796632996632997,0.9994425863991081,0.9945054945054943,137,1,0,13,151,13,8.61,0.27365104252571576,0.000956819141472387,0.99785716618983,0.09647742594206851
3333,16,LEGACY_A,11,0.11912052599973322,2.0,0.75,0.9867549668874173,0.9230769230769231,0.9230769230769231,0.9579152731326644,0.9994425863991081,0.9945054945054943,137,1,1,12,151,13,8.61,0.27854888611950407,2.7114600476111734e-08,0.9999995828836522,0.08623007589508022
3333,17,A_raw_ce_noW,11,0.10571842400031528,2.0,0.75,0.9801324503311258,0.9230769230769231,0.8571428571428571,0.938989898989899,0.9958289885297185,0.9710884353741496,136,1,2,12,151,14,9.27,0.2796108629854905,2.7317365132119305e-08,0.9999992689358606,0.086832859959581
3333,17,B_raw_ce_W,11,0.11501832300018577,2.0,0.75,0.9867549668874173,0.9285714285714286,0.9285714285714286,0.9606360792492179,0.9968717413972888,0.9761009667024703,136,1,1,13,151,14,9.27,0.2853032527733207,1.1753589079025942e-07,0.9999996277887959,0.09132998241657374
3333,17,C_raw_focal_noW,11,0.09408887099971253,2.0,0.75,0.9801324503311258,0.9230769230769231,0.8571428571428571,0.938989898989899,0.9989572471324296,0.9901360544217686,136,1,2,12,151,14,9.27,0.2623292057439592,0.0021283353165168274,0.9958025136701542,0.09415034420698333
3333,17,D_raw_focal_W,11,0.09365414200010491,2.0,0.75,0.9867549668874173,0.9285714285714286,0.9285714285714286,0.9606360792492179,0.9963503649635036,0.976190476190476,136,1,1,13,151,14,9.27,0.26763615113332506,0.0014985484231070066,0.9974206081336542,0.09553418979833815
3333,17,E_all_ce_noW,12,0.14049003999980414,2.0,0.75,0.9801324503311258,1.0,0.7857142857142857,0.9345848375451263,0.9921793534932222,0.9630541871921181,137,0,3,11,151,14,9.27,0.25948197835254055,2.7539373550798628e-08,0.9999995214472667,0.07396697392600442
3333,17,F_all_ce_W,12,0.13229573799981154,2.0,0.75,0.9801324503311258,1.0,0.7857142857142857,0.9345848375451263,0.9916579770594369,0.9619047619047618,137,0,3,11,151,14,9.27,0.2612135933322464,1.325620158697324e-07,0.9999996247071833,0.07636668343299348
3333,17,G_all_focal_noW,12,0.10730267600001753,2.0,0.75,0.9867549668874173,1.0,0.8571428571428571,0.9579152731326644,0.9932221063607924,0.9619309262166404,137,0,2,12,151,14,9.27,0.25660185668540897,0.0014113184287661202,0.9966997515663585,0.08532617013134466
3333,17,H_all_focal_W,12,0.09919580399991901,2.0,0.75,0.9867549668874173,1.0,0.8571428571428571,0.9579152731326644,0.9874869655891554,0.9504964147821289,137,0,2,12,151,14,9.27,0.2586284735412108,0.0011623246277259244,0.9974345180126225,0.08585092020079897
3333,17,LEGACY_A,11,0.11410608799997135,2.0,0.75,0.9801324503311258,0.9230769230769231,0.8571428571428571,0.938989898989899,0.9937434827945777,0.9634693877551019,136,1,2,12,151,14,9.27,0.27378251812246773,2.679938765420769e-08,0.9999995583993274,0.0847390504047503
3333,18,A_raw_ce_noW,11,0.10488164299977143,2.0,0.75,0.9933774834437086,1.0,0.9285714285714286,0.9796632996632997,0.9994786235662149,0.9952380952380951,137,0,1,13,151,14,9.27,0.28030412452884024,2.724483604202242e-08,0.9999995978549737,0.08990614795533226
3333,18,B_raw_ce_W,11,0.11517105800021454,2.0,0.75,0.9933774834437086,0.9333333333333333,1.0,0.9809271188581534,1.0,0.9999999999999999,136,1,0,14,151,14,9.27,0.290631293762349,1.3026904606536307e-07,0.9999996606729463,0.09892318932800935
3333,18,C_raw_focal_noW,11,0.11536409399968761,2.0,0.75,0.9867549668874173,0.9285714285714286,0.9285714285714286,0.9606360792492179,0.9989572471324296,0.9910714285714285,136,1,1,13,151,14,9.27,0.2796107853764273,0.0016149268555734491,0.9977379379194613,0.10738035739953239
3333,18,D_raw_focal_W,11,0.09321260399974562,2.0,0.75,0.9867549668874173,0.875,1.0,0.9629901960784314,0.9989572471324296,0.9910714285714284,135,2,0,14,151,14,9.27,0.28355699747811847,0.0010055547409126462,0.9980668304051696,0.10949934768664098
3333,18,E_all_ce_noW,12,0.12795711599983406,2.0,0.75,0.9801324503311258,0.8666666666666667,0.9285714285714286,0.94278135657446,0.9989572471324296,0.9910714285714286,135,2,1,13,151,14,9.27,0.2883612302273413,2.7609373409799055e-08,0.9999994926472399,0.09698971681196142
3333,18,F_all_ce_W,12,0.1327771749997737,2.0,0.75,0.9933774834437086,0.9333333333333333,1.0,0.9809271188581534,0.9994786235662149,0.995238095238095,136,1,0,14,151,14,9.27,0.29117687883723264,1.0192063568708348e-07,0.999999782212197,0.09790771372691241
3333,18,G_all_focal_noW,12,0.09804891200019483,2.0,0.75,0.9867549668874173,0.9285714285714286,0.9285714285714286,0.9606360792492179,0.9989572471324296,0.9910714285714285,136,1,1,13,151,14,9.27,0.2828839364260437,0.0018383161063909913,0.9973553791594921,0.10710668586567497
3333,18,H_all_focal_W,12,0.09640464199992493,2.0,0.75,0.9867549668874173,0.875,1.0,0.9629901960784314,0.9994786235662149,0.995238095238095,135,2,0,14,151,14,9.27,0.2866214604082758,0.0008780704304942609,0.9978103382368173,0.10998304687326024
3333,18,LEGACY_A,11,0.11444510399996943,2.0,0.75,1.0,1.0,1.0,1.0,1.0,0.9999999999999998,137,0,0,14,151,14,9.27,0.28988297270523583,2.6471223018419884e-08,0.9999995483869758,0.09595845447601764
3333,19,A_raw_ce_noW,11,0.10184779299970614,2.0,0.75,0.9933774834437086,1.0,0.9285714285714286,0.9796632996632997,0.9916579770594369,0.9619047619047618,137,0,1,13,151,14,9.27,0.280406815349268,2.5019797008959577e-08,0.9999996555177665,0.0863003763863134
3333,19,B_raw_ce_W,11,0.12527764600008595,2.0,0.75,0.9933774834437086,1.0,0.9285714285714286,0.9796632996632997,0.9911366006256518,0.9608294930875574,137,0,1,13,151,14,9.27,0.28034950389318586,1.0267853226863449e-07,0.9999997166102276,0.08660646660135572
3333,19,C_raw_focal_noW,11,0.09682687700023962,2.0,0.75,0.9933774834437086,1.0,0.9285714285714286,0.9796632996632997,0.9932221063607924,0.9656084656084656,137,0,1,13,151,14,9.27,0.272548317515517,0.001399650871798712,0.9969470614321359,0.09733082286251271
3333,19,D_raw_focal_W,11,0.09519735999992918,2.0,0.75,0.9933774834437086,1.0,0.9285714285714286,0.9796632996632997,0.986444212721585,0.9535714285714285,137,0,1,13,151,14,9.27,0.2749695194246607,0.0013950408156359344,0.9970356709692175,0.09833119075978206
3333,19,E_all_ce_noW,12,0.1140447130001121,2.0,0.75,0.9933774834437086,1.0,0.9285714285714286,0.9796632996632997,0.9916579770594369,0.9619047619047618,137,0,1,13,151,14,9.27,0.2804291734469793,2.6731521512081683e-08,0.999999727244502,0.08623386846584805
3333,19,F_all_ce_W,12,0.12337915499983865,2.0,0.75,0.9933774834437086,1.0,0.9285714285714286,0.9796632996632997,0.9937434827945777,0.9670329670329669,137,0,1,13,151,14,9.27,0.2807030113242589,1.1672116325188204e-07,0.9999997902387314,0.08806770976914277
3333,19,G_all_focal_noW,12,0.09457606499972826,2.0,0.75,0.9933774834437086,1.0,0.9285714285714286,0.9796632996632997,0.9869655891553701,0.9542124542124542,137,0,1,13,151,14,9.27,0.27249171958381374,0.0019420693278223444,0.9970687539150878,0.09609547685506382
3333,19,H_all_focal_W,12,0.09374378599977717,2.0,0.75,0.9933774834437086,1.0,0.9285714285714286,0.9796632996632997,0.9869655891553701,0.9542124542124542,137,0,1,13,151,14,9.27,0.2756631767942423,0.0012331927805742258,0.9974577306417822,0.09792339462662013
3333,19,LEGACY_A,11,0.10894262200008598,2.0,0.75,0.9933774834437086,1.0,0.9285714285714286,0.9796632996632997,0.9911366006256518,0.9608294930875574,137,0,1,13,151,14,9.27,0.28031841624864984,3.017123732827863e-08,0.9999997015533446,0.08686701575968866
3333,20,A_raw_ce_noW,11,0.09798270200008119,2.0,0.75,0.9735099337748344,1.0,0.7142857142857143,0.9094724220623501,0.9927007299270073,0.9642857142857142,137,0,4,10,151,14,9.27,0.2458257917419212,3.00190630093899e-08,0.9999994830561524,0.06578979707999108
3333,20,B_raw_ce_W,11,0.11620033100007277,2.0,0.75,0.9735099337748344,1.0,0.7142857142857143,0.9094724220623501,0.9921793534932222,0.9560846560846559,137,0,4,10,151,14,9.27,0.24728849461320918,1.3975577887783764e-07,0.9999998137187415,0.0677901034191095
3333,20,C_raw_focal_noW,11,0.088627310999982,2.0,0.75,0.9735099337748344,1.0,0.7142857142857143,0.9094724220623501,0.9937434827945777,0.9670329670329669,137,0,4,10,151,14,9.27,0.23574742396123333,0.0029112785578065624,0.9951106721900689,0.08057907480082224
3333,20,D_raw_focal_W,11,0.09304562999977861,2.0,0.75,0.9735099337748344,1.0,0.7142857142857143,0.9094724220623501,0.9953076120959332,0.9720496894409936,137,0,4,10,151,14,9.27,0.24316551509928433,0.0020075922772715615,0.9968498414337006,0.08202292230681202
3333,20,E_all_ce_noW,12,0.11040193100006945,2.0,0.75,0.9735099337748344,1.0,0.7142857142857143,0.9094724220623501,0.9895724713242962,0.9421768707482991,137,0,4,10,151,14,9.27,0.240989862188821,2.9108447117252665e-08,0.9999995926927889,0.06518126365643892
3333,20,F_all_ce_W,12,0.12147566600015125,2.0,0.75,0.9735099337748344,1.0,0.7142857142857143,0.9094724220623501,0.9900938477580814,0.9420834912214222,137,0,4,10,151,14,9.27,0.24804188245210293,1.3939809518484534e-07,0.999999766074214,0.07006767339485931
3333,20,G_all_focal_noW,12,0.09475339800019356,2.0,0.75,0.9735099337748344,1.0,0.7142857142857143,0.9094724220623501,0.9895724713242962,0.9347363945578231,137,0,4,10,151,14,9.27,0.24011399837981925,0.002188308101148057,0.9943466883349946,0.08336766170582872
3333,20,H_all_focal_W,12,0.09597269899995808,2.0,0.75,0.9801324503311258,1.0,0.7857142857142857,0.9345848375451263,0.9963503649635037,0.9716791979949873,137,0,3,11,151,14,9.27,0.24912120044295183,0.0019866186761637967,0.9967181996620392,0.08761763794832517
3333,20,LEGACY_A,11,0.12089909199994509,2.0,0.75,0.9735099337748344,1.0,0.7142857142857143,0.9094724220623501,0.9953076120959333,0.9620225013082155,137,0,4,10,151,14,9.27,0.24717321623510805,2.779004562940778e-08,0.9999996564934489,0.06844607860946343
3333,21,A_raw_ce_noW,11,0.10977440800024851,2.0,0.75,0.9933774834437086,1.0,0.9230769230769231,0.9781949458483754,0.9994425863991081,0.9945054945054944,138,0,1,12,151,13,8.61,0.2537023670530127,2.7623751380803143e-08,0.9999995277656909,0.07650561416494495
3333,21,B_raw_ce_W,11,0.11629615499987267,2.0,0.75,0.9867549668874173,0.9230769230769231,0.9230769230769231,0.9579152731326644,0.9994425863991081,0.9945054945054943,137,1,1,12,151,13,8.61,0.2660060456437392,1.133773838536936e-07,0.9999997100705832,0.08321517363927997
3333,21,C_raw_focal_noW,11,0.09316110099962316,2.0,0.75,0.9867549668874173,0.9230769230769231,0.9230769230769231,0.9579152731326644,0.9988851727982163,0.9885883347421807,137,1,1,12,151,13,8.61,0.25391597484586226,0.0012541017841352128,0.9966477116992175,0.09004389184014219
3333,21,D_raw_focal_W,11,0.094916307999938,2.0,0.75,0.9933774834437086,0.9285714285714286,1.0,0.9796632996632997,1.0,0.9999999999999998,137,1,0,13,151,13,8.61,0.2640888289942353,0.0009999096069840344,0.9976354325258493,0.09454684792719793
3333,21,E_all_ce_noW,12,0.1393882030001805,2.0,0.75,0.9801324503311258,1.0,0.7692307692307693,0.9294062646096306,0.9983277591973245,0.9821780783319243,138,0,3,10,151,13,8.61,0.24849514886545268,2.8250807073761635e-08,0.999999458648861,0.07340519756868051
3333,21,F_all_ce_W,12,0.13083486000004996,2.0,0.75,0.9933774834437086,0.9285714285714286,1.0,0.9796632996632997,1.0,0.9999999999999998,137,1,0,13,151,13,8.61,0.27009814512115055,1.1949363674272193e-07,0.9999997092093476,0.08567375800466519
3333,21,G_all_focal_noW,12,0.1196858710000015,2.0,0.75,0.9801324503311258,0.9166666666666666,0.8461538461538461,0.9345848375451263,0.9988851727982162,0.9885883347421808,137,1,2,11,151,13,8.61,0.25080916134023257,0.0013035567891122833,0.9964304136277541,0.088869624374577
3333,21,H_all_focal_W,12,0.11009935699985363,2.0,0.75,0.9933774834437086,0.9285714285714286,1.0,0.9796632996632997,1.0,0.9999999999999998,137,1,0,13,151,13,8.61,0.26745503682179245,0.0010939418146899526,0.9974022466619422,0.09556153496668351
3333,21,LEGACY_A,11,0.11386203400024897,2.0,0.75,0.9933774834437086,0.9285714285714286,1.0,0.9796632996632997,1.0,0.9999999999999998,137,1,0,13,151,13,8.61,0.27961439512598485,2.745333407955441e-08,0.9999995802011129,0.08954596400322173
3333,22,A_raw_ce_noW,11,0.10726500999999189,2.0,0.75,0.9867549668874173,1.0,0.8571428571428571,0.9579152731326644,0.9963503649635037,0.9707341269841268,137,0,2,12,151,14,9.27,0.27016129920967485,2.6994611944784817e-08,0.9999995391119726,0.0795330845594683
3333,22,B_raw_ce_W,11,0.11411490599994067,2.0,0.75,0.9867549668874173,1.0,0.8571428571428571,0.9579152731326644,0.9963503649635037,0.9707341269841268,137,0,2,12,151,14,9.27,0.27032392419618356,7.768660639442432e-08,0.9999996768937398,0.07975945799528042
3333,22,C_raw_focal_noW,11,0.0956886150001992,2.0,0.75,0.9867549668874173,1.0,0.8571428571428571,0.9579152731326644,0.9953076120959333,0.9643962848297212,137,0,2,12,151,14,9.27,0.2609706921178464,0.001952043249674033,0.9974469559799553,0.08978032166413465
3333,22,D_raw_focal_W,11,0.09504510999977356,2.0,0.75,0.9867549668874173,1.0,0.8571428571428571,0.9579152731326644,0.9927007299270073,0.9534313725490196,137,0,2,12,151,14,9.27,0.26543152003603543,0.00099951597613111,0.9975900192887753,0.09049846323069168
3333,22,E_all_ce_noW,12,0.12176961599971037,2.0,0.75,0.9867549668874173,1.0,0.8571428571428571,0.9579152731326644,0.9921793534932221,0.9536401098901097,137,0,2,12,151,14,9.27,0.2702954159040519,2.5708318454582128e-08,0.9999992745042184,0.07996879020572767
3333,22,F_all_ce_W,12,0.14745571299999938,2.0,0.75,0.9867549668874173,1.0,0.8571428571428571,0.9579152731326644,0.9927007299270073,0.9551785714285712,137,0,2,12,151,14,9.27,0.2707131834492659,1.0486447016596859e-07,0.999999761818919,0.08148744933425861
3333,22,G_all_focal_noW,12,0.09933360099967103,2.0,0.75,0.9867549668874173,1.0,0.8571428571428571,0.9579152731326644,0.9932221063607924,0.9568452380952379,137,0,2,12,151,14,9.27,0.26482436989628405,0.0008042654358579065,0.9966885430320068,0.09084216337869024
3333,22,H_all_focal_W,12,0.09908023799971488,2.0,0.75,0.9867549668874173,1.0,0.8571428571428571,0.9579152731326644,0.9921793534932222,0.9560846560846559,137,0,2,12,151,14,9.27,0.266421501925336,0.0006151759553208481,0.9976738653449851,0.09033354504055531
3333,22,LEGACY_A,11,0.17356734400027563,2.0,0.75,0.9867549668874173,1.0,0.8571428571428571,0.9579152731326644,0.9942648592283628,0.9606331168831168,137,0,2,12,151,14,9.27,0.2703606457751003,1.9659803164387346e-08,0.9999996331018315,0.0796843366434671
3333,23,A_raw_ce_noW,11,0.17557243500004915,2.0,0.75,0.9867549668874173,0.9285714285714286,0.9285714285714286,0.9606360792492179,0.9989572471324296,0.9901360544217687,136,1,1,13,151,14,9.27,0.289431372976909,2.995695978542971e-08,0.9999995234910094,0.09326404832640728
3333,23,B_raw_ce_W,11,0.22193021600014617,2.0,0.75,0.9867549668874173,0.9285714285714286,0.9285714285714286,0.9606360792492179,0.9984358706986445,0.9859693877551021,136,1,1,13,151,14,9.27,0.28976393957153607,1.4512249268055313e-07,0.9999996749740483,0.09335196336072674
3333,23,C_raw_focal_noW,11,0.14541784499988353,2.0,0.75,0.9867549668874173,0.9285714285714286,0.9285714285714286,0.9606360792492179,0.9979144942648592,0.9822929171668667,136,1,1,13,151,14,9.27,0.2756717903621348,0.0017828600286971948,0.9965614264419865,0.1022843463226932
3333,23,D_raw_focal_W,11,0.15911761500001376,2.0,0.75,0.9867549668874173,0.9285714285714286,0.9285714285714286,0.9606360792492179,0.9989572471324296,0.9901360544217686,136,1,1,13,151,14,9.27,0.28408340286071254,0.0013637223481487253,0.9975145897832088,0.10667027293703069
3333,23,E_all_ce_noW,12,0.1922732879997966,2.0,0.75,0.9867549668874173,0.9285714285714286,0.9285714285714286,0.9606360792492179,0.9973931178310741,0.9790249433106576,136,1,1,13,151,14,9.27,0.28964013772828595,2.8334946145098813e-08,0.9999996012179904,0.09328366956594905
3333,23,F_all_ce_W,12,0.2177325259999634,2.0,0.75,0.9867549668874173,0.9285714285714286,0.9285714285714286,0.9606360792492179,0.9979144942648592,0.9822929171668668,136,1,1,13,151,14,9.27,0.28993656053262845,1.4592970400197782e-07,0.9999996185689737,0.09553396928577337
3333,23,G_all_focal_noW,12,0.16478579900012846,2.0,0.75,0.9867549668874173,0.9285714285714286,0.9285714285714286,0.9606360792492179,0.9984358706986445,0.9859693877551019,136,1,1,13,151,14,9.27,0.27897901026329963,0.0016192435248153397,0.9963897397691845,0.10428079403250023
3333,23,H_all_focal_W,12,0.18021257400005197,2.0,0.75,0.9867549668874173,0.9285714285714286,0.9285714285714286,0.9606360792492179,0.9984358706986445,0.9873949579831931,136,1,1,13,151,14,9.27,0.2846870178318834,0.0012856015143172484,0.9975191022910288,0.10688804493083101
3333,23,LEGACY_A,11,0.18846756299990375,2.0,0.75,0.9867549668874173,0.9285714285714286,0.9285714285714286,0.9606360792492179,0.9989572471324296,0.9901360544217686,136,1,1,13,151,14,9.27,0.28972639245196924,2.741398519316384e-08,0.9999996066936842,0.09386763965272195
3333,24,A_raw_ce_noW,11,0.1753859039999952,2.0,0.75,0.9933774834437086,1.0,0.9285714285714286,0.9796632996632997,0.9963503649635036,0.976190476190476,137,0,1,13,151,14,9.27,0.2797992080340879,2.9799265712640516e-08,0.9999995009648289,0.08777529815463371
3333,24,B_raw_ce_W,11,0.18460225200033165,2.0,0.75,0.9867549668874173,0.9285714285714286,0.9285714285714286,0.9606360792492179,0.9953076120959332,0.9720496894409936,136,1,1,13,151,14,9.27,0.28272631558417044,1.1757963811912809e-07,0.9999996853835706,0.08984417955615155
3333,24,C_raw_focal_noW,11,0.15592999699993015,2.0,0.75,0.9933774834437086,1.0,0.9285714285714286,0.9796632996632997,0.996871741397289,0.9785714285714284,137,0,1,13,151,14,9.27,0.27394128772402654,0.001627962584690528,0.9966677110743797,0.09589742154489628
3333,24,D_raw_focal_W,11,0.1521070740000141,2.0,0.75,0.9933774834437086,1.0,0.9285714285714286,0.9796632996632997,0.9953076120959332,0.9720496894409937,137,0,1,13,151,14,9.27,0.27696429460158295,0.001476449105123911,0.9972214752451528,0.09694234734009656
3333,24,E_all_ce_noW,12,0.18171573500012528,2.0,0.75,0.9933774834437086,1.0,0.9285714285714286,0.9796632996632997,0.996871741397289,0.9785714285714284,137,0,1,13,151,14,9.27,0.28093366455762825,3.708804104016231e-08,0.99999967172725,0.0881846052340315
3333,24,F_all_ce_W,12,0.19930905000001076,2.0,0.75,0.9867549668874173,0.9285714285714286,0.9285714285714286,0.9606360792492179,0.9953076120959332,0.9720496894409936,136,1,1,13,151,14,9.27,0.286631642170476,1.483273396332306e-07,0.9999998262994154,0.09165570396402861
3333,24,G_all_focal_noW,12,0.14862072699997952,2.0,0.75,0.9867549668874173,0.9285714285714286,0.9285714285714286,0.9606360792492179,0.9921793534932222,0.9630541871921182,136,1,1,13,151,14,9.27,0.27560929540050605,0.00265336519413738,0.9958335880869795,0.09831618826719223
3333,24,H_all_focal_W,12,0.16006659100003162,2.0,0.75,0.9867549668874173,0.9285714285714286,0.9285714285714286,0.9606360792492179,0.9927007299270073,0.9642857142857142,136,1,1,13,151,14,9.27,0.2787851150815021,0.0020595966166457765,0.9974163472117249,0.09770870391365719
3333,24,LEGACY_A,11,0.18985587699989992,2.0,0.75,0.9867549668874173,0.9285714285714286,0.9285714285714286,0.9606360792492179,0.9947862356621481,0.9702380952380951,136,1,1,13,151,14,9.27,0.2856094095551306,2.7559472329180138e-08,0.9999995765812221,0.09123768668095918
3333,25,A_raw_ce_noW,11,0.171736742000121,2.0,0.75,0.9801324503311258,1.0,0.7857142857142857,0.9345848375451263,0.9911366006256518,0.9524576408812861,137,0,3,11,151,14,9.27,0.2595086424042246,3.1438419262740076e-08,0.9999994973063933,0.07402321129552149
3333,25,B_raw_ce_W,11,0.18428703700010374,2.0,0.75,0.9801324503311258,1.0,0.7857142857142857,0.9345848375451263,0.9937434827945777,0.9634693877551019,137,0,3,11,151,14,9.27,0.2597386815521902,1.13616357020705e-07,0.9999997863578637,0.07549570107008363
3333,25,C_raw_focal_noW,11,0.16834696100022484,2.0,0.75,0.9801324503311258,1.0,0.7857142857142857,0.9345848375451263,0.9880083420229405,0.9429648782589959,137,0,3,11,151,14,9.27,0.25383582943851474,0.0026183438199234277,0.9968910487177624,0.08749206315804349
3333,25,D_raw_focal_W,11,0.1558146580000539,2.0,0.75,0.9801324503311258,1.0,0.7857142857142857,0.9345848375451263,0.9942648592283628,0.9614531431301616,137,0,3,11,151,14,9.27,0.2556820832312873,0.0013099062266955154,0.9974077742823872,0.08775524722547416
3333,25,E_all_ce_noW,12,0.18381501400017441,2.0,0.75,0.9801324503311258,1.0,0.7857142857142857,0.9345848375451263,0.9906152241918665,0.9496613300492609,137,0,3,11,151,14,9.27,0.25961875854931565,3.360235354938045e-08,0.9999996307621566,0.07324512187331673
3333,25,F_all_ce_W,12,0.12596343199993498,2.0,0.75,0.9801324503311258,1.0,0.7857142857142857,0.9345848375451263,0.9927007299270073,0.9551785714285712,137,0,3,11,151,14,9.27,0.2597098463721488,1.2928585388985174e-07,0.9999997320800159,0.07421783578169829
3333,25,G_all_focal_noW,12,0.09509472299987465,2.0,0.75,0.9801324503311258,1.0,0.7857142857142857,0.9345848375451263,0.9927007299270073,0.9551785714285712,137,0,3,11,151,14,9.27,0.25409057694480447,0.0021346236521559343,0.9972082106109683,0.08610779866940703
3333,25,H_all_focal_W,12,0.09672221799974068,2.0,0.75,0.9801324503311258,1.0,0.7857142857142857,0.9345848375451263,0.9927007299270073,0.9534313725490196,137,0,3,11,151,14,9.27,0.2568026136140361,0.0010077427596691532,0.9978861948526565,0.08746210720411687
3333,25,LEGACY_A,11,0.10722312600000805,2.0,0.75,0.9801324503311258,1.0,0.7857142857142857,0.9345848375451263,0.9927007299270073,0.9605064247921389,137,0,3,11,151,14,9.27,0.25971520960736155,2.443878147893351e-08,0.9999997231608897,0.07372113486284547
5555,1,A_raw_ce_noW,11,0.1069679699999142,2.0,0.75,0.9867549668874173,0.9230769230769231,0.9230769230769231,0.9579152731326644,0.9994425863991081,0.9945054945054945,137,1,1,12,151,13,8.61,0.27180390231969914,2.7620327574404134e-08,0.9999996914061431,0.08304364027206174
5555,1,B_raw_ce_W,11,0.11716730700027256,2.0,0.75,0.9867549668874173,0.9230769230769231,0.9230769230769231,0.9579152731326644,0.9994425863991081,0.9945054945054945,137,1,1,12,151,13,8.61,0.2763965428265592,1.2391097087856973e-07,0.9999997974709877,0.08533189677103314
5555,1,C_raw_focal_noW,11,0.10281664400008594,2.0,0.75,0.9867549668874173,0.9230769230769231,0.9230769230769231,0.9579152731326644,0.9994425863991081,0.9945054945054945,137,1,1,12,151,13,8.61,0.2662704924083582,0.0012387853642902077,0.997296534703259,0.09142504583854023
5555,1,D_raw_focal_W,11,0.09814279200008968,2.0,0.75,0.9867549668874173,0.9230769230769231,0.9230769230769231,0.9579152731326644,0.9994425863991081,0.9945054945054945,137,1,1,12,151,13,8.61,0.2701419989457796,0.0008654007052148516,0.9977039203944159,0.09229198421822947
5555,1,E_all_ce_noW,12,0.11967216199991526,2.0,0.75,0.9933774834437086,1.0,0.9230769230769231,0.9781949458483754,0.9994425863991081,0.9945054945054945,138,0,1,12,151,13,8.61,0.26552128647941464,2.816369320868122e-08,0.9999996339904816,0.07962821221967932
5555,1,F_all_ce_W,12,0.12772253100001763,2.0,0.75,0.9867549668874173,0.9230769230769231,0.9230769230769231,0.9579152731326644,0.9994425863991081,0.9945054945054945,137,1,1,12,151,13,8.61,0.2741406412839525,1.3900140719618735e-07,0.9999998050473085,0.08443764678540072
5555,1,G_all_focal_noW,12,0.0979955890002202,2.0,0.75,0.9867549668874173,0.9230769230769231,0.9230769230769231,0.9579152731326644,0.9988851727982163,0.9897435897435898,137,1,1,12,151,13,8.61,0.26375645007410964,0.0014367423136643575,0.9959740423372311,0.09239547241215022
5555,1,H_all_focal_W,12,0.10056260700002895,2.0,0.75,0.9867549668874173,0.9230769230769231,0.9230769230769231,0.9579152731326644,0.9994425863991081,0.9945054945054945,137,1,1,12,151,13,8.61,0.26804750040017533,0.0011390283900005217,0.9977660652803456,0.09312627593383682
5555,1,LEGACY_A,11,0.10864266199996564,2.0,0.75,0.9867549668874173,0.9230769230769231,0.9230769230769231,0.9579152731326644,0.9994425863991081,0.9945054945054945,137,1,1,12,151,13,8.61,0.2782995629292954,2.7116424408668845e-08,0.9999996583970704,0.0856148591812043
5555,2,A_raw_ce_noW,11,0.10242069200012338,2.0,0.75,0.9735099337748344,0.8571428571428571,0.8571428571428571,0.9212721584984358,0.9885297184567258,0.9370748299319727,135,2,2,12,151,14,9.27,0.2871591831356489,4.3195671201463626e-08,0.9999993211773289,0.09315235257621862
5555,2,B_raw_ce_W,11,0.12980390100028671,2.0,0.75,0.9735099337748344,0.8571428571428571,0.8571428571428571,0.9212721584984358,0.9869655891553701,0.9228479853479852,135,2,2,12,151,14,9.27,0.2895789148635991,1.0634518542013837e-07,0.9999997295651785,0.09465213616053249
5555,2,C_raw_focal_noW,11,0.09179641999980959,2.0,0.75,0.9668874172185431,0.8,0.8571428571428571,0.9046355942907667,0.9801876955161627,0.9178501810080756,134,3,2,12,151,14,9.27,0.2720854446917146,0.003319210077991661,0.993676224341346,0.10323663272718783
5555,2,D_raw_focal_W,11,0.09140180300028078,2.0,0.75,0.9668874172185431,0.8,0.8571428571428571,0.9046355942907667,0.9796663190823776,0.9186759581881532,134,3,2,12,151,14,9.27,0.2787914940043087,0.002288224146731787,0.9966876781506169,0.1056925554009143
5555,2,E_all_ce_noW,12,0.11505562699994698,2.0,0.75,0.9735099337748344,0.8571428571428571,0.8571428571428571,0.9212721584984358,0.9765380604796663,0.91156462585034,135,2,2,12,151,14,9.27,0.28857253731116805,3.8874233885774645e-08,0.9999993063483588,0.09467441900743623
5555,2,F_all_ce_W,12,0.1400539609999214,2.0,0.75,0.9668874172185431,0.8,0.8571428571428571,0.9046355942907667,0.9739311783107404,0.8963224353286463,134,3,2,12,151,14,9.27,0.29277895705401513,1.1331258297072687e-07,0.9999995101445324,0.09928712062565209
5555,2,G_all_focal_noW,12,0.09467183000015211,2.0,0.75,0.9668874172185431,0.8,0.8571428571428571,0.9046355942907667,0.9812304483837331,0.9214743589743588,134,3,2,12,151,14,9.27,0.26991405502532223,0.00327411224530559,0.9945020192758561,0.10349409491059523
5555,2,H_all_focal_W,12,0.0948127840001689,2.0,0.75,0.9668874172185431,0.8,0.8571428571428571,0.9046355942907667,0.9645464025026069,0.9043140767278698,134,3,2,12,151,14,9.27,0.28267576709593617,0.002810363831147175,0.9960430498174428,0.10856167005363491
5555,2,LEGACY_A,11,0.1089752929997303,2.0,0.75,0.9735099337748344,0.8571428571428571,0.8571428571428571,0.9212721584984358,0.986444212721585,0.921300366300366,135,2,2,12,151,14,9.27,0.289296261946859,3.1153060415049936e-08,0.9999994995677639,0.09567001153665686
5555,3,A_raw_ce_noW,11,0.11404760200002784,2.0,0.75,0.9933774834437086,1.0,0.9285714285714286,0.9796632996632997,0.9979144942648592,0.984126984126984,137,0,1,13,151,14,9.27,0.28034093137765387,2.743410393316428e-08,0.9999994297841494,0.08641605754328481
5555,3,B_raw_ce_W,11,0.11530753999977605,2.0,0.75,0.9933774834437086,1.0,0.9285714285714286,0.9796632996632997,0.9973931178310741,0.9812030075187967,137,0,1,13,151,14,9.27,0.2804253172137632,1.4587517637664866e-07,0.9999996622221339,0.08804011881832152
5555,3,C_raw_focal_noW,11,0.0909746800002722,2.0,0.75,0.9933774834437086,1.0,0.9285714285714286,0.9796632996632997,0.9973931178310741,0.9812030075187967,137,0,1,13,151,14,9.27,0.27420625460134807,0.0019466582443117368,0.9967391845134302,0.09898993974660979
5555,3,D_raw_focal_W,11,0.09999256799983414,2.0,0.75,0.9933774834437086,1.0,0.9285714285714286,0.9796632996632997,0.9989572471324296,0.9910714285714284,137,0,1,13,151,14,9.27,0.2766418589729316,0.001277041648114097,0.9978306580881355,0.09927137768620053
5555,3,E_all_ce_noW,12,0.1240977649999877,2.0,0.75,0.9933774834437086,1.0,0.9285714285714286,0.9796632996632997,0.9963503649635036,0.976190476190476,137,0,1,13,151,14,9.27,0.280416770136404,2.75795996820435e-08,0.9999996216882984,0.08625595490606347
5555,3,F_all_ce_W,12,0.1289740070001244,2.0,0.75,0.9933774834437086,1.0,0.9285714285714286,0.9796632996632997,0.9953076120959332,0.9720496894409936,137,0,1,13,151,14,9.27,0.2803131587140188,1.3644899928919587e-07,0.9999996748590736,0.08698932419816156
5555,3,G_all_focal_noW,12,0.09569075900026291,2.0,0.75,0.9933774834437086,1.0,0.9285714285714286,0.9796632996632997,0.9973931178310741,0.9812030075187967,137,0,1,13,151,14,9.27,0.2750240317858889,0.0014907008229890157,0.9971097875522211,0.09715293316322059
5555,3,H_all_focal_W,12,0.09866747000023679,2.0,0.75,0.9933774834437086,1.0,0.9285714285714286,0.9796632996632997,0.9942648592283628,0.9685714285714285,137,0,1,13,151,14,9.27,0.27749823707824683,0.00096688522155952,0.9979941120430026,0.09874106364999685
5555,3,LEGACY_A,11,0.12961157699965042,2.0,0.75,0.9933774834437086,1.0,0.9285714285714286,0.9796632996632997,0.9953076120959332,0.9720496894409936,137,0,1,13,151,14,9.27,0.2803466911141987,2.681923605068287e-08,0.9999994903728576,0.08706096116722174
5555,4,A_raw_ce_noW,11,0.10549306299981254,2.0,0.75,0.9867549668874173,1.0,0.8571428571428571,0.9579152731326644,0.9984358706986445,0.9873949579831931,137,0,2,12,151,14,9.27,0.26546598191659526,2.862173518484926e-08,0.9999996334290813,0.0795679305305759
5555,4,B_raw_ce_W,11,0.1188878449997901,2.0,0.75,0.9867549668874173,1.0,0.8571428571428571,0.9579152731326644,0.9994786235662149,0.995238095238095,137,0,2,12,151,14,9.27,0.26916845635457787,1.4160892624388287e-07,0.9999997298676945,0.08204056239913021
5555,4,C_raw_focal_noW,11,0.09304890300018087,2.0,0.75,0.9867549668874173,1.0,0.8571428571428571,0.9579152731326644,0.9989572471324296,0.9910714285714284,137,0,2,12,151,14,9.27,0.2555726330544091,0.0014600124009029839,0.9976804577951349,0.09163664303208448
5555,4,D_raw_focal_W,11,0.09202935399980561,2.0,0.75,0.9867549668874173,1.0,0.8571428571428571,0.9579152731326644,0.9947862356621481,0.9617647058823529,137,0,2,12,151,14,9.27,0.260275189627604,0.00117935218802558,0.9978851678570515,0.09520749196458393
5555,4,E_all_ce_noW,12,0.11654541000007157,2.0,0.75,0.9867549668874173,1.0,0.8571428571428571,0.9579152731326644,0.9989572471324296,0.9910714285714284,137,0,2,12,151,14,9.27,0.25904309742784126,2.7543115957911622e-08,0.9999996933731604,0.07587545573585971
5555,4,F_all_ce_W,12,0.1291766379999899,2.0,0.75,0.9867549668874173,1.0,0.8571428571428571,0.9579152731326644,0.9979144942648592,0.984126984126984,137,0,2,12,151,14,9.27,0.26750696015923137,1.3712373799440292e-07,0.9999997817208505,0.0800248096548394
5555,4,G_all_focal_noW,12,0.11342802899980597,2.0,0.75,0.9867549668874173,1.0,0.8571428571428571,0.9579152731326644,0.9994786235662149,0.995238095238095,137,0,2,12,151,14,9.27,0.2480655161880219,0.0016611713264812458,0.9972061605681347,0.08797195732196963
5555,4,H_all_focal_W,12,0.10059335000005376,2.0,0.75,0.9867549668874173,1.0,0.8571428571428571,0.9579152731326644,0.9963503649635037,0.9716791979949873,137,0,2,12,151,14,9.27,0.25883554311342805,0.0011489188646180964,0.9977807181881359,0.09246772151782141
5555,4,LEGACY_A,11,0.11025423399996725,2.0,0.75,0.9867549668874173,1.0,0.8571428571428571,0.9579152731326644,0.9984358706986445,0.9873949579831931,137,0,2,12,151,14,9.27,0.26681259749677244,2.1256576641227288e-08,0.9999995635699808,0.08013334799974628
5555,5,A_raw_ce_noW,11,0.1081488800000443,2.0,0.75,0.9933774834437086,1.0,0.9285714285714286,0.9796632996632997,0.9880083420229405,0.9555984555984556,137,0,1,13,151,14,9.27,0.2803307061929217,2.7784029090528173e-08,0.9999995822892846,0.08717188617554295
5555,5,B_raw_ce_W,11,0.10766266100017674,2.0,0.75,0.9933774834437086,1.0,0.9285714285714286,0.9796632996632997,0.9890510948905109,0.9571428571428571,137,0,1,13,151,14,9.27,0.28112483213500294,9.072712334013365e-08,0.9999997306018789,0.0883934273616793
5555,5,C_raw_focal_noW,11,0.09026497400009248,2.0,0.75,0.9933774834437086,1.0,0.9285714285714286,0.9796632996632997,0.9906152241918664,0.9598214285714284,137,0,1,13,151,14,9.27,0.2707343288605839,0.0016852821496070648,0.9966165108913235,0.09251602001641143
5555,5,D_raw_focal_W,11,0.0923154069996599,2.0,0.75,0.9933774834437086,1.0,0.9285714285714286,0.9796632996632997,0.9953076120959332,0.9720496894409936,137,0,1,13,151,14,9.27,0.27400660025831236,0.0012794687023405392,0.9970744282960121,0.09329857408652614
5555,5,E_all_ce_noW,12,0.11582868799996504,2.0,0.75,0.9933774834437086,1.0,0.9285714285714286,0.9796632996632997,0.9880083420229405,0.9555984555984556,137,0,1,13,151,14,9.27,0.28003120990782454,2.701695291537922e-08,0.9999992788999112,0.08675760777301104
5555,5,F_all_ce_W,12,0.14215294099994935,2.0,0.75,0.9933774834437086,1.0,0.9285714285714286,0.9796632996632997,0.9911366006256518,0.9608294930875574,137,0,1,13,151,14,9.27,0.2804830400537907,1.3162858717204023e-07,0.9999995465313385,0.08776818835186714
5555,5,G_all_focal_noW,12,0.09333148500036259,2.0,0.75,0.9933774834437086,1.0,0.9285714285714286,0.9796632996632997,0.9921793534932222,0.9630541871921181,137,0,1,13,151,14,9.27,0.2727991568789872,0.0019832043474357452,0.9953247266713824,0.09333757015169622
5555,5,H_all_focal_W,12,0.09405223900012061,2.0,0.75,0.9933774834437086,1.0,0.9285714285714286,0.9796632996632997,0.9942648592283628,0.9685714285714284,137,0,1,13,151,14,9.27,0.2754193583400818,0.001004268460391168,0.9971488172790908,0.09280519434031936
5555,5,LEGACY_A,11,0.11090091400001256,2.0,0.75,0.9933774834437086,1.0,0.9285714285714286,0.9796632996632997,0.9906152241918664,0.9598214285714284,137,0,1,13,151,14,9.27,0.28033312120575204,2.7300555777391468e-08,0.9999997218359141,0.08640225996927414
5555,6,A_raw_ce_noW,11,0.1050775949997842,2.0,0.75,0.9867549668874173,1.0,0.8461538461538461,0.954736211031175,0.9966555183946487,0.9727153188691651,138,0,2,11,151,13,8.61,0.259931285460196,2.7974561853629577e-08,0.9999996562672286,0.07466723385737599
5555,6,B_raw_ce_W,11,0.11246790099994541,2.0,0.75,0.9801324503311258,0.9166666666666666,0.8461538461538461,0.9345848375451263,0.996098104793757,0.9697913422609777,137,1,2,11,151,13,8.61,0.2651418737369966,1.4623025223449696e-07,0.9999997422111443,0.07852964611378885
5555,6,C_raw_focal_noW,11,0.09164587199984453,2.0,0.75,0.9867549668874173,1.0,0.8461538461538461,0.954736211031175,0.9927536231884058,0.9571597633136095,138,0,2,11,151,13,8.61,0.2557480695437826,0.0022136186581744447,0.9977216754673021,0.08417188210940464
5555,6,D_raw_focal_W,11,0.09549813300009191,2.0,0.75,0.9867549668874173,1.0,0.8461538461538461,0.954736211031175,0.9927536231884058,0.9571597633136094,138,0,2,11,151,13,8.61,0.2579510923973938,0.0015138384623080486,0.9978014988575378,0.08389555450043264
5555,6,E_all_ce_noW,12,0.13252603599994472,2.0,0.75,0.9867549668874173,1.0,0.8461538461538461,0.954736211031175,0.9949832775919732,0.9647788109326567,138,0,2,11,151,13,8.61,0.2612014783632381,2.902746282342041e-08,0.999999554009936,0.07606793705210693
5555,6,F_all_ce_W,12,0.130276099999719,2.0,0.75,0.9801324503311258,0.9166666666666666,0.8461538461538461,0.9345848375451263,0.9927536231884058,0.9571597633136095,137,1,2,11,151,13,8.61,0.2621503647532009,1.3560883501129735e-07,0.9999997327863986,0.07696350890307259
5555,6,G_all_focal_noW,12,0.1025916540002072,2.0,0.75,0.9867549668874173,1.0,0.8461538461538461,0.954736211031175,0.9927536231884058,0.9571597633136095,138,0,2,11,151,13,8.61,0.25474717386024226,0.002006910339981259,0.9971463108899623,0.08577838072016447
5555,6,H_all_focal_W,12,0.10309505199984415,2.0,0.75,0.9801324503311258,0.9166666666666666,0.8461538461538461,0.9345848375451263,0.9910813823857302,0.9528740490278949,137,1,2,11,151,13,8.61,0.25802505585660407,0.0014164488434107322,0.9979376134222792,0.08522297410328583
5555,6,LEGACY_A,11,0.12338566799962791,2.0,0.75,0.9801324503311258,0.9166666666666666,0.8461538461538461,0.9345848375451263,0.9927536231884059,0.9571597633136093,137,1,2,11,151,13,8.61,0.26556143891922307,2.990382078027614e-08,0.9999996001966269,0.07856309655331972
5555,7,A_raw_ce_noW,11,0.10090714299985848,2.0,0.75,0.9867549668874173,1.0,0.8571428571428571,0.9579152731326644,0.9906152241918665,0.9444765760555232,137,0,2,12,151,14,9.27,0.2661291420263489,2.8471289237889058e-08,0.9999996335933238,0.07816070740570581
5555,7,B_raw_ce_W,11,0.11185827200006315,2.0,0.75,0.9867549668874173,1.0,0.8571428571428571,0.9579152731326644,0.9895724713242962,0.9398220826792254,137,0,2,12,151,14,9.27,0.2697422359129601,5.6639756763366975e-08,0.9999997865299075,0.07943126630643291
5555,7,C_raw_focal_noW,11,0.10801136800000677,2.0,0.75,0.9867549668874173,1.0,0.8571428571428571,0.9579152731326644,0.9932221063607924,0.9536340852130323,137,0,2,12,151,14,9.27,0.2544022795897767,0.0016068860745855318,0.9963031239907377,0.08668953189208023
5555,7,D_raw_focal_W,11,0.09171788300000117,2.0,0.75,0.9867549668874173,1.0,0.8571428571428571,0.9579152731326644,0.9890510948905109,0.9375155279503105,137,0,2,12,151,14,9.27,0.25880152146200586,0.0009086325497221467,0.9975283837274702,0.08814774976182792
5555,7,E_all_ce_noW,12,0.11725654600013513,2.0,0.75,0.9867549668874173,1.0,0.8571428571428571,0.9579152731326644,0.9838373305526591,0.9245887445887444,137,0,2,12,151,14,9.27,0.2664164391940271,2.795073048038436e-08,0.9999994470240077,0.0785731690983679
5555,7,F_all_ce_W,12,0.12434213799997451,2.0,0.75,0.9867549668874173,1.0,0.8571428571428571,0.9579152731326644,0.9890510948905109,0.9375155279503105,137,0,2,12,151,14,9.27,0.26957008814430794,8.95431914637146e-08,0.999999781783309,0.079576930498931
5555,7,G_all_focal_noW,12,0.09561163999978817,2.0,0.75,0.9867549668874173,1.0,0.8571428571428571,0.9579152731326644,0.9833159541188738,0.929212454212454,137,0,2,12,151,14,9.27,0.25645201594125305,0.001258076750819426,0.9967103287371709,0.08796174656047417
5555,7,H_all_focal_W,12,0.0950591680002617,2.0,0.75,0.9801324503311258,0.9230769230769231,0.8571428571428571,0.938989898989899,0.983837330552659,0.928387571244714,136,1,2,12,151,14,9.27,0.26096180831354987,0.0007567560432257265,0.9980007918392721,0.09013048114497645
5555,7,LEGACY_A,11,0.10641924000037761,2.0,0.75,0.9801324503311258,1.0,0.7857142857142857,0.9345848375451263,0.9874869655891554,0.9328703703703702,137,0,3,11,151,14,9.27,0.25923078781458947,2.3021718353971365e-08,0.9999996659481861,0.07458925708024833
5555,8,A_raw_ce_noW,11,0.10833637599989743,2.0,0.75,0.9867549668874173,0.9285714285714286,0.9285714285714286,0.9606360792492179,0.9979144942648592,0.984126984126984,136,1,1,13,151,14,9.27,0.28347133559283644,2.7838029502590583e-08,0.9999992545703814,0.09110679098317528
5555,8,B_raw_ce_W,11,0.13300833499988585,2.0,0.75,0.9867549668874173,0.9285714285714286,0.9285714285714286,0.9606360792492179,0.9968717413972888,0.9761009667024703,136,1,1,13,151,14,9.27,0.2875867936019719,1.403849571298602e-07,0.9999995870719178,0.09289338123263459
5555,8,C_raw_focal_noW,11,0.09842510799990123,2.0,0.75,0.9867549668874173,0.9285714285714286,0.9285714285714286,0.9606360792492179,0.9979144942648592,0.984126984126984,136,1,1,13,151,14,9.27,0.268520780688966,0.0019777869260176714,0.9963278385125908,0.10165117179345867
5555,8,D_raw_focal_W,11,0.0959452579995741,2.0,0.75,0.9867549668874173,0.9285714285714286,0.9285714285714286,0.9606360792492179,0.9979144942648592,0.984126984126984,136,1,1,13,151,14,9.27,0.28002461933422323,0.0016320678812392418,0.9969271930023279,0.10549549460944778
5555,8,E_all_ce_noW,12,0.11844397100003334,2.0,0.75,0.9867549668874173,0.9285714285714286,0.9285714285714286,0.9606360792492179,0.9984358706986445,0.9873949579831931,136,1,1,13,151,14,9.27,0.28795908534195036,2.7360272996509065e-08,0.9999991518028652,0.09401985806856847
5555,8,F_all_ce_W,12,0.1333076340001753,2.0,0.75,0.9867549668874173,0.9285714285714286,0.9285714285714286,0.9606360792492179,0.9968717413972888,0.9761009667024703,136,1,1,13,151,14,9.27,0.2883307213365428,1.372847520758185e-07,0.999999676365953,0.0945353687967983
5555,8,G_all_focal_noW,12,0.15545808300021235,2.0,0.75,0.9867549668874173,0.9285714285714286,0.9285714285714286,0.9606360792492179,0.9979144942648592,0.984126984126984,136,1,1,13,151,14,9.27,0.2725163512248443,0.0021522983496830347,0.9964207116442438,0.10273762545762288
5555,8,H_all_focal_W,12,0.16409491800004616,2.0,0.75,0.9867549668874173,0.9285714285714286,0.9285714285714286,0.9606360792492179,0.9942648592283628,0.9614531431301616,136,1,1,13,151,14,9.27,0.27732044212285034,0.0012213295524045906,0.9973433932171083,0.10481498489865623
5555,8,LEGACY_A,11,0.19667668200008848,2.0,0.75,0.9867549668874173,0.9285714285714286,0.9285714285714286,0.9606360792492179,0.9968717413972888,0.9761009667024703,136,1,1,13,151,14,9.27,0.28920690861941367,2.741990130583187e-08,0.9999995356429467,0.09337034900957053
5555,9,A_raw_ce_noW,11,0.18542058699995323,2.0,0.75,0.9933774834437086,1.0,0.9285714285714286,0.9796632996632997,0.9994786235662149,0.995238095238095,137,0,1,13,151,14,9.27,0.27629203769611876,2.7739997336935345e-08,0.9999997271329354,0.08542653335170364
5555,9,B_raw_ce_W,11,0.19601176900005157,2.0,0.75,0.9933774834437086,1.0,0.9285714285714286,0.9796632996632997,1.0,0.9999999999999998,137,0,1,13,151,14,9.27,0.27873293745523925,1.4240359730131085e-07,0.9999998003327878,0.0880212842792369
5555,9,C_raw_focal_noW,11,0.14821931599999516,2.0,0.75,0.9933774834437086,1.0,0.9285714285714286,0.9796632996632997,1.0,0.9999999999999998,137,0,1,13,151,14,9.27,0.2664441917027985,0.0015375953891554818,0.9965539665967231,0.0979575829831723
5555,9,D_raw_focal_W,11,0.15583920400013085,2.0,0.75,0.9933774834437086,1.0,0.9285714285714286,0.9796632996632997,1.0,0.9999999999999998,137,0,1,13,151,14,9.27,0.27097964705395966,0.0010282494100726882,0.9974660939770007,0.09974752144381396
5555,9,E_all_ce_noW,12,0.21870006200015268,2.0,0.75,0.9933774834437086,1.0,0.9285714285714286,0.9796632996632997,1.0,0.9999999999999998,137,0,1,13,151,14,9.27,0.27589923775074077,3.259502065799093e-08,0.999999681746732,0.08488131213588233
5555,9,F_all_ce_W,12,0.22179680699991877,2.0,0.75,0.9933774834437086,1.0,0.9285714285714286,0.9796632996632997,1.0,0.9999999999999998,137,0,1,13,151,14,9.27,0.28106528800517544,1.4168623915494888e-07,0.9999998381430426,0.08961781348104036
5555,9,G_all_focal_noW,12,0.16144575199996325,2.0,0.75,0.9933774834437086,1.0,0.9285714285714286,0.9796632996632997,1.0,0.9999999999999998,137,0,1,13,151,14,9.27,0.26728024179661186,0.0017747800562042367,0.9965540485189563,0.09783925548616809
5555,9,H_all_focal_W,12,0.15824208000003637,2.0,0.75,1.0,1.0,1.0,1.0,1.0,0.9999999999999998,137,0,0,14,151,14,9.27,0.27523565542953815,0.0012350722799941024,0.9979325411133066,0.10047326586980655
5555,9,LEGACY_A,11,0.2014854330000162,2.0,0.75,0.9933774834437086,1.0,0.9285714285714286,0.9796632996632997,1.0,0.9999999999999998,137,0,1,13,151,14,9.27,0.27875569371238273,2.732119080270093e-08,0.9999997098325104,0.08655199419218858
5555,10,A_raw_ce_noW,11,0.18068400899983317,2.0,0.75,0.9933774834437086,0.9333333333333333,1.0,0.9809271188581534,1.0,0.9999999999999998,136,1,0,14,151,14,9.27,0.2974999697097226,2.746719381047451e-08,0.9999996880333389,0.09890636679618899
5555,10,B_raw_ce_W,11,0.19279564999987997,2.0,0.75,0.9933774834437086,0.9333333333333333,1.0,0.9809271188581534,1.0,0.9999999999999998,136,1,0,14,151,14,9.27,0.29856363942574166,1.0171624517896946e-07,0.9999998221728831,0.10052933068114334
5555,10,C_raw_focal_noW,11,0.1430176650001158,2.0,0.75,0.9933774834437086,0.9333333333333333,1.0,0.9809271188581534,1.0,0.9999999999999998,136,1,0,14,151,14,9.27,0.2892200040593982,0.0011924847090709764,0.9972162396679202,0.10783182960947009
5555,10,D_raw_focal_W,11,0.14667246999988492,2.0,0.75,0.9933774834437086,0.9333333333333333,1.0,0.9809271188581534,1.0,0.9999999999999998,136,1,0,14,151,14,9.27,0.29356794060751656,0.0010089142094863706,0.9973646569025972,0.10897847006054397
5555,10,E_all_ce_noW,12,0.20660556200027713,2.0,0.75,0.9933774834437086,0.9333333333333333,1.0,0.9809271188581534,1.0,0.9999999999999998,136,1,0,14,151,14,9.27,0.29732880743111395,3.020384402613662e-08,0.9999996943787933,0.09947498025942146
5555,10,F_all_ce_W,12,0.23169868500008306,2.0,0.75,0.9933774834437086,0.9333333333333333,1.0,0.9809271188581534,1.0,0.9999999999999998,136,1,0,14,151,14,9.27,0.29641591194767375,1.2197222814346913e-07,0.999999809700713,0.0991119825520984
5555,10,G_all_focal_noW,12,0.15690354799971828,2.0,0.75,0.9933774834437086,0.9333333333333333,1.0,0.9809271188581534,1.0,0.9999999999999998,136,1,0,14,151,14,9.27,0.28984310200624464,0.0013095474693395294,0.9973606976709739,0.10546179418987417
5555,10,H_all_focal_W,12,0.15755549799996516,2.0,0.75,0.9933774834437086,0.9333333333333333,1.0,0.9809271188581534,1.0,0.9999999999999998,136,1,0,14,151,14,9.27,0.2926692664416471,0.0008880218446064946,0.9969865249760931,0.10819029115080024
5555,10,LEGACY_A,11,0.18618697300007625,2.0,0.75,0.9933774834437086,0.9333333333333333,1.0,0.9809271188581534,1.0,0.9999999999999998,136,1,0,14,151,14,9.27,0.2983207922180545,2.76578316816995e-08,0.9999996180499915,0.10018935980619532
5555,11,A_raw_ce_noW,11,0.17597813199972734,2.0,0.75,0.9801324503311258,0.9166666666666666,0.8461538461538461,0.9345848375451263,0.979933110367893,0.9206917113893858,137,1,2,11,151,13,8.61,0.2645633399938624,3.801227156558657e-08,0.9999995906171371,0.07842820455960904
5555,11,B_raw_ce_W,11,0.18081791499980682,2.0,0.75,0.9801324503311258,0.9166666666666666,0.8461538461538461,0.9345848375451263,0.9810479375696767,0.9304195804195803,137,1,2,11,151,13,8.61,0.26886243221356687,1.0001509561822756e-07,0.9999998209063864,0.08051272397985752
5555,11,C_raw_focal_noW,11,0.09235825400037356,2.0,0.75,0.9801324503311258,0.9166666666666666,0.8461538461538461,0.9345848375451263,0.9804905239687849,0.923708302641271,137,1,2,11,151,13,8.61,0.2573741773343908,0.002616311162924302,0.9962582348247421,0.09179570197031077
5555,11,D_raw_focal_W,11,0.0911459650001234,2.0,0.75,0.9801324503311258,0.9166666666666666,0.8461538461538461,0.9345848375451263,0.9827201783723524,0.9230769230769231,137,1,2,11,151,13,8.61,0.26102226952187024,0.0018885508303510285,0.9970404830736683,0.09022630527236211
5555,11,E_all_ce_noW,12,0.11409719699986454,2.0,0.75,0.9867549668874173,1.0,0.8461538461538461,0.954736211031175,0.9771460423634337,0.9108391608391606,138,0,2,11,151,13,8.61,0.2599989717251835,3.168864474015771e-08,0.9999996399043816,0.07638267502683278
5555,11,F_all_ce_W,12,0.12147911499960173,2.0,0.75,0.9801324503311258,0.9166666666666666,0.8461538461538461,0.9345848375451263,0.9827201783723523,0.9237516869095814,137,1,2,11,151,13,8.61,0.26516147447317506,1.3949160911773898e-07,0.9999998407651434,0.07927768827918566
5555,11,G_all_focal_noW,12,0.09483227700002317,2.0,0.75,0.9867549668874173,1.0,0.8461538461538461,0.954736211031175,0.9782608695652174,0.915034965034965,138,0,2,11,151,13,8.61,0.25650514293210874,0.0020874637958561335,0.9966936821336803,0.08897542904786045
5555,11,H_all_focal_W,12,0.09860310700014452,2.0,0.75,0.9801324503311258,0.9166666666666666,0.8461538461538461,0.9345848375451263,0.984392419175028,0.9282302664655605,137,1,2,11,151,13,8.61,0.2569426977266179,0.001791485654344716,0.9977692434134467,0.0886841864734374
5555,11,LEGACY_A,11,0.11992112799998722,2.0,0.75,0.9801324503311258,0.9166666666666666,0.8461538461538461,0.9345848375451263,0.984392419175028,0.9421597633136092,137,1,2,11,151,13,8.61,0.2698247645567285,2.6572274857827617e-08,0.9999996906428164,0.0794846608211045
5555,12,A_raw_ce_noW,11,0.10564995899994756,2.0,0.75,0.9933774834437086,1.0,0.9285714285714286,0.9796632996632997,0.9994786235662149,0.995238095238095,137,0,1,13,151,14,9.27,0.28020772224081847,2.6937525698228343e-08,0.9999995794348998,0.08638930268650055
5555,12,B_raw_ce_W,11,0.11573368200015466,2.0,0.75,0.9933774834437086,1.0,0.9285714285714286,0.9796632996632997,0.996871741397289,0.9785714285714284,137,0,1,13,151,14,9.27,0.28039730970396315,1.3162624831901793e-07,0.9999998394129093,0.08629251188359977
5555,12,C_raw_focal_noW,11,0.09902611899997282,2.0,0.75,0.9933774834437086,1.0,0.9285714285714286,0.9796632996632997,0.9994786235662149,0.995238095238095,137,0,1,13,151,14,9.27,0.27161868976118997,0.0015256788403453583,0.9966124890160647,0.0925320216170138
5555,12,D_raw_focal_W,11,0.09208785600003466,2.0,0.75,0.9933774834437086,1.0,0.9285714285714286,0.9796632996632997,0.9984358706986445,0.9873949579831931,137,0,1,13,151,14,9.27,0.2763285879909256,0.0014439444776846617,0.9974066659814056,0.09477331574303752
5555,12,E_all_ce_noW,12,0.12401229099987177,2.0,0.75,0.9933774834437086,1.0,0.9285714285714286,0.9796632996632997,0.9911366006256518,0.9608294930875574,137,0,1,13,151,14,9.27,0.2800912454639864,2.7509829053648226e-08,0.9999996407215485,0.08609589749077656
5555,12,F_all_ce_W,12,0.1270587180001712,2.0,0.75,0.9933774834437086,1.0,0.9285714285714286,0.9796632996632997,0.9869655891553701,0.9542124542124542,137,0,1,13,151,14,9.27,0.28023320617229563,1.2815074347124833e-07,0.9999997682225117,0.08660611651373158
5555,12,G_all_focal_noW,12,0.09847874900015086,2.0,0.75,0.9933774834437086,1.0,0.9285714285714286,0.9796632996632997,0.9947862356621481,0.9702380952380951,137,0,1,13,151,14,9.27,0.27210871089482475,0.001580133566491703,0.9966645228157016,0.09364624665347689
5555,12,H_all_focal_W,12,0.10031180300029519,2.0,0.75,0.9933774834437086,1.0,0.9285714285714286,0.9796632996632997,0.9869655891553701,0.9542124542124542,137,0,1,13,151,14,9.27,0.276800410741582,0.0008214423006090494,0.9974795933023561,0.09514893453770737
5555,12,LEGACY_A,11,0.11304980700015221,2.0,0.75,0.9933774834437086,1.0,0.9285714285714286,0.9796632996632997,0.9984358706986445,0.9873949579831931,137,0,1,13,151,14,9.27,0.280375111140728,2.6942497748008374e-08,0.9999996890451032,0.08671360175180229
5555,13,A_raw_ce_noW,11,0.10825477100024727,2.0,0.75,0.9933774834437086,0.9333333333333333,1.0,0.9809271188581534,1.0,0.9999999999999998,136,1,0,14,151,14,9.27,0.288414763650496,2.9790670210406094e-08,0.9999995896380504,0.0964227045768766
5555,13,B_raw_ce_W,11,0.11476330100003906,2.0,0.75,0.9933774834437086,0.9333333333333333,1.0,0.9809271188581534,0.9994786235662149,0.995238095238095,136,1,0,14,151,14,9.27,0.2925000759950682,8.703618834373674e-08,0.9999998048517474,0.09961487752285733
5555,13,C_raw_focal_noW,11,0.09694400700027472,2.0,0.75,0.9933774834437086,0.9333333333333333,1.0,0.9809271188581534,0.9994786235662149,0.995238095238095,136,1,0,14,151,14,9.27,0.28110757294174726,0.0020217391433377616,0.9963953604633767,0.11479554114881918
5555,13,D_raw_focal_W,11,0.09447122800020225,2.0,0.75,0.9867549668874173,0.875,1.0,0.9629901960784314,1.0,0.9999999999999998,135,2,0,14,151,14,9.27,0.2907001429376161,0.0014469553868767956,0.9975083119153128,0.11791796266755603
5555,13,E_all_ce_noW,12,0.12449869200008834,2.0,0.75,0.9933774834437086,0.9333333333333333,1.0,0.9809271188581534,0.9994786235662149,0.995238095238095,136,1,0,14,151,14,9.27,0.2966993753707059,2.7633904814902966e-08,0.9999994516398909,0.10141011191992556
5555,13,F_all_ce_W,12,0.14676597599964225,2.0,0.75,0.9933774834437086,0.9333333333333333,1.0,0.9809271188581534,1.0,0.9999999999999998,136,1,0,14,151,14,9.27,0.29741559633196485,1.212202449922825e-07,0.9999997886251764,0.10202727516041957
5555,13,G_all_focal_noW,12,0.09539754900015396,2.0,0.75,0.9867549668874173,0.875,1.0,0.9629901960784314,0.9994786235662149,0.995238095238095,135,2,0,14,151,14,9.27,0.2827207541701197,0.0018821991764218964,0.9962416729054092,0.11188144292244281
5555,13,H_all_focal_W,12,0.09779213199999504,2.0,0.75,0.9933774834437086,0.9333333333333333,1.0,0.9809271188581534,1.0,0.9999999999999998,136,1,0,14,151,14,9.27,0.2892294168666444,0.001282675825452729,0.996947546823841,0.11527719084822055
5555,13,LEGACY_A,11,0.11332768700003726,2.0,0.75,0.9933774834437086,0.9333333333333333,1.0,0.9809271188581534,1.0,0.9999999999999998,136,1,0,14,151,14,9.27,0.29653813097832427,2.773580601395717e-08,0.9999996630456144,0.10119746643564799
5555,14,A_raw_ce_noW,11,0.09905714099977558,2.0,0.75,0.9735099337748344,0.8571428571428571,0.8571428571428571,0.9212721584984358,0.9035453597497393,0.8653068639573186,135,2,2,12,151,14,9.27,0.2773402778173311,2.9617524208824503e-08,0.9999995216397531,0.08839529768074574
5555,14,B_raw_ce_W,11,0.10800597900015418,2.0,0.75,0.9735099337748344,0.8571428571428571,0.8571428571428571,0.9212721584984358,0.9077163712200208,0.8660284113645457,135,2,2,12,151,14,9.27,0.28576251896174915,1.3992403014468882e-07,0.9999997609789527,0.09329595326805644
5555,14,C_raw_focal_noW,11,0.08965439799976593,2.0,0.75,0.9801324503311258,0.9230769230769231,0.8571428571428571,0.938989898989899,0.8915537017726799,0.8690496147687927,136,1,2,12,151,14,9.27,0.26253334032933523,0.001230191908487667,0.9969041098331887,0.09062832950890501
5555,14,D_raw_focal_W,11,0.0900585479998881,2.0,0.75,0.9735099337748344,0.8571428571428571,0.8571428571428571,0.9212721584984358,0.8837330552659021,0.862603553948705,135,2,2,12,151,14,9.27,0.26965206829585825,0.0010273962204260557,0.9973479644917391,0.09399676346384747
5555,14,E_all_ce_noW,12,0.12393458299993654,2.0,0.75,0.9668874172185431,0.8461538461538461,0.7857142857142857,0.8983164983164983,0.9171011470281543,0.8679073902288187,135,2,3,11,151,14,9.27,0.27208962568683603,3.009137031210871e-08,0.9999996464379071,0.08600188097776315
5555,14,F_all_ce_W,12,0.1164308490001531,2.0,0.75,0.9735099337748344,0.8571428571428571,0.8571428571428571,0.9212721584984358,0.9228362877997914,0.8738249702105122,135,2,2,12,151,14,9.27,0.28583629681688366,1.2383032684200277e-07,0.9999997440359365,0.0921298970372015
5555,14,G_all_focal_noW,12,0.09088083799997548,2.0,0.75,0.9801324503311258,0.9230769230769231,0.8571428571428571,0.938989898989899,0.8879040667361835,0.8678158668724705,136,1,2,12,151,14,9.27,0.2620994370580757,0.001970527365792826,0.996704313300546,0.09098202748716658
5555,14,H_all_focal_W,12,0.0909507719998146,2.0,0.75,0.9735099337748344,0.8571428571428571,0.8571428571428571,0.9212721584984358,0.8894681960375391,0.8733076892174191,135,2,2,12,151,14,9.27,0.2718684809883335,0.0011510315080021187,0.9967889709483522,0.09617268612789483
5555,14,LEGACY_A,11,0.09943514900032824,2.0,0.75,0.9735099337748344,0.8571428571428571,0.8571428571428571,0.9212721584984358,0.9004171011470282,0.865303223562152,135,2,2,12,151,14,9.27,0.28828443608883186,2.764054484497215e-08,0.9999997124950847,0.09340869307041258
5555,15,A_raw_ce_noW,11,0.11243871399983618,2.0,0.75,0.9933774834437086,1.0,0.9285714285714286,0.9796632996632997,1.0,0.9999999999999998,137,0,1,13,151,14,9.27,0.2782142910590831,2.748802360955037e-08,0.9999994226088001,0.08556323121854591
5555,15,B_raw_ce_W,11,0.11759702700010166,2.0,0.75,0.9933774834437086,1.0,0.9285714285714286,0.9796632996632997,1.0,0.9999999999999998,137,0,1,13,151,14,9.27,0.2791229348231937,1.1266310529571926e-07,0.9999997072808644,0.0859573476032538
5555,15,C_raw_focal_noW,11,0.09681470499981515,2.0,0.75,0.9933774834437086,1.0,0.9285714285714286,0.9796632996632997,1.0,0.9999999999999998,137,0,1,13,151,14,9.27,0.2670254699806126,0.001017306246240631,0.9972443742109531,0.09087311332132014
5555,15,D_raw_focal_W,11,0.11062534299981053,2.0,0.75,0.9933774834437086,1.0,0.9285714285714286,0.9796632996632997,1.0,0.9999999999999998,137,0,1,13,151,14,9.27,0.27382783343759165,0.0008306783446054176,0.9976672277259538,0.09442055625336601
5555,15,E_all_ce_noW,12,0.12351246399975935,2.0,0.75,0.9933774834437086,1.0,0.9285714285714286,0.9796632996632997,1.0,0.9999999999999998,137,0,1,13,151,14,9.27,0.27668625162414484,2.6752931497415846e-08,0.9999996293776542,0.0856465951053158
5555,15,F_all_ce_W,12,0.13359787899980802,2.0,0.75,0.9933774834437086,1.0,0.9285714285714286,0.9796632996632997,1.0,0.9999999999999998,137,0,1,13,151,14,9.27,0.27884459524537425,1.176340470798372e-07,0.9999997839082989,0.0869770288792442
5555,15,G_all_focal_noW,12,0.10394229899975471,2.0,0.75,0.9933774834437086,1.0,0.9285714285714286,0.9796632996632997,1.0,0.9999999999999998,137,0,1,13,151,14,9.27,0.268174317767641,0.0011248305039428693,0.9967095217114755,0.09148709324448621
5555,15,H_all_focal_W,12,0.10286940300011338,2.0,0.75,1.0,1.0,1.0,1.0,1.0,0.9999999999999998,137,0,0,14,151,14,9.27,0.2748494522575549,0.0011361743281611137,0.997619578596046,0.09452386943849977
5555,15,LEGACY_A,11,0.11635387399974206,2.0,0.75,0.9933774834437086,1.0,0.9285714285714286,0.9796632996632997,1.0,0.9999999999999998,137,0,1,13,151,14,9.27,0.28130481634965515,2.5828854219737554e-08,0.9999996777792973,0.08902071247609271
5555,16,A_raw_ce_noW,11,0.11080149600002187,2.0,0.75,0.9933774834437086,0.9285714285714286,1.0,0.9796632996632997,0.9988851727982162,0.9885883347421807,137,1,0,13,151,13,8.61,0.2881862070873085,2.7809229906053185e-08,0.9999994825755402,0.09213657260856357
5555,16,B_raw_ce_W,11,0.13241116999961378,2.0,0.75,0.9933774834437086,0.9285714285714286,1.0,0.9796632996632997,0.9994425863991081,0.9945054945054943,137,1,0,13,151,13,8.61,0.2896912953099632,1.4636244103946357e-07,0.9999996729440018,0.09267181374057183
5555,16,C_raw_focal_noW,11,0.09444108099978621,2.0,0.75,0.9933774834437086,0.9285714285714286,1.0,0.9796632996632997,0.9988851727982162,0.9885883347421807,137,1,0,13,151,13,8.61,0.2744340772800174,0.001295844569054572,0.995314516062903,0.09658190207231236
5555,16,D_raw_focal_W,11,0.09290561600028013,2.0,0.75,0.9933774834437086,0.9285714285714286,1.0,0.9796632996632997,0.9983277591973244,0.9821780783319244,137,1,0,13,151,13,8.61,0.28097603388933273,0.0010489573953944742,0.9967252421909532,0.0988636149979428
5555,16,E_all_ce_noW,12,0.11956238099992333,2.0,0.75,0.9933774834437086,0.9285714285714286,1.0,0.9796632996632997,0.9983277591973244,0.9821780783319243,137,1,0,13,151,13,8.61,0.28836637493741457,2.8020117626016825e-08,0.9999994941551237,0.09219666235174814
5555,16,F_all_ce_W,12,0.13375061599981564,2.0,0.75,0.9933774834437086,0.9285714285714286,1.0,0.9796632996632997,0.9983277591973244,0.9821780783319245,137,1,0,13,151,13,8.61,0.2890964710096189,1.3199562400795692e-07,0.999999713827942,0.0924984997919226
5555,16,G_all_focal_noW,12,0.09735752599999614,2.0,0.75,0.9933774834437086,0.9285714285714286,1.0,0.9796632996632997,0.9983277591973244,0.9821780783319243,137,1,0,13,151,13,8.61,0.27417365732453414,0.0012711393936450193,0.996065392107468,0.09696045725078065
5555,16,H_all_focal_W,12,0.09810569000001124,2.0,0.75,0.9933774834437086,0.9285714285714286,1.0,0.9796632996632997,0.9988851727982162,0.9885883347421807,137,1,0,13,151,13,8.61,0.28016912747576783,0.0010179211107242743,0.9970823205875577,0.09846178985881025
5555,16,LEGACY_A,11,0.11205247199995938,2.0,0.75,0.9933774834437086,0.9285714285714286,1.0,0.9796632996632997,0.9983277591973244,0.9821780783319243,137,1,0,13,151,13,8.61,0.2897530182590151,2.7551381357480712e-08,0.9999994656530071,0.09266566700059081
5555,17,A_raw_ce_noW,11,0.10343831799991676,2.0,0.75,0.9801324503311258,0.9230769230769231,0.8571428571428571,0.938989898989899,0.9916579770594369,0.9579521463757916,136,1,2,12,151,14,9.27,0.2758699078746131,2.9164369250024503e-08,0.9999996331697887,0.08497303502228791
5555,17,B_raw_ce_W,11,0.10890668699994421,2.0,0.75,0.9801324503311258,0.9230769230769231,0.8571428571428571,0.938989898989899,0.9890510948905109,0.9528811524609844,136,1,2,12,151,14,9.27,0.2799886571409275,1.4221752926490878e-07,0.9999997250079896,0.08995068692741016
5555,17,C_raw_focal_noW,11,0.11654707000025155,2.0,0.75,0.9801324503311258,0.9230769230769231,0.8571428571428571,0.938989898989899,0.9921793534932222,0.9591836734693877,136,1,2,12,151,14,9.27,0.26328925773658285,0.0018426096549837268,0.9966937897160822,0.09472140946129319
5555,17,D_raw_focal_W,11,0.09847994000028848,2.0,0.75,0.9801324503311258,0.9230769230769231,0.8571428571428571,0.938989898989899,0.9937434827945777,0.9634693877551019,136,1,2,12,151,14,9.27,0.26642461428830894,0.001496049713287598,0.9971281622070032,0.09559859166215441
5555,17,E_all_ce_noW,12,0.11645831400028328,2.0,0.75,0.9801324503311258,0.9230769230769231,0.8571428571428571,0.938989898989899,0.9921793534932222,0.9591836734693877,136,1,2,12,151,14,9.27,0.2768609222665037,2.780535797555859e-08,0.9999994897967023,0.08609791232501404
5555,17,F_all_ce_W,12,0.12708699299992077,2.0,0.75,0.9801324503311258,0.9230769230769231,0.8571428571428571,0.938989898989899,0.9906152241918665,0.9557274522712309,136,1,2,12,151,14,9.27,0.27912467155305076,1.3853628006529777e-07,0.9999997555185822,0.08763577340486266
5555,17,G_all_focal_noW,12,0.09492108699987511,2.0,0.75,0.9801324503311258,0.9230769230769231,0.8571428571428571,0.938989898989899,0.9890510948905109,0.9528811524609844,136,1,2,12,151,14,9.27,0.2615862599299033,0.0015950670362878555,0.996453743614386,0.0928406626149395
5555,17,H_all_focal_W,12,0.0973199879999811,2.0,0.75,0.9867549668874173,0.9285714285714286,0.9285714285714286,0.9606360792492179,0.9921793534932222,0.9591836734693877,136,1,1,13,151,14,9.27,0.26947865308451036,0.0010795884447377482,0.9971059668303083,0.09600210597088593
5555,17,LEGACY_A,11,0.11636109499977465,2.0,0.75,0.9801324503311258,0.9230769230769231,0.8571428571428571,0.938989898989899,0.9921793534932222,0.9591836734693877,136,1,2,12,151,14,9.27,0.2804005937001482,2.6697953722916813e-08,0.9999996126874612,0.08788062599981708
5555,18,A_raw_ce_noW,11,0.10246676800034038,2.0,0.75,0.9801324503311258,1.0,0.7857142857142857,0.9345848375451263,0.9942648592283628,0.9606331168831169,137,0,3,11,151,14,9.27,0.25994349544644113,2.743425839706316e-08,0.9999994500343654,0.07515141114389437
5555,18,B_raw_ce_W,11,0.1150058920002266,2.0,0.75,0.9801324503311258,1.0,0.7857142857142857,0.9345848375451263,0.9942648592283628,0.9651360544217686,137,0,3,11,151,14,9.27,0.2605094693712048,1.2119280757992863e-07,0.9999996829125781,0.07734778092240098
5555,18,C_raw_focal_noW,11,0.09132156799978475,2.0,0.75,0.9801324503311258,1.0,0.7857142857142857,0.9345848375451263,0.9937434827945777,0.9551386113886114,137,0,3,11,151,14,9.27,0.2560721034931913,0.001626339329317053,0.9974712417158585,0.08984971776771956
5555,18,D_raw_focal_W,11,0.09557775799976298,2.0,0.75,0.9867549668874173,1.0,0.8571428571428571,0.9579152731326644,0.9947862356621481,0.961764705882353,137,0,2,12,151,14,9.27,0.2588846430016616,0.0009775205997016021,0.9982742453579823,0.09054029288718093
5555,18,E_all_ce_noW,12,0.11521480500005055,2.0,0.75,0.9801324503311258,1.0,0.7857142857142857,0.9345848375451263,0.9942648592283628,0.9625258799171841,137,0,3,11,151,14,9.27,0.2599214689717981,2.766131788403416e-08,0.99999961885095,0.07500243472399575
5555,18,F_all_ce_W,12,0.12878531100022883,2.0,0.75,0.9801324503311258,1.0,0.7857142857142857,0.9345848375451263,0.9927007299270073,0.9551785714285713,137,0,3,11,151,14,9.27,0.2609127806261594,1.3803922074861575e-07,0.9999996970968366,0.07736845491505685
5555,18,G_all_focal_noW,12,0.11479462799979956,2.0,0.75,0.9801324503311258,1.0,0.7857142857142857,0.9345848375451263,0.9927007299270073,0.9513507326007324,137,0,3,11,151,14,9.27,0.25849252819694757,0.0012749810905317812,0.9979912903226904,0.09020814823852
5555,18,H_all_focal_W,12,0.09917289699978937,2.0,0.75,0.9801324503311258,1.0,0.7857142857142857,0.9345848375451263,0.9958289885297185,0.9679748822605965,137,0,3,11,151,14,9.27,0.25854309963501454,0.0008957047979156878,0.9984861590639497,0.08988625464446272
5555,18,LEGACY_A,11,0.11074641300001531,2.0,0.75,0.9801324503311258,1.0,0.7857142857142857,0.9345848375451263,0.9942648592283628,0.9590076590076588,137,0,3,11,151,14,9.27,0.25954677886543276,2.69177055570202e-08,0.9999996845792776,0.0743521508962848
5555,19,A_raw_ce_noW,11,0.10160177099987777,2.0,0.75,0.9867549668874173,1.0,0.8571428571428571,0.9579152731326644,0.9947862356621481,0.9702380952380951,137,0,2,12,151,14,9.27,0.271175510592653,2.8432465893188774e-08,0.9999995395870219,0.08390965663446882
5555,19,B_raw_ce_W,11,0.11150588100008463,2.0,0.75,0.9933774834437086,1.0,0.9285714285714286,0.9796632996632997,0.9932221063607924,0.9656084656084656,137,0,1,13,151,14,9.27,0.2802156301475253,1.4301991668905474e-07,0.9999997971703304,0.09069430886672308
5555,19,C_raw_focal_noW,11,0.09081932999970377,2.0,0.75,0.9867549668874173,0.9285714285714286,0.9285714285714286,0.9606360792492179,0.9874869655891554,0.9548872180451127,136,1,1,13,151,14,9.27,0.26490741396308853,0.0018882075483044167,0.9961199526364044,0.09774522393276189
5555,19,D_raw_focal_W,11,0.09119788499992865,2.0,0.75,0.9801324503311258,0.8666666666666667,0.9285714285714286,0.94278135657446,0.9843587069864443,0.9512987012987011,135,2,1,13,151,14,9.27,0.2763161916369276,0.0015535175728631305,0.9971612881294197,0.10238258260120589
5555,19,E_all_ce_noW,12,0.1554700579999917,2.0,0.75,0.9867549668874173,0.9285714285714286,0.9285714285714286,0.9606360792492179,0.996871741397289,0.9785714285714284,136,1,1,13,151,14,9.27,0.28084358938324816,3.0891258601440586e-08,0.9999996639803822,0.09234303341521993
5555,19,F_all_ce_W,12,0.20021804899988638,2.0,0.75,0.9735099337748344,0.8125,0.9285714285714286,0.9259803921568628,0.996871741397289,0.9785714285714284,134,3,1,13,151,14,9.27,0.29357575197173874,1.4925110367721115e-07,0.9999998122126665,0.10036093407915765
5555,19,G_all_focal_noW,12,0.1614720520001356,2.0,0.75,0.9867549668874173,0.9285714285714286,0.9285714285714286,0.9606360792492179,0.9900938477580813,0.9547193877551019,136,1,1,13,151,14,9.27,0.26837778646837485,0.0020027959367752935,0.9965298891664298,0.1002032437704117
5555,19,H_all_focal_W,12,0.14802805499994065,2.0,0.75,0.9801324503311258,0.8666666666666667,0.9285714285714286,0.94278135657446,0.9927007299270073,0.9642857142857142,135,2,1,13,151,14,9.27,0.2802065492340343,0.0024848789609870827,0.9968172713912374,0.10605191047112805
5555,19,LEGACY_A,11,0.17716420300030222,2.0,0.75,0.9867549668874173,0.9285714285714286,0.9285714285714286,0.9606360792492179,0.9932221063607924,0.9656084656084656,136,1,1,13,151,14,9.27,0.28400721151551384,2.9226722388889464e-08,0.9999996707214566,0.09096314881673868
5555,20,A_raw_ce_noW,11,0.18239058300014221,2.0,0.75,0.9867549668874173,0.9285714285714286,0.9285714285714286,0.9606360792492179,0.9989572471324296,0.9910714285714284,136,1,1,13,151,14,9.27,0.28294730408740354,2.7656056966759937e-08,0.9999995838973461,0.09015057203386138
5555,20,B_raw_ce_W,11,0.19282231500028502,2.0,0.75,0.9867549668874173,0.9285714285714286,0.9285714285714286,0.9606360792492179,0.9994786235662149,0.995238095238095,136,1,1,13,151,14,9.27,0.28538279156119106,9.252241331889285e-08,0.9999998499959083,0.09111972832815707
5555,20,C_raw_focal_noW,11,0.15198376799980906,2.0,0.75,0.9867549668874173,0.9285714285714286,0.9285714285714286,0.9606360792492179,0.9989572471324295,0.9910714285714284,136,1,1,13,151,14,9.27,0.27377445339527695,0.0013105159542736952,0.9964008897729871,0.09618632057320142
5555,20,D_raw_focal_W,11,0.15609543200025655,2.0,0.75,0.9867549668874173,0.9285714285714286,0.9285714285714286,0.9606360792492179,0.9989572471324296,0.9910714285714284,136,1,1,13,151,14,9.27,0.2789167996095706,0.0014675927363347972,0.9967092384867042,0.09980004318790857
5555,20,E_all_ce_noW,12,0.19500090900010036,2.0,0.75,0.9933774834437086,1.0,0.9285714285714286,0.9796632996632997,0.9906152241918665,0.9598214285714284,137,0,1,13,151,14,9.27,0.28040718643642587,2.8547488375179e-08,0.9999995887747181,0.0883572793985313
5555,20,F_all_ce_W,12,0.2183774860000085,2.0,0.75,0.9867549668874173,0.9285714285714286,0.9285714285714286,0.9606360792492179,0.9927007299270073,0.9642857142857142,136,1,1,13,151,14,9.27,0.28415725712205897,1.3008294130915015e-07,0.9999998173952331,0.09173197744973978
5555,20,G_all_focal_noW,12,0.1697432360001585,2.0,0.75,0.9933774834437086,1.0,0.9285714285714286,0.9796632996632997,0.9953076120959333,0.9720496894409936,137,0,1,13,151,14,9.27,0.2745554751019153,0.002018915467323797,0.9955288901465994,0.0976110811478945
5555,20,H_all_focal_W,12,0.15867431600008786,2.0,0.75,0.9867549668874173,0.9285714285714286,0.9285714285714286,0.9606360792492179,0.9932221063607926,0.9656084656084656,136,1,1,13,151,14,9.27,0.2789631519059528,0.0013006777788209269,0.9969426923702214,0.099883927862892
5555,20,LEGACY_A,11,0.19490498000004663,2.0,0.75,0.9867549668874173,0.9285714285714286,0.9285714285714286,0.9606360792492179,0.9989572471324296,0.9910714285714284,136,1,1,13,151,14,9.27,0.28709510560774637,2.7506502666101018e-08,0.9999997176811548,0.09190701237154883
5555,21,A_raw_ce_noW,11,0.18219081400002324,2.0,0.75,0.9735099337748344,1.0,0.6923076923076923,0.901948051948052,0.9877369007803791,0.9410525372063832,138,0,4,9,151,13,8.61,0.23357439868101082,2.9528842820302313e-08,0.9999995196523759,0.059166131807294825
5555,21,B_raw_ce_W,11,0.2006273950000832,2.0,0.75,0.9735099337748344,1.0,0.6923076923076923,0.901948051948052,0.9938684503901896,0.9562040523578983,138,0,4,9,151,13,8.61,0.23438750193448032,9.881394564387531e-08,0.9999996541103833,0.06056605339423285
5555,21,C_raw_focal_noW,11,0.17113712800028225,2.0,0.75,0.9735099337748344,1.0,0.6923076923076923,0.901948051948052,0.9882943143812709,0.9349352473084722,138,0,4,9,151,13,8.61,0.22083117595338958,0.0014414973003520877,0.9965196168050171,0.07002656612500639
5555,21,D_raw_focal_W,11,0.15191154100011772,2.0,0.75,0.9735099337748344,1.0,0.6923076923076923,0.901948051948052,0.9866220735785953,0.9286858974358971,138,0,4,9,151,13,8.61,0.2300251809455742,0.000962105807417495,0.9973047632072639,0.07213995651663431
5555,21,E_all_ce_noW,12,0.20020129500016992,2.0,0.75,0.9801324503311258,1.0,0.7692307692307693,0.9294062646096306,0.9849498327759197,0.9480769230769228,138,0,3,10,151,13,8.61,0.238631295524045,2.992372885101811e-08,0.9999993563091059,0.06452008340019437
5555,21,F_all_ce_W,12,0.22105925500000012,2.0,0.75,0.9735099337748344,1.0,0.6923076923076923,0.901948051948052,0.9793756967670011,0.9430769230769229,138,0,4,9,151,13,8.61,0.23605332847035293,1.2837659951579736e-07,0.9999997077885542,0.0623004886882058
5555,21,G_all_focal_noW,12,0.1543786919996819,2.0,0.75,0.9735099337748344,1.0,0.6923076923076923,0.901948051948052,0.987736900780379,0.9516483516483514,138,0,4,9,151,13,8.61,0.22528689064523078,0.001460095167187271,0.995912524635734,0.07236477298965063
5555,21,H_all_focal_W,12,0.18376237699976627,2.0,0.75,0.9735099337748344,1.0,0.6923076923076923,0.901948051948052,0.9743589743589745,0.9400260756192957,138,0,4,9,151,13,8.61,0.23061788053767918,0.0010082628339597639,0.9968990971514172,0.07404196634823293
5555,21,LEGACY_A,11,0.19832050400009393,2.0,0.75,0.9735099337748344,1.0,0.6923076923076923,0.901948051948052,0.9832775919732442,0.9364781559903508,138,0,4,9,151,13,8.61,0.23888420825503992,2.754811308903007e-08,0.9999995509667228,0.06304160210617177
5555,22,A_raw_ce_noW,11,0.13972526599991397,2.0,0.75,0.9933774834437086,0.9333333333333333,1.0,0.9809271188581534,1.0,0.9999999999999998,136,1,0,14,151,14,9.27,0.2960812723124869,2.7343536833149e-08,0.9999994451407598,0.10082987581544652
5555,22,B_raw_ce_W,11,0.11438029900000402,2.0,0.75,0.9867549668874173,0.875,1.0,0.9629901960784314,1.0,0.9999999999999998,135,2,0,14,151,14,9.27,0.3032767411762197,1.1571878273301322e-07,0.9999997271404836,0.10717861291652694
5555,22,C_raw_focal_noW,11,0.0904752550000012,2.0,0.75,0.9933774834437086,0.9333333333333333,1.0,0.9809271188581534,1.0,0.9999999999999998,136,1,0,14,151,14,9.27,0.28598695465663365,0.0011366753549084316,0.9973666579002605,0.10865851007090194
5555,22,D_raw_focal_W,11,0.1164692450001894,2.0,0.75,0.9867549668874173,0.875,1.0,0.9629901960784314,1.0,0.9999999999999998,135,2,0,14,151,14,9.27,0.2948713889663362,0.000882061642593595,0.9977747281138449,0.11337629375932695
5555,22,E_all_ce_noW,12,0.1199965539999539,2.0,0.75,0.9933774834437086,0.9333333333333333,1.0,0.9809271188581534,0.9994786235662148,0.995238095238095,136,1,0,14,151,14,9.27,0.2979023367191625,2.7168427607214503e-08,0.9999995423912906,0.10021914135183042
5555,22,F_all_ce_W,12,0.12864497099963046,2.0,0.75,0.9933774834437086,0.9333333333333333,1.0,0.9809271188581534,1.0,0.9999999999999998,136,1,0,14,151,14,9.27,0.2984435453327129,1.1066173369006183e-07,0.9999996324713986,0.10230685591308142
5555,22,G_all_focal_noW,12,0.09537756500003525,2.0,0.75,0.9933774834437086,0.9333333333333333,1.0,0.9809271188581534,0.9994786235662149,0.995238095238095,136,1,0,14,151,14,9.27,0.28531124127424734,0.0010481060702145497,0.9977948559175318,0.10823759970416585
5555,22,H_all_focal_W,12,0.0971536140000353,2.0,0.75,0.9867549668874173,0.875,1.0,0.9629901960784314,1.0,0.9999999999999998,135,2,0,14,151,14,9.27,0.29188539898595395,0.0007690255390316553,0.9976032957922067,0.11290667776953373
5555,22,LEGACY_A,11,0.11076352199961548,2.0,0.75,0.9867549668874173,0.875,1.0,0.9629901960784314,1.0,0.9999999999999998,135,2,0,14,151,14,9.27,0.30181515869422143,2.5689842123806547e-08,0.9999996253617018,0.10500460935960983
5555,23,A_raw_ce_noW,11,0.09487272499973187,2.0,0.75,0.9801324503311258,1.0,0.7857142857142857,0.9345848375451263,0.9906152241918665,0.9457671957671957,137,0,3,11,151,14,9.27,0.25854908980911023,4.029425924520707e-08,0.9999994973347688,0.07286410686081955
5555,23,B_raw_ce_W,11,0.10737382700017406,2.0,0.75,0.9801324503311258,1.0,0.7857142857142857,0.9345848375451263,0.9848800834202294,0.9374057315233784,137,0,3,11,151,14,9.27,0.25950331684399713,1.4959968471284478e-07,0.9999998153410671,0.07352085477518319
5555,23,C_raw_focal_noW,11,0.110155167999892,2.0,0.75,0.9801324503311258,1.0,0.7857142857142857,0.9345848375451263,0.9827945776850887,0.9214206260924835,137,0,3,11,151,14,9.27,0.24847569354089982,0.0034011157956883465,0.9956536675828932,0.08488087019344898
5555,23,D_raw_focal_W,11,0.09063762999994651,2.0,0.75,0.9801324503311258,1.0,0.7857142857142857,0.9345848375451263,0.9854014598540146,0.927248677248677,137,0,3,11,151,14,9.27,0.2514600394559815,0.0032978448343812476,0.9964686644836115,0.08473214960409747
5555,23,E_all_ce_noW,12,0.10832839800013971,2.0,0.75,0.9801324503311258,1.0,0.7857142857142857,0.9345848375451263,0.989051094890511,0.9440227703984819,137,0,3,11,151,14,9.27,0.2591675953093393,4.1844170461367526e-08,0.9999996503191758,0.07291907057925519
5555,23,F_all_ce_W,12,0.11388559999977588,2.0,0.75,0.9801324503311258,1.0,0.7857142857142857,0.9345848375451263,0.9874869655891554,0.9344856532356532,137,0,3,11,151,14,9.27,0.2594674562137484,1.4456333001768258e-07,0.9999997705121886,0.07455573983754822
5555,23,G_all_focal_noW,12,0.09082321899995804,2.0,0.75,0.9801324503311258,1.0,0.7857142857142857,0.9345848375451263,0.9895724713242962,0.938949938949939,137,0,3,11,151,14,9.27,0.24910756977924434,0.003532531452453042,0.9951759502758533,0.08419485107670141
5555,23,H_all_focal_W,12,0.09298101300009876,2.0,0.75,0.9801324503311258,1.0,0.7857142857142857,0.9345848375451263,0.9885297184567258,0.9270748299319728,137,0,3,11,151,14,9.27,0.24630144112810343,0.0036512823390924057,0.9958755125600975,0.08173925700677599
5555,23,LEGACY_A,11,0.09627405099990938,2.0,0.75,0.9801324503311258,1.0,0.7857142857142857,0.9345848375451263,0.9880083420229406,0.9315803244374672,137,0,3,11,151,14,9.27,0.25953235738717984,5.4010214174059415e-08,0.999999647369141,0.07297801116874686
5555,24,A_raw_ce_noW,11,0.110007157000382,2.0,0.75,0.9867549668874173,0.875,1.0,0.9629901960784314,1.0,0.9999999999999998,135,2,0,14,151,14,9.27,0.3039862605561263,2.799836013456299e-08,0.9999995577109608,0.1052467577663457
5555,24,B_raw_ce_W,11,0.12951024699987101,2.0,0.75,0.9867549668874173,0.875,1.0,0.9629901960784314,1.0,0.9999999999999998,135,2,0,14,151,14,9.27,0.30742841909631485,1.4304989494474125e-07,0.9999998018203955,0.10652102021706983
5555,24,C_raw_focal_noW,11,0.09368390700001328,2.0,0.75,0.9933774834437086,0.9333333333333333,1.0,0.9809271188581534,1.0,0.9999999999999998,136,1,0,14,151,14,9.27,0.29305087854943235,0.0015627552837266573,0.9956820932981387,0.11229654658030074
5555,24,D_raw_focal_W,11,0.09320472500030519,2.0,0.75,0.9801324503311258,0.8235294117647058,1.0,0.946077847875253,1.0,0.9999999999999998,134,3,0,14,151,14,9.27,0.29913877345936823,0.0014703597298851344,0.9971728777676704,0.11518658131107559
5555,24,E_all_ce_noW,12,0.11727647699990484,2.0,0.75,0.9933774834437086,0.9333333333333333,1.0,0.9809271188581534,1.0,0.9999999999999998,136,1,0,14,151,14,9.27,0.30023107866363336,2.7592388587357942e-08,0.9999995765638542,0.1038290693242939
5555,24,F_all_ce_W,12,0.12707018700029948,2.0,0.75,0.9801324503311258,0.8235294117647058,1.0,0.946077847875253,1.0,0.9999999999999998,134,3,0,14,151,14,9.27,0.30748645898283755,1.0997955437996287e-07,0.9999997294067593,0.10893432387030154
5555,24,G_all_focal_noW,12,0.09309262800024953,2.0,0.75,0.9933774834437086,0.9333333333333333,1.0,0.9809271188581534,1.0,0.9999999999999998,136,1,0,14,151,14,9.27,0.29144626332453355,0.0011624525853280233,0.9964567081144292,0.10821800944560325
5555,24,H_all_focal_W,12,0.10259804199995415,2.0,0.75,0.9801324503311258,0.8235294117647058,1.0,0.946077847875253,1.0,0.9999999999999998,134,3,0,14,151,14,9.27,0.3000502177714271,0.000886645666492215,0.9977349458752116,0.11429304887225204
5555,24,LEGACY_A,11,0.1139316730000246,2.0,0.75,0.9801324503311258,0.8235294117647058,1.0,0.946077847875253,1.0,0.9999999999999998,134,3,0,14,151,14,9.27,0.3105884260450369,2.6876837720811476e-08,0.9999996182283203,0.11022785632847522
5555,25,A_raw_ce_noW,11,0.11738906799973847,2.0,0.75,0.9933774834437086,1.0,0.9285714285714286,0.9796632996632997,0.9973931178310741,0.9812030075187967,137,0,1,13,151,14,9.27,0.2799632185444454,2.738475275808087e-08,0.999999566832978,0.08691104979141713
5555,25,B_raw_ce_W,11,0.11743873700015683,2.0,0.75,0.9933774834437086,1.0,0.9285714285714286,0.9796632996632997,0.9973931178310741,0.9812030075187967,137,0,1,13,151,14,9.27,0.2811482139041054,1.1052734693881439e-07,0.99999977919891,0.08951726512442632
5555,25,C_raw_focal_noW,11,0.09095239499993113,2.0,0.75,0.9867549668874173,0.9285714285714286,0.9285714285714286,0.9606360792492179,0.9973931178310741,0.9812030075187967,136,1,1,13,151,14,9.27,0.2696617956094989,0.0018881956513271646,0.9970097956159443,0.09905915665452027
5555,25,D_raw_focal_W,11,0.09304620200009595,2.0,0.75,0.9867549668874173,0.9285714285714286,0.9285714285714286,0.9606360792492179,0.9979144942648592,0.984126984126984,136,1,1,13,151,14,9.27,0.27703175573622446,0.0020504846743859845,0.9973138322275713,0.10530518615442891
5555,25,E_all_ce_noW,12,0.11616673199978322,2.0,0.75,0.9801324503311258,0.8666666666666667,0.9285714285714286,0.94278135657446,0.9973931178310741,0.9812030075187967,135,2,1,13,151,14,9.27,0.29095233808356646,3.2213380058770866e-08,0.9999994789180429,0.09611727630371472
5555,25,F_all_ce_W,12,0.12751884299996163,2.0,0.75,0.9867549668874173,0.9285714285714286,0.9285714285714286,0.9606360792492179,0.9942648592283628,0.9685714285714285,136,1,1,13,151,14,9.27,0.2893262823548726,1.3463832111251664e-07,0.9999998243662436,0.0957798559401554
5555,25,G_all_focal_noW,12,0.10041082799989454,2.0,0.75,0.9801324503311258,0.8666666666666667,0.9285714285714286,0.94278135657446,0.9953076120959332,0.9720496894409937,135,2,1,13,151,14,9.27,0.27682808378384066,0.0025857942734656605,0.9969441666031335,0.10639669380766442
5555,25,H_all_focal_W,12,0.09745591399996556,2.0,0.75,0.9801324503311258,0.8666666666666667,0.9285714285714286,0.94278135657446,0.9953076120959332,0.9720496894409936,135,2,1,13,151,14,9.27,0.28296770289173495,0.0016719378852869695,0.9974992433841559,0.10809751943755537
5555,25,LEGACY_A,11,0.12545023300026514,2.0,0.75,0.9867549668874173,0.9285714285714286,0.9285714285714286,0.9606360792492179,0.9973931178310741,0.9812030075187967,136,1,1,13,151,14,9.27,0.2835906030926864,2.849163197195588e-08,0.9999996481625611,0.09102403963456865
7777,1,A_raw_ce_noW,11,0.10255564599992795,2.0,0.75,0.9933774834437086,0.9285714285714286,1.0,0.9796632996632997,0.9994425863991081,0.9945054945054943,137,1,0,13,151,13,8.61,0.2810331844551771,2.820693960364048e-08,0.9999995538295025,0.09092786429399467
7777,1,B_raw_ce_W,11,0.1168856849999429,2.0,0.75,0.9933774834437086,0.9285714285714286,1.0,0.9796632996632997,0.9994425863991081,0.9945054945054943,137,1,0,13,151,13,8.61,0.2897898728239542,1.4084435618656479e-07,0.9999997454152827,0.09554109298082575
7777,1,C_raw_focal_noW,11,0.09259521400008452,2.0,0.75,0.9933774834437086,0.9285714285714286,1.0,0.9796632996632997,0.9983277591973244,0.9821780783319243,137,1,0,13,151,13,8.61,0.258898209597321,0.002110512493299948,0.9958561776550611,0.0933102030558031
7777,1,D_raw_focal_W,11,0.09812317500018253,2.0,0.75,0.9933774834437086,0.9285714285714286,1.0,0.9796632996632997,0.9983277591973244,0.9821780783319243,137,1,0,13,151,13,8.61,0.27523436720524125,0.001713801109209198,0.9970495394313846,0.10061329956482395
7777,1,E_all_ce_noW,12,0.11792251099996065,2.0,0.75,1.0,1.0,1.0,1.0,1.0,0.9999999999999998,138,0,0,13,151,13,8.61,0.2659923517665415,2.8092151537066636e-08,0.9999997056912746,0.08367436764958229
7777,1,F_all_ce_W,12,0.1250030969999898,2.0,0.75,0.9933774834437086,0.9285714285714286,1.0,0.9796632996632997,1.0,0.9999999999999998,137,1,0,13,151,13,8.61,0.2868641277349186,1.3022304585849372e-07,0.9999998048405104,0.09455275464085677
7777,1,G_all_focal_noW,12,0.1123109239997575,2.0,0.75,0.9933774834437086,1.0,0.9230769230769231,0.9781949458483754,0.9994425863991081,0.9945054945054943,138,0,1,12,151,13,8.61,0.25281225772366933,0.0019528417317134122,0.9958086619622001,0.08885118368239267
7777,1,H_all_focal_W,12,0.09875089399974968,2.0,0.75,0.9867549668874173,0.8666666666666667,1.0,0.9606360792492179,0.9988851727982163,0.9897435897435896,136,2,0,13,151,13,8.61,0.2703544096734934,0.0013526069863223373,0.9971584774336152,0.09688755597461712
7777,1,LEGACY_A,11,0.10537894600020081,2.0,0.75,0.9867549668874173,0.8666666666666667,1.0,0.9606360792492179,0.9988851727982162,0.9885883347421807,136,2,0,13,151,13,8.61,0.29072068290852154,2.9037946636614254e-08,0.9999996251091285,0.0973660585097719
7777,2,A_raw_ce_noW,11,0.10860218700008772,2.0,0.75,1.0,1.0,1.0,1.0,1.0,0.9999999999999998,137,0,0,14,151,14,9.27,0.28969077734893456,2.7323147030365396e-08,0.9999993893808226,0.09294760183410786
7777,2,B_raw_ce_W,11,0.120665863999875,2.0,0.75,1.0,1.0,1.0,1.0,1.0,0.9999999999999998,137,0,0,14,151,14,9.27,0.28990860228090465,1.2744310748340573e-07,0.9999997443449588,0.0929600951911283
7777,2,C_raw_focal_noW,11,0.09761079300005804,2.0,0.75,1.0,1.0,1.0,1.0,1.0,0.9999999999999998,137,0,0,14,151,14,9.27,0.2800470392264528,0.0012820796475352385,0.9978729340927804,0.10042653294387731
7777,2,D_raw_focal_W,11,0.0992291419997855,2.0,0.75,1.0,1.0,1.0,1.0,1.0,0.9999999999999998,137,0,0,14,151,14,9.27,0.2839899535592006,0.0010532643070766455,0.9983967818559704,0.1020509707482742
7777,2,E_all_ce_noW,12,0.12865049199990608,2.0,0.75,1.0,1.0,1.0,1.0,1.0,0.9999999999999998,137,0,0,14,151,14,9.27,0.2897615069356988,2.7019004909305076e-08,0.9999996782610165,0.09273350374084564
7777,2,F_all_ce_W,12,0.15125758600015615,2.0,0.75,1.0,1.0,1.0,1.0,1.0,0.9999999999999998,137,0,0,14,151,14,9.27,0.2899308700832405,1.1500018161457355e-07,0.9999998064312717,0.09283116582645878
7777,2,G_all_focal_noW,12,0.0970708680001735,2.0,0.75,1.0,1.0,1.0,1.0,1.0,0.9999999999999998,137,0,0,14,151,14,9.27,0.2803460682867336,0.001491095558212217,0.9972396251381801,0.0992628830002285
7777,2,H_all_focal_W,12,0.10211069800016048,2.0,0.75,1.0,1.0,1.0,1.0,1.0,0.9999999999999998,137,0,0,14,151,14,9.27,0.28373977093330816,0.001000825686535113,0.9980988975638944,0.09962358176056176
7777,2,LEGACY_A,11,0.1165348129998165,2.0,0.75,1.0,1.0,1.0,1.0,1.0,0.9999999999999998,137,0,0,14,151,14,9.27,0.28998392659259103,2.6482904448746073e-08,0.9999997019993836,0.09281002398059299
7777,3,A_raw_ce_noW,11,0.1047624560001168,2.0,0.75,0.9867549668874173,1.0,0.8571428571428571,0.9579152731326644,0.9900938477580813,0.9410173160173159,137,0,2,12,151,14,9.27,0.27016249922986507,2.7905139169300696e-08,0.9999994588969435,0.0794972207815674
7777,3,B_raw_ce_W,11,0.10999006200017902,2.0,0.75,0.9867549668874173,1.0,0.8571428571428571,0.9579152731326644,0.9911366006256517,0.944838805087252,137,0,2,12,151,14,9.27,0.2703908989282642,1.301792421906522e-07,0.9999998319780583,0.07960902632845039
7777,3,C_raw_focal_noW,11,0.09238056100002723,2.0,0.75,0.9867549668874173,1.0,0.8571428571428571,0.9579152731326644,0.9900938477580813,0.9410173160173159,137,0,2,12,151,14,9.27,0.26049908093251145,0.0019307223578988702,0.9954409369002359,0.08801419195625272
7777,3,D_raw_focal_W,11,0.10697248099995704,2.0,0.75,0.9867549668874173,1.0,0.8571428571428571,0.9579152731326644,0.9937434827945777,0.9563492063492061,137,0,2,12,151,14,9.27,0.2646043376780733,0.001132344307302377,0.9969934788276128,0.08880997759023573
7777,3,E_all_ce_noW,12,0.11231025300003239,2.0,0.75,0.9867549668874173,1.0,0.8571428571428571,0.9579152731326644,0.9765380604796664,0.9130333951762521,137,0,2,12,151,14,9.27,0.2704195589273596,2.8093956153223425e-08,0.9999995038492578,0.07957084673716557
7777,3,F_all_ce_W,12,0.11865239999997357,2.0,0.75,0.9867549668874173,1.0,0.8571428571428571,0.9579152731326644,0.9770594369134515,0.9118017399267397,137,0,2,12,151,14,9.27,0.2704003402190381,1.3131922474983555e-07,0.9999997599424834,0.07969795168597543
7777,3,G_all_focal_noW,12,0.09136690800005454,2.0,0.75,0.9867549668874173,1.0,0.8571428571428571,0.9579152731326644,0.9775808133472368,0.9147902054878798,137,0,2,12,151,14,9.27,0.26274124415474714,0.001851232611731003,0.9944872720170822,0.08816855173593297
7777,3,H_all_focal_W,12,0.09282792699968923,2.0,0.75,0.9867549668874173,1.0,0.8571428571428571,0.9579152731326644,0.9775808133472368,0.9147902054878798,137,0,2,12,151,14,9.27,0.26518398901521134,0.0009500709332019648,0.9969621067172216,0.08939167291247577
7777,3,LEGACY_A,11,0.10811875099989265,2.0,0.75,0.9867549668874173,1.0,0.8571428571428571,0.9579152731326644,0.986444212721585,0.9299999999999999,137,0,2,12,151,14,9.27,0.2704321926062988,2.5249911329098302e-08,0.9999997261024367,0.07958635503029243
7777,4,A_raw_ce_noW,11,0.1008803220001937,2.0,0.75,0.9801324503311258,1.0,0.7857142857142857,0.9345848375451263,0.8952033368091763,0.8756083352549241,137,0,3,11,151,14,9.27,0.25881147176684505,2.7675032226227017e-08,0.999999601304697,0.07324324118740232
7777,4,B_raw_ce_W,11,0.10543622499972116,2.0,0.75,0.9867549668874173,1.0,0.8571428571428571,0.9579152731326644,0.8925964546402503,0.8740686996448063,137,0,2,12,151,14,9.27,0.26324342353485686,1.308951170003985e-07,0.9999997692698552,0.07722245618178068
7777,4,C_raw_focal_noW,11,0.11361394200002906,2.0,0.75,0.9801324503311258,1.0,0.7857142857142857,0.9345848375451263,0.9186652763295099,0.8789539227895391,137,0,3,11,151,14,9.27,0.2525064009765506,0.0012970525152539289,0.9976394622981968,0.07816842685496626
7777,4,D_raw_focal_W,11,0.0913052789996982,2.0,0.75,0.9801324503311258,1.0,0.7857142857142857,0.9345848375451263,0.897288842544317,0.8743897559023608,137,0,3,11,151,14,9.27,0.2544509705581469,0.0012778003100071252,0.9977243009617635,0.07882695882953779
7777,4,E_all_ce_noW,12,0.10731294699962746,2.0,0.75,0.9801324503311258,1.0,0.7857142857142857,0.9345848375451263,0.9014598540145985,0.8761029411764705,137,0,3,11,151,14,9.27,0.26064596153825925,2.844883770331995e-08,0.9999996737014419,0.07632415743550368
7777,4,F_all_ce_W,12,0.11625082000000475,2.0,0.75,0.9867549668874173,1.0,0.8571428571428571,0.9579152731326644,0.9259645464025026,0.8800717915624747,137,0,2,12,151,14,9.27,0.2663745841431355,1.415706696052942e-07,0.999999813852301,0.0785736959081913
7777,4,G_all_focal_noW,12,0.08954178800013324,2.0,0.75,0.9801324503311258,1.0,0.7857142857142857,0.9345848375451263,0.8941605839416059,0.8750465939800576,137,0,3,11,151,14,9.27,0.25246195463696075,0.0020307151807606835,0.9964142674527764,0.07983078759527153
7777,4,H_all_focal_W,12,0.09601565499997378,2.0,0.75,0.9867549668874173,1.0,0.8571428571428571,0.9579152731326644,0.9139728884254432,0.8779815919108114,137,0,2,12,151,14,9.27,0.25836632939366044,0.0010889641281188064,0.9979873317244832,0.08118035240537684
7777,4,LEGACY_A,11,0.10270152700013568,2.0,0.75,0.9801324503311258,1.0,0.7857142857142857,0.9345848375451263,0.9071949947862357,0.877324707477379,137,0,3,11,151,14,9.27,0.25953266486981386,2.5260400280952386e-08,0.9999996925419209,0.07429943320842941
7777,5,A_raw_ce_noW,11,0.10817444400026943,2.0,0.75,0.9933774834437086,0.9333333333333333,1.0,0.9809271188581534,1.0,0.9999999999999998,136,1,0,14,151,14,9.27,0.29653814992009203,2.7857746539221355e-08,0.9999996796630861,0.10107290786156375
7777,5,B_raw_ce_W,11,0.1342420799996944,2.0,0.75,0.9867549668874173,0.875,1.0,0.9629901960784314,1.0,0.9999999999999998,135,2,0,14,151,14,9.27,0.3001860844250228,1.4084648418122902e-07,0.9999998009387606,0.10504843254600689
7777,5,C_raw_focal_noW,11,0.09094010999979218,2.0,0.75,0.9867549668874173,0.875,1.0,0.9629901960784314,1.0,0.9999999999999999,135,2,0,14,151,14,9.27,0.29129394249427204,0.0012932249150973344,0.9977816093458676,0.11878139960263565
7777,5,D_raw_focal_W,11,0.16254565600002024,2.0,0.75,0.9867549668874173,0.875,1.0,0.9629901960784314,1.0,0.9999999999999998,135,2,0,14,151,14,9.27,0.2962751653453273,0.0007207254133987659,0.9981218435096069,0.12074127807570974
7777,5,E_all_ce_noW,12,0.1986938579998423,2.0,0.75,0.9867549668874173,0.875,1.0,0.9629901960784314,1.0,0.9999999999999998,135,2,0,14,151,14,9.27,0.29979313234291016,2.74456206611945e-08,0.9999997297083536,0.10388677062058102
7777,5,F_all_ce_W,12,0.21695721499963838,2.0,0.75,0.9867549668874173,0.875,1.0,0.9629901960784314,1.0,1.0,135,2,0,14,151,14,9.27,0.2991795319546828,1.464387137098167e-07,0.9999997624209704,0.10563469649580746
7777,5,G_all_focal_noW,12,0.15815749099965615,2.0,0.75,0.9867549668874173,0.875,1.0,0.9629901960784314,1.0,0.9999999999999998,135,2,0,14,151,14,9.27,0.2918902007532309,0.001242104348276907,0.9976243867610969,0.11768280079743938
7777,5,H_all_focal_W,12,0.1661180000000968,2.0,0.75,0.9867549668874173,0.875,1.0,0.9629901960784314,1.0,0.9999999999999998,135,2,0,14,151,14,9.27,0.29369806820780486,0.0010037470098145833,0.9977668086065415,0.11840575447853041
7777,5,LEGACY_A,11,0.18737421699961487,2.0,0.75,0.9933774834437086,0.9333333333333333,1.0,0.9809271188581534,1.0,0.9999999999999998,136,1,0,14,151,14,9.27,0.29963217162987027,2.6666940877360833e-08,0.9999996405819371,0.10309032197071863
7777,6,A_raw_ce_noW,11,0.17469188999984908,2.0,0.75,0.9867549668874173,0.9230769230769231,0.9230769230769231,0.9579152731326644,0.9994425863991081,0.9945054945054943,137,1,1,12,151,13,8.61,0.26970877461583215,2.7792267553076695e-08,0.9999994845294852,0.08273521391135209
7777,6,B_raw_ce_W,11,0.19005375699998694,2.0,0.75,0.9867549668874173,0.9230769230769231,0.9230769230769231,0.9579152731326644,0.9994425863991081,0.9945054945054943,137,1,1,12,151,13,8.61,0.2741593347233125,1.3190649336638895e-07,0.9999997016594402,0.08553537393339254
7777,6,C_raw_focal_noW,11,0.16171947300017564,2.0,0.75,0.9867549668874173,0.9230769230769231,0.9230769230769231,0.9579152731326644,0.9988851727982163,0.9897435897435896,137,1,1,12,151,13,8.61,0.2629832899127423,0.0012247018266167838,0.9972824398112871,0.09365176739242846
7777,6,D_raw_focal_W,11,0.16662151299988182,2.0,0.75,0.9867549668874173,0.9230769230769231,0.9230769230769231,0.9579152731326644,0.9994425863991081,0.9945054945054944,137,1,1,12,151,13,8.61,0.2694067496433663,0.0009940134940554317,0.9983738199948324,0.09566547341113213
7777,6,E_all_ce_noW,12,0.1948936160001722,2.0,0.75,0.9867549668874173,0.9230769230769231,0.9230769230769231,0.9579152731326644,0.9988851727982163,0.9897435897435898,137,1,1,12,151,13,8.61,0.2761757168512413,2.7898621461490343e-08,0.9999995613442033,0.0852275560417049
7777,6,F_all_ce_W,12,0.21869897500027946,2.0,0.75,0.9867549668874173,0.9230769230769231,0.9230769230769231,0.9579152731326644,0.9988851727982163,0.9897435897435896,137,1,1,12,151,13,8.61,0.27771747376425965,1.0730785009944287e-07,0.999999667734498,0.0870161873033512
7777,6,G_all_focal_noW,12,0.15203948899988973,2.0,0.75,0.9867549668874173,0.9230769230769231,0.9230769230769231,0.9579152731326644,0.9994425863991081,0.9945054945054944,137,1,1,12,151,13,8.61,0.26345132494446405,0.0009706987107066973,0.9978593164557287,0.09368689668295647
7777,6,H_all_focal_W,12,0.16109754799981602,2.0,0.75,0.9867549668874173,0.9230769230769231,0.9230769230769231,0.9579152731326644,0.9994425863991081,0.9945054945054944,137,1,1,12,151,13,8.61,0.2700273924305394,0.000660099056022471,0.998316032107349,0.09625039291519631
7777,6,LEGACY_A,11,0.2062661980003213,2.0,0.75,0.9867549668874173,0.9230769230769231,0.9230769230769231,0.9579152731326644,0.9988851727982163,0.9897435897435896,137,1,1,12,151,13,8.61,0.27694123633812295,2.654308362440032e-08,0.9999995944712617,0.08659082972355515
7777,7,A_raw_ce_noW,11,0.16638185599958888,2.0,0.75,0.9801324503311258,0.9230769230769231,0.8571428571428571,0.938989898989899,0.9874869655891554,0.940593929879644,136,1,2,12,151,14,9.27,0.2724488656015539,2.8247758227942272e-08,0.9999996414614782,0.08405692610256565
7777,7,B_raw_ce_W,11,0.18689569599973765,2.0,0.75,0.9801324503311258,0.9230769230769231,0.8571428571428571,0.938989898989899,0.9822732012513035,0.9342447235304376,136,1,2,12,151,14,9.27,0.2787815430806401,1.3737662837355683e-07,0.9999997493348165,0.0885140268253925
7777,7,C_raw_focal_noW,11,0.14604509299988422,2.0,0.75,0.9735099337748344,0.9166666666666666,0.7857142857142857,0.9158305462653289,0.9921793534932222,0.9550119192976334,136,1,3,11,151,14,9.27,0.25514682841858044,0.0028689393769284104,0.9965178444847812,0.09299569419020828
7777,7,D_raw_focal_W,11,0.16027955299978203,2.0,0.75,0.9867549668874173,0.9285714285714286,0.9285714285714286,0.9606360792492179,0.9921793534932222,0.9591836734693877,136,1,1,13,151,14,9.27,0.2696327852497355,0.0015222815113580103,0.9967433468759017,0.09895088693090334
7777,7,E_all_ce_noW,12,0.20036289200015744,2.0,0.75,0.9735099337748344,0.9166666666666666,0.7857142857142857,0.9158305462653289,0.9854014598540146,0.9281342531342529,136,1,3,11,151,14,9.27,0.2667005540059946,3.406745611634329e-08,0.9999996976558144,0.07936909693951229
7777,7,F_all_ce_W,12,0.20611134299997502,2.0,0.75,0.9735099337748344,0.9166666666666666,0.7857142857142857,0.9158305462653289,0.9843587069864442,0.9267482517482517,136,1,3,11,151,14,9.27,0.2696776196488116,1.4584075624886784e-07,0.9999998153427571,0.08362194603368318
7777,7,G_all_focal_noW,12,0.16178700099999332,2.0,0.75,0.9801324503311258,1.0,0.7857142857142857,0.9345848375451263,0.9900938477580814,0.9502329467767254,137,0,3,11,151,14,9.27,0.25113149783038485,0.0029477736593215053,0.9956452881899337,0.09125131023778514
7777,7,H_all_focal_W,12,0.17179968899972664,2.0,0.75,0.9801324503311258,0.9230769230769231,0.8571428571428571,0.938989898989899,0.9911366006256518,0.9524576408812861,136,1,2,12,151,14,9.27,0.26502040224264317,0.0021578767530142486,0.9963576461508534,0.09657666935288302
7777,7,LEGACY_A,11,0.17226572599975043,2.0,0.75,0.9867549668874173,0.9285714285714286,0.9285714285714286,0.9606360792492179,0.9822732012513035,0.9342447235304376,136,1,1,13,151,14,9.27,0.2809057341870735,2.6661888998834412e-08,0.9999997167164641,0.08949449069492768
7777,8,A_raw_ce_noW,11,0.11858703500001866,2.0,0.75,0.9735099337748344,0.9166666666666666,0.7857142857142857,0.9158305462653289,0.9958289885297185,0.9679748822605965,136,1,3,11,151,14,9.27,0.26214415145195274,2.7231126441108012e-08,0.9999995700013941,0.07792043314329217
7777,8,B_raw_ce_W,11,0.11878422099971431,2.0,0.75,0.9735099337748344,0.9166666666666666,0.7857142857142857,0.9158305462653289,0.9958289885297185,0.9661846925004818,136,1,3,11,151,14,9.27,0.269073905928598,1.0119460021156027e-07,0.9999997421642127,0.08356832204637529
7777,8,C_raw_focal_noW,11,0.09259231199985152,2.0,0.75,0.9735099337748344,0.9166666666666666,0.7857142857142857,0.9158305462653289,0.9947862356621481,0.9611721611721611,136,1,3,11,151,14,9.27,0.2586768352661217,0.001787120509916269,0.9964953118606596,0.09135245699204197
7777,8,D_raw_focal_W,11,0.09544524100010676,2.0,0.75,0.9735099337748344,0.9166666666666666,0.7857142857142857,0.9158305462653289,0.9942648592283629,0.9590076590076588,136,1,3,11,151,14,9.27,0.2621193456093768,0.0013329466302271324,0.9971468120290575,0.0932676876241662
7777,8,E_all_ce_noW,12,0.12250650900023174,2.0,0.75,0.9735099337748344,0.9166666666666666,0.7857142857142857,0.9158305462653289,0.9843587069864441,0.9134555137844611,136,1,3,11,151,14,9.27,0.2657704469209254,2.740637248332916e-08,0.9999997014479577,0.07803172788025967
7777,8,F_all_ce_W,12,0.13118652699995437,2.0,0.75,0.9735099337748344,0.9166666666666666,0.7857142857142857,0.9158305462653289,0.9786235662148071,0.9005411255411253,136,1,3,11,151,14,9.27,0.26771425077799765,8.86651783757816e-08,0.9999998007103617,0.07883733035164567
7777,8,G_all_focal_noW,12,0.09794901199984452,2.0,0.75,0.9735099337748344,0.9166666666666666,0.7857142857142857,0.9158305462653289,0.983837330552659,0.9098090849242921,136,1,3,11,151,14,9.27,0.2571533542421465,0.0016120372792196892,0.997071018909303,0.08591885462636303
7777,8,H_all_focal_W,12,0.0967534180003895,2.0,0.75,0.9735099337748344,0.9166666666666666,0.7857142857142857,0.9158305462653289,0.9833159541188738,0.9061224489795918,136,1,3,11,151,14,9.27,0.25893940323455594,0.0010363447650625435,0.9977490376912591,0.08577502808561963
7777,8,LEGACY_A,11,0.1265785139999025,2.0,0.75,0.9735099337748344,0.9166666666666666,0.7857142857142857,0.9158305462653289,0.9963503649635037,0.9706064612079648,136,1,3,11,151,14,9.27,0.2702422693409281,2.5778737328502585e-08,0.9999996299716373,0.08400455626188888
7777,9,A_raw_ce_noW,11,0.1032350570003473,2.0,0.75,0.9933774834437086,0.9333333333333333,1.0,0.9809271188581534,1.0,0.9999999999999998,136,1,0,14,151,14,9.27,0.29882007452957415,3.0645224473936414e-08,0.9999993857006916,0.1009099804235591
7777,9,B_raw_ce_W,11,0.11521328399976483,2.0,0.75,0.9933774834437086,0.9333333333333333,1.0,0.9809271188581534,1.0,0.9999999999999998,136,1,0,14,151,14,9.27,0.2989229239123913,1.3735470947331365e-07,0.9999997689859385,0.10207289375955304
7777,9,C_raw_focal_noW,11,0.09044004699990182,2.0,0.75,0.9933774834437086,0.9333333333333333,1.0,0.9809271188581534,1.0,0.9999999999999998,136,1,0,14,151,14,9.27,0.28563035699732703,0.001966695529787633,0.9954578107083132,0.11336025873182308
7777,9,D_raw_focal_W,11,0.09368237699982274,2.0,0.75,0.9933774834437086,0.9333333333333333,1.0,0.9809271188581534,1.0,0.9999999999999998,136,1,0,14,151,14,9.27,0.29125452104810357,0.001700318290568804,0.9957145391313889,0.11475411956508574
7777,9,E_all_ce_noW,12,0.11969182600023487,2.0,0.75,0.9933774834437086,0.9333333333333333,1.0,0.9809271188581534,1.0,0.9999999999999998,136,1,0,14,151,14,9.27,0.294481535803692,2.7527960355934445e-08,0.9999996185596355,0.09946589614177206
7777,9,F_all_ce_W,12,0.12742570000000342,2.0,0.75,0.9933774834437086,0.9333333333333333,1.0,0.9809271188581534,1.0,0.9999999999999998,136,1,0,14,151,14,9.27,0.2987935657510436,1.3989747803420588e-07,0.9999997213929329,0.10231507854285309
7777,9,G_all_focal_noW,12,0.110988007999822,2.0,0.75,0.9867549668874173,0.875,1.0,0.9629901960784314,1.0,0.9999999999999998,135,2,0,14,151,14,9.27,0.2837098464749194,0.001728848114477991,0.9945598186010923,0.11082998733134496
7777,9,H_all_focal_W,12,0.1093946999999389,2.0,0.75,0.9867549668874173,0.875,1.0,0.9629901960784314,1.0,0.9999999999999998,135,2,0,14,151,14,9.27,0.2921959325298538,0.001154216028597189,0.9964623470664851,0.11517856777149824
7777,9,LEGACY_A,11,0.10690627799976937,2.0,0.75,0.9933774834437086,0.9333333333333333,1.0,0.9809271188581534,0.9994786235662149,0.995238095238095,136,1,0,14,151,14,9.27,0.2993569309819275,2.7854996163477877e-08,0.9999996047278491,0.101610280605553
7777,10,A_raw_ce_noW,11,0.0990573819999554,2.0,0.75,0.9801324503311258,0.9230769230769231,0.8571428571428571,0.938989898989899,0.9249217935349322,0.8797178130511463,136,1,2,12,151,14,9.27,0.2767507272564018,3.060057073527919e-08,0.9999997644071716,0.08481951511353991
7777,10,B_raw_ce_W,11,0.10823488500000167,2.0,0.75,0.9801324503311258,0.9230769230769231,0.8571428571428571,0.938989898989899,0.9301355578727841,0.8810958118187032,136,1,2,12,151,14,9.27,0.27929092484337786,1.3155750701744414e-07,0.9999998238928093,0.0857178831420279
7777,10,C_raw_focal_noW,11,0.09001508300025307,2.0,0.75,0.9801324503311258,0.9230769230769231,0.8571428571428571,0.938989898989899,0.9118873826903023,0.8776942355889723,136,1,2,12,151,14,9.27,0.2700594423346251,0.0008081676061434276,0.9983118845054779,0.08560045086110916
7777,10,D_raw_focal_W,11,0.09092435499997009,2.0,0.75,0.9801324503311258,0.9230769230769231,0.8571428571428571,0.938989898989899,0.9176225234619395,0.8782738095238094,136,1,2,12,151,14,9.27,0.2754816971107863,0.0005629919324478732,0.9982545656189692,0.0875436440604792
7777,10,E_all_ce_noW,12,0.10520102500004214,2.0,0.75,0.9801324503311258,0.9230769230769231,0.8571428571428571,0.938989898989899,0.883733055265902,0.8725662340987863,136,1,2,12,151,14,9.27,0.2803250251890646,3.150477910585466e-08,0.999999743221542,0.08604278378866434
7777,10,F_all_ce_W,12,0.13245669799971438,2.0,0.75,0.9801324503311258,0.9230769230769231,0.8571428571428571,0.938989898989899,0.9306569343065694,0.8812885154061623,136,1,2,12,151,14,9.27,0.2803347019349113,1.3243650919402502e-07,0.9999998217615651,0.0860558417074079
7777,10,G_all_focal_noW,12,0.09163011300006474,2.0,0.75,0.9801324503311258,0.9230769230769231,0.8571428571428571,0.938989898989899,0.9103232533889468,0.8765450861195541,136,1,2,12,151,14,9.27,0.2716775355822816,0.0013208672558308343,0.9979820470602778,0.08780792181806783
7777,10,H_all_focal_W,12,0.0934560099999544,2.0,0.75,0.9801324503311258,0.9230769230769231,0.8571428571428571,0.938989898989899,0.9066736183524504,0.8760810071154898,136,1,2,12,151,14,9.27,0.27696165297119374,0.0009073168740835313,0.9984966794462206,0.08871601582135163
7777,10,LEGACY_A,11,0.10140429900002346,2.0,0.75,0.9801324503311258,0.9230769230769231,0.8571428571428571,0.938989898989899,0.9202294056308654,0.8788515406162464,136,1,2,12,151,14,9.27,0.28011660443547604,2.7229756225131916e-08,0.9999997156020856,0.085977632836241
7777,11,A_raw_ce_noW,11,0.11082790099999329,2.0,0.75,0.9867549668874173,0.9230769230769231,0.9230769230769231,0.9579152731326644,0.9988851727982163,0.9897435897435898,137,1,1,12,151,13,8.61,0.27397005497373167,2.7837482252000052e-08,0.9999996239224167,0.08495778299720329
7777,11,B_raw_ce_W,11,0.11696347799988871,2.0,0.75,0.9801324503311258,0.8571428571428571,0.9230769230769231,0.938989898989899,0.9988851727982163,0.9897435897435898,136,2,1,12,151,13,8.61,0.27915851213017745,1.3700611321353022e-07,0.9999997712335397,0.08880161571224704
7777,11,C_raw_focal_noW,11,0.0912935420001304,2.0,0.75,0.9867549668874173,0.9230769230769231,0.9230769230769231,0.9579152731326644,0.9988851727982163,0.9897435897435898,137,1,1,12,151,13,8.61,0.2717133448742032,0.001283858082584852,0.9972541059013525,0.0964507441513416
7777,11,D_raw_focal_W,11,0.09221283000033509,2.0,0.75,0.9867549668874173,0.9230769230769231,0.9230769230769231,0.9579152731326644,0.9994425863991081,0.9945054945054945,137,1,1,12,151,13,8.61,0.27622353634721486,0.0011791952287564748,0.9977895842248349,0.09847586115522179
7777,11,E_all_ce_noW,12,0.13942134599983547,2.0,0.75,0.9933774834437086,1.0,0.9230769230769231,0.9781949458483754,0.9988851727982163,0.9897435897435898,138,0,1,12,151,13,8.61,0.27036412234245955,2.809967674575093e-08,0.9999996977768592,0.08191533775543648
7777,11,F_all_ce_W,12,0.12720944600005168,2.0,0.75,0.9801324503311258,0.8571428571428571,0.9230769230769231,0.938989898989899,0.9988851727982163,0.9897435897435897,136,2,1,12,151,13,8.61,0.27575892355595005,9.91416243204066e-08,0.9999997741361816,0.08786335915345363
7777,11,G_all_focal_noW,12,0.0948964609997347,2.0,0.75,0.9867549668874173,0.9230769230769231,0.9230769230769231,0.9579152731326644,0.9988851727982163,0.9897435897435898,137,1,1,12,151,13,8.61,0.2713187748767252,0.0011558547884424916,0.9971068033825929,0.09641130724989122
7777,11,H_all_focal_W,12,0.09711739300018962,2.0,0.75,0.9801324503311258,0.8571428571428571,0.9230769230769231,0.938989898989899,0.9988851727982163,0.9897435897435898,136,2,1,12,151,13,8.61,0.274587847218505,0.000767193317624625,0.9976538277125623,0.09929946128913185
7777,11,LEGACY_A,11,0.1140235540001413,2.0,0.75,0.9867549668874173,0.9230769230769231,0.9230769230769231,0.9579152731326644,0.9988851727982163,0.9897435897435898,137,1,1,12,151,13,8.61,0.27754859995179904,2.5191758061933987e-08,0.999999606002276,0.08703791084733366
7777,12,A_raw_ce_noW,11,0.10332073200015657,2.0,0.75,0.9668874172185431,1.0,0.6428571428571429,0.8823437743493845,0.9916579770594369,0.9619047619047619,137,0,5,9,151,14,9.27,0.23875047280976597,3.055948316793928e-08,0.9999993827364226,0.06313876191752232
7777,12,B_raw_ce_W,11,0.10928140699979849,2.0,0.75,0.9735099337748344,1.0,0.7142857142857143,0.9094724220623501,0.9911366006256518,0.9608294930875574,137,0,4,10,151,14,9.27,0.2467836032925121,1.3002179189248183e-07,0.9999997199789097,0.0676024678151627
7777,12,C_raw_focal_noW,11,0.09416098800011241,2.0,0.75,0.9735099337748344,1.0,0.7142857142857143,0.9094724220623501,0.9927007299270073,0.9642857142857142,137,0,4,10,151,14,9.27,0.2409366189128314,0.0022029436774654372,0.9965838329461603,0.07734732188092512
7777,12,D_raw_focal_W,11,0.1113022690001344,2.0,0.75,0.9735099337748344,1.0,0.7142857142857143,0.9094724220623501,0.9937434827945777,0.9670329670329669,137,0,4,10,151,14,9.27,0.24508776078579483,0.002229096852625028,0.9965699941203744,0.08102673477891886
7777,12,E_all_ce_noW,12,0.11822062000010192,2.0,0.75,0.9668874172185431,1.0,0.6428571428571429,0.8823437743493845,0.9869655891553701,0.9542124542124542,137,0,5,9,151,14,9.27,0.23778072978108605,2.8952449980016946e-08,0.9999991506511512,0.06221316568360601
7777,12,F_all_ce_W,12,0.12368739600015033,2.0,0.75,0.9735099337748344,1.0,0.7142857142857143,0.9094724220623501,0.9921793534932222,0.9630541871921181,137,0,4,10,151,14,9.27,0.24627684519754317,1.4300668851078984e-07,0.9999996392945498,0.06701641253144403
7777,12,G_all_focal_noW,12,0.09603812399973322,2.0,0.75,0.9735099337748344,1.0,0.7142857142857143,0.9094724220623501,0.9921793534932222,0.9630541871921181,137,0,4,10,151,14,9.27,0.23702037789392377,0.0017860535899332007,0.9963780766274769,0.07450928487263714
7777,12,H_all_focal_W,12,0.09358228200017038,2.0,0.75,0.9735099337748344,1.0,0.7142857142857143,0.9094724220623501,0.9979144942648592,0.984126984126984,137,0,4,10,151,14,9.27,0.2430062054966777,0.0014816694152427537,0.9971703271588009,0.07779103954947257
7777,12,LEGACY_A,11,0.10693001299978278,2.0,0.75,0.9801324503311258,1.0,0.7857142857142857,0.9345848375451263,0.9921793534932222,0.9630541871921181,137,0,3,11,151,14,9.27,0.2515098797104753,2.6367622658935216e-08,0.9999995749361544,0.07222821175636053
7777,13,A_raw_ce_noW,11,0.1082644469997831,2.0,0.75,0.9867549668874173,1.0,0.8571428571428571,0.9579152731326644,0.9911366006256517,0.9471916971916969,137,0,2,12,151,14,9.27,0.26800116274368024,3.182177912131163e-08,0.9999995078424486,0.0789449471986364
7777,13,B_raw_ce_W,11,0.1412932730004286,2.0,0.75,0.9867549668874173,1.0,0.8571428571428571,0.9579152731326644,0.9869655891553702,0.9319982865710001,137,0,2,12,151,14,9.27,0.271007154659213,1.249968485320963e-07,0.9999997657558781,0.0820014361045092
7777,13,C_raw_focal_noW,11,0.09508384099990508,2.0,0.75,0.9867549668874173,1.0,0.8571428571428571,0.9579152731326644,0.9916579770594369,0.9468150896722323,137,0,2,12,151,14,9.27,0.2509418063927201,0.0020617511195319535,0.9960234875990429,0.0863134369545034
7777,13,D_raw_focal_W,11,0.09771358800026064,2.0,0.75,0.9867549668874173,1.0,0.8571428571428571,0.9579152731326644,0.9927007299270073,0.9522084195997238,137,0,2,12,151,14,9.27,0.2587601837352043,0.0014642923820877244,0.9976656847859526,0.08804893252707229
7777,13,E_all_ce_noW,12,0.11500118999992992,2.0,0.75,0.9867549668874173,1.0,0.8571428571428571,0.9579152731326644,0.986444212721585,0.9303160919540228,137,0,2,12,151,14,9.27,0.2663906254285761,4.2421695162078166e-08,0.9999996019764993,0.07844465808441362
7777,13,F_all_ce_W,12,0.12463524200029497,2.0,0.75,0.9801324503311258,0.9230769230769231,0.8571428571428571,0.938989898989899,0.9822732012513035,0.9279616724738675,136,1,2,12,151,14,9.27,0.2760726592393105,1.292488870961981e-07,0.9999998249055053,0.08473331399923525
7777,13,G_all_focal_noW,12,0.09592415299994173,2.0,0.75,0.9867549668874173,1.0,0.8571428571428571,0.9579152731326644,0.9791449426485923,0.915947148090005,137,0,2,12,151,14,9.27,0.2518765116077569,0.0022562521323929736,0.9949169514059777,0.0881447721741614
7777,13,H_all_focal_W,12,0.09370589199988899,2.0,0.75,0.9735099337748344,0.8571428571428571,0.8571428571428571,0.9212721584984358,0.9786235662148071,0.9110398860398858,135,2,2,12,151,14,9.27,0.2619691000093949,0.0015221522272837451,0.9963202510412617,0.09192428497260079
7777,13,LEGACY_A,11,0.11334478300022965,2.0,0.75,0.9867549668874173,1.0,0.8571428571428571,0.9579152731326644,0.9927007299270072,0.9511904761904759,137,0,2,12,151,14,9.27,0.2700742382807329,2.9494873352206454e-08,0.9999996475861604,0.07969576168117437
7777,14,A_raw_ce_noW,11,0.12452372600000672,2.0,0.75,0.9933774834437086,0.9333333333333333,1.0,0.9809271188581534,0.9994786235662149,0.995238095238095,136,1,0,14,151,14,9.27,0.298392911862644,2.8274938486171276e-08,0.9999995571393833,0.09990324184650963
7777,14,B_raw_ce_W,11,0.14287813700002516,2.0,0.75,0.9933774834437086,0.9333333333333333,1.0,0.9809271188581534,0.9994786235662149,0.995238095238095,136,1,0,14,151,14,9.27,0.30038877926423596,1.379635973257449e-07,0.999999692609154,0.10271437739849565
7777,14,C_raw_focal_noW,11,0.0955108010002732,2.0,0.75,0.9933774834437086,0.9333333333333333,1.0,0.9809271188581534,1.0,0.9999999999999998,136,1,0,14,151,14,9.27,0.2855668997871427,0.001594279747808559,0.9961930611369307,0.10886607183749848
7777,14,D_raw_focal_W,11,0.09846642799993788,2.0,0.75,0.9933774834437086,0.9333333333333333,1.0,0.9809271188581534,1.0,0.9999999999999998,136,1,0,14,151,14,9.27,0.2931523184460597,0.0015690407763955271,0.9973969456044134,0.11352933342005946
7777,14,E_all_ce_noW,12,0.12308312000004662,2.0,0.75,0.9933774834437086,0.9333333333333333,1.0,0.9809271188581534,1.0,0.9999999999999998,136,1,0,14,151,14,9.27,0.296900951225885,2.829880770295251e-08,0.9999994837512117,0.09985246036213605
7777,14,F_all_ce_W,12,0.1298185509999712,2.0,0.75,0.9933774834437086,0.9333333333333333,1.0,0.9809271188581534,1.0,0.9999999999999998,136,1,0,14,151,14,9.27,0.29970242363578353,1.4517921746243192e-07,0.9999996973065047,0.1021011980551074
7777,14,G_all_focal_noW,12,0.09523697400027231,2.0,0.75,0.9933774834437086,0.9333333333333333,1.0,0.9809271188581534,1.0,0.9999999999999998,136,1,0,14,151,14,9.27,0.285110246352611,0.0013386813353110166,0.9957501382156365,0.10699027442258927
7777,14,H_all_focal_W,12,0.09809710899980928,2.0,0.75,0.9867549668874173,0.875,1.0,0.9629901960784314,1.0,0.9999999999999998,135,2,0,14,151,14,9.27,0.29235500205702614,0.0010185868692357692,0.9975878268775397,0.11114342474024184
7777,14,LEGACY_A,11,0.13135769499967864,2.0,0.75,0.9933774834437086,0.9333333333333333,1.0,0.9809271188581534,0.9994786235662148,0.995238095238095,136,1,0,14,151,14,9.27,0.2988040257751071,2.708389692641443e-08,0.9999995701893032,0.10101910681539322
7777,15,A_raw_ce_noW,11,0.10803868499988312,2.0,0.75,1.0,1.0,1.0,1.0,1.0,0.9999999999999998,137,0,0,14,151,14,9.27,0.28515068960168627,2.986452579459536e-08,0.9999996925443614,0.093710601591938
7777,15,B_raw_ce_W,11,0.11583416399980706,2.0,0.75,0.9933774834437086,0.9333333333333333,1.0,0.9809271188581534,1.0,0.9999999999999998,136,1,0,14,151,14,9.27,0.29156565565959514,1.3788701340899993e-07,0.9999998033061437,0.09673208342229256
7777,15,C_raw_focal_noW,11,0.0975309410000591,2.0,0.75,0.9933774834437086,0.9333333333333333,1.0,0.9809271188581534,1.0,0.9999999999999998,136,1,0,14,151,14,9.27,0.2803852835067321,0.0014401187649353854,0.9974517125706407,0.1061900883142962
7777,15,D_raw_focal_W,11,0.09340083899996898,2.0,0.75,0.9933774834437086,0.9333333333333333,1.0,0.9809271188581534,1.0,0.9999999999999998,136,1,0,14,151,14,9.27,0.2870042543194823,0.0012889152181927782,0.9974839051756,0.1088018227804839
7777,15,E_all_ce_noW,12,0.11917634599967641,2.0,0.75,0.9933774834437086,0.9333333333333333,1.0,0.9809271188581534,1.0,0.9999999999999998,136,1,0,14,151,14,9.27,0.29019697351370344,3.11582166842812e-08,0.9999997511912633,0.09642262726664451
7777,15,F_all_ce_W,12,0.13019798999994237,2.0,0.75,0.9933774834437086,0.9333333333333333,1.0,0.9809271188581534,1.0,0.9999999999999998,136,1,0,14,151,14,9.27,0.2921769020661802,1.4353769234422627e-07,0.9999997955606532,0.09844638239783036
7777,15,G_all_focal_noW,12,0.11536139400004686,2.0,0.75,0.9933774834437086,0.9333333333333333,1.0,0.9809271188581534,0.9994786235662149,0.995238095238095,136,1,0,14,151,14,9.27,0.2818255687388602,0.0015394245994831816,0.9966752496968649,0.10722799405551572
7777,15,H_all_focal_W,12,0.09724013000004561,2.0,0.75,0.9933774834437086,0.9333333333333333,1.0,0.9809271188581534,1.0,0.9999999999999998,136,1,0,14,151,14,9.27,0.2873340241899596,0.001140983349756417,0.9973134147954376,0.1083154066155521
7777,15,LEGACY_A,11,0.11739872799989826,2.0,0.75,0.9933774834437086,0.9333333333333333,1.0,0.9809271188581534,1.0,0.9999999999999998,136,1,0,14,151,14,9.27,0.2921677250461426,2.8472211459445212e-08,0.9999996796499762,0.0972209478589334
7777,16,A_raw_ce_noW,11,0.10149212599981183,2.0,0.75,0.9668874172185431,1.0,0.6153846153846154,0.872055583799356,0.9782608695652174,0.8733012820512818,138,0,5,8,151,13,8.61,0.22397059710215367,7.688549627387897e-08,0.9999995392927827,0.05307817803111845
7777,16,B_raw_ce_W,11,0.15379317499991885,2.0,0.75,0.9668874172185431,1.0,0.6153846153846154,0.872055583799356,0.9760312151616499,0.8675646575646574,138,0,5,8,151,13,8.61,0.22411757398100698,1.1570601162495038e-07,0.9999998111995646,0.05414496076228354
7777,16,C_raw_focal_noW,11,0.16062879899982363,2.0,0.75,0.9668874172185431,1.0,0.6153846153846154,0.872055583799356,0.9804905239687849,0.8789804432103474,138,0,5,8,151,13,8.61,0.21946940800464626,0.004540359230257942,0.9949238695091497,0.0650481340971146
7777,16,D_raw_focal_W,11,0.14924820599981103,2.0,0.75,0.9668874172185431,1.0,0.6153846153846154,0.872055583799356,0.9738015607580826,0.8679027113237638,138,0,5,8,151,13,8.61,0.22131304036121244,0.0036966252797676234,0.9958785486286991,0.06533052673513573
7777,16,E_all_ce_noW,12,0.17668052199996964,2.0,0.75,0.9801324503311258,1.0,0.7692307692307693,0.9294062646096306,0.9698996655518395,0.8842665271236698,138,0,3,10,151,13,8.61,0.24495539994211493,9.166855462376494e-08,0.9999992472422861,0.06782339211492236
7777,16,F_all_ce_W,12,0.20082661800006463,2.0,0.75,0.9735099337748344,0.9090909090909091,0.7692307692307693,0.9094724220623501,0.9765886287625418,0.8991452991452988,137,1,3,10,151,13,8.61,0.2530051733295743,1.544042815442884e-07,0.9999998232423536,0.07065299432550583
7777,16,G_all_focal_noW,12,0.14798455499976626,2.0,0.75,0.9801324503311258,1.0,0.7692307692307693,0.9294062646096306,0.9726867335562988,0.8869047619047616,138,0,3,10,151,13,8.61,0.23443475290256083,0.0036590507093731527,0.9929378205899808,0.07838616953921146
7777,16,H_all_focal_W,12,0.14371422100020936,2.0,0.75,0.9801324503311258,1.0,0.7692307692307693,0.9294062646096306,0.9693422519509476,0.8812610869214641,138,0,3,10,151,13,8.61,0.23731875893142446,0.003199137967512905,0.9957148703296127,0.07673786619272292
7777,16,LEGACY_A,11,0.16765801800011104,2.0,0.75,0.9668874172185431,1.0,0.6153846153846154,0.872055583799356,0.9771460423634337,0.8884570557647478,138,0,5,8,151,13,8.61,0.22393038342402444,5.6820086802005896e-08,0.9999996407819585,0.053305329205241184
7777,17,A_raw_ce_noW,11,0.1949609070002225,2.0,0.75,0.9867549668874173,0.9285714285714286,0.9285714285714286,0.9606360792492179,0.9994786235662149,0.995238095238095,136,1,1,13,151,14,9.27,0.28967239498614067,2.7378965683752092e-08,0.9999995283158016,0.09310671801449046
7777,17,B_raw_ce_W,11,0.19790687700015042,2.0,0.75,0.9867549668874173,0.9285714285714286,0.9285714285714286,0.9606360792492179,0.9989572471324296,0.9910714285714285,136,1,1,13,151,14,9.27,0.2909677258341272,1.2395355432197625e-07,0.9999997262402099,0.09647493699098618
7777,17,C_raw_focal_noW,11,0.15439118599988433,2.0,0.75,0.9867549668874173,0.9285714285714286,0.9285714285714286,0.9606360792492179,0.9994786235662149,0.995238095238095,136,1,1,13,151,14,9.27,0.2829699928558464,0.0018340216569652425,0.9962771192391152,0.10428669677931983
7777,17,D_raw_focal_W,11,0.14722023499962233,2.0,0.75,0.9933774834437086,0.9333333333333333,1.0,0.9809271188581534,0.9994786235662149,0.995238095238095,136,1,0,14,151,14,9.27,0.28633824760753745,0.0011914484219517688,0.9974466806061928,0.10430816613818548
7777,17,E_all_ce_noW,12,0.2113591570000608,2.0,0.75,0.9867549668874173,0.9285714285714286,0.9285714285714286,0.9606360792492179,0.9994786235662149,0.995238095238095,136,1,1,13,151,14,9.27,0.2899740507745112,2.774619053083932e-08,0.9999997124309049,0.09281957012475696
7777,17,F_all_ce_W,12,0.2394439629997578,2.0,0.75,0.9867549668874173,0.9285714285714286,0.9285714285714286,0.9606360792492179,0.9994786235662149,0.995238095238095,136,1,1,13,151,14,9.27,0.2899630137629466,1.146248584682951e-07,0.9999997527352785,0.09394330333603773
7777,17,G_all_focal_noW,12,0.15433756099992024,2.0,0.75,0.9867549668874173,0.9285714285714286,0.9285714285714286,0.9606360792492179,0.9994786235662149,0.995238095238095,136,1,1,13,151,14,9.27,0.28261359955673554,0.001951519330934785,0.996562167989496,0.10379858543565292
7777,17,H_all_focal_W,12,0.15331114499986143,2.0,0.75,0.9867549668874173,0.9285714285714286,0.9285714285714286,0.9606360792492179,0.9994786235662149,0.995238095238095,136,1,1,13,151,14,9.27,0.28624621635384145,0.0010769791678463334,0.9971620768590078,0.10330846536319724
7777,17,LEGACY_A,11,0.1892983680004363,2.0,0.75,0.9867549668874173,0.9285714285714286,0.9285714285714286,0.9606360792492179,0.9994786235662149,0.995238095238095,136,1,1,13,151,14,9.27,0.290457170601597,2.6386098898306797e-08,0.9999996498387602,0.0950721033226056
7777,18,A_raw_ce_noW,11,0.17593150599986984,2.0,0.75,0.9933774834437086,1.0,0.9285714285714286,0.9796632996632997,0.9973931178310741,0.9812030075187967,137,0,1,13,151,14,9.27,0.28168359119437497,2.5434070583110594e-08,0.9999996309036822,0.08967563013122014
7777,18,B_raw_ce_W,11,0.19632233399988763,2.0,0.75,0.9867549668874173,0.9285714285714286,0.9285714285714286,0.9606360792492179,0.996871741397289,0.9785714285714284,136,1,1,13,151,14,9.27,0.2843272620984358,9.351232928959912e-08,0.9999996711327181,0.09289813887667926
7777,18,C_raw_focal_noW,11,0.15650637799990363,2.0,0.75,0.9867549668874173,0.9285714285714286,0.9285714285714286,0.9606360792492179,0.9979144942648592,0.984126984126984,136,1,1,13,151,14,9.27,0.27631315769307485,0.001059679798273358,0.9975640019631626,0.10370113739253763
7777,18,D_raw_focal_W,11,0.15353610100009973,2.0,0.75,0.9867549668874173,0.9285714285714286,0.9285714285714286,0.9606360792492179,0.9979144942648592,0.984126984126984,136,1,1,13,151,14,9.27,0.28203341841530943,0.0010531571279511413,0.9981506061777592,0.10511732331970912
7777,18,E_all_ce_noW,12,0.19327214700024342,2.0,0.75,0.9867549668874173,0.9285714285714286,0.9285714285714286,0.9606360792492179,0.9979144942648592,0.984126984126984,136,1,1,13,151,14,9.27,0.28638591232797445,2.6910269905151025e-08,0.9999994690779873,0.09258406408949049
7777,18,F_all_ce_W,12,0.21162132900008146,2.0,0.75,0.9867549668874173,0.9285714285714286,0.9285714285714286,0.9606360792492179,0.9958289885297185,0.9740259740259738,136,1,1,13,151,14,9.27,0.2840212436449594,1.1582577588121447e-07,0.9999996083895141,0.09327502104332541
7777,18,G_all_focal_noW,12,0.17801964799991765,2.0,0.75,0.9867549668874173,0.9285714285714286,0.9285714285714286,0.9606360792492179,0.9973931178310741,0.9812030075187967,136,1,1,13,151,14,9.27,0.2783233118559298,0.0011690945719535154,0.9978073669119184,0.10511870466363801
7777,18,H_all_focal_W,12,0.16748219300006895,2.0,0.75,0.9801324503311258,0.8666666666666667,0.9285714285714286,0.94278135657446,0.9973931178310741,0.9812030075187967,135,2,1,13,151,14,9.27,0.281276044227389,0.0007566518845064246,0.9982483801352495,0.10602994128062344
7777,18,LEGACY_A,11,0.12614788400014731,2.0,0.75,0.9867549668874173,0.9285714285714286,0.9285714285714286,0.9606360792492179,0.9958289885297185,0.9740259740259738,136,1,1,13,151,14,9.27,0.2875334445535719,2.715943743138094e-08,0.999999648198567,0.09363460789614549
7777,19,A_raw_ce_noW,11,0.11233871200010981,2.0,0.75,0.9867549668874173,1.0,0.8571428571428571,0.9579152731326644,0.9989572471324296,0.9901360544217686,137,0,2,12,151,14,9.27,0.2712382944383696,2.7497406869210452e-08,0.999999669547422,0.08341797428907449
7777,19,B_raw_ce_W,11,0.12031671399972765,2.0,0.75,0.9867549668874173,0.9285714285714286,0.9285714285714286,0.9606360792492179,0.9994786235662149,0.995238095238095,136,1,1,13,151,14,9.27,0.27841824649349944,1.143187431290197e-07,0.9999997050781188,0.08940506615450382
7777,19,C_raw_focal_noW,11,0.09142490399972303,2.0,0.75,0.9933774834437086,1.0,0.9285714285714286,0.9796632996632997,0.9994786235662149,0.995238095238095,137,0,1,13,151,14,9.27,0.2689140303225321,0.0012461411483701034,0.9966817834527469,0.09624751984455088
7777,19,D_raw_focal_W,11,0.09587090700006229,2.0,0.75,1.0,1.0,1.0,1.0,1.0,0.9999999999999998,137,0,0,14,151,14,9.27,0.2750309861407468,0.0010481791467444807,0.9979347527519977,0.09924977335038561
7777,19,E_all_ce_noW,12,0.1376253319999705,2.0,0.75,0.9867549668874173,1.0,0.8571428571428571,0.9579152731326644,1.0,0.9999999999999998,137,0,2,12,151,14,9.27,0.2704318054787872,2.7750148535938466e-08,0.999999629534025,0.08184840872645666
7777,19,F_all_ce_W,12,0.12994428899992272,2.0,0.75,0.9933774834437086,1.0,0.9285714285714286,0.9796632996632997,1.0,0.9999999999999998,137,0,1,13,151,14,9.27,0.27402184012015157,1.368990969957482e-07,0.9999997706172472,0.08547540162269346
7777,19,G_all_focal_noW,12,0.09883844700016198,2.0,0.75,0.9933774834437086,1.0,0.9285714285714286,0.9796632996632997,1.0,0.9999999999999998,137,0,1,13,151,14,9.27,0.26825372485814225,0.001277598105387631,0.9969463327096295,0.09406932516396581
7777,19,H_all_focal_W,12,0.09659992900014913,2.0,0.75,1.0,1.0,1.0,1.0,1.0,0.9999999999999998,137,0,0,14,151,14,9.27,0.275938876536765,0.0011122015212984458,0.9976618801175563,0.09800132700669212
7777,19,LEGACY_A,11,0.11524890100008633,2.0,0.75,1.0,1.0,1.0,1.0,1.0,0.9999999999999998,137,0,0,14,151,14,9.27,0.28266936134995435,2.600752230247363e-08,0.9999995878713892,0.09116385407121612
7777,20,A_raw_ce_noW,11,0.10770847200001299,2.0,0.75,0.9933774834437086,1.0,0.9285714285714286,0.9796632996632997,1.0,0.9999999999999998,137,0,1,13,151,14,9.27,0.2702945851566568,3.15995775533338e-08,0.9999996700005916,0.08452075950668787
7777,20,B_raw_ce_W,11,0.11569878699992842,2.0,0.75,1.0,1.0,1.0,1.0,1.0,0.9999999999999998,137,0,0,14,151,14,9.27,0.2837477590541425,1.3344508473958677e-07,0.9999997434499678,0.09374099801518565
7777,20,C_raw_focal_noW,11,0.09352318899982492,2.0,0.75,0.9933774834437086,1.0,0.9285714285714286,0.9796632996632997,1.0,0.9999999999999998,137,0,1,13,151,14,9.27,0.26254450751299996,0.001772445160931808,0.9973702325639257,0.09603706514418084
7777,20,D_raw_focal_W,11,0.10242338099988046,2.0,0.75,0.9867549668874173,0.9285714285714286,0.9285714285714286,0.9606360792492179,0.9994786235662149,0.995238095238095,136,1,1,13,151,14,9.27,0.2730192055003845,0.0014585369597775613,0.9974727532682631,0.09953858703562472
7777,20,E_all_ce_noW,12,0.12091805499994734,2.0,0.75,0.9933774834437086,1.0,0.9285714285714286,0.9796632996632997,0.9994786235662149,0.995238095238095,137,0,1,13,151,14,9.27,0.27455048119363135,3.093959292086237e-08,0.9999997663238425,0.08588092295625938
7777,20,F_all_ce_W,12,0.12325227600013022,2.0,0.75,0.9867549668874173,0.9285714285714286,0.9285714285714286,0.9606360792492179,0.9994786235662149,0.995238095238095,136,1,1,13,151,14,9.27,0.27746372116866164,1.4374518715074114e-07,0.9999997982555043,0.09068331086829273
7777,20,G_all_focal_noW,12,0.09538815799987788,2.0,0.75,0.9933774834437086,1.0,0.9285714285714286,0.9796632996632997,0.9989572471324296,0.9910714285714284,137,0,1,13,151,14,9.27,0.2597782760325283,0.002063733520608484,0.9966568330129765,0.09653737980925714
7777,20,H_all_focal_W,12,0.09534483800007365,2.0,0.75,0.9867549668874173,0.9285714285714286,0.9285714285714286,0.9606360792492179,0.9989572471324296,0.9910714285714284,136,1,1,13,151,14,9.27,0.2707501792707877,0.0015329873870436814,0.9971489872239285,0.10174619051629985
7777,20,LEGACY_A,11,0.112048484999832,2.0,0.75,0.9867549668874173,0.9285714285714286,0.9285714285714286,0.9606360792492179,0.9994786235662149,0.995238095238095,136,1,1,13,151,14,9.27,0.2804242356782574,2.6957074789065402e-08,0.9999996497768185,0.09126802732983452
7777,21,A_raw_ce_noW,11,0.09544019300028594,2.0,0.75,0.9801324503311258,0.9166666666666666,0.8461538461538461,0.9345848375451263,0.9966555183946488,0.9695730363151175,137,1,2,11,151,13,8.61,0.2667848570400248,6.091061426556347e-08,0.9999996203283978,0.07831006529336026
7777,21,B_raw_ce_W,11,0.1224823280003875,2.0,0.75,0.9801324503311258,0.9166666666666666,0.8461538461538461,0.9345848375451263,0.9949832775919732,0.9562594268476621,137,1,2,11,151,13,8.61,0.2693806060011086,1.5324000291957774e-07,0.999999843604533,0.0791769671525989
7777,21,C_raw_focal_noW,11,0.0878931049996936,2.0,0.75,0.9801324503311258,0.9166666666666666,0.8461538461538461,0.9345848375451263,0.9933110367892977,0.9466738112248947,137,1,2,11,151,13,8.61,0.25297944030949404,0.0046704127522295144,0.9937806551965069,0.08607788639216699
7777,21,D_raw_focal_W,11,0.09114727499991204,2.0,0.75,0.9801324503311258,0.9166666666666666,0.8461538461538461,0.9345848375451263,0.9866220735785953,0.9228093443156965,137,1,2,11,151,13,8.61,0.2588827131053732,0.00301307393179731,0.99515282430551,0.08785620953702514
7777,21,E_all_ce_noW,12,0.10296061799999734,2.0,0.75,0.9801324503311258,0.9166666666666666,0.8461538461538461,0.9345848375451263,0.9916387959866221,0.9383265856950067,137,1,2,11,151,13,8.61,0.26820014175087126,5.8677424831758805e-08,0.9999993725216452,0.07879553338613256
7777,21,F_all_ce_W,12,0.11355334400013817,2.0,0.75,0.9801324503311258,0.9166666666666666,0.8461538461538461,0.9345848375451263,0.9927536231884058,0.9440422322775263,137,1,2,11,151,13,8.61,0.2696029857421522,1.4552673997206823e-07,0.9999998355960452,0.07923410261520818
7777,21,G_all_focal_noW,12,0.09089838399995642,2.0,0.75,0.9801324503311258,0.9166666666666666,0.8461538461538461,0.9345848375451263,0.9933110367892977,0.9466738112248947,137,1,2,11,151,13,8.61,0.2503868378685193,0.005882827394581518,0.9927672806826124,0.08493861128983786
7777,21,H_all_focal_W,12,0.09103345099993021,2.0,0.75,0.9801324503311258,0.9166666666666666,0.8461538461538461,0.9345848375451263,0.9894091415830546,0.9344729344729343,137,1,2,11,151,13,8.61,0.2584438416276069,0.0036430806912972034,0.9955006551124719,0.08602724364415486
7777,21,LEGACY_A,11,0.10042496400001255,2.0,0.75,0.9801324503311258,0.9166666666666666,0.8461538461538461,0.9345848375451263,0.9888517279821627,0.9310792693145633,137,1,2,11,151,13,8.61,0.2696676523648525,5.773259428451575e-08,0.9999996223839487,0.0792562220077178
7777,22,A_raw_ce_noW,11,0.12365149199968073,2.0,0.75,0.9801324503311258,1.0,0.7857142857142857,0.9345848375451263,1.0,0.9999999999999998,137,0,3,11,151,14,9.27,0.259117460609277,2.7880084591853825e-08,0.9999995827635186,0.07428845103693102
7777,22,B_raw_ce_W,11,0.12634675099980086,2.0,0.75,0.9867549668874173,1.0,0.8571428571428571,0.9579152731326644,1.0,0.9999999999999998,137,0,2,12,151,14,9.27,0.2669660997884086,1.3405385823046113e-07,0.9999994698435686,0.08332751299514538
7777,22,C_raw_focal_noW,11,0.09568551399979697,2.0,0.75,0.9801324503311258,1.0,0.7857142857142857,0.9345848375451263,1.0,0.9999999999999998,137,0,3,11,151,14,9.27,0.2537412490487436,0.0023204476531544045,0.9972553063988308,0.09023165105067238
7777,22,D_raw_focal_W,11,0.3472258970000439,2.0,0.75,0.9867549668874173,1.0,0.8571428571428571,0.9579152731326644,1.0,0.9999999999999998,137,0,2,12,151,14,9.27,0.2612937212701257,0.0012892476040820306,0.9971411593898488,0.0924721506341649
7777,22,E_all_ce_noW,12,0.12307283700010885,2.0,0.75,0.9867549668874173,1.0,0.8571428571428571,0.9579152731326644,0.9994786235662149,0.995238095238095,137,0,2,12,151,14,9.27,0.2619152935887661,2.7195988767634604e-08,0.9999993447584955,0.07715853354093744
7777,22,F_all_ce_W,12,0.1283455809998486,2.0,0.75,0.9801324503311258,1.0,0.7857142857142857,0.9345848375451263,0.9994786235662149,0.995238095238095,137,0,3,11,151,14,9.27,0.2594234101288294,1.0428486186746745e-07,0.9999996968500633,0.07634784110422399
7777,22,G_all_focal_noW,12,0.10998304600025222,2.0,0.75,0.9801324503311258,1.0,0.7857142857142857,0.9345848375451263,1.0,0.9999999999999998,137,0,3,11,151,14,9.27,0.25277422351072143,0.0021256615974792714,0.9970332966528992,0.08855526239012984
7777,22,H_all_focal_W,12,0.10208190799994554,2.0,0.75,0.9867549668874173,1.0,0.8571428571428571,0.9579152731326644,1.0,0.9999999999999998,137,0,2,12,151,14,9.27,0.2576144785912339,0.0012193773635699016,0.997183059620695,0.09055284007955473
7777,22,LEGACY_A,11,0.1156483759996263,2.0,0.75,0.9867549668874173,1.0,0.8571428571428571,0.9579152731326644,1.0,0.9999999999999998,137,0,2,12,151,14,9.27,0.26829903032600044,2.7615007824671554e-08,0.9999994140669406,0.08221630285596118
7777,23,A_raw_ce_noW,11,0.10634000800018839,2.0,0.75,1.0,1.0,1.0,1.0,1.0,0.9999999999999999,137,0,0,14,151,14,9.27,0.2895916174250186,2.766405762537781e-08,0.9999996011333324,0.09411410258767869
7777,23,B_raw_ce_W,11,0.11327604999996765,2.0,0.75,1.0,1.0,1.0,1.0,1.0,1.0,137,0,0,14,151,14,9.27,0.2906935875304052,1.2040273660652487e-07,0.9999997888150964,0.09690672955967519
7777,23,C_raw_focal_noW,11,0.0959280580000268,2.0,0.75,0.9933774834437086,0.9333333333333333,1.0,0.9809271188581534,1.0,1.0,136,1,0,14,151,14,9.27,0.2815377428612262,0.0015836467721700523,0.9972038312098443,0.10523927327001754
7777,23,D_raw_focal_W,11,0.10094518500000049,2.0,0.75,0.9933774834437086,0.9333333333333333,1.0,0.9809271188581534,1.0,1.0,136,1,0,14,151,14,9.27,0.2866441951237403,0.00163620910488249,0.9976117114102452,0.10888741004338315
7777,23,E_all_ce_noW,12,0.11931939299984151,2.0,0.75,0.9933774834437086,0.9333333333333333,1.0,0.9809271188581534,1.0,0.9999999999999999,136,1,0,14,151,14,9.27,0.2950464938773147,2.7053320067425477e-08,0.9999996461415879,0.09870639064679676
7777,23,F_all_ce_W,12,0.14742634200001703,2.0,0.75,0.9867549668874173,0.875,1.0,0.9629901960784314,1.0,0.9999999999999999,135,2,0,14,151,14,9.27,0.2962516760854061,1.221442652143558e-07,0.9999997788069032,0.10108862616705713
7777,23,G_all_focal_noW,12,0.09466167400023551,2.0,0.75,0.9867549668874173,0.875,1.0,0.9629901960784314,1.0,1.0,135,2,0,14,151,14,9.27,0.28838858457110383,0.0011848566247429834,0.9966907840085816,0.10694841448797376
7777,23,H_all_focal_W,12,0.09866890599960243,2.0,0.75,0.9867549668874173,0.875,1.0,0.9629901960784314,1.0,0.9999999999999999,135,2,0,14,151,14,9.27,0.2920192255596583,0.00103235670574191,0.9976934566337323,0.1079198846564377
7777,23,LEGACY_A,11,0.11306274900016433,2.0,0.75,1.0,1.0,1.0,1.0,1.0,0.9999999999999998,137,0,0,14,151,14,9.27,0.2902179393093472,2.755427122328747e-08,0.9999996555580478,0.0949927888319143
7777,24,A_raw_ce_noW,11,0.10325062599986268,2.0,0.75,0.9867549668874173,1.0,0.8571428571428571,0.9579152731326644,0.9963503649635037,0.9716791979949873,137,0,2,12,151,14,9.27,0.2686673288443617,2.7539226849506514e-08,0.9999993815463998,0.08306605277353611
7777,24,B_raw_ce_W,11,0.11604679499987469,2.0,0.75,0.9801324503311258,0.9230769230769231,0.8571428571428571,0.938989898989899,0.9963503649635037,0.9716791979949874,136,1,2,12,151,14,9.27,0.2786733157585343,1.334487457105623e-07,0.9999996809709458,0.08994329131735386
7777,24,C_raw_focal_noW,11,0.0919184370000039,2.0,0.75,0.9801324503311258,0.9230769230769231,0.8571428571428571,0.938989898989899,0.9963503649635037,0.9707341269841268,136,1,2,12,151,14,9.27,0.265072469193556,0.0010836869020020568,0.9972190776532244,0.10097750381539741
7777,24,D_raw_focal_W,11,0.09236421300010988,2.0,0.75,0.9801324503311258,0.9230769230769231,0.8571428571428571,0.938989898989899,0.9968717413972888,0.9746031746031745,136,1,2,12,151,14,9.27,0.2703812785317412,0.0011938428641968461,0.9974433106998515,0.10435434270467256
7777,24,E_all_ce_noW,12,0.13010605100043904,2.0,0.75,0.9867549668874173,1.0,0.8571428571428571,0.9579152731326644,0.9958289885297185,0.9673202614379084,137,0,2,12,151,14,9.27,0.2665766528881399,2.8298138089658597e-08,0.9999996353647649,0.08117731947171966
7777,24,F_all_ce_W,12,0.12778594400015209,2.0,0.75,0.9867549668874173,1.0,0.8571428571428571,0.9579152731326644,0.9979144942648592,0.9841269841269841,137,0,2,12,151,14,9.27,0.2708137060874988,1.4887595598155137e-07,0.9999997508448762,0.08517907796980509
7777,24,G_all_focal_noW,12,0.10456083699955343,2.0,0.75,0.9801324503311258,0.9230769230769231,0.8571428571428571,0.938989898989899,0.9953076120959333,0.9643962848297212,136,1,2,12,151,14,9.27,0.26322112412456816,0.001426134116909215,0.9967072556993474,0.0989183406910537
7777,24,H_all_focal_W,12,0.09432149600024786,2.0,0.75,0.9801324503311258,0.9230769230769231,0.8571428571428571,0.938989898989899,0.9963503649635037,0.9707341269841268,136,1,2,12,151,14,9.27,0.2690500048538886,0.0012577184297581751,0.9971208148166121,0.10137438621157141
7777,24,LEGACY_A,11,0.11676338500001293,2.0,0.75,0.9801324503311258,0.9230769230769231,0.8571428571428571,0.938989898989899,0.9968717413972888,0.9746031746031745,136,1,2,12,151,14,9.27,0.2758748025651893,2.752953511629524e-08,0.9999996144806916,0.09006108211775557
7777,25,A_raw_ce_noW,11,0.11185418700006267,2.0,0.75,0.9933774834437086,1.0,0.9285714285714286,0.9796632996632997,0.996871741397289,0.9785714285714284,137,0,1,13,151,14,9.27,0.2804007970578553,2.595407430761455e-08,0.9999991125035556,0.08653960675342863
7777,25,B_raw_ce_W,11,0.11696160300016345,2.0,0.75,0.9933774834437086,1.0,0.9285714285714286,0.9796632996632997,0.9973931178310741,0.9812030075187967,137,0,1,13,151,14,9.27,0.2804398531834498,1.2877986390378328e-07,0.9999996577714113,0.0870542193692598
7777,25,C_raw_focal_noW,11,0.11515593800004353,2.0,0.75,0.9933774834437086,1.0,0.9285714285714286,0.9796632996632997,0.9989572471324296,0.9910714285714284,137,0,1,13,151,14,9.27,0.27489126173399225,0.0011155500829691906,0.996222140868397,0.09394183843374493
7777,25,D_raw_focal_W,11,0.0948236609997366,2.0,0.75,0.9933774834437086,1.0,0.9285714285714286,0.9796632996632997,0.9973931178310741,0.981203007518797,137,0,1,13,151,14,9.27,0.2770085405274718,0.0009799164549844702,0.9974002506909162,0.09434957284869101
7777,25,E_all_ce_noW,12,0.12089240200020868,2.0,0.75,0.9933774834437086,1.0,0.9285714285714286,0.9796632996632997,0.986444212721585,0.9535714285714285,137,0,1,13,151,14,9.27,0.28046578067817934,2.7126122584707128e-08,0.9999994387980676,0.0861872627217506
7777,25,F_all_ce_W,12,0.12812838000036209,2.0,0.75,0.9933774834437086,1.0,0.9285714285714286,0.9796632996632997,0.9885297184567258,0.9563492063492063,137,0,1,13,151,14,9.27,0.2804488504733565,1.155510577316572e-07,0.9999997240751801,0.08627959508442311
7777,25,G_all_focal_noW,12,0.09517483699983131,2.0,0.75,0.9933774834437086,1.0,0.9285714285714286,0.9796632996632997,0.9932221063607924,0.9656084656084656,137,0,1,13,151,14,9.27,0.27460326726657736,0.0011564650376112383,0.9950048792235608,0.09305709427118385
7777,25,H_all_focal_W,12,0.0984405220001463,2.0,0.75,0.9933774834437086,1.0,0.9285714285714286,0.9796632996632997,0.9921793534932222,0.9630541871921181,137,0,1,13,151,14,9.27,0.276939227224362,0.0005954915686304402,0.9973276331926677,0.09208119954613048
7777,25,LEGACY_A,11,0.11448730399979468,2.0,0.75,0.9933774834437086,1.0,0.9285714285714286,0.9796632996632997,0.9973931178310741,0.981203007518797,137,0,1,13,151,14,9.27,0.28044101321045406,2.6999783815755465e-08,0.9999996296819963,0.08631431040148219
9999,1,A_raw_ce_noW,11,0.12746133199971155,2.0,0.75,0.9867549668874173,1.0,0.8461538461538461,0.954736211031175,0.9849498327759197,0.9207703840387496,138,0,2,11,151,13,8.61,0.26090016579897135,3.657412679095689e-08,0.9999996617927913,0.07676388630029583
9999,1,B_raw_ce_W,11,0.11382630699972651,2.0,0.75,0.9801324503311258,0.9166666666666666,0.8461538461538461,0.9345848375451263,0.9866220735785953,0.9247491638795984,137,1,2,11,151,13,8.61,0.2647719119692355,1.0853474368636371e-07,0.9999997655185654,0.08033636968425642
9999,1,C_raw_focal_noW,11,0.09731495999994877,2.0,0.75,0.9867549668874173,1.0,0.8461538461538461,0.954736211031175,0.9777034559643255,0.9054945054945052,138,0,2,11,151,13,8.61,0.2536729531345927,0.0017191177947453247,0.9968531268200633,0.0863434718741544
9999,1,D_raw_focal_W,11,0.09096355500014397,2.0,0.75,0.9735099337748344,0.8461538461538461,0.8461538461538461,0.9158305462653289,0.9816053511705686,0.9125999448580091,136,2,2,11,151,13,8.61,0.26077369406142326,0.0012625223804396488,0.9974178092702376,0.0905232915013556
9999,1,E_all_ce_noW,12,0.11637758300003043,2.0,0.75,0.9867549668874173,1.0,0.8461538461538461,0.954736211031175,0.9799331103678929,0.9102282333051563,138,0,2,11,151,13,8.61,0.26013373482420116,3.6383111758227414e-08,0.99999969809422,0.07553156178668372
9999,1,F_all_ce_W,12,0.1300668480002969,2.0,0.75,0.9801324503311258,0.9166666666666666,0.8461538461538461,0.9345848375451263,0.9732441471571907,0.9007113576079091,137,1,2,11,151,13,8.61,0.26717021174717365,1.2988566831501983e-07,0.9999998153329815,0.08074479081371111
9999,1,G_all_focal_noW,12,0.09846126299999014,2.0,0.75,0.9867549668874173,1.0,0.8461538461538461,0.954736211031175,0.9810479375696767,0.911378943637008,138,0,2,11,151,13,8.61,0.2522591691216418,0.0029575803022624516,0.9960135359898458,0.08413597130012614
9999,1,H_all_focal_W,12,0.12550650899993343,2.0,0.75,0.9801324503311258,0.9166666666666666,0.8461538461538461,0.9345848375451263,0.9726867335562988,0.8988095238095235,137,1,2,11,151,13,8.61,0.25621691344860986,0.0016693345845874654,0.9973204552919853,0.08647408246491221
9999,1,LEGACY_A,11,0.19701404399984312,2.0,0.75,0.9801324503311258,0.9166666666666666,0.8461538461538461,0.9345848375451263,0.9866220735785953,0.9267904509283817,137,1,2,11,151,13,8.61,0.2647071662408519,3.1207336643615646e-08,0.9999996831903024,0.08026271368745454
9999,2,A_raw_ce_noW,11,0.17188326399991638,2.0,0.75,0.9801324503311258,1.0,0.7857142857142857,0.9345848375451263,0.9895724713242962,0.9579831932773109,137,0,3,11,151,14,9.27,0.259760877049144,2.908333186703641e-08,0.9999996740836264,0.07333828537129965
9999,2,B_raw_ce_W,11,0.18484272400019108,2.0,0.75,0.9867549668874173,1.0,0.8571428571428571,0.9579152731326644,0.9869655891553701,0.9497851772287862,137,0,2,12,151,14,9.27,0.26831832397372907,1.3596951733742424e-07,0.9999998051932402,0.08144714119422354
9999,2,C_raw_focal_noW,11,0.1458336750001763,2.0,0.75,0.9801324503311258,1.0,0.7857142857142857,0.9345848375451263,0.9880083420229405,0.9555984555984556,137,0,3,11,151,14,9.27,0.25570479340397834,0.0016664993351120478,0.9972276559269488,0.08546772458047845
9999,2,D_raw_focal_W,11,0.14689284399992175,2.0,0.75,0.9801324503311258,1.0,0.7857142857142857,0.9345848375451263,0.9869655891553701,0.9542124542124542,137,0,3,11,151,14,9.27,0.25762198446429085,0.000915776102122011,0.9978650293244414,0.0855813441564714
9999,2,E_all_ce_noW,12,0.19705631999977413,2.0,0.75,0.9801324503311258,1.0,0.7857142857142857,0.9345848375451263,0.9885297184567258,0.9563492063492063,137,0,3,11,151,14,9.27,0.259690154051431,2.7333723235981132e-08,0.9999994274946196,0.07374085203771419
9999,2,F_all_ce_W,12,0.19743365499971333,2.0,0.75,0.9867549668874173,1.0,0.8571428571428571,0.9579152731326644,0.9900938477580813,0.9547193877551019,137,0,2,12,151,14,9.27,0.2653528560221244,1.341486312396955e-07,0.9999996429707858,0.080596329505042
9999,2,G_all_focal_noW,12,0.15960141599998678,2.0,0.75,0.9801324503311258,1.0,0.7857142857142857,0.9345848375451263,0.9885297184567258,0.9563492063492063,137,0,3,11,151,14,9.27,0.2572046036624439,0.0009166067687538359,0.9978070481188197,0.08612083258458968
9999,2,H_all_focal_W,12,0.16264121199992587,2.0,0.75,0.9867549668874173,1.0,0.8571428571428571,0.9579152731326644,0.9874869655891554,0.9548872180451128,137,0,2,12,151,14,9.27,0.25991910070270474,0.0006224392598930224,0.9983606102555646,0.08724900515655035
9999,2,LEGACY_A,11,0.18213818899994294,2.0,0.75,0.9867549668874173,1.0,0.8571428571428571,0.9579152731326644,0.9916579770594369,0.9579521463757916,137,0,2,12,151,14,9.27,0.2645828926560758,2.3762624707012288e-08,0.9999996557057014,0.07932910218465417
9999,3,A_raw_ce_noW,11,0.19367833500018605,2.0,0.75,0.9933774834437086,0.9333333333333333,1.0,0.9809271188581534,0.9994786235662149,0.995238095238095,136,1,0,14,151,14,9.27,0.2975077008788838,2.8392208299418177e-08,0.9999996461544516,0.09928425010717981
9999,3,B_raw_ce_W,11,0.1984965380001995,2.0,0.75,0.9933774834437086,0.9333333333333333,1.0,0.9809271188581534,0.9994786235662149,0.995238095238095,136,1,0,14,151,14,9.27,0.2981235883098662,1.3920382014802657e-07,0.9999997956761855,0.09956782857844838
9999,3,C_raw_focal_noW,11,0.14758049100009885,2.0,0.75,0.9933774834437086,0.9333333333333333,1.0,0.9809271188581534,0.9994786235662149,0.9952380952380953,136,1,0,14,151,14,9.27,0.29121365995580534,0.0018508062792129052,0.9963014736340441,0.10875060700651121
9999,3,D_raw_focal_W,11,0.15406721599993034,2.0,0.75,0.9933774834437086,0.9333333333333333,1.0,0.9809271188581534,0.9994786235662149,0.995238095238095,136,1,0,14,151,14,9.27,0.2906143174745562,0.0011906685114495123,0.9974753380396258,0.107403683713073
9999,3,E_all_ce_noW,12,0.19300361600016913,2.0,0.75,0.9933774834437086,0.9333333333333333,1.0,0.9809271188581534,0.9994786235662149,0.995238095238095,136,1,0,14,151,14,9.27,0.2982902914676756,2.813458690266748e-08,0.9999994467832344,0.10012053363845137
9999,3,F_all_ce_W,12,0.21003624600007242,2.0,0.75,0.9867549668874173,0.875,1.0,0.9629901960784314,0.9994786235662149,0.995238095238095,135,2,0,14,151,14,9.27,0.301922109258071,1.2243504340874686e-07,0.9999996109630532,0.10421604853629436
9999,3,G_all_focal_noW,12,0.16148985799964066,2.0,0.75,0.9933774834437086,0.9333333333333333,1.0,0.9809271188581534,1.0,0.9999999999999999,136,1,0,14,151,14,9.27,0.2893135477063206,0.001743251904162891,0.9960168342572249,0.10729927182423053
9999,3,H_all_focal_W,12,0.1624235460003547,2.0,0.75,0.9933774834437086,0.9333333333333333,1.0,0.9809271188581534,0.9994786235662149,0.995238095238095,136,1,0,14,151,14,9.27,0.2947632308846385,0.0010333616801820609,0.9973593515744998,0.10976072282496713
9999,3,LEGACY_A,11,0.1915070340000966,2.0,0.75,0.9933774834437086,0.9333333333333333,1.0,0.9809271188581534,0.9994786235662149,0.995238095238095,136,1,0,14,151,14,9.27,0.2996888218911112,2.720515329487839e-08,0.9999995909672893,0.10186643755449137
9999,4,A_raw_ce_noW,11,0.17963767700030076,2.0,0.75,0.9933774834437086,1.0,0.9285714285714286,0.9796632996632997,1.0,0.9999999999999998,137,0,1,13,151,14,9.27,0.2790306943981857,2.7623742691654134e-08,0.9999995249942555,0.08646867272783652
9999,4,B_raw_ce_W,11,0.2021217080000497,2.0,0.75,1.0,1.0,1.0,1.0,1.0,0.9999999999999998,137,0,0,14,151,14,9.27,0.28419916224487907,1.334123925770906e-07,0.9999995308909635,0.09220427169683729
9999,4,C_raw_focal_noW,11,0.16767867000044134,2.0,0.75,0.9933774834437086,1.0,0.9285714285714286,0.9796632996632997,1.0,0.9999999999999998,137,0,1,13,151,14,9.27,0.26895233715729683,0.0011883411367686367,0.9967277596374563,0.09736499687637633
9999,4,D_raw_focal_W,11,0.16725705099997867,2.0,0.75,1.0,1.0,1.0,1.0,1.0,0.9999999999999998,137,0,0,14,151,14,9.27,0.27462698581778555,0.0008342558754023116,0.9977008461965154,0.09788980990952599
9999,4,E_all_ce_noW,12,0.12105255400001624,2.0,0.75,0.9933774834437086,1.0,0.9285714285714286,0.9796632996632997,0.9994786235662149,0.995238095238095,137,0,1,13,151,14,9.27,0.2789935349436175,2.7577425917637755e-08,0.9999992695083542,0.08671628164633564
9999,4,F_all_ce_W,12,0.1305473389998042,2.0,0.75,0.9933774834437086,1.0,0.9285714285714286,0.9796632996632997,1.0,0.9999999999999998,137,0,1,13,151,14,9.27,0.27935247634085225,1.4440128298766386e-07,0.9999995431585391,0.08684242177714761
9999,4,G_all_focal_noW,12,0.0976338189998387,2.0,0.75,0.9933774834437086,1.0,0.9285714285714286,0.9796632996632997,1.0,0.9999999999999998,137,0,1,13,151,14,9.27,0.26736490200996404,0.0009474913088233204,0.9978852779225699,0.09325332415363016
9999,4,H_all_focal_W,12,0.09731628200006526,2.0,0.75,0.9933774834437086,1.0,0.9285714285714286,0.9796632996632997,1.0,0.9999999999999998,137,0,1,13,151,14,9.27,0.27236901909990735,0.0009524446694477592,0.9981635574842918,0.09588367880268985
9999,4,LEGACY_A,11,0.11720881299970642,2.0,0.75,0.9933774834437086,1.0,0.9285714285714286,0.9796632996632997,1.0,0.9999999999999998,137,0,1,13,151,14,9.27,0.28088815311664483,2.125633442091239e-08,0.9999993698492041,0.08897331783604051
9999,5,A_raw_ce_noW,11,0.10795671200003198,2.0,0.75,0.9801324503311258,0.9230769230769231,0.8571428571428571,0.938989898989899,0.9973931178310741,0.9778711484593836,136,1,2,12,151,14,9.27,0.27608801908998387,2.8738726397385615e-08,0.9999995851139842,0.08518863018592938
9999,5,B_raw_ce_W,11,0.12112826400016274,2.0,0.75,0.9801324503311258,0.9230769230769231,0.8571428571428571,0.938989898989899,0.9973931178310741,0.9790249433106575,136,1,2,12,151,14,9.27,0.2782185993339675,9.673899484208655e-08,0.9999997833974105,0.08804655140746472
9999,5,C_raw_focal_noW,11,0.0922780849996343,2.0,0.75,0.9801324503311258,0.9230769230769231,0.8571428571428571,0.938989898989899,0.9979144942648592,0.9815476190476189,136,1,2,12,151,14,9.27,0.26432622710343956,0.002031170497902504,0.9966371384202488,0.0991541981230527
9999,5,D_raw_focal_W,11,0.09379755800000567,2.0,0.75,0.9867549668874173,0.9285714285714286,0.9285714285714286,0.9606360792492179,0.9979144942648592,0.9822929171668666,136,1,1,13,151,14,9.27,0.27436624943548293,0.0010024918524442425,0.9977127695090195,0.10377821303475017
9999,5,E_all_ce_noW,12,0.11777388199971028,2.0,0.75,0.9801324503311258,0.9230769230769231,0.8571428571428571,0.938989898989899,0.9984358706986445,0.9846415489272631,136,1,2,12,151,14,9.27,0.27374092599151323,2.800153018484061e-08,0.9999994240071339,0.08494148718816148
9999,5,F_all_ce_W,12,0.12931307600001674,2.0,0.75,0.9801324503311258,0.9230769230769231,0.8571428571428571,0.938989898989899,0.9984358706986445,0.9846415489272631,136,1,2,12,151,14,9.27,0.2792109247327472,1.1440493838467098e-07,0.9999997182031041,0.08967648654653854
9999,5,G_all_focal_noW,12,0.09417432500003997,2.0,0.75,0.9801324503311258,0.9230769230769231,0.8571428571428571,0.938989898989899,0.9979144942648592,0.9815476190476189,136,1,2,12,151,14,9.27,0.2648877454573104,0.00152217865211631,0.9966557304570018,0.1005483136173444
9999,5,H_all_focal_W,12,0.12000206899983823,2.0,0.75,0.9867549668874173,0.9285714285714286,0.9285714285714286,0.9606360792492179,0.9984358706986445,0.9859693877551019,136,1,1,13,151,14,9.27,0.2759926189991298,0.001250421772925799,0.9976802131433002,0.10654830676082828
9999,5,LEGACY_A,11,0.11382040800026516,2.0,0.75,0.9801324503311258,0.9230769230769231,0.8571428571428571,0.938989898989899,0.9973931178310741,0.9760531135531134,136,1,2,12,151,14,9.27,0.279909450388936,2.5285802832260066e-08,0.9999996434869999,0.08923125341606974
9999,6,A_raw_ce_noW,11,0.10959668699979375,2.0,0.75,0.9867549668874173,1.0,0.8461538461538461,0.954736211031175,1.0,1.0,138,0,2,11,151,13,8.61,0.26005641393864204,2.8305668780297424e-08,0.9999996462611983,0.07583281853216645
9999,6,B_raw_ce_W,11,0.1142439000000195,2.0,0.75,0.9867549668874173,1.0,0.8461538461538461,0.954736211031175,1.0,1.0,138,0,2,11,151,13,8.61,0.2623904792926677,1.2019279386365873e-07,0.999999782155547,0.07900453802115218
9999,6,C_raw_focal_noW,11,0.0947644909997507,2.0,0.75,0.9933774834437086,1.0,0.9230769230769231,0.9781949458483754,0.9994425863991081,0.9945054945054944,138,0,1,12,151,13,8.61,0.25854438435331906,0.0015757388496691481,0.9974405868778123,0.08859310660640687
9999,6,D_raw_focal_W,11,0.09500204699997994,2.0,0.75,0.9867549668874173,0.9230769230769231,0.9230769230769231,0.9579152731326644,0.9994425863991081,0.9945054945054944,137,1,1,12,151,13,8.61,0.2639194858522586,0.0011150803270072965,0.9982016302144254,0.09164959197861834
9999,6,E_all_ce_noW,12,0.12041098999998212,2.0,0.75,1.0,1.0,1.0,1.0,1.0,1.0,138,0,0,13,151,13,8.61,0.26864101305590715,2.7821288315208787e-08,0.9999996884211353,0.08172515682904473
9999,6,F_all_ce_W,12,0.13158129900011772,2.0,0.75,1.0,1.0,1.0,1.0,1.0,1.0,138,0,0,13,151,13,8.61,0.272002076432401,1.171468014907114e-07,0.9999997388230093,0.08515258347399504
9999,6,G_all_focal_noW,12,0.10104241999988517,2.0,0.75,0.9933774834437086,1.0,0.9230769230769231,0.9781949458483754,1.0,1.0,138,0,1,12,151,13,8.61,0.2632759755945279,0.00135680378562443,0.9976036478572887,0.08941291098013665
9999,6,H_all_focal_W,12,0.10306432800007315,2.0,0.75,0.9933774834437086,0.9285714285714286,1.0,0.9796632996632997,1.0,0.9999999999999999,137,1,0,13,151,13,8.61,0.2703875617932391,0.0009512698120912446,0.9982748830004652,0.09361159230574476
9999,6,LEGACY_A,11,0.11113136899984966,2.0,0.75,1.0,1.0,1.0,1.0,1.0,1.0,138,0,0,13,151,13,8.61,0.26802293479829287,2.6083297116365345e-08,0.9999996728814067,0.0819414167667743
9999,7,A_raw_ce_noW,11,0.1114504649999617,2.0,0.75,0.9867549668874173,1.0,0.8571428571428571,0.9579152731326644,0.9984358706986445,0.9873949579831931,137,0,2,12,151,14,9.27,0.2687746616068039,2.901365310481808e-08,0.9999993450254523,0.08023545138937804
9999,7,B_raw_ce_W,11,0.1163024200000109,2.0,0.75,0.9867549668874173,1.0,0.8571428571428571,0.9579152731326644,0.9984358706986445,0.9873949579831931,137,0,2,12,151,14,9.27,0.27216996790063097,1.3091523337782704e-07,0.9999995724647601,0.0856248725042116
9999,7,C_raw_focal_noW,11,0.09314851999988605,2.0,0.75,0.9867549668874173,1.0,0.8571428571428571,0.9579152731326644,0.9989572471324296,0.9910714285714284,137,0,2,12,151,14,9.27,0.2581133809796085,0.001323702681839267,0.9970568720733264,0.0923679977607667
9999,7,D_raw_focal_W,11,0.09551733799980866,2.0,0.75,0.9933774834437086,1.0,0.9285714285714286,0.9796632996632997,0.9994786235662149,0.995238095238095,137,0,1,13,151,14,9.27,0.2657454128958008,0.0008698470259794449,0.9977230606629456,0.09538596863835462
9999,7,E_all_ce_noW,12,0.13738504299999477,2.0,0.75,0.9867549668874173,1.0,0.8571428571428571,0.9579152731326644,0.9989572471324296,0.9910714285714284,137,0,2,12,151,14,9.27,0.2657244736774272,2.7673762406224382e-08,0.9999996081273944,0.07901535772123126
9999,7,F_all_ce_W,12,0.13394316700032505,2.0,0.75,0.9867549668874173,1.0,0.8571428571428571,0.9579152731326644,0.9989572471324296,0.9910714285714284,137,0,2,12,151,14,9.27,0.2706785523008895,1.2978441097357882e-07,0.9999997671561849,0.08399756044530096
9999,7,G_all_focal_noW,12,0.09530950899988966,2.0,0.75,0.9867549668874173,1.0,0.8571428571428571,0.9579152731326644,1.0,0.9999999999999998,137,0,2,12,151,14,9.27,0.2583471247476255,0.001263693586010446,0.9968417481131023,0.09072137449699522
9999,7,H_all_focal_W,12,0.09706327100002454,2.0,0.75,0.9933774834437086,1.0,0.9285714285714286,0.9796632996632997,1.0,0.9999999999999998,137,0,1,13,151,14,9.27,0.26668394034463055,0.0008910100768404906,0.9977419995951601,0.09485109112704192
9999,7,LEGACY_A,11,0.11713055400014127,2.0,0.75,0.9933774834437086,1.0,0.9285714285714286,0.9796632996632997,0.9994786235662149,0.995238095238095,137,0,1,13,151,14,9.27,0.27450547515161067,2.5128633710680924e-08,0.9999995617529844,0.08664237086362168
9999,8,A_raw_ce_noW,11,0.09989797699972769,2.0,0.75,0.9867549668874173,0.9285714285714286,0.9285714285714286,0.9606360792492179,0.9890510948905109,0.9571428571428571,136,1,1,13,151,14,9.27,0.2895868711911531,2.8530168224070835e-08,0.9999996890966173,0.09330095079948404
9999,8,B_raw_ce_W,11,0.10948706699991817,2.0,0.75,0.9867549668874173,0.9285714285714286,0.9285714285714286,0.9606360792492179,0.9900938477580814,0.9588744588744587,136,1,1,13,151,14,9.27,0.2903425923713136,1.446102067555776e-07,0.9999997946196373,0.09627337207092766
9999,8,C_raw_focal_noW,11,0.0943188630003533,2.0,0.75,0.9867549668874173,0.9285714285714286,0.9285714285714286,0.9606360792492179,0.9911366006256518,0.9608294930875574,136,1,1,13,151,14,9.27,0.2826220767306859,0.0023541753367744152,0.9962961098041336,0.11021594919921354
9999,8,D_raw_focal_W,11,0.11009250500001144,2.0,0.75,0.9867549668874173,0.9285714285714286,0.9285714285714286,0.9606360792492179,0.9916579770594369,0.9619047619047618,136,1,1,13,151,14,9.27,0.2846056897291924,0.0009959776834512172,0.9976048799196364,0.10880156692558238
9999,8,E_all_ce_noW,12,0.11533231500015972,2.0,0.75,0.9867549668874173,0.9285714285714286,0.9285714285714286,0.9606360792492179,0.9885297184567258,0.9563492063492063,136,1,1,13,151,14,9.27,0.2900666276206331,2.7641032585386127e-08,0.9999994689084987,0.09524965487035014
9999,8,F_all_ce_W,12,0.12261822199980088,2.0,0.75,0.9801324503311258,0.8666666666666667,0.9285714285714286,0.94278135657446,0.9885297184567258,0.9563492063492063,135,2,1,13,151,14,9.27,0.2922501631554982,1.090989456026185e-07,0.9999997340975225,0.09763205057874251
9999,8,G_all_focal_noW,12,0.09163416599994889,2.0,0.75,0.9801324503311258,0.8666666666666667,0.9285714285714286,0.94278135657446,0.9895724713242962,0.9579831932773109,135,2,1,13,151,14,9.27,0.2847602101127516,0.0020363721302537295,0.996543404247033,0.11392153095787685
9999,8,H_all_focal_W,12,0.09622735100037971,2.0,0.75,0.9801324503311258,0.8666666666666667,0.9285714285714286,0.94278135657446,0.9895724713242962,0.9579831932773109,135,2,1,13,151,14,9.27,0.28722513690791596,0.000838936543510445,0.9971819591670937,0.11256812595730224
9999,8,LEGACY_A,11,0.10235220499998832,2.0,0.75,0.9867549668874173,0.9285714285714286,0.9285714285714286,0.9606360792492179,0.9927007299270073,0.9642857142857142,136,1,1,13,151,14,9.27,0.2883508771300819,2.681212670100196e-08,0.9999997316788649,0.09273177335953167
9999,9,A_raw_ce_noW,11,0.1056769520000671,2.0,0.75,0.9867549668874173,1.0,0.8571428571428571,0.9579152731326644,0.9932221063607924,0.954184704184704,137,0,2,12,151,14,9.27,0.26515694032436266,2.9058546762268944e-08,0.9999995551339463,0.08121672672618156
9999,9,B_raw_ce_W,11,0.12275190699983796,2.0,0.75,0.9801324503311258,0.9230769230769231,0.8571428571428571,0.938989898989899,0.9921793534932221,0.9503968253968254,136,1,2,12,151,14,9.27,0.26965296022140695,1.4124739497450248e-07,0.9999996933291396,0.08351976658372211
9999,9,C_raw_focal_noW,11,0.09697615899995071,2.0,0.75,0.9801324503311258,0.9230769230769231,0.8571428571428571,0.938989898989899,0.9885297184567258,0.928375196232339,136,1,2,12,151,14,9.27,0.2539966927816312,0.0023771964113618116,0.9962630631229905,0.08792913972514085
9999,9,D_raw_focal_W,11,0.09131608500001676,2.0,0.75,0.9801324503311258,0.9230769230769231,0.8571428571428571,0.938989898989899,0.9854014598540146,0.9261690690262117,136,1,2,12,151,14,9.27,0.2639180164657181,0.0019115113200424418,0.9967485139054877,0.09103179982920492
9999,9,E_all_ce_noW,12,0.11393098700000337,2.0,0.75,0.9735099337748344,0.9166666666666666,0.7857142857142857,0.9158305462653289,0.9880083420229406,0.9290816326530611,136,1,3,11,151,14,9.27,0.2655653869861542,2.836032400997099e-08,0.9999995900638401,0.07799987860363897
9999,9,F_all_ce_W,12,0.12494905399989875,2.0,0.75,0.9735099337748344,0.9166666666666666,0.7857142857142857,0.9158305462653289,0.983837330552659,0.9214714714714713,136,1,3,11,151,14,9.27,0.2649184770210479,1.462537319283298e-07,0.9999997211496712,0.0776424537932804
9999,9,G_all_focal_noW,12,0.09278408499994839,2.0,0.75,0.9735099337748344,0.9166666666666666,0.7857142857142857,0.9158305462653289,0.983837330552659,0.9096786546786546,136,1,3,11,151,14,9.27,0.25315185324376854,0.0024193873638246027,0.9967950204951354,0.08360479230031208
9999,9,H_all_focal_W,12,0.09555862300021545,2.0,0.75,0.9735099337748344,0.9166666666666666,0.7857142857142857,0.9158305462653289,0.9671532846715328,0.884046717693334,136,1,3,11,151,14,9.27,0.26004481779903066,0.0014082060397864918,0.9973374243095634,0.08575173669450484
9999,9,LEGACY_A,11,0.11239986000009594,2.0,0.75,0.9801324503311258,0.9230769230769231,0.8571428571428571,0.938989898989899,0.9895724713242962,0.9406084656084654,136,1,2,12,151,14,9.27,0.27012055696569925,2.9661858952396585e-08,0.9999995936129344,0.08371629455534729
9999,10,A_raw_ce_noW,11,0.1287208600001577,2.0,0.75,0.9933774834437086,1.0,0.9285714285714286,0.9796632996632997,0.9989572471324296,0.9910714285714284,137,0,1,13,151,14,9.27,0.27922769497940275,2.742135260014725e-08,0.9999996278442266,0.08713464471688948
9999,10,B_raw_ce_W,11,0.11516827800005558,2.0,0.75,0.9933774834437086,1.0,0.9285714285714286,0.9796632996632997,0.9989572471324296,0.9910714285714284,137,0,1,13,151,14,9.27,0.280858225728664,1.3838988316443547e-07,0.9999997525579988,0.08850448581226504
9999,10,C_raw_focal_noW,11,0.09357346700016933,2.0,0.75,0.9933774834437086,1.0,0.9285714285714286,0.9796632996632997,0.9989572471324296,0.9910714285714284,137,0,1,13,151,14,9.27,0.27362919307358285,0.0014846170254779033,0.9976778695548135,0.09914215669240067
9999,10,D_raw_focal_W,11,0.09217459299998154,2.0,0.75,0.9933774834437086,1.0,0.9285714285714286,0.9796632996632997,0.9989572471324296,0.9910714285714284,137,0,1,13,151,14,9.27,0.2755965176656726,0.0014961484837097759,0.9975678275662055,0.1000188278593936
9999,10,E_all_ce_noW,12,0.11774096099998133,2.0,0.75,0.9933774834437086,1.0,0.9285714285714286,0.9796632996632997,0.9989572471324296,0.9910714285714284,137,0,1,13,151,14,9.27,0.28009776666718544,2.7589567052864575e-08,0.9999996611956632,0.08821296572608818
9999,10,F_all_ce_W,12,0.15096761800032255,2.0,0.75,0.9933774834437086,1.0,0.9285714285714286,0.9796632996632997,0.9989572471324296,0.9910714285714284,137,0,1,13,151,14,9.27,0.28235434962834377,1.4053328277848746e-07,0.9999997490592428,0.09155903819991024
9999,10,G_all_focal_noW,12,0.09852037899963761,2.0,0.75,0.9933774834437086,1.0,0.9285714285714286,0.9796632996632997,0.9989572471324296,0.9910714285714284,137,0,1,13,151,14,9.27,0.2745479386120058,0.0015807564820737936,0.997409421319389,0.10092126540895013
9999,10,H_all_focal_W,12,0.09540827999990142,2.0,0.75,0.9933774834437086,1.0,0.9285714285714286,0.9796632996632997,0.9989572471324296,0.9910714285714284,137,0,1,13,151,14,9.27,0.27624023367173445,0.0011453618481614386,0.9979302277133372,0.10127821786481626
9999,10,LEGACY_A,11,0.13194062299999132,2.0,0.75,0.9933774834437086,1.0,0.9285714285714286,0.9796632996632997,0.9994786235662149,0.995238095238095,137,0,1,13,151,14,9.27,0.2807145690659039,2.6986134152140753e-08,0.9999996860972087,0.088299587568609
9999,11,A_raw_ce_noW,11,0.09802936999994927,2.0,0.75,0.9867549668874173,1.0,0.8461538461538461,0.954736211031175,0.9882943143812709,0.9349352473084724,138,0,2,11,151,13,8.61,0.25987896235008817,3.631216973534149e-08,0.9999996613280692,0.07286589577450832
9999,11,B_raw_ce_W,11,0.10506834699981482,2.0,0.75,0.9867549668874173,1.0,0.8461538461538461,0.954736211031175,0.9855072463768115,0.9220019111323458,138,0,2,11,151,13,8.61,0.2598671673693677,1.2174484832082433e-07,0.9999998379928885,0.07291581678027248
9999,11,C_raw_focal_noW,11,0.09022198100001333,2.0,0.75,0.9867549668874173,1.0,0.8461538461538461,0.954736211031175,0.9816053511705686,0.9125999448580092,138,0,2,11,151,13,8.61,0.25483425037315377,0.00274277647528113,0.9950711863571421,0.08225302106801123
9999,11,D_raw_focal_W,11,0.08807080299993686,2.0,0.75,0.9867549668874173,1.0,0.8461538461538461,0.954736211031175,0.9816053511705686,0.9140271493212667,138,0,2,11,151,13,8.61,0.25638184523015156,0.0016665147856027857,0.9967548414821369,0.08194343317577803
9999,11,E_all_ce_noW,12,0.10889721500006999,2.0,0.75,0.9867549668874173,1.0,0.8461538461538461,0.954736211031175,0.9910813823857303,0.946153846153846,138,0,2,11,151,13,8.61,0.2598663915249045,3.454442608102908e-08,0.9999996357985989,0.0729139650439304
9999,11,F_all_ce_W,12,0.1188413310001124,2.0,0.75,0.9867549668874173,1.0,0.8461538461538461,0.954736211031175,0.987736900780379,0.9293447293447291,138,0,2,11,151,13,8.61,0.25985572059184264,1.474834282328913e-07,0.9999998235729488,0.0729595887209722
9999,11,G_all_focal_noW,12,0.09196703099996739,2.0,0.75,0.9867549668874173,1.0,0.8461538461538461,0.954736211031175,0.9849498327759197,0.9235576923076921,138,0,2,11,151,13,8.61,0.25545476223595737,0.0029369135631113212,0.9948322671130007,0.08516273431240012
9999,11,H_all_focal_W,12,0.11631144100010715,2.0,0.75,0.9867549668874173,1.0,0.8461538461538461,0.954736211031175,0.9782608695652174,0.9096153846153844,138,0,2,11,151,13,8.61,0.25771837840207934,0.0024051355088637746,0.9966077190783151,0.08465443942918026
9999,11,LEGACY_A,11,0.10622894599964638,2.0,0.75,0.9867549668874173,1.0,0.8461538461538461,0.954736211031175,0.9905239687848383,0.9377622377622375,138,0,2,11,151,13,8.61,0.2598795744482225,3.3339755525345e-08,0.9999996645750006,0.07287000998540291
9999,12,A_raw_ce_noW,11,0.11211978200026351,2.0,0.75,0.9867549668874173,0.9285714285714286,0.9285714285714286,0.9606360792492179,0.9906152241918664,0.9598214285714284,136,1,1,13,151,14,9.27,0.2826140621091375,2.7692609079996494e-08,0.9999996153978163,0.09012227720529566
9999,12,B_raw_ce_W,11,0.11640627099995982,2.0,0.75,0.9867549668874173,0.9285714285714286,0.9285714285714286,0.9606360792492179,0.9906152241918664,0.9598214285714284,136,1,1,13,151,14,9.27,0.2836513805426171,1.3779534775692485e-07,0.9999997976152813,0.09129254694595534
9999,12,C_raw_focal_noW,11,0.09144628000012744,2.0,0.75,0.9867549668874173,0.9285714285714286,0.9285714285714286,0.9606360792492179,0.9963503649635036,0.976190476190476,136,1,1,13,151,14,9.27,0.2667383820714536,0.0015285243381178916,0.9968583840164325,0.09726528610413132
9999,12,D_raw_focal_W,11,0.0974137520001932,2.0,0.75,0.9867549668874173,0.9285714285714286,0.9285714285714286,0.9606360792492179,0.9900938477580814,0.9588744588744587,136,1,1,13,151,14,9.27,0.27592746034346094,0.001131869192123733,0.9975553019752341,0.10007506337483404
9999,12,E_all_ce_noW,12,0.11999384900036603,2.0,0.75,0.9801324503311258,0.9230769230769231,0.8571428571428571,0.938989898989899,0.9791449426485923,0.9423373122834038,136,1,2,12,151,14,9.27,0.27680668427022936,2.8836309863103134e-08,0.999999665564946,0.08582001577433238
9999,12,F_all_ce_W,12,0.16481632400018498,2.0,0.75,0.9801324503311258,0.9230769230769231,0.8571428571428571,0.938989898989899,0.9744525547445255,0.9395984200131664,136,1,2,12,151,14,9.27,0.28081288091091766,1.1718065286237637e-07,0.9999998498579498,0.08914296006455576
9999,12,G_all_focal_noW,12,0.1648236910000378,2.0,0.75,0.9867549668874173,0.9285714285714286,0.9285714285714286,0.9606360792492179,0.9827945776850887,0.9452085181898846,136,1,1,13,151,14,9.27,0.26641781649748947,0.001506436632437401,0.9959637009388748,0.09553120684007416
9999,12,H_all_focal_W,12,0.1635614510000778,2.0,0.75,0.9867549668874173,0.9285714285714286,0.9285714285714286,0.9606360792492179,0.9770594369134515,0.9410132474042248,136,1,1,13,151,14,9.27,0.27374310464779616,0.0010073667072078274,0.9973659010917965,0.0969257708170771
9999,12,LEGACY_A,11,0.19481463200008875,2.0,0.75,0.9867549668874173,0.9285714285714286,0.9285714285714286,0.9606360792492179,0.9900938477580814,0.9588744588744587,136,1,1,13,151,14,9.27,0.28623624521865754,2.7989512946517253e-08,0.9999996704120466,0.09161734730805428
9999,13,A_raw_ce_noW,11,0.1797322150000582,2.0,0.75,0.9933774834437086,1.0,0.9285714285714286,0.9796632996632997,0.9989572471324296,0.9910714285714284,137,0,1,13,151,14,9.27,0.280391596496675,2.848708133291896e-08,0.999999541355629,0.08691371486582797
9999,13,B_raw_ce_W,11,0.1961950079999042,2.0,0.75,0.9933774834437086,1.0,0.9285714285714286,0.9796632996632997,0.9984358706986445,0.9873949579831931,137,0,1,13,151,14,9.27,0.2802864242552282,1.36594653322042e-07,0.9999997303083624,0.08718983318571143
9999,13,C_raw_focal_noW,11,0.14484222900000532,2.0,0.75,0.9933774834437086,1.0,0.9285714285714286,0.9796632996632997,0.9984358706986445,0.9873949579831931,137,0,1,13,151,14,9.27,0.27459868414701233,0.00204461095580003,0.9968348387909719,0.09586108924515911
9999,13,D_raw_focal_W,11,0.14517172799969558,2.0,0.75,0.9933774834437086,1.0,0.9285714285714286,0.9796632996632997,0.9989572471324296,0.9910714285714284,137,0,1,13,151,14,9.27,0.2764896027388665,0.0017611810380702868,0.997781823765358,0.09817012887779084
9999,13,E_all_ce_noW,12,0.19772024300027624,2.0,0.75,0.9933774834437086,1.0,0.9285714285714286,0.9796632996632997,0.9984358706986445,0.9873949579831931,137,0,1,13,151,14,9.27,0.280409223248751,3.2004687857558626e-08,0.9999996531736345,0.08641619713695312
9999,13,F_all_ce_W,12,0.22443371200006368,2.0,0.75,0.9933774834437086,1.0,0.9285714285714286,0.9796632996632997,0.9984358706986445,0.9873949579831932,137,0,1,13,151,14,9.27,0.2803744037628426,1.3335695410057745e-07,0.9999997552421329,0.08656535047802036
9999,13,G_all_focal_noW,12,0.15594844700035537,2.0,0.75,0.9933774834437086,1.0,0.9285714285714286,0.9796632996632997,0.9989572471324296,0.9910714285714285,137,0,1,13,151,14,9.27,0.2757810832983401,0.0018981753104351997,0.9968168861843979,0.09676392578690172
9999,13,H_all_focal_W,12,0.1617154259997733,2.0,0.75,0.9933774834437086,1.0,0.9285714285714286,0.9796632996632997,0.9984358706986445,0.9873949579831931,137,0,1,13,151,14,9.27,0.27659849486856336,0.001642170686930695,0.9977921873902758,0.09792864054707462
9999,13,LEGACY_A,11,0.1885154479996345,2.0,0.75,0.9933774834437086,1.0,0.9285714285714286,0.9796632996632997,0.9984358706986445,0.9873949579831931,137,0,1,13,151,14,9.27,0.28056015073635115,2.7454973879173035e-08,0.9999996633038796,0.08767498388444737
9999,14,A_raw_ce_noW,11,0.18760558899975877,2.0,0.75,1.0,1.0,1.0,1.0,1.0,0.9999999999999998,137,0,0,14,151,14,9.27,0.28303512820489446,2.6941182315650475e-08,0.9999994689679728,0.09341518752685639
9999,14,B_raw_ce_W,11,0.205612328999905,2.0,0.75,0.9933774834437086,0.9333333333333333,1.0,0.9809271188581534,1.0,0.9999999999999998,136,1,0,14,151,14,9.27,0.29396876401852934,1.265501254052943e-07,0.999999710348098,0.09957619278603143
9999,14,C_raw_focal_noW,11,0.16091165699981502,2.0,0.75,1.0,1.0,1.0,1.0,1.0,0.9999999999999998,137,0,0,14,151,14,9.27,0.2664546717508114,0.0011166381824530185,0.997784267260259,0.09742548015400762
9999,14,D_raw_focal_W,11,0.15622406800002864,2.0,0.75,0.9933774834437086,0.9333333333333333,1.0,0.9809271188581534,1.0,0.9999999999999998,136,1,0,14,151,14,9.27,0.2747527743532681,0.0010073438040906204,0.9978465482387785,0.1007041481609554
9999,14,E_all_ce_noW,12,0.20410506000007445,2.0,0.75,0.9933774834437086,1.0,0.9285714285714286,0.9796632996632997,0.9994786235662149,0.995238095238095,137,0,1,13,151,14,9.27,0.2716818226492043,2.8063384340602137e-08,0.999999710732759,0.08656359211606626
9999,14,F_all_ce_W,12,0.21425100099986594,2.0,0.75,0.9933774834437086,0.9333333333333333,1.0,0.9809271188581534,0.9989572471324296,0.9901360544217686,136,1,0,14,151,14,9.27,0.28934873841683334,1.451990409526584e-07,0.9999998309880488,0.09588715733539013
9999,14,G_all_focal_noW,12,0.1569207729999107,2.0,0.75,1.0,1.0,1.0,1.0,1.0,0.9999999999999998,137,0,0,14,151,14,9.27,0.26605945580848234,0.001570769204387926,0.9974363220901089,0.0945855359804968
9999,14,H_all_focal_W,12,0.1563089050000599,2.0,0.75,0.9933774834437086,0.9333333333333333,1.0,0.9809271188581534,1.0,0.9999999999999998,136,1,0,14,151,14,9.27,0.27691745913254495,0.00127110418349048,0.9975195587892853,0.10039435917307636
9999,14,LEGACY_A,11,0.20997274000001198,2.0,0.75,0.9933774834437086,0.9333333333333333,1.0,0.9809271188581534,1.0,0.9999999999999998,136,1,0,14,151,14,9.27,0.29626823462535345,2.641189696561666e-08,0.9999996611499933,0.0987407213329157
9999,15,A_raw_ce_noW,11,0.17733395999994173,2.0,0.75,1.0,1.0,1.0,1.0,1.0,0.9999999999999998,137,0,0,14,151,14,9.27,0.2877962892255702,2.9910463276801844e-08,0.9999992101238948,0.09592495545065784
9999,15,B_raw_ce_W,11,0.1869327899999007,2.0,0.75,0.9867549668874173,0.875,1.0,0.9629901960784314,1.0,0.9999999999999998,135,2,0,14,151,14,9.27,0.2981801643649729,1.439525185365224e-07,0.9999996777705961,0.10374040487070303
9999,15,C_raw_focal_noW,11,0.09238512999991144,2.0,0.75,0.9933774834437086,0.9333333333333333,1.0,0.9809271188581534,0.9994786235662149,0.995238095238095,136,1,0,14,151,14,9.27,0.2692214974619618,0.0023901063968610773,0.9964626012904129,0.10766463452386216
9999,15,D_raw_focal_W,11,0.09280041900001379,2.0,0.75,0.9933774834437086,0.9333333333333333,1.0,0.9809271188581534,1.0,0.9999999999999998,136,1,0,14,151,14,9.27,0.2821906915818301,0.0013170408204833592,0.9965437388776601,0.11306754631421737
9999,15,E_all_ce_noW,12,0.11942549900004451,2.0,0.75,1.0,1.0,1.0,1.0,1.0,0.9999999999999998,137,0,0,14,151,14,9.27,0.28525774173560364,2.7744428686497927e-08,0.9999995961731826,0.09455690974492388
9999,15,F_all_ce_W,12,0.13887319699961154,2.0,0.75,0.9933774834437086,0.9333333333333333,1.0,0.9809271188581534,1.0,0.9999999999999998,136,1,0,14,151,14,9.27,0.2940973689400569,1.456840671985577e-07,0.9999997898082356,0.10231405763264555
9999,15,G_all_focal_noW,12,0.09387325900024734,2.0,0.75,0.9933774834437086,0.9333333333333333,1.0,0.9809271188581534,0.9994786235662149,0.995238095238095,136,1,0,14,151,14,9.27,0.2658076253442579,0.001902011938364858,0.9962899895983189,0.1056444666937263
9999,15,H_all_focal_W,12,0.09929254100006801,2.0,0.75,0.9867549668874173,0.875,1.0,0.9629901960784314,1.0,0.9999999999999998,135,2,0,14,151,14,9.27,0.2810928614242951,0.0015773410943319749,0.9968788564134752,0.11250880458770317
9999,15,LEGACY_A,11,0.11507164299973738,2.0,0.75,0.9867549668874173,0.875,1.0,0.9629901960784314,1.0,0.9999999999999998,135,2,0,14,151,14,9.27,0.3013019015551536,2.725991301734662e-08,0.9999994799215419,0.1044732125550694
9999,16,A_raw_ce_noW,11,0.11196596599984332,2.0,0.75,0.9933774834437086,0.9285714285714286,1.0,0.9796632996632997,1.0,0.9999999999999998,137,1,0,13,151,13,8.61,0.289611552749669,2.795942787389006e-08,0.999999606191566,0.09282889939340207
9999,16,B_raw_ce_W,11,0.11370217500007129,2.0,0.75,0.9933774834437086,0.9285714285714286,1.0,0.9796632996632997,1.0,1.0,137,1,0,13,151,13,8.61,0.2896827348603418,1.404633275106765e-07,0.9999997462802266,0.09466995821459914
9999,16,C_raw_focal_noW,11,0.0960386019996804,2.0,0.75,0.9933774834437086,0.9285714285714286,1.0,0.9796632996632997,1.0,1.0,137,1,0,13,151,13,8.61,0.2814811837556445,0.0016252978624768264,0.9960968408938096,0.10670809645639534
9999,16,D_raw_focal_W,11,0.10955764999971507,2.0,0.75,0.9933774834437086,0.9285714285714286,1.0,0.9796632996632997,1.0,1.0,137,1,0,13,151,13,8.61,0.2853264825203711,0.0010603650414864059,0.9971325269936441,0.1064755868856168
9999,16,E_all_ce_noW,12,0.11480792499969539,2.0,0.75,0.9933774834437086,0.9285714285714286,1.0,0.9796632996632997,1.0,1.0,137,1,0,13,151,13,8.61,0.28817213130022007,2.7143751213288638e-08,0.9999995648237696,0.09348157421306673
9999,16,F_all_ce_W,12,0.1281474749998779,2.0,0.75,0.9933774834437086,0.9285714285714286,1.0,0.9796632996632997,1.0,0.9999999999999998,137,1,0,13,151,13,8.61,0.2906864802095673,1.2918614579380188e-07,0.9999998118957972,0.0963281111880511
9999,16,G_all_focal_noW,12,0.10026386299978185,2.0,0.75,0.9933774834437086,0.9285714285714286,1.0,0.9796632996632997,1.0,1.0,137,1,0,13,151,13,8.61,0.27878284974011763,0.0015443508953337881,0.9958379906880289,0.10633846030652896
9999,16,H_all_focal_W,12,0.09709053400001721,2.0,0.75,0.9933774834437086,0.9285714285714286,1.0,0.9796632996632997,1.0,1.0,137,1,0,13,151,13,8.61,0.28429624546454885,0.0011516369748028384,0.9973503886875758,0.10765067525521109
9999,16,LEGACY_A,11,0.11142366000012771,2.0,0.75,0.9933774834437086,0.9285714285714286,1.0,0.9796632996632997,1.0,1.0,137,1,0,13,151,13,8.61,0.2899442146429006,2.747791261587793e-08,0.9999996122626122,0.09430090228380121
9999,17,A_raw_ce_noW,11,0.10644964099992649,2.0,0.75,0.9801324503311258,1.0,0.7857142857142857,0.9345848375451263,0.9942648592283629,0.9625258799171841,137,0,3,11,151,14,9.27,0.26296018608957644,3.5375302375253325e-08,0.9999996157202271,0.07975940094201532
9999,17,B_raw_ce_W,11,0.11070357200014769,2.0,0.75,0.9801324503311258,0.9230769230769231,0.8571428571428571,0.938989898989899,0.9911366006256518,0.9492673992673992,136,1,2,12,151,14,9.27,0.2772281158530153,1.3697896329713008e-07,0.9999998121184037,0.08606943810068568
9999,17,C_raw_focal_noW,11,0.10473784000032538,2.0,0.75,0.9735099337748344,0.8571428571428571,0.8571428571428571,0.9212721584984358,0.9906152241918665,0.9480358721738031,135,2,2,12,151,14,9.27,0.2637287605996229,0.0016295038477986633,0.997350334138415,0.09299354161478161
9999,17,D_raw_focal_W,11,0.09223053400000936,2.0,0.75,0.9801324503311258,0.9230769230769231,0.8571428571428571,0.938989898989899,0.9906152241918665,0.9523809523809523,136,1,2,12,151,14,9.27,0.26517929962889275,0.001416566298534957,0.9977472025531774,0.09362637209353457
9999,17,E_all_ce_noW,12,0.11310324299984131,2.0,0.75,0.9668874172185431,0.8461538461538461,0.7857142857142857,0.8983164983164983,0.9937434827945776,0.9542980828695113,135,2,3,11,151,14,9.27,0.2723210441310133,3.7683274236360986e-08,0.9999997164111141,0.08373204434149822
9999,17,F_all_ce_W,12,0.1269330679997438,2.0,0.75,0.9735099337748344,0.9166666666666666,0.7857142857142857,0.9158305462653289,0.9947862356621481,0.9634294277151418,136,1,3,11,151,14,9.27,0.2708254345256533,1.4169698142472978e-07,0.9999998228847334,0.08464880692374067
9999,17,G_all_focal_noW,12,0.09561591800002134,2.0,0.75,0.9668874172185431,0.8461538461538461,0.7857142857142857,0.8983164983164983,0.9890510948905109,0.9411016019310949,135,2,3,11,151,14,9.27,0.2657429139152057,0.0016999133523155207,0.9969531242332633,0.09315674248426048
9999,17,H_all_focal_W,12,0.0948244149999482,2.0,0.75,0.9735099337748344,0.9166666666666666,0.7857142857142857,0.9158305462653289,0.9916579770594369,0.9473050758765043,136,1,3,11,151,14,9.27,0.26565571699731594,0.001862768222765109,0.9971394596832359,0.09231050260074862
9999,17,LEGACY_A,11,0.11006537500043123,2.0,0.75,0.9867549668874173,1.0,0.8571428571428571,0.9579152731326644,0.9869655891553701,0.9429563492063491,137,0,2,12,151,14,9.27,0.27164462888677915,2.96768439531806e-08,0.9999996889310958,0.08278600001709663
9999,18,A_raw_ce_noW,11,0.12419418099989343,2.0,0.75,0.9801324503311258,0.9230769230769231,0.8571428571428571,0.938989898989899,0.9968717413972888,0.9746031746031745,136,1,2,12,151,14,9.27,0.27707145790180193,2.6949236601628237e-08,0.9999994880932039,0.08499589508055941
9999,18,B_raw_ce_W,11,0.11562991499977215,2.0,0.75,0.9801324503311258,0.9230769230769231,0.8571428571428571,0.938989898989899,0.9973931178310741,0.9790249433106575,136,1,2,12,151,14,9.27,0.27948037555551924,1.3936257234557519e-07,0.999999739567801,0.08604139112245038
9999,18,C_raw_focal_noW,11,0.09417863999988185,2.0,0.75,0.9801324503311258,0.9230769230769231,0.8571428571428571,0.938989898989899,0.9984358706986445,0.9859693877551019,136,1,2,12,151,14,9.27,0.2677303764349817,0.0016525696431680186,0.9957787296081648,0.09323147336366353
9999,18,D_raw_focal_W,11,0.09728193099999771,2.0,0.75,0.9801324503311258,0.9230769230769231,0.8571428571428571,0.938989898989899,0.9979144942648592,0.9822929171668666,136,1,2,12,151,14,9.27,0.2686851200162152,0.0015239316951869944,0.9963733053936974,0.09385193209846705
9999,18,E_all_ce_noW,12,0.12045775099977618,2.0,0.75,0.9867549668874173,1.0,0.8571428571428571,0.9579152731326644,0.9885297184567257,0.9430147058823528,137,0,2,12,151,14,9.27,0.2704221488800227,2.6568169589565938e-08,0.9999994864786504,0.08083744505140583
9999,18,F_all_ce_W,12,0.12908430399966164,2.0,0.75,0.9867549668874173,1.0,0.8571428571428571,0.9579152731326644,0.989051094890511,0.9440227703984818,137,0,2,12,151,14,9.27,0.2714566120286733,1.432481244446571e-07,0.9999996999022268,0.08301544839345787
9999,18,G_all_focal_noW,12,0.0957930659997146,2.0,0.75,0.9867549668874173,1.0,0.8571428571428571,0.9579152731326644,0.9937434827945777,0.9607142857142856,137,0,2,12,151,14,9.27,0.2655280484998382,0.0019524723697555803,0.9948984497278788,0.09207720849130498
9999,18,H_all_focal_W,12,0.09637002799991023,2.0,0.75,0.9801324503311258,0.9230769230769231,0.8571428571428571,0.938989898989899,0.9911366006256517,0.9471916971916969,136,1,2,12,151,14,9.27,0.2719021694291642,0.0010772507674772466,0.9967693610309777,0.0971372350590229
9999,18,LEGACY_A,11,0.1160771179997937,2.0,0.75,0.9801324503311258,0.9230769230769231,0.8571428571428571,0.938989898989899,0.9953076120959333,0.9651785714285713,136,1,2,12,151,14,9.27,0.2784366942302097,2.7251457175931066e-08,0.9999995695138525,0.08562307523894234
9999,19,A_raw_ce_noW,11,0.11630889799971555,2.0,0.75,0.9933774834437086,1.0,0.9285714285714286,0.9796632996632997,1.0,0.9999999999999998,137,0,1,13,151,14,9.27,0.2741312682575829,2.7505766484008747e-08,0.9999987996523507,0.08489728995237712
9999,19,B_raw_ce_W,11,0.12276752199977636,2.0,0.75,0.9933774834437086,1.0,0.9285714285714286,0.9796632996632997,1.0,0.9999999999999998,137,0,1,13,151,14,9.27,0.27910261637761347,1.0180350172705113e-07,0.9999994019043132,0.08821139730616506
9999,19,C_raw_focal_noW,11,0.0942414389996884,2.0,0.75,0.9933774834437086,1.0,0.9285714285714286,0.9796632996632997,1.0,0.9999999999999998,137,0,1,13,151,14,9.27,0.2696110609208123,0.0011871455561399621,0.9955446054332473,0.09572161937859595
9999,19,D_raw_focal_W,11,0.0939339920000748,2.0,0.75,0.9933774834437086,1.0,0.9285714285714286,0.9796632996632997,1.0,0.9999999999999998,137,0,1,13,151,14,9.27,0.27220833494733393,0.0008428453071805715,0.9974361332387623,0.09882955792452468
9999,19,E_all_ce_noW,12,0.12500281500024357,2.0,0.75,0.9933774834437086,1.0,0.9285714285714286,0.9796632996632997,1.0,0.9999999999999998,137,0,1,13,151,14,9.27,0.27518385735964035,2.7464739834079558e-08,0.9999989890233061,0.08462066709111865
9999,19,F_all_ce_W,12,0.1320531729998038,2.0,0.75,0.9933774834437086,1.0,0.9285714285714286,0.9796632996632997,1.0,0.9999999999999998,137,0,1,13,151,14,9.27,0.27812045960286025,1.0869050856678751e-07,0.9999993026606822,0.0869239618453325
9999,19,G_all_focal_noW,12,0.09798878799983868,2.0,0.75,0.9933774834437086,1.0,0.9285714285714286,0.9796632996632997,1.0,0.9999999999999998,137,0,1,13,151,14,9.27,0.26839938763185395,0.0014230309695751225,0.9954972258257562,0.09751699512124361
9999,19,H_all_focal_W,12,0.11554011299995182,2.0,0.75,1.0,1.0,1.0,1.0,1.0,0.9999999999999998,137,0,0,14,151,14,9.27,0.27581355212863035,0.000855579497355531,0.9969937818454672,0.10175446415284599
9999,19,LEGACY_A,11,0.12115019900011248,2.0,0.75,1.0,1.0,1.0,1.0,1.0,0.9999999999999998,137,0,0,14,151,14,9.27,0.283432346971984,2.6098088261754474e-08,0.99999940066419,0.09044232011159672
9999,20,A_raw_ce_noW,11,0.10434485299992957,2.0,0.75,0.9801324503311258,0.9230769230769231,0.8571428571428571,0.938989898989899,0.9906152241918665,0.9513082155939299,136,1,2,12,151,14,9.27,0.27109828859532686,2.754947490723585e-08,0.999999668802732,0.08696290587979655
9999,20,B_raw_ce_W,11,0.11021751799989943,2.0,0.75,0.9801324503311258,0.9230769230769231,0.8571428571428571,0.938989898989899,0.9906152241918665,0.9513082155939299,136,1,2,12,151,14,9.27,0.27967020925154895,1.3171225640561974e-07,0.9999998137262635,0.08845220552602048
9999,20,C_raw_focal_noW,11,0.09087847800037707,2.0,0.75,0.9867549668874173,1.0,0.8571428571428571,0.9579152731326644,0.9890510948905109,0.9571428571428571,137,0,2,12,151,14,9.27,0.24937031590039024,0.002978492785841342,0.9964440572680945,0.08906874139253457
9999,20,D_raw_focal_W,11,0.08964659299999767,2.0,0.75,0.9867549668874173,0.9285714285714286,0.9285714285714286,0.9606360792492179,0.9885297184567258,0.9520408163265306,136,1,1,13,151,14,9.27,0.2660760111782197,0.0022698539246991316,0.9966656641037783,0.09543737628947904
9999,20,E_all_ce_noW,12,0.11457625100001678,2.0,0.75,0.9801324503311258,0.9230769230769231,0.8571428571428571,0.938989898989899,0.9921793534932222,0.9591836734693877,136,1,2,12,151,14,9.27,0.27072588847852475,3.1194000322143506e-08,0.9999995400766125,0.08752675719658651
9999,20,F_all_ce_W,12,0.13227958699962983,2.0,0.75,0.9867549668874173,0.9285714285714286,0.9285714285714286,0.9606360792492179,0.9911366006256518,0.9568027210884353,136,1,1,13,151,14,9.27,0.2853810932009622,1.3964190651908758e-07,0.9999997340136676,0.09412432088778352
9999,20,G_all_focal_noW,12,0.09798404399998617,2.0,0.75,0.9933774834437086,1.0,0.9285714285714286,0.9796632996632997,0.9921793534932222,0.9630541871921181,137,0,1,13,151,14,9.27,0.25852042769147604,0.0026063835665063547,0.9955774802740522,0.09497921903761969
9999,20,H_all_focal_W,12,0.09992091399999481,2.0,0.75,0.9867549668874173,0.9285714285714286,0.9285714285714286,0.9606360792492179,0.9890510948905109,0.9571428571428571,136,1,1,13,151,14,9.27,0.27161580637663035,0.0017677234525301652,0.9968374180301927,0.10123122979945479
9999,20,LEGACY_A,11,0.10591486599969357,2.0,0.75,0.9801324503311258,0.9230769230769231,0.8571428571428571,0.938989898989899,0.9921793534932222,0.9591836734693877,136,1,2,12,151,14,9.27,0.2774188962598136,2.8886454489139912e-08,0.9999997241974622,0.08796873110503367
9999,21,A_raw_ce_noW,11,0.10112550500025463,2.0,0.75,0.9801324503311258,0.9166666666666666,0.8461538461538461,0.9345848375451263,0.9933110367892977,0.9542277677729181,137,1,2,11,151,13,8.61,0.27029027842357345,3.295314556103974e-08,0.9999996583855332,0.07952131817565009
9999,21,B_raw_ce_W,11,0.10870069100019464,2.0,0.75,0.9801324503311258,0.9166666666666666,0.8461538461538461,0.9345848375451263,0.9910813823857302,0.9300749974663016,137,1,2,11,151,13,8.61,0.2703790668001853,1.1559502650811337e-07,0.9999998399797766,0.079753671485818
9999,21,C_raw_focal_noW,11,0.08853625900019324,2.0,0.75,0.9801324503311258,0.9166666666666666,0.8461538461538461,0.9345848375451263,0.9944258639910815,0.9626143087681547,137,1,2,11,151,13,8.61,0.25833337664972367,0.0019307373092138644,0.9947637680130754,0.08709057227846417
9999,21,D_raw_focal_W,11,0.08943138999984512,2.0,0.75,0.9801324503311258,0.9166666666666666,0.8461538461538461,0.9345848375451263,0.9938684503901896,0.9553113553113552,137,1,2,11,151,13,8.61,0.26464301965120474,0.0018900189378211999,0.9951234524334034,0.08922638202091353
9999,21,E_all_ce_noW,12,0.1157337199997528,2.0,0.75,0.9801324503311258,0.9166666666666666,0.8461538461538461,0.9345848375451263,0.9899665551839465,0.9357216857216855,137,1,2,11,151,13,8.61,0.27037569268219336,2.950148642840488e-08,0.9999996722159701,0.07954379334956635
9999,21,F_all_ce_W,12,0.1205885650001619,2.0,0.75,0.9801324503311258,0.9166666666666666,0.8461538461538461,0.9345848375451263,0.9894091415830547,0.9454212454212452,137,1,2,11,151,13,8.61,0.2703368677930684,1.1879799526254105e-07,0.9999998038386987,0.08011457703223812
9999,21,G_all_focal_noW,12,0.09654797399980453,2.0,0.75,0.9801324503311258,0.9166666666666666,0.8461538461538461,0.9345848375451263,0.9933110367892977,0.9588264299802758,137,1,2,11,151,13,8.61,0.26008948174244967,0.0016599861797214298,0.9949698618056058,0.08725921667803316
9999,21,H_all_focal_W,12,0.09312341899976673,2.0,0.75,0.9801324503311258,0.9166666666666666,0.8461538461538461,0.9345848375451263,0.9944258639910813,0.9626143087681547,137,1,2,11,151,13,8.61,0.2645780713236959,0.0010475714022458737,0.995901541303773,0.086907376524559
9999,21,LEGACY_A,11,0.10268257300003825,2.0,0.75,0.9801324503311258,0.9166666666666666,0.8461538461538461,0.9345848375451263,0.9910813823857302,0.9359557109557106,137,1,2,11,151,13,8.61,0.2704106852680956,2.811497458863491e-08,0.9999997178783099,0.0796507285978215
9999,22,A_raw_ce_noW,11,0.10964916099965194,2.0,0.75,0.9867549668874173,1.0,0.8571428571428571,0.9579152731326644,1.0,0.9999999999999998,137,0,2,12,151,14,9.27,0.2699235467280639,2.7445959209128236e-08,0.9999996440506719,0.08131648153027753
9999,22,B_raw_ce_W,11,0.11681163899993408,2.0,0.75,0.9933774834437086,1.0,0.9285714285714286,0.9796632996632997,0.9994786235662149,0.9952380952380951,137,0,1,13,151,14,9.27,0.2729362944221202,1.3024089111974995e-07,0.9999997622099782,0.08569026313065399
9999,22,C_raw_focal_noW,11,0.09413044599978093,2.0,0.75,0.9867549668874173,1.0,0.8571428571428571,0.9579152731326644,1.0,0.9999999999999999,137,0,2,12,151,14,9.27,0.2638933570040399,0.0018187353009663826,0.9969209140745363,0.09373607136625577
9999,22,D_raw_focal_W,11,0.11445295699968483,2.0,0.75,0.9867549668874173,1.0,0.8571428571428571,0.9579152731326644,0.9994786235662149,0.9952380952380951,137,0,2,12,151,14,9.27,0.2678988378980146,0.0008479004969407133,0.9980837652527104,0.09596811121815664
9999,22,E_all_ce_noW,12,0.12501418500005457,2.0,0.75,0.9933774834437086,1.0,0.9285714285714286,0.9796632996632997,1.0,0.9999999999999999,137,0,1,13,151,14,9.27,0.2739313491081111,2.788144616921968e-08,0.999999674299432,0.08425786231069064
9999,22,F_all_ce_W,12,0.12874725099982243,2.0,0.75,0.9933774834437086,1.0,0.9285714285714286,0.9796632996632997,1.0,0.9999999999999999,137,0,1,13,151,14,9.27,0.27521949439792964,1.1123352055123059e-07,0.9999997982066636,0.0867445265541011
9999,22,G_all_focal_noW,12,0.09954124399973807,2.0,0.75,0.9867549668874173,1.0,0.8571428571428571,0.9579152731326644,1.0,0.9999999999999999,137,0,2,12,151,14,9.27,0.2672641651597982,0.0014212516489598113,0.9963998010854636,0.09580657546975606
9999,22,H_all_focal_W,12,0.0965731199999027,2.0,0.75,0.9867549668874173,1.0,0.8571428571428571,0.9579152731326644,1.0,0.9999999999999999,137,0,2,12,151,14,9.27,0.26869647376785644,0.0009992604126539467,0.99786582678771,0.09671117704266759
9999,22,LEGACY_A,11,0.11445174400023461,2.0,0.75,0.9867549668874173,1.0,0.8571428571428571,0.9579152731326644,1.0,0.9999999999999999,137,0,2,12,151,14,9.27,0.27158003951929527,2.7091905749064096e-08,0.9999996844424227,0.08315589670032002
9999,23,A_raw_ce_noW,11,0.10584960400001364,2.0,0.75,0.9933774834437086,1.0,0.9285714285714286,0.9796632996632997,1.0,0.9999999999999998,137,0,1,13,151,14,9.27,0.26653919749954746,2.772335275420597e-08,0.999999356161777,0.0834802184521091
9999,23,B_raw_ce_W,11,0.11811392499976137,2.0,0.75,1.0,1.0,1.0,1.0,1.0,0.9999999999999998,137,0,0,14,151,14,9.27,0.27363725906574354,1.359357336496665e-07,0.9999997450024789,0.08730045753317635
9999,23,C_raw_focal_noW,11,0.1047094680002374,2.0,0.75,0.9867549668874173,1.0,0.8571428571428571,0.9579152731326644,1.0,0.9999999999999998,137,0,2,12,151,14,9.27,0.2530135853907445,0.0012063497759913309,0.996819440995292,0.08705047165881039
9999,23,D_raw_focal_W,11,0.09258793199978754,2.0,0.75,0.9933774834437086,1.0,0.9285714285714286,0.9796632996632997,1.0,0.9999999999999998,137,0,1,13,151,14,9.27,0.2644908276059915,0.0010636324473474136,0.9979942174110588,0.09225555639689344
9999,23,E_all_ce_noW,12,0.2030452599997261,2.0,0.75,0.9933774834437086,1.0,0.9285714285714286,0.9796632996632997,1.0,0.9999999999999998,137,0,1,13,151,14,9.27,0.2717444232768724,2.769699304556711e-08,0.9999997345188171,0.08367046105548709
9999,23,F_all_ce_W,12,0.2080167829999482,2.0,0.75,0.9933774834437086,1.0,0.9285714285714286,0.9796632996632997,0.9989572471324296,0.9910714285714284,137,0,1,13,151,14,9.27,0.27732566703320605,1.3079175548421957e-07,0.9999997663559812,0.08842687881204181
9999,23,G_all_focal_noW,12,0.15425423500028046,2.0,0.75,0.9933774834437086,1.0,0.9285714285714286,0.9796632996632997,0.9989572471324296,0.9910714285714284,137,0,1,13,151,14,9.27,0.26156680768348944,0.0017858401781338093,0.9972795931031605,0.09324198603419603
9999,23,H_all_focal_W,12,0.16659531499999503,2.0,0.75,0.9933774834437086,1.0,0.9285714285714286,0.9796632996632997,0.9989572471324296,0.9910714285714284,137,0,1,13,151,14,9.27,0.2617845480505383,0.001136043582992051,0.9980489044885739,0.0930954097578969
9999,23,LEGACY_A,11,0.18686169199963842,2.0,0.75,0.9933774834437086,1.0,0.9285714285714286,0.9796632996632997,1.0,0.9999999999999998,137,0,1,13,151,14,9.27,0.27834730969459387,2.695394868482816e-08,0.9999995773120377,0.08821448653510555
9999,24,A_raw_ce_noW,11,0.17410918399991715,2.0,0.75,0.9801324503311258,0.9230769230769231,0.8571428571428571,0.938989898989899,0.9916579770594369,0.9522156084656085,136,1,2,12,151,14,9.27,0.2710339446728148,4.066117631265659e-08,0.9999995309904769,0.08280756053003967
9999,24,B_raw_ce_W,11,0.19373297799984357,2.0,0.75,0.9801324503311258,0.9230769230769231,0.8571428571428571,0.938989898989899,0.9895724713242962,0.9398220826792254,136,1,2,12,151,14,9.27,0.27710640778332024,1.4487192000054877e-07,0.9999997949525351,0.08555459775709828
9999,24,C_raw_focal_noW,11,0.15184746500017354,2.0,0.75,0.9801324503311258,0.9230769230769231,0.8571428571428571,0.938989898989899,0.9890510948905109,0.9392857142857141,136,1,2,12,151,14,9.27,0.26321498682289224,0.002656672302801979,0.996682794624455,0.09088379397120515
9999,24,D_raw_focal_W,11,0.16557893900017007,2.0,0.75,0.9867549668874173,1.0,0.8571428571428571,0.9579152731326644,0.9765380604796663,0.910700496414782,137,0,2,12,151,14,9.27,0.26571018720757905,0.0022916626946679563,0.9973298743238621,0.09370847302687096
9999,24,E_all_ce_noW,12,0.19344989399996848,2.0,0.75,0.9801324503311258,0.9230769230769231,0.8571428571428571,0.938989898989899,0.9791449426485923,0.9202428006775831,136,1,2,12,151,14,9.27,0.2745409829967369,3.940139243743226e-08,0.9999996557537619,0.08421401303594542
9999,24,F_all_ce_W,12,0.2108344059997762,2.0,0.75,0.9801324503311258,0.9230769230769231,0.8571428571428571,0.938989898989899,0.9760166840458812,0.9162414965986394,136,1,2,12,151,14,9.27,0.27606575099264846,1.335318382436501e-07,0.9999997665172317,0.08575892592371145
9999,24,G_all_focal_noW,12,0.155946249000408,2.0,0.75,0.9867549668874173,1.0,0.8571428571428571,0.9579152731326644,0.9848800834202295,0.9278185582533407,137,0,2,12,151,14,9.27,0.26088582806242355,0.00306741354847093,0.9961584346933322,0.09068597529282464
9999,24,H_all_focal_W,12,0.15109825099989393,2.0,0.75,0.9801324503311258,0.9230769230769231,0.8571428571428571,0.938989898989899,0.9603753910323254,0.9046922862712334,136,1,2,12,151,14,9.27,0.26507631084895844,0.0025102054044452943,0.9972734235028115,0.0944245537462462
9999,24,LEGACY_A,11,0.19020560600029057,2.0,0.75,0.9867549668874173,1.0,0.8571428571428571,0.9579152731326644,0.9874869655891554,0.9328703703703702,137,0,2,12,151,14,9.27,0.27014294642009457,3.3689438270326415e-08,0.9999996652396156,0.08261822692095606
9999,25,A_raw_ce_noW,11,0.17567086100007145,2.0,0.75,0.9933774834437086,0.9333333333333333,1.0,0.9809271188581534,1.0,0.9999999999999998,136,1,0,14,151,14,9.27,0.29190266199998194,2.7387841892253726e-08,0.9999989992547319,0.09686172363870628
9999,25,B_raw_ce_W,11,0.19178116099965337,2.0,0.75,0.9933774834437086,0.9333333333333333,1.0,0.9809271188581534,1.0,0.9999999999999998,136,1,0,14,151,14,9.27,0.2968562797031588,1.0393248733328213e-07,0.9999994915164331,0.09927205795259275
9999,25,C_raw_focal_noW,11,0.1474621530001059,2.0,0.75,0.9933774834437086,0.9333333333333333,1.0,0.9809271188581534,1.0,0.9999999999999998,136,1,0,14,151,14,9.27,0.2839930698823388,0.0012826779558530192,0.996887343862189,0.10771400238010362
9999,25,D_raw_focal_W,11,0.15525680300015665,2.0,0.75,0.9933774834437086,0.9333333333333333,1.0,0.9809271188581534,1.0,0.9999999999999998,136,1,0,14,151,14,9.27,0.2915127942137804,0.00101108888758261,0.9975596190123505,0.11050903171760143
9999,25,E_all_ce_noW,12,0.20807080200029304,2.0,0.75,0.9933774834437086,0.9333333333333333,1.0,0.9809271188581534,1.0,0.9999999999999998,136,1,0,14,151,14,9.27,0.2903055008768125,2.7039000926356936e-08,0.9999992630978128,0.09590545455100614
9999,25,F_all_ce_W,12,0.22568093199970463,2.0,0.75,0.9933774834437086,0.9333333333333333,1.0,0.9809271188581534,1.0,0.9999999999999998,136,1,0,14,151,14,9.27,0.29076150784691707,1.3106851250571766e-07,0.9999995059476908,0.09695510645352477
9999,25,G_all_focal_noW,12,0.16709501400009685,2.0,0.75,1.0,1.0,1.0,1.0,1.0,0.9999999999999998,137,0,0,14,151,14,9.27,0.2795065979719181,0.001310117146162117,0.996929244523238,0.10328524665933421
9999,25,H_all_focal_W,12,0.17646646399998644,2.0,0.75,0.9933774834437086,0.9333333333333333,1.0,0.9809271188581534,1.0,0.9999999999999998,136,1,0,14,151,14,9.27,0.28655047063980826,0.0008000284911723408,0.9980998909613961,0.10661036530890469
9999,25,LEGACY_A,11,0.1919008110003233,2.0,0.75,0.9933774834437086,0.9333333333333333,1.0,0.9809271188581534,1.0,0.9999999999999998,136,1,0,14,151,14,9.27,0.2980838576299217,2.644877596228113e-08,0.9999994361002313,0.10048073336832455
