seed,fold,arm,n_features,fit_seconds,gamma,alpha,accuracy,precision,recall,macro_f1,auc_roc,auc_pr,tn,fp,fn,tp,n,n_positive,base_rate_pct,pred_std,pred_min,pred_max,pred_mean
42,1,A_raw_ce_noW,14,0.12901919800003725,2.0,0.75,0.9936305732484076,0.9333333333333333,1.0,0.981004234724743,0.9995004995004994,0.9952380952380953,142,1,0,14,157,14,8.92,0.29037216079810635,3.7311343216977756e-08,0.9999991213819425,0.09458611944800212
42,1,B_raw_ce_W,14,0.12438135899998315,2.0,0.75,0.9936305732484076,0.9333333333333333,1.0,0.981004234724743,1.0,1.0,142,1,0,14,157,14,8.92,0.2939729363502569,1.437359321821078e-07,0.9999998227082233,0.09799757718129677
42,1,C_raw_focal_noW,14,0.0965717599999607,2.0,0.75,0.9936305732484076,0.9333333333333333,1.0,0.981004234724743,1.0,1.0,142,1,0,14,157,14,8.92,0.2779629091808515,0.0028862470288310038,0.994434003609857,0.10527261845029502
42,1,D_raw_focal_W,14,0.09500939000002973,2.0,0.75,0.9936305732484076,0.9333333333333333,1.0,0.981004234724743,1.0,1.0,142,1,0,14,157,14,8.92,0.2779629091808515,0.0028862470288310038,0.994434003609857,0.10527261845029502
42,1,E_all_ce_noW,15,0.12210346699998809,2.0,0.75,0.9936305732484076,0.9333333333333333,1.0,0.981004234724743,1.0,0.9999999999999999,142,1,0,14,157,14,8.92,0.2921163412240668,3.64308192719666e-08,0.9999991016958469,0.09501881578760271
42,1,F_all_ce_W,15,0.13465409000002637,2.0,0.75,0.9936305732484076,0.9333333333333333,1.0,0.981004234724743,1.0,1.0,142,1,0,14,157,14,8.92,0.2914785742784445,1.121556562467544e-07,0.9999997614121309,0.09530294402847937
42,1,G_all_focal_noW,15,0.10009938599995394,2.0,0.75,0.9936305732484076,0.9333333333333333,1.0,0.981004234724743,1.0,0.9999999999999999,142,1,0,14,157,14,8.92,0.27813360618777794,0.0023645886614814243,0.9923900539227889,0.10335092103697256
42,1,H_all_focal_W,15,0.10133974800004353,2.0,0.75,0.9936305732484076,0.9333333333333333,1.0,0.981004234724743,1.0,0.9999999999999999,142,1,0,14,157,14,8.92,0.27813360618777794,0.0023645886614814243,0.9923900539227889,0.10335092103697256
42,1,LEGACY_A,14,0.1302387979999935,2.0,0.75,0.9936305732484076,0.9333333333333333,1.0,0.981004234724743,1.0,1.0,142,1,0,14,157,14,8.92,0.291548780482184,2.9078621059456207e-08,0.9999996396757252,0.09491603738341284
42,2,A_raw_ce_noW,14,0.12215845500003297,2.0,0.75,0.9872611464968153,1.0,0.8571428571428571,0.9580662393162394,0.9995004995004996,0.9952380952380953,143,0,2,12,157,14,8.92,0.2655341564766281,5.7609448210373835e-08,0.9999992895591319,0.07646794206782788
42,2,B_raw_ce_W,14,0.11783467399999381,2.0,0.75,0.9872611464968153,1.0,0.8571428571428571,0.9580662393162394,0.999000999000999,0.9910714285714285,143,0,2,12,157,14,8.92,0.2656301097786971,1.475993721036726e-07,0.9999997708311218,0.0766335540455665
42,2,C_raw_focal_noW,14,0.09603341799999043,2.0,0.75,0.9872611464968153,1.0,0.8571428571428571,0.9580662393162394,0.999000999000999,0.9910714285714284,143,0,2,12,157,14,8.92,0.2574426144869171,0.002046236322356503,0.9955035117411546,0.08805223781832776
42,2,D_raw_focal_W,14,0.10206835899998623,2.0,0.75,0.9872611464968153,1.0,0.8571428571428571,0.9580662393162394,0.999000999000999,0.9910714285714284,143,0,2,12,157,14,8.92,0.2574426144869171,0.002046236322356503,0.9955035117411546,0.08805223781832776
42,2,E_all_ce_noW,15,0.13410290699999905,2.0,0.75,0.9872611464968153,1.0,0.8571428571428571,0.9580662393162394,0.9985014985014985,0.9873949579831932,143,0,2,12,157,14,8.92,0.2648561706494068,4.667597617639056e-08,0.9999989876893653,0.07650681234838577
42,2,F_all_ce_W,15,0.14167453800001795,2.0,0.75,0.9872611464968153,1.0,0.8571428571428571,0.9580662393162394,0.9985014985014985,0.9873949579831932,143,0,2,12,157,14,8.92,0.2655338517814783,1.3657464340481416e-07,0.99999954375648,0.07691353281749451
42,2,G_all_focal_noW,15,0.12754470600003742,2.0,0.75,0.9872611464968153,1.0,0.8571428571428571,0.9580662393162394,0.998001998001998,0.981547619047619,143,0,2,12,157,14,8.92,0.2580402682828567,0.0022859504286374763,0.9950474911268251,0.0877733016841128
42,2,H_all_focal_W,15,0.09789922899994963,2.0,0.75,0.9872611464968153,1.0,0.8571428571428571,0.9580662393162394,0.998001998001998,0.981547619047619,143,0,2,12,157,14,8.92,0.2580402682828567,0.0022859504286374763,0.9950474911268251,0.0877733016841128
42,2,LEGACY_A,14,0.10927174900001546,2.0,0.75,0.9872611464968153,1.0,0.8571428571428571,0.9580662393162394,0.9980019980019981,0.9841269841269842,143,0,2,12,157,14,8.92,0.2656027098534093,4.2807908545544526e-08,0.9999996340715123,0.07702097163194706
42,3,A_raw_ce_noW,14,0.11314341100001002,2.0,0.75,0.9808917197452229,0.9230769230769231,0.8571428571428571,0.9392179636082074,0.999000999000999,0.9901360544217686,142,1,2,12,157,14,8.92,0.2756189154934836,3.061846868242986e-08,0.9999992723184862,0.08559561386095502
42,3,B_raw_ce_W,14,0.1232610980000004,2.0,0.75,0.9872611464968153,0.9285714285714286,0.9285714285714286,0.9607892107892109,0.999000999000999,0.9910714285714285,142,1,1,13,157,14,8.92,0.2820073043680139,1.413714591997717e-07,0.9999998101057072,0.09015108806387565
42,3,C_raw_focal_noW,14,0.09549187800001846,2.0,0.75,0.9808917197452229,0.9230769230769231,0.8571428571428571,0.9392179636082074,0.9990009990009989,0.9901360544217686,142,1,2,12,157,14,8.92,0.26516854599198736,0.0031723542959408435,0.9941006581160109,0.09754664303383717
42,3,D_raw_focal_W,14,0.10142995100000007,2.0,0.75,0.9808917197452229,0.9230769230769231,0.8571428571428571,0.9392179636082074,0.9990009990009989,0.9901360544217686,142,1,2,12,157,14,8.92,0.26516854599198736,0.0031723542959408435,0.9941006581160109,0.09754664303383717
42,3,E_all_ce_noW,15,0.14184047300000202,2.0,0.75,0.9872611464968153,0.9285714285714286,0.9285714285714286,0.9607892107892109,0.999000999000999,0.9901360544217687,142,1,1,13,157,14,8.92,0.27644057098856695,2.6871556243365246e-08,0.9999991852333935,0.08941970254589968
42,3,F_all_ce_W,15,0.14202193600004875,2.0,0.75,0.9872611464968153,0.9285714285714286,0.9285714285714286,0.9607892107892109,0.9995004995004994,0.9952380952380953,142,1,1,13,157,14,8.92,0.28522141523489714,1.5105110810843275e-07,0.9999996843286152,0.09370395053685006
42,3,G_all_focal_noW,15,0.09961517699997557,2.0,0.75,0.9745222929936306,0.8571428571428571,0.8571428571428571,0.9215784215784215,0.998001998001998,0.9815476190476189,141,2,2,12,157,14,8.92,0.27052863501160374,0.0016385214930538996,0.9929422859666852,0.0992290549651153
42,3,H_all_focal_W,15,0.09914913500000466,2.0,0.75,0.9745222929936306,0.8571428571428571,0.8571428571428571,0.9215784215784215,0.998001998001998,0.9815476190476189,141,2,2,12,157,14,8.92,0.27052863501160374,0.0016385214930538996,0.9929422859666852,0.0992290549651153
42,3,LEGACY_A,14,0.10954248000001598,2.0,0.75,0.9872611464968153,0.9285714285714286,0.9285714285714286,0.9607892107892109,0.9985014985014985,0.9873949579831932,142,1,1,13,157,14,8.92,0.27806866598396823,4.9155112819485995e-08,0.9999996054876354,0.08915480167097994
42,4,A_raw_ce_noW,14,0.10876904699995293,2.0,0.75,0.9936305732484076,0.9333333333333333,1.0,0.981004234724743,1.0,0.9999999999999999,142,1,0,14,157,14,8.92,0.2936709306329301,4.0523857114669835e-08,0.999999500000814,0.09548543979838241
42,4,B_raw_ce_W,14,0.12093579700001555,2.0,0.75,0.9936305732484076,0.9333333333333333,1.0,0.981004234724743,1.0,1.0,142,1,0,14,157,14,8.92,0.2938219975390294,1.3055773253736864e-07,0.9999998257882549,0.09567102452729824
42,4,C_raw_focal_noW,14,0.10683653600000298,2.0,0.75,0.9936305732484076,0.9333333333333333,1.0,0.981004234724743,1.0,0.9999999999999999,142,1,0,14,157,14,8.92,0.2805941742333531,0.0030366151133536298,0.9938052970013602,0.10170125880160283
42,4,D_raw_focal_W,14,0.115967645000012,2.0,0.75,0.9936305732484076,0.9333333333333333,1.0,0.981004234724743,1.0,0.9999999999999999,142,1,0,14,157,14,8.92,0.2805941742333531,0.0030366151133536298,0.9938052970013602,0.10170125880160283
42,4,E_all_ce_noW,15,0.12281171500001165,2.0,0.75,0.9872611464968153,0.9285714285714286,0.9285714285714286,0.9607892107892109,0.9995004995004995,0.9952380952380953,142,1,1,13,157,14,8.92,0.2842513473731224,3.632947923756612e-08,0.999999237460505,0.09032630105294565
42,4,F_all_ce_W,15,0.14668690499996728,2.0,0.75,0.9872611464968153,0.9285714285714286,0.9285714285714286,0.9607892107892109,0.9995004995004995,0.9952380952380953,142,1,1,13,157,14,8.92,0.2851738896551491,1.4226970788363418e-07,0.999999748530878,0.0913044120749622
42,4,G_all_focal_noW,15,0.0987262909999913,2.0,0.75,0.9872611464968153,0.9285714285714286,0.9285714285714286,0.9607892107892109,0.9995004995004995,0.9952380952380953,142,1,1,13,157,14,8.92,0.2749976371378699,0.00316158838592276,0.992863597459,0.09759002158805537
42,4,H_all_focal_W,15,0.09828966800000671,2.0,0.75,0.9872611464968153,0.9285714285714286,0.9285714285714286,0.9607892107892109,0.9995004995004995,0.9952380952380953,142,1,1,13,157,14,8.92,0.2749976371378699,0.00316158838592276,0.992863597459,0.09759002158805537
42,4,LEGACY_A,14,0.11154711799997585,2.0,0.75,0.9936305732484076,0.9333333333333333,1.0,0.981004234724743,1.0,0.9999999999999999,142,1,0,14,157,14,8.92,0.2881455867159209,3.002898809816661e-08,0.9999996741245464,0.09329143696822785
42,5,A_raw_ce_noW,14,0.10531699099999514,2.0,0.75,0.9871794871794872,1.0,0.8461538461538461,0.9548611111111112,0.9956966110812264,0.9706959706959706,143,0,2,11,156,13,8.33,0.2483664387770393,7.464532948020466e-08,0.999998482239327,0.0710463060648724
42,5,B_raw_ce_W,14,0.14359054600004129,2.0,0.75,0.9935897435897436,1.0,0.9230769230769231,0.9782578397212544,0.9876277568585261,0.950854700854701,143,0,1,12,156,13,8.33,0.2611774602134036,7.689573719317829e-08,0.99999975019529,0.0763839830499153
42,5,C_raw_focal_noW,14,0.09317688900000576,2.0,0.75,0.9871794871794872,1.0,0.8461538461538461,0.9548611111111112,0.9763313609467456,0.9406207827260458,143,0,2,11,156,13,8.33,0.23971445104789357,0.0032386969075745386,0.9948850932393402,0.08252561131146052
42,5,D_raw_focal_W,14,0.09867077899997412,2.0,0.75,0.9871794871794872,1.0,0.8461538461538461,0.9548611111111112,0.9763313609467456,0.9406207827260458,143,0,2,11,156,13,8.33,0.23971445104789357,0.0032386969075745386,0.9948850932393402,0.08252561131146052
42,5,E_all_ce_noW,15,0.10627813000002106,2.0,0.75,0.9935897435897436,1.0,0.9230769230769231,0.9782578397212544,0.9892415277030662,0.9533799533799532,143,0,1,12,156,13,8.33,0.2507990416924627,4.453292088321696e-08,0.9999988544018982,0.07321470042333583
42,5,F_all_ce_W,15,0.13046700199998895,2.0,0.75,0.9871794871794872,1.0,0.8461538461538461,0.9548611111111112,0.9838622915545993,0.9463327370304113,143,0,2,11,156,13,8.33,0.2516437236725149,1.058375322156624e-07,0.9999997691083176,0.0725167824818957
42,5,G_all_focal_noW,15,0.0956311609999716,2.0,0.75,0.9871794871794872,1.0,0.8461538461538461,0.9548611111111112,0.9768692845615923,0.9409340659340657,143,0,2,11,156,13,8.33,0.24033925751563168,0.0032764421596034204,0.9939131495197042,0.08256151183401172
42,5,H_all_focal_W,15,0.10056350700000394,2.0,0.75,0.9871794871794872,1.0,0.8461538461538461,0.9548611111111112,0.9768692845615923,0.9409340659340657,143,0,2,11,156,13,8.33,0.24033925751563168,0.0032764421596034204,0.9939131495197042,0.08256151183401172
42,5,LEGACY_A,14,0.1175609379999969,2.0,0.75,0.9871794871794872,1.0,0.8461538461538461,0.9548611111111112,0.9838622915545993,0.9463327370304113,143,0,2,11,156,13,8.33,0.25013089379631315,4.1179194286110514e-08,0.9999994864116692,0.07190099275581832
42,6,A_raw_ce_noW,14,0.1245021569999949,2.0,0.75,1.0,1.0,1.0,1.0,1.0,0.9999999999999998,143,0,0,14,157,14,8.92,0.2849472197561806,3.857992132576422e-08,0.9999992079390171,0.08931799319685138
42,6,B_raw_ce_W,14,0.11901303899998084,2.0,0.75,1.0,1.0,1.0,1.0,1.0,0.9999999999999999,143,0,0,14,157,14,8.92,0.28657043686867834,1.3980958750297805e-07,0.9999998182578504,0.09232318906556204
42,6,C_raw_focal_noW,14,0.09442704899998944,2.0,0.75,1.0,1.0,1.0,1.0,1.0,0.9999999999999998,143,0,0,14,157,14,8.92,0.2787037025995738,0.0027563281783149272,0.9944804665158427,0.10297012480170982
42,6,D_raw_focal_W,14,0.09429717899996604,2.0,0.75,1.0,1.0,1.0,1.0,1.0,0.9999999999999998,143,0,0,14,157,14,8.92,0.2787037025995738,0.0027563281783149272,0.9944804665158427,0.10297012480170982
42,6,E_all_ce_noW,15,0.1240392130000032,2.0,0.75,1.0,1.0,1.0,1.0,1.0,0.9999999999999998,143,0,0,14,157,14,8.92,0.2849102640205838,3.597148899262374e-08,0.9999991712318542,0.08953076359404372
42,6,F_all_ce_W,15,0.13215481400004592,2.0,0.75,1.0,1.0,1.0,1.0,1.0,0.9999999999999998,143,0,0,14,157,14,8.92,0.2849867998764677,1.4425159908739653e-07,0.9999998069749472,0.09035411705763188
42,6,G_all_focal_noW,15,0.09712502899998299,2.0,0.75,1.0,1.0,1.0,1.0,1.0,0.9999999999999998,143,0,0,14,157,14,8.92,0.27874810742285255,0.003978713723119773,0.9940547221892941,0.10244090305462439
42,6,H_all_focal_W,15,0.10367113500001324,2.0,0.75,1.0,1.0,1.0,1.0,1.0,0.9999999999999998,143,0,0,14,157,14,8.92,0.27874810742285255,0.003978713723119773,0.9940547221892941,0.10244090305462439
42,6,LEGACY_A,14,0.1315371540000001,2.0,0.75,1.0,1.0,1.0,1.0,1.0,0.9999999999999998,143,0,0,14,157,14,8.92,0.2863754418519834,3.5113026652651194e-08,0.9999996515860127,0.09213255086185666
42,7,A_raw_ce_noW,14,0.10669796899998119,2.0,0.75,0.9745222929936306,0.8571428571428571,0.8571428571428571,0.9215784215784215,0.987012987012987,0.9297295841413487,141,2,2,12,157,14,8.92,0.2758819266455399,6.724621514108449e-08,0.9999987550215349,0.08695350914945146
42,7,B_raw_ce_W,14,0.1395752439999569,2.0,0.75,0.9681528662420382,0.8,0.8571428571428571,0.9050211736237144,0.985014985014985,0.9243102993102992,140,3,2,12,157,14,8.92,0.2819573482523089,1.1622659528222701e-07,0.99999974058086,0.09093079262160148
42,7,C_raw_focal_noW,14,0.10092708299998776,2.0,0.75,0.9745222929936306,0.8571428571428571,0.8571428571428571,0.9215784215784215,0.9805194805194806,0.903533966033966,141,2,2,12,157,14,8.92,0.2600422913184023,0.0048411638750974866,0.9933601420656917,0.0943893347552764
42,7,D_raw_focal_W,14,0.09425350399999388,2.0,0.75,0.9745222929936306,0.8571428571428571,0.8571428571428571,0.9215784215784215,0.9805194805194806,0.903533966033966,141,2,2,12,157,14,8.92,0.2600422913184023,0.0048411638750974866,0.9933601420656917,0.0943893347552764
42,7,E_all_ce_noW,15,0.11774325099997895,2.0,0.75,0.9617834394904459,0.75,0.8571428571428571,0.8894366197183099,0.988011988011988,0.9327785966156084,139,4,2,12,157,14,8.92,0.2914451166568937,1.1176699099185173e-07,0.9999987979706519,0.09759817638942136
42,7,F_all_ce_W,15,0.11913127200000417,2.0,0.75,0.9617834394904459,0.75,0.8571428571428571,0.8894366197183099,0.986013986013986,0.9274886877828052,139,4,2,12,157,14,8.92,0.3019954748769501,1.7485730228838486e-07,0.9999997746754296,0.10174421625573325
42,7,G_all_focal_noW,15,0.11439426900000171,2.0,0.75,0.9681528662420382,0.8,0.8571428571428571,0.9050211736237144,0.986013986013986,0.9188692055071364,140,3,2,12,157,14,8.92,0.26764166950958773,0.0043489291393225766,0.9929108241090776,0.09944078624695185
42,7,H_all_focal_W,15,0.09480796700000838,2.0,0.75,0.9681528662420382,0.8,0.8571428571428571,0.9050211736237144,0.986013986013986,0.9188692055071364,140,3,2,12,157,14,8.92,0.26764166950958773,0.0043489291393225766,0.9929108241090776,0.09944078624695185
42,7,LEGACY_A,14,0.10583843400002024,2.0,0.75,0.9745222929936306,0.8571428571428571,0.8571428571428571,0.9215784215784215,0.9815184815184816,0.9231601731601731,141,2,2,12,157,14,8.92,0.2804695757862354,5.437924759156842e-08,0.9999995515646621,0.08922855248578185
42,8,A_raw_ce_noW,14,0.10840732299999445,2.0,0.75,0.9872611464968153,1.0,0.8571428571428571,0.9580662393162394,0.9995004995004995,0.995238095238095,143,0,2,12,157,14,8.92,0.2651581817549868,3.6904539817623157e-08,0.9999988207406723,0.07665331025778774
42,8,B_raw_ce_W,14,0.11613601199996992,2.0,0.75,0.9872611464968153,1.0,0.8571428571428571,0.9580662393162394,0.999000999000999,0.9910714285714284,143,0,2,12,157,14,8.92,0.2654917277008071,1.4149259642119656e-07,0.9999997150186717,0.07716268134470795
42,8,C_raw_focal_noW,14,0.09179816599998958,2.0,0.75,0.9872611464968153,1.0,0.8571428571428571,0.9580662393162394,0.9995004995004995,0.995238095238095,143,0,2,12,157,14,8.92,0.25949366785770056,0.003094935086617282,0.9938695204347563,0.09179459308551591
42,8,D_raw_focal_W,14,0.10907913099998723,2.0,0.75,0.9872611464968153,1.0,0.8571428571428571,0.9580662393162394,0.9995004995004995,0.995238095238095,143,0,2,12,157,14,8.92,0.25949366785770056,0.003094935086617282,0.9938695204347563,0.09179459308551591
42,8,E_all_ce_noW,15,0.12460115999999744,2.0,0.75,0.9872611464968153,1.0,0.8571428571428571,0.9580662393162394,1.0,0.9999999999999998,143,0,2,12,157,14,8.92,0.2656596613483012,3.4423247427174735e-08,0.9999989337478992,0.0776085330437077
42,8,F_all_ce_W,15,0.14956028500000684,2.0,0.75,0.9936305732484076,1.0,0.9285714285714286,0.9797393212027359,0.9995004995004995,0.995238095238095,143,0,1,13,157,14,8.92,0.269140474366571,1.4070476833339401e-07,0.9999997108705904,0.0809202190476704
42,8,G_all_focal_noW,15,0.1739178810000226,2.0,0.75,0.9872611464968153,1.0,0.8571428571428571,0.9580662393162394,1.0,0.9999999999999998,143,0,2,12,157,14,8.92,0.26039632646270766,0.0019004030137784167,0.9940281783804116,0.08794733153640714
42,8,H_all_focal_W,15,0.15439001200002167,2.0,0.75,0.9872611464968153,1.0,0.8571428571428571,0.9580662393162394,1.0,0.9999999999999998,143,0,2,12,157,14,8.92,0.26039632646270766,0.0019004030137784167,0.9940281783804116,0.08794733153640714
42,8,LEGACY_A,14,0.16975518599997486,2.0,0.75,0.9872611464968153,1.0,0.8571428571428571,0.9580662393162394,1.0,0.9999999999999998,143,0,2,12,157,14,8.92,0.2656255357098077,4.1808606348866336e-08,0.999999496641059,0.07749942690111408
42,9,A_raw_ce_noW,14,0.2076159910000115,2.0,0.75,0.9872611464968153,1.0,0.8571428571428571,0.9580662393162394,0.999000999000999,0.9910714285714286,143,0,2,12,157,14,8.92,0.2657761499903487,4.660975147453691e-08,0.9999989031174846,0.07801111829046745
42,9,B_raw_ce_W,14,0.2616900259999966,2.0,0.75,0.9872611464968153,1.0,0.8571428571428571,0.9580662393162394,0.999000999000999,0.9910714285714286,143,0,2,12,157,14,8.92,0.2674394321424492,1.2612806242865205e-07,0.9999996508480147,0.07996891169273647
42,9,C_raw_focal_noW,14,0.2368471139999997,2.0,0.75,0.9936305732484076,1.0,0.9285714285714286,0.9797393212027359,0.9995004995004994,0.9952380952380953,143,0,1,13,157,14,8.92,0.26267011107198124,0.002858434360824383,0.9938223214221141,0.09346456168974072
42,9,D_raw_focal_W,14,0.1358407159999615,2.0,0.75,0.9936305732484076,1.0,0.9285714285714286,0.9797393212027359,0.9995004995004994,0.9952380952380953,143,0,1,13,157,14,8.92,0.26267011107198124,0.002858434360824383,0.9938223214221141,0.09346456168974072
42,9,E_all_ce_noW,15,0.18564487800000506,2.0,0.75,0.9872611464968153,1.0,0.8571428571428571,0.9580662393162394,0.9995004995004996,0.9952380952380951,143,0,2,12,157,14,8.92,0.2655729958208461,3.9827642467926665e-08,0.9999989750615654,0.07689352742378115
42,9,F_all_ce_W,15,0.2261308070000041,2.0,0.75,0.9872611464968153,1.0,0.8571428571428571,0.9580662393162394,0.9995004995004996,0.9952380952380951,143,0,2,12,157,14,8.92,0.2662026137436617,1.1375302792723093e-07,0.9999996620970939,0.07971555724955964
42,9,G_all_focal_noW,15,0.16111623400001918,2.0,0.75,0.9872611464968153,1.0,0.8571428571428571,0.9580662393162394,0.9995004995004995,0.9952380952380953,143,0,2,12,157,14,8.92,0.2600291327241802,0.0028139585439547195,0.9933636726947952,0.09092696538697544
42,9,H_all_focal_W,15,0.1757373759999723,2.0,0.75,0.9872611464968153,1.0,0.8571428571428571,0.9580662393162394,0.9995004995004995,0.9952380952380953,143,0,2,12,157,14,8.92,0.2600291327241802,0.0028139585439547195,0.9933636726947952,0.09092696538697544
42,9,LEGACY_A,14,0.32363616700001785,2.0,0.75,0.9872611464968153,1.0,0.8571428571428571,0.9580662393162394,0.9995004995004994,0.9952380952380953,143,0,2,12,157,14,8.92,0.26616980492073167,2.9742566585839705e-08,0.9999996707375179,0.08035968899753367
42,10,A_raw_ce_noW,14,0.4914249459999951,2.0,0.75,1.0,1.0,1.0,1.0,1.0,1.0,143,0,0,13,156,13,8.33,0.2759671068915301,4.398978077388189e-08,0.9999993489741519,0.08376654079695406
42,10,B_raw_ce_W,14,0.5896200610000051,2.0,0.75,1.0,1.0,1.0,1.0,1.0,1.0,143,0,0,13,156,13,8.33,0.2776418658754401,1.5693092945137843e-07,0.9999998334949383,0.08643897582519455
42,10,C_raw_focal_noW,14,0.3465161890000559,2.0,0.75,1.0,1.0,1.0,1.0,1.0,1.0,143,0,0,13,156,13,8.33,0.25794307996343424,0.003320830712577717,0.9934294270877927,0.09267405503674316
42,10,D_raw_focal_W,14,0.46419375099998206,2.0,0.75,1.0,1.0,1.0,1.0,1.0,1.0,143,0,0,13,156,13,8.33,0.25794307996343424,0.003320830712577717,0.9934294270877927,0.09267405503674316
42,10,E_all_ce_noW,15,0.4635238430000186,2.0,0.75,0.9871794871794872,0.9230769230769231,0.9230769230769231,0.9580419580419581,0.9989241527703067,0.9897435897435898,142,1,1,12,156,13,8.33,0.26890582834374227,4.256473598438973e-08,0.9999990605863617,0.08237049132449194
42,10,F_all_ce_W,15,0.4199044880000429,2.0,0.75,0.9871794871794872,0.9230769230769231,0.9230769230769231,0.9580419580419581,0.9989241527703067,0.9897435897435896,142,1,1,12,156,13,8.33,0.2734380294130446,1.3565730498434202e-07,0.9999997341618739,0.08386836010325334
42,10,G_all_focal_noW,15,0.2939145880000069,2.0,0.75,0.9871794871794872,0.9230769230769231,0.9230769230769231,0.9580419580419581,0.9983862291554599,0.9855769230769229,142,1,1,12,156,13,8.33,0.25702961852363404,0.002638127497140229,0.9941005115806856,0.09076512493181965
42,10,H_all_focal_W,15,0.2227909929999896,2.0,0.75,0.9871794871794872,0.9230769230769231,0.9230769230769231,0.9580419580419581,0.9983862291554599,0.9855769230769229,142,1,1,12,156,13,8.33,0.25702961852363404,0.002638127497140229,0.9941005115806856,0.09076512493181965
42,10,LEGACY_A,14,0.2565832380000188,2.0,0.75,1.0,1.0,1.0,1.0,1.0,0.9999999999999998,143,0,0,13,156,13,8.33,0.27618287998748825,3.313458345584864e-08,0.9999996459294765,0.08387965318727576
42,11,A_raw_ce_noW,14,0.24635696299998244,2.0,0.75,0.9936305732484076,1.0,0.9285714285714286,0.9797393212027359,1.0,0.9999999999999998,143,0,1,13,157,14,8.92,0.27289330086481833,3.273110687731779e-08,0.9999991859969701,0.08218215357307884
42,11,B_raw_ce_W,14,0.23470290699998486,2.0,0.75,0.9936305732484076,1.0,0.9285714285714286,0.9797393212027359,1.0,0.9999999999999998,143,0,1,13,157,14,8.92,0.27479009931384896,1.408778538463106e-07,0.9999997961747384,0.08313252213363076
42,11,C_raw_focal_noW,14,0.20578915800001596,2.0,0.75,0.9936305732484076,1.0,0.9285714285714286,0.9797393212027359,0.9995004995004995,0.995238095238095,143,0,1,13,157,14,8.92,0.2606178983767791,0.0020861982235279093,0.9945334850368888,0.09032188438922455
42,11,D_raw_focal_W,14,0.20859923900002286,2.0,0.75,0.9936305732484076,1.0,0.9285714285714286,0.9797393212027359,0.9995004995004995,0.995238095238095,143,0,1,13,157,14,8.92,0.2606178983767791,0.0020861982235279093,0.9945334850368888,0.09032188438922455
42,11,E_all_ce_noW,15,0.2906347930000379,2.0,0.75,0.9872611464968153,1.0,0.8571428571428571,0.9580662393162394,0.9980019980019981,0.9815476190476189,143,0,2,12,157,14,8.92,0.26560796917804314,2.8661218268371157e-08,0.9999990558016241,0.07768515271567436
42,11,F_all_ce_W,15,0.35318773900002043,2.0,0.75,0.9872611464968153,1.0,0.8571428571428571,0.9580662393162394,0.9980019980019981,0.9815476190476189,143,0,2,12,157,14,8.92,0.2673052478367555,5.4163053922584806e-08,0.9999996226702002,0.07994434952249109
42,11,G_all_focal_noW,15,0.20364549699996815,2.0,0.75,0.9808917197452229,0.9230769230769231,0.8571428571428571,0.9392179636082074,0.9980019980019981,0.9815476190476189,142,1,2,12,157,14,8.92,0.2612746314565786,0.001997364283989674,0.9946233386268913,0.08950984524973565
42,11,H_all_focal_W,15,0.23155389800001558,2.0,0.75,0.9808917197452229,0.9230769230769231,0.8571428571428571,0.9392179636082074,0.9980019980019981,0.9815476190476189,142,1,2,12,157,14,8.92,0.2612746314565786,0.001997364283989674,0.9946233386268913,0.08950984524973565
42,11,LEGACY_A,14,0.21103676900003165,2.0,0.75,0.9936305732484076,1.0,0.9285714285714286,0.9797393212027359,1.0,0.9999999999999998,143,0,1,13,157,14,8.92,0.27537457020119765,3.161288520376159e-08,0.9999996452397,0.08351577250021273
42,12,A_raw_ce_noW,14,0.2405170769999927,2.0,0.75,0.9936305732484076,1.0,0.9285714285714286,0.9797393212027359,0.9885114885114885,0.9555984555984556,143,0,1,13,157,14,8.92,0.2755479002241418,3.4000982570744924e-08,0.9999992435432308,0.08400750436825989
42,12,B_raw_ce_W,14,0.32271169099999497,2.0,0.75,0.9872611464968153,0.9285714285714286,0.9285714285714286,0.9607892107892109,0.9930069930069929,0.9642857142857142,142,1,1,13,157,14,8.92,0.2826225820029016,1.234702209194188e-07,0.9999997551981423,0.09073274974405528
42,12,C_raw_focal_noW,14,0.15609130900003265,2.0,0.75,0.9936305732484076,1.0,0.9285714285714286,0.9797393212027359,0.9905094905094906,0.9588744588744589,143,0,1,13,157,14,8.92,0.26973145399094306,0.0030883308845152746,0.9951065800177484,0.09350537066370236
42,12,D_raw_focal_W,14,0.3839617859999862,2.0,0.75,0.9936305732484076,1.0,0.9285714285714286,0.9797393212027359,0.9905094905094906,0.9588744588744589,143,0,1,13,157,14,8.92,0.26973145399094306,0.0030883308845152746,0.9951065800177484,0.09350537066370236
42,12,E_all_ce_noW,15,0.28263940599998705,2.0,0.75,0.9936305732484076,1.0,0.9285714285714286,0.9797393212027359,0.994005994005994,0.9670329670329672,143,0,1,13,157,14,8.92,0.27544474133684155,2.9185008627397597e-08,0.9999993306402415,0.08406494722860257
42,12,F_all_ce_W,15,0.3056043460000524,2.0,0.75,0.9872611464968153,0.9285714285714286,0.9285714285714286,0.9607892107892109,0.994005994005994,0.9670329670329672,142,1,1,13,157,14,8.92,0.2787572601912136,1.2204236710872924e-07,0.9999997497587705,0.08849855946767539
42,12,G_all_focal_noW,15,0.1713545990000398,2.0,0.75,0.9936305732484076,1.0,0.9285714285714286,0.9797393212027359,0.9920079920079921,0.961904761904762,143,0,1,13,157,14,8.92,0.272286776269689,0.0026501036171510915,0.9957313748471189,0.09460114082622166
42,12,H_all_focal_W,15,0.09754583099999081,2.0,0.75,0.9936305732484076,1.0,0.9285714285714286,0.9797393212027359,0.9920079920079921,0.961904761904762,143,0,1,13,157,14,8.92,0.272286776269689,0.0026501036171510915,0.9957313748471189,0.09460114082622166
42,12,LEGACY_A,14,0.10925276800003303,2.0,0.75,0.9936305732484076,1.0,0.9285714285714286,0.9797393212027359,0.984015984015984,0.9503105590062111,143,0,1,13,157,14,8.92,0.2760384853916619,2.730964878409685e-08,0.9999995797959842,0.08484852024818353
42,13,A_raw_ce_noW,14,0.12002836699997488,2.0,0.75,0.9872611464968153,1.0,0.8571428571428571,0.9580662393162394,0.9995004995004995,0.9952380952380951,143,0,2,12,157,14,8.92,0.26241742937967855,7.567135893147004e-08,0.9999985926096832,0.0774449670642771
42,13,B_raw_ce_W,14,0.13212243200001694,2.0,0.75,0.9872611464968153,1.0,0.8571428571428571,0.9580662393162394,0.999000999000999,0.9901360544217686,143,0,2,12,157,14,8.92,0.2651043537799522,1.4141630812233446e-07,0.9999996817544305,0.07912214780123807
42,13,C_raw_focal_noW,14,0.09262226900000314,2.0,0.75,0.9872611464968153,1.0,0.8571428571428571,0.9580662393162394,1.0,0.9999999999999999,143,0,2,12,157,14,8.92,0.25061914177477757,0.003817363620462931,0.9910966548371795,0.09325452860792074
42,13,D_raw_focal_W,14,0.0940880709999874,2.0,0.75,0.9872611464968153,1.0,0.8571428571428571,0.9580662393162394,1.0,0.9999999999999999,143,0,2,12,157,14,8.92,0.25061914177477757,0.003817363620462931,0.9910966548371795,0.09325452860792074
42,13,E_all_ce_noW,15,0.12223841700000548,2.0,0.75,0.9872611464968153,1.0,0.8571428571428571,0.9580662393162394,0.9980019980019981,0.9822929171668666,143,0,2,12,157,14,8.92,0.2652884976839845,5.457855649865041e-08,0.9999984196595809,0.07987673202927403
42,13,F_all_ce_W,15,0.1332098080000037,2.0,0.75,0.9872611464968153,1.0,0.8571428571428571,0.9580662393162394,0.9985014985014985,0.9873949579831931,143,0,2,12,157,14,8.92,0.26730144622220636,8.922345803837888e-08,0.9999996750947265,0.08437295522740232
42,13,G_all_focal_noW,15,0.09702365500004362,2.0,0.75,0.9872611464968153,1.0,0.8571428571428571,0.9580662393162394,0.9980019980019981,0.9822929171668666,143,0,2,12,157,14,8.92,0.25368954754011835,0.0037705998196789037,0.9922050812847727,0.09728446774462055
42,13,H_all_focal_W,15,0.09674577700002374,2.0,0.75,0.9872611464968153,1.0,0.8571428571428571,0.9580662393162394,0.9980019980019981,0.9822929171668666,143,0,2,12,157,14,8.92,0.25368954754011835,0.0037705998196789037,0.9922050812847727,0.09728446774462055
42,13,LEGACY_A,14,0.12123960000002398,2.0,0.75,0.9872611464968153,1.0,0.8571428571428571,0.9580662393162394,0.999000999000999,0.9901360544217686,143,0,2,12,157,14,8.92,0.26574869592816813,5.371255281665231e-08,0.9999995398211722,0.07918247640485672
42,14,A_raw_ce_noW,14,0.10665928700001359,2.0,0.75,0.9936305732484076,1.0,0.9285714285714286,0.9797393212027359,0.998001998001998,0.984126984126984,143,0,1,13,157,14,8.92,0.27086334018367497,9.679964528926549e-08,0.9999985796575296,0.08391708900118837
42,14,B_raw_ce_W,14,0.11650471199999402,2.0,0.75,0.9936305732484076,1.0,0.9285714285714286,0.9797393212027359,0.998001998001998,0.9841269841269841,143,0,1,13,157,14,8.92,0.27161057050746146,2.1792879417417114e-07,0.9999997293773426,0.08442205108067517
42,14,C_raw_focal_noW,14,0.09487387899997657,2.0,0.75,0.9872611464968153,0.9285714285714286,0.9285714285714286,0.9607892107892109,0.996003996003996,0.9679748822605966,142,1,1,13,157,14,8.92,0.25834671603970294,0.0037564647110406675,0.9921314067826892,0.0943821451183849
42,14,D_raw_focal_W,14,0.09403978500000676,2.0,0.75,0.9872611464968153,0.9285714285714286,0.9285714285714286,0.9607892107892109,0.996003996003996,0.9679748822605966,142,1,1,13,157,14,8.92,0.25834671603970294,0.0037564647110406675,0.9921314067826892,0.0943821451183849
42,14,E_all_ce_noW,15,0.11664653399998315,2.0,0.75,0.9936305732484076,1.0,0.9285714285714286,0.9797393212027359,0.9965034965034965,0.976190476190476,143,0,1,13,157,14,8.92,0.2674517964485408,9.148098064346233e-08,0.9999988302802745,0.08168651127253307
42,14,F_all_ce_W,15,0.12977319500004114,2.0,0.75,0.9872611464968153,0.9285714285714286,0.9285714285714286,0.9607892107892109,0.996003996003996,0.9710884353741496,142,1,1,13,157,14,8.92,0.27636028320484207,2.0456162022162056e-07,0.9999997550480142,0.08884244733415787
42,14,G_all_focal_noW,15,0.1062627900000166,2.0,0.75,0.9808917197452229,0.9230769230769231,0.8571428571428571,0.9392179636082074,0.997002997002997,0.9761009667024705,142,1,2,12,157,14,8.92,0.2528832116633275,0.003879547178767714,0.9927177308137027,0.09346239810891553
42,14,H_all_focal_W,15,0.11534547200000134,2.0,0.75,0.9808917197452229,0.9230769230769231,0.8571428571428571,0.9392179636082074,0.997002997002997,0.9761009667024705,142,1,2,12,157,14,8.92,0.2528832116633275,0.003879547178767714,0.9927177308137027,0.09346239810891553
42,14,LEGACY_A,14,0.10932627100004311,2.0,0.75,0.9936305732484076,1.0,0.9285714285714286,0.9797393212027359,0.996003996003996,0.974025974025974,143,0,1,13,157,14,8.92,0.2676564854658982,5.809389621674139e-08,0.9999995195674917,0.08085736373382489
42,15,A_raw_ce_noW,14,0.15333875799996122,2.0,0.75,1.0,1.0,1.0,1.0,1.0,0.9999999999999998,143,0,0,13,156,13,8.33,0.2749056361467996,3.53670543529865e-08,0.9999990759644201,0.08288336410497951
42,15,B_raw_ce_W,14,0.19320342000003166,2.0,0.75,1.0,1.0,1.0,1.0,1.0,1.0,143,0,0,13,156,13,8.33,0.2744618351371708,1.4785309754720925e-07,0.9999997696466394,0.08275350303613559
42,15,C_raw_focal_noW,14,0.1476426300000071,2.0,0.75,1.0,1.0,1.0,1.0,1.0,0.9999999999999998,143,0,0,13,156,13,8.33,0.26559640429640013,0.002206595606757426,0.9945864731786284,0.09097228658055108
42,15,D_raw_focal_W,14,0.1468384479999827,2.0,0.75,1.0,1.0,1.0,1.0,1.0,0.9999999999999998,143,0,0,13,156,13,8.33,0.26559640429640013,0.002206595606757426,0.9945864731786284,0.09097228658055108
42,15,E_all_ce_noW,15,0.21025518500005091,2.0,0.75,1.0,1.0,1.0,1.0,1.0,0.9999999999999998,143,0,0,13,156,13,8.33,0.27621875387162736,3.36973268867758e-08,0.9999987683529228,0.08329515562752383
42,15,F_all_ce_W,15,0.21110316099998272,2.0,0.75,1.0,1.0,1.0,1.0,1.0,0.9999999999999998,143,0,0,13,156,13,8.33,0.27634772448966527,1.4152974855027843e-07,0.9999995824593673,0.08335683743126594
42,15,G_all_focal_noW,15,0.13726850399996238,2.0,0.75,1.0,1.0,1.0,1.0,1.0,0.9999999999999998,143,0,0,13,156,13,8.33,0.2665938404350237,0.002557571394783099,0.9927887231404449,0.09081882581726229
42,15,H_all_focal_W,15,0.13797253100000262,2.0,0.75,1.0,1.0,1.0,1.0,1.0,0.9999999999999998,143,0,0,13,156,13,8.33,0.2665938404350237,0.002557571394783099,0.9927887231404449,0.09081882581726229
42,15,LEGACY_A,14,0.17923609199999646,2.0,0.75,1.0,1.0,1.0,1.0,1.0,1.0,143,0,0,13,156,13,8.33,0.275216210705697,2.962462980648966e-08,0.9999996210755123,0.08297665327823611
42,16,A_raw_ce_noW,14,0.17675977700002932,2.0,0.75,0.9745222929936306,0.9166666666666666,0.7857142857142857,0.9161324786324787,0.9815184815184815,0.9383830455259028,142,1,3,11,157,14,8.92,0.259910867506447,8.232998666648529e-08,0.9999984663823956,0.07573562470218122
42,16,B_raw_ce_W,14,0.1762520890000019,2.0,0.75,0.9808917197452229,0.9230769230769231,0.8571428571428571,0.9392179636082074,0.9795204795204795,0.9327838827838828,142,1,2,12,157,14,8.92,0.2674122115551367,1.5147619976762785e-07,0.9999997368693534,0.07961317506672867
42,16,C_raw_focal_noW,14,0.13896849499997188,2.0,0.75,0.9872611464968153,1.0,0.8571428571428571,0.9580662393162394,0.9645354645354646,0.9241103848946987,143,0,2,12,157,14,8.92,0.25085340473519585,0.004049779616329136,0.9933903958310687,0.08588876491319768
42,16,D_raw_focal_W,14,0.18468741700002056,2.0,0.75,0.9872611464968153,1.0,0.8571428571428571,0.9580662393162394,0.9645354645354646,0.9241103848946987,143,0,2,12,157,14,8.92,0.25085340473519585,0.004049779616329136,0.9933903958310687,0.08588876491319768
42,16,E_all_ce_noW,15,0.17734624999997095,2.0,0.75,0.9745222929936306,0.9166666666666666,0.7857142857142857,0.9161324786324787,0.9885114885114885,0.9465463108320251,142,1,3,11,157,14,8.92,0.2602082327496685,8.073347656225149e-08,0.9999987272442973,0.07615780539933983
42,16,F_all_ce_W,15,0.19064934900001163,2.0,0.75,0.9745222929936306,0.9166666666666666,0.7857142857142857,0.9161324786324787,0.9905094905094904,0.9402726902726903,142,1,3,11,157,14,8.92,0.2656159640163868,1.5401301319774366e-07,0.9999996037834724,0.0776908585692008
42,16,G_all_focal_noW,15,0.19166343900002403,2.0,0.75,0.9808917197452229,0.9230769230769231,0.8571428571428571,0.9392179636082074,0.95004995004995,0.9179044706567643,142,1,2,12,157,14,8.92,0.25352688057063144,0.005045326577546762,0.9916186843105942,0.08889897334431869
42,16,H_all_focal_W,15,0.1356848810000315,2.0,0.75,0.9808917197452229,0.9230769230769231,0.8571428571428571,0.9392179636082074,0.95004995004995,0.9179044706567643,142,1,2,12,157,14,8.92,0.25352688057063144,0.005045326577546762,0.9916186843105942,0.08889897334431869
42,16,LEGACY_A,14,0.1543233420000547,2.0,0.75,0.9808917197452229,0.9230769230769231,0.8571428571428571,0.9392179636082074,0.9725274725274725,0.9250686813186813,142,1,2,12,157,14,8.92,0.2742904008398773,6.432728433751797e-08,0.999999569494633,0.08241731641533973
42,17,A_raw_ce_noW,14,0.20106605099999797,2.0,0.75,0.9808917197452229,0.9230769230769231,0.8571428571428571,0.9392179636082074,0.9985014985014985,0.9859693877551019,142,1,2,12,157,14,8.92,0.2753599898094204,4.237905742525998e-08,0.9999995236648573,0.0841316184186599
42,17,B_raw_ce_W,14,0.19476987199999485,2.0,0.75,0.9808917197452229,0.9230769230769231,0.8571428571428571,0.9392179636082074,0.9985014985014985,0.9859693877551019,142,1,2,12,157,14,8.92,0.2765523488855281,1.383746904561277e-07,0.9999997742494867,0.08696268088443666
42,17,C_raw_focal_noW,14,0.141609969000001,2.0,0.75,0.9808917197452229,0.9230769230769231,0.8571428571428571,0.9392179636082074,0.998001998001998,0.9804748822605965,142,1,2,12,157,14,8.92,0.2659560836261993,0.002199008215526001,0.9934302969397143,0.0947913091038294
42,17,D_raw_focal_W,14,0.1613612410000087,2.0,0.75,0.9808917197452229,0.9230769230769231,0.8571428571428571,0.9392179636082074,0.998001998001998,0.9804748822605965,142,1,2,12,157,14,8.92,0.2659560836261993,0.002199008215526001,0.9934302969397143,0.0947913091038294
42,17,E_all_ce_noW,15,0.19465469600004326,2.0,0.75,0.9745222929936306,0.9166666666666666,0.7857142857142857,0.9161324786324787,0.9975024975024975,0.9760531135531135,142,1,3,11,157,14,8.92,0.26544548144473623,3.312731822992025e-08,0.9999993388565501,0.07723153577165022
42,17,F_all_ce_W,15,0.19331891199999518,2.0,0.75,0.9745222929936306,0.9166666666666666,0.7857142857142857,0.9161324786324787,0.9975024975024975,0.9767984116723611,142,1,3,11,157,14,8.92,0.2658453406873415,1.2458794227663856e-07,0.9999997311111076,0.07939290800344616
42,17,G_all_focal_noW,15,0.10261992399995279,2.0,0.75,0.9745222929936306,0.9166666666666666,0.7857142857142857,0.9161324786324787,0.998001998001998,0.9804748822605966,142,1,3,11,157,14,8.92,0.25653438989152766,0.0019909613942890097,0.994553776630454,0.08652137996788097
42,17,H_all_focal_W,15,0.12011207199998353,2.0,0.75,0.9745222929936306,0.9166666666666666,0.7857142857142857,0.9161324786324787,0.998001998001998,0.9804748822605966,142,1,3,11,157,14,8.92,0.25653438989152766,0.0019909613942890097,0.994553776630454,0.08652137996788097
42,17,LEGACY_A,14,0.11538702199999307,2.0,0.75,0.9808917197452229,0.9230769230769231,0.8571428571428571,0.9392179636082074,0.998001998001998,0.981547619047619,142,1,2,12,157,14,8.92,0.2749096320065824,2.9176113049651813e-08,0.9999996407207902,0.08360183683724766
42,18,A_raw_ce_noW,14,0.11775372099998549,2.0,0.75,0.9936305732484076,1.0,0.9285714285714286,0.9797393212027359,1.0,0.9999999999999999,143,0,1,13,157,14,8.92,0.2719837872425353,2.8546171258801402e-08,0.9999975355331758,0.08361615380221323
42,18,B_raw_ce_W,14,0.11338826999997309,2.0,0.75,1.0,1.0,1.0,1.0,1.0,0.9999999999999999,143,0,0,14,157,14,8.92,0.27639179406107706,1.3547548283399763e-07,0.9999993040431577,0.08674986391250557
42,18,C_raw_focal_noW,14,0.09766160499998477,2.0,0.75,0.9936305732484076,1.0,0.9285714285714286,0.9797393212027359,1.0,0.9999999999999999,143,0,1,13,157,14,8.92,0.262533594941352,0.002314494127485347,0.9935476928940844,0.09173978513186426
42,18,D_raw_focal_W,14,0.100716306000038,2.0,0.75,0.9936305732484076,1.0,0.9285714285714286,0.9797393212027359,1.0,0.9999999999999999,143,0,1,13,157,14,8.92,0.262533594941352,0.002314494127485347,0.9935476928940844,0.09173978513186426
42,18,E_all_ce_noW,15,0.1259241989999964,2.0,0.75,1.0,1.0,1.0,1.0,1.0,0.9999999999999999,143,0,0,14,157,14,8.92,0.2784617059005676,3.187656893357608e-08,0.9999975189631738,0.08715403161983477
42,18,F_all_ce_W,15,0.15031453900002134,2.0,0.75,1.0,1.0,1.0,1.0,1.0,0.9999999999999999,143,0,0,14,157,14,8.92,0.28161823386260326,1.3303847010400314e-07,0.9999994843360783,0.0883764911276072
42,18,G_all_focal_noW,15,0.10003605100001778,2.0,0.75,1.0,1.0,1.0,1.0,1.0,0.9999999999999999,143,0,0,14,157,14,8.92,0.2665232460016773,0.0030005612853544923,0.9934784904721911,0.09351189472858074
42,18,H_all_focal_W,15,0.09898788999998942,2.0,0.75,1.0,1.0,1.0,1.0,1.0,0.9999999999999999,143,0,0,14,157,14,8.92,0.2665232460016773,0.0030005612853544923,0.9934784904721911,0.09351189472858074
42,18,LEGACY_A,14,0.11821370499995965,2.0,0.75,1.0,1.0,1.0,1.0,1.0,0.9999999999999999,143,0,0,14,157,14,8.92,0.2773286741045824,2.643192156133721e-08,0.9999992994428316,0.0863950732129677
42,19,A_raw_ce_noW,14,0.11095880100003797,2.0,0.75,1.0,1.0,1.0,1.0,1.0,0.9999999999999999,143,0,0,14,157,14,8.92,0.28154338751547275,4.462439891306905e-08,0.9999988166428332,0.08820050451684945
42,19,B_raw_ce_W,14,0.12061333100001548,2.0,0.75,1.0,1.0,1.0,1.0,1.0,1.0,143,0,0,14,157,14,8.92,0.283643566805905,1.623046841992724e-07,0.9999996623569941,0.08980831125484252
42,19,C_raw_focal_noW,14,0.09447256999999354,2.0,0.75,1.0,1.0,1.0,1.0,1.0,0.9999999999999999,143,0,0,14,157,14,8.92,0.2740635189649038,0.0025794092367602377,0.9950468823386569,0.09822432258642871
42,19,D_raw_focal_W,14,0.09504065199996603,2.0,0.75,1.0,1.0,1.0,1.0,1.0,0.9999999999999999,143,0,0,14,157,14,8.92,0.2740635189649038,0.0025794092367602377,0.9950468823386569,0.09822432258642871
42,19,E_all_ce_noW,15,0.14099190899997893,2.0,0.75,1.0,1.0,1.0,1.0,1.0,0.9999999999999999,143,0,0,14,157,14,8.92,0.28080561353666855,3.997108755089408e-08,0.9999988587081885,0.08819153670610734
42,19,F_all_ce_W,15,0.1368256009999982,2.0,0.75,1.0,1.0,1.0,1.0,1.0,0.9999999999999999,143,0,0,14,157,14,8.92,0.2831417132136449,7.840147342600167e-08,0.9999996812813207,0.08938099978801954
42,19,G_all_focal_noW,15,0.10022332400001233,2.0,0.75,1.0,1.0,1.0,1.0,1.0,1.0,143,0,0,14,157,14,8.92,0.27331567879638924,0.0023617982533980916,0.9946820905643928,0.09725430393321197
42,19,H_all_focal_W,15,0.10383208100000729,2.0,0.75,1.0,1.0,1.0,1.0,1.0,1.0,143,0,0,14,157,14,8.92,0.27331567879638924,0.0023617982533980916,0.9946820905643928,0.09725430393321197
42,19,LEGACY_A,14,0.10372851899995794,2.0,0.75,0.9872611464968153,0.9285714285714286,0.9285714285714286,0.9607892107892109,0.999000999000999,0.9910714285714285,142,1,1,13,157,14,8.92,0.2803426181894235,4.9041581054815504e-08,0.9999994850623957,0.09068844681642828
42,20,A_raw_ce_noW,14,0.10696496799999977,2.0,0.75,1.0,1.0,1.0,1.0,1.0,1.0,143,0,0,13,156,13,8.33,0.27639164460644394,4.163013193087625e-08,0.999999365910919,0.08484836539247739
42,20,B_raw_ce_W,14,0.11914580400002706,2.0,0.75,0.9935897435897436,0.9285714285714286,1.0,0.9797270955165691,1.0,1.0,142,1,0,13,156,13,8.33,0.2785484967634695,1.4313941581311033e-07,0.9999998160991331,0.08724178568960138
42,20,C_raw_focal_noW,14,0.1148016320000238,2.0,0.75,1.0,1.0,1.0,1.0,1.0,1.0,143,0,0,13,156,13,8.33,0.26717308618387775,0.00361219441471021,0.9940958443853294,0.09511081671040159
42,20,D_raw_focal_W,14,0.10130142000002706,2.0,0.75,1.0,1.0,1.0,1.0,1.0,1.0,143,0,0,13,156,13,8.33,0.26717308618387775,0.00361219441471021,0.9940958443853294,0.09511081671040159
42,20,E_all_ce_noW,15,0.12337032599998565,2.0,0.75,1.0,1.0,1.0,1.0,1.0,1.0,143,0,0,13,156,13,8.33,0.27705948349514337,3.35161572403432e-08,0.9999994271613257,0.08669065873917947
42,20,F_all_ce_W,15,0.1415901629999894,2.0,0.75,0.9935897435897436,0.9285714285714286,1.0,0.9797270955165691,1.0,1.0,142,1,0,13,156,13,8.33,0.28052349081413763,1.4336334915918804e-07,0.9999997762111142,0.08898536235177065
42,20,G_all_focal_noW,15,0.09817090000001372,2.0,0.75,1.0,1.0,1.0,1.0,1.0,1.0,143,0,0,13,156,13,8.33,0.26914815771560247,0.003469216232113603,0.9943294213389205,0.0966349569557754
42,20,H_all_focal_W,15,0.09679917099998647,2.0,0.75,1.0,1.0,1.0,1.0,1.0,1.0,143,0,0,13,156,13,8.33,0.26914815771560247,0.003469216232113603,0.9943294213389205,0.0966349569557754
42,20,LEGACY_A,14,0.11700111400000424,2.0,0.75,1.0,1.0,1.0,1.0,1.0,1.0,143,0,0,13,156,13,8.33,0.2759743954110391,2.842607633535722e-08,0.9999996761349318,0.08359793285720357
42,21,A_raw_ce_noW,14,0.10473715000000539,2.0,0.75,0.9936305732484076,1.0,0.9285714285714286,0.9797393212027359,1.0,0.9999999999999999,143,0,1,13,157,14,8.92,0.2680178457270944,1.009643430791942e-07,0.999999231983644,0.07987087239344731
42,21,B_raw_ce_W,14,0.12753179700001738,2.0,0.75,0.9936305732484076,1.0,0.9285714285714286,0.9797393212027359,0.999000999000999,0.9910714285714286,143,0,1,13,157,14,8.92,0.2715258932308838,1.7111855526366046e-07,0.9999998340857568,0.08145167104616259
42,21,C_raw_focal_noW,14,0.09365744699999823,2.0,0.75,0.9872611464968153,1.0,0.8571428571428571,0.9580662393162394,1.0,1.0,143,0,2,12,157,14,8.92,0.2575375481903935,0.0036322622818295716,0.9946281452437351,0.08703631019744797
42,21,D_raw_focal_W,14,0.10189193600001545,2.0,0.75,0.9872611464968153,1.0,0.8571428571428571,0.9580662393162394,1.0,1.0,143,0,2,12,157,14,8.92,0.2575375481903935,0.0036322622818295716,0.9946281452437351,0.08703631019744797
42,21,E_all_ce_noW,15,0.11980340499997055,2.0,0.75,0.9936305732484076,1.0,0.9285714285714286,0.9797393212027359,0.9999999999999999,1.0,143,0,1,13,157,14,8.92,0.26926549267334676,9.538954215975306e-08,0.9999990274376256,0.08058774938073487
42,21,F_all_ce_W,15,0.13340914600001952,2.0,0.75,0.9936305732484076,1.0,0.9285714285714286,0.9797393212027359,0.9985014985014985,0.9873949579831932,143,0,1,13,157,14,8.92,0.26995346655699654,1.7198751351310725e-07,0.9999997988982356,0.08079514867197338
42,21,G_all_focal_noW,15,0.09781685699999798,2.0,0.75,0.9872611464968153,1.0,0.8571428571428571,0.9580662393162394,1.0,1.0,143,0,2,12,157,14,8.92,0.25893456571653434,0.0037783878365068983,0.9933756030643228,0.08801329484885252
42,21,H_all_focal_W,15,0.0967189539999822,2.0,0.75,0.9872611464968153,1.0,0.8571428571428571,0.9580662393162394,1.0,1.0,143,0,2,12,157,14,8.92,0.25893456571653434,0.0037783878365068983,0.9933756030643228,0.08801329484885252
42,21,LEGACY_A,14,0.11090992300000835,2.0,0.75,0.9936305732484076,1.0,0.9285714285714286,0.9797393212027359,0.9985014985014984,0.9873949579831932,143,0,1,13,157,14,8.92,0.2735074821606323,5.989894588005234e-08,0.9999996605498189,0.082203201671457
42,22,A_raw_ce_noW,14,0.1195891180000217,2.0,0.75,0.9936305732484076,1.0,0.9285714285714286,0.9797393212027359,0.9935064935064934,0.9656084656084656,143,0,1,13,157,14,8.92,0.27557847678513525,3.587998649650715e-08,0.9999994661334989,0.0828118821603544
42,22,B_raw_ce_W,14,0.12337715000001026,2.0,0.75,0.9936305732484076,1.0,0.9285714285714286,0.9797393212027359,0.9935064935064934,0.9656084656084656,143,0,1,13,157,14,8.92,0.2755728515494918,1.1686643084857888e-07,0.9999997406951966,0.08283426016591783
42,22,C_raw_focal_noW,14,0.09807058600000573,2.0,0.75,0.9936305732484076,1.0,0.9285714285714286,0.9797393212027359,0.9840159840159841,0.9503105590062111,143,0,1,13,157,14,8.92,0.26956065277490526,0.003503113635996065,0.9945971604581406,0.09024911660165993
42,22,D_raw_focal_W,14,0.09362705399996685,2.0,0.75,0.9936305732484076,1.0,0.9285714285714286,0.9797393212027359,0.9840159840159841,0.9503105590062111,143,0,1,13,157,14,8.92,0.26956065277490526,0.003503113635996065,0.9945971604581406,0.09024911660165993
42,22,E_all_ce_noW,15,0.12157348799996726,2.0,0.75,0.9936305732484076,1.0,0.9285714285714286,0.9797393212027359,0.995004995004995,0.9702380952380951,143,0,1,13,157,14,8.92,0.27553706977203557,2.9397231831609155e-08,0.9999991581845321,0.08296701692617707
42,22,F_all_ce_W,15,0.13142898199998854,2.0,0.75,0.9936305732484076,1.0,0.9285714285714286,0.9797393212027359,0.9965034965034965,0.976190476190476,143,0,1,13,157,14,8.92,0.27548773815484756,1.3163830759968e-07,0.9999997151147652,0.08329694606897135
42,22,G_all_focal_noW,15,0.09794551700002785,2.0,0.75,0.9936305732484076,1.0,0.9285714285714286,0.9797393212027359,0.9905094905094906,0.9588744588744588,143,0,1,13,157,14,8.92,0.2714781779684434,0.0023813503236892798,0.9946665360988565,0.0911303300465358
42,22,H_all_focal_W,15,0.12029585400000542,2.0,0.75,0.9936305732484076,1.0,0.9285714285714286,0.9797393212027359,0.9905094905094906,0.9588744588744588,143,0,1,13,157,14,8.92,0.2714781779684434,0.0023813503236892798,0.9946665360988565,0.0911303300465358
42,22,LEGACY_A,14,0.11167547299999114,2.0,0.75,0.9936305732484076,1.0,0.9285714285714286,0.9797393212027359,0.9950049950049951,0.9702380952380951,143,0,1,13,157,14,8.92,0.2755471857951805,2.7899152185529216e-08,0.9999996585245561,0.08293629533675113
42,23,A_raw_ce_noW,14,0.10769156099996735,2.0,0.75,0.9936305732484076,1.0,0.9285714285714286,0.9797393212027359,1.0,0.9999999999999999,143,0,1,13,157,14,8.92,0.2669392798000886,4.7379988423569884e-08,0.9999992706724891,0.08089091031316305
42,23,B_raw_ce_W,14,0.11655254599997988,2.0,0.75,0.9936305732484076,1.0,0.9285714285714286,0.9797393212027359,1.0,0.9999999999999999,143,0,1,13,157,14,8.92,0.2735240353485785,1.545777261352646e-07,0.9999998313541463,0.08556539273258368
42,23,C_raw_focal_noW,14,0.09558598900002835,2.0,0.75,0.9872611464968153,1.0,0.8571428571428571,0.9580662393162394,1.0,0.9999999999999999,143,0,2,12,157,14,8.92,0.25612405118043985,0.0035801198857249635,0.9945030488629455,0.09115103821448887
42,23,D_raw_focal_W,14,0.09493798500000139,2.0,0.75,0.9872611464968153,1.0,0.8571428571428571,0.9580662393162394,1.0,0.9999999999999999,143,0,2,12,157,14,8.92,0.25612405118043985,0.0035801198857249635,0.9945030488629455,0.09115103821448887
42,23,E_all_ce_noW,15,0.12216722599998775,2.0,0.75,0.9936305732484076,1.0,0.9285714285714286,0.9797393212027359,1.0,0.9999999999999999,143,0,1,13,157,14,8.92,0.27279484235549756,3.8511071190482754e-08,0.9999991177780743,0.08229132789364084
42,23,F_all_ce_W,15,0.14513028299995767,2.0,0.75,0.9936305732484076,1.0,0.9285714285714286,0.9797393212027359,1.0,0.9999999999999999,143,0,1,13,157,14,8.92,0.2734914710368996,1.1757483436603199e-07,0.9999997083196734,0.08297458391485121
42,23,G_all_focal_noW,15,0.09836026499999662,2.0,0.75,0.9872611464968153,1.0,0.8571428571428571,0.9580662393162394,1.0,0.9999999999999999,143,0,2,12,157,14,8.92,0.2543242299920867,0.0032725391703232556,0.993324233051912,0.08873549069417604
42,23,H_all_focal_W,15,0.10656766300002118,2.0,0.75,0.9872611464968153,1.0,0.8571428571428571,0.9580662393162394,1.0,0.9999999999999999,143,0,2,12,157,14,8.92,0.2543242299920867,0.0032725391703232556,0.993324233051912,0.08873549069417604
42,23,LEGACY_A,14,0.11907366699995237,2.0,0.75,0.9936305732484076,1.0,0.9285714285714286,0.9797393212027359,1.0,0.9999999999999999,143,0,1,13,157,14,8.92,0.27294912627378765,3.580707584101464e-08,0.9999996281565141,0.08297343783170051
42,24,A_raw_ce_noW,14,0.10828880799999752,2.0,0.75,0.9936305732484076,1.0,0.9285714285714286,0.9797393212027359,0.9995004995004995,0.9952380952380951,143,0,1,13,157,14,8.92,0.27469770273013616,3.699956712188535e-08,0.9999986295310054,0.08320825175945229
42,24,B_raw_ce_W,14,0.12361428100001604,2.0,0.75,0.9936305732484076,1.0,0.9285714285714286,0.9797393212027359,1.0,0.9999999999999999,143,0,1,13,157,14,8.92,0.27570293736619594,1.2698886887412606e-07,0.99999955702145,0.08532244850606517
42,24,C_raw_focal_noW,14,0.11262631900001452,2.0,0.75,0.9936305732484076,1.0,0.9285714285714286,0.9797393212027359,1.0,1.0,143,0,1,13,157,14,8.92,0.26399546267040763,0.0025603808695495406,0.9937949487055558,0.09511128291861444
42,24,D_raw_focal_W,14,0.13362010900004861,2.0,0.75,0.9936305732484076,1.0,0.9285714285714286,0.9797393212027359,1.0,1.0,143,0,1,13,157,14,8.92,0.26399546267040763,0.0025603808695495406,0.9937949487055558,0.09511128291861444
42,24,E_all_ce_noW,15,0.20412097499996662,2.0,0.75,0.9872611464968153,1.0,0.8571428571428571,0.9580662393162394,0.9980019980019981,0.981547619047619,143,0,2,12,157,14,8.92,0.2656303691866583,2.6955932602671735e-08,0.9999992714079001,0.0779220084822041
42,24,F_all_ce_W,15,0.20417140500001096,2.0,0.75,0.9872611464968153,1.0,0.8571428571428571,0.9580662393162394,0.999000999000999,0.9910714285714286,143,0,2,12,157,14,8.92,0.26553078498750965,5.7889250564953383e-08,0.9999997231790185,0.0797386631932202
42,24,G_all_focal_noW,15,0.14292539000001625,2.0,0.75,0.9872611464968153,1.0,0.8571428571428571,0.9580662393162394,0.9980019980019981,0.981547619047619,143,0,2,12,157,14,8.92,0.258900350068739,0.0022148736314585985,0.9940940162503554,0.09014898417183817
42,24,H_all_focal_W,15,0.10332175399997823,2.0,0.75,0.9872611464968153,1.0,0.8571428571428571,0.9580662393162394,0.9980019980019981,0.981547619047619,143,0,2,12,157,14,8.92,0.258900350068739,0.0022148736314585985,0.9940940162503554,0.09014898417183817
42,24,LEGACY_A,14,0.11431962800003248,2.0,0.75,0.9936305732484076,1.0,0.9285714285714286,0.9797393212027359,0.9995004995004995,0.9952380952380953,143,0,1,13,157,14,8.92,0.2753921856096792,2.908875820017742e-08,0.999999603145458,0.08406291600686909
42,25,A_raw_ce_noW,14,0.1063039840000215,2.0,0.75,0.9871794871794872,0.9230769230769231,0.9230769230769231,0.9580419580419581,0.9989241527703067,0.9885883347421809,142,1,1,12,156,13,8.33,0.26919067379112077,5.195214831933875e-08,0.9999989806714925,0.08156729822433102
42,25,B_raw_ce_W,14,0.13475805000001628,2.0,0.75,0.9807692307692307,0.9166666666666666,0.8461538461538461,0.9347735191637631,0.9983862291554599,0.9838264299802761,142,1,2,11,156,13,8.33,0.2680102523557455,1.2025384932822711e-07,0.9999997366319892,0.08345244662728347
42,25,C_raw_focal_noW,14,0.09742189700000381,2.0,0.75,0.9871794871794872,0.9230769230769231,0.9230769230769231,0.9580419580419581,0.9967724583109198,0.9695730363151176,142,1,1,12,156,13,8.33,0.2564436886024879,0.0030613353526336806,0.9937672253604737,0.0990451811682978
42,25,D_raw_focal_W,14,0.09996142099998906,2.0,0.75,0.9871794871794872,0.9230769230769231,0.9230769230769231,0.9580419580419581,0.9967724583109198,0.9695730363151176,142,1,1,12,156,13,8.33,0.2564436886024879,0.0030613353526336806,0.9937672253604737,0.0990451811682978
42,25,E_all_ce_noW,15,0.19991492899998775,2.0,0.75,0.9807692307692307,0.8571428571428571,0.9230769230769231,0.9391812865497076,0.9978483055406132,0.9774161735700196,141,2,1,12,156,13,8.33,0.27357099566097365,5.944638603638793e-08,0.9999987544712142,0.08612082247298115
42,25,F_all_ce_W,15,0.20342240599995876,2.0,0.75,0.9807692307692307,0.8571428571428571,0.9230769230769231,0.9391812865497076,0.9973103819257665,0.9759832927253742,141,2,1,12,156,13,8.33,0.28102203955746213,5.726500337829514e-08,0.9999996440135394,0.09080034627120838
42,25,G_all_focal_noW,15,0.14955413599994927,2.0,0.75,0.9871794871794872,0.9230769230769231,0.9230769230769231,0.9580419580419581,0.9978483055406132,0.9774161735700198,142,1,1,12,156,13,8.33,0.25979156335928416,0.002870027314407698,0.992928706758136,0.10243263354728033
42,25,H_all_focal_W,15,0.16786750699998265,2.0,0.75,0.9871794871794872,0.9230769230769231,0.9230769230769231,0.9580419580419581,0.9978483055406132,0.9774161735700198,142,1,1,12,156,13,8.33,0.25979156335928416,0.002870027314407698,0.992928706758136,0.10243263354728033
42,25,LEGACY_A,14,0.17803113700000495,2.0,0.75,0.9807692307692307,0.9166666666666666,0.8461538461538461,0.9347735191637631,0.9983862291554599,0.9821780783319245,142,1,2,11,156,13,8.33,0.267996920951003,4.514514758045452e-08,0.999999595791675,0.0840029332388895
123,1,A_raw_ce_noW,14,0.15676685599999018,2.0,0.75,0.9936305732484076,1.0,0.9285714285714286,0.9797393212027359,0.9995004995004995,0.9952380952380951,143,0,1,13,157,14,8.92,0.27071009381826466,3.6103795627003666e-08,0.9999993169230782,0.08126940125510342
123,1,B_raw_ce_W,14,0.17036357900002486,2.0,0.75,0.9936305732484076,1.0,0.9285714285714286,0.9797393212027359,1.0,1.0,143,0,1,13,157,14,8.92,0.2746923551671033,1.209836227293652e-07,0.9999997655040004,0.08295165646446916
123,1,C_raw_focal_noW,14,0.1464445459999979,2.0,0.75,0.9936305732484076,1.0,0.9285714285714286,0.9797393212027359,1.0,0.9999999999999999,143,0,1,13,157,14,8.92,0.2613741179181388,0.002729118330969876,0.9936953914661604,0.09159074406943603
123,1,D_raw_focal_W,14,0.1575569519999931,2.0,0.75,0.9936305732484076,1.0,0.9285714285714286,0.9797393212027359,1.0,0.9999999999999999,143,0,1,13,157,14,8.92,0.2613741179181388,0.002729118330969876,0.9936953914661604,0.09159074406943603
123,1,E_all_ce_noW,15,0.1973667740000451,2.0,0.75,0.9936305732484076,1.0,0.9285714285714286,0.9797393212027359,1.0,0.9999999999999999,143,0,1,13,157,14,8.92,0.27155903408903576,3.02364397526212e-08,0.9999986789963582,0.08327658746388943
123,1,F_all_ce_W,15,0.20202544100004616,2.0,0.75,1.0,1.0,1.0,1.0,1.0,1.0,143,0,0,14,157,14,8.92,0.2774632805088295,1.4815136244650302e-07,0.999999749344533,0.08625093611058797
123,1,G_all_focal_noW,15,0.14815832499999715,2.0,0.75,0.9936305732484076,1.0,0.9285714285714286,0.9797393212027359,1.0,0.9999999999999999,143,0,1,13,157,14,8.92,0.2609386759612461,0.0016141434222934827,0.9929518542474733,0.09150799248075717
123,1,H_all_focal_W,15,0.14755445600002304,2.0,0.75,0.9936305732484076,1.0,0.9285714285714286,0.9797393212027359,1.0,0.9999999999999999,143,0,1,13,157,14,8.92,0.2609386759612461,0.0016141434222934827,0.9929518542474733,0.09150799248075717
123,1,LEGACY_A,14,0.17617625400004044,2.0,0.75,0.9936305732484076,1.0,0.9285714285714286,0.9797393212027359,1.0,0.9999999999999999,143,0,1,13,157,14,8.92,0.2737921997244197,5.248825495473859e-08,0.9999995251342372,0.08284934654058906
123,2,A_raw_ce_noW,14,0.15407183000002078,2.0,0.75,0.9808917197452229,0.9230769230769231,0.8571428571428571,0.9392179636082074,0.9805194805194805,0.9375827253978514,142,1,2,12,157,14,8.92,0.27422055265428613,4.923268807189857e-08,0.9999991986197637,0.08384434378012603
123,2,B_raw_ce_W,14,0.17599892799995587,2.0,0.75,0.9808917197452229,0.9230769230769231,0.8571428571428571,0.9392179636082074,0.9855144855144855,0.9472789115646257,142,1,2,12,157,14,8.92,0.2749989160431675,1.3032532107505196e-07,0.999999794250869,0.08377255617966767
123,2,C_raw_focal_noW,14,0.1387352490000353,2.0,0.75,0.9808917197452229,0.9230769230769231,0.8571428571428571,0.9392179636082074,0.9820179820179821,0.9332990970528964,142,1,2,12,157,14,8.92,0.26238281864070256,0.0028061492981432752,0.9953984581678522,0.09195265619403216
123,2,D_raw_focal_W,14,0.13731480699999565,2.0,0.75,0.9808917197452229,0.9230769230769231,0.8571428571428571,0.9392179636082074,0.9820179820179821,0.9332990970528964,142,1,2,12,157,14,8.92,0.26238281864070256,0.0028061492981432752,0.9953984581678522,0.09195265619403216
123,2,E_all_ce_noW,15,0.19771179399998573,2.0,0.75,0.9808917197452229,0.9230769230769231,0.8571428571428571,0.9392179636082074,0.9895104895104895,0.9482779125636267,142,1,2,12,157,14,8.92,0.266875634555846,4.319571260482715e-08,0.9999994200317859,0.08097071450513904
123,2,F_all_ce_W,15,0.22668217399996138,2.0,0.75,0.9808917197452229,0.9230769230769231,0.8571428571428571,0.9392179636082074,0.9895104895104895,0.9482779125636267,142,1,2,12,157,14,8.92,0.27329859553008157,1.3703827238486442e-07,0.9999998000917636,0.08425242949531003
123,2,G_all_focal_noW,15,0.1596270940000295,2.0,0.75,0.9808917197452229,0.9230769230769231,0.8571428571428571,0.9392179636082074,0.985014985014985,0.9417844060701204,142,1,2,12,157,14,8.92,0.2582125875163987,0.003314064406026568,0.9957938040483048,0.09053619364556256
123,2,H_all_focal_W,15,0.1612688619999858,2.0,0.75,0.9808917197452229,0.9230769230769231,0.8571428571428571,0.9392179636082074,0.985014985014985,0.9417844060701204,142,1,2,12,157,14,8.92,0.2582125875163987,0.003314064406026568,0.9957938040483048,0.09053619364556256
123,2,LEGACY_A,14,0.1705334339999922,2.0,0.75,0.9872611464968153,0.9285714285714286,0.9285714285714286,0.9607892107892109,0.9880119880119881,0.9504964147821291,142,1,1,13,157,14,8.92,0.27603411068920597,4.096641972986234e-08,0.9999996587335748,0.08621365407547486
123,3,A_raw_ce_noW,14,0.11212100099999134,2.0,0.75,1.0,1.0,1.0,1.0,1.0,0.9999999999999999,143,0,0,14,157,14,8.92,0.2847811609385401,3.306352460726563e-08,0.9999991227411247,0.08972620565957336
123,3,B_raw_ce_W,14,0.11732013599998936,2.0,0.75,1.0,1.0,1.0,1.0,1.0,1.0,143,0,0,14,157,14,8.92,0.28486430023747816,1.4224318637253962e-07,0.9999997442402196,0.08963416431907051
123,3,C_raw_focal_noW,14,0.09915107399996259,2.0,0.75,1.0,1.0,1.0,1.0,0.9999999999999999,1.0,143,0,0,14,157,14,8.92,0.2773561360617783,0.0030102029327277826,0.9933366551679844,0.09860773819883603
123,3,D_raw_focal_W,14,0.09440932999996221,2.0,0.75,1.0,1.0,1.0,1.0,0.9999999999999999,1.0,143,0,0,14,157,14,8.92,0.2773561360617783,0.0030102029327277826,0.9933366551679844,0.09860773819883603
123,3,E_all_ce_noW,15,0.12363095400002067,2.0,0.75,1.0,1.0,1.0,1.0,1.0,0.9999999999999999,143,0,0,14,157,14,8.92,0.28483727589038654,3.4049481486943234e-08,0.9999986369601486,0.08962243134700376
123,3,F_all_ce_W,15,0.135793217000014,2.0,0.75,1.0,1.0,1.0,1.0,1.0,0.9999999999999999,143,0,0,14,157,14,8.92,0.28631993564904734,1.3504054998294852e-07,0.9999995876916913,0.09228708428944249
123,3,G_all_focal_noW,15,0.1005131629999596,2.0,0.75,1.0,1.0,1.0,1.0,1.0,1.0,143,0,0,14,157,14,8.92,0.27826331124663306,0.002872787303130099,0.9932004852030034,0.0997675274125091
123,3,H_all_focal_W,15,0.1029067169999962,2.0,0.75,1.0,1.0,1.0,1.0,1.0,1.0,143,0,0,14,157,14,8.92,0.27826331124663306,0.002872787303130099,0.9932004852030034,0.0997675274125091
123,3,LEGACY_A,14,0.11890004200000703,2.0,0.75,1.0,1.0,1.0,1.0,1.0,1.0,143,0,0,14,157,14,8.92,0.2849120329801002,2.7252704441789344e-08,0.9999996491614368,0.0893748490583313
123,4,A_raw_ce_noW,14,0.12445278699999562,2.0,0.75,0.9745222929936306,0.8571428571428571,0.8571428571428571,0.9215784215784215,0.9965034965034966,0.9716791979949874,141,2,2,12,157,14,8.92,0.2785195179590971,3.40207592651112e-08,0.9999994895184338,0.08801602887354967
123,4,B_raw_ce_W,14,0.10789051199998312,2.0,0.75,0.9745222929936306,0.8571428571428571,0.8571428571428571,0.9215784215784215,0.9965034965034966,0.9716791979949875,141,2,2,12,157,14,8.92,0.2806473375676403,1.0400804693912792e-07,0.999999769721073,0.09042518153801264
123,4,C_raw_focal_noW,14,0.09491711399999758,2.0,0.75,0.9745222929936306,0.8571428571428571,0.8571428571428571,0.9215784215784215,0.9955044955044955,0.9666666666666666,141,2,2,12,157,14,8.92,0.26853496543625,0.0028036612956403558,0.9947313850022758,0.1012721222011998
123,4,D_raw_focal_W,14,0.09370516299998144,2.0,0.75,0.9745222929936306,0.8571428571428571,0.8571428571428571,0.9215784215784215,0.9955044955044955,0.9666666666666666,141,2,2,12,157,14,8.92,0.26853496543625,0.0028036612956403558,0.9947313850022758,0.1012721222011998
123,4,E_all_ce_noW,15,0.12419702099998631,2.0,0.75,0.9681528662420382,0.8,0.8571428571428571,0.9050211736237144,0.996003996003996,0.9673202614379084,140,3,2,12,157,14,8.92,0.28399228403467724,3.168712363734113e-08,0.9999994408918882,0.09494552371980322
123,4,F_all_ce_W,15,0.14313105799999448,2.0,0.75,0.9681528662420382,0.8,0.8571428571428571,0.9050211736237144,0.9960039960039959,0.9673202614379084,140,3,2,12,157,14,8.92,0.29081711467131666,1.3045035763496129e-07,0.999999807378176,0.09966402219768124
123,4,G_all_focal_noW,15,0.10171643299997868,2.0,0.75,0.9808917197452229,0.8666666666666667,0.9285714285714286,0.9430127041742287,0.9975024975024975,0.9790249433106575,141,2,1,13,157,14,8.92,0.2713054659649163,0.002200375235750337,0.9943290582402851,0.10508892764955112
123,4,H_all_focal_W,15,0.09639966299999969,2.0,0.75,0.9808917197452229,0.8666666666666667,0.9285714285714286,0.9430127041742287,0.9975024975024975,0.9790249433106575,141,2,1,13,157,14,8.92,0.2713054659649163,0.002200375235750337,0.9943290582402851,0.10508892764955112
123,4,LEGACY_A,14,0.12978590599999507,2.0,0.75,0.9745222929936306,0.8571428571428571,0.8571428571428571,0.9215784215784215,0.996003996003996,0.9690476190476189,141,2,2,12,157,14,8.92,0.2780308493591461,2.7271256286003532e-08,0.9999997108529332,0.08962383180374409
123,5,A_raw_ce_noW,14,0.10401272199999312,2.0,0.75,0.9935897435897436,1.0,0.9230769230769231,0.9782578397212544,0.9994620763851533,0.9945054945054943,143,0,1,12,156,13,8.33,0.2577077069409564,6.342567282238728e-08,0.999998990724723,0.0741407261012336
123,5,B_raw_ce_W,14,0.11639861800000517,2.0,0.75,0.9935897435897436,1.0,0.9230769230769231,0.9782578397212544,0.9989241527703067,0.9897435897435898,143,0,1,12,156,13,8.33,0.2628066016587308,1.740919805562152e-07,0.9999996584452654,0.07587860314584535
123,5,C_raw_focal_noW,14,0.09415044000002126,2.0,0.75,0.9871794871794872,1.0,0.8461538461538461,0.9548611111111112,0.9989241527703066,0.9897435897435898,143,0,2,11,156,13,8.33,0.24274981879707488,0.003115794429277628,0.9914496803128064,0.08371300935683082
123,5,D_raw_focal_W,14,0.10267223400001058,2.0,0.75,0.9871794871794872,1.0,0.8461538461538461,0.9548611111111112,0.9989241527703066,0.9897435897435898,143,0,2,11,156,13,8.33,0.24274981879707488,0.003115794429277628,0.9914496803128064,0.08371300935683082
123,5,E_all_ce_noW,15,0.11826705999999376,2.0,0.75,0.9935897435897436,1.0,0.9230769230769231,0.9782578397212544,0.9989241527703066,0.9897435897435896,143,0,1,12,156,13,8.33,0.2575421802872343,6.809690681554866e-08,0.9999984090523646,0.07398022948040271
123,5,F_all_ce_W,15,0.13184367299999167,2.0,0.75,0.9935897435897436,1.0,0.9230769230769231,0.9782578397212544,0.9978483055406133,0.9819004524886876,143,0,1,12,156,13,8.33,0.2636152440336579,1.6929768888752625e-07,0.9999995361331286,0.07614124721491368
123,5,G_all_focal_noW,15,0.09708386199997676,2.0,0.75,0.9871794871794872,1.0,0.8461538461538461,0.9548611111111112,0.9983862291554599,0.9855769230769229,143,0,2,11,156,13,8.33,0.2440199642063935,0.0035847650951941717,0.9910054966157049,0.0841986252052978
123,5,H_all_focal_W,15,0.10701878899999429,2.0,0.75,0.9871794871794872,1.0,0.8461538461538461,0.9548611111111112,0.9983862291554599,0.9855769230769229,143,0,2,11,156,13,8.33,0.2440199642063935,0.0035847650951941717,0.9910054966157049,0.0841986252052978
123,5,LEGACY_A,14,0.10908339099995601,2.0,0.75,0.9935897435897436,1.0,0.9230769230769231,0.9782578397212544,0.9983862291554599,0.9855769230769229,143,0,1,12,156,13,8.33,0.26574557677677735,6.570380497316671e-08,0.9999996272065139,0.07678638602720254
123,6,A_raw_ce_noW,14,0.10810038400001076,2.0,0.75,0.9936305732484076,0.9333333333333333,1.0,0.981004234724743,1.0,1.0,142,1,0,14,157,14,8.92,0.29362857520617947,4.0062081796859944e-08,0.9999995083150315,0.09560481084026322
123,6,B_raw_ce_W,14,0.1282964630000265,2.0,0.75,0.9936305732484076,0.9333333333333333,1.0,0.981004234724743,1.0,1.0,142,1,0,14,157,14,8.92,0.2937678424429152,1.0833821523714895e-07,0.99999984141233,0.0985560707791952
123,6,C_raw_focal_noW,14,0.09631485200003453,2.0,0.75,0.9936305732484076,0.9333333333333333,1.0,0.981004234724743,0.9995004995004995,0.9952380952380954,142,1,0,14,157,14,8.92,0.28498201844816423,0.002872238565207707,0.9954075288583343,0.10713656912514197
123,6,D_raw_focal_W,14,0.09846856299998308,2.0,0.75,0.9936305732484076,0.9333333333333333,1.0,0.981004234724743,0.9995004995004995,0.9952380952380954,142,1,0,14,157,14,8.92,0.28498201844816423,0.002872238565207707,0.9954075288583343,0.10713656912514197
123,6,E_all_ce_noW,15,0.12493809599999395,2.0,0.75,0.9872611464968153,0.9285714285714286,0.9285714285714286,0.9607892107892109,0.9995004995004995,0.9952380952380954,142,1,1,13,157,14,8.92,0.2862156513404755,3.2014461663924114e-08,0.9999994510325534,0.09431667561169674
123,6,F_all_ce_W,15,0.14939166099998147,2.0,0.75,0.9872611464968153,0.875,1.0,0.9631455399061033,0.9995004995004995,0.9952380952380953,141,2,0,14,157,14,8.92,0.29122981580645435,1.4782747417574675e-07,0.9999998187029921,0.09816499758283984
123,6,G_all_focal_noW,15,0.09820953300004476,2.0,0.75,0.9808917197452229,0.8666666666666667,0.9285714285714286,0.9430127041742287,0.9985014985014985,0.9873949579831932,141,2,1,13,157,14,8.92,0.28262305120521086,0.0027588882943326795,0.9950986785381071,0.10625318286803033
123,6,H_all_focal_W,15,0.10311663100003443,2.0,0.75,0.9808917197452229,0.8666666666666667,0.9285714285714286,0.9430127041742287,0.9985014985014985,0.9873949579831932,141,2,1,13,157,14,8.92,0.28262305120521086,0.0027588882943326795,0.9950986785381071,0.10625318286803033
123,6,LEGACY_A,14,0.11350117899996803,2.0,0.75,0.9936305732484076,0.9333333333333333,1.0,0.981004234724743,1.0,0.9999999999999999,142,1,0,14,157,14,8.92,0.29361081258271576,2.7426069728577893e-08,0.9999996919697719,0.09660889827640347
123,7,A_raw_ce_noW,14,0.10730465399996092,2.0,0.75,0.9936305732484076,1.0,0.9285714285714286,0.9797393212027359,1.0,0.9999999999999999,143,0,1,13,157,14,8.92,0.272117685000606,3.646154582493756e-08,0.9999991591043126,0.08172114783257033
123,7,B_raw_ce_W,14,0.12115784200000235,2.0,0.75,0.9936305732484076,1.0,0.9285714285714286,0.9797393212027359,1.0,1.0,143,0,1,13,157,14,8.92,0.27448119696933854,1.348764994464974e-07,0.99999979161633,0.08259887613413631
123,7,C_raw_focal_noW,14,0.0963371089999896,2.0,0.75,0.9936305732484076,1.0,0.9285714285714286,0.9797393212027359,1.0,0.9999999999999999,143,0,1,13,157,14,8.92,0.2632471693142374,0.002500330673215402,0.9945791444289437,0.09136043588248333
123,7,D_raw_focal_W,14,0.09541896899997937,2.0,0.75,0.9936305732484076,1.0,0.9285714285714286,0.9797393212027359,1.0,0.9999999999999999,143,0,1,13,157,14,8.92,0.2632471693142374,0.002500330673215402,0.9945791444289437,0.09136043588248333
123,7,E_all_ce_noW,15,0.13464561600000025,2.0,0.75,0.9936305732484076,1.0,0.9285714285714286,0.9797393212027359,1.0,0.9999999999999999,143,0,1,13,157,14,8.92,0.27041507465469355,3.1674554903541176e-08,0.999998830941444,0.08316612454690749
123,7,F_all_ce_W,15,0.13585326099996564,2.0,0.75,0.9936305732484076,1.0,0.9285714285714286,0.9797393212027359,1.0,0.9999999999999999,143,0,1,13,157,14,8.92,0.2755815917146385,1.2095663247774633e-07,0.9999997221834115,0.08530627838339071
123,7,G_all_focal_noW,15,0.10112356500002306,2.0,0.75,0.9936305732484076,1.0,0.9285714285714286,0.9797393212027359,0.999000999000999,0.9910714285714285,143,0,1,13,157,14,8.92,0.2626953805573371,0.0014160592900502008,0.9943641153313545,0.09076441450175697
123,7,H_all_focal_W,15,0.10400404199998547,2.0,0.75,0.9936305732484076,1.0,0.9285714285714286,0.9797393212027359,0.999000999000999,0.9910714285714285,143,0,1,13,157,14,8.92,0.2626953805573371,0.0014160592900502008,0.9943641153313545,0.09076441450175697
123,7,LEGACY_A,14,0.11071950299998434,2.0,0.75,0.9936305732484076,1.0,0.9285714285714286,0.9797393212027359,1.0,0.9999999999999999,143,0,1,13,157,14,8.92,0.27544066829661884,3.230804490468705e-08,0.9999996193282085,0.08278999467487799
123,8,A_raw_ce_noW,14,0.1055746069999941,2.0,0.75,0.9808917197452229,1.0,0.7857142857142857,0.9348096885813149,0.9880119880119881,0.9548872180451127,143,0,3,11,157,14,8.92,0.25633044050211645,3.305200096295879e-08,0.9999988519254877,0.07273973907606177
123,8,B_raw_ce_W,14,0.11459001800000124,2.0,0.75,0.9872611464968153,1.0,0.8571428571428571,0.9580662393162394,0.9835164835164835,0.9498480243161094,143,0,2,12,157,14,8.92,0.2641437685452455,1.3907935376373812e-07,0.9999997673997473,0.07643825307610778
123,8,C_raw_focal_noW,14,0.10794976299996506,2.0,0.75,0.9808917197452229,1.0,0.7857142857142857,0.9348096885813149,0.9875124875124874,0.9429563492063491,143,0,3,11,157,14,8.92,0.24255518743450347,0.0023470350863085783,0.9903167056086498,0.0808740149639619
123,8,D_raw_focal_W,14,0.09296492999999373,2.0,0.75,0.9808917197452229,1.0,0.7857142857142857,0.9348096885813149,0.9875124875124874,0.9429563492063491,143,0,3,11,157,14,8.92,0.24255518743450347,0.0023470350863085783,0.9903167056086498,0.0808740149639619
123,8,E_all_ce_noW,15,0.12191775699994878,2.0,0.75,0.9808917197452229,1.0,0.7857142857142857,0.9348096885813149,0.9945054945054945,0.9625258799171841,143,0,3,11,157,14,8.92,0.25378563200033954,2.8977779818709908e-08,0.9999989245896549,0.07008866735274327
123,8,F_all_ce_W,15,0.1286635630000319,2.0,0.75,0.9872611464968153,1.0,0.8571428571428571,0.9580662393162394,0.9950049950049951,0.9669476486246671,143,0,2,12,157,14,8.92,0.2624741198238571,5.204929015496212e-08,0.9999996794393196,0.0755886381317209
123,8,G_all_focal_noW,15,0.09904636499999242,2.0,0.75,0.9808917197452229,1.0,0.7857142857142857,0.9348096885813149,0.9925074925074925,0.952014652014652,143,0,3,11,157,14,8.92,0.2396406807431705,0.001335983304022026,0.9941606667081252,0.07674868839539503
123,8,H_all_focal_W,15,0.10064843099996779,2.0,0.75,0.9808917197452229,1.0,0.7857142857142857,0.9348096885813149,0.9925074925074925,0.952014652014652,143,0,3,11,157,14,8.92,0.2396406807431705,0.001335983304022026,0.9941606667081252,0.07674868839539503
123,8,LEGACY_A,14,0.1110964240000385,2.0,0.75,0.9872611464968153,1.0,0.8571428571428571,0.9580662393162394,0.981018981018981,0.9355867346938774,143,0,2,12,157,14,8.92,0.25799791180301285,2.6578376549661377e-08,0.9999995586663344,0.07360205739791666
123,9,A_raw_ce_noW,14,0.1206057189999683,2.0,0.75,1.0,1.0,1.0,1.0,1.0,1.0,143,0,0,14,157,14,8.92,0.2831556688305329,3.8454971795297727e-08,0.999999206195713,0.08910470002221052
123,9,B_raw_ce_W,14,0.12222837900003469,2.0,0.75,1.0,1.0,1.0,1.0,1.0,1.0,143,0,0,14,157,14,8.92,0.2844684688682325,1.540344484258239e-07,0.9999997525774319,0.08986364893113513
123,9,C_raw_focal_noW,14,0.09672012699996912,2.0,0.75,1.0,1.0,1.0,1.0,1.0,0.9999999999999999,143,0,0,14,157,14,8.92,0.27140010549656446,0.0025397281335205104,0.9948905820602818,0.09761547069665549
123,9,D_raw_focal_W,14,0.10630446400000437,2.0,0.75,1.0,1.0,1.0,1.0,1.0,0.9999999999999999,143,0,0,14,157,14,8.92,0.27140010549656446,0.0025397281335205104,0.9948905820602818,0.09761547069665549
123,9,E_all_ce_noW,15,0.12510204799997382,2.0,0.75,0.9936305732484076,1.0,0.9285714285714286,0.9797393212027359,1.0,0.9999999999999999,143,0,1,13,157,14,8.92,0.27649438186166747,4.311340541966202e-08,0.9999987117440632,0.08547438016828583
123,9,F_all_ce_W,15,0.14034413000001678,2.0,0.75,1.0,1.0,1.0,1.0,1.0,0.9999999999999999,143,0,0,14,157,14,8.92,0.2816129777098206,1.4926312144539594e-07,0.9999995965733186,0.0892221824395934
123,9,G_all_focal_noW,15,0.10199199999999564,2.0,0.75,1.0,1.0,1.0,1.0,1.0,0.9999999999999999,143,0,0,14,157,14,8.92,0.26912062259283914,0.003189523828063064,0.9933119756260633,0.0968301109557675
123,9,H_all_focal_W,15,0.09969741300000123,2.0,0.75,1.0,1.0,1.0,1.0,1.0,0.9999999999999999,143,0,0,14,157,14,8.92,0.26912062259283914,0.003189523828063064,0.9933119756260633,0.0968301109557675
123,9,LEGACY_A,14,0.12890115699997295,2.0,0.75,1.0,1.0,1.0,1.0,1.0,1.0,143,0,0,14,157,14,8.92,0.2813610578929673,2.982715203169826e-08,0.9999996504739097,0.08854880343401213
123,10,A_raw_ce_noW,14,0.10539277700002003,2.0,0.75,0.9935897435897436,1.0,0.9230769230769231,0.9782578397212544,0.9989241527703067,0.9897435897435898,143,0,1,12,156,13,8.33,0.26073660593077386,7.212198344398283e-08,0.999999031202554,0.07549283313801827
123,10,B_raw_ce_W,14,0.12261428099998284,2.0,0.75,0.9935897435897436,1.0,0.9230769230769231,0.9782578397212544,0.9989241527703066,0.9897435897435898,143,0,1,12,156,13,8.33,0.264520668795589,1.6657089897770953e-07,0.9999997765285382,0.07773202480665921
123,10,C_raw_focal_noW,14,0.09546104099996455,2.0,0.75,0.9935897435897436,1.0,0.9230769230769231,0.9782578397212544,0.9989241527703067,0.9897435897435896,143,0,1,12,156,13,8.33,0.2503988483238313,0.004615473265529406,0.9911614326577998,0.08573201134294298
123,10,D_raw_focal_W,14,0.09589572099997667,2.0,0.75,0.9935897435897436,1.0,0.9230769230769231,0.9782578397212544,0.9989241527703067,0.9897435897435896,143,0,1,12,156,13,8.33,0.2503988483238313,0.004615473265529406,0.9911614326577998,0.08573201134294298
123,10,E_all_ce_noW,15,0.1152501569999913,2.0,0.75,0.9935897435897436,1.0,0.9230769230769231,0.9782578397212544,0.9994620763851533,0.9945054945054945,143,0,1,12,156,13,8.33,0.2615776498156441,6.871264218882053e-08,0.9999977737410279,0.07532897619367795
123,10,F_all_ce_W,15,0.13007555900003354,2.0,0.75,0.9935897435897436,1.0,0.9230769230769231,0.9782578397212544,0.9983862291554599,0.9855769230769231,143,0,1,12,156,13,8.33,0.26528671960665406,1.877096568371385e-07,0.9999996673503441,0.0765829941361439
123,10,G_all_focal_noW,15,0.09763182899996536,2.0,0.75,0.9871794871794872,1.0,0.8461538461538461,0.9548611111111112,0.9989241527703067,0.9897435897435896,143,0,2,11,156,13,8.33,0.25029455486487373,0.0030312868466263994,0.9924521302870933,0.08291377224446805
123,10,H_all_focal_W,15,0.11382763800003204,2.0,0.75,0.9871794871794872,1.0,0.8461538461538461,0.9548611111111112,0.9989241527703067,0.9897435897435896,143,0,2,11,156,13,8.33,0.25029455486487373,0.0030312868466263994,0.9924521302870933,0.08291377224446805
123,10,LEGACY_A,14,0.10704636899998832,2.0,0.75,0.9935897435897436,1.0,0.9230769230769231,0.9782578397212544,0.9989241527703067,0.9897435897435898,143,0,1,12,156,13,8.33,0.26270721618407156,6.771797588807202e-08,0.9999996119085629,0.07718800237840966
123,11,A_raw_ce_noW,14,0.16389442999997073,2.0,0.75,0.9808917197452229,1.0,0.7857142857142857,0.9348096885813149,0.8906093906093906,0.8728791004058818,143,0,3,11,157,14,8.92,0.25528554695424505,3.5115654303536755e-08,0.9999986888770904,0.07108546360285913
123,11,B_raw_ce_W,14,0.16883580399996845,2.0,0.75,0.9808917197452229,1.0,0.7857142857142857,0.9348096885813149,0.8846153846153846,0.8722829885378808,143,0,3,11,157,14,8.92,0.25606367960726045,1.4139058613845678e-07,0.9999998027655659,0.07223636466393525
123,11,C_raw_focal_noW,14,0.13296813400000929,2.0,0.75,0.9808917197452229,1.0,0.7857142857142857,0.9348096885813149,0.881118881118881,0.8716931216931216,143,0,3,11,157,14,8.92,0.2513910401982152,0.0029730617546558356,0.9936366689708788,0.07695435590457003
123,11,D_raw_focal_W,14,0.13119771799995306,2.0,0.75,0.9808917197452229,1.0,0.7857142857142857,0.9348096885813149,0.881118881118881,0.8716931216931216,143,0,3,11,157,14,8.92,0.2513910401982152,0.0029730617546558356,0.9936366689708788,0.07695435590457003
123,11,E_all_ce_noW,15,0.1814585280000074,2.0,0.75,0.9808917197452229,1.0,0.7857142857142857,0.9348096885813149,0.9280719280719281,0.8807359307359306,143,0,3,11,157,14,8.92,0.25697422826561733,3.6975341744619694e-08,0.999998202601439,0.07293763826242931
123,11,F_all_ce_W,15,0.1840316120000125,2.0,0.75,0.9872611464968153,1.0,0.8571428571428571,0.9580662393162394,0.9195804195804196,0.8786603721948549,143,0,2,12,157,14,8.92,0.2619648453473043,1.4799681748347799e-07,0.9999995911404573,0.07526755712298637
123,11,G_all_focal_noW,15,0.1307100139999875,2.0,0.75,0.9808917197452229,1.0,0.7857142857142857,0.9348096885813149,0.8821178821178821,0.871806946234427,143,0,3,11,157,14,8.92,0.2518786003392476,0.0032565422085672853,0.9931546172217296,0.07817439159289905
123,11,H_all_focal_W,15,0.13051941100002296,2.0,0.75,0.9808917197452229,1.0,0.7857142857142857,0.9348096885813149,0.8821178821178821,0.871806946234427,143,0,3,11,157,14,8.92,0.2518786003392476,0.0032565422085672853,0.9931546172217296,0.07817439159289905
123,11,LEGACY_A,14,0.14895430000001397,2.0,0.75,0.9808917197452229,1.0,0.7857142857142857,0.9348096885813149,0.8826173826173825,0.8720717128093738,143,0,3,11,157,14,8.92,0.25635185955590983,3.0987374085967596e-08,0.9999995946687905,0.0724764617165042
123,12,A_raw_ce_noW,14,0.17891511500005208,2.0,0.75,0.9808917197452229,1.0,0.7857142857142857,0.9348096885813149,0.9955044955044955,0.9720496894409936,143,0,3,11,157,14,8.92,0.25001429970826733,3.302438698474558e-08,0.999999275693887,0.07022051204826535
123,12,B_raw_ce_W,14,0.18848590000004606,2.0,0.75,0.9808917197452229,1.0,0.7857142857142857,0.9348096885813149,0.9915084915084915,0.9568027210884353,143,0,3,11,157,14,8.92,0.25416892590083723,1.2821474671921583e-07,0.9999998220377416,0.0738193152949143
123,12,C_raw_focal_noW,14,0.14139982900002224,2.0,0.75,0.9808917197452229,1.0,0.7857142857142857,0.9348096885813149,0.9920079920079921,0.9579521463757916,143,0,3,11,157,14,8.92,0.23164548226743073,0.0027930892356596315,0.9935828705320765,0.07761354122079613
123,12,D_raw_focal_W,14,0.1410156399999778,2.0,0.75,0.9808917197452229,1.0,0.7857142857142857,0.9348096885813149,0.9920079920079921,0.9579521463757916,143,0,3,11,157,14,8.92,0.23164548226743073,0.0027930892356596315,0.9935828705320765,0.07761354122079613
123,12,E_all_ce_noW,15,0.18349849100002302,2.0,0.75,0.9808917197452229,1.0,0.7857142857142857,0.9348096885813149,0.9925074925074925,0.9560846560846559,143,0,3,11,157,14,8.92,0.2513601884544044,2.927733731990374e-08,0.9999995819477994,0.0691699381353066
123,12,F_all_ce_W,15,0.2124969640000245,2.0,0.75,0.9808917197452229,1.0,0.7857142857142857,0.9348096885813149,0.991008991008991,0.9523809523809523,143,0,3,11,157,14,8.92,0.25259762499215155,1.3002080892364188e-07,0.9999998005977007,0.07011439421919442
123,12,G_all_focal_noW,15,0.1470011399999862,2.0,0.75,0.9808917197452229,1.0,0.7857142857142857,0.9348096885813149,0.9885114885114885,0.9476190476190476,143,0,3,11,157,14,8.92,0.2340654527114975,0.0026379150789796403,0.9928710570377041,0.07682757987842151
123,12,H_all_focal_W,15,0.13532815499996786,2.0,0.75,0.9808917197452229,1.0,0.7857142857142857,0.9348096885813149,0.9885114885114885,0.9476190476190476,143,0,3,11,157,14,8.92,0.2340654527114975,0.0026379150789796403,0.9928710570377041,0.07682757987842151
123,12,LEGACY_A,14,0.16391133700000182,2.0,0.75,0.9808917197452229,1.0,0.7857142857142857,0.9348096885813149,0.9950049950049951,0.9669476486246671,143,0,3,11,157,14,8.92,0.25088084058568433,2.872693486071339e-08,0.9999996706818818,0.07156966030333438
123,13,A_raw_ce_noW,14,0.16373451299995168,2.0,0.75,0.9808917197452229,0.8666666666666667,0.9285714285714286,0.9430127041742287,0.998001998001998,0.9841269841269841,141,2,1,13,157,14,8.92,0.293221338443375,3.5218386475792524e-08,0.9999992736939353,0.09552026656940549
123,13,B_raw_ce_W,14,0.1937638320000019,2.0,0.75,0.9808917197452229,0.8666666666666667,0.9285714285714286,0.9430127041742287,0.9985014985014985,0.9873949579831932,141,2,1,13,157,14,8.92,0.29271972879418773,1.51033300875344e-07,0.9999997828126171,0.09617525050623202
123,13,C_raw_focal_noW,14,0.18910309000000325,2.0,0.75,0.9808917197452229,0.8666666666666667,0.9285714285714286,0.9430127041742287,0.998001998001998,0.9841269841269841,141,2,1,13,157,14,8.92,0.2777469649346719,0.002327151374051158,0.9931761649992719,0.1022573874481867
123,13,D_raw_focal_W,14,0.16355212999997093,2.0,0.75,0.9808917197452229,0.8666666666666667,0.9285714285714286,0.9430127041742287,0.998001998001998,0.9841269841269841,141,2,1,13,157,14,8.92,0.2777469649346719,0.002327151374051158,0.9931761649992719,0.1022573874481867
123,13,E_all_ce_noW,15,0.20366270499999928,2.0,0.75,0.9808917197452229,0.8666666666666667,0.9285714285714286,0.9430127041742287,0.9980019980019981,0.9841269841269841,141,2,1,13,157,14,8.92,0.291194021774818,3.210600768529832e-08,0.9999990547674851,0.09462661263221497
123,13,F_all_ce_W,15,0.1960698660000162,2.0,0.75,0.9808917197452229,0.8666666666666667,0.9285714285714286,0.9430127041742287,0.9985014985014985,0.9873949579831932,141,2,1,13,157,14,8.92,0.2915274318874156,8.37925225917366e-08,0.999999714009718,0.09489355736439539
123,13,G_all_focal_noW,15,0.10383554499998127,2.0,0.75,0.9808917197452229,0.8666666666666667,0.9285714285714286,0.9430127041742287,0.998001998001998,0.9841269841269841,141,2,1,13,157,14,8.92,0.2794733053496003,0.00263576525749382,0.9912558191183352,0.10312186655508024
123,13,H_all_focal_W,15,0.11450998799995205,2.0,0.75,0.9808917197452229,0.8666666666666667,0.9285714285714286,0.9430127041742287,0.998001998001998,0.9841269841269841,141,2,1,13,157,14,8.92,0.2794733053496003,0.00263576525749382,0.9912558191183352,0.10312186655508024
123,13,LEGACY_A,14,0.13079156600002761,2.0,0.75,0.9808917197452229,0.8666666666666667,0.9285714285714286,0.9430127041742287,0.998001998001998,0.9841269841269841,141,2,1,13,157,14,8.92,0.2876565332950418,3.277223155467297e-08,0.9999996042467104,0.09308877321768708
123,14,A_raw_ce_noW,14,0.1187540700000227,2.0,0.75,1.0,1.0,1.0,1.0,1.0,0.9999999999999999,143,0,0,14,157,14,8.92,0.2848175246319587,4.065387077431696e-08,0.9999993352425198,0.08929809218747838
123,14,B_raw_ce_W,14,0.12360690299999533,2.0,0.75,1.0,1.0,1.0,1.0,1.0,0.9999999999999999,143,0,0,14,157,14,8.92,0.28488381649731015,1.4555349664392565e-07,0.9999997757306073,0.0894658349083771
123,14,C_raw_focal_noW,14,0.09599609100001771,2.0,0.75,1.0,1.0,1.0,1.0,1.0,0.9999999999999999,143,0,0,14,157,14,8.92,0.2757316254442357,0.00337715672329156,0.9957330228873651,0.10041883311274084
123,14,D_raw_focal_W,14,0.09582891200000176,2.0,0.75,1.0,1.0,1.0,1.0,1.0,0.9999999999999999,143,0,0,14,157,14,8.92,0.2757316254442357,0.00337715672329156,0.9957330228873651,0.10041883311274084
123,14,E_all_ce_noW,15,0.12823084900003323,2.0,0.75,1.0,1.0,1.0,1.0,1.0,0.9999999999999999,143,0,0,14,157,14,8.92,0.28472516197942593,3.9945013327042934e-08,0.9999990707455964,0.09035540753726139
123,14,F_all_ce_W,15,0.13794165999996721,2.0,0.75,1.0,1.0,1.0,1.0,1.0,1.0,143,0,0,14,157,14,8.92,0.28483850855715226,1.4845548868782044e-07,0.9999998217823527,0.09144206380378811
123,14,G_all_focal_noW,15,0.10597404699996105,2.0,0.75,1.0,1.0,1.0,1.0,1.0,0.9999999999999999,143,0,0,14,157,14,8.92,0.2772689135077559,0.0038144079042959416,0.9943964987944763,0.10357228729702073
123,14,H_all_focal_W,15,0.10013357999997652,2.0,0.75,1.0,1.0,1.0,1.0,1.0,0.9999999999999999,143,0,0,14,157,14,8.92,0.2772689135077559,0.0038144079042959416,0.9943964987944763,0.10357228729702073
123,14,LEGACY_A,14,0.12134513199998764,2.0,0.75,0.9936305732484076,0.9333333333333333,1.0,0.981004234724743,1.0,0.9999999999999999,142,1,0,14,157,14,8.92,0.2883008291208114,3.140425383239707e-08,0.9999996920907881,0.09344029300745904
123,15,A_raw_ce_noW,14,0.10771836700001813,2.0,0.75,0.9871794871794872,1.0,0.8461538461538461,0.9548611111111112,1.0,1.0,143,0,2,11,156,13,8.33,0.2573219096819276,4.150601203658452e-08,0.9999993939418765,0.07402908014268432
123,15,B_raw_ce_W,14,0.11931729599996288,2.0,0.75,0.9871794871794872,1.0,0.8461538461538461,0.9548611111111112,1.0,1.0,143,0,2,11,156,13,8.33,0.25805252121610817,1.4864863661572747e-07,0.9999997791297547,0.07517812801814146
123,15,C_raw_focal_noW,14,0.09456471600003624,2.0,0.75,0.9871794871794872,1.0,0.8461538461538461,0.9548611111111112,1.0,1.0,143,0,2,11,156,13,8.33,0.2532312593791851,0.0031381068825034647,0.9944797851639805,0.08629180344636407
123,15,D_raw_focal_W,14,0.10516061900000295,2.0,0.75,0.9871794871794872,1.0,0.8461538461538461,0.9548611111111112,1.0,1.0,143,0,2,11,156,13,8.33,0.2532312593791851,0.0031381068825034647,0.9944797851639805,0.08629180344636407
123,15,E_all_ce_noW,15,0.12143889899999749,2.0,0.75,0.9935897435897436,1.0,0.9230769230769231,0.9782578397212544,1.0,1.0,143,0,1,12,156,13,8.33,0.2591900246127212,4.7563686784214516e-08,0.9999990323316608,0.07443628563098732
123,15,F_all_ce_W,15,0.15053779700002679,2.0,0.75,0.9935897435897436,1.0,0.9230769230769231,0.9782578397212544,1.0,1.0,143,0,1,12,156,13,8.33,0.265545025269442,1.3868668006463047e-07,0.9999997573274266,0.07908251107806014
123,15,G_all_focal_noW,15,0.10639698800002861,2.0,0.75,0.9871794871794872,1.0,0.8461538461538461,0.9548611111111112,1.0,1.0,143,0,2,11,156,13,8.33,0.2521853696321204,0.002653531109686037,0.99281129403501,0.08670116926608704
123,15,H_all_focal_W,15,0.10273185900001636,2.0,0.75,0.9871794871794872,1.0,0.8461538461538461,0.9548611111111112,1.0,1.0,143,0,2,11,156,13,8.33,0.2521853696321204,0.002653531109686037,0.99281129403501,0.08670116926608704
123,15,LEGACY_A,14,0.11517555000000357,2.0,0.75,0.9935897435897436,1.0,0.9230769230769231,0.9782578397212544,1.0,1.0,143,0,1,12,156,13,8.33,0.2646351387848937,3.5105980312954385e-08,0.9999996640689666,0.07877042120820733
123,16,A_raw_ce_noW,14,0.11094013600001063,2.0,0.75,0.9872611464968153,1.0,0.8571428571428571,0.9580662393162394,1.0,0.9999999999999998,143,0,2,12,157,14,8.92,0.2654564554848899,3.9845002272616844e-08,0.9999994169152799,0.07647388585493078
123,16,B_raw_ce_W,14,0.1280105939999885,2.0,0.75,0.9872611464968153,1.0,0.8571428571428571,0.9580662393162394,0.9995004995004995,0.995238095238095,143,0,2,12,157,14,8.92,0.2656220782738294,1.0067499533695637e-07,0.9999998403310606,0.07652681166905848
123,16,C_raw_focal_noW,14,0.09457348199998705,2.0,0.75,0.9872611464968153,1.0,0.8571428571428571,0.9580662393162394,1.0,0.9999999999999998,143,0,2,12,157,14,8.92,0.25631947975858616,0.0016180384130788604,0.9936461006482723,0.0849595875223427
123,16,D_raw_focal_W,14,0.1137663009999983,2.0,0.75,0.9872611464968153,1.0,0.8571428571428571,0.9580662393162394,1.0,0.9999999999999998,143,0,2,12,157,14,8.92,0.25631947975858616,0.0016180384130788604,0.9936461006482723,0.0849595875223427
123,16,E_all_ce_noW,15,0.1330187789999968,2.0,0.75,0.9808917197452229,1.0,0.7857142857142857,0.9348096885813149,1.0,0.9999999999999999,143,0,3,11,157,14,8.92,0.2515548867780044,2.736311612757875e-08,0.9999993188741655,0.07004052575649224
123,16,F_all_ce_W,15,0.13925252900003215,2.0,0.75,0.9808917197452229,1.0,0.7857142857142857,0.9348096885813149,1.0,0.9999999999999999,143,0,3,11,157,14,8.92,0.2569348642059207,1.4303456592786127e-07,0.9999996521430414,0.07480841305648289
123,16,G_all_focal_noW,15,0.10800599900005636,2.0,0.75,0.9808917197452229,1.0,0.7857142857142857,0.9348096885813149,1.0,1.0,143,0,3,11,157,14,8.92,0.24448361223456883,0.001400986300197629,0.9940113487155231,0.0780455801041141
123,16,H_all_focal_W,15,0.10417357599999377,2.0,0.75,0.9808917197452229,1.0,0.7857142857142857,0.9348096885813149,1.0,1.0,143,0,3,11,157,14,8.92,0.24448361223456883,0.001400986300197629,0.9940113487155231,0.0780455801041141
123,16,LEGACY_A,14,0.12743236399995794,2.0,0.75,0.9872611464968153,1.0,0.8571428571428571,0.9580662393162394,1.0,0.9999999999999998,143,0,2,12,157,14,8.92,0.26555976755653066,2.8036848281172934e-08,0.9999997061113033,0.07650092140473276
123,17,A_raw_ce_noW,14,0.11718266200000471,2.0,0.75,1.0,1.0,1.0,1.0,1.0,0.9999999999999999,143,0,0,14,157,14,8.92,0.27570914715326406,3.402870550781828e-08,0.9999986866264671,0.08700425660920898
123,17,B_raw_ce_W,14,0.1413771580000116,2.0,0.75,1.0,1.0,1.0,1.0,1.0,0.9999999999999999,143,0,0,14,157,14,8.92,0.283511216621796,1.4888007832339452e-07,0.9999996793175616,0.09094299759738508
123,17,C_raw_focal_noW,14,0.10015807500002438,2.0,0.75,1.0,1.0,1.0,1.0,1.0,1.0,143,0,0,14,157,14,8.92,0.26367645480950996,0.002878846949411229,0.9939788758168158,0.09869234206798753
123,17,D_raw_focal_W,14,0.09697248999998465,2.0,0.75,1.0,1.0,1.0,1.0,1.0,1.0,143,0,0,14,157,14,8.92,0.26367645480950996,0.002878846949411229,0.9939788758168158,0.09869234206798753
123,17,E_all_ce_noW,15,0.13239584100000457,2.0,0.75,1.0,1.0,1.0,1.0,1.0,0.9999999999999999,143,0,0,14,157,14,8.92,0.28152857808579873,3.4736057224860515e-08,0.9999987492370114,0.08937139921325297
123,17,F_all_ce_W,15,0.14204777800000556,2.0,0.75,1.0,1.0,1.0,1.0,1.0,0.9999999999999999,143,0,0,14,157,14,8.92,0.28521800697606176,1.403728374297428e-07,0.9999996811942092,0.09290092472505318
123,17,G_all_focal_noW,15,0.11382164399998373,2.0,0.75,1.0,1.0,1.0,1.0,1.0,1.0,143,0,0,14,157,14,8.92,0.262353691593077,0.0028766677670588685,0.9940873552864657,0.09854415371451443
123,17,H_all_focal_W,15,0.10520818999998482,2.0,0.75,1.0,1.0,1.0,1.0,1.0,1.0,143,0,0,14,157,14,8.92,0.262353691593077,0.0028766677670588685,0.9940873552864657,0.09854415371451443
123,17,LEGACY_A,14,0.11581871800001409,2.0,0.75,1.0,1.0,1.0,1.0,1.0,0.9999999999999999,143,0,0,14,157,14,8.92,0.2844514955273313,2.992627846591583e-08,0.9999995769279217,0.09153299969626331
123,18,A_raw_ce_noW,14,0.11501872799999546,2.0,0.75,0.9872611464968153,0.875,1.0,0.9631455399061033,1.0,0.9999999999999999,141,2,0,14,157,14,8.92,0.29659367667181696,3.8611842332813695e-08,0.9999987012262376,0.09951611154315837
123,18,B_raw_ce_W,14,0.12216824699999052,2.0,0.75,0.9872611464968153,0.875,1.0,0.9631455399061033,1.0,1.0,141,2,0,14,157,14,8.92,0.2991117891553271,1.581899784303865e-07,0.9999996994327798,0.1008676914602848
123,18,C_raw_focal_noW,14,0.09911433700000316,2.0,0.75,0.9872611464968153,0.875,1.0,0.9631455399061033,0.9995004995004995,0.9952380952380953,141,2,0,14,157,14,8.92,0.2864866428939257,0.0026609970262533346,0.9937141007967276,0.11066543026693768
123,18,D_raw_focal_W,14,0.09975725100002819,2.0,0.75,0.9872611464968153,0.875,1.0,0.9631455399061033,0.9995004995004995,0.9952380952380953,141,2,0,14,157,14,8.92,0.2864866428939257,0.0026609970262533346,0.9937141007967276,0.11066543026693768
123,18,E_all_ce_noW,15,0.12579558400000224,2.0,0.75,0.9936305732484076,0.9333333333333333,1.0,0.981004234724743,1.0,1.0,142,1,0,14,157,14,8.92,0.2935828516183421,4.296054786308969e-08,0.9999984674337208,0.0967895496514359
123,18,F_all_ce_W,15,0.1387962649999963,2.0,0.75,0.9872611464968153,0.875,1.0,0.9631455399061033,1.0,1.0,141,2,0,14,157,14,8.92,0.2982474773957738,1.1520578468709092e-07,0.9999996406605399,0.10039361757891455
123,18,G_all_focal_noW,15,0.09779343799999651,2.0,0.75,0.9872611464968153,0.875,1.0,0.9631455399061033,1.0,1.0,141,2,0,14,157,14,8.92,0.2867827643532386,0.0024921880525477676,0.9928310236031347,0.10810151024864442
123,18,H_all_focal_W,15,0.11767271799999435,2.0,0.75,0.9872611464968153,0.875,1.0,0.9631455399061033,1.0,1.0,141,2,0,14,157,14,8.92,0.2867827643532386,0.0024921880525477676,0.9928310236031347,0.10810151024864442
123,18,LEGACY_A,14,0.11234125599997924,2.0,0.75,0.9936305732484076,0.9333333333333333,1.0,0.981004234724743,0.9999999999999999,1.0,142,1,0,14,157,14,8.92,0.2936582889418164,3.7641324123366765e-08,0.9999995749637235,0.09601222180889318
123,19,A_raw_ce_noW,14,0.10344390000000203,2.0,0.75,0.9872611464968153,1.0,0.8571428571428571,0.9580662393162394,0.9985014985014985,0.9873949579831931,143,0,2,12,157,14,8.92,0.26589224695931457,9.321786186120487e-08,0.9999982957650718,0.077997309164595
123,19,B_raw_ce_W,14,0.11599155400000427,2.0,0.75,0.9936305732484076,1.0,0.9285714285714286,0.9797393212027359,0.9975024975024975,0.9812030075187969,143,0,1,13,157,14,8.92,0.2698620872914346,1.5812781645165535e-07,0.9999997227149487,0.08091583409136102
123,19,C_raw_focal_noW,14,0.10265138599999091,2.0,0.75,0.9872611464968153,1.0,0.8571428571428571,0.9580662393162394,0.998001998001998,0.984126984126984,143,0,2,12,157,14,8.92,0.2591518117219904,0.004216130623439815,0.9908791673796999,0.09382015882794179
123,19,D_raw_focal_W,14,0.0939321609999979,2.0,0.75,0.9872611464968153,1.0,0.8571428571428571,0.9580662393162394,0.998001998001998,0.984126984126984,143,0,2,12,157,14,8.92,0.2591518117219904,0.004216130623439815,0.9908791673796999,0.09382015882794179
123,19,E_all_ce_noW,15,0.11485609099997873,2.0,0.75,0.9872611464968153,1.0,0.8571428571428571,0.9580662393162394,0.9990009990009989,0.9910714285714285,143,0,2,12,157,14,8.92,0.26563261618833706,1.0835566548102224e-07,0.9999974617649923,0.07665420302410814
123,19,F_all_ce_W,15,0.1459782029999701,2.0,0.75,0.9872611464968153,1.0,0.8571428571428571,0.9580662393162394,0.998001998001998,0.9841269841269842,143,0,2,12,157,14,8.92,0.2665464683656321,2.1531979947582334e-07,0.999999413138208,0.07883586017390044
123,19,G_all_focal_noW,15,0.09889286700001776,2.0,0.75,0.9872611464968153,1.0,0.8571428571428571,0.9580662393162394,0.997002997002997,0.9785714285714285,143,0,2,12,157,14,8.92,0.2588574570186069,0.004019989800644954,0.990820726244768,0.09132266662793294
123,19,H_all_focal_W,15,0.09874498300001733,2.0,0.75,0.9872611464968153,1.0,0.8571428571428571,0.9580662393162394,0.997002997002997,0.9785714285714285,143,0,2,12,157,14,8.92,0.2588574570186069,0.004019989800644954,0.990820726244768,0.09132266662793294
123,19,LEGACY_A,14,0.1082452389999844,2.0,0.75,0.9936305732484076,1.0,0.9285714285714286,0.9797393212027359,0.998001998001998,0.9841269841269842,143,0,1,13,157,14,8.92,0.2677723387805989,7.099268248707893e-08,0.9999996103345044,0.07968333429344003
123,20,A_raw_ce_noW,14,0.11249727200004145,2.0,0.75,0.9935897435897436,1.0,0.9230769230769231,0.9782578397212544,0.9919311457772997,0.9587912087912087,143,0,1,12,156,13,8.33,0.26227028957601,4.005504180219869e-08,0.9999993459206052,0.07557927562710415
123,20,B_raw_ce_W,14,0.11761174499997651,2.0,0.75,0.9935897435897436,1.0,0.9230769230769231,0.9782578397212544,0.984400215169446,0.9468864468864469,143,0,1,12,156,13,8.33,0.2654408070028636,1.3142658249270273e-07,0.9999997259290024,0.07663383054608484
123,20,C_raw_focal_noW,14,0.09437173899999607,2.0,0.75,0.9935897435897436,1.0,0.9230769230769231,0.9782578397212544,0.9838622915545993,0.9463327370304113,143,0,1,12,156,13,8.33,0.253513390339835,0.002442953959962511,0.9948303575794937,0.08353164980417865
123,20,D_raw_focal_W,14,0.09309243900003139,2.0,0.75,0.9935897435897436,1.0,0.9230769230769231,0.9782578397212544,0.9838622915545993,0.9463327370304113,143,0,1,12,156,13,8.33,0.253513390339835,0.002442953959962511,0.9948303575794937,0.08353164980417865
123,20,E_all_ce_noW,15,0.13700449100002743,2.0,0.75,0.9935897435897436,1.0,0.9230769230769231,0.9782578397212544,0.9903173749327596,0.9553349875930519,143,0,1,12,156,13,8.33,0.26599880980535245,2.8690149845428907e-08,0.999998665736998,0.07696066869948166
123,20,F_all_ce_W,15,0.13506969799999524,2.0,0.75,0.9935897435897436,1.0,0.9230769230769231,0.9782578397212544,0.9865519096288327,0.9493927125506072,143,0,1,12,156,13,8.33,0.26585697356796695,1.0034234688642924e-07,0.9999994460502137,0.07816300794413841
123,20,G_all_focal_noW,15,0.10088073899999017,2.0,0.75,0.9935897435897436,1.0,0.9230769230769231,0.9782578397212544,0.984400215169446,0.9468864468864469,143,0,1,12,156,13,8.33,0.25362009669902974,0.00199356025750806,0.9954291186416149,0.0857230814606538
123,20,H_all_focal_W,15,0.09897569000003159,2.0,0.75,0.9935897435897436,1.0,0.9230769230769231,0.9782578397212544,0.984400215169446,0.9468864468864469,143,0,1,12,156,13,8.33,0.25362009669902974,0.00199356025750806,0.9954291186416149,0.0857230814606538
123,20,LEGACY_A,14,0.11756758500001752,2.0,0.75,0.9935897435897436,1.0,0.9230769230769231,0.9782578397212544,0.9876277568585261,0.9508547008547008,143,0,1,12,156,13,8.33,0.26636866871110587,3.047073477482772e-08,0.9999996685796396,0.07702789864005169
123,21,A_raw_ce_noW,14,0.11647850900004642,2.0,0.75,1.0,1.0,1.0,1.0,1.0,0.9999999999999998,143,0,0,14,157,14,8.92,0.284524486981722,2.7912668127097896e-08,0.9999990922751871,0.08904528878495253
123,21,B_raw_ce_W,14,0.12858459399996036,2.0,0.75,1.0,1.0,1.0,1.0,1.0,0.9999999999999998,143,0,0,14,157,14,8.92,0.2845934158752617,1.2900428312814354e-07,0.9999997841815611,0.08906394859208613
123,21,C_raw_focal_noW,14,0.11411622500003205,2.0,0.75,1.0,1.0,1.0,1.0,1.0,0.9999999999999998,143,0,0,14,157,14,8.92,0.2723710945854321,0.002994921562910479,0.9931776894557333,0.09617857805155366
123,21,D_raw_focal_W,14,0.09439546300001211,2.0,0.75,1.0,1.0,1.0,1.0,1.0,0.9999999999999998,143,0,0,14,157,14,8.92,0.2723710945854321,0.002994921562910479,0.9931776894557333,0.09617857805155366
123,21,E_all_ce_noW,15,0.19739344500004563,2.0,0.75,1.0,1.0,1.0,1.0,1.0,1.0,143,0,0,14,157,14,8.92,0.2847451955158958,3.3231964523319717e-08,0.9999990569682984,0.08909854938089541
123,21,F_all_ce_W,15,0.2100418939999713,2.0,0.75,1.0,1.0,1.0,1.0,1.0,0.9999999999999998,143,0,0,14,157,14,8.92,0.28475366477338426,1.2767346219988349e-07,0.9999997675450228,0.08910588763602632
123,21,G_all_focal_noW,15,0.16469895199998064,2.0,0.75,1.0,1.0,1.0,1.0,1.0,0.9999999999999998,143,0,0,14,157,14,8.92,0.2714059383334542,0.002059670005845406,0.992754848763707,0.09431235120555499
123,21,H_all_focal_W,15,0.15688974600004713,2.0,0.75,1.0,1.0,1.0,1.0,1.0,0.9999999999999998,143,0,0,14,157,14,8.92,0.2714059383334542,0.002059670005845406,0.992754848763707,0.09431235120555499
123,21,LEGACY_A,14,0.19113701399999172,2.0,0.75,1.0,1.0,1.0,1.0,1.0,0.9999999999999998,143,0,0,14,157,14,8.92,0.2835516742018469,2.9368440108575022e-08,0.9999996374700906,0.08871387271416811
123,22,A_raw_ce_noW,14,0.1567701469999747,2.0,0.75,0.9808917197452229,1.0,0.7857142857142857,0.9348096885813149,0.9915084915084915,0.950892857142857,143,0,3,11,157,14,8.92,0.2550313430438168,4.0769326746484774e-08,0.9999989375593857,0.07154011476323116
123,22,B_raw_ce_W,14,0.16743551600001183,2.0,0.75,0.9808917197452229,1.0,0.7857142857142857,0.9348096885813149,0.9925074925074926,0.9560846560846561,143,0,3,11,157,14,8.92,0.2553901555719915,1.526539007978208e-07,0.9999997231836426,0.07240785291728116
123,22,C_raw_focal_noW,14,0.13112433700001702,2.0,0.75,0.9808917197452229,1.0,0.7857142857142857,0.9348096885813149,0.987012987012987,0.9453634085213032,143,0,3,11,157,14,8.92,0.24974642565904953,0.0020023237205798383,0.9945031898010667,0.08194126997744529
123,22,D_raw_focal_W,14,0.15975637800005416,2.0,0.75,0.9808917197452229,1.0,0.7857142857142857,0.9348096885813149,0.987012987012987,0.9453634085213032,143,0,3,11,157,14,8.92,0.24974642565904953,0.0020023237205798383,0.9945031898010667,0.08194126997744529
123,22,E_all_ce_noW,15,0.19525940499994476,2.0,0.75,0.9808917197452229,1.0,0.7857142857142857,0.9348096885813149,0.994005994005994,0.9607142857142856,143,0,3,11,157,14,8.92,0.2553136260857485,3.344065548514223e-08,0.9999990448955977,0.07252427434847272
123,22,F_all_ce_W,15,0.1998904579999703,2.0,0.75,0.9808917197452229,1.0,0.7857142857142857,0.9348096885813149,0.9945054945054945,0.9625258799171842,143,0,3,11,157,14,8.92,0.25643933445733036,1.1354893393129871e-07,0.9999996773480953,0.07432630701005648
123,22,G_all_focal_noW,15,0.14761467400001038,2.0,0.75,0.9808917197452229,1.0,0.7857142857142857,0.9348096885813149,0.994005994005994,0.9607142857142856,143,0,3,11,157,14,8.92,0.2503196019071231,0.001990614886091125,0.9948312105921526,0.08308951911258054
123,22,H_all_focal_W,15,0.1460337429999754,2.0,0.75,0.9808917197452229,1.0,0.7857142857142857,0.9348096885813149,0.994005994005994,0.9607142857142856,143,0,3,11,157,14,8.92,0.2503196019071231,0.001990614886091125,0.9948312105921526,0.08308951911258054
123,22,LEGACY_A,14,0.17318294200003947,2.0,0.75,0.9808917197452229,1.0,0.7857142857142857,0.9348096885813149,0.9930069930069929,0.9575091575091574,143,0,3,11,157,14,8.92,0.2556273860699498,2.9792918316799585e-08,0.9999995926046684,0.07263704640399213
123,23,A_raw_ce_noW,14,0.15968803399999842,2.0,0.75,0.9936305732484076,0.9333333333333333,1.0,0.981004234724743,0.999000999000999,0.9901360544217686,142,1,0,14,157,14,8.92,0.2908661744439061,4.253719325933703e-08,0.9999993660004707,0.09466397137262711
123,23,B_raw_ce_W,14,0.1744237880000128,2.0,0.75,0.9936305732484076,0.9333333333333333,1.0,0.981004234724743,0.999000999000999,0.9901360544217686,142,1,0,14,157,14,8.92,0.2935125833621998,1.3726567414801571e-07,0.9999998140388077,0.09620339407149918
123,23,C_raw_focal_noW,14,0.14720286900001156,2.0,0.75,0.9936305732484076,0.9333333333333333,1.0,0.981004234724743,0.999000999000999,0.9901360544217686,142,1,0,14,157,14,8.92,0.27864636922173214,0.0022889866516239703,0.995163932867033,0.10871614480853575
123,23,D_raw_focal_W,14,0.13180096900003946,2.0,0.75,0.9936305732484076,0.9333333333333333,1.0,0.981004234724743,0.999000999000999,0.9901360544217686,142,1,0,14,157,14,8.92,0.27864636922173214,0.0022889866516239703,0.995163932867033,0.10871614480853575
123,23,E_all_ce_noW,15,0.19555896100001746,2.0,0.75,0.9808917197452229,0.8666666666666667,0.9285714285714286,0.9430127041742287,0.9985014985014985,0.9859693877551019,141,2,1,13,157,14,8.92,0.2826498925659713,2.832949580981569e-08,0.9999994047456084,0.09391103436268564
123,23,F_all_ce_W,15,0.2088826980000249,2.0,0.75,0.9808917197452229,0.8666666666666667,0.9285714285714286,0.9430127041742287,0.9985014985014985,0.9859693877551019,141,2,1,13,157,14,8.92,0.2920205760422549,1.4943897746866718e-07,0.9999997813647025,0.09761186070274645
123,23,G_all_focal_noW,15,0.1572171799999751,2.0,0.75,0.9808917197452229,0.8666666666666667,0.9285714285714286,0.9430127041742287,0.9985014985014985,0.9859693877551019,141,2,1,13,157,14,8.92,0.2720300061661227,0.002376723558274609,0.9947004283505291,0.10517545528008192
123,23,H_all_focal_W,15,0.1759139540000092,2.0,0.75,0.9808917197452229,0.8666666666666667,0.9285714285714286,0.9430127041742287,0.9985014985014985,0.9859693877551019,141,2,1,13,157,14,8.92,0.2720300061661227,0.002376723558274609,0.9947004283505291,0.10517545528008192
123,23,LEGACY_A,14,0.17941609700000072,2.0,0.75,0.9936305732484076,0.9333333333333333,1.0,0.981004234724743,0.9995004995004995,0.995238095238095,142,1,0,14,157,14,8.92,0.29362663382888643,3.5859599267072704e-08,0.9999996276034874,0.09596836516230928
123,24,A_raw_ce_noW,14,0.10439766700000064,2.0,0.75,0.9936305732484076,1.0,0.9285714285714286,0.9797393212027359,0.9990009990009989,0.9910714285714286,143,0,1,13,157,14,8.92,0.27380822213036377,8.074430729202273e-08,0.9999982468802661,0.08443616041533192
123,24,B_raw_ce_W,14,0.11767992000000049,2.0,0.75,0.9872611464968153,0.9285714285714286,0.9285714285714286,0.9607892107892109,0.998001998001998,0.9841269841269841,142,1,1,13,157,14,8.92,0.2809523963837224,1.566561017897535e-07,0.9999997447512207,0.08960164722535462
123,24,C_raw_focal_noW,14,0.09173718199997438,2.0,0.75,0.9936305732484076,1.0,0.9285714285714286,0.9797393212027359,0.9985014985014986,0.9873949579831932,143,0,1,13,157,14,8.92,0.26435055027395904,0.003189786157052114,0.992465079737716,0.09909976819758648
123,24,D_raw_focal_W,14,0.12107292300004246,2.0,0.75,0.9936305732484076,1.0,0.9285714285714286,0.9797393212027359,0.9985014985014986,0.9873949579831932,143,0,1,13,157,14,8.92,0.26435055027395904,0.003189786157052114,0.992465079737716,0.09909976819758648
123,24,E_all_ce_noW,15,0.11479421100000309,2.0,0.75,0.9872611464968153,0.9285714285714286,0.9285714285714286,0.9607892107892109,0.9980019980019981,0.9822929171668666,142,1,1,13,157,14,8.92,0.2731387104669597,8.304956920893826e-08,0.9999981624613729,0.08493445779083492
123,24,F_all_ce_W,15,0.12761617300003536,2.0,0.75,0.9872611464968153,0.9285714285714286,0.9285714285714286,0.9607892107892109,0.9985014985014985,0.9873949579831932,142,1,1,13,157,14,8.92,0.28410707444979794,2.3436689267131191e-07,0.9999996421241306,0.0908049936828811
123,24,G_all_focal_noW,15,0.09734546100003172,2.0,0.75,0.9872611464968153,0.9285714285714286,0.9285714285714286,0.9607892107892109,0.9985014985014985,0.9873949579831932,142,1,1,13,157,14,8.92,0.26043777150774056,0.0037527084787251984,0.9924193328168396,0.09716584667108655
123,24,H_all_focal_W,15,0.09965533100000812,2.0,0.75,0.9872611464968153,0.9285714285714286,0.9285714285714286,0.9607892107892109,0.9985014985014985,0.9873949579831932,142,1,1,13,157,14,8.92,0.26043777150774056,0.0037527084787251984,0.9924193328168396,0.09716584667108655
123,24,LEGACY_A,14,0.10763418400000546,2.0,0.75,0.9872611464968153,0.9285714285714286,0.9285714285714286,0.9607892107892109,0.997002997002997,0.9785714285714284,142,1,1,13,157,14,8.92,0.27978554569345565,5.548209464592597e-08,0.9999995725754789,0.08739222776695114
123,25,A_raw_ce_noW,14,0.1137267119999592,2.0,0.75,0.9871794871794872,1.0,0.8461538461538461,0.9548611111111112,1.0,1.0,143,0,2,11,156,13,8.33,0.25553373814957164,5.1566005521439886e-08,0.999998803973659,0.07255043431347923
123,25,B_raw_ce_W,14,0.13135902199996963,2.0,0.75,0.9935897435897436,1.0,0.9230769230769231,0.9782578397212544,1.0,1.0,143,0,1,12,156,13,8.33,0.25855333621139887,1.5117502705177975e-07,0.9999996314880945,0.07470970919033035
123,25,C_raw_focal_noW,14,0.09693640199998299,2.0,0.75,0.9935897435897436,1.0,0.9230769230769231,0.9782578397212544,0.9994620763851533,0.9945054945054945,143,0,1,12,156,13,8.33,0.2472566541046345,0.0028840389778291855,0.9937748209466246,0.08333871803948145
123,25,D_raw_focal_W,14,0.09818606900000759,2.0,0.75,0.9935897435897436,1.0,0.9230769230769231,0.9782578397212544,0.9994620763851533,0.9945054945054945,143,0,1,12,156,13,8.33,0.2472566541046345,0.0028840389778291855,0.9937748209466246,0.08333871803948145
123,25,E_all_ce_noW,15,0.12445793599999888,2.0,0.75,0.9871794871794872,1.0,0.8461538461538461,0.9548611111111112,1.0,1.0,143,0,2,11,156,13,8.33,0.2572129313762466,3.118758408342604e-08,0.9999989063854969,0.07417843999252192
123,25,F_all_ce_W,15,0.1415587030000438,2.0,0.75,0.9935897435897436,1.0,0.9230769230769231,0.9782578397212544,1.0,1.0,143,0,1,12,156,13,8.33,0.2569169621806607,1.4252805464317758e-07,0.9999997605344594,0.07476853844866616
123,25,G_all_focal_noW,15,0.10175765500002854,2.0,0.75,0.9935897435897436,1.0,0.9230769230769231,0.9782578397212544,1.0,1.0,143,0,1,12,156,13,8.33,0.25408674771206746,0.002418296925142951,0.9936287721192313,0.08522587716702622
123,25,H_all_focal_W,15,0.1005217679999646,2.0,0.75,0.9935897435897436,1.0,0.9230769230769231,0.9782578397212544,1.0,1.0,143,0,1,12,156,13,8.33,0.25408674771206746,0.002418296925142951,0.9936287721192313,0.08522587716702622
123,25,LEGACY_A,14,0.11457991899999342,2.0,0.75,0.9807692307692307,1.0,0.7692307692307693,0.929592297276967,1.0,1.0,143,0,3,10,156,13,8.33,0.24874749815967795,5.184567559439842e-08,0.999999543782191,0.07082955630129426
456,1,A_raw_ce_noW,14,0.12722163299997646,2.0,0.75,0.9872611464968153,1.0,0.8571428571428571,0.9580662393162394,0.9995004995004995,0.995238095238095,143,0,2,12,157,14,8.92,0.2652534739007665,3.263334098368003e-08,0.9999982109773947,0.07667409924119403
456,1,B_raw_ce_W,14,0.12422990600003914,2.0,0.75,0.9872611464968153,1.0,0.8571428571428571,0.9580662393162394,1.0,0.9999999999999998,143,0,2,12,157,14,8.92,0.26729818915660464,1.6218532645111613e-07,0.9999997090546529,0.07965517751626694
456,1,C_raw_focal_noW,14,0.09625994600003196,2.0,0.75,0.9872611464968153,1.0,0.8571428571428571,0.9580662393162394,0.9995004995004995,0.995238095238095,143,0,2,12,157,14,8.92,0.2521506730301402,0.0038748128119001856,0.9936848366466903,0.08492293658196953
456,1,D_raw_focal_W,14,0.10159633999995776,2.0,0.75,0.9872611464968153,1.0,0.8571428571428571,0.9580662393162394,0.9995004995004995,0.995238095238095,143,0,2,12,157,14,8.92,0.2521506730301402,0.0038748128119001856,0.9936848366466903,0.08492293658196953
456,1,E_all_ce_noW,15,0.1318198129999928,2.0,0.75,0.9872611464968153,1.0,0.8571428571428571,0.9580662393162394,1.0,0.9999999999999998,143,0,2,12,157,14,8.92,0.26615437075187715,3.6334518777406746e-08,0.9999985682795401,0.08056160024879114
456,1,F_all_ce_W,15,0.1361601890000088,2.0,0.75,0.9872611464968153,1.0,0.8571428571428571,0.9580662393162394,1.0,0.9999999999999998,143,0,2,12,157,14,8.92,0.2667148510273804,1.4270866255473805e-07,0.999999524602929,0.08067860373359342
456,1,G_all_focal_noW,15,0.09832549899999776,2.0,0.75,0.9872611464968153,1.0,0.8571428571428571,0.9580662393162394,0.9995004995004995,0.995238095238095,143,0,2,12,157,14,8.92,0.2583550973597343,0.002589172815322427,0.9941151594329309,0.08917335896377962
456,1,H_all_focal_W,15,0.09773445199999742,2.0,0.75,0.9872611464968153,1.0,0.8571428571428571,0.9580662393162394,0.9995004995004995,0.995238095238095,143,0,2,12,157,14,8.92,0.2583550973597343,0.002589172815322427,0.9941151594329309,0.08917335896377962
456,1,LEGACY_A,14,0.1270380749999731,2.0,0.75,0.9872611464968153,1.0,0.8571428571428571,0.9580662393162394,1.0,0.9999999999999998,143,0,2,12,157,14,8.92,0.2660463386441769,3.471846801330646e-08,0.9999995416125925,0.0786455224733746
456,2,A_raw_ce_noW,14,0.10662947700001268,2.0,0.75,0.9936305732484076,1.0,0.9285714285714286,0.9797393212027359,1.0,0.9999999999999999,143,0,1,13,157,14,8.92,0.26877804622578433,6.783533727959017e-08,0.9999994682298091,0.08022117031134761
456,2,B_raw_ce_W,14,0.12155113800002937,2.0,0.75,0.9936305732484076,1.0,0.9285714285714286,0.9797393212027359,0.9995004995004995,0.9952380952380953,143,0,1,13,157,14,8.92,0.2734397724057617,1.7368817312723452e-07,0.9999998096136586,0.08213162533871317
456,2,C_raw_focal_noW,14,0.09510694900001226,2.0,0.75,0.9936305732484076,1.0,0.9285714285714286,0.9797393212027359,0.9995004995004996,0.9952380952380953,143,0,1,13,157,14,8.92,0.2631244924861238,0.0032069831857288434,0.9950489172869909,0.09221570545767512
456,2,D_raw_focal_W,14,0.09611919700000726,2.0,0.75,0.9936305732484076,1.0,0.9285714285714286,0.9797393212027359,0.9995004995004996,0.9952380952380953,143,0,1,13,157,14,8.92,0.2631244924861238,0.0032069831857288434,0.9950489172869909,0.09221570545767512
456,2,E_all_ce_noW,15,0.11759528400000363,2.0,0.75,0.9936305732484076,1.0,0.9285714285714286,0.9797393212027359,0.9995004995004995,0.9952380952380953,143,0,1,13,157,14,8.92,0.2707874699203137,6.545590573713308e-08,0.9999993204009578,0.08147630964950041
456,2,F_all_ce_W,15,0.13500276199999917,2.0,0.75,0.9936305732484076,1.0,0.9285714285714286,0.9797393212027359,0.9985014985014985,0.9873949579831932,143,0,1,13,157,14,8.92,0.2723079578732931,1.4003126053631038e-07,0.9999998141004528,0.08263479790526176
456,2,G_all_focal_noW,15,0.11835644000001366,2.0,0.75,0.9936305732484076,1.0,0.9285714285714286,0.9797393212027359,0.9980019980019981,0.9841269841269841,143,0,1,13,157,14,8.92,0.2667648486273294,0.004050366159070612,0.9949087869226623,0.094148646607773
456,2,H_all_focal_W,15,0.09881705499998361,2.0,0.75,0.9936305732484076,1.0,0.9285714285714286,0.9797393212027359,0.9980019980019981,0.9841269841269841,143,0,1,13,157,14,8.92,0.2667648486273294,0.004050366159070612,0.9949087869226623,0.094148646607773
456,2,LEGACY_A,14,0.1103864890000068,2.0,0.75,0.9936305732484076,1.0,0.9285714285714286,0.9797393212027359,0.9990009990009989,0.9910714285714286,143,0,1,13,157,14,8.92,0.2755132416515363,3.7130377960211504e-08,0.999999684300779,0.08278959745408704
456,3,A_raw_ce_noW,14,0.10941483400000607,2.0,0.75,0.9936305732484076,1.0,0.9285714285714286,0.9797393212027359,0.9995004995004995,0.9952380952380951,143,0,1,13,157,14,8.92,0.2714596311483839,4.644319782781689e-08,0.999998820348452,0.08211671669194762
456,3,B_raw_ce_W,14,0.1239789260000066,2.0,0.75,0.9936305732484076,1.0,0.9285714285714286,0.9797393212027359,0.999000999000999,0.9910714285714285,143,0,1,13,157,14,8.92,0.27172470596968373,1.4930476431764613e-07,0.9999996614306448,0.08349880484354086
456,3,C_raw_focal_noW,14,0.09708352100000184,2.0,0.75,0.9936305732484076,1.0,0.9285714285714286,0.9797393212027359,0.9995004995004995,0.9952380952380951,143,0,1,13,157,14,8.92,0.2615297676812148,0.0023347397804984685,0.9931200185116196,0.09289232143539543
456,3,D_raw_focal_W,14,0.10018992900000967,2.0,0.75,0.9936305732484076,1.0,0.9285714285714286,0.9797393212027359,0.9995004995004995,0.9952380952380951,143,0,1,13,157,14,8.92,0.2615297676812148,0.0023347397804984685,0.9931200185116196,0.09289232143539543
456,3,E_all_ce_noW,15,0.13017442900002152,2.0,0.75,0.9936305732484076,1.0,0.9285714285714286,0.9797393212027359,1.0,0.9999999999999999,143,0,1,13,157,14,8.92,0.2742083864596982,4.7419965476637916e-08,0.999998552840804,0.08591538409307238
456,3,F_all_ce_W,15,0.13410928899997998,2.0,0.75,0.9936305732484076,1.0,0.9285714285714286,0.9797393212027359,0.9995004995004995,0.9952380952380951,143,0,1,13,157,14,8.92,0.2703959235804846,1.3554360775864052e-07,0.9999996534016973,0.08452925679379769
456,3,G_all_focal_noW,15,0.0981663000000026,2.0,0.75,0.9936305732484076,1.0,0.9285714285714286,0.9797393212027359,1.0,0.9999999999999999,143,0,1,13,157,14,8.92,0.26534499262735656,0.002930585066471889,0.9926885130071809,0.09811459608671994
456,3,H_all_focal_W,15,0.10106485600005044,2.0,0.75,0.9936305732484076,1.0,0.9285714285714286,0.9797393212027359,1.0,0.9999999999999999,143,0,1,13,157,14,8.92,0.26534499262735656,0.002930585066471889,0.9926885130071809,0.09811459608671994
456,3,LEGACY_A,14,0.11385647500003415,2.0,0.75,0.9936305732484076,1.0,0.9285714285714286,0.9797393212027359,0.9995004995004995,0.9952380952380951,143,0,1,13,157,14,8.92,0.2691479331570254,2.8282390279131323e-08,0.9999996534002795,0.08139055408280367
456,4,A_raw_ce_noW,14,0.11508314100001371,2.0,0.75,1.0,1.0,1.0,1.0,1.0,0.9999999999999999,143,0,0,14,157,14,8.92,0.2847277675020501,4.023282910279084e-08,0.999998519314137,0.08953770895198651
456,4,B_raw_ce_W,14,0.12456537799999978,2.0,0.75,1.0,1.0,1.0,1.0,1.0,0.9999999999999999,143,0,0,14,157,14,8.92,0.2846821500552011,1.3549219038536265e-07,0.9999997437336063,0.09060078469996656
456,4,C_raw_focal_noW,14,0.0978555170000277,2.0,0.75,1.0,1.0,1.0,1.0,1.0,1.0,143,0,0,14,157,14,8.92,0.27518541731203666,0.003140875557710811,0.9927977012290025,0.10288527320620111
456,4,D_raw_focal_W,14,0.11323683099999471,2.0,0.75,1.0,1.0,1.0,1.0,1.0,1.0,143,0,0,14,157,14,8.92,0.27518541731203666,0.003140875557710811,0.9927977012290025,0.10288527320620111
456,4,E_all_ce_noW,15,0.12167980100002751,2.0,0.75,1.0,1.0,1.0,1.0,1.0,0.9999999999999999,143,0,0,14,157,14,8.92,0.2844370213743735,3.0953768104781555e-08,0.9999989826121337,0.08963036156531924
456,4,F_all_ce_W,15,0.13743383499996753,2.0,0.75,1.0,1.0,1.0,1.0,1.0,0.9999999999999999,143,0,0,14,157,14,8.92,0.2847703946419236,1.190114079654665e-07,0.999999767352066,0.09087079816490974
456,4,G_all_focal_noW,15,0.09788112999996201,2.0,0.75,1.0,1.0,1.0,1.0,1.0,1.0,143,0,0,14,157,14,8.92,0.2762850622968123,0.002508994563815888,0.9927656662871271,0.10315073925234955
456,4,H_all_focal_W,15,0.10090320500000871,2.0,0.75,1.0,1.0,1.0,1.0,1.0,1.0,143,0,0,14,157,14,8.92,0.2762850622968123,0.002508994563815888,0.9927656662871271,0.10315073925234955
456,4,LEGACY_A,14,0.11080556199999592,2.0,0.75,1.0,1.0,1.0,1.0,1.0,0.9999999999999999,143,0,0,14,157,14,8.92,0.28433565466834376,4.074933380141212e-08,0.9999995833252766,0.08941590474003398
456,5,A_raw_ce_noW,14,0.09279184700000087,2.0,0.75,0.9871794871794872,1.0,0.8461538461538461,0.9548611111111112,0.970414201183432,0.9135649296939619,143,0,2,11,156,13,8.33,0.25578811395217943,4.927657466289389e-08,0.9999992182648247,0.0706120040688982
456,5,B_raw_ce_W,14,0.1281165649999707,2.0,0.75,0.9871794871794872,1.0,0.8461538461538461,0.9548611111111112,0.9736417428725122,0.9152930402930401,143,0,2,11,156,13,8.33,0.2558435955182334,1.3868146110983339e-07,0.9999997711930075,0.07116899837077888
456,5,C_raw_focal_noW,14,0.0921027469999558,2.0,0.75,0.9871794871794872,1.0,0.8461538461538461,0.9548611111111112,0.9381387842926305,0.9030013049151806,143,0,2,11,156,13,8.33,0.24339630134592818,0.003260955247737248,0.9938432114184971,0.08266617021886279
456,5,D_raw_focal_W,14,0.09191379899999674,2.0,0.75,0.9871794871794872,1.0,0.8461538461538461,0.9548611111111112,0.9381387842926305,0.9030013049151806,143,0,2,11,156,13,8.33,0.24339630134592818,0.003260955247737248,0.9938432114184971,0.08266617021886279
456,5,E_all_ce_noW,15,0.11783853299999691,2.0,0.75,0.9807692307692307,1.0,0.7692307692307693,0.929592297276967,0.9784830554061323,0.9128371628371628,143,0,3,10,156,13,8.33,0.24477666928239425,3.383141271015816e-08,0.9999993426238978,0.06433030033442831
456,5,F_all_ce_W,15,0.12404312699999309,2.0,0.75,0.9807692307692307,1.0,0.7692307692307693,0.929592297276967,0.9833243679397525,0.908578600886293,143,0,3,10,156,13,8.33,0.24466967183957714,1.3747038178664316e-07,0.9999997132177557,0.06577155598267824
456,5,G_all_focal_noW,15,0.09564613800000643,2.0,0.75,0.9807692307692307,1.0,0.7692307692307693,0.929592297276967,0.9677245831091985,0.8785164835164836,143,0,3,10,156,13,8.33,0.23841734285787533,0.00294296921708597,0.994909920900862,0.08003256572609499
456,5,H_all_focal_W,15,0.09545573600001944,2.0,0.75,0.9807692307692307,1.0,0.7692307692307693,0.929592297276967,0.9677245831091985,0.8785164835164836,143,0,3,10,156,13,8.33,0.23841734285787533,0.00294296921708597,0.994909920900862,0.08003256572609499
456,5,LEGACY_A,14,0.10216390800002273,2.0,0.75,0.9871794871794872,1.0,0.8461538461538461,0.9548611111111112,0.9402904787520172,0.9159567705022249,143,0,2,11,156,13,8.33,0.25721107664370985,4.253853722022688e-08,0.9999995712058951,0.07414517873261636
456,6,A_raw_ce_noW,14,0.12572621700002173,2.0,0.75,1.0,1.0,1.0,1.0,1.0,1.0,143,0,0,14,157,14,8.92,0.2849425069414503,3.9026506003578076e-08,0.9999989734676318,0.0892305906645386
456,6,B_raw_ce_W,14,0.12188140800003566,2.0,0.75,1.0,1.0,1.0,1.0,1.0,1.0,143,0,0,14,157,14,8.92,0.2848696289974374,1.0391274051451204e-07,0.9999997853319805,0.08946639029418632
456,6,C_raw_focal_noW,14,0.09827245500002846,2.0,0.75,1.0,1.0,1.0,1.0,1.0,0.9999999999999999,143,0,0,14,157,14,8.92,0.2752073839793895,0.0030380178269302205,0.9938670920807435,0.10090039139259277
456,6,D_raw_focal_W,14,0.09319118999997045,2.0,0.75,1.0,1.0,1.0,1.0,1.0,0.9999999999999999,143,0,0,14,157,14,8.92,0.2752073839793895,0.0030380178269302205,0.9938670920807435,0.10090039139259277
456,6,E_all_ce_noW,15,0.1246075050000286,2.0,0.75,1.0,1.0,1.0,1.0,1.0,1.0,143,0,0,14,157,14,8.92,0.28483900066218704,3.318783941781479e-08,0.9999989924182278,0.08958196519972483
456,6,F_all_ce_W,15,0.133917112000006,2.0,0.75,1.0,1.0,1.0,1.0,1.0,1.0,143,0,0,14,157,14,8.92,0.28484222569257434,1.206282042760837e-07,0.9999997482517738,0.09010228289371197
456,6,G_all_focal_noW,15,0.10841430800002172,2.0,0.75,1.0,1.0,1.0,1.0,1.0,0.9999999999999998,143,0,0,14,157,14,8.92,0.27457476652866186,0.0026965588650075248,0.9927015960187775,0.10020849422302464
456,6,H_all_focal_W,15,0.10157525799996847,2.0,0.75,1.0,1.0,1.0,1.0,1.0,0.9999999999999998,143,0,0,14,157,14,8.92,0.27457476652866186,0.0026965588650075248,0.9927015960187775,0.10020849422302464
456,6,LEGACY_A,14,0.12872459300001537,2.0,0.75,1.0,1.0,1.0,1.0,1.0,0.9999999999999999,143,0,0,14,157,14,8.92,0.2849376708994084,3.145025635102963e-08,0.9999995554994614,0.08933546966494946
456,7,A_raw_ce_noW,14,0.12608141999999134,2.0,0.75,0.9808917197452229,1.0,0.7857142857142857,0.9348096885813149,0.974025974025974,0.9175595238095238,143,0,3,11,157,14,8.92,0.24905647054621532,7.379952022853346e-08,0.99999795723053,0.07031061317992167
456,7,B_raw_ce_W,14,0.18341956899996603,2.0,0.75,0.9808917197452229,1.0,0.7857142857142857,0.9348096885813149,0.9630369630369631,0.9137557462009194,143,0,3,11,157,14,8.92,0.25427560071791355,1.54565328708068e-07,0.9999993575566226,0.07337820603348981
456,7,C_raw_focal_noW,14,0.14868147000004228,2.0,0.75,0.9808917197452229,1.0,0.7857142857142857,0.9348096885813149,0.982017982017982,0.9364551671732522,143,0,3,11,157,14,8.92,0.24577818594718878,0.0021190421950326825,0.993383995793111,0.08306222548166586
456,7,D_raw_focal_W,14,0.14534898300001942,2.0,0.75,0.9808917197452229,1.0,0.7857142857142857,0.9348096885813149,0.982017982017982,0.9364551671732522,143,0,3,11,157,14,8.92,0.24577818594718878,0.0021190421950326825,0.993383995793111,0.08306222548166586
456,7,E_all_ce_noW,15,0.1799989040000014,2.0,0.75,0.9808917197452229,1.0,0.7857142857142857,0.9348096885813149,0.9790209790209791,0.9258780435251022,143,0,3,11,157,14,8.92,0.2517382430395176,6.435119217989719e-08,0.9999976692332578,0.07207778864436681
456,7,F_all_ce_W,15,0.20468176800000037,2.0,0.75,0.9872611464968153,1.0,0.8571428571428571,0.9580662393162394,0.9815184815184815,0.928237259816207,143,0,2,12,157,14,8.92,0.25807600272873105,8.690395110871756e-08,0.9999994230404146,0.07649651311975224
456,7,G_all_focal_noW,15,0.13763530599999285,2.0,0.75,0.9872611464968153,1.0,0.8571428571428571,0.9580662393162394,0.983016983016983,0.9344919786096255,143,0,2,12,157,14,8.92,0.24769792942544497,0.0025635741731741516,0.9930340057438661,0.0885501933089084
456,7,H_all_focal_W,15,0.13828950900000336,2.0,0.75,0.9872611464968153,1.0,0.8571428571428571,0.9580662393162394,0.983016983016983,0.9344919786096255,143,0,2,12,157,14,8.92,0.24769792942544497,0.0025635741731741516,0.9930340057438661,0.0885501933089084
456,7,LEGACY_A,14,0.16060830700001816,2.0,0.75,0.9681528662420382,0.8461538461538461,0.7857142857142857,0.8986966060136792,0.969030969030969,0.9151785714285714,141,2,3,11,157,14,8.92,0.2657398055045115,4.511033246966921e-08,0.9999995666963689,0.0797101487906032
456,8,A_raw_ce_noW,14,0.17518534900000304,2.0,0.75,0.9745222929936306,0.9166666666666666,0.7857142857142857,0.9161324786324787,0.996003996003996,0.9679748822605967,142,1,3,11,157,14,8.92,0.2530687931620245,6.561980958161121e-08,0.9999988904587492,0.07535377982901696
456,8,B_raw_ce_W,14,0.19444007200002034,2.0,0.75,0.9745222929936306,0.9166666666666666,0.7857142857142857,0.9161324786324787,0.9935064935064936,0.9490072556842744,142,1,3,11,157,14,8.92,0.25621794026785144,1.5992012419291164e-07,0.9999997385731152,0.07437270687237042
456,8,C_raw_focal_noW,14,0.1344038400000045,2.0,0.75,0.9745222929936306,0.9166666666666666,0.7857142857142857,0.9161324786324787,0.9945054945054945,0.9531480424337566,142,1,3,11,157,14,8.92,0.24117363120111407,0.002923279600685554,0.9948643957080898,0.08652788553729919
456,8,D_raw_focal_W,14,0.1393588500000078,2.0,0.75,0.9745222929936306,0.9166666666666666,0.7857142857142857,0.9161324786324787,0.9945054945054945,0.9531480424337566,142,1,3,11,157,14,8.92,0.24117363120111407,0.002923279600685554,0.9948643957080898,0.08652788553729919
456,8,E_all_ce_noW,15,0.18680791900004579,2.0,0.75,0.9808917197452229,0.9230769230769231,0.8571428571428571,0.9392179636082074,0.9965034965034965,0.970606461207965,142,1,2,12,157,14,8.92,0.2605260909615837,7.272431997040145e-08,0.9999993592833454,0.08021542251057885
456,8,F_all_ce_W,15,0.20169646399995145,2.0,0.75,0.9808917197452229,0.9230769230769231,0.8571428571428571,0.9392179636082074,0.9950049950049951,0.963429427715142,142,1,2,12,157,14,8.92,0.26926592666601734,1.9545433724441668e-07,0.9999997300803305,0.08286008995020062
456,8,G_all_focal_noW,15,0.14194045800002186,2.0,0.75,0.9808917197452229,0.9230769230769231,0.8571428571428571,0.9392179636082074,0.997002997002997,0.9708460307199802,142,1,2,12,157,14,8.92,0.25157556027563416,0.0045471040950447635,0.993768810220447,0.09060358102603402
456,8,H_all_focal_W,15,0.14732420899997578,2.0,0.75,0.9808917197452229,0.9230769230769231,0.8571428571428571,0.9392179636082074,0.997002997002997,0.9708460307199802,142,1,2,12,157,14,8.92,0.25157556027563416,0.0045471040950447635,0.993768810220447,0.09060358102603402
456,8,LEGACY_A,14,0.1558589659999825,2.0,0.75,0.9745222929936306,0.9166666666666666,0.7857142857142857,0.9161324786324787,0.9925074925074925,0.9445578231292516,142,1,3,11,157,14,8.92,0.2586906054341332,8.014791885307783e-08,0.9999994374501735,0.07606791422603996
456,9,A_raw_ce_noW,14,0.16019265599999244,2.0,0.75,1.0,1.0,1.0,1.0,1.0,0.9999999999999998,143,0,0,14,157,14,8.92,0.2844724685364092,4.3769552310083625e-08,0.9999990090461953,0.0893259411521977
456,9,B_raw_ce_W,14,0.19911534999999958,2.0,0.75,1.0,1.0,1.0,1.0,1.0,0.9999999999999998,143,0,0,14,157,14,8.92,0.28494704265445403,1.4214312289656915e-07,0.9999997686043052,0.09047154398229518
456,9,C_raw_focal_noW,14,0.14791520500000388,2.0,0.75,1.0,1.0,1.0,1.0,1.0,0.9999999999999998,143,0,0,14,157,14,8.92,0.27628295832643507,0.0027524254864983964,0.9944791286066957,0.09812070417253803
456,9,D_raw_focal_W,14,0.15658160899999984,2.0,0.75,1.0,1.0,1.0,1.0,1.0,0.9999999999999998,143,0,0,14,157,14,8.92,0.27628295832643507,0.0027524254864983964,0.9944791286066957,0.09812070417253803
456,9,E_all_ce_noW,15,0.20562174400004096,2.0,0.75,1.0,1.0,1.0,1.0,1.0,0.9999999999999998,143,0,0,14,157,14,8.92,0.28280365567678695,3.4734990865991526e-08,0.9999987327509189,0.0893745505330492
456,9,F_all_ce_W,15,0.22423391900002798,2.0,0.75,1.0,1.0,1.0,1.0,1.0,0.9999999999999998,143,0,0,14,157,14,8.92,0.2833052452410081,9.105662193013373e-08,0.9999996826896328,0.08982483267986507
456,9,G_all_focal_noW,15,0.10643332799998007,2.0,0.75,1.0,1.0,1.0,1.0,1.0,0.9999999999999998,143,0,0,14,157,14,8.92,0.27527282483208565,0.0026476252139365605,0.9942163819892927,0.09675499764804375
456,9,H_all_focal_W,15,0.09974978999997575,2.0,0.75,1.0,1.0,1.0,1.0,1.0,0.9999999999999998,143,0,0,14,157,14,8.92,0.27527282483208565,0.0026476252139365605,0.9942163819892927,0.09675499764804375
456,9,LEGACY_A,14,0.11898120800003653,2.0,0.75,1.0,1.0,1.0,1.0,1.0,0.9999999999999998,143,0,0,14,157,14,8.92,0.28452570219702716,3.128804745968298e-08,0.9999995134127594,0.09003231645959345
456,10,A_raw_ce_noW,14,0.12315309899997828,2.0,0.75,0.9935897435897436,1.0,0.9230769230769231,0.9782578397212544,1.0,0.9999999999999998,143,0,1,12,156,13,8.33,0.2663623479298511,2.9593157547414454e-08,0.9999993431951963,0.07719737803871986
456,10,B_raw_ce_W,14,0.12297239999998055,2.0,0.75,0.9935897435897436,1.0,0.9230769230769231,0.9782578397212544,1.0,0.9999999999999998,143,0,1,12,156,13,8.33,0.2679025793353931,1.5205370037910383e-07,0.9999997852206952,0.07985831907027116
456,10,C_raw_focal_noW,14,0.09947412400003941,2.0,0.75,0.9935897435897436,1.0,0.9230769230769231,0.9782578397212544,0.9994620763851533,0.9945054945054944,143,0,1,12,156,13,8.33,0.2601486269589129,0.0025933530808892476,0.9947970313758131,0.08810068767943209
456,10,D_raw_focal_W,14,0.09818531100000882,2.0,0.75,0.9935897435897436,1.0,0.9230769230769231,0.9782578397212544,0.9994620763851533,0.9945054945054944,143,0,1,12,156,13,8.33,0.2601486269589129,0.0025933530808892476,0.9947970313758131,0.08810068767943209
456,10,E_all_ce_noW,15,0.1238163630000031,2.0,0.75,0.9935897435897436,1.0,0.9230769230769231,0.9782578397212544,1.0,0.9999999999999998,143,0,1,12,156,13,8.33,0.2663645216457233,3.481807815424413e-08,0.9999994698527432,0.07847536338466941
456,10,F_all_ce_W,15,0.13663384000000178,2.0,0.75,0.9935897435897436,1.0,0.9230769230769231,0.9782578397212544,0.9994620763851533,0.9945054945054943,143,0,1,12,156,13,8.33,0.2674665904868394,1.482850465132188e-07,0.9999997891172488,0.08096567196975829
456,10,G_all_focal_noW,15,0.10457244099995933,2.0,0.75,0.9935897435897436,0.9285714285714286,1.0,0.9797270955165691,0.9994620763851533,0.9945054945054943,142,1,0,13,156,13,8.33,0.2655337833478943,0.00241652095148027,0.9944856534438352,0.09234203325208092
456,10,H_all_focal_W,15,0.10076782200002299,2.0,0.75,0.9935897435897436,0.9285714285714286,1.0,0.9797270955165691,0.9994620763851533,0.9945054945054943,142,1,0,13,156,13,8.33,0.2655337833478943,0.00241652095148027,0.9944856534438352,0.09234203325208092
456,10,LEGACY_A,14,0.12376343299996506,2.0,0.75,1.0,1.0,1.0,1.0,1.0,0.9999999999999998,143,0,0,13,156,13,8.33,0.2707515620711191,2.873872938491455e-08,0.9999996805872396,0.08131698491394634
456,11,A_raw_ce_noW,14,0.10894508100000166,2.0,0.75,0.9872611464968153,1.0,0.8571428571428571,0.9580662393162394,0.9885114885114885,0.9555984555984556,143,0,2,12,157,14,8.92,0.26556451303404033,4.4951353811999804e-08,0.999998786523756,0.07714653150943655
456,11,B_raw_ce_W,14,0.11964037500001723,2.0,0.75,0.9872611464968153,1.0,0.8571428571428571,0.9580662393162394,0.9855144855144855,0.9518272425249168,143,0,2,12,157,14,8.92,0.26817633705622806,1.4624631059216035e-07,0.9999997168833663,0.08163185920492537
456,11,C_raw_focal_noW,14,0.0963812120000398,2.0,0.75,0.9872611464968153,1.0,0.8571428571428571,0.9580662393162394,0.987012987012987,0.9535714285714285,143,0,2,12,157,14,8.92,0.25982864289746693,0.003108550950012105,0.9935212504565112,0.08913365090716456
456,11,D_raw_focal_W,14,0.09528991199999837,2.0,0.75,0.9872611464968153,1.0,0.8571428571428571,0.9580662393162394,0.987012987012987,0.9535714285714285,143,0,2,12,157,14,8.92,0.25982864289746693,0.003108550950012105,0.9935212504565112,0.08913365090716456
456,11,E_all_ce_noW,15,0.11998904899996887,2.0,0.75,0.9936305732484076,1.0,0.9285714285714286,0.9797393212027359,0.9875124875124875,0.9542124542124542,143,0,1,13,157,14,8.92,0.26910803172352593,3.159860686690881e-08,0.9999990252063494,0.08078199747687131
456,11,F_all_ce_W,15,0.12059320299999854,2.0,0.75,0.9936305732484076,1.0,0.9285714285714286,0.9797393212027359,0.9885114885114885,0.9555984555984556,143,0,1,13,157,14,8.92,0.27350923760165063,1.1856300564613413e-07,0.9999997794234128,0.08338534260260892
456,11,G_all_focal_noW,15,0.11626740899998822,2.0,0.75,0.9872611464968153,1.0,0.8571428571428571,0.9580662393162394,0.9915084915084915,0.9608294930875575,143,0,2,12,157,14,8.92,0.261928569745572,0.0016788216968809827,0.9928001330330632,0.08987528382116494
456,11,H_all_focal_W,15,0.10816691000002265,2.0,0.75,0.9872611464968153,1.0,0.8571428571428571,0.9580662393162394,0.9915084915084915,0.9608294930875575,143,0,2,12,157,14,8.92,0.261928569745572,0.0016788216968809827,0.9928001330330632,0.08987528382116494
456,11,LEGACY_A,14,0.11141108500004293,2.0,0.75,0.9936305732484076,1.0,0.9285714285714286,0.9797393212027359,0.979020979020979,0.9464285714285714,143,0,1,13,157,14,8.92,0.26946582451563944,6.521327224548668e-08,0.9999995142223002,0.0827417989695271
456,12,A_raw_ce_noW,14,0.11334128900000451,2.0,0.75,0.9745222929936306,1.0,0.7142857142857143,0.9097701149425288,0.992007992007992,0.9334554334554332,143,0,4,10,157,14,8.92,0.24683345707713175,3.5541648892499335e-08,0.9999987717584304,0.06905172954175451
456,12,B_raw_ce_W,14,0.12261903600000323,2.0,0.75,0.9617834394904459,0.8333333333333334,0.7142857142857143,0.874198717948718,0.9915084915084915,0.93299161156304,141,2,4,10,157,14,8.92,0.2564033719235157,1.4183343867165191e-07,0.9999997284090498,0.07448134449824931
456,12,C_raw_focal_noW,14,0.2901068319999922,2.0,0.75,0.9681528662420382,0.9090909090909091,0.7142857142857143,0.8913494809688581,0.9895104895104895,0.9183063177424079,142,1,4,10,157,14,8.92,0.24507707516858654,0.0025356045547940613,0.992113955202425,0.0842470033547255
456,12,D_raw_focal_W,14,0.11538977999998679,2.0,0.75,0.9681528662420382,0.9090909090909091,0.7142857142857143,0.8913494809688581,0.9895104895104895,0.9183063177424079,142,1,4,10,157,14,8.92,0.24507707516858654,0.0025356045547940613,0.992113955202425,0.0842470033547255
456,12,E_all_ce_noW,15,0.13062338399998907,2.0,0.75,0.9681528662420382,0.8461538461538461,0.7857142857142857,0.8986966060136792,0.9930069930069929,0.9425736961451245,141,2,3,11,157,14,8.92,0.26184454906598714,4.227361577187276e-08,0.9999989358225132,0.08096587835042156
456,12,F_all_ce_W,15,0.13716557600002943,2.0,0.75,0.9745222929936306,0.8571428571428571,0.8571428571428571,0.9215784215784215,0.9945054945054945,0.9558672321830215,141,2,2,12,157,14,8.92,0.27075982507249235,1.5526327117141317e-07,0.999999781378348,0.0854715524023218
456,12,G_all_focal_noW,15,0.09990917099997887,2.0,0.75,0.9808917197452229,0.9230769230769231,0.8571428571428571,0.9392179636082074,0.9930069930069929,0.9472099458512501,142,1,2,12,157,14,8.92,0.24926408055296734,0.0028269603848301212,0.9932868351133495,0.08871174140552729
456,12,H_all_focal_W,15,0.1017121730000099,2.0,0.75,0.9808917197452229,0.9230769230769231,0.8571428571428571,0.9392179636082074,0.9930069930069929,0.9472099458512501,142,1,2,12,157,14,8.92,0.24926408055296734,0.0028269603848301212,0.9932868351133495,0.08871174140552729
456,12,LEGACY_A,14,0.11324890800000276,2.0,0.75,0.9681528662420382,0.9090909090909091,0.7142857142857143,0.8913494809688581,0.9885114885114885,0.9198242233956518,142,1,4,10,157,14,8.92,0.25054665400224174,3.257163664156322e-08,0.9999994868691333,0.0706321234952643
456,13,A_raw_ce_noW,14,0.11064769899996918,2.0,0.75,0.9936305732484076,1.0,0.9285714285714286,0.9797393212027359,0.999000999000999,0.9910714285714285,143,0,1,13,157,14,8.92,0.2685218491462894,3.386891370711921e-08,0.9999986357651831,0.08060932720339671
456,13,B_raw_ce_W,14,0.134738126000002,2.0,0.75,0.9936305732484076,1.0,0.9285714285714286,0.9797393212027359,0.9990009990009989,0.9910714285714285,143,0,1,13,157,14,8.92,0.27340599486489303,1.527527585551411e-07,0.9999996692085356,0.0831669472779973
456,13,C_raw_focal_noW,14,0.10032421500000055,2.0,0.75,0.9872611464968153,0.9285714285714286,0.9285714285714286,0.9607892107892109,0.999000999000999,0.9910714285714285,142,1,1,13,157,14,8.92,0.2596979456968216,0.0026733498197056755,0.9941793455471943,0.0928059126563205
456,13,D_raw_focal_W,14,0.09458113700003423,2.0,0.75,0.9872611464968153,0.9285714285714286,0.9285714285714286,0.9607892107892109,0.999000999000999,0.9910714285714285,142,1,1,13,157,14,8.92,0.2596979456968216,0.0026733498197056755,0.9941793455471943,0.0928059126563205
456,13,E_all_ce_noW,15,0.12290954599995985,2.0,0.75,0.9872611464968153,1.0,0.8571428571428571,0.9580662393162394,0.9995004995004995,0.9952380952380951,143,0,2,12,157,14,8.92,0.2673498085566053,3.1527456402792285e-08,0.9999983318179211,0.07952439274024535
456,13,F_all_ce_W,15,0.13506964999999127,2.0,0.75,0.9936305732484076,1.0,0.9285714285714286,0.9797393212027359,0.9990009990009989,0.9910714285714285,143,0,1,13,157,14,8.92,0.2721227233351895,1.4214015608755842e-07,0.9999996687171456,0.0831001812069396
456,13,G_all_focal_noW,15,0.09749083899998823,2.0,0.75,0.9872611464968153,0.9285714285714286,0.9285714285714286,0.9607892107892109,0.999000999000999,0.9910714285714285,142,1,1,13,157,14,8.92,0.26208400261680803,0.0026318057366471093,0.9927357395941858,0.09184373809970835
456,13,H_all_focal_W,15,0.09911748899997974,2.0,0.75,0.9872611464968153,0.9285714285714286,0.9285714285714286,0.9607892107892109,0.999000999000999,0.9910714285714285,142,1,1,13,157,14,8.92,0.26208400261680803,0.0026318057366471093,0.9927357395941858,0.09184373809970835
456,13,LEGACY_A,14,0.11806828499999256,2.0,0.75,0.9936305732484076,1.0,0.9285714285714286,0.9797393212027359,0.9990009990009989,0.9910714285714285,143,0,1,13,157,14,8.92,0.26768845681088216,3.139315331025434e-08,0.9999996426575912,0.07966169286047209
456,14,A_raw_ce_noW,14,0.11290463900002123,2.0,0.75,0.9808917197452229,0.9230769230769231,0.8571428571428571,0.9392179636082074,0.9935064935064934,0.9508547008547008,142,1,2,12,157,14,8.92,0.27550027582941583,5.402249516906506e-08,0.9999992414132725,0.08297581569754199
456,14,B_raw_ce_W,14,0.11424130699998614,2.0,0.75,0.9808917197452229,0.9230769230769231,0.8571428571428571,0.9392179636082074,0.9945054945054945,0.9558672321830216,142,1,2,12,157,14,8.92,0.2755259174997428,1.398891069202417e-07,0.9999997972705303,0.08380889012511422
456,14,C_raw_focal_noW,14,0.09536993800003302,2.0,0.75,0.9808917197452229,0.9230769230769231,0.8571428571428571,0.9392179636082074,0.9935064935064934,0.9536340852130325,142,1,2,12,157,14,8.92,0.26814708184639313,0.004338418429382008,0.9938362593131952,0.0978297792473892
456,14,D_raw_focal_W,14,0.09339826399997264,2.0,0.75,0.9808917197452229,0.9230769230769231,0.8571428571428571,0.9392179636082074,0.9935064935064934,0.9536340852130325,142,1,2,12,157,14,8.92,0.26814708184639313,0.004338418429382008,0.9938362593131952,0.0978297792473892
456,14,E_all_ce_noW,15,0.12002968000001601,2.0,0.75,0.9745222929936306,0.8571428571428571,0.8571428571428571,0.9215784215784215,0.9965034965034965,0.970734126984127,141,2,2,12,157,14,8.92,0.27743003033426905,5.147186031156146e-08,0.9999993332663533,0.0860646552329223
456,14,F_all_ce_W,15,0.13286238699998876,2.0,0.75,0.9745222929936306,0.8571428571428571,0.8571428571428571,0.9215784215784215,0.9955044955044955,0.9643962848297212,141,2,2,12,157,14,8.92,0.27918242303398094,1.347432324603171e-07,0.9999997799453391,0.0871558774262309
456,14,G_all_focal_noW,15,0.10294634400003133,2.0,0.75,0.9745222929936306,0.8571428571428571,0.8571428571428571,0.9215784215784215,0.9955044955044955,0.9643962848297212,141,2,2,12,157,14,8.92,0.2740141806279006,0.0036206751658832623,0.9954174809749604,0.10081560842944388
456,14,H_all_focal_W,15,0.1003422639999485,2.0,0.75,0.9745222929936306,0.8571428571428571,0.8571428571428571,0.9215784215784215,0.9955044955044955,0.9643962848297212,141,2,2,12,157,14,8.92,0.2740141806279006,0.0036206751658832623,0.9954174809749604,0.10081560842944388
456,14,LEGACY_A,14,0.12370582299996613,2.0,0.75,0.9808917197452229,0.9230769230769231,0.8571428571428571,0.9392179636082074,0.9980019980019981,0.9815476190476189,142,1,2,12,157,14,8.92,0.275417153352838,3.8072434525859095e-08,0.9999996752469227,0.0834327617379918
456,15,A_raw_ce_noW,14,0.10696266299999024,2.0,0.75,0.9935897435897436,1.0,0.9230769230769231,0.9782578397212544,0.9973103819257666,0.9786324786324785,143,0,1,12,156,13,8.33,0.2664160627153039,4.777776656469241e-08,0.9999992965960977,0.07706193117116178
456,15,B_raw_ce_W,14,0.11337984599998663,2.0,0.75,0.9935897435897436,1.0,0.9230769230769231,0.9782578397212544,0.9951586874663798,0.9685314685314685,143,0,1,12,156,13,8.33,0.26633008797657143,1.681777074856117e-07,0.9999998125502714,0.07769218237995493
456,15,C_raw_focal_noW,14,0.09530788600000051,2.0,0.75,0.9935897435897436,1.0,0.9230769230769231,0.9782578397212544,0.9983862291554599,0.9855769230769229,143,0,1,12,156,13,8.33,0.2580838126617674,0.0032687141559115595,0.9952214083161278,0.08959492600520179
456,15,D_raw_focal_W,14,0.09710881000000882,2.0,0.75,0.9935897435897436,1.0,0.9230769230769231,0.9782578397212544,0.9983862291554599,0.9855769230769229,143,0,1,12,156,13,8.33,0.2580838126617674,0.0032687141559115595,0.9952214083161278,0.08959492600520179
456,15,E_all_ce_noW,15,0.12188211899996304,2.0,0.75,0.9935897435897436,1.0,0.9230769230769231,0.9782578397212544,0.9973103819257666,0.9786324786324787,143,0,1,12,156,13,8.33,0.26632320274137383,7.929497191141927e-08,0.9999992977615317,0.07782230601411735
456,15,F_all_ce_W,15,0.13290474999996604,2.0,0.75,0.9935897435897436,1.0,0.9230769230769231,0.9782578397212544,0.9951586874663798,0.9685314685314685,143,0,1,12,156,13,8.33,0.2675035369252673,1.719462256751634e-07,0.9999998338425738,0.08048698204732237
456,15,G_all_focal_noW,15,0.12004815699998517,2.0,0.75,0.9935897435897436,1.0,0.9230769230769231,0.9782578397212544,0.9962345346960731,0.9730769230769232,143,0,1,12,156,13,8.33,0.2593105318597236,0.0033175077644788556,0.9933896823931724,0.0916800261897074
456,15,H_all_focal_W,15,0.09704549700001053,2.0,0.75,0.9935897435897436,1.0,0.9230769230769231,0.9782578397212544,0.9962345346960731,0.9730769230769232,143,0,1,12,156,13,8.33,0.2593105318597236,0.0033175077644788556,0.9933896823931724,0.0916800261897074
456,15,LEGACY_A,14,0.10821325099999513,2.0,0.75,0.9935897435897436,1.0,0.9230769230769231,0.9782578397212544,0.9962345346960731,0.973076923076923,143,0,1,12,156,13,8.33,0.26644394369224284,4.0788147765258466e-08,0.9999996350863282,0.077011731143769
456,16,A_raw_ce_noW,14,0.10889939200001209,2.0,0.75,0.9872611464968153,1.0,0.8571428571428571,0.9580662393162394,0.9755244755244755,0.9259715380405034,143,0,2,12,157,14,8.92,0.265583622105238,4.961258786442598e-08,0.9999990149893693,0.07676458932042071
456,16,B_raw_ce_W,14,0.11924290000001747,2.0,0.75,0.9872611464968153,1.0,0.8571428571428571,0.9580662393162394,0.97002997002997,0.920720919946926,143,0,2,12,157,14,8.92,0.26558016935775935,1.4934032136600634e-07,0.9999997614179094,0.07689096459519183
456,16,C_raw_focal_noW,14,0.0954823349999856,2.0,0.75,0.9872611464968153,1.0,0.8571428571428571,0.9580662393162394,0.9675324675324676,0.9197136677309712,143,0,2,12,157,14,8.92,0.2577552937987475,0.0023303201486309963,0.9956308251754958,0.0866421640986373
456,16,D_raw_focal_W,14,0.10498078799997757,2.0,0.75,0.9872611464968153,1.0,0.8571428571428571,0.9580662393162394,0.9675324675324676,0.9197136677309712,143,0,2,12,157,14,8.92,0.2577552937987475,0.0023303201486309963,0.9956308251754958,0.0866421640986373
456,16,E_all_ce_noW,15,0.11727923299997656,2.0,0.75,0.9872611464968153,1.0,0.8571428571428571,0.9580662393162394,0.9845154845154845,0.928387571244714,143,0,2,12,157,14,8.92,0.2656294709170915,3.808357487977611e-08,0.9999990119867804,0.07657215944526001
456,16,F_all_ce_W,15,0.13904341699998213,2.0,0.75,0.9872611464968153,1.0,0.8571428571428571,0.9580662393162394,0.987012987012987,0.9308488612836439,143,0,2,12,157,14,8.92,0.26550325836690164,9.061100680081916e-08,0.9999997303346143,0.07731312833742422
456,16,G_all_focal_noW,15,0.09881126699997367,2.0,0.75,0.9872611464968153,1.0,0.8571428571428571,0.9580662393162394,0.9730269730269729,0.9246031746031744,143,0,2,12,157,14,8.92,0.25925926449741343,0.0021458825911893006,0.9952711435681221,0.08740639887054241
456,16,H_all_focal_W,15,0.09571320300000252,2.0,0.75,0.9872611464968153,1.0,0.8571428571428571,0.9580662393162394,0.9730269730269729,0.9246031746031744,143,0,2,12,157,14,8.92,0.25925926449741343,0.0021458825911893006,0.9952711435681221,0.08740639887054241
456,16,LEGACY_A,14,0.10978388299997732,2.0,0.75,0.9872611464968153,1.0,0.8571428571428571,0.9580662393162394,0.9765234765234765,0.9220899470899471,143,0,2,12,157,14,8.92,0.26554717034589864,3.331917303084805e-08,0.9999996646013424,0.07832900006051881
456,17,A_raw_ce_noW,14,0.11095868600000358,2.0,0.75,1.0,1.0,1.0,1.0,1.0,0.9999999999999999,143,0,0,14,157,14,8.92,0.284876884350895,3.610813338502528e-08,0.9999990330034543,0.08976907998421148
456,17,B_raw_ce_W,14,0.11993147200001886,2.0,0.75,0.9936305732484076,0.9333333333333333,1.0,0.981004234724743,1.0,1.0,142,1,0,14,157,14,8.92,0.29124256318247466,1.5433024552693006e-07,0.9999998060453373,0.0947037943263729
456,17,C_raw_focal_noW,14,0.10941293499996618,2.0,0.75,1.0,1.0,1.0,1.0,1.0,1.0,143,0,0,14,157,14,8.92,0.2784912872719789,0.0031189340847177266,0.9933291829087897,0.10119346983535524
456,17,D_raw_focal_W,14,0.1139770290000115,2.0,0.75,1.0,1.0,1.0,1.0,1.0,1.0,143,0,0,14,157,14,8.92,0.2784912872719789,0.0031189340847177266,0.9933291829087897,0.10119346983535524
456,17,E_all_ce_noW,15,0.12475568199999998,2.0,0.75,1.0,1.0,1.0,1.0,1.0,0.9999999999999999,143,0,0,14,157,14,8.92,0.28631721129292653,3.139215615525419e-08,0.9999989190506784,0.09203597411003603
456,17,F_all_ce_W,15,0.215379022000036,2.0,0.75,0.9936305732484076,0.9333333333333333,1.0,0.981004234724743,1.0,0.9999999999999999,142,1,0,14,157,14,8.92,0.2898961640479212,1.2965232125455172e-07,0.9999997820901632,0.09409830606635179
456,17,G_all_focal_noW,15,0.16207338899999968,2.0,0.75,0.9936305732484076,0.9333333333333333,1.0,0.981004234724743,1.0,1.0,142,1,0,14,157,14,8.92,0.2794246126860241,0.0025201416472112504,0.9934846533751497,0.10018496453740094
456,17,H_all_focal_W,15,0.14865680700000894,2.0,0.75,0.9936305732484076,0.9333333333333333,1.0,0.981004234724743,1.0,1.0,142,1,0,14,157,14,8.92,0.2794246126860241,0.0025201416472112504,0.9934846533751497,0.10018496453740094
456,17,LEGACY_A,14,0.17828946499997755,2.0,0.75,0.9936305732484076,0.9333333333333333,1.0,0.981004234724743,1.0,0.9999999999999999,142,1,0,14,157,14,8.92,0.2892317832976479,3.0056411436668106e-08,0.999999557578198,0.09383886591035703
456,18,A_raw_ce_noW,14,0.15834777200001326,2.0,0.75,0.9872611464968153,0.9285714285714286,0.9285714285714286,0.9607892107892109,0.9995004995004995,0.9952380952380953,142,1,1,13,157,14,8.92,0.2838190436483814,3.899659479089057e-08,0.9999981482768544,0.08998851472811972
456,18,B_raw_ce_W,14,0.17525419600002579,2.0,0.75,0.9872611464968153,0.9285714285714286,0.9285714285714286,0.9607892107892109,0.999000999000999,0.9910714285714286,142,1,1,13,157,14,8.92,0.28460514610074605,1.389122798672862e-07,0.999999522784124,0.09152998241113504
456,18,C_raw_focal_noW,14,0.1369927060000009,2.0,0.75,0.9872611464968153,0.9285714285714286,0.9285714285714286,0.9607892107892109,0.9985014985014985,0.9846415489272632,142,1,1,13,157,14,8.92,0.27127538966028797,0.0035054359246899586,0.9908655517604585,0.10521628818300044
456,18,D_raw_focal_W,14,0.13327900699999873,2.0,0.75,0.9872611464968153,0.9285714285714286,0.9285714285714286,0.9607892107892109,0.9985014985014985,0.9846415489272632,142,1,1,13,157,14,8.92,0.27127538966028797,0.0035054359246899586,0.9908655517604585,0.10521628818300044
456,18,E_all_ce_noW,15,0.19957204399997863,2.0,0.75,0.9936305732484076,0.9333333333333333,1.0,0.981004234724743,0.9990009990009991,0.9901360544217687,142,1,0,14,157,14,8.92,0.2939715830566267,4.5805802545489195e-08,0.9999984562283801,0.09868645374537956
456,18,F_all_ce_W,15,0.22370376200001374,2.0,0.75,0.9872611464968153,0.875,1.0,0.9631455399061033,0.9995004995004995,0.9952380952380953,141,2,0,14,157,14,8.92,0.2991008171819515,1.3655239769505067e-07,0.9999996486347755,0.1023910038146052
456,18,G_all_focal_noW,15,0.14362716099998352,2.0,0.75,0.9872611464968153,0.875,1.0,0.9631455399061033,0.9985014985014985,0.9846415489272632,141,2,0,14,157,14,8.92,0.27559968928444045,0.0034000954537574475,0.9904188950040006,0.10782391720820378
456,18,H_all_focal_W,15,0.1509941190000177,2.0,0.75,0.9872611464968153,0.875,1.0,0.9631455399061033,0.9985014985014985,0.9846415489272632,141,2,0,14,157,14,8.92,0.27559968928444045,0.0034000954537574475,0.9904188950040006,0.10782391720820378
456,18,LEGACY_A,14,0.17600993600001402,2.0,0.75,0.9872611464968153,0.9285714285714286,0.9285714285714286,0.9607892107892109,0.999000999000999,0.9901360544217687,142,1,1,13,157,14,8.92,0.2835885013529519,2.9289395971280172e-08,0.9999995669175682,0.0908571433533344
456,19,A_raw_ce_noW,14,0.15869051100003162,2.0,0.75,0.9872611464968153,1.0,0.8571428571428571,0.9580662393162394,0.999000999000999,0.9910714285714285,143,0,2,12,157,14,8.92,0.2638578825804562,9.762676426696748e-08,0.999999013896092,0.0764204293869775
456,19,B_raw_ce_W,14,0.1799930990000007,2.0,0.75,0.9872611464968153,1.0,0.8571428571428571,0.9580662393162394,0.9985014985014985,0.9873949579831932,143,0,2,12,157,14,8.92,0.2667489457303207,2.2080676608265255e-07,0.9999997850605455,0.07955222978657507
456,19,C_raw_focal_noW,14,0.14100510700001223,2.0,0.75,0.9872611464968153,1.0,0.8571428571428571,0.9580662393162394,0.9975024975024975,0.9790249433106576,143,0,2,12,157,14,8.92,0.25663961573965044,0.0038119260421841748,0.9939668639879671,0.09061713007902013
456,19,D_raw_focal_W,14,0.13691001600000163,2.0,0.75,0.9872611464968153,1.0,0.8571428571428571,0.9580662393162394,0.9975024975024975,0.9790249433106576,143,0,2,12,157,14,8.92,0.25663961573965044,0.0038119260421841748,0.9939668639879671,0.09061713007902013
456,19,E_all_ce_noW,15,0.17220877500000142,2.0,0.75,0.9808917197452229,1.0,0.7857142857142857,0.9348096885813149,0.9985014985014985,0.9873949579831932,143,0,3,11,157,14,8.92,0.2551186054912491,9.490602967580366e-08,0.9999992882877262,0.07400931966167316
456,19,F_all_ce_W,15,0.2092946920000145,2.0,0.75,0.9936305732484076,1.0,0.9285714285714286,0.9797393212027359,0.9980019980019981,0.9841269841269842,143,0,1,13,157,14,8.92,0.2692315072543551,1.922148691339862e-07,0.9999997599075187,0.0809078173931443
456,19,G_all_focal_noW,15,0.15024264300001278,2.0,0.75,0.9872611464968153,1.0,0.8571428571428571,0.9580662393162394,0.9985014985014985,0.9873949579831933,143,0,2,12,157,14,8.92,0.2547363347637552,0.003636504628566561,0.9942205522662281,0.0892376563128527
456,19,H_all_focal_W,15,0.1669412740000098,2.0,0.75,0.9872611464968153,1.0,0.8571428571428571,0.9580662393162394,0.9985014985014985,0.9873949579831933,143,0,2,12,157,14,8.92,0.2547363347637552,0.003636504628566561,0.9942205522662281,0.0892376563128527
456,19,LEGACY_A,14,0.5867907040000091,2.0,0.75,0.9936305732484076,1.0,0.9285714285714286,0.9797393212027359,0.998001998001998,0.9841269841269842,143,0,1,13,157,14,8.92,0.2708930556965801,7.191756940081851e-08,0.9999996656227109,0.08126111018423668
456,20,A_raw_ce_noW,14,0.1121585459999892,2.0,0.75,1.0,1.0,1.0,1.0,1.0,0.9999999999999998,143,0,0,13,156,13,8.33,0.2748132997968178,3.7620527034869416e-08,0.9999990261861134,0.08288010869844206
456,20,B_raw_ce_W,14,0.1306863460000045,2.0,0.75,1.0,1.0,1.0,1.0,1.0,1.0,143,0,0,13,156,13,8.33,0.2754703630519098,1.402812252472105e-07,0.9999996688992495,0.08313192240523133
456,20,C_raw_focal_noW,14,0.14722904699999617,2.0,0.75,1.0,1.0,1.0,1.0,1.0,1.0,143,0,0,13,156,13,8.33,0.26166615726216164,0.0024744709051404442,0.9950143364641957,0.09116943825412871
456,20,D_raw_focal_W,14,0.23514632699999538,2.0,0.75,1.0,1.0,1.0,1.0,1.0,1.0,143,0,0,13,156,13,8.33,0.26166615726216164,0.0024744709051404442,0.9950143364641957,0.09116943825412871
456,20,E_all_ce_noW,15,0.120951295999987,2.0,0.75,0.9935897435897436,1.0,0.9230769230769231,0.9782578397212544,1.0,1.0,143,0,1,12,156,13,8.33,0.2652763722134398,3.790495467759457e-08,0.9999983703456655,0.07727120680219116
456,20,F_all_ce_W,15,0.13531563600002983,2.0,0.75,0.9935897435897436,1.0,0.9230769230769231,0.9782578397212544,1.0,0.9999999999999998,143,0,1,12,156,13,8.33,0.2662283511992063,1.5283750049618483e-07,0.9999995230936193,0.07800806677105848
456,20,G_all_focal_noW,15,0.09920377899999266,2.0,0.75,0.9935897435897436,1.0,0.9230769230769231,0.9782578397212544,0.9989241527703067,0.9897435897435896,143,0,1,12,156,13,8.33,0.2576826798647577,0.0034207323448117583,0.9955126593643284,0.08908455950409809
456,20,H_all_focal_W,15,0.4022332999999776,2.0,0.75,0.9935897435897436,1.0,0.9230769230769231,0.9782578397212544,0.9989241527703067,0.9897435897435896,143,0,1,12,156,13,8.33,0.2576826798647577,0.0034207323448117583,0.9955126593643284,0.08908455950409809
456,20,LEGACY_A,14,0.11636143699996637,2.0,0.75,1.0,1.0,1.0,1.0,1.0,0.9999999999999998,143,0,0,13,156,13,8.33,0.2754944898039195,3.038258428847377e-08,0.9999995225004461,0.08309781555772208
456,21,A_raw_ce_noW,14,0.10625405100000762,2.0,0.75,0.9745222929936306,0.9166666666666666,0.7857142857142857,0.9161324786324787,0.9975024975024975,0.9721956614813757,142,1,3,11,157,14,8.92,0.26568900451555466,6.77793516726627e-08,0.9999994616645542,0.07873426198934846
456,21,B_raw_ce_W,14,0.10982830700004342,2.0,0.75,0.9745222929936306,0.9166666666666666,0.7857142857142857,0.9161324786324787,0.9975024975024975,0.9721956614813757,142,1,3,11,157,14,8.92,0.2662586722354899,1.720517305664246e-07,0.9999998377981106,0.07941523854967945
456,21,C_raw_focal_noW,14,0.09526196199999504,2.0,0.75,0.9745222929936306,0.9166666666666666,0.7857142857142857,0.9161324786324787,0.9965034965034965,0.9608861376718518,142,1,3,11,157,14,8.92,0.2528531900599383,0.0027971661614452858,0.9950041038602266,0.08891465569511978
456,21,D_raw_focal_W,14,0.09437567499998067,2.0,0.75,0.9745222929936306,0.9166666666666666,0.7857142857142857,0.9161324786324787,0.9965034965034965,0.9608861376718518,142,1,3,11,157,14,8.92,0.2528531900599383,0.0027971661614452858,0.9950041038602266,0.08891465569511978
456,21,E_all_ce_noW,15,0.1358030409999742,2.0,0.75,0.9745222929936306,0.9166666666666666,0.7857142857142857,0.9161324786324787,0.9975024975024975,0.9721956614813757,142,1,3,11,157,14,8.92,0.26552286351249493,5.8584082053363105e-08,0.9999993609314438,0.07706884939482975
456,21,F_all_ce_W,15,0.13145116200001894,2.0,0.75,0.9808917197452229,0.9230769230769231,0.8571428571428571,0.9392179636082074,0.9960039960039959,0.9610845503702645,142,1,2,12,157,14,8.92,0.26769407865388867,1.5332402599026017e-07,0.9999998189350646,0.0799297462273217
456,21,G_all_focal_noW,15,0.10249885299998596,2.0,0.75,0.9808917197452229,0.9230769230769231,0.8571428571428571,0.9392179636082074,0.9960039960039959,0.9610845503702645,142,1,2,12,157,14,8.92,0.2578016119056507,0.0029975573817452054,0.9945416260323615,0.09129338283716225
456,21,H_all_focal_W,15,0.09708333200001107,2.0,0.75,0.9808917197452229,0.9230769230769231,0.8571428571428571,0.9392179636082074,0.9960039960039959,0.9610845503702645,142,1,2,12,157,14,8.92,0.2578016119056507,0.0029975573817452054,0.9945416260323615,0.09129338283716225
456,21,LEGACY_A,14,0.11082523800001809,2.0,0.75,0.9745222929936306,0.9166666666666666,0.7857142857142857,0.9161324786324787,0.9970029970029969,0.973530437816152,142,1,3,11,157,14,8.92,0.2668701175485815,4.937625791570052e-08,0.9999996624965406,0.07955585909132493
456,22,A_raw_ce_noW,14,0.1098041839999837,2.0,0.75,1.0,1.0,1.0,1.0,1.0,1.0,143,0,0,14,157,14,8.92,0.2849516180717149,3.096551133626649e-08,0.9999989821176896,0.08929309175027349
456,22,B_raw_ce_W,14,0.12221092900000485,2.0,0.75,1.0,1.0,1.0,1.0,1.0,0.9999999999999999,143,0,0,14,157,14,8.92,0.2849596707890898,1.4900951922518152e-07,0.9999997400824513,0.08927642007452202
456,22,C_raw_focal_noW,14,0.1142997419999574,2.0,0.75,1.0,1.0,1.0,1.0,1.0,1.0,143,0,0,14,157,14,8.92,0.27853961765415663,0.0030201704488346456,0.9937188378156819,0.10091980262605843
456,22,D_raw_focal_W,14,0.09489505599998438,2.0,0.75,1.0,1.0,1.0,1.0,1.0,1.0,143,0,0,14,157,14,8.92,0.27853961765415663,0.0030201704488346456,0.9937188378156819,0.10091980262605843
456,22,E_all_ce_noW,15,0.12519980100000794,2.0,0.75,1.0,1.0,1.0,1.0,1.0,1.0,143,0,0,14,157,14,8.92,0.284918773998069,3.399224865333098e-08,0.9999988974308525,0.08941408961996136
456,22,F_all_ce_W,15,0.1370823099999825,2.0,0.75,1.0,1.0,1.0,1.0,1.0,1.0,143,0,0,14,157,14,8.92,0.2848303513453873,1.3158188891049222e-07,0.9999997750137353,0.0903396729695732
456,22,G_all_focal_noW,15,0.10067903800000977,2.0,0.75,1.0,1.0,1.0,1.0,1.0,1.0,143,0,0,14,157,14,8.92,0.28009725220412607,0.002708059584190438,0.9933599336164963,0.10185008120315978
456,22,H_all_focal_W,15,0.10099877600003992,2.0,0.75,1.0,1.0,1.0,1.0,1.0,1.0,143,0,0,14,157,14,8.92,0.28009725220412607,0.002708059584190438,0.9933599336164963,0.10185008120315978
456,22,LEGACY_A,14,0.11254462499999818,2.0,0.75,1.0,1.0,1.0,1.0,1.0,1.0,143,0,0,14,157,14,8.92,0.28496270082135766,3.657603940309557e-08,0.9999995392883765,0.08926715029070327
456,23,A_raw_ce_noW,14,0.1136254749999921,2.0,0.75,0.9681528662420382,0.8,0.8571428571428571,0.9050211736237144,0.9955044955044956,0.957845638255302,140,3,2,12,157,14,8.92,0.2787075895342701,3.457402870176744e-08,0.9999992619610394,0.09210579605379064
456,23,B_raw_ce_W,14,0.11924270899999101,2.0,0.75,0.9745222929936306,0.8125,0.9285714285714286,0.9262910798122066,0.9960039960039959,0.9610845503702645,140,3,1,13,157,14,8.92,0.2957240175912016,1.541792076164043e-07,0.9999997814307859,0.09952422969959304
456,23,C_raw_focal_noW,14,0.09578099699996301,2.0,0.75,0.9872611464968153,0.9285714285714286,0.9285714285714286,0.9607892107892109,0.997002997002997,0.973530437816152,142,1,1,13,157,14,8.92,0.2584605692722562,0.0034510104578649265,0.9938701109938721,0.09651630613862462
456,23,D_raw_focal_W,14,0.10371177500002204,2.0,0.75,0.9872611464968153,0.9285714285714286,0.9285714285714286,0.9607892107892109,0.997002997002997,0.973530437816152,142,1,1,13,157,14,8.92,0.2584605692722562,0.0034510104578649265,0.9938701109938721,0.09651630613862462
456,23,E_all_ce_noW,15,0.12589550000001282,2.0,0.75,0.9617834394904459,0.7857142857142857,0.7857142857142857,0.8823676323676324,0.994005994005994,0.9494631185807656,140,3,3,11,157,14,8.92,0.28494598800215976,2.7078570851037185e-08,0.9999995140119194,0.09456942974094315
456,23,F_all_ce_W,15,0.13649638800001185,2.0,0.75,0.9681528662420382,0.8,0.8571428571428571,0.9050211736237144,0.995004995004995,0.952809008218672,140,3,2,12,157,14,8.92,0.29033944229171577,1.3285021172194495e-07,0.9999997908073266,0.09752775233233461
456,23,G_all_focal_noW,15,0.09954261799998676,2.0,0.75,0.9681528662420382,0.8,0.8571428571428571,0.9050211736237144,0.9950049950049951,0.9564484126984127,140,3,2,12,157,14,8.92,0.26982995399629883,0.00176152847393789,0.993881370206015,0.100246732812818
456,23,H_all_focal_W,15,0.09913647899998068,2.0,0.75,0.9681528662420382,0.8,0.8571428571428571,0.9050211736237144,0.9950049950049951,0.9564484126984127,140,3,2,12,157,14,8.92,0.26982995399629883,0.00176152847393789,0.993881370206015,0.100246732812818
456,23,LEGACY_A,14,0.12019697300002008,2.0,0.75,0.9745222929936306,0.8125,0.9285714285714286,0.9262910798122066,0.9955044955044955,0.9605300453514738,140,3,1,13,157,14,8.92,0.2945734796450059,3.2837832650640654e-08,0.9999996000630785,0.09917726820033435
456,24,A_raw_ce_noW,14,0.11087743799998862,2.0,0.75,1.0,1.0,1.0,1.0,1.0,1.0,143,0,0,14,157,14,8.92,0.28495084527042697,4.629047814118183e-08,0.9999993459039518,0.08927953401766713
456,24,B_raw_ce_W,14,0.1254817060000164,2.0,0.75,1.0,1.0,1.0,1.0,1.0,1.0,143,0,0,14,157,14,8.92,0.2849130698159246,1.4488758828733788e-07,0.9999997702217231,0.08949251261486672
456,24,C_raw_focal_noW,14,0.09589869100000215,2.0,0.75,1.0,1.0,1.0,1.0,1.0,1.0,143,0,0,14,157,14,8.92,0.27782873611595554,0.0036381946053977857,0.9936241774757706,0.09890620542086523
456,24,D_raw_focal_W,14,0.10686574400000382,2.0,0.75,1.0,1.0,1.0,1.0,1.0,1.0,143,0,0,14,157,14,8.92,0.27782873611595554,0.0036381946053977857,0.9936241774757706,0.09890620542086523
456,24,E_all_ce_noW,15,0.12243552800003954,2.0,0.75,1.0,1.0,1.0,1.0,1.0,1.0,143,0,0,14,157,14,8.92,0.2849023955735611,3.667921599638791e-08,0.9999992907269378,0.08952322815371527
456,24,F_all_ce_W,15,0.1358623080000143,2.0,0.75,1.0,1.0,1.0,1.0,1.0,1.0,143,0,0,14,157,14,8.92,0.284847121040856,1.4714787067340868e-07,0.9999998077915125,0.0898370531607195
456,24,G_all_focal_noW,15,0.10372530299997607,2.0,0.75,1.0,1.0,1.0,1.0,1.0,1.0,143,0,0,14,157,14,8.92,0.2789162418457886,0.003177643848663815,0.9941253408347589,0.1006582207030841
456,24,H_all_focal_W,15,0.1066726029999927,2.0,0.75,1.0,1.0,1.0,1.0,1.0,1.0,143,0,0,14,157,14,8.92,0.2789162418457886,0.003177643848663815,0.9941253408347589,0.1006582207030841
456,24,LEGACY_A,14,0.11769243300000198,2.0,0.75,1.0,1.0,1.0,1.0,1.0,1.0,143,0,0,14,157,14,8.92,0.2848726116894851,3.447869822609649e-08,0.9999996727227781,0.08974115040696984
456,25,A_raw_ce_noW,14,0.10439035500002092,2.0,0.75,0.9871794871794872,1.0,0.8461538461538461,0.9548611111111112,0.9908552985476062,0.9564102564102563,143,0,2,11,156,13,8.33,0.253836772916478,3.9824977938539885e-08,0.999998578833251,0.0726646996199821
456,25,B_raw_ce_W,14,0.11800891199999342,2.0,0.75,0.9935897435897436,1.0,0.9230769230769231,0.9782578397212544,0.9935449166218396,0.9630769230769229,143,0,1,12,156,13,8.33,0.2637463593526902,1.29080919680567e-07,0.9999996205660752,0.07847151450880009
456,25,C_raw_focal_noW,14,0.09462798199996314,2.0,0.75,0.9935897435897436,1.0,0.9230769230769231,0.9782578397212544,0.9892415277030662,0.9533799533799532,143,0,1,12,156,13,8.33,0.2446622957738317,0.002590804134683415,0.9933738817103954,0.08343876998027393
456,25,D_raw_focal_W,14,0.09395492700002706,2.0,0.75,0.9935897435897436,1.0,0.9230769230769231,0.9782578397212544,0.9892415277030662,0.9533799533799532,143,0,1,12,156,13,8.33,0.2446622957738317,0.002590804134683415,0.9933738817103954,0.08343876998027393
456,25,E_all_ce_noW,15,0.12150983899999801,2.0,0.75,0.9935897435897436,1.0,0.9230769230769231,0.9782578397212544,0.991393222162453,0.9575596816976126,143,0,1,12,156,13,8.33,0.25075114863984094,2.9132373481920784e-08,0.9999987925483609,0.07353847292328991
456,25,F_all_ce_W,15,0.1468192049999857,2.0,0.75,0.9935897435897436,1.0,0.9230769230769231,0.9782578397212544,0.9951586874663798,0.9685314685314683,143,0,1,12,156,13,8.33,0.26040651663609987,1.0878901683927578e-07,0.9999996840057784,0.0798174784426878
456,25,G_all_focal_noW,15,0.10649282000002813,2.0,0.75,0.9935897435897436,1.0,0.9230769230769231,0.9782578397212544,0.993006993006993,0.9615384615384615,143,0,1,12,156,13,8.33,0.2462541477676364,0.0024363595712123395,0.9926176724061224,0.08428976131451228
456,25,H_all_focal_W,15,0.09759127399996714,2.0,0.75,0.9935897435897436,1.0,0.9230769230769231,0.9782578397212544,0.993006993006993,0.9615384615384615,143,0,1,12,156,13,8.33,0.2462541477676364,0.0024363595712123395,0.9926176724061224,0.08428976131451228
456,25,LEGACY_A,14,0.10836488099999997,2.0,0.75,0.9807692307692307,0.9166666666666666,0.8461538461538461,0.9347735191637631,0.9903173749327596,0.9452322655240426,142,1,2,11,156,13,8.33,0.25391982201287416,4.562372494097904e-08,0.9999995374609664,0.07522771972334748
789,1,A_raw_ce_noW,14,0.11027844900002037,2.0,0.75,1.0,1.0,1.0,1.0,1.0,0.9999999999999999,143,0,0,14,157,14,8.92,0.2825840821466978,4.588436831213871e-08,0.9999991642211312,0.08926674857298442
789,1,B_raw_ce_W,14,0.11851260299999922,2.0,0.75,1.0,1.0,1.0,1.0,1.0,0.9999999999999999,143,0,0,14,157,14,8.92,0.2846322175949754,1.4638092308043436e-07,0.9999996896775903,0.09073503634691087
789,1,C_raw_focal_noW,14,0.09843265000000656,2.0,0.75,1.0,1.0,1.0,1.0,1.0,0.9999999999999999,143,0,0,14,157,14,8.92,0.2722700157272951,0.0038780707439309164,0.9943069316844844,0.10136092038800945
789,1,D_raw_focal_W,14,0.10065091000001303,2.0,0.75,1.0,1.0,1.0,1.0,1.0,0.9999999999999999,143,0,0,14,157,14,8.92,0.2722700157272951,0.0038780707439309164,0.9943069316844844,0.10136092038800945
789,1,E_all_ce_noW,15,0.1348795270000096,2.0,0.75,1.0,1.0,1.0,1.0,1.0,1.0,143,0,0,14,157,14,8.92,0.2798245292507219,3.769554443411997e-08,0.9999990692488528,0.08757892712283794
789,1,F_all_ce_W,15,0.1327854599999796,2.0,0.75,1.0,1.0,1.0,1.0,1.0,0.9999999999999999,143,0,0,14,157,14,8.92,0.2828801952051751,8.287726983851351e-08,0.999999733697822,0.08936332460706133
789,1,G_all_focal_noW,15,0.09821489800003746,2.0,0.75,1.0,1.0,1.0,1.0,1.0,0.9999999999999999,143,0,0,14,157,14,8.92,0.2720990163046177,0.0037535493280203397,0.9937121941875696,0.10109837803792018
789,1,H_all_focal_W,15,0.09989673300003687,2.0,0.75,1.0,1.0,1.0,1.0,1.0,0.9999999999999999,143,0,0,14,157,14,8.92,0.2720990163046177,0.0037535493280203397,0.9937121941875696,0.10109837803792018
789,1,LEGACY_A,14,0.11650584000000208,2.0,0.75,1.0,1.0,1.0,1.0,1.0,0.9999999999999999,143,0,0,14,157,14,8.92,0.2846687860469844,3.3893779928470425e-08,0.9999996145718453,0.0902999673709819
789,2,A_raw_ce_noW,14,0.10790771499995344,2.0,0.75,0.9936305732484076,1.0,0.9285714285714286,0.9797393212027359,0.9985014985014984,0.9873949579831932,143,0,1,13,157,14,8.92,0.2723559076011188,4.86286793032812e-08,0.9999988340948376,0.08285162225590946
789,2,B_raw_ce_W,14,0.12019221599996399,2.0,0.75,0.9936305732484076,1.0,0.9285714285714286,0.9797393212027359,0.9975024975024974,0.981203007518797,143,0,1,13,157,14,8.92,0.2749867901574786,1.6028240772919603e-07,0.9999997285898852,0.08499020694845229
789,2,C_raw_focal_noW,14,0.11412527299995645,2.0,0.75,0.9936305732484076,1.0,0.9285714285714286,0.9797393212027359,0.998001998001998,0.9841269841269841,143,0,1,13,157,14,8.92,0.2581171724033823,0.003210487502230409,0.9944987807711798,0.09475134613683597
789,2,D_raw_focal_W,14,0.09506321300000309,2.0,0.75,0.9936305732484076,1.0,0.9285714285714286,0.9797393212027359,0.998001998001998,0.9841269841269841,143,0,1,13,157,14,8.92,0.2581171724033823,0.003210487502230409,0.9944987807711798,0.09475134613683597
789,2,E_all_ce_noW,15,0.14221684199998208,2.0,0.75,0.9872611464968153,0.9285714285714286,0.9285714285714286,0.9607892107892109,0.997002997002997,0.9761009667024703,142,1,1,13,157,14,8.92,0.27903943287492194,7.373059605925736e-08,0.9999985206665734,0.0873143921410343
789,2,F_all_ce_W,15,0.2119232189999707,2.0,0.75,0.9872611464968153,0.9285714285714286,0.9285714285714286,0.9607892107892109,0.9965034965034963,0.976190476190476,142,1,1,13,157,14,8.92,0.28254882426955996,1.4677068203114947e-07,0.9999996244488818,0.08849611329035474
789,2,G_all_focal_noW,15,0.1478373529999999,2.0,0.75,0.9936305732484076,1.0,0.9285714285714286,0.9797393212027359,0.997002997002997,0.9785714285714284,143,0,1,13,157,14,8.92,0.24856204699449858,0.0028643767700136766,0.9938095724812631,0.0914795274623011
789,2,H_all_focal_W,15,0.15147673000001305,2.0,0.75,0.9936305732484076,1.0,0.9285714285714286,0.9797393212027359,0.997002997002997,0.9785714285714284,143,0,1,13,157,14,8.92,0.24856204699449858,0.0028643767700136766,0.9938095724812631,0.0914795274623011
789,2,LEGACY_A,14,0.18867240999998103,2.0,0.75,0.9872611464968153,0.9285714285714286,0.9285714285714286,0.9607892107892109,0.998001998001998,0.9841269841269841,142,1,1,13,157,14,8.92,0.27957460586308425,4.090781347729552e-08,0.9999996076854423,0.08778226254982512
789,3,A_raw_ce_noW,14,0.16065682999999353,2.0,0.75,0.9936305732484076,1.0,0.9285714285714286,0.9797393212027359,1.0,1.0,143,0,1,13,157,14,8.92,0.2752308668385854,4.951893098413474e-08,0.99999926552245,0.08509388675019125
789,3,B_raw_ce_W,14,0.17909886399996822,2.0,0.75,0.9936305732484076,1.0,0.9285714285714286,0.9797393212027359,0.9995004995004995,0.9952380952380953,143,0,1,13,157,14,8.92,0.2779849181483125,1.4619096139399743e-07,0.9999998261575094,0.08855456773129838
789,3,C_raw_focal_noW,14,0.13494517199995926,2.0,0.75,0.9872611464968153,0.9285714285714286,0.9285714285714286,0.9607892107892109,0.9995004995004995,0.9952380952380953,142,1,1,13,157,14,8.92,0.26635617825455543,0.002666732128844856,0.9945210639661782,0.0973140941915805
789,3,D_raw_focal_W,14,0.14731997500001626,2.0,0.75,0.9872611464968153,0.9285714285714286,0.9285714285714286,0.9607892107892109,0.9995004995004995,0.9952380952380953,142,1,1,13,157,14,8.92,0.26635617825455543,0.002666732128844856,0.9945210639661782,0.0973140941915805
789,3,E_all_ce_noW,15,0.2147422870000355,2.0,0.75,0.9936305732484076,1.0,0.9285714285714286,0.9797393212027359,0.999000999000999,0.9910714285714285,143,0,1,13,157,14,8.92,0.276483551611184,3.561426562951849e-08,0.9999991928845431,0.08723940036526606
789,3,F_all_ce_W,15,0.22426687799998035,2.0,0.75,0.9872611464968153,0.875,1.0,0.9631455399061033,0.9990009990009989,0.9910714285714285,141,2,0,14,157,14,8.92,0.2896848728239959,1.5196936554159335e-07,0.9999997972953631,0.09696558997527042
789,3,G_all_focal_noW,15,0.14726111599998148,2.0,0.75,0.9872611464968153,0.9285714285714286,0.9285714285714286,0.9607892107892109,0.9995004995004994,0.9952380952380953,142,1,1,13,157,14,8.92,0.2699519164303523,0.003124601890935964,0.9941970280314776,0.10044128721307098
789,3,H_all_focal_W,15,0.14456189900005256,2.0,0.75,0.9872611464968153,0.9285714285714286,0.9285714285714286,0.9607892107892109,0.9995004995004994,0.9952380952380953,142,1,1,13,157,14,8.92,0.2699519164303523,0.003124601890935964,0.9941970280314776,0.10044128721307098
789,3,LEGACY_A,14,0.1806870320000371,2.0,0.75,0.9936305732484076,0.9333333333333333,1.0,0.981004234724743,1.0,1.0,142,1,0,14,157,14,8.92,0.28998900218600965,3.017911392415245e-08,0.9999996875275313,0.09457106160762649
789,4,A_raw_ce_noW,14,0.16824594199999865,2.0,0.75,0.9872611464968153,0.9285714285714286,0.9285714285714286,0.9607892107892109,0.9815184815184815,0.9481792717086834,142,1,1,13,157,14,8.92,0.2831096462873919,3.2303493966144404e-08,0.9999983264467914,0.08857260873218264
789,4,B_raw_ce_W,14,0.17733529999998154,2.0,0.75,0.9872611464968153,0.9285714285714286,0.9285714285714286,0.9607892107892109,0.9760239760239761,0.9447004608294931,142,1,1,13,157,14,8.92,0.2826697605097872,9.010361108599441e-08,0.9999996427778207,0.08842648445681354
789,4,C_raw_focal_noW,14,0.13233948300000975,2.0,0.75,0.9872611464968153,0.9285714285714286,0.9285714285714286,0.9607892107892109,0.9815184815184815,0.9481792717086834,142,1,1,13,157,14,8.92,0.27216260084640276,0.002086922409995166,0.9926519658282538,0.09301621383971645
789,4,D_raw_focal_W,14,0.13365416300001698,2.0,0.75,0.9872611464968153,0.9285714285714286,0.9285714285714286,0.9607892107892109,0.9815184815184815,0.9481792717086834,142,1,1,13,157,14,8.92,0.27216260084640276,0.002086922409995166,0.9926519658282538,0.09301621383971645
789,4,E_all_ce_noW,15,0.18094789299999547,2.0,0.75,0.9872611464968153,0.9285714285714286,0.9285714285714286,0.9607892107892109,0.9835164835164835,0.9498480243161094,142,1,1,13,157,14,8.92,0.2813869299055,2.7641973882398927e-08,0.9999983642524342,0.08797977031046958
789,4,F_all_ce_W,15,0.23309198599997671,2.0,0.75,0.9872611464968153,0.9285714285714286,0.9285714285714286,0.9607892107892109,0.9830169830169829,0.9494047619047619,142,1,1,13,157,14,8.92,0.2840613021208321,6.909231826556865e-08,0.999999669937221,0.088882682221936
789,4,G_all_focal_noW,15,0.14523453999998992,2.0,0.75,0.9872611464968153,0.9285714285714286,0.9285714285714286,0.9607892107892109,0.98001998001998,0.9423373122834039,142,1,1,13,157,14,8.92,0.26875889625563104,0.002184381256827668,0.9936173593080369,0.09217253409158173
789,4,H_all_focal_W,15,0.155922400999998,2.0,0.75,0.9872611464968153,0.9285714285714286,0.9285714285714286,0.9607892107892109,0.98001998001998,0.9423373122834039,142,1,1,13,157,14,8.92,0.26875889625563104,0.002184381256827668,0.9936173593080369,0.09217253409158173
789,4,LEGACY_A,14,0.18001578400003382,2.0,0.75,0.9872611464968153,0.9285714285714286,0.9285714285714286,0.9607892107892109,0.9775224775224776,0.9455205811138014,142,1,1,13,157,14,8.92,0.2733773709316252,2.9394309331510412e-08,0.9999995859543978,0.08473462145075877
789,5,A_raw_ce_noW,14,0.14208040200003325,2.0,0.75,0.9807692307692307,1.0,0.7692307692307693,0.929592297276967,0.9989241527703067,0.9897435897435896,143,0,3,10,156,13,8.33,0.24681478007613739,3.908955869287141e-08,0.9999982290789329,0.06731743518641133
789,5,B_raw_ce_W,14,0.12005075600001192,2.0,0.75,0.9871794871794872,1.0,0.8461538461538461,0.9548611111111112,0.9989241527703067,0.9885883347421809,143,0,2,11,156,13,8.33,0.24869792759319198,1.5283196075709357e-07,0.9999994035273104,0.06862230508674606
789,5,C_raw_focal_noW,14,0.11616555000000517,2.0,0.75,0.9871794871794872,1.0,0.8461538461538461,0.9548611111111112,0.9989241527703067,0.9897435897435896,143,0,2,11,156,13,8.33,0.24457605729372767,0.0019772086319015955,0.9945525607925099,0.08188334239579906
789,5,D_raw_focal_W,14,0.09613596099995902,2.0,0.75,0.9871794871794872,1.0,0.8461538461538461,0.9548611111111112,0.9989241527703067,0.9897435897435896,143,0,2,11,156,13,8.33,0.24457605729372767,0.0019772086319015955,0.9945525607925099,0.08188334239579906
789,5,E_all_ce_noW,15,0.12856152699998802,2.0,0.75,0.9871794871794872,1.0,0.8461538461538461,0.9548611111111112,0.9989241527703067,0.9897435897435898,143,0,2,11,156,13,8.33,0.24840964397503476,2.878516683110876e-08,0.9999981702960349,0.07021664488563024
789,5,F_all_ce_W,15,0.13262995700000602,2.0,0.75,0.9807692307692307,0.9166666666666666,0.8461538461538461,0.9347735191637631,0.9978483055406132,0.9774161735700195,142,1,2,11,156,13,8.33,0.2548144064158647,1.4832145503343464e-07,0.9999992959760236,0.07526751984677456
789,5,G_all_focal_noW,15,0.10303966000003584,2.0,0.75,0.9871794871794872,1.0,0.8461538461538461,0.9548611111111112,0.9983862291554599,0.9855769230769229,143,0,2,11,156,13,8.33,0.24788784572375408,0.001303519649683094,0.992581519601035,0.0841669861687516
789,5,H_all_focal_W,15,0.10216522700000041,2.0,0.75,0.9871794871794872,1.0,0.8461538461538461,0.9548611111111112,0.9983862291554599,0.9855769230769229,143,0,2,11,156,13,8.33,0.24788784572375408,0.001303519649683094,0.992581519601035,0.0841669861687516
789,5,LEGACY_A,14,0.12020324700000629,2.0,0.75,0.9871794871794872,1.0,0.8461538461538461,0.9548611111111112,0.9994620763851533,0.9945054945054943,143,0,2,11,156,13,8.33,0.2501686316387747,3.046553138849154e-08,0.9999996356545711,0.06894287287776753
789,6,A_raw_ce_noW,14,0.11734299800002645,2.0,0.75,0.9872611464968153,1.0,0.8571428571428571,0.9580662393162394,0.987012987012987,0.9491104133961277,143,0,2,12,157,14,8.92,0.261165667655281,5.779021582606166e-08,0.9999990522620479,0.07513524449380099
789,6,B_raw_ce_W,14,0.1176683989999674,2.0,0.75,0.9872611464968153,1.0,0.8571428571428571,0.9580662393162394,0.9795204795204795,0.9419879062736205,143,0,2,12,157,14,8.92,0.26495825471316337,8.795526690252514e-08,0.9999997725536793,0.07645069027108999
789,6,C_raw_focal_noW,14,0.10468363199998976,2.0,0.75,0.9872611464968153,1.0,0.8571428571428571,0.9580662393162394,0.961038961038961,0.934458398744113,143,0,2,12,157,14,8.92,0.24987891469664852,0.005245952263748626,0.9927203428415488,0.08349571184258413
789,6,D_raw_focal_W,14,0.09445562800004836,2.0,0.75,0.9872611464968153,1.0,0.8571428571428571,0.9580662393162394,0.961038961038961,0.934458398744113,143,0,2,12,157,14,8.92,0.24987891469664852,0.005245952263748626,0.9927203428415488,0.08349571184258413
789,6,E_all_ce_noW,15,0.1186982219999777,2.0,0.75,0.9872611464968153,1.0,0.8571428571428571,0.9580662393162394,0.986013986013986,0.947859631657541,143,0,2,12,157,14,8.92,0.2643450164453462,7.945607836108219e-08,0.9999990076563896,0.07609999622164368
789,6,F_all_ce_W,15,0.13208761800001412,2.0,0.75,0.9872611464968153,1.0,0.8571428571428571,0.9580662393162394,0.988011988011988,0.9468253968253968,143,0,2,12,157,14,8.92,0.2654842381511319,1.6760413973687395e-07,0.9999997685374281,0.07643223907441311
789,6,G_all_focal_noW,15,0.09745960599997261,2.0,0.75,0.9872611464968153,1.0,0.8571428571428571,0.9580662393162394,0.966033966033966,0.9217171717171717,143,0,2,12,157,14,8.92,0.2523770809190373,0.0051765098508402465,0.9921074427630941,0.08596174365938272
789,6,H_all_focal_W,15,0.09492968900002552,2.0,0.75,0.9872611464968153,1.0,0.8571428571428571,0.9580662393162394,0.966033966033966,0.9217171717171717,143,0,2,12,157,14,8.92,0.2523770809190373,0.0051765098508402465,0.9921074427630941,0.08596174365938272
789,6,LEGACY_A,14,0.10121154000000843,2.0,0.75,0.9872611464968153,1.0,0.8571428571428571,0.9580662393162394,0.9775224775224776,0.9407107670654469,143,0,2,12,157,14,8.92,0.26512874627847033,3.5905907453552544e-08,0.9999995464717996,0.0763040966368738
789,7,A_raw_ce_noW,14,0.10323442399999294,2.0,0.75,1.0,1.0,1.0,1.0,1.0,0.9999999999999999,143,0,0,14,157,14,8.92,0.2828400570962762,3.478631439393739e-08,0.999998565189579,0.08851773927768221
789,7,B_raw_ce_W,14,0.12428698100001156,2.0,0.75,1.0,1.0,1.0,1.0,1.0,0.9999999999999999,143,0,0,14,157,14,8.92,0.28454412552631164,1.4885364651777534e-07,0.999999727389905,0.08913331029274316
789,7,C_raw_focal_noW,14,0.1059270459999766,2.0,0.75,1.0,1.0,1.0,1.0,1.0,0.9999999999999999,143,0,0,14,157,14,8.92,0.27266507440660015,0.002725280163075862,0.9946681165048027,0.09682338412219074
789,7,D_raw_focal_W,14,0.09850930499999322,2.0,0.75,1.0,1.0,1.0,1.0,1.0,0.9999999999999999,143,0,0,14,157,14,8.92,0.27266507440660015,0.002725280163075862,0.9946681165048027,0.09682338412219074
789,7,E_all_ce_noW,15,0.13373411799994983,2.0,0.75,1.0,1.0,1.0,1.0,1.0,0.9999999999999999,143,0,0,14,157,14,8.92,0.27938031971703,3.6045784996641215e-08,0.9999987480702018,0.08719958140062016
789,7,F_all_ce_W,15,0.13747863899999402,2.0,0.75,1.0,1.0,1.0,1.0,1.0,0.9999999999999999,143,0,0,14,157,14,8.92,0.28436455033445357,1.423579227765741e-07,0.9999997761630398,0.08961351970577817
789,7,G_all_focal_noW,15,0.10120924699998568,2.0,0.75,1.0,1.0,1.0,1.0,1.0,1.0,143,0,0,14,157,14,8.92,0.2726174821314831,0.002577022690167267,0.9917721745577079,0.09632727220486233
789,7,H_all_focal_W,15,0.11873649399996111,2.0,0.75,1.0,1.0,1.0,1.0,1.0,1.0,143,0,0,14,157,14,8.92,0.2726174821314831,0.002577022690167267,0.9917721745577079,0.09632727220486233
789,7,LEGACY_A,14,0.12437179699998069,2.0,0.75,1.0,1.0,1.0,1.0,1.0,0.9999999999999999,143,0,0,14,157,14,8.92,0.28609181368867426,3.250768704455516e-08,0.9999996600614568,0.0919018043899696
789,8,A_raw_ce_noW,14,0.11536431000001812,2.0,0.75,0.9936305732484076,1.0,0.9285714285714286,0.9797393212027359,1.0,0.9999999999999999,143,0,1,13,157,14,8.92,0.2716741444667082,3.563934248352923e-08,0.9999995023594587,0.08164533335032836
789,8,B_raw_ce_W,14,0.13060318700001972,2.0,0.75,0.9872611464968153,1.0,0.8571428571428571,0.9580662393162394,0.9985014985014985,0.9873949579831931,143,0,2,12,157,14,8.92,0.26694850817858257,1.382444682381392e-07,0.9999998112345508,0.07929290852771878
789,8,C_raw_focal_noW,14,0.09651760399998466,2.0,0.75,0.9936305732484076,1.0,0.9285714285714286,0.9797393212027359,0.9995004995004995,0.9952380952380951,143,0,1,13,157,14,8.92,0.26279171545732166,0.002777521980999898,0.9943426087847304,0.0942301306982831
789,8,D_raw_focal_W,14,0.09684652600003574,2.0,0.75,0.9936305732484076,1.0,0.9285714285714286,0.9797393212027359,0.9995004995004995,0.9952380952380951,143,0,1,13,157,14,8.92,0.26279171545732166,0.002777521980999898,0.9943426087847304,0.0942301306982831
789,8,E_all_ce_noW,15,0.12353934299994762,2.0,0.75,0.9872611464968153,1.0,0.8571428571428571,0.9580662393162394,0.998001998001998,0.984126984126984,143,0,2,12,157,14,8.92,0.26608756338061246,2.9027481512917076e-08,0.9999991711289606,0.0802469356083405
789,8,F_all_ce_W,15,0.15176696300000003,2.0,0.75,0.9936305732484076,1.0,0.9285714285714286,0.9797393212027359,0.998001998001998,0.984126984126984,143,0,1,13,157,14,8.92,0.2715114108534854,1.0295638754346284e-07,0.9999998227590486,0.08294354764169241
789,8,G_all_focal_noW,15,0.1023417380000069,2.0,0.75,0.9872611464968153,1.0,0.8571428571428571,0.9580662393162394,0.9945054945054945,0.9685714285714285,143,0,2,12,157,14,8.92,0.2599021119066928,0.0027386661222759665,0.9935314608259886,0.09276917054301924
789,8,H_all_focal_W,15,0.10277910000002066,2.0,0.75,0.9872611464968153,1.0,0.8571428571428571,0.9580662393162394,0.9945054945054945,0.9685714285714285,143,0,2,12,157,14,8.92,0.2599021119066928,0.0027386661222759665,0.9935314608259886,0.09276917054301924
789,8,LEGACY_A,14,0.11750788400001966,2.0,0.75,0.9936305732484076,1.0,0.9285714285714286,0.9797393212027359,1.0,0.9999999999999998,143,0,1,13,157,14,8.92,0.27065790899012304,2.578244832941542e-08,0.99999967996645,0.08154340198334943
789,9,A_raw_ce_noW,14,0.11265087900000026,2.0,0.75,1.0,1.0,1.0,1.0,1.0,0.9999999999999998,143,0,0,14,157,14,8.92,0.2833649856829094,5.37853242122364e-08,0.9999986883685983,0.090108762553658
789,9,B_raw_ce_W,14,0.11535270299998501,2.0,0.75,1.0,1.0,1.0,1.0,1.0,0.9999999999999998,143,0,0,14,157,14,8.92,0.28565198854789287,1.4256974494872636e-07,0.9999996926738642,0.09350572620467038
789,9,C_raw_focal_noW,14,0.09782488499996589,2.0,0.75,1.0,1.0,1.0,1.0,1.0,0.9999999999999998,143,0,0,14,157,14,8.92,0.27420487485256223,0.003956870575718743,0.9928618640213599,0.10230890677954793
789,9,D_raw_focal_W,14,0.11555093099997293,2.0,0.75,1.0,1.0,1.0,1.0,1.0,0.9999999999999998,143,0,0,14,157,14,8.92,0.27420487485256223,0.003956870575718743,0.9928618640213599,0.10230890677954793
789,9,E_all_ce_noW,15,0.1360328559999857,2.0,0.75,1.0,1.0,1.0,1.0,1.0,0.9999999999999998,143,0,0,14,157,14,8.92,0.28329065826099553,3.9611980849222876e-08,0.9999984974654764,0.08990943787382201
789,9,F_all_ce_W,15,0.1435235370000214,2.0,0.75,1.0,1.0,1.0,1.0,1.0,0.9999999999999998,143,0,0,14,157,14,8.92,0.28637407363690237,8.992733992479372e-08,0.9999996970675965,0.09235918651824557
789,9,G_all_focal_noW,15,0.1010755769999605,2.0,0.75,0.9936305732484076,0.9333333333333333,1.0,0.981004234724743,1.0,0.9999999999999998,142,1,0,14,157,14,8.92,0.27604069188613206,0.0038209965431097023,0.9935471265151938,0.10167813742081402
789,9,H_all_focal_W,15,0.10085044899994955,2.0,0.75,0.9936305732484076,0.9333333333333333,1.0,0.981004234724743,1.0,0.9999999999999998,142,1,0,14,157,14,8.92,0.27604069188613206,0.0038209965431097023,0.9935471265151938,0.10167813742081402
789,9,LEGACY_A,14,0.10816133899999159,2.0,0.75,1.0,1.0,1.0,1.0,1.0,0.9999999999999998,143,0,0,14,157,14,8.92,0.2818860482738707,4.709899926819149e-08,0.9999994871957097,0.08953826788885892
789,10,A_raw_ce_noW,14,0.1098866049999856,2.0,0.75,0.9807692307692307,0.9166666666666666,0.8461538461538461,0.9347735191637631,0.9983862291554599,0.9821780783319245,142,1,2,11,156,13,8.33,0.26319208371789155,6.904031196990355e-08,0.9999983872644885,0.07643594408255168
789,10,B_raw_ce_W,14,0.12549216799999385,2.0,0.75,0.9807692307692307,0.9166666666666666,0.8461538461538461,0.9347735191637631,0.9983862291554599,0.9821780783319245,142,1,2,11,156,13,8.33,0.262316991716158,1.3801547378757815e-07,0.9999996521000978,0.07697358266710876
789,10,C_raw_focal_noW,14,0.0924999250000269,2.0,0.75,0.9807692307692307,0.9166666666666666,0.8461538461538461,0.9347735191637631,0.9983862291554599,0.9821780783319243,142,1,2,11,156,13,8.33,0.2530886688582985,0.003267936346996271,0.9920125383397745,0.08896955986483471
789,10,D_raw_focal_W,14,0.10072349700004679,2.0,0.75,0.9807692307692307,0.9166666666666666,0.8461538461538461,0.9347735191637631,0.9983862291554599,0.9821780783319243,142,1,2,11,156,13,8.33,0.2530886688582985,0.003267936346996271,0.9920125383397745,0.08896955986483471
789,10,E_all_ce_noW,15,0.12980975699997543,2.0,0.75,0.9743589743589743,0.8461538461538461,0.8461538461538461,0.916083916083916,0.9967724583109199,0.9669202592279513,141,2,2,11,156,13,8.33,0.2690164145470543,3.351551479372741e-08,0.9999991051103042,0.08412919188636978
789,10,F_all_ce_W,15,0.14484393999998701,2.0,0.75,0.9807692307692307,0.8571428571428571,0.9230769230769231,0.9391812865497076,0.9967724583109199,0.9669202592279513,141,2,1,12,156,13,8.33,0.2721618228406696,1.2701917238381074e-07,0.999999682606013,0.08629223415931869
789,10,G_all_focal_noW,15,0.10160564899996416,2.0,0.75,0.967948717948718,0.8333333333333334,0.7692307692307693,0.8912891986062719,0.9967724583109199,0.9669202592279516,141,2,3,10,156,13,8.33,0.25582054424114825,0.001981274844223175,0.993515422136965,0.09252958052527849
789,10,H_all_focal_W,15,0.10016103099997054,2.0,0.75,0.967948717948718,0.8333333333333334,0.7692307692307693,0.8912891986062719,0.9967724583109199,0.9669202592279516,141,2,3,10,156,13,8.33,0.25582054424114825,0.001981274844223175,0.993515422136965,0.09252958052527849
789,10,LEGACY_A,14,0.11295594799997843,2.0,0.75,0.9743589743589743,0.9090909090909091,0.7692307692307693,0.9097222222222223,0.9983862291554599,0.9821780783319245,142,1,3,10,156,13,8.33,0.25542785225041936,3.01744432522608e-08,0.9999995650394733,0.07352597255401945
789,11,A_raw_ce_noW,14,0.10959146199996894,2.0,0.75,0.9808917197452229,1.0,0.7857142857142857,0.9348096885813149,0.8981018981018981,0.8285856145264177,143,0,3,11,157,14,8.92,0.25220512616274826,6.568304591539724e-08,0.9999985367615832,0.06984015910990905
789,11,B_raw_ce_W,14,0.10957849499999384,2.0,0.75,0.9808917197452229,1.0,0.7857142857142857,0.9348096885813149,0.9410589410589411,0.8456134892981582,143,0,3,11,157,14,8.92,0.25465094810057054,1.3714059937550212e-07,0.9999997285766515,0.0716270292441598
789,11,C_raw_focal_noW,14,0.09228120800003126,2.0,0.75,0.9808917197452229,1.0,0.7857142857142857,0.9348096885813149,0.9305694305694306,0.8432078182606809,143,0,3,11,157,14,8.92,0.24003903250833686,0.004547193737809658,0.992303246310762,0.07864446906601272
789,11,D_raw_focal_W,14,0.09833116300001166,2.0,0.75,0.9808917197452229,1.0,0.7857142857142857,0.9348096885813149,0.9305694305694306,0.8432078182606809,143,0,3,11,157,14,8.92,0.24003903250833686,0.004547193737809658,0.992303246310762,0.07864446906601272
789,11,E_all_ce_noW,15,0.10137267599998268,2.0,0.75,0.9745222929936306,1.0,0.7142857142857143,0.9097701149425288,0.9145854145854145,0.8398539013425743,143,0,4,10,157,14,8.92,0.24412306684707807,7.062427518688811e-08,0.9999988906676802,0.06576515857712598
789,11,F_all_ce_W,15,0.11545330899997452,2.0,0.75,0.9808917197452229,1.0,0.7857142857142857,0.9348096885813149,0.9395604395604396,0.8501661129568105,143,0,3,11,157,14,8.92,0.251476707373484,1.4260255392379726e-07,0.999999738969563,0.07039508131427666
789,11,G_all_focal_noW,15,0.09106704099997387,2.0,0.75,0.9808917197452229,1.0,0.7857142857142857,0.9348096885813149,0.9315684315684316,0.851485413985414,143,0,3,11,157,14,8.92,0.23889870464873145,0.0049655818016475966,0.9911606178895177,0.07697243687240518
789,11,H_all_focal_W,15,0.09112818899996,2.0,0.75,0.9808917197452229,1.0,0.7857142857142857,0.9348096885813149,0.9315684315684316,0.851485413985414,143,0,3,11,157,14,8.92,0.23889870464873145,0.0049655818016475966,0.9911606178895177,0.07697243687240518
789,11,LEGACY_A,14,0.09937177699998756,2.0,0.75,0.9745222929936306,0.9166666666666666,0.7857142857142857,0.9161324786324787,0.932067932067932,0.8394750032487421,142,1,3,11,157,14,8.92,0.2620177241294655,3.486046321568434e-08,0.999999596238444,0.07549467973810133
789,12,A_raw_ce_noW,14,0.11321313100000907,2.0,0.75,0.9872611464968153,0.9285714285714286,0.9285714285714286,0.9607892107892109,0.999000999000999,0.9901360544217687,142,1,1,13,157,14,8.92,0.283394344347926,2.7649568464755018e-08,0.99999923162686,0.08984348268667658
789,12,B_raw_ce_W,14,0.13175029600000698,2.0,0.75,0.9936305732484076,0.9333333333333333,1.0,0.981004234724743,0.999000999000999,0.9901360544217687,142,1,0,14,157,14,8.92,0.286666986033504,1.4208647322790955e-07,0.9999996710206572,0.09310203907626992
789,12,C_raw_focal_noW,14,0.09728214599999774,2.0,0.75,0.9872611464968153,0.9285714285714286,0.9285714285714286,0.9607892107892109,0.9995004995004995,0.9952380952380953,142,1,1,13,157,14,8.92,0.26899946400068453,0.0027710696494493174,0.9950106996716961,0.09921303846153942
789,12,D_raw_focal_W,14,0.09821737699996902,2.0,0.75,0.9872611464968153,0.9285714285714286,0.9285714285714286,0.9607892107892109,0.9995004995004995,0.9952380952380953,142,1,1,13,157,14,8.92,0.26899946400068453,0.0027710696494493174,0.9950106996716961,0.09921303846153942
789,12,E_all_ce_noW,15,0.12651396000001114,2.0,0.75,0.9936305732484076,0.9333333333333333,1.0,0.981004234724743,0.999000999000999,0.9901360544217687,142,1,0,14,157,14,8.92,0.2853262591719549,2.9781488808665826e-08,0.9999991330225617,0.09222043812481741
789,12,F_all_ce_W,15,0.1306100819999756,2.0,0.75,0.9936305732484076,0.9333333333333333,1.0,0.981004234724743,0.9985014985014986,0.9846415489272632,142,1,0,14,157,14,8.92,0.2890015339711997,9.723084093254907e-08,0.9999997358732247,0.09404579687030509
789,12,G_all_focal_noW,15,0.10211477699999705,2.0,0.75,0.9872611464968153,0.9285714285714286,0.9285714285714286,0.9607892107892109,0.9990009990009989,0.9901360544217687,142,1,1,13,157,14,8.92,0.26823184410495376,0.0019498541127671138,0.9925556500332813,0.09767857137588999
789,12,H_all_focal_W,15,0.1219436829999836,2.0,0.75,0.9872611464968153,0.9285714285714286,0.9285714285714286,0.9607892107892109,0.9990009990009989,0.9901360544217687,142,1,1,13,157,14,8.92,0.26823184410495376,0.0019498541127671138,0.9925556500332813,0.09767857137588999
789,12,LEGACY_A,14,0.12000293199997714,2.0,0.75,0.9936305732484076,0.9333333333333333,1.0,0.981004234724743,1.0,1.0,142,1,0,14,157,14,8.92,0.2838971223908095,3.0939186151833114e-08,0.999999578215665,0.0919223365578776
789,13,A_raw_ce_noW,14,0.18767161400000987,2.0,0.75,1.0,1.0,1.0,1.0,1.0,0.9999999999999999,143,0,0,14,157,14,8.92,0.2848343800134355,5.201278687824487e-08,0.9999992766771931,0.08946147661970114
789,13,B_raw_ce_W,14,0.19365010299998175,2.0,0.75,1.0,1.0,1.0,1.0,1.0,0.9999999999999999,143,0,0,14,157,14,8.92,0.28482729329864553,1.3676677715870992e-07,0.9999997711219726,0.0898462940672601
789,13,C_raw_focal_noW,14,0.14573550199997953,2.0,0.75,1.0,1.0,1.0,1.0,1.0,0.9999999999999999,143,0,0,14,157,14,8.92,0.2740616296382567,0.0028032750271117335,0.9940613724182972,0.09902805221840429
789,13,D_raw_focal_W,14,0.1493591139999353,2.0,0.75,1.0,1.0,1.0,1.0,1.0,0.9999999999999999,143,0,0,14,157,14,8.92,0.2740616296382567,0.0028032750271117335,0.9940613724182972,0.09902805221840429
789,13,E_all_ce_noW,15,0.20578063099992505,2.0,0.75,0.9936305732484076,1.0,0.9285714285714286,0.9797393212027359,1.0,0.9999999999999999,143,0,1,13,157,14,8.92,0.27565844774978715,3.463026369483435e-08,0.9999989684231437,0.08460930829960639
789,13,F_all_ce_W,15,0.20704073199999584,2.0,0.75,0.9936305732484076,1.0,0.9285714285714286,0.9797393212027359,1.0,1.0,143,0,1,13,157,14,8.92,0.27554958624508613,1.3605390228021234e-07,0.9999997448497815,0.08484510792344604
789,13,G_all_focal_noW,15,0.14947944800007917,2.0,0.75,0.9936305732484076,1.0,0.9285714285714286,0.9797393212027359,0.9990009990009989,0.9910714285714286,143,0,1,13,157,14,8.92,0.2660958259618687,0.003099256147600562,0.993484118189343,0.09678314266916539
789,13,H_all_focal_W,15,0.14235232300006828,2.0,0.75,0.9936305732484076,1.0,0.9285714285714286,0.9797393212027359,0.9990009990009989,0.9910714285714286,143,0,1,13,157,14,8.92,0.2660958259618687,0.003099256147600562,0.993484118189343,0.09678314266916539
789,13,LEGACY_A,14,0.18076777399994626,2.0,0.75,1.0,1.0,1.0,1.0,1.0,0.9999999999999999,143,0,0,14,157,14,8.92,0.286584207634958,3.2490389965526434e-08,0.9999996713534799,0.09282396538112082
789,14,A_raw_ce_noW,14,0.17844841999999517,2.0,0.75,0.9872611464968153,1.0,0.8571428571428571,0.9580662393162394,0.9995004995004995,0.995238095238095,143,0,2,12,157,14,8.92,0.2673262611239326,2.9109998384242874e-08,0.9999979901132263,0.07953424621561359
789,14,B_raw_ce_W,14,0.18645123400006014,2.0,0.75,0.9936305732484076,1.0,0.9285714285714286,0.9797393212027359,0.9995004995004995,0.995238095238095,143,0,1,13,157,14,8.92,0.26892549272850724,1.3314829511264938e-07,0.9999996051509246,0.08062128252262217
789,14,C_raw_focal_noW,14,0.14433261400006359,2.0,0.75,0.9936305732484076,1.0,0.9285714285714286,0.9797393212027359,1.0,0.9999999999999998,143,0,1,13,157,14,8.92,0.26422441862924867,0.0022188281293985083,0.9946206980831641,0.09103059022246802
789,14,D_raw_focal_W,14,0.1429463989999249,2.0,0.75,0.9936305732484076,1.0,0.9285714285714286,0.9797393212027359,1.0,0.9999999999999998,143,0,1,13,157,14,8.92,0.26422441862924867,0.0022188281293985083,0.9946206980831641,0.09103059022246802
789,14,E_all_ce_noW,15,0.20361299399996824,2.0,0.75,0.9872611464968153,1.0,0.8571428571428571,0.9580662393162394,0.9995004995004995,0.995238095238095,143,0,2,12,157,14,8.92,0.2655697268039703,3.1219925824904976e-08,0.9999979545962626,0.07703465050099366
789,14,F_all_ce_W,15,0.21481895600004464,2.0,0.75,0.9936305732484076,1.0,0.9285714285714286,0.9797393212027359,0.9995004995004995,0.995238095238095,143,0,1,13,157,14,8.92,0.2681559470166975,1.368348311620463e-07,0.9999994986487986,0.08011716154002088
789,14,G_all_focal_noW,15,0.1438038349999715,2.0,0.75,0.9936305732484076,1.0,0.9285714285714286,0.9797393212027359,1.0,0.9999999999999998,143,0,1,13,157,14,8.92,0.26152915057414744,0.0020320574700286964,0.9926995370997183,0.08824605040143559
789,14,H_all_focal_W,15,0.14026015399997505,2.0,0.75,0.9936305732484076,1.0,0.9285714285714286,0.9797393212027359,1.0,0.9999999999999998,143,0,1,13,157,14,8.92,0.26152915057414744,0.0020320574700286964,0.9926995370997183,0.08824605040143559
789,14,LEGACY_A,14,0.17381218200000603,2.0,0.75,0.9872611464968153,1.0,0.8571428571428571,0.9580662393162394,0.9995004995004995,0.995238095238095,143,0,2,12,157,14,8.92,0.2668041014013288,2.865156468645125e-08,0.9999996895036141,0.07919899225980408
789,15,A_raw_ce_noW,14,0.19291321899993363,2.0,0.75,1.0,1.0,1.0,1.0,1.0,0.9999999999999998,143,0,0,13,156,13,8.33,0.27626777016979676,3.054046302496344e-08,0.9999992171393786,0.08344477693919473
789,15,B_raw_ce_W,14,0.18949508599996534,2.0,0.75,1.0,1.0,1.0,1.0,1.0,1.0,143,0,0,13,156,13,8.33,0.2763299982780003,1.46045622448757e-07,0.999999794797437,0.08345187630192395
789,15,C_raw_focal_noW,14,0.16876320899996244,2.0,0.75,1.0,1.0,1.0,1.0,1.0,1.0,143,0,0,13,156,13,8.33,0.26933264981843186,0.0025337408082439054,0.9944440135083983,0.0962285780410775
789,15,D_raw_focal_W,14,0.1627030020000575,2.0,0.75,1.0,1.0,1.0,1.0,1.0,1.0,143,0,0,13,156,13,8.33,0.26933264981843186,0.0025337408082439054,0.9944440135083983,0.0962285780410775
789,15,E_all_ce_noW,15,0.18135136699993382,2.0,0.75,1.0,1.0,1.0,1.0,1.0,0.9999999999999998,143,0,0,13,156,13,8.33,0.27627404444855536,3.642028792216495e-08,0.9999985010261309,0.0838373622809723
789,15,F_all_ce_W,15,0.1420485969999845,2.0,0.75,1.0,1.0,1.0,1.0,1.0,1.0,143,0,0,13,156,13,8.33,0.27682499499232294,1.434001455338531e-07,0.9999996756379612,0.08539816813560167
789,15,G_all_focal_noW,15,0.11936004699998648,2.0,0.75,0.9935897435897436,0.9285714285714286,1.0,0.9797270955165691,1.0,0.9999999999999999,142,1,0,13,156,13,8.33,0.2708617143117507,0.0028783268415177123,0.9920637545182847,0.09798260822019057
789,15,H_all_focal_W,15,0.09979558600002747,2.0,0.75,0.9935897435897436,0.9285714285714286,1.0,0.9797270955165691,1.0,0.9999999999999999,142,1,0,13,156,13,8.33,0.2708617143117507,0.0028783268415177123,0.9920637545182847,0.09798260822019057
789,15,LEGACY_A,14,0.1175477020000244,2.0,0.75,1.0,1.0,1.0,1.0,1.0,1.0,143,0,0,13,156,13,8.33,0.2763405961115023,2.920065492108823e-08,0.9999996346587476,0.08347809357159239
789,16,A_raw_ce_noW,14,0.10498159899998427,2.0,0.75,0.9808917197452229,1.0,0.7857142857142857,0.9348096885813149,0.9990009990009989,0.9910714285714286,143,0,3,11,157,14,8.92,0.2545811296929374,5.422800847467181e-08,0.999998330591463,0.07243326260669386
789,16,B_raw_ce_W,14,0.1164391350000642,2.0,0.75,0.9872611464968153,1.0,0.8571428571428571,0.9580662393162394,0.9985014985014984,0.9873949579831931,143,0,2,12,157,14,8.92,0.25788979738852363,1.0974861335107064e-07,0.9999995861842563,0.07527464706229188
789,16,C_raw_focal_noW,14,0.09430299099994954,2.0,0.75,0.9808917197452229,1.0,0.7857142857142857,0.9348096885813149,0.9965034965034966,0.9706064612079648,143,0,3,11,157,14,8.92,0.2511585592767188,0.0027150776424692334,0.991861243786091,0.08835264669180111
789,16,D_raw_focal_W,14,0.09580588400001488,2.0,0.75,0.9808917197452229,1.0,0.7857142857142857,0.9348096885813149,0.9965034965034966,0.9706064612079648,143,0,3,11,157,14,8.92,0.2511585592767188,0.0027150776424692334,0.991861243786091,0.08835264669180111
789,16,E_all_ce_noW,15,0.1252460969999447,2.0,0.75,0.9872611464968153,1.0,0.8571428571428571,0.9580662393162394,0.999000999000999,0.9910714285714285,143,0,2,12,157,14,8.92,0.2590437374713642,4.349493166205642e-08,0.999997770925435,0.07560524219427317
789,16,F_all_ce_W,15,0.1477590559999271,2.0,0.75,0.9808917197452229,1.0,0.7857142857142857,0.9348096885813149,0.9985014985014985,0.9873949579831931,143,0,3,11,157,14,8.92,0.25165428013372076,1.2876097389274526e-07,0.9999994829288481,0.07179800799201484
789,16,G_all_focal_noW,15,0.09756058099992515,2.0,0.75,0.9808917197452229,1.0,0.7857142857142857,0.9348096885813149,0.9995004995004996,0.9952380952380953,143,0,3,11,157,14,8.92,0.24864008167782503,0.002897454595926653,0.9893971713003611,0.08576178886826684
789,16,H_all_focal_W,15,0.09953917300003923,2.0,0.75,0.9808917197452229,1.0,0.7857142857142857,0.9348096885813149,0.9995004995004996,0.9952380952380953,143,0,3,11,157,14,8.92,0.24864008167782503,0.002897454595926653,0.9893971713003611,0.08576178886826684
789,16,LEGACY_A,14,0.10998996499995428,2.0,0.75,0.9745222929936306,1.0,0.7142857142857143,0.9097701149425288,0.9995004995004994,0.9952380952380953,143,0,4,10,157,14,8.92,0.24665356956592124,7.096725646883915e-08,0.9999994979121808,0.06977277064676365
789,17,A_raw_ce_noW,14,0.10354450499994527,2.0,0.75,0.9936305732484076,1.0,0.9285714285714286,0.9797393212027359,1.0,0.9999999999999999,143,0,1,13,157,14,8.92,0.275155301307341,3.225961511174335e-08,0.9999992525849706,0.08283428092102452
789,17,B_raw_ce_W,14,0.12513939999996637,2.0,0.75,0.9936305732484076,1.0,0.9285714285714286,0.9797393212027359,1.0,0.9999999999999999,143,0,1,13,157,14,8.92,0.27547555322151024,1.0197262105442153e-07,0.9999996729772732,0.0828685561548187
789,17,C_raw_focal_noW,14,0.10412197000005108,2.0,0.75,0.9936305732484076,1.0,0.9285714285714286,0.9797393212027359,1.0,1.0,143,0,1,13,157,14,8.92,0.26648074424302975,0.002616758653695753,0.9952804697358323,0.09075093478644031
789,17,D_raw_focal_W,14,0.11358654800005752,2.0,0.75,0.9936305732484076,1.0,0.9285714285714286,0.9797393212027359,1.0,1.0,143,0,1,13,157,14,8.92,0.26648074424302975,0.002616758653695753,0.9952804697358323,0.09075093478644031
789,17,E_all_ce_noW,15,0.1275054390000605,2.0,0.75,0.9936305732484076,1.0,0.9285714285714286,0.9797393212027359,1.0,1.0,143,0,1,13,157,14,8.92,0.26820274931678084,2.812206179065592e-08,0.9999986935275611,0.08148171681722148
789,17,F_all_ce_W,15,0.13817902400001003,2.0,0.75,0.9872611464968153,1.0,0.8571428571428571,0.9580662393162394,1.0,0.9999999999999999,143,0,2,12,157,14,8.92,0.26729522533114386,1.3246574700391655e-07,0.9999996682682951,0.08034084954973053
789,17,G_all_focal_noW,15,0.10139899099999639,2.0,0.75,0.9872611464968153,1.0,0.8571428571428571,0.9580662393162394,0.9990009990009989,0.9901360544217687,143,0,2,12,157,14,8.92,0.26001713361564344,0.0012731141876753515,0.9945126833847102,0.08524316666168644
789,17,H_all_focal_W,15,0.10140460800005258,2.0,0.75,0.9872611464968153,1.0,0.8571428571428571,0.9580662393162394,0.9990009990009989,0.9901360544217687,143,0,2,12,157,14,8.92,0.26001713361564344,0.0012731141876753515,0.9945126833847102,0.08524316666168644
789,17,LEGACY_A,14,0.11662405999993553,2.0,0.75,0.9936305732484076,1.0,0.9285714285714286,0.9797393212027359,1.0,0.9999999999999999,143,0,1,13,157,14,8.92,0.27548004738598786,2.6686421869641653e-08,0.9999993800895938,0.08282623822165246
789,18,A_raw_ce_noW,14,0.11941245899993191,2.0,0.75,0.9936305732484076,0.9333333333333333,1.0,0.981004234724743,1.0,0.9999999999999999,142,1,0,14,157,14,8.92,0.29357355775256583,3.643093457384981e-08,0.9999993213117212,0.09542412969282882
789,18,B_raw_ce_W,14,0.13886219899995922,2.0,0.75,0.9936305732484076,0.9333333333333333,1.0,0.981004234724743,1.0,0.9999999999999999,142,1,0,14,157,14,8.92,0.2937485486203331,1.4715844739408976e-07,0.9999996557392362,0.095508220903309
789,18,C_raw_focal_noW,14,0.09734952700000576,2.0,0.75,0.9936305732484076,0.9333333333333333,1.0,0.981004234724743,0.9995004995004994,0.9952380952380953,142,1,0,14,157,14,8.92,0.2811463492734827,0.0033472379809207347,0.9954925522587236,0.1031853813671817
789,18,D_raw_focal_W,14,0.09855690699998831,2.0,0.75,0.9936305732484076,0.9333333333333333,1.0,0.981004234724743,0.9995004995004994,0.9952380952380953,142,1,0,14,157,14,8.92,0.2811463492734827,0.0033472379809207347,0.9954925522587236,0.1031853813671817
789,18,E_all_ce_noW,15,0.13102290999995603,2.0,0.75,0.9936305732484076,0.9333333333333333,1.0,0.981004234724743,1.0,1.0,142,1,0,14,157,14,8.92,0.29353641510248246,3.382257031369537e-08,0.9999989617967892,0.09550015705612046
789,18,F_all_ce_W,15,0.1387003070000219,2.0,0.75,0.9936305732484076,0.9333333333333333,1.0,0.981004234724743,1.0,1.0,142,1,0,14,157,14,8.92,0.293810180789617,1.5341850346506074e-07,0.9999997889279623,0.09556141413834501
789,18,G_all_focal_noW,15,0.10143661699999029,2.0,0.75,0.9936305732484076,0.9333333333333333,1.0,0.981004234724743,0.9999999999999999,1.0,142,1,0,14,157,14,8.92,0.28180498501208856,0.003014999404161849,0.9948489726250334,0.10296951606562592
789,18,H_all_focal_W,15,0.11538607599993611,2.0,0.75,0.9936305732484076,0.9333333333333333,1.0,0.981004234724743,0.9999999999999999,1.0,142,1,0,14,157,14,8.92,0.28180498501208856,0.003014999404161849,0.9948489726250334,0.10296951606562592
789,18,LEGACY_A,14,0.11644289699995625,2.0,0.75,0.9936305732484076,0.9333333333333333,1.0,0.981004234724743,0.9999999999999999,1.0,142,1,0,14,157,14,8.92,0.2935604165964873,2.993640828396793e-08,0.9999996363048712,0.09544198028530533
789,19,A_raw_ce_noW,14,0.10548106400005963,2.0,0.75,0.9872611464968153,1.0,0.8571428571428571,0.9580662393162394,0.9835164835164836,0.9412698412698413,143,0,2,12,157,14,8.92,0.2655557339106978,5.687176913441229e-08,0.9999989076423668,0.07651661079539891
789,19,B_raw_ce_W,14,0.1206044570000131,2.0,0.75,0.9872611464968153,1.0,0.8571428571428571,0.9580662393162394,0.9790209790209791,0.9309954751131222,143,0,2,12,157,14,8.92,0.2655927258584361,1.828822789682733e-07,0.9999997903723801,0.0768333992936979
789,19,C_raw_focal_noW,14,0.09297286000003169,2.0,0.75,0.9872611464968153,1.0,0.8571428571428571,0.9580662393162394,0.9370629370629371,0.9224778415015641,143,0,2,12,157,14,8.92,0.2559790147992831,0.004407743844311772,0.9929520934233256,0.08641230866587783
789,19,D_raw_focal_W,14,0.09401468700002624,2.0,0.75,0.9872611464968153,1.0,0.8571428571428571,0.9580662393162394,0.9370629370629371,0.9224778415015641,143,0,2,12,157,14,8.92,0.2559790147992831,0.004407743844311772,0.9929520934233256,0.08641230866587783
789,19,E_all_ce_noW,15,0.1180816840000034,2.0,0.75,0.9872611464968153,1.0,0.8571428571428571,0.9580662393162394,0.99000999000999,0.9450980392156862,143,0,2,12,157,14,8.92,0.26552365653848536,7.444908860003308e-08,0.9999987459395888,0.07653977525121677
789,19,F_all_ce_W,15,0.13459648499997456,2.0,0.75,0.9872611464968153,1.0,0.8571428571428571,0.9580662393162394,0.988011988011988,0.9390331890331891,143,0,2,12,157,14,8.92,0.26565293149664343,1.625336051212969e-07,0.9999997564036747,0.07655085356626028
789,19,G_all_focal_noW,15,0.09554815100000269,2.0,0.75,0.9872611464968153,1.0,0.8571428571428571,0.9580662393162394,0.9545454545454546,0.916116047694995,143,0,2,12,157,14,8.92,0.25602744542383604,0.004996328750774794,0.9914900340463887,0.08661743504398187
789,19,H_all_focal_W,15,0.09475288699991324,2.0,0.75,0.9872611464968153,1.0,0.8571428571428571,0.9580662393162394,0.9545454545454546,0.916116047694995,143,0,2,12,157,14,8.92,0.25602744542383604,0.004996328750774794,0.9914900340463887,0.08661743504398187
789,19,LEGACY_A,14,0.12353199100004986,2.0,0.75,0.9872611464968153,1.0,0.8571428571428571,0.9580662393162394,0.9485514485514486,0.9206142634044767,143,0,2,12,157,14,8.92,0.26562252365603284,4.612057751178407e-08,0.9999995883571429,0.07652546816229167
789,20,A_raw_ce_noW,14,0.10872898200000236,2.0,0.75,0.9935897435897436,1.0,0.9230769230769231,0.9782578397212544,0.9989241527703067,0.9897435897435896,143,0,1,12,156,13,8.33,0.26634983294900216,4.227413379033409e-08,0.9999995564439133,0.07751080666080043
789,20,B_raw_ce_W,14,0.10831770400000096,2.0,0.75,0.9935897435897436,1.0,0.9230769230769231,0.9782578397212544,0.9973103819257665,0.9786324786324785,143,0,1,12,156,13,8.33,0.26795050740319853,1.4529815176336002e-07,0.9999998521374264,0.08010558969898246
789,20,C_raw_focal_noW,14,0.09573169599991616,2.0,0.75,0.9935897435897436,1.0,0.9230769230769231,0.9782578397212544,0.9983862291554599,0.9855769230769229,143,0,1,12,156,13,8.33,0.25912236031003744,0.0026338013121017163,0.9963096481844823,0.09346540858396399
789,20,D_raw_focal_W,14,0.0971846979999782,2.0,0.75,0.9935897435897436,1.0,0.9230769230769231,0.9782578397212544,0.9983862291554599,0.9855769230769229,143,0,1,12,156,13,8.33,0.25912236031003744,0.0026338013121017163,0.9963096481844823,0.09346540858396399
789,20,E_all_ce_noW,15,0.13355569400005152,2.0,0.75,0.9935897435897436,1.0,0.9230769230769231,0.9782578397212544,0.9983862291554599,0.9855769230769229,143,0,1,12,156,13,8.33,0.2663066323911603,3.416270392623e-08,0.9999995608447066,0.07756517879335277
789,20,F_all_ce_W,15,0.13187575099993865,2.0,0.75,0.9935897435897436,1.0,0.9230769230769231,0.9782578397212544,0.9983862291554599,0.9855769230769229,143,0,1,12,156,13,8.33,0.2662141435744178,1.425772930555805e-07,0.9999998436940702,0.07929680632890193
789,20,G_all_focal_noW,15,0.11547272200004954,2.0,0.75,0.9871794871794872,0.9230769230769231,0.9230769230769231,0.9580419580419581,0.9978483055406132,0.9819004524886876,142,1,1,12,156,13,8.33,0.26214504928521926,0.0026407142388774935,0.9955342175424589,0.09482702352621154
789,20,H_all_focal_W,15,0.10171447400000488,2.0,0.75,0.9871794871794872,0.9230769230769231,0.9230769230769231,0.9580419580419581,0.9978483055406132,0.9819004524886876,142,1,1,12,156,13,8.33,0.26214504928521926,0.0026407142388774935,0.9955342175424589,0.09482702352621154
789,20,LEGACY_A,14,0.11675705900006506,2.0,0.75,0.9935897435897436,1.0,0.9230769230769231,0.9782578397212544,0.9983862291554599,0.9855769230769229,143,0,1,12,156,13,8.33,0.2680419983446978,2.835106232293596e-08,0.9999997402399652,0.08066028266243645
789,21,A_raw_ce_noW,14,0.11165699100001802,2.0,0.75,0.9936305732484076,1.0,0.9285714285714286,0.9797393212027359,0.9870129870129869,0.9535714285714285,143,0,1,13,157,14,8.92,0.2753692364619998,3.203860536740978e-08,0.9999985799305613,0.083256038446163
789,21,B_raw_ce_W,14,0.12150316999998267,2.0,0.75,0.9936305732484076,1.0,0.9285714285714286,0.9797393212027359,0.9775224775224776,0.9455205811138014,143,0,1,13,157,14,8.92,0.27554245398212773,1.3112507337139195e-07,0.9999996951075086,0.08437451252699084
789,21,C_raw_focal_noW,14,0.0965490690000479,2.0,0.75,0.9936305732484076,1.0,0.9285714285714286,0.9797393212027359,0.9635364635364636,0.9400656814449916,143,0,1,13,157,14,8.92,0.267069431636407,0.0028502536187637937,0.9944665468849688,0.09110052209123187
789,21,D_raw_focal_W,14,0.09277259199996024,2.0,0.75,0.9936305732484076,1.0,0.9285714285714286,0.9797393212027359,0.9635364635364636,0.9400656814449916,143,0,1,13,157,14,8.92,0.267069431636407,0.0028502536187637937,0.9944665468849688,0.09110052209123187
789,21,E_all_ce_noW,15,0.12699224300001788,2.0,0.75,0.9936305732484076,1.0,0.9285714285714286,0.9797393212027359,0.9855144855144855,0.9518272425249168,143,0,1,13,157,14,8.92,0.27537943083105304,3.130837712099147e-08,0.9999988880257499,0.08340192862192328
789,21,F_all_ce_W,15,0.13926276600000165,2.0,0.75,0.9936305732484076,1.0,0.9285714285714286,0.9797393212027359,0.9935064935064934,0.9656084656084656,143,0,1,13,157,14,8.92,0.27552190921992914,1.0666466773283796e-07,0.9999997220946668,0.08480795292994837
789,21,G_all_focal_noW,15,0.09795563000000129,2.0,0.75,0.9936305732484076,1.0,0.9285714285714286,0.9797393212027359,0.9805194805194806,0.9474393530997303,143,0,1,13,157,14,8.92,0.267389737058235,0.0029135996812161232,0.9931501280559153,0.09052976299028902
789,21,H_all_focal_W,15,0.09819287200002691,2.0,0.75,0.9936305732484076,1.0,0.9285714285714286,0.9797393212027359,0.9805194805194806,0.9474393530997303,143,0,1,13,157,14,8.92,0.267389737058235,0.0029135996812161232,0.9931501280559153,0.09052976299028902
789,21,LEGACY_A,14,0.11162543800003277,2.0,0.75,0.9936305732484076,1.0,0.9285714285714286,0.9797393212027359,0.9815184815184815,0.9481792717086834,143,0,1,13,157,14,8.92,0.2754444838957137,3.101561461732043e-08,0.9999995407750248,0.08385718470440429
789,22,A_raw_ce_noW,14,0.10909096399996088,2.0,0.75,0.9872611464968153,1.0,0.8571428571428571,0.9580662393162394,0.9025974025974026,0.8749283325370281,143,0,2,12,157,14,8.92,0.26560845832115915,3.80365976086442e-08,0.9999992517849268,0.07693047862480305
789,22,B_raw_ce_W,14,0.11132260800002314,2.0,0.75,0.9872611464968153,1.0,0.8571428571428571,0.9580662393162394,0.9315684315684316,0.8807245386192754,143,0,2,12,157,14,8.92,0.2659756831355553,1.4395270191522028e-07,0.9999998369383717,0.07808346848482688
789,22,C_raw_focal_noW,14,0.09028637199992318,2.0,0.75,0.9872611464968153,1.0,0.8571428571428571,0.9580662393162394,0.8571428571428572,0.8694646648468303,143,0,2,12,157,14,8.92,0.26323517203578295,0.0024077511907578592,0.9959675828544974,0.0835152700986427
789,22,D_raw_focal_W,14,0.11022864599999593,2.0,0.75,0.9872611464968153,1.0,0.8571428571428571,0.9580662393162394,0.8571428571428572,0.8694646648468303,143,0,2,12,157,14,8.92,0.26323517203578295,0.0024077511907578592,0.9959675828544974,0.0835152700986427
789,22,E_all_ce_noW,15,0.10930394700005763,2.0,0.75,0.9808917197452229,0.9230769230769231,0.8571428571428571,0.9392179636082074,0.9085914085914086,0.8788765724249595,142,1,2,12,157,14,8.92,0.2679404783447293,3.5498413850641513e-08,0.9999994048041664,0.07978645192535787
789,22,F_all_ce_W,15,0.12323925099997268,2.0,0.75,0.9808917197452229,0.9230769230769231,0.8571428571428571,0.9392179636082074,0.913086913086913,0.8791284629793946,142,1,2,12,157,14,8.92,0.27271282660148793,1.5120837557206686e-07,0.9999997936792048,0.08196242944353845
789,22,G_all_focal_noW,15,0.09444355300001916,2.0,0.75,0.9808917197452229,0.9230769230769231,0.8571428571428571,0.9392179636082074,0.8771228771228771,0.8714637194407561,142,1,2,12,157,14,8.92,0.2637491971422609,0.0029860903422871637,0.9953825856771543,0.0856592732861543
789,22,H_all_focal_W,15,0.09575254499998209,2.0,0.75,0.9808917197452229,0.9230769230769231,0.8571428571428571,0.9392179636082074,0.8771228771228771,0.8714637194407561,142,1,2,12,157,14,8.92,0.2637491971422609,0.0029860903422871637,0.9953825856771543,0.0856592732861543
789,22,LEGACY_A,14,0.10988168500000484,2.0,0.75,0.9872611464968153,1.0,0.8571428571428571,0.9580662393162394,0.8621378621378621,0.8698699259923748,143,0,2,12,157,14,8.92,0.2655385728846281,2.9999827124846395e-08,0.9999996228867832,0.07708498561840499
789,23,A_raw_ce_noW,14,0.10978858700002547,2.0,0.75,1.0,1.0,1.0,1.0,1.0,1.0,143,0,0,14,157,14,8.92,0.284886518268688,6.37962237138858e-08,0.9999989955111683,0.09070633973409795
789,23,B_raw_ce_W,14,0.12874784299992825,2.0,0.75,0.9936305732484076,0.9333333333333333,1.0,0.981004234724743,1.0,0.9999999999999999,142,1,0,14,157,14,8.92,0.2894168132769812,1.3321341290066448e-07,0.9999997686186957,0.09523653939500042
789,23,C_raw_focal_noW,14,0.10930837700004759,2.0,0.75,1.0,1.0,1.0,1.0,1.0,1.0,143,0,0,14,157,14,8.92,0.2769155574801734,0.003164132877959465,0.9943759534156456,0.10657380651600686
789,23,D_raw_focal_W,14,0.09632551400000011,2.0,0.75,1.0,1.0,1.0,1.0,1.0,1.0,143,0,0,14,157,14,8.92,0.2769155574801734,0.003164132877959465,0.9943759534156456,0.10657380651600686
789,23,E_all_ce_noW,15,0.12033567799994671,2.0,0.75,1.0,1.0,1.0,1.0,1.0,0.9999999999999999,143,0,0,14,157,14,8.92,0.28475552210839283,4.605949584963856e-08,0.9999988776098289,0.09078500638654034
789,23,F_all_ce_W,15,0.22561805600003026,2.0,0.75,1.0,1.0,1.0,1.0,1.0,1.0,143,0,0,14,157,14,8.92,0.2849554705249955,1.1466773095994514e-07,0.9999997924000283,0.09256484915107752
789,23,G_all_focal_noW,15,0.15143715300007443,2.0,0.75,1.0,1.0,1.0,1.0,1.0,1.0,143,0,0,14,157,14,8.92,0.2779954563543598,0.0029030463990857265,0.9925445667119491,0.10670229849831175
789,23,H_all_focal_W,15,0.1486674210000274,2.0,0.75,1.0,1.0,1.0,1.0,1.0,1.0,143,0,0,14,157,14,8.92,0.2779954563543598,0.0029030463990857265,0.9925445667119491,0.10670229849831175
789,23,LEGACY_A,14,0.19565385400005653,2.0,0.75,1.0,1.0,1.0,1.0,1.0,1.0,143,0,0,14,157,14,8.92,0.2855436415689772,3.1038534261939024e-08,0.9999995214373675,0.09524806303614634
789,24,A_raw_ce_noW,14,0.16719551400001365,2.0,0.75,0.9681528662420382,1.0,0.6428571428571429,0.8827132825339907,0.9995004995004995,0.9952380952380951,143,0,5,9,157,14,8.92,0.22699513845563576,4.449779076112141e-08,0.9999975316527382,0.06116649554860158
789,24,B_raw_ce_W,14,0.18623365200005537,2.0,0.75,0.9872611464968153,1.0,0.8571428571428571,0.9580662393162394,0.9995004995004995,0.9952380952380951,143,0,2,12,157,14,8.92,0.24791983701947154,1.5787062618464613e-07,0.9999995119937793,0.07068743278556625
789,24,C_raw_focal_noW,14,0.14321979800001827,2.0,0.75,0.9745222929936306,1.0,0.7142857142857143,0.9097701149425288,0.999000999000999,0.9901360544217686,143,0,4,10,157,14,8.92,0.22276193568815475,0.002127711660353282,0.9927267304643739,0.07369467275635731
789,24,D_raw_focal_W,14,0.1378706420000526,2.0,0.75,0.9745222929936306,1.0,0.7142857142857143,0.9097701149425288,0.999000999000999,0.9901360544217686,143,0,4,10,157,14,8.92,0.22276193568815475,0.002127711660353282,0.9927267304643739,0.07369467275635731
789,24,E_all_ce_noW,15,0.21218733199998496,2.0,0.75,0.9681528662420382,1.0,0.6428571428571429,0.8827132825339907,0.999000999000999,0.9910714285714285,143,0,5,9,157,14,8.92,0.23469583907691288,3.615190438960579e-08,0.9999971101105468,0.06251391561711035
789,24,F_all_ce_W,15,0.21375682199993662,2.0,0.75,0.9808917197452229,1.0,0.7857142857142857,0.9348096885813149,0.9985014985014985,0.9859693877551019,143,0,3,11,157,14,8.92,0.24981300575444154,7.17818761413598e-08,0.9999996658236983,0.06964742958235094
789,24,G_all_focal_noW,15,0.15527027000007365,2.0,0.75,0.9745222929936306,1.0,0.7142857142857143,0.9097701149425288,0.9985014985014985,0.9859693877551019,143,0,4,10,157,14,8.92,0.22293260734836035,0.002477014964010331,0.9911281709085356,0.07366962619037169
789,24,H_all_focal_W,15,0.15640479900002902,2.0,0.75,0.9745222929936306,1.0,0.7142857142857143,0.9097701149425288,0.9985014985014985,0.9859693877551019,143,0,4,10,157,14,8.92,0.22293260734836035,0.002477014964010331,0.9911281709085356,0.07366962619037169
789,24,LEGACY_A,14,0.17860779599993748,2.0,0.75,0.9808917197452229,1.0,0.7857142857142857,0.9348096885813149,1.0,0.9999999999999999,143,0,3,11,157,14,8.92,0.24370105259603145,3.0584924649180246e-08,0.999999436557169,0.06720697634408063
789,25,A_raw_ce_noW,14,0.1747552499999756,2.0,0.75,0.9871794871794872,0.9230769230769231,0.9230769230769231,0.9580419580419581,0.9989241527703067,0.9897435897435898,142,1,1,12,156,13,8.33,0.27787673849163563,4.311592254926821e-08,0.9999992643030536,0.08639770718131527
789,25,B_raw_ce_W,14,0.17684700100005557,2.0,0.75,0.9807692307692307,0.8571428571428571,0.9230769230769231,0.9391812865497076,0.9989241527703066,0.9897435897435896,141,2,1,12,156,13,8.33,0.28202882583830025,1.4484313682028305e-07,0.9999997698116826,0.08876297303112092
789,25,C_raw_focal_noW,14,0.13772777600001973,2.0,0.75,0.9871794871794872,0.9230769230769231,0.9230769230769231,0.9580419580419581,0.9989241527703066,0.9897435897435896,142,1,1,12,156,13,8.33,0.2698258414441081,0.0030465490130647806,0.9945798292693541,0.09573883055570614
789,25,D_raw_focal_W,14,0.13307470200004445,2.0,0.75,0.9871794871794872,0.9230769230769231,0.9230769230769231,0.9580419580419581,0.9989241527703066,0.9897435897435896,142,1,1,12,156,13,8.33,0.2698258414441081,0.0030465490130647806,0.9945798292693541,0.09573883055570614
789,25,E_all_ce_noW,15,0.17993107500001315,2.0,0.75,0.9807692307692307,0.8571428571428571,0.9230769230769231,0.9391812865497076,0.9989241527703066,0.9897435897435896,141,2,1,12,156,13,8.33,0.28024976008772035,3.817556737164923e-08,0.9999990892677392,0.08803831065508061
789,25,F_all_ce_W,15,0.2194497229999115,2.0,0.75,0.9807692307692307,0.8571428571428571,0.9230769230769231,0.9391812865497076,0.9989241527703067,0.9897435897435898,141,2,1,12,156,13,8.33,0.284490090166177,1.4447372325450995e-07,0.999999719333118,0.08955691707466774
789,25,G_all_focal_noW,15,0.1499979490000669,2.0,0.75,0.9807692307692307,0.8571428571428571,0.9230769230769231,0.9391812865497076,0.9978483055406133,0.9819004524886876,141,2,1,12,156,13,8.33,0.2724078753536324,0.002803992250047848,0.993901962949557,0.0986137454565182
789,25,H_all_focal_W,15,0.15037952900001983,2.0,0.75,0.9807692307692307,0.8571428571428571,0.9230769230769231,0.9391812865497076,0.9978483055406133,0.9819004524886876,141,2,1,12,156,13,8.33,0.2724078753536324,0.002803992250047848,0.993901962949557,0.0986137454565182
789,25,LEGACY_A,14,0.18474367999999686,2.0,0.75,0.9807692307692307,0.8571428571428571,0.9230769230769231,0.9391812865497076,0.9989241527703067,0.9897435897435896,141,2,1,12,156,13,8.33,0.2841634990660319,2.8097194028353964e-08,0.9999996632376275,0.08933324440601306
1024,1,A_raw_ce_noW,14,0.15088790799995877,2.0,0.75,1.0,1.0,1.0,1.0,1.0,0.9999999999999999,143,0,0,14,157,14,8.92,0.28457476009975047,3.7983065399686936e-08,0.999999410487729,0.08906472152181087
1024,1,B_raw_ce_W,14,0.11938948600004551,2.0,0.75,1.0,1.0,1.0,1.0,1.0,1.0,143,0,0,14,157,14,8.92,0.28491416126493746,1.4737559283243297e-07,0.999999807782964,0.08919093063019566
1024,1,C_raw_focal_noW,14,0.11683898100000079,2.0,0.75,1.0,1.0,1.0,1.0,1.0,0.9999999999999999,143,0,0,14,157,14,8.92,0.2749650695581799,0.0026260528262975437,0.9946490321961426,0.09968128888876514
1024,1,D_raw_focal_W,14,0.09713583199993536,2.0,0.75,1.0,1.0,1.0,1.0,1.0,0.9999999999999999,143,0,0,14,157,14,8.92,0.2749650695581799,0.0026260528262975437,0.9946490321961426,0.09968128888876514
1024,1,E_all_ce_noW,15,0.1266335479999725,2.0,0.75,1.0,1.0,1.0,1.0,1.0,0.9999999999999999,143,0,0,14,157,14,8.92,0.2849142738264956,3.145852312445079e-08,0.9999991909724418,0.0891623953659807
1024,1,F_all_ce_W,15,0.13613957799998389,2.0,0.75,1.0,1.0,1.0,1.0,1.0,0.9999999999999999,143,0,0,14,157,14,8.92,0.28494863534198855,1.2993390199707363e-07,0.999999815044627,0.08922750811860683
1024,1,G_all_focal_noW,15,0.10042615600002591,2.0,0.75,1.0,1.0,1.0,1.0,1.0,1.0,143,0,0,14,157,14,8.92,0.27634384709908755,0.0028581217812944466,0.9938635182405984,0.0988238115810879
1024,1,H_all_focal_W,15,0.10132778599995618,2.0,0.75,1.0,1.0,1.0,1.0,1.0,1.0,143,0,0,14,157,14,8.92,0.27634384709908755,0.0028581217812944466,0.9938635182405984,0.0988238115810879
1024,1,LEGACY_A,14,0.12017309600003045,2.0,0.75,1.0,1.0,1.0,1.0,0.9999999999999999,1.0,143,0,0,14,157,14,8.92,0.28496373540593484,3.2492488097100205e-08,0.9999996527391142,0.08920414093202846
1024,2,A_raw_ce_noW,14,0.10049074699998073,2.0,0.75,0.9872611464968153,1.0,0.8571428571428571,0.9580662393162394,0.9150849150849151,0.8768691171214106,143,0,2,12,157,14,8.92,0.26559150442081714,5.1010559404475875e-08,0.9999993327684644,0.07692041362815545
1024,2,B_raw_ce_W,14,0.12602700699994784,2.0,0.75,0.9872611464968153,1.0,0.8571428571428571,0.9580662393162394,0.9090909090909091,0.8759095773140716,143,0,2,12,157,14,8.92,0.2656625617060666,1.1889483498241129e-07,0.9999997804183649,0.0775460610933611
1024,2,C_raw_focal_noW,14,0.09551737700007834,2.0,0.75,0.9872611464968153,1.0,0.8571428571428571,0.9580662393162394,0.8956043956043955,0.8743096325288104,143,0,2,12,157,14,8.92,0.2629090392958213,0.002251933593773231,0.9961427863221557,0.08733166168982522
1024,2,D_raw_focal_W,14,0.09099350300004971,2.0,0.75,0.9872611464968153,1.0,0.8571428571428571,0.9580662393162394,0.8956043956043955,0.8743096325288104,143,0,2,12,157,14,8.92,0.2629090392958213,0.002251933593773231,0.9961427863221557,0.08733166168982522
1024,2,E_all_ce_noW,15,0.11009503799994036,2.0,0.75,0.9872611464968153,1.0,0.8571428571428571,0.9580662393162394,0.904095904095904,0.8758530787516294,143,0,2,12,157,14,8.92,0.26553252760305973,3.981069697874461e-08,0.9999990343499435,0.07722704098559643
1024,2,F_all_ce_W,15,0.12565868299998328,2.0,0.75,0.9872611464968153,1.0,0.8571428571428571,0.9580662393162394,0.9110889110889111,0.8765271860274823,143,0,2,12,157,14,8.92,0.2655325324787735,1.4586292603667836e-07,0.9999997648973751,0.07719022481203722
1024,2,G_all_focal_noW,15,0.09114545799991447,2.0,0.75,0.9872611464968153,1.0,0.8571428571428571,0.9580662393162394,0.8801198801198801,0.8715973003374576,143,0,2,12,157,14,8.92,0.26242613407022564,0.0024985493856427123,0.9949159455863842,0.08586266898200952
1024,2,H_all_focal_W,15,0.09094393500004117,2.0,0.75,0.9872611464968153,1.0,0.8571428571428571,0.9580662393162394,0.8801198801198801,0.8715973003374576,143,0,2,12,157,14,8.92,0.26242613407022564,0.0024985493856427123,0.9949159455863842,0.08586266898200952
1024,2,LEGACY_A,14,0.10869768899999599,2.0,0.75,0.9872611464968153,1.0,0.8571428571428571,0.9580662393162394,0.8646353646353645,0.8700847763347762,143,0,2,12,157,14,8.92,0.2656059851715362,3.6940304168660945e-08,0.9999996435450658,0.07674968479591421
1024,3,A_raw_ce_noW,14,0.12013888599994971,2.0,0.75,1.0,1.0,1.0,1.0,1.0,0.9999999999999999,143,0,0,14,157,14,8.92,0.28354831177576445,6.318891137378373e-08,0.9999985289707461,0.08877078313490525
1024,3,B_raw_ce_W,14,0.11874196300004769,2.0,0.75,1.0,1.0,1.0,1.0,1.0,1.0,143,0,0,14,157,14,8.92,0.2804583303050819,1.0387212985624832e-07,0.9999997286346319,0.08765622843801099
1024,3,C_raw_focal_noW,14,0.09562892300004933,2.0,0.75,0.9936305732484076,1.0,0.9285714285714286,0.9797393212027359,1.0,1.0,143,0,1,13,157,14,8.92,0.26939912107766484,0.004238404102555584,0.9908072110733704,0.0979191473855302
1024,3,D_raw_focal_W,14,0.09400227100002212,2.0,0.75,0.9936305732484076,1.0,0.9285714285714286,0.9797393212027359,1.0,1.0,143,0,1,13,157,14,8.92,0.26939912107766484,0.004238404102555584,0.9908072110733704,0.0979191473855302
1024,3,E_all_ce_noW,15,0.12494577199993273,2.0,0.75,1.0,1.0,1.0,1.0,1.0,1.0,143,0,0,14,157,14,8.92,0.2840675320068572,3.8598217050004615e-08,0.9999988834837645,0.08900477078420155
1024,3,F_all_ce_W,15,0.13570685000001959,2.0,0.75,1.0,1.0,1.0,1.0,1.0,0.9999999999999999,143,0,0,14,157,14,8.92,0.2832053260018113,8.786437633922866e-08,0.9999997073052029,0.08893907465375368
1024,3,G_all_focal_noW,15,0.10064749900004699,2.0,0.75,1.0,1.0,1.0,1.0,1.0,1.0,143,0,0,14,157,14,8.92,0.2728422156445372,0.0027763657337443915,0.9931480897424525,0.09704198191796272
1024,3,H_all_focal_W,15,0.11167232899992996,2.0,0.75,1.0,1.0,1.0,1.0,1.0,1.0,143,0,0,14,157,14,8.92,0.2728422156445372,0.0027763657337443915,0.9931480897424525,0.09704198191796272
1024,3,LEGACY_A,14,0.12094325800001116,2.0,0.75,0.9936305732484076,1.0,0.9285714285714286,0.9797393212027359,0.9999999999999999,1.0,143,0,1,13,157,14,8.92,0.27559502950342735,3.116662158298269e-08,0.9999995571212635,0.08445246526661289
1024,4,A_raw_ce_noW,14,0.10989990600000965,2.0,0.75,0.9872611464968153,0.9285714285714286,0.9285714285714286,0.9607892107892109,0.9830169830169829,0.9447459834997827,142,1,1,13,157,14,8.92,0.2823460770810004,4.6604428828850395e-08,0.9999989006152895,0.08990918240549202
1024,4,B_raw_ce_W,14,0.12010066400000596,2.0,0.75,0.9872611464968153,0.9285714285714286,0.9285714285714286,0.9607892107892109,0.9825174825174825,0.9443027210884352,142,1,1,13,157,14,8.92,0.28423174654504646,1.467173075252969e-07,0.9999997691564555,0.09157182060698377
1024,4,C_raw_focal_noW,14,0.09437085399997613,2.0,0.75,0.9872611464968153,0.9285714285714286,0.9285714285714286,0.9607892107892109,0.9855144855144855,0.9472789115646256,142,1,1,13,157,14,8.92,0.26845084312072887,0.0034366474526731253,0.9898363957919656,0.0999785509594537
1024,4,D_raw_focal_W,14,0.09513855900002,2.0,0.75,0.9872611464968153,0.9285714285714286,0.9285714285714286,0.9607892107892109,0.9855144855144855,0.9472789115646256,142,1,1,13,157,14,8.92,0.26845084312072887,0.0034366474526731253,0.9898363957919656,0.0999785509594537
1024,4,E_all_ce_noW,15,0.13292620400000033,2.0,0.75,0.9808917197452229,0.9230769230769231,0.8571428571428571,0.9392179636082074,0.985014985014985,0.9467252017085903,142,1,2,12,157,14,8.92,0.275803992311507,4.74222201283897e-08,0.9999984771667696,0.08582660820836728
1024,4,F_all_ce_W,15,0.13974064000001363,2.0,0.75,0.9872611464968153,0.9285714285714286,0.9285714285714286,0.9607892107892109,0.9890109890109889,0.9520408163265306,142,1,1,13,157,14,8.92,0.2830339728333328,1.3889422416278223e-07,0.9999994944440982,0.09456658104045639
1024,4,G_all_focal_noW,15,0.1012389400000302,2.0,0.75,0.9872611464968153,0.9285714285714286,0.9285714285714286,0.9607892107892109,0.9825174825174825,0.9392514780052772,142,1,1,13,157,14,8.92,0.2658967300147813,0.00428423123878087,0.9923066736062348,0.099517663899674
1024,4,H_all_focal_W,15,0.09603321099996265,2.0,0.75,0.9872611464968153,0.9285714285714286,0.9285714285714286,0.9607892107892109,0.9825174825174825,0.9392514780052772,142,1,1,13,157,14,8.92,0.2658967300147813,0.00428423123878087,0.9923066736062348,0.099517663899674
1024,4,LEGACY_A,14,0.10921223499997268,2.0,0.75,0.9808917197452229,0.8666666666666667,0.9285714285714286,0.9430127041742287,0.9660339660339661,0.9358150667674476,141,2,1,13,157,14,8.92,0.28426287185553734,4.219320099321341e-08,0.9999995205981105,0.09221790748891279
1024,5,A_raw_ce_noW,14,0.11160231299993484,2.0,0.75,0.9871794871794872,0.9230769230769231,0.9230769230769231,0.9580419580419581,0.9983862291554599,0.9838264299802759,142,1,1,12,156,13,8.33,0.26119929899771216,5.5477669465800913e-08,0.9999988146849809,0.07921036726554526
1024,5,B_raw_ce_W,14,0.12129348500002379,2.0,0.75,0.9807692307692307,0.9166666666666666,0.8461538461538461,0.9347735191637631,0.9983862291554599,0.9838264299802759,142,1,2,11,156,13,8.33,0.2627270774323798,1.466689596595426e-07,0.9999997378444095,0.07975448540512782
1024,5,C_raw_focal_noW,14,0.09688927800004876,2.0,0.75,0.9935897435897436,1.0,0.9230769230769231,0.9782578397212544,0.9983862291554599,0.9855769230769229,143,0,1,12,156,13,8.33,0.2414920019159813,0.0022447390986469304,0.9946843863307196,0.08029435314137796
1024,5,D_raw_focal_W,14,0.0981647039999416,2.0,0.75,0.9935897435897436,1.0,0.9230769230769231,0.9782578397212544,0.9983862291554599,0.9855769230769229,143,0,1,12,156,13,8.33,0.2414920019159813,0.0022447390986469304,0.9946843863307196,0.08029435314137796
1024,5,E_all_ce_noW,15,0.1463988950000612,2.0,0.75,0.9807692307692307,0.9166666666666666,0.8461538461538461,0.9347735191637631,0.9983862291554599,0.9838264299802759,142,1,2,11,156,13,8.33,0.24967674817287885,4.4859812008023896e-08,0.9999988229084844,0.07467262841623469
1024,5,F_all_ce_W,15,0.13726192000001447,2.0,0.75,0.9871794871794872,0.9230769230769231,0.9230769230769231,0.9580419580419581,0.9983862291554599,0.9855769230769229,142,1,1,12,156,13,8.33,0.264047534999097,1.1917014408963572e-07,0.9999997662933227,0.08046048436646767
1024,5,G_all_focal_noW,15,0.10330936000002566,2.0,0.75,0.9871794871794872,1.0,0.8461538461538461,0.9548611111111112,0.9983862291554599,0.9838264299802759,143,0,2,11,156,13,8.33,0.23959773104234294,0.002279623956590628,0.9945089956198054,0.079766705983165
1024,5,H_all_focal_W,15,0.10147427399999742,2.0,0.75,0.9871794871794872,1.0,0.8461538461538461,0.9548611111111112,0.9983862291554599,0.9838264299802759,143,0,2,11,156,13,8.33,0.23959773104234294,0.002279623956590628,0.9945089956198054,0.079766705983165
1024,5,LEGACY_A,14,0.1119506119999869,2.0,0.75,0.9807692307692307,0.9166666666666666,0.8461538461538461,0.9347735191637631,0.9978483055406132,0.9787545787545786,142,1,2,11,156,13,8.33,0.25279821793558094,5.2328807086875385e-08,0.999999498254244,0.07425561396239642
1024,6,A_raw_ce_noW,14,0.13805351899998186,2.0,0.75,0.9936305732484076,1.0,0.9285714285714286,0.9797393212027359,1.0,0.9999999999999998,143,0,1,13,157,14,8.92,0.26774554966068503,3.024449502046067e-08,0.9999990412140336,0.0804138604390865
1024,6,B_raw_ce_W,14,0.1309644230000231,2.0,0.75,0.9936305732484076,1.0,0.9285714285714286,0.9797393212027359,1.0,0.9999999999999998,143,0,1,13,157,14,8.92,0.27317073351917565,1.4647234687640535e-07,0.9999998022855576,0.08388948922308277
1024,6,C_raw_focal_noW,14,0.11696198699996785,2.0,0.75,0.9936305732484076,1.0,0.9285714285714286,0.9797393212027359,1.0,0.9999999999999998,143,0,1,13,157,14,8.92,0.2599820545617989,0.0030421803978868036,0.9939005458989577,0.0895907597932618
1024,6,D_raw_focal_W,14,0.09408507400007693,2.0,0.75,0.9936305732484076,1.0,0.9285714285714286,0.9797393212027359,1.0,0.9999999999999998,143,0,1,13,157,14,8.92,0.2599820545617989,0.0030421803978868036,0.9939005458989577,0.0895907597932618
1024,6,E_all_ce_noW,15,0.11320988399995713,2.0,0.75,0.9936305732484076,1.0,0.9285714285714286,0.9797393212027359,1.0,0.9999999999999998,143,0,1,13,157,14,8.92,0.26843556527290735,2.712274343985664e-08,0.9999991951121855,0.08076699433742478
1024,6,F_all_ce_W,15,0.14008996799998386,2.0,0.75,0.9936305732484076,1.0,0.9285714285714286,0.9797393212027359,1.0,0.9999999999999998,143,0,1,13,157,14,8.92,0.2747898365004365,1.1595178881638369e-07,0.9999997283215424,0.08495872305388727
1024,6,G_all_focal_noW,15,0.0959672840000394,2.0,0.75,1.0,1.0,1.0,1.0,1.0,0.9999999999999999,143,0,0,14,157,14,8.92,0.261139985583458,0.0028264981367978146,0.9932797781070164,0.08989910742042846
1024,6,H_all_focal_W,15,0.09888317399997959,2.0,0.75,1.0,1.0,1.0,1.0,1.0,0.9999999999999999,143,0,0,14,157,14,8.92,0.261139985583458,0.0028264981367978146,0.9932797781070164,0.08989910742042846
1024,6,LEGACY_A,14,0.1188606030000301,2.0,0.75,0.9936305732484076,1.0,0.9285714285714286,0.9797393212027359,1.0,0.9999999999999998,143,0,1,13,157,14,8.92,0.2735224675699801,2.6285372175692718e-08,0.9999996580897236,0.08371826829854268
1024,7,A_raw_ce_noW,14,0.11927151499992306,2.0,0.75,0.9936305732484076,1.0,0.9285714285714286,0.9797393212027359,0.9985014985014985,0.9873949579831931,143,0,1,13,157,14,8.92,0.2755641901938418,5.638702666037501e-08,0.9999994157947154,0.08284956028175947
1024,7,B_raw_ce_W,14,0.11496417800003655,2.0,0.75,0.9936305732484076,1.0,0.9285714285714286,0.9797393212027359,0.9985014985014985,0.9873949579831931,143,0,1,13,157,14,8.92,0.2755325347182094,1.8518380377936626e-07,0.9999997977989541,0.08298029276963945
1024,7,C_raw_focal_noW,14,0.09396790599998894,2.0,0.75,0.9936305732484076,1.0,0.9285714285714286,0.9797393212027359,0.999000999000999,0.9910714285714284,143,0,1,13,157,14,8.92,0.2685633230855511,0.0038572668130147994,0.9955179136051193,0.09529452117972649
1024,7,D_raw_focal_W,14,0.09569487800001752,2.0,0.75,0.9936305732484076,1.0,0.9285714285714286,0.9797393212027359,0.999000999000999,0.9910714285714284,143,0,1,13,157,14,8.92,0.2685633230855511,0.0038572668130147994,0.9955179136051193,0.09529452117972649
1024,7,E_all_ce_noW,15,0.11925876299994798,2.0,0.75,0.9936305732484076,1.0,0.9285714285714286,0.9797393212027359,0.999000999000999,0.9910714285714285,143,0,1,13,157,14,8.92,0.27556863839665574,4.50615119592328e-08,0.9999989652102405,0.0828415012629779
1024,7,F_all_ce_W,15,0.1308222369999612,2.0,0.75,0.9936305732484076,1.0,0.9285714285714286,0.9797393212027359,0.998001998001998,0.984126984126984,143,0,1,13,157,14,8.92,0.27553354300479993,1.484755934122423e-07,0.9999996010080776,0.08297896488635027
1024,7,G_all_focal_noW,15,0.09755447299994557,2.0,0.75,0.9936305732484076,1.0,0.9285714285714286,0.9797393212027359,0.999000999000999,0.9910714285714286,143,0,1,13,157,14,8.92,0.26852743916299265,0.0029290818913238763,0.9928731585912272,0.09459478390895328
1024,7,H_all_focal_W,15,0.09959758599995894,2.0,0.75,0.9936305732484076,1.0,0.9285714285714286,0.9797393212027359,0.999000999000999,0.9910714285714286,143,0,1,13,157,14,8.92,0.26852743916299265,0.0029290818913238763,0.9928731585912272,0.09459478390895328
1024,7,LEGACY_A,14,0.11148120899997593,2.0,0.75,0.9936305732484076,1.0,0.9285714285714286,0.9797393212027359,0.9985014985014985,0.9873949579831931,143,0,1,13,157,14,8.92,0.27554380225867803,5.534229830031963e-08,0.9999996734509615,0.08294285477586197
1024,8,A_raw_ce_noW,14,0.10918373499998779,2.0,0.75,0.9936305732484076,1.0,0.9285714285714286,0.9797393212027359,0.9920079920079921,0.9619047619047618,143,0,1,13,157,14,8.92,0.2754800915753137,3.4270410846463344e-08,0.9999993263248246,0.0827785448633166
1024,8,B_raw_ce_W,14,0.12299553999991986,2.0,0.75,0.9936305732484076,1.0,0.9285714285714286,0.9797393212027359,0.9935064935064934,0.9656084656084656,143,0,1,13,157,14,8.92,0.2755295411202542,1.4101982791468175e-07,0.9999997941627936,0.08279888892182703
1024,8,C_raw_focal_noW,14,0.09398358099997495,2.0,0.75,0.9936305732484076,1.0,0.9285714285714286,0.9797393212027359,0.9870129870129869,0.9535714285714285,143,0,1,13,157,14,8.92,0.26753434449283353,0.0021622694850681416,0.9950132241002979,0.08948530702022689
1024,8,D_raw_focal_W,14,0.0937491229999523,2.0,0.75,0.9936305732484076,1.0,0.9285714285714286,0.9797393212027359,0.9870129870129869,0.9535714285714285,143,0,1,13,157,14,8.92,0.26753434449283353,0.0021622694850681416,0.9950132241002979,0.08948530702022689
1024,8,E_all_ce_noW,15,0.12425731099995119,2.0,0.75,0.9936305732484076,1.0,0.9285714285714286,0.9797393212027359,0.9885114885114885,0.9555984555984556,143,0,1,13,157,14,8.92,0.2753203690448503,2.905189704163037e-08,0.9999986191632395,0.0831856288391168
1024,8,F_all_ce_W,15,0.1407972179999888,2.0,0.75,0.9936305732484076,1.0,0.9285714285714286,0.9797393212027359,0.9935064935064934,0.9656084656084656,143,0,1,13,157,14,8.92,0.2757856706005662,1.3341430977548176e-07,0.9999996626824342,0.08457255507824518
1024,8,G_all_focal_noW,15,0.10244780799996533,2.0,0.75,0.9936305732484076,1.0,0.9285714285714286,0.9797393212027359,0.9920079920079921,0.9619047619047618,143,0,1,13,157,14,8.92,0.26781074128855664,0.0017178357715338657,0.9940660057226395,0.09116829723550056
1024,8,H_all_focal_W,15,0.11823920100005125,2.0,0.75,0.9936305732484076,1.0,0.9285714285714286,0.9797393212027359,0.9920079920079921,0.9619047619047618,143,0,1,13,157,14,8.92,0.26781074128855664,0.0017178357715338657,0.9940660057226395,0.09116829723550056
1024,8,LEGACY_A,14,0.11206536099996356,2.0,0.75,0.9936305732484076,1.0,0.9285714285714286,0.9797393212027359,0.9905094905094904,0.9588744588744587,143,0,1,13,157,14,8.92,0.2753212905946674,2.9637403550766563e-08,0.9999996906171829,0.0828336138813954
1024,9,A_raw_ce_noW,14,0.14295687499998166,2.0,0.75,0.9872611464968153,0.9285714285714286,0.9285714285714286,0.9607892107892109,0.998001998001998,0.984126984126984,142,1,1,13,157,14,8.92,0.2823676364853758,5.0598947089012206e-08,0.9999987554162155,0.0904434736134126
1024,9,B_raw_ce_W,14,0.19552599099995405,2.0,0.75,0.9808917197452229,0.8666666666666667,0.9285714285714286,0.9430127041742287,0.998001998001998,0.984126984126984,141,2,1,13,157,14,8.92,0.2855175324410747,1.3223039484624916e-07,0.9999997068105175,0.09265867626337056
1024,9,C_raw_focal_noW,14,0.1512961500000074,2.0,0.75,0.9808917197452229,0.8666666666666667,0.9285714285714286,0.9430127041742287,0.9965034965034965,0.976190476190476,141,2,1,13,157,14,8.92,0.27430202660045805,0.0026192403739859252,0.9921967809190905,0.10014112726926304
1024,9,D_raw_focal_W,14,0.14013107499999933,2.0,0.75,0.9808917197452229,0.8666666666666667,0.9285714285714286,0.9430127041742287,0.9965034965034965,0.976190476190476,141,2,1,13,157,14,8.92,0.27430202660045805,0.0026192403739859252,0.9921967809190905,0.10014112726926304
1024,9,E_all_ce_noW,15,0.19644945000004554,2.0,0.75,0.9808917197452229,0.8666666666666667,0.9285714285714286,0.9430127041742287,0.998001998001998,0.984126984126984,141,2,1,13,157,14,8.92,0.2862576513624311,4.868460175353302e-08,0.9999988754942608,0.09343462730321146
1024,9,F_all_ce_W,15,0.20854999200003022,2.0,0.75,0.9808917197452229,0.8666666666666667,0.9285714285714286,0.9430127041742287,0.998001998001998,0.984126984126984,141,2,1,13,157,14,8.92,0.28824260604797675,1.188443241066417e-07,0.999999704155228,0.09533389510336554
1024,9,G_all_focal_noW,15,0.13635321899994324,2.0,0.75,0.9808917197452229,0.8666666666666667,0.9285714285714286,0.9430127041742287,0.9985014985014985,0.9873949579831931,141,2,1,13,157,14,8.92,0.27178242937293423,0.0028638348636118045,0.9919502674032977,0.1001439435809542
1024,9,H_all_focal_W,15,0.14091686699998718,2.0,0.75,0.9808917197452229,0.8666666666666667,0.9285714285714286,0.9430127041742287,0.9985014985014985,0.9873949579831931,141,2,1,13,157,14,8.92,0.27178242937293423,0.0028638348636118045,0.9919502674032977,0.1001439435809542
1024,9,LEGACY_A,14,0.16552823899996838,2.0,0.75,0.9872611464968153,0.9285714285714286,0.9285714285714286,0.9607892107892109,0.998001998001998,0.984126984126984,142,1,1,13,157,14,8.92,0.2801032003726861,4.14475954936653e-08,0.9999994703926076,0.08846285614997766
1024,10,A_raw_ce_noW,14,0.17090107800004262,2.0,0.75,0.9871794871794872,0.9230769230769231,0.9230769230769231,0.9580419580419581,0.9983862291554599,0.9855769230769231,142,1,1,12,156,13,8.33,0.27006759090826754,6.172407055034607e-08,0.9999988546061628,0.08344912716697418
1024,10,B_raw_ce_W,14,0.18862546599996222,2.0,0.75,0.9871794871794872,0.9230769230769231,0.9230769230769231,0.9580419580419581,0.9994620763851533,0.9945054945054945,142,1,1,12,156,13,8.33,0.27529510819442465,1.5091754855000722e-07,0.9999997346878258,0.08705883029408608
1024,10,C_raw_focal_noW,14,0.150385943999936,2.0,0.75,0.9871794871794872,0.9230769230769231,0.9230769230769231,0.9580419580419581,0.9973103819257665,0.9786324786324785,142,1,1,12,156,13,8.33,0.2601773395334649,0.003839307072974506,0.9949283488209394,0.09746207361928465
1024,10,D_raw_focal_W,14,0.14631180300000324,2.0,0.75,0.9871794871794872,0.9230769230769231,0.9230769230769231,0.9580419580419581,0.9973103819257665,0.9786324786324785,142,1,1,12,156,13,8.33,0.2601773395334649,0.003839307072974506,0.9949283488209394,0.09746207361928465
1024,10,E_all_ce_noW,15,0.20065614200007076,2.0,0.75,0.9807692307692307,0.9166666666666666,0.8461538461538461,0.9347735191637631,0.9978483055406132,0.9787545787545787,142,1,2,11,156,13,8.33,0.25924837837097847,2.8959263285670903e-08,0.9999988025817576,0.07850761371647302
1024,10,F_all_ce_W,15,0.23186633700004222,2.0,0.75,1.0,1.0,1.0,1.0,0.9999999999999999,1.0,143,0,0,13,156,13,8.33,0.26513677470777797,1.3469090328449146e-07,0.9999996238761344,0.08375756827900317
1024,10,G_all_focal_noW,15,0.14716518000000178,2.0,0.75,0.9743589743589743,0.8461538461538461,0.8461538461538461,0.916083916083916,0.9967724583109199,0.9709114414996767,141,2,2,11,156,13,8.33,0.25732102740041624,0.002256441696123266,0.9943366314557526,0.09704963253981287
1024,10,H_all_focal_W,15,0.146348529000079,2.0,0.75,0.9743589743589743,0.8461538461538461,0.8461538461538461,0.916083916083916,0.9967724583109199,0.9709114414996767,141,2,2,11,156,13,8.33,0.25732102740041624,0.002256441696123266,0.9943366314557526,0.09704963253981287
1024,10,LEGACY_A,14,0.16409512600000653,2.0,0.75,0.9807692307692307,0.8571428571428571,0.9230769230769231,0.9391812865497076,0.9978483055406132,0.9819004524886876,141,2,1,12,156,13,8.33,0.27500714373768365,3.630804997904788e-08,0.9999996647900355,0.0867533568212424
1024,11,A_raw_ce_noW,14,0.17443087000003743,2.0,0.75,1.0,1.0,1.0,1.0,1.0,0.9999999999999998,143,0,0,14,157,14,8.92,0.2834782998796412,4.1246969139618286e-08,0.999998905500912,0.08868236817705753
1024,11,B_raw_ce_W,14,0.2059350900000254,2.0,0.75,1.0,1.0,1.0,1.0,1.0,0.9999999999999998,143,0,0,14,157,14,8.92,0.28457756093140013,1.4805413119214057e-07,0.9999997408404803,0.08904742871087927
1024,11,C_raw_focal_noW,14,0.13712936299998546,2.0,0.75,1.0,1.0,1.0,1.0,1.0,0.9999999999999998,143,0,0,14,157,14,8.92,0.2751347255301987,0.0022087198602120826,0.9949483867185506,0.09616786832288737
1024,11,D_raw_focal_W,14,0.1616145799999913,2.0,0.75,1.0,1.0,1.0,1.0,1.0,0.9999999999999998,143,0,0,14,157,14,8.92,0.2751347255301987,0.0022087198602120826,0.9949483867185506,0.09616786832288737
1024,11,E_all_ce_noW,15,0.20221910800000842,2.0,0.75,1.0,1.0,1.0,1.0,1.0,0.9999999999999998,143,0,0,14,157,14,8.92,0.28432245451858174,3.1416357471998475e-08,0.9999990053572999,0.08896643360862869
1024,11,F_all_ce_W,15,0.20227235699996982,2.0,0.75,1.0,1.0,1.0,1.0,1.0,0.9999999999999998,143,0,0,14,157,14,8.92,0.2841158625860212,1.4167422638909197e-07,0.9999997053200893,0.08889959701438939
1024,11,G_all_focal_noW,15,0.1059199470000749,2.0,0.75,1.0,1.0,1.0,1.0,1.0,0.9999999999999998,143,0,0,14,157,14,8.92,0.2747031724511011,0.0030555736293621334,0.9946793097820927,0.09686318596276831
1024,11,H_all_focal_W,15,0.11830748800002766,2.0,0.75,1.0,1.0,1.0,1.0,1.0,0.9999999999999998,143,0,0,14,157,14,8.92,0.2747031724511011,0.0030555736293621334,0.9946793097820927,0.09686318596276831
1024,11,LEGACY_A,14,0.11251017100005356,2.0,0.75,1.0,1.0,1.0,1.0,1.0,0.9999999999999998,143,0,0,14,157,14,8.92,0.279562185883511,4.2422583547499775e-08,0.9999994896621971,0.0871365112598429
1024,12,A_raw_ce_noW,14,0.10671036400003686,2.0,0.75,0.9808917197452229,1.0,0.7857142857142857,0.9348096885813149,0.9905094905094906,0.9369876155590442,143,0,3,11,157,14,8.92,0.2554706221588251,1.1872019610505987e-07,0.9999987828258214,0.07503125879359389
1024,12,B_raw_ce_W,14,0.11388291399998707,2.0,0.75,0.9681528662420382,0.8461538461538461,0.7857142857142857,0.8986966060136792,0.985014985014985,0.9235887337391095,141,2,3,11,157,14,8.92,0.27330909677385273,1.9124319737796353e-07,0.9999996487189312,0.08458839476818586
1024,12,C_raw_focal_noW,14,0.09489414699999088,2.0,0.75,0.9872611464968153,1.0,0.8571428571428571,0.9580662393162394,0.983016983016983,0.9279616724738675,143,0,2,12,157,14,8.92,0.24418007692864557,0.005107146806141409,0.9917957520288657,0.08545165261910874
1024,12,D_raw_focal_W,14,0.09394799599999715,2.0,0.75,0.9872611464968153,1.0,0.8571428571428571,0.9580662393162394,0.983016983016983,0.9279616724738675,143,0,2,12,157,14,8.92,0.24418007692864557,0.005107146806141409,0.9917957520288657,0.08545165261910874
1024,12,E_all_ce_noW,15,0.11357786000007764,2.0,0.75,0.9808917197452229,1.0,0.7857142857142857,0.9348096885813149,0.987012987012987,0.9308235624025097,143,0,3,11,157,14,8.92,0.2561823392316975,9.073179587851251e-08,0.9999987498395221,0.07687504418682226
1024,12,F_all_ce_W,15,0.1269289659999231,2.0,0.75,0.9745222929936306,0.8571428571428571,0.8571428571428571,0.9215784215784215,0.9835164835164835,0.9221818281968657,141,2,2,12,157,14,8.92,0.27580749705529567,1.767536230068094e-07,0.9999996770655509,0.08782999074085884
1024,12,G_all_focal_noW,15,0.10172470899999553,2.0,0.75,0.9808917197452229,0.9230769230769231,0.8571428571428571,0.9392179636082074,0.9730269730269729,0.9133771929824561,142,1,2,12,157,14,8.92,0.2483997909325818,0.0052599956313665415,0.9913441037389533,0.09008685344882252
1024,12,H_all_focal_W,15,0.09449097700007769,2.0,0.75,0.9808917197452229,0.9230769230769231,0.8571428571428571,0.9392179636082074,0.9730269730269729,0.9133771929824561,142,1,2,12,157,14,8.92,0.2483997909325818,0.0052599956313665415,0.9913441037389533,0.09008685344882252
1024,12,LEGACY_A,14,0.10014526099996601,2.0,0.75,0.9681528662420382,0.8461538461538461,0.7857142857142857,0.8986966060136792,0.9855144855144856,0.9243823845327603,141,2,3,11,157,14,8.92,0.2739651277157811,1.4731342387290106e-07,0.9999994590295527,0.08253306809056783
1024,13,A_raw_ce_noW,14,0.1096643530000847,2.0,0.75,0.9936305732484076,1.0,0.9285714285714286,0.9797393212027359,1.0,1.0,143,0,1,13,157,14,8.92,0.2733292999837067,4.6874273241164366e-08,0.9999991708049686,0.08216051741087951
1024,13,B_raw_ce_W,14,0.12584399399997892,2.0,0.75,0.9936305732484076,1.0,0.9285714285714286,0.9797393212027359,1.0,0.9999999999999999,143,0,1,13,157,14,8.92,0.27472939469551855,1.4065611425341762e-07,0.9999998029292796,0.08261168493790948
1024,13,C_raw_focal_noW,14,0.09397345700006099,2.0,0.75,0.9936305732484076,1.0,0.9285714285714286,0.9797393212027359,0.9995004995004995,0.9952380952380951,143,0,1,13,157,14,8.92,0.26439686589358513,0.003991174024176589,0.9944730029889588,0.0948562755178604
1024,13,D_raw_focal_W,14,0.09702777099994364,2.0,0.75,0.9936305732484076,1.0,0.9285714285714286,0.9797393212027359,0.9995004995004995,0.9952380952380951,143,0,1,13,157,14,8.92,0.26439686589358513,0.003991174024176589,0.9944730029889588,0.0948562755178604
1024,13,E_all_ce_noW,15,0.14514745799999673,2.0,0.75,0.9872611464968153,1.0,0.8571428571428571,0.9580662393162394,0.999000999000999,0.9901360544217687,143,0,2,12,157,14,8.92,0.25852415679648705,2.990044953715972e-08,0.9999992725430854,0.07597428646061744
1024,13,F_all_ce_W,15,0.13388581300000624,2.0,0.75,0.9936305732484076,1.0,0.9285714285714286,0.9797393212027359,0.9995004995004995,0.9952380952380951,143,0,1,13,157,14,8.92,0.2681013994004851,1.3474488951030021e-07,0.9999997028194857,0.08159720610142157
1024,13,G_all_focal_noW,15,0.09862107100002504,2.0,0.75,0.9872611464968153,1.0,0.8571428571428571,0.9580662393162394,0.9995004995004996,0.9952380952380951,143,0,2,12,157,14,8.92,0.25912726842743933,0.0030170888775572285,0.99277628665835,0.09288563080842493
1024,13,H_all_focal_W,15,0.10040171100001771,2.0,0.75,0.9872611464968153,1.0,0.8571428571428571,0.9580662393162394,0.9995004995004996,0.9952380952380951,143,0,2,12,157,14,8.92,0.25912726842743933,0.0030170888775572285,0.99277628665835,0.09288563080842493
1024,13,LEGACY_A,14,0.11801967999997487,2.0,0.75,0.9936305732484076,1.0,0.9285714285714286,0.9797393212027359,1.0,0.9999999999999999,143,0,1,13,157,14,8.92,0.2750818240973012,2.6594329631384333e-08,0.9999996836574406,0.08282019656141548
1024,14,A_raw_ce_noW,14,0.11258480200001486,2.0,0.75,1.0,1.0,1.0,1.0,1.0,1.0,143,0,0,14,157,14,8.92,0.28138442370621997,3.108608590952932e-08,0.9999988908837023,0.08793712339700713
1024,14,B_raw_ce_W,14,0.1265897450000466,2.0,0.75,1.0,1.0,1.0,1.0,1.0,1.0,143,0,0,14,157,14,8.92,0.28456160168051176,1.3816900664829214e-07,0.9999997504072186,0.08904029636850035
1024,14,C_raw_focal_noW,14,0.09848746000000119,2.0,0.75,1.0,1.0,1.0,1.0,1.0,1.0,143,0,0,14,157,14,8.92,0.2719213925313763,0.0028276721946564076,0.9935634707061225,0.09415802951662658
1024,14,D_raw_focal_W,14,0.09690910500000882,2.0,0.75,1.0,1.0,1.0,1.0,1.0,1.0,143,0,0,14,157,14,8.92,0.2719213925313763,0.0028276721946564076,0.9935634707061225,0.09415802951662658
1024,14,E_all_ce_noW,15,0.1278566859999728,2.0,0.75,1.0,1.0,1.0,1.0,1.0,0.9999999999999999,143,0,0,14,157,14,8.92,0.2818656374970199,3.624476767146214e-08,0.999998724690682,0.0881111312192918
1024,14,F_all_ce_W,15,0.14521363599999404,2.0,0.75,1.0,1.0,1.0,1.0,1.0,1.0,143,0,0,14,157,14,8.92,0.27832247710797986,1.079781204567233e-07,0.999999698673179,0.08650890401257448
1024,14,G_all_focal_noW,15,0.10578396699997938,2.0,0.75,1.0,1.0,1.0,1.0,1.0,1.0,143,0,0,14,157,14,8.92,0.2743876373086975,0.00230789191993148,0.9924185751956341,0.09394564980165018
1024,14,H_all_focal_W,15,0.1001778470000545,2.0,0.75,1.0,1.0,1.0,1.0,1.0,1.0,143,0,0,14,157,14,8.92,0.2743876373086975,0.00230789191993148,0.9924185751956341,0.09394564980165018
1024,14,LEGACY_A,14,0.11704279800005679,2.0,0.75,1.0,1.0,1.0,1.0,1.0,1.0,143,0,0,14,157,14,8.92,0.28443305272131664,3.1209153831596577e-08,0.9999996165121788,0.0889966449953586
1024,15,A_raw_ce_noW,14,0.10704678000001877,2.0,0.75,0.9807692307692307,0.8571428571428571,0.9230769230769231,0.9391812865497076,0.9983862291554599,0.9838264299802761,141,2,1,12,156,13,8.33,0.2819889952024825,4.998938186256172e-08,0.9999992164544509,0.08861359973297657
1024,15,B_raw_ce_W,14,0.1301501159999816,2.0,0.75,0.9807692307692307,0.8571428571428571,0.9230769230769231,0.9391812865497076,0.9983862291554599,0.9838264299802761,141,2,1,12,156,13,8.33,0.2822372892536605,1.4713753105202966e-07,0.9999997695187854,0.08924093034126644
1024,15,C_raw_focal_noW,14,0.09400983099999394,2.0,0.75,0.9807692307692307,0.8571428571428571,0.9230769230769231,0.9391812865497076,0.9973103819257666,0.9704231665770124,141,2,1,12,156,13,8.33,0.27230859880297403,0.0019106834692066857,0.9941213323402831,0.10343491742043034
1024,15,D_raw_focal_W,14,0.09586420799996631,2.0,0.75,0.9807692307692307,0.8571428571428571,0.9230769230769231,0.9391812865497076,0.9973103819257666,0.9704231665770124,141,2,1,12,156,13,8.33,0.27230859880297403,0.0019106834692066857,0.9941213323402831,0.10343491742043034
1024,15,E_all_ce_noW,15,0.12255562399991504,2.0,0.75,0.9807692307692307,0.8571428571428571,0.9230769230769231,0.9391812865497076,0.9973103819257665,0.9786324786324785,141,2,1,12,156,13,8.33,0.2854245093373358,3.7035798871769264e-08,0.9999989884139678,0.09010994595055195
1024,15,F_all_ce_W,15,0.13385368000001563,2.0,0.75,0.9807692307692307,0.8571428571428571,0.9230769230769231,0.9391812865497076,0.9967724583109199,0.9757085020242913,141,2,1,12,156,13,8.33,0.2854865458824819,1.374799455528333e-07,0.9999997288795146,0.09055593422216178
1024,15,G_all_focal_noW,15,0.10058132900007877,2.0,0.75,0.9807692307692307,0.8571428571428571,0.9230769230769231,0.9391812865497076,0.9956966110812264,0.9671597633136093,141,2,1,12,156,13,8.33,0.2755279180973291,0.002951837765430224,0.9931614337517428,0.10478860777443104
1024,15,H_all_focal_W,15,0.10213344199996754,2.0,0.75,0.9807692307692307,0.8571428571428571,0.9230769230769231,0.9391812865497076,0.9956966110812264,0.9671597633136093,141,2,1,12,156,13,8.33,0.2755279180973291,0.002951837765430224,0.9931614337517428,0.10478860777443104
1024,15,LEGACY_A,14,0.11298358800002006,2.0,0.75,0.9871794871794872,0.9230769230769231,0.9230769230769231,0.9580419580419581,0.9994620763851533,0.9945054945054943,142,1,1,12,156,13,8.33,0.27656022256922547,3.4386857295446375e-08,0.9999996769981521,0.08841775831351907
1024,16,A_raw_ce_noW,14,0.11220582999999351,2.0,0.75,1.0,1.0,1.0,1.0,1.0,0.9999999999999998,143,0,0,14,157,14,8.92,0.284690441030048,3.329498881131507e-08,0.99999919759291,0.09066449712661499
1024,16,B_raw_ce_W,14,0.12378381500002433,2.0,0.75,0.9936305732484076,0.9333333333333333,1.0,0.981004234724743,1.0,0.9999999999999998,142,1,0,14,157,14,8.92,0.2898258719967662,1.3081218764325975e-07,0.9999997706070716,0.0940768439485716
1024,16,C_raw_focal_noW,14,0.10140993000004528,2.0,0.75,1.0,1.0,1.0,1.0,1.0,0.9999999999999998,143,0,0,14,157,14,8.92,0.2743584470733067,0.0030559327905205075,0.9937052376577511,0.09807650083234577
1024,16,D_raw_focal_W,14,0.09593363099997987,2.0,0.75,1.0,1.0,1.0,1.0,1.0,0.9999999999999998,143,0,0,14,157,14,8.92,0.2743584470733067,0.0030559327905205075,0.9937052376577511,0.09807650083234577
1024,16,E_all_ce_noW,15,0.12304314200002864,2.0,0.75,0.9936305732484076,0.9333333333333333,1.0,0.981004234724743,1.0,0.9999999999999999,142,1,0,14,157,14,8.92,0.28762506956284173,3.742214627360926e-08,0.9999990561060849,0.09309935629850662
1024,16,F_all_ce_W,15,0.13594405899993944,2.0,0.75,0.9936305732484076,0.9333333333333333,1.0,0.981004234724743,1.0,0.9999999999999998,142,1,0,14,157,14,8.92,0.2883198773550681,1.4290023254432284e-07,0.9999997173461175,0.09337718054997488
1024,16,G_all_focal_noW,15,0.10126131399999849,2.0,0.75,0.9936305732484076,0.9333333333333333,1.0,0.981004234724743,1.0,1.0,142,1,0,14,157,14,8.92,0.27442947663616085,0.003627006152485599,0.9927597085313239,0.09796097134557158
1024,16,H_all_focal_W,15,0.1178182780000725,2.0,0.75,0.9936305732484076,0.9333333333333333,1.0,0.981004234724743,1.0,1.0,142,1,0,14,157,14,8.92,0.27442947663616085,0.003627006152485599,0.9927597085313239,0.09796097134557158
1024,16,LEGACY_A,14,0.12322054900005242,2.0,0.75,0.9936305732484076,0.9333333333333333,1.0,0.981004234724743,1.0,0.9999999999999998,142,1,0,14,157,14,8.92,0.29006346859886895,2.986565318272307e-08,0.9999996375961816,0.09414076748538094
1024,17,A_raw_ce_noW,14,0.10853837699994529,2.0,0.75,0.9808917197452229,0.9230769230769231,0.8571428571428571,0.9392179636082074,0.998001998001998,0.9815476190476189,142,1,2,12,157,14,8.92,0.2703287469916809,6.860523141972853e-08,0.9999990341452537,0.08102712466228489
1024,17,B_raw_ce_W,14,0.1187572060000548,2.0,0.75,0.9808917197452229,0.9230769230769231,0.8571428571428571,0.9392179636082074,0.9980019980019978,0.9815476190476189,142,1,2,12,157,14,8.92,0.2702015644730478,1.769081937736942e-07,0.9999996589037836,0.08127801049020164
1024,17,C_raw_focal_noW,14,0.09542448699994566,2.0,0.75,0.9808917197452229,0.9230769230769231,0.8571428571428571,0.9392179636082074,0.9980019980019981,0.9815476190476189,142,1,2,12,157,14,8.92,0.25978431349588044,0.0035695245947858175,0.9944095039169686,0.09112818949706447
1024,17,D_raw_focal_W,14,0.09614357899999959,2.0,0.75,0.9808917197452229,0.9230769230769231,0.8571428571428571,0.9392179636082074,0.9980019980019981,0.9815476190476189,142,1,2,12,157,14,8.92,0.25978431349588044,0.0035695245947858175,0.9944095039169686,0.09112818949706447
1024,17,E_all_ce_noW,15,0.11798160900002586,2.0,0.75,0.9808917197452229,0.9230769230769231,0.8571428571428571,0.9392179636082074,0.9980019980019981,0.981547619047619,142,1,2,12,157,14,8.92,0.2725034204294887,6.646215758685221e-08,0.9999987027348882,0.08244976747958199
1024,17,F_all_ce_W,15,0.14994338400003926,2.0,0.75,0.9808917197452229,0.9230769230769231,0.8571428571428571,0.9392179636082074,0.9975024975024974,0.9778711484593836,142,1,2,12,157,14,8.92,0.274367468647217,1.7665936072798848e-07,0.9999996774700627,0.08365244351310464
1024,17,G_all_focal_noW,15,0.10866137400000753,2.0,0.75,0.9808917197452229,0.9230769230769231,0.8571428571428571,0.9392179636082074,0.998001998001998,0.9815476190476189,142,1,2,12,157,14,8.92,0.2648321720931657,0.0030265127594604115,0.9946280022416953,0.09315059742143833
1024,17,H_all_focal_W,15,0.09895128000005116,2.0,0.75,0.9808917197452229,0.9230769230769231,0.8571428571428571,0.9392179636082074,0.998001998001998,0.9815476190476189,142,1,2,12,157,14,8.92,0.2648321720931657,0.0030265127594604115,0.9946280022416953,0.09315059742143833
1024,17,LEGACY_A,14,0.11659359099996891,2.0,0.75,0.9872611464968153,1.0,0.8571428571428571,0.9580662393162394,0.9980019980019981,0.9815476190476189,143,0,2,12,157,14,8.92,0.2655958313922167,5.247555064862272e-08,0.9999996593948887,0.07730922662485346
1024,18,A_raw_ce_noW,14,0.11351776300000438,2.0,0.75,1.0,1.0,1.0,1.0,1.0,0.9999999999999999,143,0,0,14,157,14,8.92,0.28476146899551524,3.744990051339709e-08,0.9999988672817816,0.08964855873059106
1024,18,B_raw_ce_W,14,0.12863319900009174,2.0,0.75,1.0,1.0,1.0,1.0,1.0,0.9999999999999999,143,0,0,14,157,14,8.92,0.28483593616607794,1.4581594590671192e-07,0.9999997192135932,0.08969794112901647
1024,18,C_raw_focal_noW,14,0.09939009999993687,2.0,0.75,1.0,1.0,1.0,1.0,1.0,0.9999999999999999,143,0,0,14,157,14,8.92,0.27455775603564714,0.0030034881101701416,0.9940595366221068,0.10225533451089636
1024,18,D_raw_focal_W,14,0.096427925999933,2.0,0.75,1.0,1.0,1.0,1.0,1.0,0.9999999999999999,143,0,0,14,157,14,8.92,0.27455775603564714,0.0030034881101701416,0.9940595366221068,0.10225533451089636
1024,18,E_all_ce_noW,15,0.12968629199997395,2.0,0.75,1.0,1.0,1.0,1.0,1.0,0.9999999999999999,143,0,0,14,157,14,8.92,0.2860225337681501,4.9870567899098714e-08,0.9999989269706676,0.09193434729426278
1024,18,F_all_ce_W,15,0.13642090199994072,2.0,0.75,1.0,1.0,1.0,1.0,1.0,1.0,143,0,0,14,157,14,8.92,0.2850872121468227,1.5144469284988344e-07,0.9999996931456985,0.09147991393196586
1024,18,G_all_focal_noW,15,0.0995899649999501,2.0,0.75,1.0,1.0,1.0,1.0,1.0,1.0,143,0,0,14,157,14,8.92,0.2757210197855566,0.0029399954254892306,0.9925194941286842,0.1028097105769413
1024,18,H_all_focal_W,15,0.0968888560000778,2.0,0.75,1.0,1.0,1.0,1.0,1.0,1.0,143,0,0,14,157,14,8.92,0.2757210197855566,0.0029399954254892306,0.9925194941286842,0.1028097105769413
1024,18,LEGACY_A,14,0.11474375800003145,2.0,0.75,1.0,1.0,1.0,1.0,1.0,0.9999999999999999,143,0,0,14,157,14,8.92,0.2848352287224659,3.082714652983145e-08,0.999999607050673,0.0896715366826372
1024,19,A_raw_ce_noW,14,0.10775198700002875,2.0,0.75,0.9936305732484076,1.0,0.9285714285714286,0.9797393212027359,0.9925074925074925,0.9630541871921182,143,0,1,13,157,14,8.92,0.2728484761752999,3.9177064914646116e-08,0.9999987412221787,0.08194399007763882
1024,19,B_raw_ce_W,14,0.11712528099997144,2.0,0.75,0.9936305732484076,1.0,0.9285714285714286,0.9797393212027359,0.986013986013986,0.9523809523809523,143,0,1,13,157,14,8.92,0.26882052907510084,1.1604778634725365e-07,0.9999997157111391,0.08030546689779211
1024,19,C_raw_focal_noW,14,0.12122339199993348,2.0,0.75,0.9936305732484076,1.0,0.9285714285714286,0.9797393212027359,0.9655344655344655,0.9406196213425129,143,0,1,13,157,14,8.92,0.263145353604693,0.002796649089054689,0.9920158351620276,0.08860602013740135
1024,19,D_raw_focal_W,14,0.09432934899996326,2.0,0.75,0.9936305732484076,1.0,0.9285714285714286,0.9797393212027359,0.9655344655344655,0.9406196213425129,143,0,1,13,157,14,8.92,0.263145353604693,0.002796649089054689,0.9920158351620276,0.08860602013740135
1024,19,E_all_ce_noW,15,0.12332952600002045,2.0,0.75,0.9936305732484076,1.0,0.9285714285714286,0.9797393212027359,0.9925074925074925,0.9630541871921182,143,0,1,13,157,14,8.92,0.27507190604820764,2.7631675173456874e-08,0.9999979565172129,0.08270678697967934
1024,19,F_all_ce_W,15,0.1729235630000403,2.0,0.75,0.9936305732484076,1.0,0.9285714285714286,0.9797393212027359,0.9920079920079921,0.9619047619047618,143,0,1,13,157,14,8.92,0.274906078947483,1.0906870994431796e-07,0.9999996657052864,0.08277278362418893
1024,19,G_all_focal_noW,15,0.1539405920000263,2.0,0.75,0.9936305732484076,1.0,0.9285714285714286,0.9797393212027359,0.9805194805194806,0.9474393530997305,143,0,1,13,157,14,8.92,0.26433860060716335,0.0019582981849538654,0.9925768827721279,0.08800168696184861
1024,19,H_all_focal_W,15,0.15464980100000503,2.0,0.75,0.9936305732484076,1.0,0.9285714285714286,0.9797393212027359,0.9805194805194806,0.9474393530997305,143,0,1,13,157,14,8.92,0.26433860060716335,0.0019582981849538654,0.9925768827721279,0.08800168696184861
1024,19,LEGACY_A,14,0.17397598499997002,2.0,0.75,0.9936305732484076,1.0,0.9285714285714286,0.9797393212027359,0.9725274725274725,0.9430641821946169,143,0,1,13,157,14,8.92,0.2689028446761563,4.001723231702747e-08,0.9999995969289811,0.08058647096460328
1024,20,A_raw_ce_noW,14,0.17142657900001268,2.0,0.75,0.9743589743589743,0.9090909090909091,0.7692307692307693,0.9097222222222223,0.9967724583109199,0.9681776556776556,142,1,3,10,156,13,8.33,0.2557698687048357,4.0344372028195933e-08,0.9999994550813082,0.07255550469460782
1024,20,B_raw_ce_W,14,0.17798896900001182,2.0,0.75,0.9743589743589743,0.9090909090909091,0.7692307692307693,0.9097222222222223,0.996234534696073,0.9637820512820512,142,1,3,10,156,13,8.33,0.25698939772665896,1.2287873598984436e-07,0.9999997821039466,0.07440610945024044
1024,20,C_raw_focal_noW,14,0.13134035100006258,2.0,0.75,0.9743589743589743,0.9090909090909091,0.7692307692307693,0.9097222222222223,0.993006993006993,0.943477035784728,142,1,3,10,156,13,8.33,0.24372929906684324,0.0031447746963349575,0.9955796476550488,0.0854193380598348
1024,20,D_raw_focal_W,14,0.13279321699997126,2.0,0.75,0.9743589743589743,0.9090909090909091,0.7692307692307693,0.9097222222222223,0.993006993006993,0.943477035784728,142,1,3,10,156,13,8.33,0.24372929906684324,0.0031447746963349575,0.9955796476550488,0.0854193380598348
1024,20,E_all_ce_noW,15,0.20133247199999005,2.0,0.75,0.9807692307692307,1.0,0.7692307692307693,0.929592297276967,0.994620763851533,0.9514135437212359,143,0,3,10,156,13,8.33,0.24489027050648943,2.75203007066205e-08,0.9999989350550008,0.06696003454289168
1024,20,F_all_ce_W,15,0.23687258600000405,2.0,0.75,0.9807692307692307,1.0,0.7692307692307693,0.929592297276967,0.9951586874663798,0.9537087912087912,143,0,3,10,156,13,8.33,0.24827741525683283,1.2236816768397357e-07,0.9999996454326572,0.07243556829907967
1024,20,G_all_focal_noW,15,0.14918839099993875,2.0,0.75,0.967948717948718,0.8333333333333334,0.7692307692307693,0.8912891986062719,0.9924690693921463,0.9388278388278388,141,2,3,10,156,13,8.33,0.24498827657601657,0.0015719302275082276,0.9945119657912711,0.0824265273678717
1024,20,H_all_focal_W,15,0.15525485599994227,2.0,0.75,0.967948717948718,0.8333333333333334,0.7692307692307693,0.8912891986062719,0.9924690693921463,0.9388278388278388,141,2,3,10,156,13,8.33,0.24498827657601657,0.0015719302275082276,0.9945119657912711,0.0824265273678717
1024,20,LEGACY_A,14,0.18310720599993147,2.0,0.75,0.9807692307692307,0.9166666666666666,0.8461538461538461,0.9347735191637631,0.9967724583109199,0.9701923076923076,142,1,2,11,156,13,8.33,0.2538246058140331,3.0824382111214004e-08,0.9999996414633867,0.07352347081274216
1024,21,A_raw_ce_noW,14,0.18178392499999063,2.0,0.75,0.9872611464968153,0.9285714285714286,0.9285714285714286,0.9607892107892109,0.9995004995004995,0.995238095238095,142,1,1,13,157,14,8.92,0.28177611714751766,3.4054186841585667e-08,0.999999081271998,0.08930222165996371
1024,21,B_raw_ce_W,14,0.19802478999997675,2.0,0.75,0.9872611464968153,0.9285714285714286,0.9285714285714286,0.9607892107892109,0.9995004995004994,0.9952380952380953,142,1,1,13,157,14,8.92,0.2841039543757448,1.1365157112331791e-07,0.9999997882857401,0.0906762140004688
1024,21,C_raw_focal_noW,14,0.13570437200007746,2.0,0.75,0.9872611464968153,0.9285714285714286,0.9285714285714286,0.9607892107892109,0.9995004995004995,0.995238095238095,142,1,1,13,157,14,8.92,0.26611880307504804,0.0030078647382523983,0.993628445720383,0.09602797560626333
1024,21,D_raw_focal_W,14,0.1339933710000878,2.0,0.75,0.9872611464968153,0.9285714285714286,0.9285714285714286,0.9607892107892109,0.9995004995004995,0.995238095238095,142,1,1,13,157,14,8.92,0.26611880307504804,0.0030078647382523983,0.993628445720383,0.09602797560626333
1024,21,E_all_ce_noW,15,0.18532938400005605,2.0,0.75,0.9872611464968153,0.9285714285714286,0.9285714285714286,0.9607892107892109,0.9995004995004995,0.9952380952380953,142,1,1,13,157,14,8.92,0.27352746876414064,3.160239783801627e-08,0.9999990503415271,0.08760867166217333
1024,21,F_all_ce_W,15,0.23638370799994846,2.0,0.75,0.9936305732484076,0.9333333333333333,1.0,0.981004234724743,0.9995004995004995,0.9952380952380951,142,1,0,14,157,14,8.92,0.2841455449657376,1.288312283016158e-07,0.999999820675816,0.09394464657400647
1024,21,G_all_focal_noW,15,0.18151361499997165,2.0,0.75,0.9936305732484076,1.0,0.9285714285714286,0.9797393212027359,0.9995004995004995,0.995238095238095,143,0,1,13,157,14,8.92,0.2637454053740582,0.002043463194637041,0.9945588354171306,0.09268119564413228
1024,21,H_all_focal_W,15,0.1476694980000275,2.0,0.75,0.9936305732484076,1.0,0.9285714285714286,0.9797393212027359,0.9995004995004995,0.995238095238095,143,0,1,13,157,14,8.92,0.2637454053740582,0.002043463194637041,0.9945588354171306,0.09268119564413228
1024,21,LEGACY_A,14,0.18749124800001482,2.0,0.75,0.9872611464968153,0.9285714285714286,0.9285714285714286,0.9607892107892109,0.999000999000999,0.9910714285714284,142,1,1,13,157,14,8.92,0.27977196474795835,2.9517825443635227e-08,0.9999996135139341,0.08882878012384618
1024,22,A_raw_ce_noW,14,0.15276047300005757,2.0,0.75,0.9936305732484076,1.0,0.9285714285714286,0.9797393212027359,0.9895104895104895,0.9571428571428571,143,0,1,13,157,14,8.92,0.27536798390582273,3.8517678035561035e-08,0.9999992667807933,0.08282536329621498
1024,22,B_raw_ce_W,14,0.11572685199996613,2.0,0.75,0.9936305732484076,1.0,0.9285714285714286,0.9797393212027359,0.993006993006993,0.9642857142857142,143,0,1,13,157,14,8.92,0.2754822463685438,1.2122305240379048e-07,0.9999998066625068,0.08305726590032797
1024,22,C_raw_focal_noW,14,0.09765418899996803,2.0,0.75,0.9936305732484076,1.0,0.9285714285714286,0.9797393212027359,0.9915084915084915,0.9608294930875574,143,0,1,13,157,14,8.92,0.26675252545854544,0.0031001726839405067,0.994605407702851,0.0934616964125691
1024,22,D_raw_focal_W,14,0.11104098700002396,2.0,0.75,0.9936305732484076,1.0,0.9285714285714286,0.9797393212027359,0.9915084915084915,0.9608294930875574,143,0,1,13,157,14,8.92,0.26675252545854544,0.0031001726839405067,0.994605407702851,0.0934616964125691
1024,22,E_all_ce_noW,15,0.11894299000005049,2.0,0.75,0.9872611464968153,1.0,0.8571428571428571,0.9580662393162394,0.994005994005994,0.9670329670329669,143,0,2,12,157,14,8.92,0.26538840411413545,3.405019424821818e-08,0.9999992984815108,0.0765883573021094
1024,22,F_all_ce_W,15,0.12834020900004361,2.0,0.75,0.9872611464968153,1.0,0.8571428571428571,0.9580662393162394,0.9935064935064934,0.9656084656084656,143,0,2,12,157,14,8.92,0.2656517785742208,1.363582353694328e-07,0.9999997047594699,0.07792223699520923
1024,22,G_all_focal_noW,15,0.09610714899997674,2.0,0.75,0.9872611464968153,1.0,0.8571428571428571,0.9580662393162394,0.9900099900099899,0.9537724180581322,143,0,2,12,157,14,8.92,0.2555672246809234,0.002981800094862925,0.9943443983356892,0.08670801771058277
1024,22,H_all_focal_W,15,0.09689464500002032,2.0,0.75,0.9872611464968153,1.0,0.8571428571428571,0.9580662393162394,0.9900099900099899,0.9537724180581322,143,0,2,12,157,14,8.92,0.2555672246809234,0.002981800094862925,0.9943443983356892,0.08670801771058277
1024,22,LEGACY_A,14,0.10949831300001733,2.0,0.75,0.9936305732484076,1.0,0.9285714285714286,0.9797393212027359,0.99000999000999,0.9579831932773109,143,0,1,13,157,14,8.92,0.275482919385708,3.0786645390081104e-08,0.9999996216476127,0.0830423860858722
1024,23,A_raw_ce_noW,14,0.11152525600004992,2.0,0.75,0.9808917197452229,1.0,0.7857142857142857,0.9348096885813149,0.997002997002997,0.9713435374149659,143,0,3,11,157,14,8.92,0.255011315892669,5.459305070681434e-08,0.9999980600316842,0.0711326425792998
1024,23,B_raw_ce_W,14,0.1356156120000378,2.0,0.75,0.9808917197452229,1.0,0.7857142857142857,0.9348096885813149,0.997002997002997,0.9761009667024703,143,0,3,11,157,14,8.92,0.2573287507455202,1.5484843710468664e-07,0.9999995532315173,0.07695323310870969
1024,23,C_raw_focal_noW,14,0.099871081999936,2.0,0.75,0.9745222929936306,0.9166666666666666,0.7857142857142857,0.9161324786324787,0.997002997002997,0.973530437816152,142,1,3,11,157,14,8.92,0.250752753246607,0.002814947850068107,0.9924179983063653,0.09364687056932954
1024,23,D_raw_focal_W,14,0.09363181499998063,2.0,0.75,0.9745222929936306,0.9166666666666666,0.7857142857142857,0.9161324786324787,0.997002997002997,0.973530437816152,142,1,3,11,157,14,8.92,0.250752753246607,0.002814947850068107,0.9924179983063653,0.09364687056932954
1024,23,E_all_ce_noW,15,0.12214720600002238,2.0,0.75,0.9808917197452229,1.0,0.7857142857142857,0.9348096885813149,0.9995004995004995,0.9952380952380951,143,0,3,11,157,14,8.92,0.25509506702185886,5.18243191224774e-08,0.9999980096021865,0.07252398313799188
1024,23,F_all_ce_W,15,0.13836445499998717,2.0,0.75,0.9808917197452229,1.0,0.7857142857142857,0.9348096885813149,0.9995004995004995,0.995238095238095,143,0,3,11,157,14,8.92,0.255243439613108,1.23561613301354e-07,0.9999995637497259,0.073067292002501
1024,23,G_all_focal_noW,15,0.10045267100008459,2.0,0.75,0.9808917197452229,1.0,0.7857142857142857,0.9348096885813149,0.998001998001998,0.9822929171668666,143,0,3,11,157,14,8.92,0.24853738806831852,0.0034906973759143067,0.9904952990176641,0.08820116687070967
1024,23,H_all_focal_W,15,0.10037932800003091,2.0,0.75,0.9808917197452229,1.0,0.7857142857142857,0.9348096885813149,0.998001998001998,0.9822929171668666,143,0,3,11,157,14,8.92,0.24853738806831852,0.0034906973759143067,0.9904952990176641,0.08820116687070967
1024,23,LEGACY_A,14,0.11674926399996366,2.0,0.75,0.9745222929936306,0.9166666666666666,0.7857142857142857,0.9161324786324787,0.998001998001998,0.9804748822605964,142,1,3,11,157,14,8.92,0.25991934612309797,4.1118508944909405e-08,0.9999995571802733,0.0791085191377502
1024,24,A_raw_ce_noW,14,0.12904417599997942,2.0,0.75,0.9872611464968153,0.9285714285714286,0.9285714285714286,0.9607892107892109,0.9995004995004996,0.9952380952380953,142,1,1,13,157,14,8.92,0.2848116942017844,3.268928121961622e-08,0.9999995524474687,0.089967987273728
1024,24,B_raw_ce_W,14,0.12391765999996096,2.0,0.75,0.9872611464968153,0.9285714285714286,0.9285714285714286,0.9607892107892109,0.9995004995004994,0.9952380952380953,142,1,1,13,157,14,8.92,0.28562885731670884,1.4615241058855028e-07,0.9999998370918023,0.09186777174218569
1024,24,C_raw_focal_noW,14,0.09520892900002309,2.0,0.75,0.9872611464968153,0.9285714285714286,0.9285714285714286,0.9607892107892109,0.9995004995004995,0.9952380952380953,142,1,1,13,157,14,8.92,0.27682645849956655,0.002248200021604107,0.9946892078581914,0.102194009771177
1024,24,D_raw_focal_W,14,0.09494901899995511,2.0,0.75,0.9872611464968153,0.9285714285714286,0.9285714285714286,0.9607892107892109,0.9995004995004995,0.9952380952380953,142,1,1,13,157,14,8.92,0.27682645849956655,0.002248200021604107,0.9946892078581914,0.102194009771177
1024,24,E_all_ce_noW,15,0.1266973430000462,2.0,0.75,0.9872611464968153,0.875,1.0,0.9631455399061033,0.9995004995004995,0.9952380952380953,141,2,0,14,157,14,8.92,0.28729207774697496,3.9675463776132877e-08,0.9999994266964438,0.09561617411695786
1024,24,F_all_ce_W,15,0.13529919500001597,2.0,0.75,0.9872611464968153,0.875,1.0,0.9631455399061033,0.9995004995004995,0.9952380952380953,141,2,0,14,157,14,8.92,0.2963159582667329,1.0838588832362243e-07,0.9999998337801296,0.10175136070203489
1024,24,G_all_focal_noW,15,0.10147817999995823,2.0,0.75,0.9872611464968153,0.875,1.0,0.9631455399061033,0.999000999000999,0.9910714285714286,141,2,0,14,157,14,8.92,0.2812937978977186,0.0026007918293450604,0.9937232327010975,0.10720108786989846
1024,24,H_all_focal_W,15,0.09962837099999433,2.0,0.75,0.9872611464968153,0.875,1.0,0.9631455399061033,0.999000999000999,0.9910714285714286,141,2,0,14,157,14,8.92,0.2812937978977186,0.0026007918293450604,0.9937232327010975,0.10720108786989846
1024,24,LEGACY_A,14,0.13002278199996908,2.0,0.75,0.9936305732484076,0.9333333333333333,1.0,0.981004234724743,0.9995004995004995,0.9952380952380953,142,1,0,14,157,14,8.92,0.2870532354384823,2.7371309688837745e-08,0.9999996597294464,0.0928751683996275
1024,25,A_raw_ce_noW,14,0.11106963300005646,2.0,0.75,0.9935897435897436,1.0,0.9230769230769231,0.9782578397212544,0.9989241527703066,0.9897435897435898,143,0,1,12,156,13,8.33,0.26587024659537944,9.506693900844576e-08,0.9999989662060398,0.0778608428148576
1024,25,B_raw_ce_W,14,0.11718725699995503,2.0,0.75,0.9935897435897436,1.0,0.9230769230769231,0.9782578397212544,0.9983862291554599,0.9855769230769231,143,0,1,12,156,13,8.33,0.26700349193826994,2.028784364789897e-07,0.9999998013750896,0.0789199408632232
1024,25,C_raw_focal_noW,14,0.09366089699994973,2.0,0.75,0.9871794871794872,0.9230769230769231,0.9230769230769231,0.9580419580419581,0.9989241527703067,0.9897435897435898,142,1,1,12,156,13,8.33,0.2593055036399771,0.003007693183891534,0.9930196330588467,0.0905997990727727
1024,25,D_raw_focal_W,14,0.09539285500000005,2.0,0.75,0.9871794871794872,0.9230769230769231,0.9230769230769231,0.9580419580419581,0.9989241527703067,0.9897435897435898,142,1,1,12,156,13,8.33,0.2593055036399771,0.003007693183891534,0.9930196330588467,0.0905997990727727
1024,25,E_all_ce_noW,15,0.1184941849999177,2.0,0.75,0.9935897435897436,1.0,0.9230769230769231,0.9782578397212544,0.9983862291554599,0.9855769230769231,143,0,1,12,156,13,8.33,0.26672697130883266,1.0412737925621135e-07,0.9999991953269614,0.07867792319551321
1024,25,F_all_ce_W,15,0.11814528699994753,2.0,0.75,0.9871794871794872,0.9230769230769231,0.9230769230769231,0.9580419580419581,0.9978483055406133,0.9819004524886878,142,1,1,12,156,13,8.33,0.2719396011477603,1.8845314144295584e-07,0.9999997458885932,0.08182577222307098
1024,25,G_all_focal_noW,15,0.12021625700003824,2.0,0.75,0.9871794871794872,0.9230769230769231,0.9230769230769231,0.9580419580419581,0.9989241527703067,0.9897435897435896,142,1,1,12,156,13,8.33,0.25815024289107164,0.003381126887656951,0.9916051669486743,0.09136306711901482
1024,25,H_all_focal_W,15,0.1006746389999762,2.0,0.75,0.9871794871794872,0.9230769230769231,0.9230769230769231,0.9580419580419581,0.9989241527703067,0.9897435897435896,142,1,1,12,156,13,8.33,0.25815024289107164,0.003381126887656951,0.9916051669486743,0.09136306711901482
1024,25,LEGACY_A,14,0.10979898100003993,2.0,0.75,0.9935897435897436,1.0,0.9230769230769231,0.9782578397212544,0.9983862291554599,0.9855769230769231,143,0,1,12,156,13,8.33,0.2635788622520003,7.536046768931125e-08,0.9999995636835001,0.07608912701421489
2048,1,A_raw_ce_noW,14,0.11860567399992306,2.0,0.75,1.0,1.0,1.0,1.0,1.0,0.9999999999999999,143,0,0,14,157,14,8.92,0.28483672148838046,3.598682062564994e-08,0.9999989386150138,0.0904515908091302
2048,1,B_raw_ce_W,14,0.12538937600004374,2.0,0.75,0.9936305732484076,0.9333333333333333,1.0,0.981004234724743,1.0,1.0,142,1,0,14,157,14,8.92,0.289717894934583,1.0405616888114739e-07,0.9999996303256674,0.09470453861983105
2048,1,C_raw_focal_noW,14,0.09950938100007534,2.0,0.75,1.0,1.0,1.0,1.0,1.0,0.9999999999999999,143,0,0,14,157,14,8.92,0.27490455453055396,0.0029842458061068882,0.9930120007924711,0.09986110744131257
2048,1,D_raw_focal_W,14,0.0960629759999847,2.0,0.75,1.0,1.0,1.0,1.0,1.0,0.9999999999999999,143,0,0,14,157,14,8.92,0.27490455453055396,0.0029842458061068882,0.9930120007924711,0.09986110744131257
2048,1,E_all_ce_noW,15,0.14677074000007906,2.0,0.75,0.9936305732484076,1.0,0.9285714285714286,0.9797393212027359,1.0,0.9999999999999999,143,0,1,13,157,14,8.92,0.2756881813686507,3.3990533623500294e-08,0.9999990416247392,0.08582563496568012
2048,1,F_all_ce_W,15,0.13509225900008914,2.0,0.75,0.9936305732484076,1.0,0.9285714285714286,0.9797393212027359,0.9995004995004995,0.9952380952380953,143,0,1,13,157,14,8.92,0.2781417266310991,1.4179763997416968e-07,0.9999997783142588,0.09037318859196732
2048,1,G_all_focal_noW,15,0.09722764400009964,2.0,0.75,0.9936305732484076,1.0,0.9285714285714286,0.9797393212027359,0.9990009990009989,0.9910714285714286,143,0,1,13,157,14,8.92,0.27042757768931186,0.0023716783072290485,0.992205008027578,0.09756342744166786
2048,1,H_all_focal_W,15,0.09930485600000338,2.0,0.75,0.9936305732484076,1.0,0.9285714285714286,0.9797393212027359,0.9990009990009989,0.9910714285714286,143,0,1,13,157,14,8.92,0.27042757768931186,0.0023716783072290485,0.992205008027578,0.09756342744166786
2048,1,LEGACY_A,14,0.1176420890000145,2.0,0.75,1.0,1.0,1.0,1.0,1.0,0.9999999999999999,143,0,0,14,157,14,8.92,0.2845478290559384,2.771834010743888e-08,0.999999625193816,0.09013732012263052
2048,2,A_raw_ce_noW,14,0.10938235200001145,2.0,0.75,0.9808917197452229,1.0,0.7857142857142857,0.9348096885813149,0.993006993006993,0.9642857142857142,143,0,3,11,157,14,8.92,0.2551639732077238,4.3269666360509063e-08,0.9999990042448427,0.071003228088114
2048,2,B_raw_ce_W,14,0.12114077199998974,2.0,0.75,0.9808917197452229,1.0,0.7857142857142857,0.9348096885813149,0.994005994005994,0.9670329670329669,143,0,3,11,157,14,8.92,0.2571726217277632,1.5207093044310617e-07,0.9999996986846649,0.07346139948529172
2048,2,C_raw_focal_noW,14,0.09947015199998077,2.0,0.75,0.9872611464968153,1.0,0.8571428571428571,0.9580662393162394,0.9855144855144855,0.9518272425249169,143,0,2,12,157,14,8.92,0.2510225336796884,0.0031817217734665046,0.9940155826891296,0.08666536092233577
2048,2,D_raw_focal_W,14,0.1134141699999418,2.0,0.75,0.9872611464968153,1.0,0.8571428571428571,0.9580662393162394,0.9855144855144855,0.9518272425249169,143,0,2,12,157,14,8.92,0.2510225336796884,0.0031817217734665046,0.9940155826891296,0.08666536092233577
2048,2,E_all_ce_noW,15,0.1258019190000823,2.0,0.75,0.9808917197452229,1.0,0.7857142857142857,0.9348096885813149,0.994005994005994,0.9670329670329669,143,0,3,11,157,14,8.92,0.25608198875844196,3.4219378946905045e-08,0.9999991161210501,0.07448984174342445
2048,2,F_all_ce_W,15,0.1441917710000098,2.0,0.75,0.9872611464968153,0.9285714285714286,0.9285714285714286,0.9607892107892109,0.9915084915084915,0.9524576408812861,142,1,1,13,157,14,8.92,0.2640421107373111,1.287518022809538e-07,0.9999997035731373,0.08176208297135135
2048,2,G_all_focal_noW,15,0.09946301700006188,2.0,0.75,0.9808917197452229,1.0,0.7857142857142857,0.9348096885813149,0.9950049950049951,0.9702380952380951,143,0,3,11,157,14,8.92,0.2520079292750576,0.0023976520134460144,0.993607855815475,0.08791592259780999
2048,2,H_all_focal_W,15,0.10239632299999357,2.0,0.75,0.9808917197452229,1.0,0.7857142857142857,0.9348096885813149,0.9950049950049951,0.9702380952380951,143,0,3,11,157,14,8.92,0.2520079292750576,0.0023976520134460144,0.993607855815475,0.08791592259780999
2048,2,LEGACY_A,14,0.10942089999991822,2.0,0.75,0.9872611464968153,1.0,0.8571428571428571,0.9580662393162394,0.9905094905094904,0.9588744588744589,143,0,2,12,157,14,8.92,0.257350891945995,3.5246445988548095e-08,0.9999995486341732,0.0737263871731054
2048,3,A_raw_ce_noW,14,0.1056737769999927,2.0,0.75,0.9808917197452229,0.9230769230769231,0.8571428571428571,0.9392179636082074,0.9975024975024974,0.9790249433106575,142,1,2,12,157,14,8.92,0.2750108053241614,7.477787750882258e-08,0.9999988225738689,0.08536237667267482
2048,3,B_raw_ce_W,14,0.1326740140000311,2.0,0.75,0.9808917197452229,0.9230769230769231,0.8571428571428571,0.9392179636082074,0.997002997002997,0.9746031746031745,142,1,2,12,157,14,8.92,0.27517507859438495,1.5484820492273062e-07,0.9999997832245687,0.08682544584872502
2048,3,C_raw_focal_noW,14,0.09595160399999259,2.0,0.75,0.9808917197452229,0.9230769230769231,0.8571428571428571,0.9392179636082074,0.997002997002997,0.9708460307199802,142,1,2,12,157,14,8.92,0.2672361588408512,0.003445401917355126,0.9925539976245686,0.10259963169122835
2048,3,D_raw_focal_W,14,0.10235815300006834,2.0,0.75,0.9808917197452229,0.9230769230769231,0.8571428571428571,0.9392179636082074,0.997002997002997,0.9708460307199802,142,1,2,12,157,14,8.92,0.2672361588408512,0.003445401917355126,0.9925539976245686,0.10259963169122835
2048,3,E_all_ce_noW,15,0.11797428600004878,2.0,0.75,0.9808917197452229,0.9230769230769231,0.8571428571428571,0.9392179636082074,0.9980019980019981,0.9815476190476189,142,1,2,12,157,14,8.92,0.2750508783503355,5.949524282341563e-08,0.9999987675306314,0.0840920312293133
2048,3,F_all_ce_W,15,0.13009701399994356,2.0,0.75,0.9808917197452229,0.9230769230769231,0.8571428571428571,0.9392179636082074,0.999000999000999,0.9901360544217686,142,1,2,12,157,14,8.92,0.2748623289287428,1.7261874296198973e-07,0.9999997250262999,0.0831508886600675
2048,3,G_all_focal_noW,15,0.10285604000000603,2.0,0.75,0.9872611464968153,0.9285714285714286,0.9285714285714286,0.9607892107892109,0.9985014985014985,0.9859693877551019,142,1,1,13,157,14,8.92,0.26674410181442826,0.0031529034077249045,0.9914763533284062,0.0991439135148575
2048,3,H_all_focal_W,15,0.09951583000008668,2.0,0.75,0.9872611464968153,0.9285714285714286,0.9285714285714286,0.9607892107892109,0.9985014985014985,0.9859693877551019,142,1,1,13,157,14,8.92,0.26674410181442826,0.0031529034077249045,0.9914763533284062,0.0991439135148575
2048,3,LEGACY_A,14,0.11361436099991806,2.0,0.75,0.9808917197452229,0.9230769230769231,0.8571428571428571,0.9392179636082074,0.999000999000999,0.9901360544217686,142,1,2,12,157,14,8.92,0.2686716403284341,4.9676569477979144e-08,0.9999995890482732,0.08265541961243761
2048,4,A_raw_ce_noW,14,0.11324310899999546,2.0,0.75,0.9936305732484076,0.9333333333333333,1.0,0.981004234724743,0.9995004995004995,0.995238095238095,142,1,0,14,157,14,8.92,0.2871889274851858,4.200246332980663e-08,0.9999990553603839,0.09311523963162707
2048,4,B_raw_ce_W,14,0.12580752099995607,2.0,0.75,0.9936305732484076,0.9333333333333333,1.0,0.981004234724743,0.9995004995004995,0.995238095238095,142,1,0,14,157,14,8.92,0.29059786472161064,1.417497088281764e-07,0.999999793647981,0.09446774903171755
2048,4,C_raw_focal_noW,14,0.0949000220000471,2.0,0.75,1.0,1.0,1.0,1.0,1.0,0.9999999999999998,143,0,0,14,157,14,8.92,0.27107316677234516,0.0025419310581037066,0.9929535119093277,0.10029293897297856
2048,4,D_raw_focal_W,14,0.09479885899997953,2.0,0.75,1.0,1.0,1.0,1.0,1.0,0.9999999999999998,143,0,0,14,157,14,8.92,0.27107316677234516,0.0025419310581037066,0.9929535119093277,0.10029293897297856
2048,4,E_all_ce_noW,15,0.14597879600000851,2.0,0.75,0.9936305732484076,0.9333333333333333,1.0,0.981004234724743,0.9995004995004995,0.995238095238095,142,1,0,14,157,14,8.92,0.2858685902394499,3.563509540448756e-08,0.9999990969492242,0.09255398854000835
2048,4,F_all_ce_W,15,0.13330169699997896,2.0,0.75,0.9936305732484076,0.9333333333333333,1.0,0.981004234724743,0.9995004995004995,0.995238095238095,142,1,0,14,157,14,8.92,0.2910503721473146,1.357838403605307e-07,0.9999998185213025,0.0947072755982125
2048,4,G_all_focal_noW,15,0.09997717600003853,2.0,0.75,0.9936305732484076,0.9333333333333333,1.0,0.981004234724743,1.0,0.9999999999999999,142,1,0,14,157,14,8.92,0.2701922079160753,0.003496929374468288,0.9931941033144361,0.10124329675759032
2048,4,H_all_focal_W,15,0.11736417399993115,2.0,0.75,0.9936305732484076,0.9333333333333333,1.0,0.981004234724743,1.0,0.9999999999999999,142,1,0,14,157,14,8.92,0.2701922079160753,0.003496929374468288,0.9931941033144361,0.10124329675759032
2048,4,LEGACY_A,14,0.12145834900002228,2.0,0.75,0.9936305732484076,0.9333333333333333,1.0,0.981004234724743,1.0,0.9999999999999998,142,1,0,14,157,14,8.92,0.287720927742459,3.346116460895255e-08,0.9999996195367085,0.09319591511867696
2048,5,A_raw_ce_noW,14,0.16254170299998805,2.0,0.75,0.9871794871794872,1.0,0.8461538461538461,0.9548611111111112,0.9983862291554599,0.9855769230769231,143,0,2,11,156,13,8.33,0.25579010209780845,5.393984652349938e-08,0.9999995191330951,0.07056923647225442
2048,5,B_raw_ce_W,14,0.18164534200002436,2.0,0.75,0.9871794871794872,1.0,0.8461538461538461,0.9548611111111112,0.9989241527703067,0.9897435897435898,143,0,2,11,156,13,8.33,0.25591899546397856,1.5935334514768307e-07,0.9999998261867968,0.07081853184195679
2048,5,C_raw_focal_noW,14,0.14090588300007312,2.0,0.75,0.9871794871794872,1.0,0.8461538461538461,0.9548611111111112,0.9973103819257665,0.9745879120879121,143,0,2,11,156,13,8.33,0.24749596258419682,0.0030355755410253174,0.9959349553701644,0.08189048074742672
2048,5,D_raw_focal_W,14,0.13853428600009465,2.0,0.75,0.9871794871794872,1.0,0.8461538461538461,0.9548611111111112,0.9973103819257665,0.9745879120879121,143,0,2,11,156,13,8.33,0.24749596258419682,0.0030355755410253174,0.9959349553701644,0.08189048074742672
2048,5,E_all_ce_noW,15,0.20629733300006592,2.0,0.75,0.9871794871794872,1.0,0.8461538461538461,0.9548611111111112,0.9983862291554598,0.9855769230769231,143,0,2,11,156,13,8.33,0.25564889398224766,5.6951917781741e-08,0.999999451872716,0.07109012850191221
2048,5,F_all_ce_W,15,0.20479002800004764,2.0,0.75,0.9871794871794872,1.0,0.8461538461538461,0.9548611111111112,0.9973103819257666,0.9786324786324787,143,0,2,11,156,13,8.33,0.2559279314213864,1.5907286178199231e-07,0.9999998010427512,0.07075644743013966
2048,5,G_all_focal_noW,15,0.13984724699992057,2.0,0.75,0.9871794871794872,1.0,0.8461538461538461,0.9548611111111112,0.9962345346960731,0.9676434676434675,143,0,2,11,156,13,8.33,0.24958890232607484,0.0024473329938350633,0.9953611901595911,0.08254279005962165
2048,5,H_all_focal_W,15,0.13657036200004313,2.0,0.75,0.9871794871794872,1.0,0.8461538461538461,0.9548611111111112,0.9962345346960731,0.9676434676434675,143,0,2,11,156,13,8.33,0.24958890232607484,0.0024473329938350633,0.9953611901595911,0.08254279005962165
2048,5,LEGACY_A,14,0.16288198099994133,2.0,0.75,0.9871794871794872,1.0,0.8461538461538461,0.9548611111111112,0.9973103819257666,0.9786324786324787,143,0,2,11,156,13,8.33,0.25597537781499224,4.4679363768492756e-08,0.9999997041152472,0.07218352504924966
2048,6,A_raw_ce_noW,14,0.18403062599998066,2.0,0.75,0.9936305732484076,1.0,0.9285714285714286,0.9797393212027359,0.9995004995004995,0.995238095238095,143,0,1,13,157,14,8.92,0.2754868210276896,4.1862996632178025e-08,0.9999988579763867,0.0829192997734862
2048,6,B_raw_ce_W,14,0.1834184980000373,2.0,0.75,0.9936305732484076,1.0,0.9285714285714286,0.9797393212027359,0.9995004995004995,0.995238095238095,143,0,1,13,157,14,8.92,0.2754409110573047,1.452813912142772e-07,0.9999996947602138,0.0832738317373801
2048,6,C_raw_focal_noW,14,0.14346770899999228,2.0,0.75,0.9936305732484076,1.0,0.9285714285714286,0.9797393212027359,0.999000999000999,0.9910714285714284,143,0,1,13,157,14,8.92,0.2652847072655786,0.002366647767852785,0.9924796842180623,0.09648527489662354
2048,6,D_raw_focal_W,14,0.1405265569999301,2.0,0.75,0.9936305732484076,1.0,0.9285714285714286,0.9797393212027359,0.999000999000999,0.9910714285714284,143,0,1,13,157,14,8.92,0.2652847072655786,0.002366647767852785,0.9924796842180623,0.09648527489662354
2048,6,E_all_ce_noW,15,0.1856582039999921,2.0,0.75,0.9936305732484076,1.0,0.9285714285714286,0.9797393212027359,0.9995004995004995,0.995238095238095,143,0,1,13,157,14,8.92,0.27538152795087373,3.499744674958924e-08,0.9999987398175461,0.08297039376561702
2048,6,F_all_ce_W,15,0.2172675720000825,2.0,0.75,0.9936305732484076,1.0,0.9285714285714286,0.9797393212027359,0.999000999000999,0.9910714285714284,143,0,1,13,157,14,8.92,0.27545880241692305,1.4917939766312428e-07,0.9999997735175306,0.08435409105008564
2048,6,G_all_focal_noW,15,0.1362020299999358,2.0,0.75,0.9936305732484076,1.0,0.9285714285714286,0.9797393212027359,0.9995004995004995,0.995238095238095,143,0,1,13,157,14,8.92,0.2627070407281889,0.0020997145110291434,0.9923221299941767,0.09715162701092572
2048,6,H_all_focal_W,15,0.13997592600003372,2.0,0.75,0.9936305732484076,1.0,0.9285714285714286,0.9797393212027359,0.9995004995004995,0.995238095238095,143,0,1,13,157,14,8.92,0.2627070407281889,0.0020997145110291434,0.9923221299941767,0.09715162701092572
2048,6,LEGACY_A,14,0.16534672800003136,2.0,0.75,0.9936305732484076,1.0,0.9285714285714286,0.9797393212027359,1.0,0.9999999999999998,143,0,1,13,157,14,8.92,0.2755504300202545,3.1592142831561693e-08,0.9999996192452805,0.0829118431109783
2048,7,A_raw_ce_noW,14,0.1734414380000544,2.0,0.75,0.9936305732484076,1.0,0.9285714285714286,0.9797393212027359,0.9995004995004995,0.9952380952380951,143,0,1,13,157,14,8.92,0.27544697916162386,1.0886251230418804e-07,0.9999988429299057,0.08276754182902372
2048,7,B_raw_ce_W,14,0.19104940500005796,2.0,0.75,0.9936305732484076,1.0,0.9285714285714286,0.9797393212027359,0.9995004995004995,0.9952380952380953,143,0,1,13,157,14,8.92,0.2755207632827614,2.2337198788547443e-07,0.9999997692381379,0.08279256592630359
2048,7,C_raw_focal_noW,14,0.13493033199995352,2.0,0.75,0.9936305732484076,1.0,0.9285714285714286,0.9797393212027359,0.9995004995004995,0.9952380952380951,143,0,1,13,157,14,8.92,0.2662709248078355,0.005225738427144726,0.993225184325312,0.09524038008709332
2048,7,D_raw_focal_W,14,0.15835827699993388,2.0,0.75,0.9936305732484076,1.0,0.9285714285714286,0.9797393212027359,0.9995004995004995,0.9952380952380951,143,0,1,13,157,14,8.92,0.2662709248078355,0.005225738427144726,0.993225184325312,0.09524038008709332
2048,7,E_all_ce_noW,15,0.19455327900004704,2.0,0.75,0.9936305732484076,1.0,0.9285714285714286,0.9797393212027359,0.9995004995004995,0.9952380952380951,143,0,1,13,157,14,8.92,0.2751638911120686,1.0799981551396795e-07,0.9999987972426609,0.08268074506923377
2048,7,F_all_ce_W,15,0.19077810799990402,2.0,0.75,0.9936305732484076,1.0,0.9285714285714286,0.9797393212027359,0.9985014985014986,0.9873949579831932,143,0,1,13,157,14,8.92,0.2755303007515568,1.7495574978826317e-07,0.9999997696997505,0.08280395156180796
2048,7,G_all_focal_noW,15,0.09884649700006776,2.0,0.75,0.9936305732484076,1.0,0.9285714285714286,0.9797393212027359,0.9985014985014985,0.9873949579831933,143,0,1,13,157,14,8.92,0.2660289265471829,0.005797646114968746,0.9938021566256039,0.09363241393097961
2048,7,H_all_focal_W,15,0.09785942600001363,2.0,0.75,0.9936305732484076,1.0,0.9285714285714286,0.9797393212027359,0.9985014985014985,0.9873949579831933,143,0,1,13,157,14,8.92,0.2660289265471829,0.005797646114968746,0.9938021566256039,0.09363241393097961
2048,7,LEGACY_A,14,0.124984060000088,2.0,0.75,0.9936305732484076,1.0,0.9285714285714286,0.9797393212027359,1.0,1.0,143,0,1,13,157,14,8.92,0.27477516901792226,8.057714289353838e-08,0.9999995706981903,0.08255766587872032
2048,8,A_raw_ce_noW,14,0.11087259099997482,2.0,0.75,1.0,1.0,1.0,1.0,1.0,0.9999999999999998,143,0,0,14,157,14,8.92,0.28315411988745665,4.362160866413982e-08,0.9999986143712984,0.09067661574118124
2048,8,B_raw_ce_W,14,0.12194026900010613,2.0,0.75,0.9936305732484076,0.9333333333333333,1.0,0.981004234724743,1.0,0.9999999999999998,142,1,0,14,157,14,8.92,0.285491954166545,1.4560967242489345e-07,0.9999997331342457,0.09256290191489551
2048,8,C_raw_focal_noW,14,0.09660157100006472,2.0,0.75,1.0,1.0,1.0,1.0,1.0,0.9999999999999998,143,0,0,14,157,14,8.92,0.26719232394250636,0.0025229268314093966,0.9919166515011031,0.0990460440675017
2048,8,D_raw_focal_W,14,0.09787349900000208,2.0,0.75,1.0,1.0,1.0,1.0,1.0,0.9999999999999998,143,0,0,14,157,14,8.92,0.26719232394250636,0.0025229268314093966,0.9919166515011031,0.0990460440675017
2048,8,E_all_ce_noW,15,0.12611818300001687,2.0,0.75,0.9936305732484076,1.0,0.9285714285714286,0.9797393212027359,0.999000999000999,0.9910714285714284,143,0,1,13,157,14,8.92,0.2712875470579396,3.290057469804587e-08,0.9999987621407316,0.08200032677631014
2048,8,F_all_ce_W,15,0.13931546199989953,2.0,0.75,0.9936305732484076,1.0,0.9285714285714286,0.9797393212027359,0.999000999000999,0.9910714285714284,143,0,1,13,157,14,8.92,0.26925998556031133,1.3922478480446257e-07,0.9999995883232836,0.08281340293739636
2048,8,G_all_focal_noW,15,0.12436684099998274,2.0,0.75,0.9936305732484076,1.0,0.9285714285714286,0.9797393212027359,0.9985014985014984,0.9873949579831931,143,0,1,13,157,14,8.92,0.2597640028379125,0.0024904425615507103,0.9929140748228311,0.09190744544979033
2048,8,H_all_focal_W,15,0.10103464400003759,2.0,0.75,0.9936305732484076,1.0,0.9285714285714286,0.9797393212027359,0.9985014985014984,0.9873949579831931,143,0,1,13,157,14,8.92,0.2597640028379125,0.0024904425615507103,0.9929140748228311,0.09190744544979033
2048,8,LEGACY_A,14,0.12128200400002243,2.0,0.75,1.0,1.0,1.0,1.0,1.0,0.9999999999999998,143,0,0,14,157,14,8.92,0.28250311137902223,2.9848936496031227e-08,0.9999996458957897,0.09115923293302039
2048,9,A_raw_ce_noW,14,0.11161370199999965,2.0,0.75,0.9936305732484076,0.9333333333333333,1.0,0.981004234724743,0.9995004995004995,0.9952380952380953,142,1,0,14,157,14,8.92,0.2931462408857504,3.51402390136397e-08,0.9999995102550523,0.0952795688149664
2048,9,B_raw_ce_W,14,0.1271436999999196,2.0,0.75,0.9936305732484076,0.9333333333333333,1.0,0.981004234724743,0.9995004995004996,0.9952380952380953,142,1,0,14,157,14,8.92,0.29365252078659837,7.384119949702591e-08,0.9999998362666912,0.09547480245984902
2048,9,C_raw_focal_noW,14,0.09886855500008096,2.0,0.75,0.9936305732484076,0.9333333333333333,1.0,0.981004234724743,0.999000999000999,0.9901360544217687,142,1,0,14,157,14,8.92,0.27853498101762364,0.0033087293648917096,0.9950759135992867,0.10171006014391644
2048,9,D_raw_focal_W,14,0.09567133999996713,2.0,0.75,0.9936305732484076,0.9333333333333333,1.0,0.981004234724743,0.999000999000999,0.9901360544217687,142,1,0,14,157,14,8.92,0.27853498101762364,0.0033087293648917096,0.9950759135992867,0.10171006014391644
2048,9,E_all_ce_noW,15,0.13597126100000878,2.0,0.75,0.9872611464968153,0.9285714285714286,0.9285714285714286,0.9607892107892109,0.9995004995004995,0.9952380952380953,142,1,1,13,157,14,8.92,0.28583304668785353,2.9489962058592504e-08,0.9999994630899541,0.09187975830382286
2048,9,F_all_ce_W,15,0.14038181499995517,2.0,0.75,0.9936305732484076,0.9333333333333333,1.0,0.981004234724743,0.9995004995004995,0.9952380952380953,142,1,0,14,157,14,8.92,0.2912557881108392,1.1987246951139994e-07,0.9999998128746571,0.09467641497891391
2048,9,G_all_focal_noW,15,0.0996116589999474,2.0,0.75,0.9872611464968153,0.9285714285714286,0.9285714285714286,0.9607892107892109,0.9995004995004995,0.9952380952380951,142,1,1,13,157,14,8.92,0.27716389926660495,0.002714371800017858,0.9948172526484603,0.10154302687391821
2048,9,H_all_focal_W,15,0.09997960599991984,2.0,0.75,0.9872611464968153,0.9285714285714286,0.9285714285714286,0.9607892107892109,0.9995004995004995,0.9952380952380951,142,1,1,13,157,14,8.92,0.27716389926660495,0.002714371800017858,0.9948172526484603,0.10154302687391821
2048,9,LEGACY_A,14,0.11441972000000078,2.0,0.75,0.9936305732484076,0.9333333333333333,1.0,0.981004234724743,0.9995004995004995,0.9952380952380953,142,1,0,14,157,14,8.92,0.2936154859342144,3.2682093000723294e-08,0.9999996534847184,0.09545753591213786
2048,10,A_raw_ce_noW,14,0.10770551600001,2.0,0.75,0.9871794871794872,1.0,0.8461538461538461,0.9548611111111112,0.9892415277030663,0.9484097633136095,143,0,2,11,156,13,8.33,0.24952830852287236,3.3569983593141234e-08,0.9999995902611503,0.06854261577901047
2048,10,B_raw_ce_W,14,0.11800936299994191,2.0,0.75,0.9871794871794872,1.0,0.8461538461538461,0.9548611111111112,0.9892415277030662,0.9533799533799534,143,0,2,11,156,13,8.33,0.25360050733238176,1.3883846037350322e-07,0.9999998126587715,0.07006233276880787
2048,10,C_raw_focal_noW,14,0.09280757500005166,2.0,0.75,0.9871794871794872,1.0,0.8461538461538461,0.9548611111111112,0.9924690693921463,0.9601139601139601,143,0,2,11,156,13,8.33,0.23830630624416277,0.0025609574827167338,0.994813976171214,0.07600689960321076
2048,10,D_raw_focal_W,14,0.11107385700006489,2.0,0.75,0.9871794871794872,1.0,0.8461538461538461,0.9548611111111112,0.9924690693921463,0.9601139601139601,143,0,2,11,156,13,8.33,0.23830630624416277,0.0025609574827167338,0.994813976171214,0.07600689960321076
2048,10,E_all_ce_noW,15,0.12813025000002654,2.0,0.75,0.9871794871794872,1.0,0.8461538461538461,0.9548611111111112,0.9870898332436794,0.9501039501039501,143,0,2,11,156,13,8.33,0.25308592507201677,3.0229556550262623e-08,0.9999995370773458,0.06991916596140073
2048,10,F_all_ce_W,15,0.13576776299998983,2.0,0.75,0.9871794871794872,1.0,0.8461538461538461,0.9548611111111112,0.9903173749327596,0.9553349875930521,143,0,2,11,156,13,8.33,0.2551742516870091,9.630770910326846e-08,0.9999998479970071,0.07063626423263929
2048,10,G_all_focal_noW,15,0.10271649000003436,2.0,0.75,0.9871794871794872,1.0,0.8461538461538461,0.9548611111111112,0.9903173749327596,0.9553349875930521,143,0,2,11,156,13,8.33,0.24213379937845214,0.0024123662602247883,0.9943931676663718,0.07731991982505353
2048,10,H_all_focal_W,15,0.10786984700007451,2.0,0.75,0.9871794871794872,1.0,0.8461538461538461,0.9548611111111112,0.9903173749327596,0.9553349875930521,143,0,2,11,156,13,8.33,0.24213379937845214,0.0024123662602247883,0.9943931676663718,0.07731991982505353
2048,10,LEGACY_A,14,0.11918361999994431,2.0,0.75,0.9807692307692307,0.9166666666666666,0.8461538461538461,0.9347735191637631,0.9854760623991392,0.9428007889546353,142,1,2,11,156,13,8.33,0.25535518444604666,4.847036092181189e-08,0.9999997084359236,0.07325006175012795
2048,11,A_raw_ce_noW,14,0.10899871399999483,2.0,0.75,0.9936305732484076,1.0,0.9285714285714286,0.9797393212027359,0.9915084915084915,0.9608294930875574,143,0,1,13,157,14,8.92,0.2755039721684383,3.540510317812971e-08,0.9999992631341418,0.08349244494779857
2048,11,B_raw_ce_W,14,0.13557628600005955,2.0,0.75,0.9936305732484076,1.0,0.9285714285714286,0.9797393212027359,0.9920079920079921,0.9619047619047618,143,0,1,13,157,14,8.92,0.27581598094446624,1.4564507635287667e-07,0.9999997686633673,0.08440589988223188
2048,11,C_raw_focal_noW,14,0.09558792699999685,2.0,0.75,0.9936305732484076,1.0,0.9285714285714286,0.9797393212027359,0.9885114885114885,0.9555984555984556,143,0,1,13,157,14,8.92,0.2687231109931577,0.003303035407686162,0.9941801863124221,0.09281248461011603
2048,11,D_raw_focal_W,14,0.09499059999996007,2.0,0.75,0.9936305732484076,1.0,0.9285714285714286,0.9797393212027359,0.9885114885114885,0.9555984555984556,143,0,1,13,157,14,8.92,0.2687231109931577,0.003303035407686162,0.9941801863124221,0.09281248461011603
2048,11,E_all_ce_noW,15,0.12450971199996275,2.0,0.75,0.9936305732484076,1.0,0.9285714285714286,0.9797393212027359,0.9925074925074925,0.9630541871921181,143,0,1,13,157,14,8.92,0.27543112143514936,2.847766255934782e-08,0.9999991977436532,0.08376766778714466
2048,11,F_all_ce_W,15,0.13595590799991442,2.0,0.75,0.9936305732484076,1.0,0.9285714285714286,0.9797393212027359,0.993006993006993,0.9642857142857142,143,0,1,13,157,14,8.92,0.2773757276343188,1.2669577638873645e-07,0.9999998057047388,0.08669605971437801
2048,11,G_all_focal_noW,15,0.10759808700004214,2.0,0.75,0.9936305732484076,1.0,0.9285714285714286,0.9797393212027359,0.989010989010989,0.9563492063492063,143,0,1,13,157,14,8.92,0.2702607826062143,0.002267241409443179,0.9941941601283222,0.09433474767203821
2048,11,H_all_focal_W,15,0.0959916310000608,2.0,0.75,0.9936305732484076,1.0,0.9285714285714286,0.9797393212027359,0.989010989010989,0.9563492063492063,143,0,1,13,157,14,8.92,0.2702607826062143,0.002267241409443179,0.9941941601283222,0.09433474767203821
2048,11,LEGACY_A,14,0.11151824600005966,2.0,0.75,0.9936305732484076,1.0,0.9285714285714286,0.9797393212027359,0.9885114885114885,0.9555984555984556,143,0,1,13,157,14,8.92,0.27550593295468556,2.9794417185630833e-08,0.9999996088013048,0.08320017486828979
2048,12,A_raw_ce_noW,14,0.11105340300002808,2.0,0.75,0.9872611464968153,1.0,0.8571428571428571,0.9580662393162394,0.9985014985014985,0.9873949579831931,143,0,2,12,157,14,8.92,0.2642549604063688,3.454153982918757e-08,0.9999993342762652,0.07763098000698367
2048,12,B_raw_ce_W,14,0.12211785600004532,2.0,0.75,0.9872611464968153,1.0,0.8571428571428571,0.9580662393162394,0.9975024975024974,0.9812030075187969,143,0,2,12,157,14,8.92,0.26626882841444915,1.4567004915853384e-07,0.9999998223840567,0.07959023877090012
2048,12,C_raw_focal_noW,14,0.09653361799996674,2.0,0.75,0.9872611464968153,1.0,0.8571428571428571,0.9580662393162394,0.998001998001998,0.984126984126984,143,0,2,12,157,14,8.92,0.25021350720668556,0.003265442504274238,0.9929304697907565,0.08928514718095476
2048,12,D_raw_focal_W,14,0.09618788800003131,2.0,0.75,0.9872611464968153,1.0,0.8571428571428571,0.9580662393162394,0.998001998001998,0.984126984126984,143,0,2,12,157,14,8.92,0.25021350720668556,0.003265442504274238,0.9929304697907565,0.08928514718095476
2048,12,E_all_ce_noW,15,0.12991472600003817,2.0,0.75,0.9872611464968153,1.0,0.8571428571428571,0.9580662393162394,0.997002997002997,0.974002100840336,143,0,2,12,157,14,8.92,0.2631878513722609,3.266899987798549e-08,0.9999993426163114,0.0764028015519171
2048,12,F_all_ce_W,15,0.13327250199995433,2.0,0.75,0.9872611464968153,1.0,0.8571428571428571,0.9580662393162394,0.997002997002997,0.9746031746031745,143,0,2,12,157,14,8.92,0.2649177617337274,1.4514646145741746e-07,0.9999997754440619,0.07824382943891185
2048,12,G_all_focal_noW,15,0.09905677599999763,2.0,0.75,0.9872611464968153,1.0,0.8571428571428571,0.9580662393162394,0.9960039960039959,0.9678101503759398,143,0,2,12,157,14,8.92,0.2477528202393633,0.003344840337195852,0.9937787355074312,0.08807871371915518
2048,12,H_all_focal_W,15,0.1148109769999337,2.0,0.75,0.9872611464968153,1.0,0.8571428571428571,0.9580662393162394,0.9960039960039959,0.9678101503759398,143,0,2,12,157,14,8.92,0.2477528202393633,0.003344840337195852,0.9937787355074312,0.08807871371915518
2048,12,LEGACY_A,14,0.11009512399994037,2.0,0.75,0.9872611464968153,1.0,0.8571428571428571,0.9580662393162394,0.998001998001998,0.984126984126984,143,0,2,12,157,14,8.92,0.2660715711400734,2.7861710114165574e-08,0.9999996457123214,0.07961673768837105
2048,13,A_raw_ce_noW,14,0.10121323900000334,2.0,0.75,0.9808917197452229,0.9230769230769231,0.8571428571428571,0.9392179636082074,0.872127872127872,0.8653415011087716,142,1,2,12,157,14,8.92,0.2752269199984784,5.48760965129777e-08,0.9999994795564744,0.08272823579728492
2048,13,B_raw_ce_W,14,0.1138338069999918,2.0,0.75,0.9808917197452229,0.9230769230769231,0.8571428571428571,0.9392179636082074,0.8676323676323676,0.8649016076035443,142,1,2,12,157,14,8.92,0.27553139059175946,1.6965139524338355e-07,0.9999998407515265,0.08283104348717238
2048,13,C_raw_focal_noW,14,0.08988444800002071,2.0,0.75,0.9808917197452229,0.9230769230769231,0.8571428571428571,0.9392179636082074,0.8716283716283716,0.86527621813807,142,1,2,12,157,14,8.92,0.2674180868077551,0.003706066066155464,0.9954935753478841,0.09005720828432473
2048,13,D_raw_focal_W,14,0.09116812799993568,2.0,0.75,0.9808917197452229,0.9230769230769231,0.8571428571428571,0.9392179636082074,0.8716283716283716,0.86527621813807,142,1,2,12,157,14,8.92,0.2674180868077551,0.003706066066155464,0.9954935753478841,0.09005720828432473
2048,13,E_all_ce_noW,15,0.1125334580000299,2.0,0.75,0.9808917197452229,0.9230769230769231,0.8571428571428571,0.9392179636082074,0.8706293706293705,0.8706372549019606,142,1,2,12,157,14,8.92,0.2754218990432318,4.7584351327293306e-08,0.9999994469113348,0.08297043065018923
2048,13,F_all_ce_W,15,0.12611647799997172,2.0,0.75,0.9808917197452229,0.9230769230769231,0.8571428571428571,0.9392179636082074,0.8696303696303695,0.870531407623825,142,1,2,12,157,14,8.92,0.27542627631260475,1.5606798366282468e-07,0.9999998177100987,0.08316270965824021
2048,13,G_all_focal_noW,15,0.11415443600003528,2.0,0.75,0.9808917197452229,0.9230769230769231,0.8571428571428571,0.9392179636082074,0.9005994005994005,0.8744676964528317,142,1,2,12,157,14,8.92,0.26731865517606596,0.0031355764498876846,0.9964201283918127,0.08952609268834065
2048,13,H_all_focal_W,15,0.09100870699990082,2.0,0.75,0.9808917197452229,0.9230769230769231,0.8571428571428571,0.9392179636082074,0.9005994005994005,0.8744676964528317,142,1,2,12,157,14,8.92,0.26731865517606596,0.0031355764498876846,0.9964201283918127,0.08952609268834065
2048,13,LEGACY_A,14,0.10592253999993773,2.0,0.75,0.9808917197452229,0.9230769230769231,0.8571428571428571,0.9392179636082074,0.8841158841158842,0.8720309092148308,142,1,2,12,157,14,8.92,0.275356332155379,3.2999366990763904e-08,0.9999997169402259,0.08277008985859821
2048,14,A_raw_ce_noW,14,0.11439821499993741,2.0,0.75,1.0,1.0,1.0,1.0,1.0,0.9999999999999999,143,0,0,14,157,14,8.92,0.2846466400971948,2.985198146870065e-08,0.9999986586048207,0.08985270468182434
2048,14,B_raw_ce_W,14,0.12873073599996587,2.0,0.75,1.0,1.0,1.0,1.0,1.0,0.9999999999999999,143,0,0,14,157,14,8.92,0.2849101371214184,1.4512201618693543e-07,0.999999803220437,0.08930518877339359
2048,14,C_raw_focal_noW,14,0.09559830199998487,2.0,0.75,1.0,1.0,1.0,1.0,1.0,0.9999999999999998,143,0,0,14,157,14,8.92,0.2743509050648274,0.0025605759140547957,0.992852515519384,0.09740203849831346
2048,14,D_raw_focal_W,14,0.09558602200002042,2.0,0.75,1.0,1.0,1.0,1.0,1.0,0.9999999999999998,143,0,0,14,157,14,8.92,0.2743509050648274,0.0025605759140547957,0.992852515519384,0.09740203849831346
2048,14,E_all_ce_noW,15,0.12341930799993861,2.0,0.75,1.0,1.0,1.0,1.0,1.0,0.9999999999999999,143,0,0,14,157,14,8.92,0.28493041170165445,3.2687907765380435e-08,0.9999989394888738,0.08933687369132703
2048,14,F_all_ce_W,15,0.15217782699994586,2.0,0.75,1.0,1.0,1.0,1.0,1.0,0.9999999999999998,143,0,0,14,157,14,8.92,0.2848891431880525,1.2972603736051814e-07,0.9999997733254352,0.08955445001524397
2048,14,G_all_focal_noW,15,0.10275322500001494,2.0,0.75,1.0,1.0,1.0,1.0,1.0,0.9999999999999998,143,0,0,14,157,14,8.92,0.27807526459881166,0.002839998017123032,0.9928135230786479,0.09919865686642394
2048,14,H_all_focal_W,15,0.09753726999997525,2.0,0.75,1.0,1.0,1.0,1.0,1.0,0.9999999999999998,143,0,0,14,157,14,8.92,0.27807526459881166,0.002839998017123032,0.9928135230786479,0.09919865686642394
2048,14,LEGACY_A,14,0.11526985800003331,2.0,0.75,1.0,1.0,1.0,1.0,1.0,0.9999999999999999,143,0,0,14,157,14,8.92,0.284881795826461,3.1344828551730526e-08,0.9999996020660138,0.08938772104714864
2048,15,A_raw_ce_noW,14,0.10797831600007157,2.0,0.75,0.9807692307692307,1.0,0.7692307692307693,0.929592297276967,0.9994620763851533,0.9945054945054943,143,0,3,10,156,13,8.33,0.24571075271092652,7.418579142737778e-08,0.9999975057803062,0.06892138344292559
2048,15,B_raw_ce_W,14,0.11828176500000609,2.0,0.75,0.9871794871794872,1.0,0.8461538461538461,0.9548611111111112,0.9983862291554599,0.9838264299802759,143,0,2,11,156,13,8.33,0.24828348159224273,1.469922371194727e-07,0.9999995899886516,0.07170692651541352
2048,15,C_raw_focal_noW,14,0.09960177799996472,2.0,0.75,0.9935897435897436,1.0,0.9230769230769231,0.9782578397212544,0.9983862291554599,0.985576923076923,143,0,1,12,156,13,8.33,0.24806428916048126,0.0029925598359098206,0.9926610402787288,0.08579325931686693
2048,15,D_raw_focal_W,14,0.11289447900003324,2.0,0.75,0.9935897435897436,1.0,0.9230769230769231,0.9782578397212544,0.9983862291554599,0.985576923076923,143,0,1,12,156,13,8.33,0.24806428916048126,0.0029925598359098206,0.9926610402787288,0.08579325931686693
2048,15,E_all_ce_noW,15,0.12443322299998272,2.0,0.75,0.9871794871794872,1.0,0.8461538461538461,0.9548611111111112,0.9983862291554599,0.983826429980276,143,0,2,11,156,13,8.33,0.2533433199188437,4.616667804515321e-08,0.9999982379610922,0.07096091084572932
2048,15,F_all_ce_W,15,0.16421662400000514,2.0,0.75,0.9807692307692307,0.9166666666666666,0.8461538461538461,0.9347735191637631,0.9983862291554599,0.9821780783319245,142,1,2,11,156,13,8.33,0.25843135244123394,1.0351349409624751e-07,0.9999995835911539,0.07597539580988705
2048,15,G_all_focal_noW,15,0.1560552570000482,2.0,0.75,0.9935897435897436,1.0,0.9230769230769231,0.9782578397212544,0.9983862291554599,0.9855769230769229,143,0,1,12,156,13,8.33,0.2514750837243905,0.002711948206383097,0.9921749282081114,0.0860482040679814
2048,15,H_all_focal_W,15,0.15480375399999957,2.0,0.75,0.9935897435897436,1.0,0.9230769230769231,0.9782578397212544,0.9983862291554599,0.9855769230769229,143,0,1,12,156,13,8.33,0.2514750837243905,0.002711948206383097,0.9921749282081114,0.0860482040679814
2048,15,LEGACY_A,14,0.17783783499999117,2.0,0.75,0.9871794871794872,1.0,0.8461538461538461,0.9548611111111112,1.0,1.0,143,0,2,11,156,13,8.33,0.24884419749276443,5.477885209316506e-08,0.9999994491452714,0.07124525687809664
2048,16,A_raw_ce_noW,14,0.16027027600000565,2.0,0.75,0.9745222929936306,0.9166666666666666,0.7857142857142857,0.9161324786324787,0.9950049950049951,0.959641548927263,142,1,3,11,157,14,8.92,0.25876136831213203,3.808156819997036e-08,0.9999988670963342,0.07533046921923385
2048,16,B_raw_ce_W,14,0.1620944179999242,2.0,0.75,0.9745222929936306,0.9166666666666666,0.7857142857142857,0.9161324786324787,0.9895104895104896,0.9398587971168616,142,1,3,11,157,14,8.92,0.26380377152155476,1.3160317148540653e-07,0.9999998176827746,0.07622810950530096
2048,16,C_raw_focal_noW,14,0.13348211700008505,2.0,0.75,0.9808917197452229,0.9230769230769231,0.8571428571428571,0.9392179636082074,0.984015984015984,0.919151569151569,142,1,2,12,157,14,8.92,0.2481230140782823,0.0029354709524946577,0.9945878630798282,0.08219870273837358
2048,16,D_raw_focal_W,14,0.1285533629999236,2.0,0.75,0.9808917197452229,0.9230769230769231,0.8571428571428571,0.9392179636082074,0.984015984015984,0.919151569151569,142,1,2,12,157,14,8.92,0.2481230140782823,0.0029354709524946577,0.9945878630798282,0.08219870273837358
2048,16,E_all_ce_noW,15,0.16636823799990452,2.0,0.75,0.9808917197452229,0.9230769230769231,0.8571428571428571,0.9392179636082074,0.9895104895104895,0.9329975579975579,142,1,2,12,157,14,8.92,0.26230302344813494,3.336334594096581e-08,0.9999989915859814,0.07796139949277328
2048,16,F_all_ce_W,15,0.22212104400000499,2.0,0.75,0.9808917197452229,0.9230769230769231,0.8571428571428571,0.9392179636082074,0.9875124875124874,0.9101931593310902,142,1,2,12,157,14,8.92,0.26833849286281003,1.2570407142284977e-07,0.9999997476798493,0.08045577544017384
2048,16,G_all_focal_noW,15,0.1552958969999736,2.0,0.75,0.9808917197452229,0.9230769230769231,0.8571428571428571,0.9392179636082074,0.988011988011988,0.9279014844804317,142,1,2,12,157,14,8.92,0.24901871056285765,0.0022905079176252525,0.9941422453760338,0.08191407714099008
2048,16,H_all_focal_W,15,0.14573580700005095,2.0,0.75,0.9808917197452229,0.9230769230769231,0.8571428571428571,0.9392179636082074,0.988011988011988,0.9279014844804317,142,1,2,12,157,14,8.92,0.24901871056285765,0.0022905079176252525,0.9941422453760338,0.08191407714099008
2048,16,LEGACY_A,14,0.1621570969999766,2.0,0.75,0.9745222929936306,0.9166666666666666,0.7857142857142857,0.9161324786324787,0.988011988011988,0.9457526600383742,142,1,3,11,157,14,8.92,0.26550052284942827,4.737035114465713e-08,0.9999996017009473,0.07643834340097605
2048,17,A_raw_ce_noW,14,0.1773518879999756,2.0,0.75,0.9872611464968153,1.0,0.8571428571428571,0.9580662393162394,0.999000999000999,0.9910714285714285,143,0,2,12,157,14,8.92,0.26492698237792683,3.6808740210648794e-08,0.9999987315315583,0.07863451554847732
2048,17,B_raw_ce_W,14,0.18841681599997173,2.0,0.75,0.9872611464968153,0.9285714285714286,0.9285714285714286,0.9607892107892109,0.9985014985014985,0.9859693877551019,142,1,1,13,157,14,8.92,0.2767426897944946,1.3116139022064266e-07,0.9999996805924424,0.0904322572214496
2048,17,C_raw_focal_noW,14,0.14510862800000268,2.0,0.75,0.9936305732484076,1.0,0.9285714285714286,0.9797393212027359,0.999000999000999,0.9910714285714286,143,0,1,13,157,14,8.92,0.2592712216669552,0.0024022123556515546,0.9931193217017195,0.09290935497202284
2048,17,D_raw_focal_W,14,0.145427949000009,2.0,0.75,0.9936305732484076,1.0,0.9285714285714286,0.9797393212027359,0.999000999000999,0.9910714285714286,143,0,1,13,157,14,8.92,0.2592712216669552,0.0024022123556515546,0.9931193217017195,0.09290935497202284
2048,17,E_all_ce_noW,15,0.20339220800008206,2.0,0.75,0.9872611464968153,1.0,0.8571428571428571,0.9580662393162394,0.999000999000999,0.9910714285714285,143,0,2,12,157,14,8.92,0.26489470297538653,4.0911439928222093e-08,0.9999986628285719,0.07925361562769183
2048,17,F_all_ce_W,15,0.20372105900003135,2.0,0.75,0.9872611464968153,1.0,0.8571428571428571,0.9580662393162394,0.9975024975024975,0.9778711484593836,143,0,2,12,157,14,8.92,0.2677099914108381,1.3212831346571465e-07,0.9999997140059306,0.08274518372367856
2048,17,G_all_focal_noW,15,0.15831761799995547,2.0,0.75,0.9872611464968153,1.0,0.8571428571428571,0.9580662393162394,0.998001998001998,0.984126984126984,143,0,2,12,157,14,8.92,0.25719259425077595,0.0017932171771614185,0.9922682167254593,0.08958842557963322
2048,17,H_all_focal_W,15,0.1583609429999342,2.0,0.75,0.9872611464968153,1.0,0.8571428571428571,0.9580662393162394,0.998001998001998,0.984126984126984,143,0,2,12,157,14,8.92,0.25719259425077595,0.0017932171771614185,0.9922682167254593,0.08958842557963322
2048,17,LEGACY_A,14,0.17671753499996612,2.0,0.75,0.9936305732484076,1.0,0.9285714285714286,0.9797393212027359,0.999000999000999,0.9910714285714286,143,0,1,13,157,14,8.92,0.26729257188804767,2.7692467799360574e-08,0.9999994321663461,0.08273722664691793
2048,18,A_raw_ce_noW,14,0.18002611099996102,2.0,0.75,1.0,1.0,1.0,1.0,1.0,0.9999999999999998,143,0,0,14,157,14,8.92,0.28238637482572465,4.712852841108539e-08,0.9999991505656244,0.08881757355867909
2048,18,B_raw_ce_W,14,0.17064386800007014,2.0,0.75,1.0,1.0,1.0,1.0,1.0,0.9999999999999998,143,0,0,14,157,14,8.92,0.2844412583600856,7.952326306092164e-08,0.9999998026425142,0.08947263357168227
2048,18,C_raw_focal_noW,14,0.0994922879999649,2.0,0.75,1.0,1.0,1.0,1.0,1.0,0.9999999999999999,143,0,0,14,157,14,8.92,0.27269220827807183,0.0030348588187116676,0.9939426708683201,0.10135898156921846
2048,18,D_raw_focal_W,14,0.09843264999994972,2.0,0.75,1.0,1.0,1.0,1.0,1.0,0.9999999999999999,143,0,0,14,157,14,8.92,0.27269220827807183,0.0030348588187116676,0.9939426708683201,0.10135898156921846
2048,18,E_all_ce_noW,15,0.15040398300004654,2.0,0.75,1.0,1.0,1.0,1.0,1.0,0.9999999999999999,143,0,0,14,157,14,8.92,0.27752308408444387,4.7792431890637605e-08,0.9999990879365582,0.08665072670185235
2048,18,F_all_ce_W,15,0.1220456710000235,2.0,0.75,0.9936305732484076,1.0,0.9285714285714286,0.9797393212027359,1.0,0.9999999999999998,143,0,1,13,157,14,8.92,0.27624134742215145,1.1672384966042205e-07,0.9999997329176155,0.08625916105047808
2048,18,G_all_focal_noW,15,0.1016449600000442,2.0,0.75,1.0,1.0,1.0,1.0,1.0,0.9999999999999998,143,0,0,14,157,14,8.92,0.274004371550593,0.003157097412033742,0.993755924343366,0.1042093452415685
2048,18,H_all_focal_W,15,0.10001965799995105,2.0,0.75,1.0,1.0,1.0,1.0,1.0,0.9999999999999998,143,0,0,14,157,14,8.92,0.274004371550593,0.003157097412033742,0.993755924343366,0.1042093452415685
2048,18,LEGACY_A,14,0.11712464600009298,2.0,0.75,1.0,1.0,1.0,1.0,1.0,0.9999999999999998,143,0,0,14,157,14,8.92,0.2838173596436002,3.464055824002005e-08,0.9999996000245318,0.09031107184709657
2048,19,A_raw_ce_noW,14,0.11509308099994087,2.0,0.75,1.0,1.0,1.0,1.0,1.0,1.0,143,0,0,14,157,14,8.92,0.2849742440461464,3.487389472039978e-08,0.9999993886752503,0.08918219513099167
2048,19,B_raw_ce_W,14,0.12182708900002126,2.0,0.75,1.0,1.0,1.0,1.0,0.9999999999999999,1.0,143,0,0,14,157,14,8.92,0.2849691112467109,1.394395313975284e-07,0.9999998288832963,0.08922530821568918
2048,19,C_raw_focal_noW,14,0.1200225480000654,2.0,0.75,1.0,1.0,1.0,1.0,1.0,1.0,143,0,0,14,157,14,8.92,0.2776746477927608,0.003006244570416009,0.9945808725005989,0.09804960211732314
2048,19,D_raw_focal_W,14,0.09871797400001014,2.0,0.75,1.0,1.0,1.0,1.0,1.0,1.0,143,0,0,14,157,14,8.92,0.2776746477927608,0.003006244570416009,0.9945808725005989,0.09804960211732314
2048,19,E_all_ce_noW,15,0.1259616620000088,2.0,0.75,1.0,1.0,1.0,1.0,1.0,1.0,143,0,0,14,157,14,8.92,0.2849870490928896,4.357152135946097e-08,0.9999992237111899,0.08917537057850783
2048,19,F_all_ce_W,15,0.13658411100004741,2.0,0.75,1.0,1.0,1.0,1.0,1.0,1.0,143,0,0,14,157,14,8.92,0.28498674967490845,1.4528169721276436e-07,0.9999998126861411,0.08918382704527833
2048,19,G_all_focal_noW,15,0.10329343900002641,2.0,0.75,1.0,1.0,1.0,1.0,1.0,1.0,143,0,0,14,157,14,8.92,0.2782735028112752,0.0026617522543161535,0.9941064362774389,0.09734114626650532
2048,19,H_all_focal_W,15,0.0995061059999216,2.0,0.75,1.0,1.0,1.0,1.0,1.0,1.0,143,0,0,14,157,14,8.92,0.2782735028112752,0.0026617522543161535,0.9941064362774389,0.09734114626650532
2048,19,LEGACY_A,14,0.12176085600003717,2.0,0.75,1.0,1.0,1.0,1.0,1.0,1.0,143,0,0,14,157,14,8.92,0.2849715734846007,2.667306460572889e-08,0.9999996707152335,0.08917959266864796
2048,20,A_raw_ce_noW,14,0.13045225899998059,2.0,0.75,0.9935897435897436,1.0,0.9230769230769231,0.9782578397212544,0.9973103819257665,0.9786324786324785,143,0,1,12,156,13,8.33,0.2660387010435317,6.447156136352962e-08,0.9999985198594808,0.07706436670190328
2048,20,B_raw_ce_W,14,0.11515333700003794,2.0,0.75,0.9935897435897436,1.0,0.9230769230769231,0.9782578397212544,0.9973103819257665,0.9786324786324785,143,0,1,12,156,13,8.33,0.2662823286385174,2.1881727232008705e-07,0.9999997255005734,0.07764121173203814
2048,20,C_raw_focal_noW,14,0.0967808939999486,2.0,0.75,0.9935897435897436,1.0,0.9230769230769231,0.9782578397212544,0.9962345346960731,0.973076923076923,143,0,1,12,156,13,8.33,0.2553991195841085,0.0031358386579992494,0.9927233869786072,0.08992091752338119
2048,20,D_raw_focal_W,14,0.09467354299999897,2.0,0.75,0.9935897435897436,1.0,0.9230769230769231,0.9782578397212544,0.9962345346960731,0.973076923076923,143,0,1,12,156,13,8.33,0.2553991195841085,0.0031358386579992494,0.9927233869786072,0.08992091752338119
2048,20,E_all_ce_noW,15,0.12217687800000476,2.0,0.75,0.9935897435897436,1.0,0.9230769230769231,0.9782578397212544,0.9962345346960731,0.973076923076923,143,0,1,12,156,13,8.33,0.2651792845037503,8.133625353720568e-08,0.9999984958912606,0.07832414392470227
2048,20,F_all_ce_W,15,0.1328908870000305,2.0,0.75,0.9935897435897436,1.0,0.9230769230769231,0.9782578397212544,0.9967724583109199,0.9757085020242915,143,0,1,12,156,13,8.33,0.26576532727102375,2.3413767834472264e-07,0.9999996527866808,0.0769923039204059
2048,20,G_all_focal_noW,15,0.09713196899997456,2.0,0.75,0.9935897435897436,1.0,0.9230769230769231,0.9782578397212544,0.9973103819257665,0.9786324786324786,143,0,1,12,156,13,8.33,0.2539723489979362,0.003248661899661231,0.9915018098095402,0.08971105954711558
2048,20,H_all_focal_W,15,0.09937436600000638,2.0,0.75,0.9935897435897436,1.0,0.9230769230769231,0.9782578397212544,0.9973103819257665,0.9786324786324786,143,0,1,12,156,13,8.33,0.2539723489979362,0.003248661899661231,0.9915018098095402,0.08971105954711558
2048,20,LEGACY_A,14,0.12582187399993927,2.0,0.75,0.9935897435897436,1.0,0.9230769230769231,0.9782578397212544,0.9962345346960731,0.973076923076923,143,0,1,12,156,13,8.33,0.2659927668820012,5.6193333649585434e-08,0.9999994541163764,0.07729151987188747
2048,21,A_raw_ce_noW,14,0.10481338099998538,2.0,0.75,0.9872611464968153,1.0,0.8571428571428571,0.9580662393162394,0.9935064935064934,0.9656084656084656,143,0,2,12,157,14,8.92,0.26342989453325005,5.183100016894815e-08,0.9999987455796558,0.07616253461863026
2048,21,B_raw_ce_W,14,0.11422239499995612,2.0,0.75,0.9872611464968153,1.0,0.8571428571428571,0.9580662393162394,0.9920079920079921,0.9619047619047618,143,0,2,12,157,14,8.92,0.2649233030720279,1.4035221710342643e-07,0.9999996817041136,0.07665297970534421
2048,21,C_raw_focal_noW,14,0.09893726500001776,2.0,0.75,0.9872611464968153,1.0,0.8571428571428571,0.9580662393162394,0.983016983016983,0.9494047619047619,143,0,2,12,157,14,8.92,0.25208859204216605,0.00238242108362888,0.9936187362542509,0.08488670355969134
2048,21,D_raw_focal_W,14,0.09251234500004557,2.0,0.75,0.9872611464968153,1.0,0.8571428571428571,0.9580662393162394,0.983016983016983,0.9494047619047619,143,0,2,12,157,14,8.92,0.25208859204216605,0.00238242108362888,0.9936187362542509,0.08488670355969134
2048,21,E_all_ce_noW,15,0.11996924599998238,2.0,0.75,0.9872611464968153,1.0,0.8571428571428571,0.9580662393162394,0.996003996003996,0.974025974025974,143,0,2,12,157,14,8.92,0.26159965801480184,2.7305675394615146e-08,0.9999979537176049,0.07595220846067094
2048,21,F_all_ce_W,15,0.1305062229999976,2.0,0.75,0.9872611464968153,1.0,0.8571428571428571,0.9580662393162394,0.9965034965034966,0.976190476190476,143,0,2,12,157,14,8.92,0.26264883590751903,8.445422482336604e-08,0.9999995420476048,0.07684978929827575
2048,21,G_all_focal_noW,15,0.10729777599999579,2.0,0.75,0.9872611464968153,1.0,0.8571428571428571,0.9580662393162394,0.9900099900099901,0.9579831932773109,143,0,2,12,157,14,8.92,0.25355088604030057,0.002174626885291914,0.9942192369998436,0.08417311663430718
2048,21,H_all_focal_W,15,0.11590189800006101,2.0,0.75,0.9872611464968153,1.0,0.8571428571428571,0.9580662393162394,0.9900099900099901,0.9579831932773109,143,0,2,12,157,14,8.92,0.25355088604030057,0.002174626885291914,0.9942192369998436,0.08417311663430718
2048,21,LEGACY_A,14,0.11535387799995078,2.0,0.75,0.9872611464968153,1.0,0.8571428571428571,0.9580662393162394,0.9905094905094904,0.9588744588744589,143,0,2,12,157,14,8.92,0.26310917241816056,2.7243011929459224e-08,0.999999663597967,0.075721674305982
2048,22,A_raw_ce_noW,14,0.11196487400002297,2.0,0.75,0.9872611464968153,1.0,0.8571428571428571,0.9580662393162394,1.0,0.9999999999999999,143,0,2,12,157,14,8.92,0.2655923834507009,5.307051239923596e-08,0.9999990495299785,0.07864143290126131
2048,22,B_raw_ce_W,14,0.1303264359999048,2.0,0.75,0.9936305732484076,1.0,0.9285714285714286,0.9797393212027359,0.999000999000999,0.9910714285714286,143,0,1,13,157,14,8.92,0.2720787652134584,1.472921756887041e-07,0.9999997951854627,0.083113828497619
2048,22,C_raw_focal_noW,14,0.10025576199996067,2.0,0.75,0.9872611464968153,1.0,0.8571428571428571,0.9580662393162394,1.0,0.9999999999999999,143,0,2,12,157,14,8.92,0.2566453290730428,0.0031168590377803436,0.993438066410153,0.09442582133998735
2048,22,D_raw_focal_W,14,0.09796789199992872,2.0,0.75,0.9872611464968153,1.0,0.8571428571428571,0.9580662393162394,1.0,0.9999999999999999,143,0,2,12,157,14,8.92,0.2566453290730428,0.0031168590377803436,0.993438066410153,0.09442582133998735
2048,22,E_all_ce_noW,15,0.12672237200001746,2.0,0.75,1.0,1.0,1.0,1.0,1.0,0.9999999999999999,143,0,0,14,157,14,8.92,0.2765493804717687,4.21593139990781e-08,0.9999989758965296,0.08796205312117124
2048,22,F_all_ce_W,15,0.14430497700004707,2.0,0.75,1.0,1.0,1.0,1.0,1.0,0.9999999999999999,143,0,0,14,157,14,8.92,0.27792211711830744,1.527107236476271e-07,0.9999997377583371,0.09106982950692429
2048,22,G_all_focal_noW,15,0.1030193879998933,2.0,0.75,0.9936305732484076,1.0,0.9285714285714286,0.9797393212027359,1.0,0.9999999999999999,143,0,1,13,157,14,8.92,0.26135926386852165,0.002872163551552259,0.9937862378459313,0.09799384291045096
2048,22,H_all_focal_W,15,0.10475926100002653,2.0,0.75,0.9936305732484076,1.0,0.9285714285714286,0.9797393212027359,1.0,0.9999999999999999,143,0,1,13,157,14,8.92,0.26135926386852165,0.002872163551552259,0.9937862378459313,0.09799384291045096
2048,22,LEGACY_A,14,0.11394902600000023,2.0,0.75,0.9808917197452229,0.9230769230769231,0.8571428571428571,0.9392179636082074,0.999000999000999,0.9901360544217687,142,1,2,12,157,14,8.92,0.2701829183003961,5.2167096532341524e-08,0.999999573234033,0.08569219111370825
2048,23,A_raw_ce_noW,14,0.11721011999998154,2.0,0.75,0.9872611464968153,0.875,1.0,0.9631455399061033,0.9975024975024975,0.9721956614813758,141,2,0,14,157,14,8.92,0.2954979333849104,2.8919629948056887e-08,0.9999995192125872,0.09913589483895625
2048,23,B_raw_ce_W,14,0.11464111599991611,2.0,0.75,0.9936305732484076,0.9333333333333333,1.0,0.981004234724743,0.9975024975024975,0.9721956614813758,142,1,0,14,157,14,8.92,0.2942978914241239,1.2647775037704327e-07,0.9999998440974117,0.09813580375865953
2048,23,C_raw_focal_noW,14,0.10499038000000382,2.0,0.75,0.9872611464968153,0.875,1.0,0.9631455399061033,0.997002997002997,0.9650528043385186,141,2,0,14,157,14,8.92,0.27678744073928,0.0026995962463554992,0.9945953297037222,0.10569092430506455
2048,23,D_raw_focal_W,14,0.09530935499992665,2.0,0.75,0.9872611464968153,0.875,1.0,0.9631455399061033,0.997002997002997,0.9650528043385186,141,2,0,14,157,14,8.92,0.27678744073928,0.0026995962463554992,0.9945953297037222,0.10569092430506455
2048,23,E_all_ce_noW,15,0.13772532899997714,2.0,0.75,0.9808917197452229,0.8666666666666667,0.9285714285714286,0.9430127041742287,0.997002997002997,0.9708460307199802,141,2,1,13,157,14,8.92,0.29293218513125935,2.99466273956148e-08,0.9999994436653219,0.09750701060623138
2048,23,F_all_ce_W,15,0.13851478200001566,2.0,0.75,0.9808917197452229,0.8666666666666667,0.9285714285714286,0.9430127041742287,0.996003996003996,0.9599307555189908,141,2,1,13,157,14,8.92,0.29310836776741767,1.3795991303217992e-07,0.9999998265929383,0.09673466666475133
2048,23,G_all_focal_noW,15,0.10542182100004993,2.0,0.75,0.9808917197452229,0.8666666666666667,0.9285714285714286,0.9430127041742287,0.9965034965034966,0.9643525242264739,141,2,1,13,157,14,8.92,0.2725355367353059,0.0024306125130751505,0.99496185712167,0.10232943223345894
2048,23,H_all_focal_W,15,0.1080828220000285,2.0,0.75,0.9808917197452229,0.8666666666666667,0.9285714285714286,0.9430127041742287,0.9965034965034966,0.9643525242264739,141,2,1,13,157,14,8.92,0.2725355367353059,0.0024306125130751505,0.99496185712167,0.10232943223345894
2048,23,LEGACY_A,14,0.11999144399999295,2.0,0.75,0.9936305732484076,0.9333333333333333,1.0,0.981004234724743,0.999000999000999,0.9901360544217687,142,1,0,14,157,14,8.92,0.2929991458980179,2.6634020363693503e-08,0.9999996841538138,0.09531831940803273
2048,24,A_raw_ce_noW,14,0.11763111799996295,2.0,0.75,1.0,1.0,1.0,1.0,1.0,0.9999999999999998,143,0,0,14,157,14,8.92,0.2849141738179617,3.880148652614207e-08,0.9999989668560447,0.08930831416649235
2048,24,B_raw_ce_W,14,0.1366979879999235,2.0,0.75,1.0,1.0,1.0,1.0,1.0,1.0,143,0,0,14,157,14,8.92,0.2848454922559612,1.464377644699353e-07,0.9999997439759702,0.09001790945309779
2048,24,C_raw_focal_noW,14,0.09709809799994673,2.0,0.75,1.0,1.0,1.0,1.0,1.0,1.0,143,0,0,14,157,14,8.92,0.2773624918541704,0.0035110115714393386,0.9946273537077429,0.0991176074701662
2048,24,D_raw_focal_W,14,0.09626622500002213,2.0,0.75,1.0,1.0,1.0,1.0,1.0,1.0,143,0,0,14,157,14,8.92,0.2773624918541704,0.0035110115714393386,0.9946273537077429,0.0991176074701662
2048,24,E_all_ce_noW,15,0.12648798399993666,2.0,0.75,1.0,1.0,1.0,1.0,1.0,0.9999999999999999,143,0,0,14,157,14,8.92,0.28475060577969896,3.645239561660009e-08,0.9999991163381542,0.08920846357012553
2048,24,F_all_ce_W,15,0.14104314999997314,2.0,0.75,1.0,1.0,1.0,1.0,1.0,1.0,143,0,0,14,157,14,8.92,0.28480506036088915,1.2618497437760745e-07,0.9999997446255088,0.09037906155112017
2048,24,G_all_focal_noW,15,0.10544674899995243,2.0,0.75,1.0,1.0,1.0,1.0,1.0,1.0,143,0,0,14,157,14,8.92,0.27701940879367876,0.0034126239358258626,0.9942053028739283,0.0997586702841797
2048,24,H_all_focal_W,15,0.11093476500002453,2.0,0.75,1.0,1.0,1.0,1.0,1.0,1.0,143,0,0,14,157,14,8.92,0.27701940879367876,0.0034126239358258626,0.9942053028739283,0.0997586702841797
2048,24,LEGACY_A,14,0.1151735749999716,2.0,0.75,1.0,1.0,1.0,1.0,1.0,0.9999999999999998,143,0,0,14,157,14,8.92,0.28493826421894414,3.013997136148603e-08,0.9999995895270528,0.08933764831158561
2048,25,A_raw_ce_noW,14,0.11558765499989931,2.0,0.75,0.9935897435897436,1.0,0.9230769230769231,0.9782578397212544,1.0,1.0,143,0,1,12,156,13,8.33,0.26639293976290007,6.924323396920241e-08,0.9999992802306554,0.07690356479949288
2048,25,B_raw_ce_W,14,0.11804872300001534,2.0,0.75,0.9935897435897436,1.0,0.9230769230769231,0.9782578397212544,1.0,1.0,143,0,1,12,156,13,8.33,0.266437010165292,1.909779346856192e-07,0.9999998091549498,0.07691714772959994
2048,25,C_raw_focal_noW,14,0.09744032900005095,2.0,0.75,0.9935897435897436,1.0,0.9230769230769231,0.9782578397212544,1.0,1.0,143,0,1,12,156,13,8.33,0.2589362740329458,0.0032615842207929,0.9930415175347237,0.08633872398061805
2048,25,D_raw_focal_W,14,0.09774862000006124,2.0,0.75,0.9935897435897436,1.0,0.9230769230769231,0.9782578397212544,1.0,1.0,143,0,1,12,156,13,8.33,0.2589362740329458,0.0032615842207929,0.9930415175347237,0.08633872398061805
2048,25,E_all_ce_noW,15,0.11793424200004665,2.0,0.75,0.9935897435897436,1.0,0.9230769230769231,0.9782578397212544,1.0,1.0,143,0,1,12,156,13,8.33,0.26646671438039554,7.449404556330998e-08,0.9999991553023898,0.07692487606508412
2048,25,F_all_ce_W,15,0.13596005600004446,2.0,0.75,0.9935897435897436,1.0,0.9230769230769231,0.9782578397212544,0.9983862291554599,0.9855769230769231,143,0,1,12,156,13,8.33,0.26646727211453186,1.8373790480640538e-07,0.9999997659061026,0.07692676225864292
2048,25,G_all_focal_noW,15,0.09617534700009855,2.0,0.75,0.9935897435897436,1.0,0.9230769230769231,0.9782578397212544,0.9994620763851534,0.9945054945054945,143,0,1,12,156,13,8.33,0.26044888112149966,0.004403668747984676,0.9933861256524558,0.08682352722594872
2048,25,H_all_focal_W,15,0.09705188600003112,2.0,0.75,0.9935897435897436,1.0,0.9230769230769231,0.9782578397212544,0.9994620763851534,0.9945054945054945,143,0,1,12,156,13,8.33,0.26044888112149966,0.004403668747984676,0.9933861256524558,0.08682352722594872
2048,25,LEGACY_A,14,0.12856784299992796,2.0,0.75,0.9935897435897436,1.0,0.9230769230769231,0.9782578397212544,1.0,1.0,143,0,1,12,156,13,8.33,0.2664339854761221,4.380545432073253e-08,0.9999996911526626,0.07691529430824787
3333,1,A_raw_ce_noW,14,0.10579442899995684,2.0,0.75,0.9872611464968153,1.0,0.8571428571428571,0.9580662393162394,0.992007992007992,0.9522156084656084,143,0,2,12,157,14,8.92,0.2545562584057816,6.642155297885843e-08,0.9999991116358637,0.07273271338680139
3333,1,B_raw_ce_W,14,0.19285073499997907,2.0,0.75,0.9872611464968153,1.0,0.8571428571428571,0.9580662393162394,0.9670329670329669,0.9281655844155843,143,0,2,12,157,14,8.92,0.2641095539978448,1.5020354854942293e-07,0.9999997874732455,0.07603476891241057
3333,1,C_raw_focal_noW,14,0.16819884899996396,2.0,0.75,0.9872611464968153,1.0,0.8571428571428571,0.9580662393162394,0.974025974025974,0.9226817042606517,143,0,2,12,157,14,8.92,0.248517343174413,0.0040308932593816444,0.9918695991713214,0.08313159321106613
3333,1,D_raw_focal_W,14,0.1384870960000626,2.0,0.75,0.9872611464968153,1.0,0.8571428571428571,0.9580662393162394,0.974025974025974,0.9226817042606517,143,0,2,12,157,14,8.92,0.248517343174413,0.0040308932593816444,0.9918695991713214,0.08313159321106613
3333,1,E_all_ce_noW,15,0.18265048500006742,2.0,0.75,0.9872611464968153,1.0,0.8571428571428571,0.9580662393162394,0.9905094905094906,0.9513056835637481,143,0,2,12,157,14,8.92,0.25924399715946145,8.592582097086208e-08,0.9999990357913757,0.07451682083722234
3333,1,F_all_ce_W,15,0.1999969629999896,2.0,0.75,0.9872611464968153,1.0,0.8571428571428571,0.9580662393162394,0.9840159840159839,0.9384343853820598,143,0,2,12,157,14,8.92,0.2617776234785085,1.827853254508913e-07,0.99999972302756,0.07629592959687942
3333,1,G_all_focal_noW,15,0.1360881860000518,2.0,0.75,0.9872611464968153,1.0,0.8571428571428571,0.9580662393162394,0.9775224775224776,0.9299465240641711,143,0,2,12,157,14,8.92,0.24813218740987134,0.004757681357914771,0.991181992422884,0.08475439680043062
3333,1,H_all_focal_W,15,0.13548421799998778,2.0,0.75,0.9872611464968153,1.0,0.8571428571428571,0.9580662393162394,0.9775224775224776,0.9299465240641711,143,0,2,12,157,14,8.92,0.24813218740987134,0.004757681357914771,0.991181992422884,0.08475439680043062
3333,1,LEGACY_A,14,0.16753513300000122,2.0,0.75,0.9872611464968153,1.0,0.8571428571428571,0.9580662393162394,0.9855144855144855,0.9401785714285713,143,0,2,12,157,14,8.92,0.26447810530364096,7.19347315428636e-08,0.9999995614583845,0.07686040886025762
3333,2,A_raw_ce_noW,14,0.18060220799998206,2.0,0.75,0.9808917197452229,1.0,0.7857142857142857,0.9348096885813149,0.998001998001998,0.9804748822605964,143,0,3,11,157,14,8.92,0.2562787096287728,4.943826711695694e-08,0.9999986418416315,0.07455095190495825
3333,2,B_raw_ce_W,14,0.19329077299994424,2.0,0.75,0.9872611464968153,1.0,0.8571428571428571,0.9580662393162394,0.9980019980019981,0.9815476190476189,143,0,2,12,157,14,8.92,0.2585589222601561,1.4232141790497352e-07,0.9999996574705617,0.07618040925731055
3333,2,C_raw_focal_noW,14,0.14338089800003218,2.0,0.75,0.9808917197452229,1.0,0.7857142857142857,0.9348096885813149,0.9980019980019981,0.9822929171668666,143,0,3,11,157,14,8.92,0.2520406556600845,0.002644418449161244,0.993305785530146,0.08948838928479377
3333,2,D_raw_focal_W,14,0.14218928399998276,2.0,0.75,0.9808917197452229,1.0,0.7857142857142857,0.9348096885813149,0.9980019980019981,0.9822929171668666,143,0,3,11,157,14,8.92,0.2520406556600845,0.002644418449161244,0.993305785530146,0.08948838928479377
3333,2,E_all_ce_noW,15,0.20014058899994325,2.0,0.75,0.9745222929936306,0.9166666666666666,0.7857142857142857,0.9161324786324787,0.9970029970029971,0.9723766429648781,142,1,3,11,157,14,8.92,0.258332765326184,4.029548382524568e-08,0.9999977351333569,0.0760671127530064
3333,2,F_all_ce_W,15,0.21378770800004077,2.0,0.75,0.9872611464968153,1.0,0.8571428571428571,0.9580662393162394,0.9985014985014985,0.9873949579831931,143,0,2,12,157,14,8.92,0.261325668641275,1.1803550573446903e-07,0.9999994201771367,0.07696852390115992
3333,2,G_all_focal_noW,15,0.15589979800006404,2.0,0.75,0.9872611464968153,1.0,0.8571428571428571,0.9580662393162394,0.9985014985014985,0.9873949579831931,143,0,2,12,157,14,8.92,0.25393198505537706,0.0019480485517224604,0.9920552420201343,0.09021539818913266
3333,2,H_all_focal_W,15,0.14145995100000164,2.0,0.75,0.9872611464968153,1.0,0.8571428571428571,0.9580662393162394,0.9985014985014985,0.9873949579831931,143,0,2,12,157,14,8.92,0.25393198505537706,0.0019480485517224604,0.9920552420201343,0.09021539818913266
3333,2,LEGACY_A,14,0.16452009099998577,2.0,0.75,0.9872611464968153,1.0,0.8571428571428571,0.9580662393162394,0.9995004995004995,0.9952380952380953,143,0,2,12,157,14,8.92,0.2603342116839307,3.1070244467708715e-08,0.9999996558050995,0.07672327355503934
3333,3,A_raw_ce_noW,14,0.16058490800003256,2.0,0.75,0.9936305732484076,1.0,0.9285714285714286,0.9797393212027359,1.0,0.9999999999999999,143,0,1,13,157,14,8.92,0.2752621673041678,3.2769150644047764e-08,0.9999991984715594,0.08317941256482811
3333,3,B_raw_ce_W,14,0.1937564070000235,2.0,0.75,0.9936305732484076,1.0,0.9285714285714286,0.9797393212027359,1.0,0.9999999999999999,143,0,1,13,157,14,8.92,0.27707102672299533,1.458778613791494e-07,0.9999998077842523,0.08607631724085917
3333,3,C_raw_focal_noW,14,0.1674459639999668,2.0,0.75,0.9936305732484076,1.0,0.9285714285714286,0.9797393212027359,1.0,1.0,143,0,1,13,157,14,8.92,0.2674065947428418,0.002444655703921655,0.9946093679419832,0.0937530326597866
3333,3,D_raw_focal_W,14,0.13475789099993563,2.0,0.75,0.9936305732484076,1.0,0.9285714285714286,0.9797393212027359,1.0,1.0,143,0,1,13,157,14,8.92,0.2674065947428418,0.002444655703921655,0.9946093679419832,0.0937530326597866
3333,3,E_all_ce_noW,15,0.20242743400001473,2.0,0.75,0.9936305732484076,1.0,0.9285714285714286,0.9797393212027359,1.0,0.9999999999999999,143,0,1,13,157,14,8.92,0.2750565824530189,3.230006581040254e-08,0.9999992885263757,0.08384391026198978
3333,3,F_all_ce_W,15,0.21108332000005703,2.0,0.75,1.0,1.0,1.0,1.0,1.0,0.9999999999999999,143,0,0,14,157,14,8.92,0.2778257353753036,1.41520439004532e-07,0.99999980110418,0.0869552432845939
3333,3,G_all_focal_noW,15,0.11505525500001568,2.0,0.75,0.9936305732484076,1.0,0.9285714285714286,0.9797393212027359,0.9995004995004996,0.9952380952380951,143,0,1,13,157,14,8.92,0.26953156441585957,0.0026542368020059373,0.9933977445511667,0.09748491824358134
3333,3,H_all_focal_W,15,0.09971765099999175,2.0,0.75,0.9936305732484076,1.0,0.9285714285714286,0.9797393212027359,0.9995004995004996,0.9952380952380951,143,0,1,13,157,14,8.92,0.26953156441585957,0.0026542368020059373,0.9933977445511667,0.09748491824358134
3333,3,LEGACY_A,14,0.1262346329999673,2.0,0.75,1.0,1.0,1.0,1.0,1.0,1.0,143,0,0,14,157,14,8.92,0.28257891257494616,3.856294362345982e-08,0.9999995928923441,0.08917959832759512
3333,4,A_raw_ce_noW,14,0.11745715800009293,2.0,0.75,1.0,1.0,1.0,1.0,1.0,1.0,143,0,0,14,157,14,8.92,0.28497276361857665,4.342479002222043e-08,0.9999992112465106,0.08922789533175002
3333,4,B_raw_ce_W,14,0.12011198799996237,2.0,0.75,1.0,1.0,1.0,1.0,1.0,1.0,143,0,0,14,157,14,8.92,0.2849546083089102,1.4946984799716125e-07,0.9999998276233437,0.08929279125631719
3333,4,C_raw_focal_noW,14,0.0958193180000535,2.0,0.75,1.0,1.0,1.0,1.0,1.0,1.0,143,0,0,14,157,14,8.92,0.27845333696002833,0.002850072520358305,0.9944330291134851,0.10254503899926229
3333,4,D_raw_focal_W,14,0.09675768199997492,2.0,0.75,1.0,1.0,1.0,1.0,1.0,1.0,143,0,0,14,157,14,8.92,0.27845333696002833,0.002850072520358305,0.9944330291134851,0.10254503899926229
3333,4,E_all_ce_noW,15,0.12570029000005434,2.0,0.75,1.0,1.0,1.0,1.0,1.0,1.0,143,0,0,14,157,14,8.92,0.2849205885186973,4.180620014277799e-08,0.9999990799235726,0.08944969528956977
3333,4,F_all_ce_W,15,0.13580403699995713,2.0,0.75,1.0,1.0,1.0,1.0,1.0,1.0,143,0,0,14,157,14,8.92,0.2848777093192395,1.2326025004920559e-07,0.9999997826059597,0.08970942712782826
3333,4,G_all_focal_noW,15,0.10287311499996576,2.0,0.75,1.0,1.0,1.0,1.0,1.0,1.0,143,0,0,14,157,14,8.92,0.27838269076295935,0.003748621581856387,0.9934118193522884,0.10163709397778604
3333,4,H_all_focal_W,15,0.1082570300000043,2.0,0.75,1.0,1.0,1.0,1.0,1.0,1.0,143,0,0,14,157,14,8.92,0.27838269076295935,0.003748621581856387,0.9934118193522884,0.10163709397778604
3333,4,LEGACY_A,14,0.11681101199997102,2.0,0.75,1.0,1.0,1.0,1.0,1.0,0.9999999999999998,143,0,0,14,157,14,8.92,0.28493355533533227,2.8797670558452764e-08,0.9999997095528437,0.0893740087711671
3333,5,A_raw_ce_noW,14,0.109990598999957,2.0,0.75,0.9871794871794872,0.8666666666666667,1.0,0.9607645875251509,0.9983862291554599,0.9838264299802759,141,2,0,13,156,13,8.33,0.29250383086575793,3.392482562071726e-08,0.999999311665908,0.09539352962436429
3333,5,B_raw_ce_W,14,0.12252235500000097,2.0,0.75,0.9871794871794872,0.8666666666666667,1.0,0.9607645875251509,0.9978483055406132,0.9774161735700195,141,2,0,13,156,13,8.33,0.29190939055681275,1.4039878142011115e-07,0.9999997456074631,0.09519423251111299
3333,5,C_raw_focal_noW,14,0.09340560300006473,2.0,0.75,0.9935897435897436,0.9285714285714286,1.0,0.9797270955165691,0.9983862291554599,0.9821780783319243,142,1,0,13,156,13,8.33,0.26385122520151827,0.0030272282095274617,0.9934535880465859,0.09444938916393754
3333,5,D_raw_focal_W,14,0.09584551500006455,2.0,0.75,0.9935897435897436,0.9285714285714286,1.0,0.9797270955165691,0.9983862291554599,0.9821780783319243,142,1,0,13,156,13,8.33,0.26385122520151827,0.0030272282095274617,0.9934535880465859,0.09444938916393754
3333,5,E_all_ce_noW,15,0.11662654999997812,2.0,0.75,0.9807692307692307,0.8571428571428571,0.9230769230769231,0.9391812865497076,0.9978483055406132,0.9787545787545786,141,2,1,12,156,13,8.33,0.28384673925492254,3.285898877699514e-08,0.9999988092521243,0.08934887948893082
3333,5,F_all_ce_W,15,0.1577915479999774,2.0,0.75,0.9807692307692307,0.8571428571428571,0.9230769230769231,0.9391812865497076,0.9983862291554599,0.9838264299802759,141,2,1,12,156,13,8.33,0.285137266473942,1.2862677327288612e-07,0.9999997560873262,0.09022282488794615
3333,5,G_all_focal_noW,15,0.10519425699999374,2.0,0.75,0.9807692307692307,0.8571428571428571,0.9230769230769231,0.9391812865497076,0.9989241527703067,0.9897435897435896,141,2,1,12,156,13,8.33,0.261735550275349,0.0033246025565504185,0.9921017527852669,0.09201381477208417
3333,5,H_all_focal_W,15,0.10093027300001722,2.0,0.75,0.9807692307692307,0.8571428571428571,0.9230769230769231,0.9391812865497076,0.9989241527703067,0.9897435897435896,141,2,1,12,156,13,8.33,0.261735550275349,0.0033246025565504185,0.9921017527852669,0.09201381477208417
3333,5,LEGACY_A,14,0.11303087299995696,2.0,0.75,0.9871794871794872,0.8666666666666667,1.0,0.9607645875251509,0.9983862291554599,0.9821780783319243,141,2,0,13,156,13,8.33,0.29258065936509514,2.7421506838438276e-08,0.9999996696142509,0.09541239984574353
3333,6,A_raw_ce_noW,14,0.10496664300001157,2.0,0.75,0.9872611464968153,1.0,0.8571428571428571,0.9580662393162394,0.985014985014985,0.9428571428571428,143,0,2,12,157,14,8.92,0.26574471831408103,9.058183445522584e-08,0.9999987149057387,0.07760390018391675
3333,6,B_raw_ce_W,14,0.10451125700001285,2.0,0.75,0.9872611464968153,1.0,0.8571428571428571,0.9580662393162394,0.986013986013986,0.944047619047619,143,0,2,12,157,14,8.92,0.26731521406321707,2.0347233300235303e-07,0.9999997344441273,0.07935306894275336
3333,6,C_raw_focal_noW,14,0.09496600699992541,2.0,0.75,0.9872611464968153,1.0,0.8571428571428571,0.9580662393162394,0.9585414585414587,0.9107142857142857,143,0,2,12,157,14,8.92,0.2586443883373888,0.004154025741092272,0.9917536121807262,0.08891991586767722
3333,6,D_raw_focal_W,14,0.10673374800001056,2.0,0.75,0.9872611464968153,1.0,0.8571428571428571,0.9580662393162394,0.9585414585414587,0.9107142857142857,143,0,2,12,157,14,8.92,0.2586443883373888,0.004154025741092272,0.9917536121807262,0.08891991586767722
3333,6,E_all_ce_noW,15,0.12156441100000848,2.0,0.75,0.9872611464968153,1.0,0.8571428571428571,0.9580662393162394,0.9905094905094904,0.9485119047619046,143,0,2,12,157,14,8.92,0.2656140228033538,9.396242610232553e-08,0.9999986303714341,0.07743724313100005
3333,6,F_all_ce_W,15,0.13097306400004527,2.0,0.75,0.9872611464968153,1.0,0.8571428571428571,0.9580662393162394,0.9815184815184815,0.9330413016270336,143,0,2,12,157,14,8.92,0.26563110086559827,1.5777502970340736e-07,0.999999772649806,0.07794448117425315
3333,6,G_all_focal_noW,15,0.09607789300002878,2.0,0.75,0.9808917197452229,0.9230769230769231,0.8571428571428571,0.9392179636082074,0.9285714285714286,0.9183006535947711,142,1,2,12,157,14,8.92,0.2611344531312197,0.0045649332875172055,0.9914729392793354,0.09093870389280301
3333,6,H_all_focal_W,15,0.09835175199998503,2.0,0.75,0.9808917197452229,0.9230769230769231,0.8571428571428571,0.9392179636082074,0.9285714285714286,0.9183006535947711,142,1,2,12,157,14,8.92,0.2611344531312197,0.0045649332875172055,0.9914729392793354,0.09093870389280301
3333,6,LEGACY_A,14,0.11441436099994462,2.0,0.75,0.9808917197452229,0.9230769230769231,0.8571428571428571,0.9392179636082074,0.983016983016983,0.931985972683647,142,1,2,12,157,14,8.92,0.2713940316246208,5.541934043073975e-08,0.9999996442397139,0.08141782196194447
3333,7,A_raw_ce_noW,14,0.11030315499999688,2.0,0.75,0.9872611464968153,1.0,0.8571428571428571,0.9580662393162394,1.0,1.0,143,0,2,12,157,14,8.92,0.26143371864859505,4.3480210602247404e-08,0.9999980906658004,0.07599895545038964
3333,7,B_raw_ce_W,14,0.12233126900002844,2.0,0.75,0.9936305732484076,1.0,0.9285714285714286,0.9797393212027359,1.0,0.9999999999999999,143,0,1,13,157,14,8.92,0.27010346301466565,1.6527275587980755e-07,0.9999996282451963,0.08122177682414378
3333,7,C_raw_focal_noW,14,0.10349357800009784,2.0,0.75,0.9808917197452229,1.0,0.7857142857142857,0.9348096885813149,1.0,0.9999999999999999,143,0,3,11,157,14,8.92,0.2523193989083622,0.003184428676376294,0.9932058998043335,0.08542115309013916
3333,7,D_raw_focal_W,14,0.09662277699999322,2.0,0.75,0.9808917197452229,1.0,0.7857142857142857,0.9348096885813149,1.0,0.9999999999999999,143,0,3,11,157,14,8.92,0.2523193989083622,0.003184428676376294,0.9932058998043335,0.08542115309013916
3333,7,E_all_ce_noW,15,0.12385135800002445,2.0,0.75,0.9872611464968153,1.0,0.8571428571428571,0.9580662393162394,1.0,0.9999999999999999,143,0,2,12,157,14,8.92,0.26588635544934824,3.577556527342704e-08,0.9999974341799467,0.0790459282340292
3333,7,F_all_ce_W,15,0.13353778799989868,2.0,0.75,0.9936305732484076,1.0,0.9285714285714286,0.9797393212027359,1.0,0.9999999999999999,143,0,1,13,157,14,8.92,0.2683625539620068,1.3834405963446605e-07,0.9999994247608393,0.08068341928307744
3333,7,G_all_focal_noW,15,0.09935875500002567,2.0,0.75,0.9872611464968153,1.0,0.8571428571428571,0.9580662393162394,1.0,0.9999999999999999,143,0,2,12,157,14,8.92,0.25726064434446505,0.002676877704036174,0.9918327551010963,0.08817059975755956
3333,7,H_all_focal_W,15,0.09788190500000837,2.0,0.75,0.9872611464968153,1.0,0.8571428571428571,0.9580662393162394,1.0,0.9999999999999999,143,0,2,12,157,14,8.92,0.25726064434446505,0.002676877704036174,0.9918327551010963,0.08817059975755956
3333,7,LEGACY_A,14,0.1049887099999296,2.0,0.75,0.9872611464968153,1.0,0.8571428571428571,0.9580662393162394,1.0,0.9999999999999999,143,0,2,12,157,14,8.92,0.26305132201819154,3.256196446269435e-08,0.9999996449638598,0.07806094325892804
3333,8,A_raw_ce_noW,14,0.12502597699995022,2.0,0.75,0.9936305732484076,1.0,0.9285714285714286,0.9797393212027359,1.0,0.9999999999999999,143,0,1,13,157,14,8.92,0.2745101149277524,5.2418503882405346e-08,0.9999991690117052,0.08267731550390306
3333,8,B_raw_ce_W,14,0.12752186400007304,2.0,0.75,0.9936305732484076,1.0,0.9285714285714286,0.9797393212027359,0.9995004995004995,0.9952380952380953,143,0,1,13,157,14,8.92,0.2752763387155516,1.569465564195698e-07,0.9999997414235313,0.08452621182994453
3333,8,C_raw_focal_noW,14,0.09508799299999282,2.0,0.75,0.9936305732484076,1.0,0.9285714285714286,0.9797393212027359,0.9995004995004995,0.9952380952380953,143,0,1,13,157,14,8.92,0.2679252371081707,0.00269257100787951,0.9949116898023851,0.09292119031714291
3333,8,D_raw_focal_W,14,0.0939253459999918,2.0,0.75,0.9936305732484076,1.0,0.9285714285714286,0.9797393212027359,0.9995004995004995,0.9952380952380953,143,0,1,13,157,14,8.92,0.2679252371081707,0.00269257100787951,0.9949116898023851,0.09292119031714291
3333,8,E_all_ce_noW,15,0.1256173880000233,2.0,0.75,1.0,1.0,1.0,1.0,1.0,0.9999999999999999,143,0,0,14,157,14,8.92,0.27673871173623715,3.7589619219890754e-08,0.9999990955549953,0.0862761327426421
3333,8,F_all_ce_W,15,0.13711605800006055,2.0,0.75,1.0,1.0,1.0,1.0,1.0,0.9999999999999999,143,0,0,14,157,14,8.92,0.2773009804939855,1.4112818951361882e-07,0.9999997956982531,0.08716047739017821
3333,8,G_all_focal_noW,15,0.10453414799997063,2.0,0.75,0.9936305732484076,1.0,0.9285714285714286,0.9797393212027359,1.0,1.0,143,0,1,13,157,14,8.92,0.26731662101809134,0.0022353225611575944,0.9942683723660041,0.09299344736283272
3333,8,H_all_focal_W,15,0.10329990799993993,2.0,0.75,0.9936305732484076,1.0,0.9285714285714286,0.9797393212027359,1.0,1.0,143,0,1,13,157,14,8.92,0.26731662101809134,0.0022353225611575944,0.9942683723660041,0.09299344736283272
3333,8,LEGACY_A,14,0.13793369300003633,2.0,0.75,0.9936305732484076,1.0,0.9285714285714286,0.9797393212027359,0.9995004995004995,0.9952380952380953,143,0,1,13,157,14,8.92,0.2749913533837908,3.263522998295327e-08,0.9999996466449735,0.08282805836956635
3333,9,A_raw_ce_noW,14,0.109395491999976,2.0,0.75,0.9936305732484076,1.0,0.9285714285714286,0.9797393212027359,0.9995004995004995,0.9952380952380953,143,0,1,13,157,14,8.92,0.27522275001691526,3.590279037529033e-08,0.9999994624331775,0.08425148911246093
3333,9,B_raw_ce_W,14,0.12243648599996959,2.0,0.75,0.9872611464968153,0.9285714285714286,0.9285714285714286,0.9607892107892109,0.9995004995004995,0.9952380952380951,142,1,1,13,157,14,8.92,0.27833594352384017,1.3077837015037093e-07,0.9999997698293158,0.08878301501810731
3333,9,C_raw_focal_noW,14,0.09866156400005366,2.0,0.75,0.9936305732484076,1.0,0.9285714285714286,0.9797393212027359,1.0,0.9999999999999999,143,0,1,13,157,14,8.92,0.26228445061384265,0.002674125150270736,0.9955505368564769,0.09562379432375588
3333,9,D_raw_focal_W,14,0.09587102499995126,2.0,0.75,0.9936305732484076,1.0,0.9285714285714286,0.9797393212027359,1.0,0.9999999999999999,143,0,1,13,157,14,8.92,0.26228445061384265,0.002674125150270736,0.9955505368564769,0.09562379432375588
3333,9,E_all_ce_noW,15,0.12528962300007151,2.0,0.75,0.9872611464968153,0.9285714285714286,0.9285714285714286,0.9607892107892109,0.9995004995004995,0.9952380952380951,142,1,1,13,157,14,8.92,0.2782707030906747,3.835202871472528e-08,0.999999194854544,0.08980203697192038
3333,9,F_all_ce_W,15,0.1368983869999738,2.0,0.75,0.9936305732484076,0.9333333333333333,1.0,0.981004234724743,1.0,0.9999999999999999,142,1,0,14,157,14,8.92,0.2874615348583657,1.4748331375891028e-07,0.9999997510507832,0.0946311359129509
3333,9,G_all_focal_noW,15,0.12031174399999145,2.0,0.75,0.9936305732484076,1.0,0.9285714285714286,0.9797393212027359,1.0,0.9999999999999999,143,0,1,13,157,14,8.92,0.2597596927770559,0.0027091508200692655,0.9940360390699241,0.09561186205869236
3333,9,H_all_focal_W,15,0.1010193930000014,2.0,0.75,0.9936305732484076,1.0,0.9285714285714286,0.9797393212027359,1.0,0.9999999999999999,143,0,1,13,157,14,8.92,0.2597596927770559,0.0027091508200692655,0.9940360390699241,0.09561186205869236
3333,9,LEGACY_A,14,0.11330481999993935,2.0,0.75,0.9936305732484076,1.0,0.9285714285714286,0.9797393212027359,0.9995004995004995,0.9952380952380953,143,0,1,13,157,14,8.92,0.27719784720773827,2.983188375356671e-08,0.9999996358794325,0.08696155462961978
3333,10,A_raw_ce_noW,14,0.10806652200005828,2.0,0.75,0.9871794871794872,0.9230769230769231,0.9230769230769231,0.9580419580419581,0.9983862291554599,0.985576923076923,142,1,1,12,156,13,8.33,0.27485502514238214,6.618081341490816e-08,0.9999990303620746,0.08487997992581281
3333,10,B_raw_ce_W,14,0.1184211409999989,2.0,0.75,0.9743589743589743,0.8,0.9230769230769231,0.9215291750503019,0.9983862291554598,0.9855769230769231,140,3,1,12,156,13,8.33,0.2805507746001233,1.5336337734939435e-07,0.9999997887964893,0.09058140315447935
3333,10,C_raw_focal_noW,14,0.09714403800001037,2.0,0.75,0.9871794871794872,0.9230769230769231,0.9230769230769231,0.9580419580419581,0.9994620763851532,0.9945054945054945,142,1,1,12,156,13,8.33,0.26829689340803325,0.0020696106948536143,0.9943394283304277,0.09803984347206565
3333,10,D_raw_focal_W,14,0.09811151899998549,2.0,0.75,0.9871794871794872,0.9230769230769231,0.9230769230769231,0.9580419580419581,0.9994620763851532,0.9945054945054945,142,1,1,12,156,13,8.33,0.26829689340803325,0.0020696106948536143,0.9943394283304277,0.09803984347206565
3333,10,E_all_ce_noW,15,0.1272893999999951,2.0,0.75,0.9807692307692307,0.9166666666666666,0.8461538461538461,0.9347735191637631,0.9978483055406133,0.9796597633136093,142,1,2,11,156,13,8.33,0.2663638194560492,3.338920088133723e-08,0.9999992966584501,0.07870612194280877
3333,10,F_all_ce_W,15,0.15766503899999407,2.0,0.75,0.9807692307692307,0.9166666666666666,0.8461538461538461,0.9347735191637631,0.9983862291554599,0.9838264299802761,142,1,2,11,156,13,8.33,0.2664236157610447,1.4600524269746812e-07,0.9999997650472939,0.07906826163958626
3333,10,G_all_focal_noW,15,0.09817661199997474,2.0,0.75,0.9807692307692307,0.9166666666666666,0.8461538461538461,0.9347735191637631,0.9989241527703066,0.988588334742181,142,1,2,11,156,13,8.33,0.2587900839965906,0.002279829682174259,0.9945589085778322,0.08913101772322489
3333,10,H_all_focal_W,15,0.10090283500005626,2.0,0.75,0.9807692307692307,0.9166666666666666,0.8461538461538461,0.9347735191637631,0.9989241527703066,0.988588334742181,142,1,2,11,156,13,8.33,0.2587900839965906,0.002279829682174259,0.9945589085778322,0.08913101772322489
3333,10,LEGACY_A,14,0.11156995500004996,2.0,0.75,0.9807692307692307,0.8571428571428571,0.9230769230769231,0.9391812865497076,0.9983862291554599,0.9855769230769231,141,2,1,12,156,13,8.33,0.27743492909073747,4.995375138752753e-08,0.9999995479116334,0.08909030123104224
3333,11,A_raw_ce_noW,14,0.1123715449999736,2.0,0.75,1.0,1.0,1.0,1.0,1.0,0.9999999999999998,143,0,0,14,157,14,8.92,0.2844019046143443,3.374530209401181e-08,0.9999990208736292,0.08914648452027173
3333,11,B_raw_ce_W,14,0.12604876500006412,2.0,0.75,1.0,1.0,1.0,1.0,1.0,0.9999999999999998,143,0,0,14,157,14,8.92,0.28453233658103205,1.448664407958026e-07,0.9999997422319784,0.09010664992470185
3333,11,C_raw_focal_noW,14,0.0964890950000381,2.0,0.75,1.0,1.0,1.0,1.0,1.0,0.9999999999999998,143,0,0,14,157,14,8.92,0.2734732645688648,0.003290791171702131,0.9939141865217758,0.09875191543962376
3333,11,D_raw_focal_W,14,0.11755711700004667,2.0,0.75,1.0,1.0,1.0,1.0,1.0,0.9999999999999998,143,0,0,14,157,14,8.92,0.2734732645688648,0.003290791171702131,0.9939141865217758,0.09875191543962376
3333,11,E_all_ce_noW,15,0.12411278299998685,2.0,0.75,1.0,1.0,1.0,1.0,1.0,0.9999999999999998,143,0,0,14,157,14,8.92,0.28320637395866216,3.22504349526305e-08,0.999997803453347,0.08886365586564755
3333,11,F_all_ce_W,15,0.15183451899997635,2.0,0.75,1.0,1.0,1.0,1.0,1.0,0.9999999999999998,143,0,0,14,157,14,8.92,0.28476965249387226,9.914392258408577e-08,0.9999996329552755,0.09005891958885962
3333,11,G_all_focal_noW,15,0.16258995099997264,2.0,0.75,1.0,1.0,1.0,1.0,1.0,0.9999999999999998,143,0,0,14,157,14,8.92,0.27384593365534093,0.0029997984125738615,0.9935009623357166,0.10000561950447594
3333,11,H_all_focal_W,15,0.16443784000000505,2.0,0.75,1.0,1.0,1.0,1.0,1.0,0.9999999999999998,143,0,0,14,157,14,8.92,0.27384593365534093,0.0029997984125738615,0.9935009623357166,0.10000561950447594
3333,11,LEGACY_A,14,0.18307771700006015,2.0,0.75,1.0,1.0,1.0,1.0,1.0,0.9999999999999998,143,0,0,14,157,14,8.92,0.2848935673623471,2.8419058677959467e-08,0.9999996450898404,0.08944275715187404
3333,12,A_raw_ce_noW,14,0.16566102600006616,2.0,0.75,0.9936305732484076,1.0,0.9285714285714286,0.9797393212027359,0.9985014985014985,0.9873949579831932,143,0,1,13,157,14,8.92,0.2747019860773148,8.534330031121342e-08,0.9999988014539857,0.08257833429800439
3333,12,B_raw_ce_W,14,0.17085466999992605,2.0,0.75,0.9936305732484076,1.0,0.9285714285714286,0.9797393212027359,0.9975024975024974,0.981203007518797,143,0,1,13,157,14,8.92,0.275171144026702,2.2834403417088857e-07,0.99999974634065,0.08281343988407419
3333,12,C_raw_focal_noW,14,0.13669939000010345,2.0,0.75,0.9936305732484076,1.0,0.9285714285714286,0.9797393212027359,0.9975024975024975,0.9812030075187969,143,0,1,13,157,14,8.92,0.25731949987547287,0.006392427799405834,0.9934484831376542,0.09389930261933806
3333,12,D_raw_focal_W,14,0.13495290900004875,2.0,0.75,0.9936305732484076,1.0,0.9285714285714286,0.9797393212027359,0.9975024975024975,0.9812030075187969,143,0,1,13,157,14,8.92,0.25731949987547287,0.006392427799405834,0.9934484831376542,0.09389930261933806
3333,12,E_all_ce_noW,15,0.1854874779999136,2.0,0.75,0.9936305732484076,1.0,0.9285714285714286,0.9797393212027359,0.9985014985014984,0.9873949579831932,143,0,1,13,157,14,8.92,0.2678539957446078,7.1937725436216e-08,0.9999989828021916,0.07972760186188618
3333,12,F_all_ce_W,15,0.2118782510000301,2.0,0.75,0.9936305732484076,1.0,0.9285714285714286,0.9797393212027359,0.9975024975024975,0.981203007518797,143,0,1,13,157,14,8.92,0.27462552201837204,1.7636510431401363e-07,0.999999700846611,0.08259685844771956
3333,12,G_all_focal_noW,15,0.1526648160000832,2.0,0.75,0.9936305732484076,1.0,0.9285714285714286,0.9797393212027359,0.9975024975024975,0.981203007518797,143,0,1,13,157,14,8.92,0.25766000674753525,0.00605976532587127,0.9932892860768148,0.09200574482723688
3333,12,H_all_focal_W,15,0.1436191500000632,2.0,0.75,0.9936305732484076,1.0,0.9285714285714286,0.9797393212027359,0.9975024975024975,0.981203007518797,143,0,1,13,157,14,8.92,0.25766000674753525,0.00605976532587127,0.9932892860768148,0.09200574482723688
3333,12,LEGACY_A,14,0.17542166499993073,2.0,0.75,0.9936305732484076,1.0,0.9285714285714286,0.9797393212027359,0.996003996003996,0.974025974025974,143,0,1,13,157,14,8.92,0.27455593327007743,5.866808023335172e-08,0.9999995670690127,0.08251480263082037
3333,13,A_raw_ce_noW,14,0.17788371500000721,2.0,0.75,0.9872611464968153,0.9285714285714286,0.9285714285714286,0.9607892107892109,0.9990009990009989,0.9910714285714285,142,1,1,13,157,14,8.92,0.274067259273581,4.004280034245806e-08,0.9999987885875807,0.08503157496379161
3333,13,B_raw_ce_W,14,0.1936561410000195,2.0,0.75,0.9872611464968153,0.9285714285714286,0.9285714285714286,0.9607892107892109,0.9990009990009989,0.9910714285714286,142,1,1,13,157,14,8.92,0.2807222778735036,1.0796672889214105e-07,0.999999727829381,0.08786520615374603
3333,13,C_raw_focal_noW,14,0.13391517000002295,2.0,0.75,0.9872611464968153,0.9285714285714286,0.9285714285714286,0.9607892107892109,0.9995004995004995,0.9952380952380953,142,1,1,13,157,14,8.92,0.2673431022918492,0.0022335228161995883,0.993633804289279,0.09589928728733993
3333,13,D_raw_focal_W,14,0.1376548250000269,2.0,0.75,0.9872611464968153,0.9285714285714286,0.9285714285714286,0.9607892107892109,0.9995004995004995,0.9952380952380953,142,1,1,13,157,14,8.92,0.2673431022918492,0.0022335228161995883,0.993633804289279,0.09589928728733993
3333,13,E_all_ce_noW,15,0.18783931799998754,2.0,0.75,0.9872611464968153,1.0,0.8571428571428571,0.9580662393162394,0.999000999000999,0.9910714285714286,143,0,2,12,157,14,8.92,0.267584145105182,3.1758637663619365e-08,0.9999986099479534,0.08102295022673589
3333,13,F_all_ce_W,15,0.20644119799999316,2.0,0.75,0.9936305732484076,1.0,0.9285714285714286,0.9797393212027359,0.9995004995004995,0.9952380952380953,143,0,1,13,157,14,8.92,0.27430287250908353,1.1416433434254113e-07,0.9999997136221265,0.08498301984648331
3333,13,G_all_focal_noW,15,0.1584201609999809,2.0,0.75,0.9872611464968153,0.9285714285714286,0.9285714285714286,0.9607892107892109,0.9995004995004995,0.9952380952380951,142,1,1,13,157,14,8.92,0.2652644986908473,0.0018986130951690655,0.9930922224340473,0.09362157169722493
3333,13,H_all_focal_W,15,0.1683128529999749,2.0,0.75,0.9872611464968153,0.9285714285714286,0.9285714285714286,0.9607892107892109,0.9995004995004995,0.9952380952380951,142,1,1,13,157,14,8.92,0.2652644986908473,0.0018986130951690655,0.9930922224340473,0.09362157169722493
3333,13,LEGACY_A,14,0.17706321399998615,2.0,0.75,0.9872611464968153,0.9285714285714286,0.9285714285714286,0.9607892107892109,0.9990009990009991,0.9910714285714286,142,1,1,13,157,14,8.92,0.2840023525566407,2.6298849771126322e-08,0.9999996064401809,0.088920195540202
3333,14,A_raw_ce_noW,14,0.1743857259999686,2.0,0.75,0.9872611464968153,0.9285714285714286,0.9285714285714286,0.9607892107892109,0.9920079920079921,0.9619047619047618,142,1,1,13,157,14,8.92,0.27850735213859995,2.840511283529956e-08,0.9999995379513168,0.08705720499032138
3333,14,B_raw_ce_W,14,0.13532428500002425,2.0,0.75,0.9872611464968153,0.9285714285714286,0.9285714285714286,0.9607892107892109,0.9895104895104895,0.9571428571428571,142,1,1,13,157,14,8.92,0.2796999425086314,1.2796667904003488e-07,0.9999998191392377,0.08738110210240617
3333,14,C_raw_focal_noW,14,0.09407613199994103,2.0,0.75,0.9872611464968153,0.9285714285714286,0.9285714285714286,0.9607892107892109,0.9825174825174825,0.9489795918367346,142,1,1,13,157,14,8.92,0.2669965892494099,0.0027380092726981492,0.9956313645794187,0.09538891129435915
3333,14,D_raw_focal_W,14,0.09313017700003456,2.0,0.75,0.9872611464968153,0.9285714285714286,0.9285714285714286,0.9607892107892109,0.9825174825174825,0.9489795918367346,142,1,1,13,157,14,8.92,0.2669965892494099,0.0027380092726981492,0.9956313645794187,0.09538891129435915
3333,14,E_all_ce_noW,15,0.1347510150000062,2.0,0.75,0.9872611464968153,0.9285714285714286,0.9285714285714286,0.9607892107892109,0.9915084915084915,0.9608294930875575,142,1,1,13,157,14,8.92,0.2804292274480455,3.667130315871396e-08,0.9999995062581082,0.08776267621586725
3333,14,F_all_ce_W,15,0.12829521599996951,2.0,0.75,0.9872611464968153,0.9285714285714286,0.9285714285714286,0.9607892107892109,0.989010989010989,0.9563492063492063,142,1,1,13,157,14,8.92,0.28186104188582917,1.360346239009352e-07,0.9999998345116906,0.08938754677578774
3333,14,G_all_focal_noW,15,0.09955922799997552,2.0,0.75,0.9872611464968153,0.9285714285714286,0.9285714285714286,0.9607892107892109,0.983016983016983,0.9494047619047619,142,1,1,13,157,14,8.92,0.27069434700394585,0.0025070972281379324,0.9954641873015988,0.09689996868894434
3333,14,H_all_focal_W,15,0.09603436899999451,2.0,0.75,0.9872611464968153,0.9285714285714286,0.9285714285714286,0.9607892107892109,0.983016983016983,0.9494047619047619,142,1,1,13,157,14,8.92,0.27069434700394585,0.0025070972281379324,0.9954641873015988,0.09689996868894434
3333,14,LEGACY_A,14,0.11200687299992751,2.0,0.75,0.9936305732484076,1.0,0.9285714285714286,0.9797393212027359,0.9885114885114885,0.9555984555984556,143,0,1,13,157,14,8.92,0.2759610006623126,3.3709479048305394e-08,0.9999997289784777,0.08578005348655666
3333,15,A_raw_ce_noW,14,0.10905841499993585,2.0,0.75,0.9935897435897436,1.0,0.9230769230769231,0.9782578397212544,0.9994620763851533,0.9945054945054943,143,0,1,12,156,13,8.33,0.2678634627551593,3.8710606016270724e-08,0.9999991927486511,0.08009062932542729
3333,15,B_raw_ce_W,14,0.12198219200001859,2.0,0.75,0.9871794871794872,0.9230769230769231,0.9230769230769231,0.9580419580419581,0.9994620763851533,0.9945054945054943,142,1,1,12,156,13,8.33,0.2749949219764039,1.0598372082046999e-07,0.9999998111182656,0.08320329737868806
3333,15,C_raw_focal_noW,14,0.09620625700006258,2.0,0.75,0.9935897435897436,1.0,0.9230769230769231,0.9782578397212544,0.9989241527703067,0.9897435897435896,143,0,1,12,156,13,8.33,0.25862105812305264,0.003069240879178151,0.9946474971357472,0.09023235953142517
3333,15,D_raw_focal_W,14,0.10705428799997208,2.0,0.75,0.9935897435897436,1.0,0.9230769230769231,0.9782578397212544,0.9989241527703067,0.9897435897435896,143,0,1,12,156,13,8.33,0.25862105812305264,0.003069240879178151,0.9946474971357472,0.09023235953142517
3333,15,E_all_ce_noW,15,0.12371864700003243,2.0,0.75,0.9807692307692307,0.9166666666666666,0.8461538461538461,0.9347735191637631,0.9989241527703067,0.9885883347421809,142,1,2,11,156,13,8.33,0.2604536540925154,2.5654311167149405e-08,0.999998935319826,0.07651954804266776
3333,15,F_all_ce_W,15,0.13699169300002723,2.0,0.75,0.9871794871794872,1.0,0.8461538461538461,0.9548611111111112,0.9994620763851533,0.9945054945054943,143,0,2,11,156,13,8.33,0.2587358249115954,1.3667562152802856e-07,0.9999997967771534,0.07732211901534757
3333,15,G_all_focal_noW,15,0.10912805899999967,2.0,0.75,0.9871794871794872,1.0,0.8461538461538461,0.9548611111111112,0.9978483055406132,0.9787545787545786,143,0,2,11,156,13,8.33,0.251852914085045,0.0014566871830393711,0.9925926687884136,0.08436855799335409
3333,15,H_all_focal_W,15,0.10179216800008817,2.0,0.75,0.9871794871794872,1.0,0.8461538461538461,0.9548611111111112,0.9978483055406132,0.9787545787545786,143,0,2,11,156,13,8.33,0.251852914085045,0.0014566871830393711,0.9925926687884136,0.08436855799335409
3333,15,LEGACY_A,14,0.11439672500000597,2.0,0.75,0.9871794871794872,0.9230769230769231,0.9230769230769231,0.9580419580419581,0.9994620763851533,0.9945054945054943,142,1,1,12,156,13,8.33,0.2686524481358902,4.426312865359001e-08,0.9999995093164872,0.08149699167602577
3333,16,A_raw_ce_noW,14,0.11561522900001364,2.0,0.75,1.0,1.0,1.0,1.0,1.0,1.0,143,0,0,14,157,14,8.92,0.28478979433726165,4.551966883396698e-08,0.9999989396456731,0.0892444147169554
3333,16,B_raw_ce_W,14,0.13708976099997017,2.0,0.75,1.0,1.0,1.0,1.0,1.0,1.0,143,0,0,14,157,14,8.92,0.284856817824259,1.459738317246926e-07,0.999999544906753,0.08940423299239962
3333,16,C_raw_focal_noW,14,0.09997023800008265,2.0,0.75,1.0,1.0,1.0,1.0,1.0,0.9999999999999999,143,0,0,14,157,14,8.92,0.2755484093323546,0.00313868993624799,0.994936720076767,0.09848802365247397
3333,16,D_raw_focal_W,14,0.09439013100006832,2.0,0.75,1.0,1.0,1.0,1.0,1.0,0.9999999999999999,143,0,0,14,157,14,8.92,0.2755484093323546,0.00313868993624799,0.994936720076767,0.09848802365247397
3333,16,E_all_ce_noW,15,0.13379151899994213,2.0,0.75,0.9936305732484076,1.0,0.9285714285714286,0.9797393212027359,0.9995004995004996,0.9952380952380953,143,0,1,13,157,14,8.92,0.27544647593510585,3.395714349088666e-08,0.9999986118707325,0.08403438175650414
3333,16,F_all_ce_W,15,0.13471803799995996,2.0,0.75,0.9936305732484076,1.0,0.9285714285714286,0.9797393212027359,0.9999999999999999,1.0,143,0,1,13,157,14,8.92,0.2755738543375638,1.5003827490807006e-07,0.99999959555988,0.08493063137968745
3333,16,G_all_focal_noW,15,0.10188970900003369,2.0,0.75,0.9936305732484076,1.0,0.9285714285714286,0.9797393212027359,1.0,0.9999999999999998,143,0,1,13,157,14,8.92,0.26977321564665374,0.003239749963542609,0.994440194803246,0.09496047691885674
3333,16,H_all_focal_W,15,0.09854792099997667,2.0,0.75,0.9936305732484076,1.0,0.9285714285714286,0.9797393212027359,1.0,0.9999999999999998,143,0,1,13,157,14,8.92,0.26977321564665374,0.003239749963542609,0.994440194803246,0.09496047691885674
3333,16,LEGACY_A,14,0.11830443400003787,2.0,0.75,1.0,1.0,1.0,1.0,1.0,0.9999999999999999,143,0,0,14,157,14,8.92,0.2847790352965788,3.055350923033337e-08,0.9999995366509742,0.08932364268308585
3333,17,A_raw_ce_noW,14,0.11121611300006862,2.0,0.75,0.9808917197452229,0.9230769230769231,0.8571428571428571,0.9392179636082074,0.9985014985014985,0.985969387755102,142,1,2,12,157,14,8.92,0.2710096741719943,5.871856221079518e-08,0.999998511329783,0.08125127270985257
3333,17,B_raw_ce_W,14,0.12177167499999086,2.0,0.75,0.9808917197452229,0.9230769230769231,0.8571428571428571,0.9392179636082074,0.997002997002997,0.9746031746031745,142,1,2,12,157,14,8.92,0.2749560501002179,1.997186454804608e-07,0.9999996939732829,0.08262611130897557
3333,17,C_raw_focal_noW,14,0.10362192899992806,2.0,0.75,0.9808917197452229,0.9230769230769231,0.8571428571428571,0.9392179636082074,0.9965034965034966,0.9716791979949874,142,1,2,12,157,14,8.92,0.2603966937321646,0.0036828479809629697,0.9926305381286996,0.0914616025485256
3333,17,D_raw_focal_W,14,0.09610714899997674,2.0,0.75,0.9808917197452229,0.9230769230769231,0.8571428571428571,0.9392179636082074,0.9965034965034966,0.9716791979949874,142,1,2,12,157,14,8.92,0.2603966937321646,0.0036828479809629697,0.9926305381286996,0.0914616025485256
3333,17,E_all_ce_noW,15,0.12325150899994242,2.0,0.75,0.9808917197452229,0.9230769230769231,0.8571428571428571,0.9392179636082074,0.998001998001998,0.9815476190476189,142,1,2,12,157,14,8.92,0.2740802246545429,5.6021991973078965e-08,0.9999977815214705,0.08235921890474386
3333,17,F_all_ce_W,15,0.13490212199997131,2.0,0.75,0.9808917197452229,0.9230769230769231,0.8571428571428571,0.9392179636082074,0.9965034965034966,0.9716791979949874,142,1,2,12,157,14,8.92,0.2747592049835008,1.7787786045837685e-07,0.9999996038448327,0.08259284428524864
3333,17,G_all_focal_noW,15,0.09752156300010029,2.0,0.75,0.9808917197452229,0.9230769230769231,0.8571428571428571,0.9392179636082074,0.997002997002997,0.9740021008403361,142,1,2,12,157,14,8.92,0.2607979320660665,0.003282644969224846,0.9922006128908516,0.09112986157588916
3333,17,H_all_focal_W,15,0.11902814600000511,2.0,0.75,0.9808917197452229,0.9230769230769231,0.8571428571428571,0.9392179636082074,0.997002997002997,0.9740021008403361,142,1,2,12,157,14,8.92,0.2607979320660665,0.003282644969224846,0.9922006128908516,0.09112986157588916
3333,17,LEGACY_A,14,0.11552824299997155,2.0,0.75,0.9808917197452229,0.9230769230769231,0.8571428571428571,0.9392179636082074,0.9965034965034965,0.9716791979949874,142,1,2,12,157,14,8.92,0.27170974803896447,5.449761837323236e-08,0.9999994761368107,0.08152055618723769
3333,18,A_raw_ce_noW,14,0.12078200899998137,2.0,0.75,0.9936305732484076,1.0,0.9285714285714286,0.9797393212027359,0.9995004995004996,0.9952380952380951,143,0,1,13,157,14,8.92,0.2753666716537036,3.163567645854074e-08,0.9999991030848523,0.0833702442921238
3333,18,B_raw_ce_W,14,0.1264375859999518,2.0,0.75,0.9936305732484076,1.0,0.9285714285714286,0.9797393212027359,0.9995004995004995,0.9952380952380951,143,0,1,13,157,14,8.92,0.2754858880809777,1.476771134167632e-07,0.9999997698748809,0.08463162857845032
3333,18,C_raw_focal_noW,14,0.09824802299999646,2.0,0.75,0.9936305732484076,1.0,0.9285714285714286,0.9797393212027359,0.9995004995004995,0.9952380952380951,143,0,1,13,157,14,8.92,0.2643184886436778,0.0032637284371393907,0.9933811949789493,0.09417652978102546
3333,18,D_raw_focal_W,14,0.09692272699999194,2.0,0.75,0.9936305732484076,1.0,0.9285714285714286,0.9797393212027359,0.9995004995004995,0.9952380952380951,143,0,1,13,157,14,8.92,0.2643184886436778,0.0032637284371393907,0.9933811949789493,0.09417652978102546
3333,18,E_all_ce_noW,15,0.127389729000015,2.0,0.75,0.9936305732484076,1.0,0.9285714285714286,0.9797393212027359,1.0,0.9999999999999999,143,0,1,13,157,14,8.92,0.27493464374551874,2.8668265965562692e-08,0.9999990199061233,0.08305405116759336
3333,18,F_all_ce_W,15,0.1562442409999676,2.0,0.75,0.9936305732484076,1.0,0.9285714285714286,0.9797393212027359,1.0,1.0,143,0,1,13,157,14,8.92,0.27674456643303574,1.4788281509680035e-07,0.9999997756021655,0.08596723554893206
3333,18,G_all_focal_noW,15,0.10115739899993059,2.0,0.75,0.9936305732484076,1.0,0.9285714285714286,0.9797393212027359,1.0,1.0,143,0,1,13,157,14,8.92,0.26133947771465527,0.002322757113935707,0.9940467913492532,0.09257012757223132
3333,18,H_all_focal_W,15,0.11435385700008283,2.0,0.75,0.9936305732484076,1.0,0.9285714285714286,0.9797393212027359,1.0,1.0,143,0,1,13,157,14,8.92,0.26133947771465527,0.002322757113935707,0.9940467913492532,0.09257012757223132
3333,18,LEGACY_A,14,0.11988858200004415,2.0,0.75,0.9936305732484076,1.0,0.9285714285714286,0.9797393212027359,0.9995004995004996,0.9952380952380951,143,0,1,13,157,14,8.92,0.2754127860046194,2.6419795790777167e-08,0.9999996394435989,0.08313792341416369
3333,19,A_raw_ce_noW,14,0.11624912499996753,2.0,0.75,0.9936305732484076,1.0,0.9285714285714286,0.9797393212027359,0.9995004995004995,0.9952380952380951,143,0,1,13,157,14,8.92,0.2753841429685146,3.709455635356934e-08,0.9999993602975952,0.08286163097824213
3333,19,B_raw_ce_W,14,0.12022341699992012,2.0,0.75,0.9936305732484076,1.0,0.9285714285714286,0.9797393212027359,0.9995004995004995,0.9952380952380953,143,0,1,13,157,14,8.92,0.27548210833394154,1.2241139742646336e-07,0.9999998180421161,0.08307310237804875
3333,19,C_raw_focal_noW,14,0.09895237599994289,2.0,0.75,0.9936305732484076,1.0,0.9285714285714286,0.9797393212027359,0.9995004995004996,0.9952380952380951,143,0,1,13,157,14,8.92,0.2650022557987339,0.003054883231506234,0.993747617743555,0.09433692490454079
3333,19,D_raw_focal_W,14,0.102493504999984,2.0,0.75,0.9936305732484076,1.0,0.9285714285714286,0.9797393212027359,0.9995004995004996,0.9952380952380951,143,0,1,13,157,14,8.92,0.2650022557987339,0.003054883231506234,0.993747617743555,0.09433692490454079
3333,19,E_all_ce_noW,15,0.12422588300000825,2.0,0.75,0.9936305732484076,1.0,0.9285714285714286,0.9797393212027359,1.0,0.9999999999999999,143,0,1,13,157,14,8.92,0.27515262748341635,3.1891461040413956e-08,0.9999991173004683,0.08361014963864617
3333,19,F_all_ce_W,15,0.13596164700004465,2.0,0.75,0.9936305732484076,1.0,0.9285714285714286,0.9797393212027359,1.0,0.9999999999999999,143,0,1,13,157,14,8.92,0.2769152106924414,1.2536584201022959e-07,0.9999997030579746,0.08713622183399057
3333,19,G_all_focal_noW,15,0.10070896799993534,2.0,0.75,0.9936305732484076,1.0,0.9285714285714286,0.9797393212027359,1.0,1.0,143,0,1,13,157,14,8.92,0.2688515928333917,0.001789498461346463,0.9923781707863931,0.09619222841603672
3333,19,H_all_focal_W,15,0.09899508700004844,2.0,0.75,0.9936305732484076,1.0,0.9285714285714286,0.9797393212027359,1.0,1.0,143,0,1,13,157,14,8.92,0.2688515928333917,0.001789498461346463,0.9923781707863931,0.09619222841603672
3333,19,LEGACY_A,14,0.11288422099994477,2.0,0.75,0.9936305732484076,1.0,0.9285714285714286,0.9797393212027359,0.9995004995004995,0.9952380952380951,143,0,1,13,157,14,8.92,0.27517178647425833,3.016461932082076e-08,0.9999996763464039,0.08275882682888602
3333,20,A_raw_ce_noW,14,0.10978973800001768,2.0,0.75,0.9871794871794872,0.9230769230769231,0.9230769230769231,0.9580419580419581,0.9892415277030662,0.9430075714194819,142,1,1,12,156,13,8.33,0.27555334506531814,4.265294772201011e-08,0.9999990805144149,0.08339749283035637
3333,20,B_raw_ce_W,14,0.12092103800000586,2.0,0.75,0.9871794871794872,0.9230769230769231,0.9230769230769231,0.9580419580419581,0.9870898332436794,0.9449375410913872,142,1,1,12,156,13,8.33,0.2760904585640479,9.54316098518872e-08,0.9999998009307037,0.08425701878577495
3333,20,C_raw_focal_noW,14,0.10518935999994028,2.0,0.75,0.9871794871794872,0.9230769230769231,0.9230769230769231,0.9580419580419581,0.9854760623991393,0.9370652963770372,142,1,1,12,156,13,8.33,0.25665354609031765,0.0031587490502809346,0.993668191114235,0.09231976484555876
3333,20,D_raw_focal_W,14,0.10384765400010565,2.0,0.75,0.9871794871794872,0.9230769230769231,0.9230769230769231,0.9580419580419581,0.9854760623991393,0.9370652963770372,142,1,1,12,156,13,8.33,0.25665354609031765,0.0031587490502809346,0.993668191114235,0.09231976484555876
3333,20,E_all_ce_noW,15,0.12225375799994254,2.0,0.75,0.9871794871794872,0.9230769230769231,0.9230769230769231,0.9580419580419581,0.991393222162453,0.9575596816976126,142,1,1,12,156,13,8.33,0.2693668552236953,3.59026167502181e-08,0.9999989623948241,0.08210698631529827
3333,20,F_all_ce_W,15,0.13401692900004036,2.0,0.75,0.9807692307692307,0.8571428571428571,0.9230769230769231,0.9391812865497076,0.9892415277030661,0.9484097633136093,141,2,1,12,156,13,8.33,0.2760306846241442,6.416793298633476e-08,0.9999997577988982,0.08641697539595605
3333,20,G_all_focal_noW,15,0.09756559200002357,2.0,0.75,0.9871794871794872,0.9230769230769231,0.9230769230769231,0.9580419580419581,0.977407208176439,0.9356782818321279,142,1,1,12,156,13,8.33,0.25833670715056173,0.0029411629871040554,0.9934191293228031,0.09371677350432417
3333,20,H_all_focal_W,15,0.10050567400003274,2.0,0.75,0.9871794871794872,0.9230769230769231,0.9230769230769231,0.9580419580419581,0.977407208176439,0.9356782818321279,142,1,1,12,156,13,8.33,0.25833670715056173,0.0029411629871040554,0.9934191293228031,0.09371677350432417
3333,20,LEGACY_A,14,0.10665851900000689,2.0,0.75,0.9871794871794872,0.9230769230769231,0.9230769230769231,0.9580419580419581,0.9817105970952126,0.9443535188216039,142,1,1,12,156,13,8.33,0.2731109196565206,5.9135591382413816e-08,0.9999995459021002,0.08312663295067509
3333,21,A_raw_ce_noW,14,0.13653627400003643,2.0,0.75,0.9936305732484076,0.9333333333333333,1.0,0.981004234724743,0.9995004995004995,0.9952380952380951,142,1,0,14,157,14,8.92,0.2878757144851544,4.601902867363464e-08,0.9999994161986963,0.09321717287307502
3333,21,B_raw_ce_W,14,0.13292084399995474,2.0,0.75,0.9936305732484076,0.9333333333333333,1.0,0.981004234724743,0.9995004995004995,0.9952380952380953,142,1,0,14,157,14,8.92,0.29207125840836723,1.5005133395718817e-07,0.9999998251647565,0.09494030251059424
3333,21,C_raw_focal_noW,14,0.09561186900009488,2.0,0.75,0.9936305732484076,0.9333333333333333,1.0,0.981004234724743,0.9995004995004995,0.9952380952380953,142,1,0,14,157,14,8.92,0.2806072829452746,0.003064346496194144,0.994883884045932,0.10120685675737971
3333,21,D_raw_focal_W,14,0.09366820799994002,2.0,0.75,0.9936305732484076,0.9333333333333333,1.0,0.981004234724743,0.9995004995004995,0.9952380952380953,142,1,0,14,157,14,8.92,0.2806072829452746,0.003064346496194144,0.994883884045932,0.10120685675737971
3333,21,E_all_ce_noW,15,0.1244076400000722,2.0,0.75,0.9936305732484076,0.9333333333333333,1.0,0.981004234724743,0.9995004995004995,0.9952380952380951,142,1,0,14,157,14,8.92,0.29217237286195613,3.352134657588269e-08,0.9999993358238225,0.09584386033337525
3333,21,F_all_ce_W,15,0.13910371600002236,2.0,0.75,0.9872611464968153,0.875,1.0,0.9631455399061033,1.0,0.9999999999999999,141,2,0,14,157,14,8.92,0.30080407122340186,1.089970313044582e-07,0.9999997737977305,0.10131307140009435
3333,21,G_all_focal_noW,15,0.09805869300009817,2.0,0.75,0.9936305732484076,0.9333333333333333,1.0,0.981004234724743,1.0,0.9999999999999999,142,1,0,14,157,14,8.92,0.2822485538306895,0.0020117190220717966,0.9944829283621749,0.10184690281191601
3333,21,H_all_focal_W,15,0.10284386999990147,2.0,0.75,0.9936305732484076,0.9333333333333333,1.0,0.981004234724743,1.0,0.9999999999999999,142,1,0,14,157,14,8.92,0.2822485538306895,0.0020117190220717966,0.9944829283621749,0.10184690281191601
3333,21,LEGACY_A,14,0.13031819599996197,2.0,0.75,0.9936305732484076,0.9333333333333333,1.0,0.981004234724743,1.0,0.9999999999999999,142,1,0,14,157,14,8.92,0.2930323776189009,2.7803454126607662e-08,0.999999679798718,0.09525196486226635
3333,22,A_raw_ce_noW,14,0.15417193700000098,2.0,0.75,1.0,1.0,1.0,1.0,1.0,0.9999999999999998,143,0,0,14,157,14,8.92,0.28476988892877236,4.132615807386229e-08,0.9999987971826062,0.08944042504499447
3333,22,B_raw_ce_W,14,0.1906556809999529,2.0,0.75,1.0,1.0,1.0,1.0,1.0,0.9999999999999998,143,0,0,14,157,14,8.92,0.2850708989259872,1.4539705824097456e-07,0.9999996532368617,0.09076649845309312
3333,22,C_raw_focal_noW,14,0.14513753699998233,2.0,0.75,1.0,1.0,1.0,1.0,1.0,1.0,143,0,0,14,157,14,8.92,0.2744484255910814,0.0033049554859145027,0.9940566052621462,0.10093044557564129
3333,22,D_raw_focal_W,14,0.1432423439999866,2.0,0.75,1.0,1.0,1.0,1.0,1.0,1.0,143,0,0,14,157,14,8.92,0.2744484255910814,0.0033049554859145027,0.9940566052621462,0.10093044557564129
3333,22,E_all_ce_noW,15,0.21252602399999887,2.0,0.75,1.0,1.0,1.0,1.0,1.0,0.9999999999999998,143,0,0,14,157,14,8.92,0.2847746539444396,4.148503651827626e-08,0.9999987684408473,0.08978977010757098
3333,22,F_all_ce_W,15,0.20310909299996638,2.0,0.75,0.9936305732484076,0.9333333333333333,1.0,0.981004234724743,1.0,0.9999999999999998,142,1,0,14,157,14,8.92,0.28740035863858865,1.2027852270164438e-07,0.9999996470980514,0.09296754157559499
3333,22,G_all_focal_noW,15,0.13781903700009934,2.0,0.75,1.0,1.0,1.0,1.0,1.0,0.9999999999999998,143,0,0,14,157,14,8.92,0.27506801382367374,0.0034190405572053703,0.9938481366260707,0.10140554583672078
3333,22,H_all_focal_W,15,0.14352093899992724,2.0,0.75,1.0,1.0,1.0,1.0,1.0,0.9999999999999998,143,0,0,14,157,14,8.92,0.27506801382367374,0.0034190405572053703,0.9938481366260707,0.10140554583672078
3333,22,LEGACY_A,14,0.17082966600003147,2.0,0.75,1.0,1.0,1.0,1.0,1.0,0.9999999999999998,143,0,0,14,157,14,8.92,0.2860504187820619,3.079018683302741e-08,0.9999995283770632,0.09191972448184235
3333,23,A_raw_ce_noW,14,0.17222909999998137,2.0,0.75,0.9936305732484076,1.0,0.9285714285714286,0.9797393212027359,0.9985014985014984,0.9873949579831932,143,0,1,13,157,14,8.92,0.27477073280989406,6.341052378611898e-08,0.9999992351647146,0.08272554004874298
3333,23,B_raw_ce_W,14,0.18483330599997316,2.0,0.75,0.9936305732484076,1.0,0.9285714285714286,0.9797393212027359,0.9975024975024975,0.981203007518797,143,0,1,13,157,14,8.92,0.2750155225398836,1.5454956009226368e-07,0.9999998101049631,0.0840761465337205
3333,23,C_raw_focal_noW,14,0.1401760829999148,2.0,0.75,0.9936305732484076,1.0,0.9285714285714286,0.9797393212027359,0.9965034965034965,0.976190476190476,143,0,1,13,157,14,8.92,0.2612274461263239,0.003066780342526277,0.9934055922993258,0.09526300678480266
3333,23,D_raw_focal_W,14,0.1421393679999028,2.0,0.75,0.9936305732484076,1.0,0.9285714285714286,0.9797393212027359,0.9965034965034965,0.976190476190476,143,0,1,13,157,14,8.92,0.2612274461263239,0.003066780342526277,0.9934055922993258,0.09526300678480266
3333,23,E_all_ce_noW,15,0.1833076739999342,2.0,0.75,0.9872611464968153,1.0,0.8571428571428571,0.9580662393162394,0.9985014985014985,0.9873949579831931,143,0,2,12,157,14,8.92,0.2658172735773279,4.736558336484066e-08,0.9999985751920585,0.07854549601333193
3333,23,F_all_ce_W,15,0.20669984800008478,2.0,0.75,0.9872611464968153,0.9285714285714286,0.9285714285714286,0.9607892107892109,0.9980019980019981,0.9841269841269841,142,1,1,13,157,14,8.92,0.2702910675734172,1.1757210338830451e-07,0.9999997738557563,0.08356289132771963
3333,23,G_all_focal_noW,15,0.14234539599999607,2.0,0.75,0.9872611464968153,1.0,0.8571428571428571,0.9580662393162394,0.9975024975024975,0.9790249433106576,143,0,2,12,157,14,8.92,0.26044939878751533,0.003231159450992389,0.9926277776473178,0.09458071672980499
3333,23,H_all_focal_W,15,0.14037058899998556,2.0,0.75,0.9872611464968153,1.0,0.8571428571428571,0.9580662393162394,0.9975024975024975,0.9790249433106576,143,0,2,12,157,14,8.92,0.26044939878751533,0.003231159450992389,0.9926277776473178,0.09458071672980499
3333,23,LEGACY_A,14,0.16205406099993525,2.0,0.75,0.9936305732484076,1.0,0.9285714285714286,0.9797393212027359,0.997002997002997,0.9785714285714284,143,0,1,13,157,14,8.92,0.27331736635025006,4.980181416550968e-08,0.9999996630918933,0.08230286959723938
3333,24,A_raw_ce_noW,14,0.16749354299997776,2.0,0.75,0.9808917197452229,1.0,0.7857142857142857,0.9348096885813149,0.993006993006993,0.9642857142857142,143,0,3,11,157,14,8.92,0.25532160819684707,3.5539567692541937e-08,0.9999990740413608,0.07122006433998039
3333,24,B_raw_ce_W,14,0.1867641649999996,2.0,0.75,0.9872611464968153,1.0,0.8571428571428571,0.9580662393162394,0.9925074925074925,0.9630541871921181,143,0,2,12,157,14,8.92,0.26042662363130226,1.3849948005528973e-07,0.999999745282852,0.07482978414648939
3333,24,C_raw_focal_noW,14,0.14754316799997014,2.0,0.75,0.9808917197452229,1.0,0.7857142857142857,0.9348096885813149,0.9820179820179821,0.9485714285714286,143,0,3,11,157,14,8.92,0.25183868524929587,0.0020666028865392316,0.9953033683507733,0.08134707006416601
3333,24,D_raw_focal_W,14,0.14622039000005316,2.0,0.75,0.9808917197452229,1.0,0.7857142857142857,0.9348096885813149,0.9820179820179821,0.9485714285714286,143,0,3,11,157,14,8.92,0.25183868524929587,0.0020666028865392316,0.9953033683507733,0.08134707006416601
3333,24,E_all_ce_noW,15,0.20053715000005923,2.0,0.75,0.9808917197452229,1.0,0.7857142857142857,0.9348096885813149,0.9945054945054945,0.9651360544217686,143,0,3,11,157,14,8.92,0.25535107946508073,2.6914116516419414e-08,0.9999992353191701,0.07129840369835924
3333,24,F_all_ce_W,15,0.21764482200001112,2.0,0.75,0.9872611464968153,1.0,0.8571428571428571,0.9580662393162394,0.9930069930069929,0.9575091575091574,143,0,2,12,157,14,8.92,0.2608440080739551,8.445771554530816e-08,0.9999996512331444,0.07501161791711466
3333,24,G_all_focal_noW,15,0.1102222150000216,2.0,0.75,0.9872611464968153,1.0,0.8571428571428571,0.9580662393162394,0.9850149850149851,0.9512987012987013,143,0,2,12,157,14,8.92,0.2529608220135014,0.001678589141460276,0.9952571707696817,0.08133796700119517
3333,24,H_all_focal_W,15,0.09787019499992766,2.0,0.75,0.9872611464968153,1.0,0.8571428571428571,0.9580662393162394,0.9850149850149851,0.9512987012987013,143,0,2,12,157,14,8.92,0.2529608220135014,0.001678589141460276,0.9952571707696817,0.08133796700119517
3333,24,LEGACY_A,14,0.12885037600005944,2.0,0.75,0.9808917197452229,1.0,0.7857142857142857,0.9348096885813149,0.9935064935064934,0.9656084656084656,143,0,3,11,157,14,8.92,0.2554051518852352,2.5667155039403788e-08,0.9999996733433746,0.07216538080626958
3333,25,A_raw_ce_noW,14,0.1087881109999671,2.0,0.75,0.9807692307692307,1.0,0.7692307692307693,0.929592297276967,1.0,1.0,143,0,3,10,156,13,8.33,0.2439128885572458,5.705029213407541e-08,0.9999982581055618,0.06605869251809975
3333,25,B_raw_ce_W,14,0.11647653900001842,2.0,0.75,0.9807692307692307,1.0,0.7692307692307693,0.929592297276967,1.0,1.0,143,0,3,10,156,13,8.33,0.2458973849098145,1.5250123803154418e-07,0.9999996059009005,0.06888652381122132
3333,25,C_raw_focal_noW,14,0.09530344600000262,2.0,0.75,0.9871794871794872,1.0,0.8461538461538461,0.9548611111111112,1.0,1.0,143,0,2,11,156,13,8.33,0.23783402041174007,0.003944877960054905,0.9919862703472124,0.08327537012780833
3333,25,D_raw_focal_W,14,0.0941162770000119,2.0,0.75,0.9871794871794872,1.0,0.8461538461538461,0.9548611111111112,1.0,1.0,143,0,2,11,156,13,8.33,0.23783402041174007,0.003944877960054905,0.9919862703472124,0.08327537012780833
3333,25,E_all_ce_noW,15,0.12436768299994583,2.0,0.75,0.9807692307692307,1.0,0.7692307692307693,0.929592297276967,1.0,1.0,143,0,3,10,156,13,8.33,0.2393992761078445,5.177693577573467e-08,0.9999979814885155,0.06360087146016574
3333,25,F_all_ce_W,15,0.1337536959999852,2.0,0.75,0.9807692307692307,1.0,0.7692307692307693,0.929592297276967,1.0,1.0,143,0,3,10,156,13,8.33,0.244047295758556,1.3078233346568945e-07,0.9999996135940322,0.06714178867535431
3333,25,G_all_focal_noW,15,0.10835971400001654,2.0,0.75,0.9807692307692307,1.0,0.7692307692307693,0.929592297276967,1.0,1.0,143,0,3,10,156,13,8.33,0.23610314700372895,0.0031248770884518993,0.9898384186225517,0.07944650369846008
3333,25,H_all_focal_W,15,0.10417392900001232,2.0,0.75,0.9807692307692307,1.0,0.7692307692307693,0.929592297276967,1.0,1.0,143,0,3,10,156,13,8.33,0.23610314700372895,0.0031248770884518993,0.9898384186225517,0.07944650369846008
3333,25,LEGACY_A,14,0.1115781920000245,2.0,0.75,0.9871794871794872,1.0,0.8461538461538461,0.9548611111111112,1.0,1.0,143,0,2,11,156,13,8.33,0.25020896751774696,4.790253419782863e-08,0.999999403414219,0.0708660664532524
5555,1,A_raw_ce_noW,14,0.10698529799992684,2.0,0.75,0.9745222929936306,1.0,0.7142857142857143,0.9097701149425288,0.9965034965034965,0.976190476190476,143,0,4,10,157,14,8.92,0.24487772035823863,5.611651842708375e-08,0.999998562917817,0.06687341559161125
5555,1,B_raw_ce_W,14,0.12134187699996346,2.0,0.75,0.9872611464968153,1.0,0.8571428571428571,0.9580662393162394,0.9955044955044955,0.9720496894409938,143,0,2,12,157,14,8.92,0.2565856256189137,1.3143506424352915e-07,0.9999996905412313,0.07553044275749897
5555,1,C_raw_focal_noW,14,0.09667222500002026,2.0,0.75,0.9808917197452229,1.0,0.7857142857142857,0.9348096885813149,0.9955044955044956,0.9720496894409938,143,0,3,11,157,14,8.92,0.24093985381131894,0.0031945819938647853,0.9946207753804969,0.0821532200724311
5555,1,D_raw_focal_W,14,0.09421876399994744,2.0,0.75,0.9808917197452229,1.0,0.7857142857142857,0.9348096885813149,0.9955044955044956,0.9720496894409938,143,0,3,11,157,14,8.92,0.24093985381131894,0.0031945819938647853,0.9946207753804969,0.0821532200724311
5555,1,E_all_ce_noW,15,0.12483426200003578,2.0,0.75,0.9745222929936306,1.0,0.7142857142857143,0.9097701149425288,0.9980019980019981,0.9841269841269841,143,0,4,10,157,14,8.92,0.2445975040230215,4.364564597308809e-08,0.9999987914659101,0.06702465828324772
5555,1,F_all_ce_W,15,0.1501141279999274,2.0,0.75,0.9808917197452229,1.0,0.7857142857142857,0.9348096885813149,0.996003996003996,0.974025974025974,143,0,3,11,157,14,8.92,0.2549348311277734,1.1362303992864588e-07,0.9999996692414715,0.07458421207841767
5555,1,G_all_focal_noW,15,0.0980254569999488,2.0,0.75,0.9872611464968153,1.0,0.8571428571428571,0.9580662393162394,0.994005994005994,0.9670329670329669,143,0,2,12,157,14,8.92,0.24381494501316672,0.003020117400027193,0.9957850437362521,0.08496811777034083
5555,1,H_all_focal_W,15,0.09818826299999728,2.0,0.75,0.9872611464968153,1.0,0.8571428571428571,0.9580662393162394,0.994005994005994,0.9670329670329669,143,0,2,12,157,14,8.92,0.24381494501316672,0.003020117400027193,0.9957850437362521,0.08496811777034083
5555,1,LEGACY_A,14,0.1106772230000388,2.0,0.75,0.9872611464968153,1.0,0.8571428571428571,0.9580662393162394,0.9945054945054946,0.9685714285714286,143,0,2,12,157,14,8.92,0.2656295664800736,4.232117584934409e-08,0.9999995550303139,0.07932640023637172
5555,2,A_raw_ce_noW,14,0.10963756000001013,2.0,0.75,0.9872611464968153,0.9285714285714286,0.9285714285714286,0.9607892107892109,0.999000999000999,0.9910714285714286,142,1,1,13,157,14,8.92,0.2848630017086737,7.61018873654807e-08,0.9999995528330291,0.08919159001451202
5555,2,B_raw_ce_W,14,0.11756156000001283,2.0,0.75,0.9872611464968153,0.9285714285714286,0.9285714285714286,0.9607892107892109,0.999000999000999,0.9910714285714286,142,1,1,13,157,14,8.92,0.2849313981633731,1.4482169274311894e-07,0.9999998426881015,0.08920681425257435
5555,2,C_raw_focal_noW,14,0.09680434699998841,2.0,0.75,0.9872611464968153,0.9285714285714286,0.9285714285714286,0.9607892107892109,0.999000999000999,0.9910714285714286,142,1,1,13,157,14,8.92,0.2767078306620355,0.004346099718400162,0.9951098988300993,0.09933089761296528
5555,2,D_raw_focal_W,14,0.09554500800004462,2.0,0.75,0.9872611464968153,0.9285714285714286,0.9285714285714286,0.9607892107892109,0.999000999000999,0.9910714285714286,142,1,1,13,157,14,8.92,0.2767078306620355,0.004346099718400162,0.9951098988300993,0.09933089761296528
5555,2,E_all_ce_noW,15,0.12517547699997067,2.0,0.75,0.9872611464968153,0.9285714285714286,0.9285714285714286,0.9607892107892109,0.9985014985014985,0.9873949579831931,142,1,1,13,157,14,8.92,0.2846727335824865,9.167322748552354e-08,0.9999994130519702,0.08915550428654928
5555,2,F_all_ce_W,15,0.12893256400002429,2.0,0.75,0.9872611464968153,0.9285714285714286,0.9285714285714286,0.9607892107892109,0.9975024975024974,0.981203007518797,142,1,1,13,157,14,8.92,0.2851113942517047,1.702656486657858e-07,0.999999834727503,0.09095172401005246
5555,2,G_all_focal_noW,15,0.0981744370000115,2.0,0.75,0.9872611464968153,0.9285714285714286,0.9285714285714286,0.9607892107892109,0.998001998001998,0.984126984126984,142,1,1,13,157,14,8.92,0.2767943981162997,0.0038777276700934127,0.9938636803891062,0.09959985178080731
5555,2,H_all_focal_W,15,0.0970746269999836,2.0,0.75,0.9872611464968153,0.9285714285714286,0.9285714285714286,0.9607892107892109,0.998001998001998,0.984126984126984,142,1,1,13,157,14,8.92,0.2767943981162997,0.0038777276700934127,0.9938636803891062,0.09959985178080731
5555,2,LEGACY_A,14,0.11490313100000549,2.0,0.75,0.9872611464968153,0.9285714285714286,0.9285714285714286,0.9607892107892109,0.9975024975024974,0.981203007518797,142,1,1,13,157,14,8.92,0.2847652906179834,7.852564217651854e-08,0.9999997126906064,0.08915363370476545
5555,3,A_raw_ce_noW,14,0.10977204699997856,2.0,0.75,0.9872611464968153,1.0,0.8571428571428571,0.9580662393162394,0.997002997002997,0.9740021008403359,143,0,2,12,157,14,8.92,0.265376949051874,3.847525585113878e-08,0.9999975626353168,0.08199038147472058
5555,3,B_raw_ce_W,14,0.11978190399997857,2.0,0.75,0.9808917197452229,0.9230769230769231,0.8571428571428571,0.9392179636082074,0.9980019980019981,0.9815476190476189,142,1,2,12,157,14,8.92,0.2692872428613598,1.247195448609994e-07,0.9999994380766235,0.08485876748101241
5555,3,C_raw_focal_noW,14,0.11483702900000026,2.0,0.75,0.9936305732484076,1.0,0.9285714285714286,0.9797393212027359,1.0,0.9999999999999998,143,0,1,13,157,14,8.92,0.26048257929342084,0.002422666802444273,0.9927956104447506,0.09630760307093186
5555,3,D_raw_focal_W,14,0.09459775900006662,2.0,0.75,0.9936305732484076,1.0,0.9285714285714286,0.9797393212027359,1.0,0.9999999999999998,143,0,1,13,157,14,8.92,0.26048257929342084,0.002422666802444273,0.9927956104447506,0.09630760307093186
5555,3,E_all_ce_noW,15,0.12684104599998136,2.0,0.75,0.9808917197452229,0.9230769230769231,0.8571428571428571,0.9392179636082074,0.999000999000999,0.9901360544217686,142,1,2,12,157,14,8.92,0.272576338286381,4.0790775075706053e-08,0.9999979394459861,0.08540904884651704
5555,3,F_all_ce_W,15,0.14024736999999732,2.0,0.75,0.9808917197452229,0.9230769230769231,0.8571428571428571,0.9392179636082074,0.9985014985014985,0.9859693877551019,142,1,2,12,157,14,8.92,0.2754914489046054,1.400971113973517e-07,0.9999995403940499,0.08824484145803006
5555,3,G_all_focal_noW,15,0.10724290900009237,2.0,0.75,0.9872611464968153,1.0,0.8571428571428571,0.9580662393162394,1.0,0.9999999999999998,143,0,2,12,157,14,8.92,0.2593442139775821,0.0022791467109291655,0.9927497922545089,0.09312726565246227
5555,3,H_all_focal_W,15,0.09811721699998088,2.0,0.75,0.9872611464968153,1.0,0.8571428571428571,0.9580662393162394,1.0,0.9999999999999998,143,0,2,12,157,14,8.92,0.2593442139775821,0.0022791467109291655,0.9927497922545089,0.09312726565246227
5555,3,LEGACY_A,14,0.11356562600008147,2.0,0.75,0.9872611464968153,0.9285714285714286,0.9285714285714286,0.9607892107892109,0.9985014985014985,0.9859693877551019,142,1,1,13,157,14,8.92,0.2784498855440254,3.085330015222501e-08,0.9999995068432911,0.09003444051567171
5555,4,A_raw_ce_noW,14,0.12368513999990682,2.0,0.75,1.0,1.0,1.0,1.0,1.0,0.9999999999999998,143,0,0,14,157,14,8.92,0.2779429146405221,3.7260556050325175e-08,0.9999989064449232,0.08662847876648615
5555,4,B_raw_ce_W,14,0.11909259699996255,2.0,0.75,1.0,1.0,1.0,1.0,1.0,0.9999999999999998,143,0,0,14,157,14,8.92,0.280437772768057,1.476328709052262e-07,0.9999998077672324,0.08810923324037684
5555,4,C_raw_focal_noW,14,0.09584711999991669,2.0,0.75,1.0,1.0,1.0,1.0,1.0,0.9999999999999998,143,0,0,14,157,14,8.92,0.27086467040173023,0.0029750418211607595,0.9945334362722221,0.10184089452386076
5555,4,D_raw_focal_W,14,0.09464161299990792,2.0,0.75,1.0,1.0,1.0,1.0,1.0,0.9999999999999998,143,0,0,14,157,14,8.92,0.27086467040173023,0.0029750418211607595,0.9945334362722221,0.10184089452386076
5555,4,E_all_ce_noW,15,0.13143398900001557,2.0,0.75,0.9936305732484076,1.0,0.9285714285714286,0.9797393212027359,1.0,0.9999999999999999,143,0,1,13,157,14,8.92,0.27524121867128915,3.034839061990841e-08,0.9999987927821518,0.08323566893755907
5555,4,F_all_ce_W,15,0.13058084399995096,2.0,0.75,0.9936305732484076,1.0,0.9285714285714286,0.9797393212027359,1.0,0.9999999999999998,143,0,1,13,157,14,8.92,0.2758037768128528,1.4492646723910555e-07,0.9999997866531001,0.08607242838635694
5555,4,G_all_focal_noW,15,0.10075988300002336,2.0,0.75,0.9936305732484076,1.0,0.9285714285714286,0.9797393212027359,0.999000999000999,0.9910714285714284,143,0,1,13,157,14,8.92,0.2679691275157625,0.0020091247320995144,0.9939263376296956,0.09742910744085782
5555,4,H_all_focal_W,15,0.09768578400007755,2.0,0.75,0.9936305732484076,1.0,0.9285714285714286,0.9797393212027359,0.999000999000999,0.9910714285714284,143,0,1,13,157,14,8.92,0.2679691275157625,0.0020091247320995144,0.9939263376296956,0.09742910744085782
5555,4,LEGACY_A,14,0.1296905899999956,2.0,0.75,1.0,1.0,1.0,1.0,1.0,0.9999999999999998,143,0,0,14,157,14,8.92,0.2829928286452344,2.8753187986017153e-08,0.9999996033100441,0.0886905411951193
5555,5,A_raw_ce_noW,14,0.1120830439999736,2.0,0.75,0.9935897435897436,1.0,0.9230769230769231,0.9782578397212544,1.0,0.9999999999999999,143,0,1,12,156,13,8.33,0.26605040896130056,3.406794454924999e-08,0.9999989279991216,0.0773871306022771
5555,5,B_raw_ce_W,14,0.1223645720000377,2.0,0.75,0.9935897435897436,1.0,0.9230769230769231,0.9782578397212544,0.9994620763851533,0.9945054945054944,143,0,1,12,156,13,8.33,0.2664916585031967,9.746324160468708e-08,0.999999816053252,0.07857636586424367
5555,5,C_raw_focal_noW,14,0.10246124100001452,2.0,0.75,0.9935897435897436,1.0,0.9230769230769231,0.9782578397212544,0.9994620763851533,0.9945054945054943,143,0,1,12,156,13,8.33,0.25610969792965727,0.002487180262744724,0.9920983212433984,0.08841361056354015
5555,5,D_raw_focal_W,14,0.09513561899996148,2.0,0.75,0.9935897435897436,1.0,0.9230769230769231,0.9782578397212544,0.9994620763851533,0.9945054945054943,143,0,1,12,156,13,8.33,0.25610969792965727,0.002487180262744724,0.9920983212433984,0.08841361056354015
5555,5,E_all_ce_noW,15,0.12402132199997595,2.0,0.75,0.9935897435897436,1.0,0.9230769230769231,0.9782578397212544,1.0,1.0,143,0,1,12,156,13,8.33,0.26622766220251565,3.064003685043987e-08,0.9999985613273928,0.07863339206338903
5555,5,F_all_ce_W,15,0.14074104099995566,2.0,0.75,0.9935897435897436,1.0,0.9230769230769231,0.9782578397212544,1.0,0.9999999999999998,143,0,1,12,156,13,8.33,0.26844610138979685,1.1774199347497579e-07,0.999999727561731,0.08205554363615922
5555,5,G_all_focal_noW,15,0.11723311599996578,2.0,0.75,0.9935897435897436,1.0,0.9230769230769231,0.9782578397212544,1.0,0.9999999999999998,143,0,1,12,156,13,8.33,0.2597368548466463,0.0018222732002180604,0.9931651246324982,0.08723402765464268
5555,5,H_all_focal_W,15,0.09880018899991683,2.0,0.75,0.9935897435897436,1.0,0.9230769230769231,0.9782578397212544,1.0,0.9999999999999998,143,0,1,12,156,13,8.33,0.2597368548466463,0.0018222732002180604,0.9931651246324982,0.08723402765464268
5555,5,LEGACY_A,14,0.11275947100000394,2.0,0.75,0.9935897435897436,1.0,0.9230769230769231,0.9782578397212544,1.0,0.9999999999999998,143,0,1,12,156,13,8.33,0.2663268362691146,3.78683295355609e-08,0.999999598232052,0.0772503485175898
5555,6,A_raw_ce_noW,14,0.116905523000014,2.0,0.75,0.9936305732484076,1.0,0.9285714285714286,0.9797393212027359,1.0,0.9999999999999999,143,0,1,13,157,14,8.92,0.2755618319452947,6.531332340361727e-08,0.9999989652177707,0.08460284701377171
5555,6,B_raw_ce_W,14,0.11946249300001455,2.0,0.75,1.0,1.0,1.0,1.0,0.9999999999999999,0.9999999999999999,143,0,0,14,157,14,8.92,0.27883055222754205,1.3335311516927497e-07,0.9999997554443228,0.08693721978234435
5555,6,C_raw_focal_noW,14,0.09628622899992934,2.0,0.75,0.9936305732484076,1.0,0.9285714285714286,0.9797393212027359,1.0,0.9999999999999999,143,0,1,13,157,14,8.92,0.26130406204165446,0.003959131403140315,0.9915333992251602,0.09556753158463521
5555,6,D_raw_focal_W,14,0.09756075600000713,2.0,0.75,0.9936305732484076,1.0,0.9285714285714286,0.9797393212027359,1.0,0.9999999999999999,143,0,1,13,157,14,8.92,0.26130406204165446,0.003959131403140315,0.9915333992251602,0.09556753158463521
5555,6,E_all_ce_noW,15,0.11944605700000466,2.0,0.75,0.9936305732484076,1.0,0.9285714285714286,0.9797393212027359,1.0,0.9999999999999999,143,0,1,13,157,14,8.92,0.27586509674643706,5.4738489349893744e-08,0.9999982696869351,0.0851452885057474
5555,6,F_all_ce_W,15,0.14857662099996105,2.0,0.75,1.0,1.0,1.0,1.0,1.0,0.9999999999999999,143,0,0,14,157,14,8.92,0.28156104854110303,1.5563939537142534e-07,0.9999995676131093,0.08822790484510291
5555,6,G_all_focal_noW,15,0.10257429600005707,2.0,0.75,1.0,1.0,1.0,1.0,1.0,0.9999999999999999,143,0,0,14,157,14,8.92,0.2634033965436548,0.003923194841251246,0.9911629988008128,0.0968053059254552
5555,6,H_all_focal_W,15,0.10730617700005496,2.0,0.75,1.0,1.0,1.0,1.0,1.0,0.9999999999999999,143,0,0,14,157,14,8.92,0.2634033965436548,0.003923194841251246,0.9911629988008128,0.0968053059254552
5555,6,LEGACY_A,14,0.12396278799997162,2.0,0.75,1.0,1.0,1.0,1.0,1.0,0.9999999999999999,143,0,0,14,157,14,8.92,0.27919635435830265,2.993573169359466e-08,0.9999993207227085,0.08719871472258447
5555,7,A_raw_ce_noW,14,0.10920156200006659,2.0,0.75,0.9936305732484076,1.0,0.9285714285714286,0.9797393212027359,1.0,0.9999999999999999,143,0,1,13,157,14,8.92,0.27542478380553065,3.481358542641966e-08,0.9999992628385842,0.08337252766160938
5555,7,B_raw_ce_W,14,0.1091494810000313,2.0,0.75,0.9936305732484076,1.0,0.9285714285714286,0.9797393212027359,0.9980019980019981,0.984126984126984,143,0,1,13,157,14,8.92,0.2754343271767848,9.770143010995693e-08,0.9999997648576386,0.08484400075304759
5555,7,C_raw_focal_noW,14,0.09632384399992588,2.0,0.75,0.9936305732484076,1.0,0.9285714285714286,0.9797393212027359,0.9980019980019981,0.9841269841269841,143,0,1,13,157,14,8.92,0.27124986691037384,0.00247148971327325,0.9941706641669152,0.10084000450162017
5555,7,D_raw_focal_W,14,0.1110858230000531,2.0,0.75,0.9936305732484076,1.0,0.9285714285714286,0.9797393212027359,0.9980019980019981,0.9841269841269841,143,0,1,13,157,14,8.92,0.27124986691037384,0.00247148971327325,0.9941706641669152,0.10084000450162017
5555,7,E_all_ce_noW,15,0.12329811300003257,2.0,0.75,0.9936305732484076,1.0,0.9285714285714286,0.9797393212027359,0.9975024975024975,0.9812030075187969,143,0,1,13,157,14,8.92,0.2752936358041385,3.0358794050299815e-08,0.9999994469818055,0.08412164996248177
5555,7,F_all_ce_W,15,0.148533016999977,2.0,0.75,0.9936305732484076,1.0,0.9285714285714286,0.9797393212027359,0.9975024975024975,0.9812030075187969,143,0,1,13,157,14,8.92,0.27524745427266323,1.4367861508339474e-07,0.9999998347083918,0.08423956710184174
5555,7,G_all_focal_noW,15,0.16753338099999837,2.0,0.75,0.9936305732484076,1.0,0.9285714285714286,0.9797393212027359,0.9985014985014985,0.9873949579831931,143,0,1,13,157,14,8.92,0.27056795194964445,0.0025392733138593477,0.9941950474187443,0.09965581460738498
5555,7,H_all_focal_W,15,0.15352871699997195,2.0,0.75,0.9936305732484076,1.0,0.9285714285714286,0.9797393212027359,0.9985014985014985,0.9873949579831931,143,0,1,13,157,14,8.92,0.27056795194964445,0.0025392733138593477,0.9941950474187443,0.09965581460738498
5555,7,LEGACY_A,14,0.17547358499996335,2.0,0.75,0.9936305732484076,1.0,0.9285714285714286,0.9797393212027359,0.9990009990009989,0.9910714285714285,143,0,1,13,157,14,8.92,0.2755769343562904,3.1779838135260705e-08,0.9999996304463221,0.08478871455287945
5555,8,A_raw_ce_noW,14,0.18671250099998815,2.0,0.75,1.0,1.0,1.0,1.0,1.0,1.0,143,0,0,14,157,14,8.92,0.28422368324597275,3.2552827221126734e-08,0.9999991453218184,0.08896044548044155
5555,8,B_raw_ce_W,14,0.18655393299991374,2.0,0.75,1.0,1.0,1.0,1.0,1.0,1.0,143,0,0,14,157,14,8.92,0.2848160799951131,1.4972854253616652e-07,0.9999997971705527,0.08915114546941358
5555,8,C_raw_focal_noW,14,0.13312419100009265,2.0,0.75,1.0,1.0,1.0,1.0,1.0,1.0,143,0,0,14,157,14,8.92,0.2719930470199406,0.003680353262524347,0.9949413992230399,0.09632974995130404
5555,8,D_raw_focal_W,14,0.13603886500004592,2.0,0.75,1.0,1.0,1.0,1.0,1.0,1.0,143,0,0,14,157,14,8.92,0.2719930470199406,0.003680353262524347,0.9949413992230399,0.09632974995130404
5555,8,E_all_ce_noW,15,0.19646263700008149,2.0,0.75,1.0,1.0,1.0,1.0,1.0,1.0,143,0,0,14,157,14,8.92,0.28255864155922644,3.664790323261713e-08,0.999998979985892,0.08838773274415271
5555,8,F_all_ce_W,15,0.22006743500003267,2.0,0.75,1.0,1.0,1.0,1.0,1.0,1.0,143,0,0,14,157,14,8.92,0.28477104104809603,1.455153915558593e-07,0.999999784482102,0.08934461335173502
5555,8,G_all_focal_noW,15,0.16417094999997062,2.0,0.75,1.0,1.0,1.0,1.0,1.0,1.0,143,0,0,14,157,14,8.92,0.2722916078860643,0.0024482750439748053,0.9948398000681882,0.09470374576034649
5555,8,H_all_focal_W,15,0.14264190200003668,2.0,0.75,1.0,1.0,1.0,1.0,1.0,1.0,143,0,0,14,157,14,8.92,0.2722916078860643,0.0024482750439748053,0.9948398000681882,0.09470374576034649
5555,8,LEGACY_A,14,0.17905043900009332,2.0,0.75,1.0,1.0,1.0,1.0,1.0,1.0,143,0,0,14,157,14,8.92,0.284831744261916,3.161262670719173e-08,0.9999996036666746,0.08946026995949337
5555,9,A_raw_ce_noW,14,0.17649592800000846,2.0,0.75,0.9745222929936306,0.9166666666666666,0.7857142857142857,0.9161324786324787,0.9985014985014984,0.9846415489272631,142,1,3,11,157,14,8.92,0.26566686829708663,3.137092376525863e-08,0.9999993715513215,0.0790105696085735
5555,9,B_raw_ce_W,14,0.19126286699997763,2.0,0.75,0.9745222929936306,0.9166666666666666,0.7857142857142857,0.9161324786324787,0.9985014985014984,0.9846415489272633,142,1,3,11,157,14,8.92,0.2634824157410566,1.2314054630988205e-07,0.999999723160788,0.07856490453024838
5555,9,C_raw_focal_noW,14,0.14634867100005522,2.0,0.75,0.9745222929936306,0.9166666666666666,0.7857142857142857,0.9161324786324787,0.997002997002997,0.9735304378161521,142,1,3,11,157,14,8.92,0.24724268797781257,0.0019886010470292117,0.9947281410711714,0.0876812837820953
5555,9,D_raw_focal_W,14,0.13776930699998502,2.0,0.75,0.9745222929936306,0.9166666666666666,0.7857142857142857,0.9161324786324787,0.997002997002997,0.9735304378161521,142,1,3,11,157,14,8.92,0.24724268797781257,0.0019886010470292117,0.9947281410711714,0.0876812837820953
5555,9,E_all_ce_noW,15,0.1881018620000532,2.0,0.75,0.9745222929936306,0.9166666666666666,0.7857142857142857,0.9161324786324787,0.9980019980019981,0.9804748822605964,142,1,3,11,157,14,8.92,0.2615208383030058,3.212348926712126e-08,0.9999994450698482,0.07553987810669334
5555,9,F_all_ce_W,15,0.20830103799994504,2.0,0.75,0.9745222929936306,0.9166666666666666,0.7857142857142857,0.9161324786324787,0.9980019980019981,0.9804748822605964,142,1,3,11,157,14,8.92,0.2650016619917652,9.737545865961247e-08,0.9999997717858132,0.07847556170802925
5555,9,G_all_focal_noW,15,0.15130836299999828,2.0,0.75,0.9745222929936306,0.9166666666666666,0.7857142857142857,0.9161324786324787,0.996003996003996,0.9679748822605965,142,1,3,11,157,14,8.92,0.24874017661924866,0.0023772306077248285,0.9938810982576077,0.08536238280221708
5555,9,H_all_focal_W,15,0.1655953499999896,2.0,0.75,0.9745222929936306,0.9166666666666666,0.7857142857142857,0.9161324786324787,0.996003996003996,0.9679748822605965,142,1,3,11,157,14,8.92,0.24874017661924866,0.0023772306077248285,0.9938810982576077,0.08536238280221708
5555,9,LEGACY_A,14,0.1811728560001029,2.0,0.75,0.9808917197452229,0.9230769230769231,0.8571428571428571,0.9392179636082074,0.9985014985014984,0.9846415489272631,142,1,2,12,157,14,8.92,0.2690194666675467,3.0466900336320194e-08,0.999999678664605,0.08219800933267027
5555,10,A_raw_ce_noW,14,0.16165052700000615,2.0,0.75,0.9871794871794872,1.0,0.8461538461538461,0.9548611111111112,0.9774072081764389,0.9356782818321279,143,0,2,11,156,13,8.33,0.25594348816445517,5.987391158184369e-08,0.9999992738304266,0.07101477797637996
5555,10,B_raw_ce_W,14,0.14222306900001058,2.0,0.75,0.9871794871794872,1.0,0.8461538461538461,0.9548611111111112,0.9499731038192576,0.9266835728374189,143,0,2,11,156,13,8.33,0.25715370920159913,1.6191726673372505e-07,0.9999998423354113,0.07297875529503489
5555,10,C_raw_focal_noW,14,0.09224737400006688,2.0,0.75,0.9871794871794872,1.0,0.8461538461538461,0.9548611111111112,0.9408284023668639,0.9203523748978295,143,0,2,11,156,13,8.33,0.25038829284842745,0.0032299803799354628,0.9939307890750149,0.08048708298249865
5555,10,D_raw_focal_W,14,0.09596497999996245,2.0,0.75,0.9871794871794872,1.0,0.8461538461538461,0.9548611111111112,0.9408284023668639,0.9203523748978295,143,0,2,11,156,13,8.33,0.25038829284842745,0.0032299803799354628,0.9939307890750149,0.08048708298249865
5555,10,E_all_ce_noW,15,0.13710879799998565,2.0,0.75,0.9871794871794872,1.0,0.8461538461538461,0.9548611111111112,0.9881656804733728,0.9423909423909425,143,0,2,11,156,13,8.33,0.25795027846357854,9.037742303853045e-08,0.9999989691164601,0.07371857693910873
5555,10,F_all_ce_W,15,0.12878635900005975,2.0,0.75,0.9807692307692307,0.9166666666666666,0.8461538461538461,0.9347735191637631,0.9849381387842927,0.9260073260073259,142,1,2,11,156,13,8.33,0.26398341458681496,1.7881625682938868e-07,0.9999998151821461,0.07650525133463261
5555,10,G_all_focal_noW,15,0.09936539299997094,2.0,0.75,0.9807692307692307,0.9166666666666666,0.8461538461538461,0.9347735191637631,0.9644970414201184,0.9139660022012963,142,1,2,11,156,13,8.33,0.25469213684101333,0.0042089576795816186,0.9928981927211651,0.08555711355624841
5555,10,H_all_focal_W,15,0.10296138800003973,2.0,0.75,0.9807692307692307,0.9166666666666666,0.8461538461538461,0.9347735191637631,0.9644970414201184,0.9139660022012963,142,1,2,11,156,13,8.33,0.25469213684101333,0.0042089576795816186,0.9928981927211651,0.08555711355624841
5555,10,LEGACY_A,14,0.10728099799996471,2.0,0.75,0.9871794871794872,1.0,0.8461538461538461,0.9548611111111112,0.9623453469607316,0.9201923076923078,143,0,2,11,156,13,8.33,0.25596105917285483,5.1573586356623935e-08,0.9999995919684206,0.07120276019293595
5555,11,A_raw_ce_noW,14,0.11003632099993865,2.0,0.75,0.9936305732484076,1.0,0.9285714285714286,0.9797393212027359,0.9895104895104895,0.9571428571428571,143,0,1,13,157,14,8.92,0.2726374024883719,4.044393029226607e-08,0.9999988894888134,0.08184891399551783
5555,11,B_raw_ce_W,14,0.12324875499996324,2.0,0.75,0.9936305732484076,1.0,0.9285714285714286,0.9797393212027359,0.9920079920079921,0.9619047619047618,143,0,1,13,157,14,8.92,0.2741385172819075,1.4429375746842823e-07,0.9999995648048521,0.08236466255253402
5555,11,C_raw_focal_noW,14,0.1200164820000964,2.0,0.75,0.9936305732484076,1.0,0.9285714285714286,0.9797393212027359,0.9775224775224776,0.9455205811138014,143,0,1,13,157,14,8.92,0.26705496489970454,0.002708312659273605,0.9943196315957147,0.08970391290788912
5555,11,D_raw_focal_W,14,0.09447810599999684,2.0,0.75,0.9936305732484076,1.0,0.9285714285714286,0.9797393212027359,0.9775224775224776,0.9455205811138014,143,0,1,13,157,14,8.92,0.26705496489970454,0.002708312659273605,0.9943196315957147,0.08970391290788912
5555,11,E_all_ce_noW,15,0.126633360000028,2.0,0.75,0.9936305732484076,1.0,0.9285714285714286,0.9797393212027359,0.9915084915084915,0.9608294930875576,143,0,1,13,157,14,8.92,0.27363994494412236,2.7713317958933504e-08,0.9999986992392738,0.08219196870904423
5555,11,F_all_ce_W,15,0.13578045200006272,2.0,0.75,0.9936305732484076,1.0,0.9285714285714286,0.9797393212027359,0.9950049950049951,0.9702380952380952,143,0,1,13,157,14,8.92,0.27430736267260525,1.4754221677169908e-07,0.999999607098917,0.08241836635237657
5555,11,G_all_focal_noW,15,0.09936996999999792,2.0,0.75,0.9936305732484076,1.0,0.9285714285714286,0.9797393212027359,0.9825174825174825,0.9489795918367347,143,0,1,13,157,14,8.92,0.2671246485978106,0.001885145247281278,0.9936318436578729,0.08809354379561052
5555,11,H_all_focal_W,15,0.09986392700000124,2.0,0.75,0.9936305732484076,1.0,0.9285714285714286,0.9797393212027359,0.9825174825174825,0.9489795918367347,143,0,1,13,157,14,8.92,0.2671246485978106,0.001885145247281278,0.9936318436578729,0.08809354379561052
5555,11,LEGACY_A,14,0.11265494200006287,2.0,0.75,0.9936305732484076,1.0,0.9285714285714286,0.9797393212027359,0.9895104895104895,0.9571428571428572,143,0,1,13,157,14,8.92,0.270332923987165,3.150800545678403e-08,0.9999995118329823,0.08095675182841634
5555,12,A_raw_ce_noW,14,0.1235558900000342,2.0,0.75,0.9936305732484076,1.0,0.9285714285714286,0.9797393212027359,0.9995004995004995,0.9952380952380951,143,0,1,13,157,14,8.92,0.27544598638925144,3.488121139034011e-08,0.9999990806312798,0.08340930129445519
5555,12,B_raw_ce_W,14,0.12356080699998984,2.0,0.75,0.9936305732484076,1.0,0.9285714285714286,0.9797393212027359,0.9995004995004995,0.9952380952380951,143,0,1,13,157,14,8.92,0.27556313795289467,1.3946098836219048e-07,0.9999997093224499,0.085020671195503
5555,12,C_raw_focal_noW,14,0.09585310099998878,2.0,0.75,0.9936305732484076,1.0,0.9285714285714286,0.9797393212027359,1.0,0.9999999999999999,143,0,1,13,157,14,8.92,0.26963800481487366,0.0027442380758208626,0.9948844533300143,0.09586472340888992
5555,12,D_raw_focal_W,14,0.09712282400005279,2.0,0.75,0.9936305732484076,1.0,0.9285714285714286,0.9797393212027359,1.0,0.9999999999999999,143,0,1,13,157,14,8.92,0.26963800481487366,0.0027442380758208626,0.9948844533300143,0.09586472340888992
5555,12,E_all_ce_noW,15,0.12923852999995233,2.0,0.75,1.0,1.0,1.0,1.0,1.0,0.9999999999999999,143,0,0,14,157,14,8.92,0.27927446974078063,3.112443144127896e-08,0.999998846819177,0.0878696974693068
5555,12,F_all_ce_W,15,0.13821014799998466,2.0,0.75,1.0,1.0,1.0,1.0,1.0,0.9999999999999999,143,0,0,14,157,14,8.92,0.2825122427417129,1.3959309297559996e-07,0.999999674146955,0.09055295727302715
5555,12,G_all_focal_noW,15,0.10090972600005443,2.0,0.75,0.9936305732484076,1.0,0.9285714285714286,0.9797393212027359,1.0,0.9999999999999999,143,0,1,13,157,14,8.92,0.27180603644242507,0.0020326278996940397,0.9951452161063755,0.09655644939464503
5555,12,H_all_focal_W,15,0.11203938500000277,2.0,0.75,0.9936305732484076,1.0,0.9285714285714286,0.9797393212027359,1.0,0.9999999999999999,143,0,1,13,157,14,8.92,0.27180603644242507,0.0020326278996940397,0.9951452161063755,0.09655644939464503
5555,12,LEGACY_A,14,0.13245748899998944,2.0,0.75,0.9936305732484076,1.0,0.9285714285714286,0.9797393212027359,0.9995004995004996,0.9952380952380953,143,0,1,13,157,14,8.92,0.2757866728317202,3.53781076957692e-08,0.9999996391595195,0.08500234153650338
5555,13,A_raw_ce_noW,14,0.1145459239999127,2.0,0.75,0.9872611464968153,1.0,0.8571428571428571,0.9580662393162394,0.998001998001998,0.984126984126984,143,0,2,12,157,14,8.92,0.2513843654523953,9.424842426650612e-08,0.9999988807987127,0.07172890694832484
5555,13,B_raw_ce_W,14,0.12011705300005815,2.0,0.75,0.9872611464968153,1.0,0.8571428571428571,0.9580662393162394,0.998001998001998,0.984126984126984,143,0,2,12,157,14,8.92,0.25675817030069803,1.946560775315741e-07,0.9999997615781686,0.07377431737749601
5555,13,C_raw_focal_noW,14,0.0944431049999821,2.0,0.75,0.9872611464968153,1.0,0.8571428571428571,0.9580662393162394,0.9975024975024975,0.9778711484593836,143,0,2,12,157,14,8.92,0.23516139721251683,0.002577444581453887,0.9934914801018992,0.08150031409682666
5555,13,D_raw_focal_W,14,0.09399079799993615,2.0,0.75,0.9872611464968153,1.0,0.8571428571428571,0.9580662393162394,0.9975024975024975,0.9778711484593836,143,0,2,12,157,14,8.92,0.23516139721251683,0.002577444581453887,0.9934914801018992,0.08150031409682666
5555,13,E_all_ce_noW,15,0.11856914399993457,2.0,0.75,0.9872611464968153,1.0,0.8571428571428571,0.9580662393162394,0.998001998001998,0.9841269841269841,143,0,2,12,157,14,8.92,0.25452062462173464,7.045271432617875e-08,0.9999989733627274,0.07306837156341059
5555,13,F_all_ce_W,15,0.1352065029999494,2.0,0.75,0.9872611464968153,1.0,0.8571428571428571,0.9580662393162394,0.998001998001998,0.9841269841269842,143,0,2,12,157,14,8.92,0.25213740734514195,1.9550638845047267e-07,0.99999974758438,0.07276605427116013
5555,13,G_all_focal_noW,15,0.0970519749999994,2.0,0.75,0.9872611464968153,1.0,0.8571428571428571,0.9580662393162394,0.997002997002997,0.9761009667024704,143,0,2,12,157,14,8.92,0.23938689583355777,0.0036054357757180975,0.9933446938710477,0.08380127268986629
5555,13,H_all_focal_W,15,0.1128329880000365,2.0,0.75,0.9872611464968153,1.0,0.8571428571428571,0.9580662393162394,0.997002997002997,0.9761009667024704,143,0,2,12,157,14,8.92,0.23938689583355777,0.0036054357757180975,0.9933446938710477,0.08380127268986629
5555,13,LEGACY_A,14,0.11195592399997167,2.0,0.75,0.9872611464968153,1.0,0.8571428571428571,0.9580662393162394,0.9965034965034965,0.973469387755102,143,0,2,12,157,14,8.92,0.2646559083576838,1.0151108401350954e-07,0.9999995088615318,0.07778164984707535
5555,14,A_raw_ce_noW,14,0.10870421600009195,2.0,0.75,0.9808917197452229,0.8666666666666667,0.9285714285714286,0.9430127041742287,0.9970029970029971,0.9708460307199803,141,2,1,13,157,14,8.92,0.29038618569608754,4.2194572199163695e-08,0.9999992571756815,0.0944719632217172
5555,14,B_raw_ce_W,14,0.11824171700004626,2.0,0.75,0.9808917197452229,0.8666666666666667,0.9285714285714286,0.9430127041742287,0.9975024975024975,0.9767984116723611,141,2,1,13,157,14,8.92,0.29464800383875045,1.333768662002685e-07,0.9999997515147323,0.09834512384466072
5555,14,C_raw_focal_noW,14,0.09682087299995601,2.0,0.75,0.9808917197452229,0.8666666666666667,0.9285714285714286,0.9430127041742287,0.9965034965034966,0.9664242620124974,141,2,1,13,157,14,8.92,0.2778509049967424,0.003000051081647749,0.9944437699645179,0.1052238842321619
5555,14,D_raw_focal_W,14,0.09724704799998563,2.0,0.75,0.9808917197452229,0.8666666666666667,0.9285714285714286,0.9430127041742287,0.9965034965034966,0.9664242620124974,141,2,1,13,157,14,8.92,0.2778509049967424,0.003000051081647749,0.9944437699645179,0.1052238842321619
5555,14,E_all_ce_noW,15,0.12781647299993892,2.0,0.75,0.9745222929936306,0.8571428571428571,0.8571428571428571,0.9215784215784215,0.994005994005994,0.9461271688162444,141,2,2,12,157,14,8.92,0.2848598304469745,4.1723505204305645e-08,0.9999991846209171,0.08970533986805126
5555,14,F_all_ce_W,15,0.14937955299990335,2.0,0.75,0.9745222929936306,0.8571428571428571,0.8571428571428571,0.9215784215784215,0.995004995004995,0.955873374991022,141,2,2,12,157,14,8.92,0.2861597016065052,1.4172256322305565e-07,0.9999998486268593,0.0929795349810567
5555,14,G_all_focal_noW,15,0.09913337099999353,2.0,0.75,0.9745222929936306,0.8571428571428571,0.8571428571428571,0.9215784215784215,0.9940059940059941,0.9461271688162444,141,2,2,12,157,14,8.92,0.27659332159874844,0.003241630529109485,0.9908574616936687,0.1020814996787868
5555,14,H_all_focal_W,15,0.09964339900000141,2.0,0.75,0.9745222929936306,0.8571428571428571,0.8571428571428571,0.9215784215784215,0.9940059940059941,0.9461271688162444,141,2,2,12,157,14,8.92,0.27659332159874844,0.003241630529109485,0.9908574616936687,0.1020814996787868
5555,14,LEGACY_A,14,0.1134917489999907,2.0,0.75,0.9808917197452229,0.8666666666666667,0.9285714285714286,0.9430127041742287,0.9975024975024975,0.9767984116723613,141,2,1,13,157,14,8.92,0.28868406544688097,3.532071678227002e-08,0.9999996689594223,0.09498477169751751
5555,15,A_raw_ce_noW,14,0.1128081370000018,2.0,0.75,1.0,1.0,1.0,1.0,1.0,0.9999999999999998,143,0,0,13,156,13,8.33,0.271936229797604,4.009220775052165e-08,0.9999993140181483,0.08186853710856791
5555,15,B_raw_ce_W,14,0.12439799599997059,2.0,0.75,1.0,1.0,1.0,1.0,1.0,0.9999999999999998,143,0,0,13,156,13,8.33,0.275810819479577,1.4809503782144824e-07,0.9999997992937838,0.08325461351203224
5555,15,C_raw_focal_noW,14,0.09687480900004175,2.0,0.75,1.0,1.0,1.0,1.0,1.0,0.9999999999999998,143,0,0,13,156,13,8.33,0.26463207035938474,0.0029353570770382547,0.9951010598253485,0.0920741550979447
5555,15,D_raw_focal_W,14,0.09260603500001707,2.0,0.75,1.0,1.0,1.0,1.0,1.0,0.9999999999999998,143,0,0,13,156,13,8.33,0.26463207035938474,0.0029353570770382547,0.9951010598253485,0.0920741550979447
5555,15,E_all_ce_noW,15,0.1393215099999452,2.0,0.75,1.0,1.0,1.0,1.0,1.0,0.9999999999999998,143,0,0,13,156,13,8.33,0.2722872587591635,4.610640618132902e-08,0.999999105104267,0.08329810896993849
5555,15,F_all_ce_W,15,0.13429414300003373,2.0,0.75,1.0,1.0,1.0,1.0,1.0,0.9999999999999998,143,0,0,13,156,13,8.33,0.275638516238217,1.324859736205452e-07,0.9999998077861422,0.08439525200372949
5555,15,G_all_focal_noW,15,0.09918443399999433,2.0,0.75,1.0,1.0,1.0,1.0,1.0,0.9999999999999998,143,0,0,13,156,13,8.33,0.2644488355716422,0.0024444554552000793,0.9941957441258608,0.09291070738183187
5555,15,H_all_focal_W,15,0.11428317599995808,2.0,0.75,1.0,1.0,1.0,1.0,1.0,0.9999999999999998,143,0,0,13,156,13,8.33,0.2644488355716422,0.0024444554552000793,0.9941957441258608,0.09291070738183187
5555,15,LEGACY_A,14,0.11612547200002155,2.0,0.75,1.0,1.0,1.0,1.0,1.0,1.0,143,0,0,13,156,13,8.33,0.27634921209059876,3.389133075715088e-08,0.9999996225845141,0.08341276494344756
5555,16,A_raw_ce_noW,14,0.11011705399994298,2.0,0.75,0.9872611464968153,1.0,0.8571428571428571,0.9580662393162394,0.999000999000999,0.9901360544217686,143,0,2,12,157,14,8.92,0.26495946944223236,5.5190401701688796e-08,0.9999994719084309,0.07745932996871692
5555,16,B_raw_ce_W,14,0.12167643700001918,2.0,0.75,0.9808917197452229,0.9230769230769231,0.8571428571428571,0.9392179636082074,0.9990009990009989,0.9901360544217686,142,1,2,12,157,14,8.92,0.26897793992355884,1.5038233110066996e-07,0.9999998066829813,0.08095889049554597
5555,16,C_raw_focal_noW,14,0.1079193519999535,2.0,0.75,0.9872611464968153,1.0,0.8571428571428571,0.9580662393162394,0.9985014985014986,0.985969387755102,143,0,2,12,157,14,8.92,0.2572209646969689,0.003129384624940494,0.9953452531012295,0.08923469210281332
5555,16,D_raw_focal_W,14,0.09615072700000837,2.0,0.75,0.9872611464968153,1.0,0.8571428571428571,0.9580662393162394,0.9985014985014986,0.985969387755102,143,0,2,12,157,14,8.92,0.2572209646969689,0.003129384624940494,0.9953452531012295,0.08923469210281332
5555,16,E_all_ce_noW,15,0.12249492000000828,2.0,0.75,0.9872611464968153,1.0,0.8571428571428571,0.9580662393162394,0.9985014985014985,0.9859693877551019,143,0,2,12,157,14,8.92,0.26442670773275456,4.269940743070839e-08,0.9999995616319212,0.07690975627573375
5555,16,F_all_ce_W,15,0.136393537999993,2.0,0.75,0.9872611464968153,1.0,0.8571428571428571,0.9580662393162394,1.0,0.9999999999999999,143,0,2,12,157,14,8.92,0.26559393487589966,1.4811345774664296e-07,0.9999998392354871,0.07999624713619874
5555,16,G_all_focal_noW,15,0.0991233550000743,2.0,0.75,0.9872611464968153,1.0,0.8571428571428571,0.9580662393162394,0.9995004995004995,0.9952380952380951,143,0,2,12,157,14,8.92,0.25442649841857323,0.002551866932880086,0.994510766868799,0.0899201864071884
5555,16,H_all_focal_W,15,0.11461348600005294,2.0,0.75,0.9872611464968153,1.0,0.8571428571428571,0.9580662393162394,0.9995004995004995,0.9952380952380951,143,0,2,12,157,14,8.92,0.25442649841857323,0.002551866932880086,0.994510766868799,0.0899201864071884
5555,16,LEGACY_A,14,0.11417689000006703,2.0,0.75,0.9872611464968153,1.0,0.8571428571428571,0.9580662393162394,0.9995004995004995,0.9952380952380953,143,0,2,12,157,14,8.92,0.26605141722393816,2.6463593401933916e-08,0.9999996956817732,0.07990134171016418
5555,17,A_raw_ce_noW,14,0.12320638300002429,2.0,0.75,0.9936305732484076,0.9333333333333333,1.0,0.981004234724743,0.9995004995004995,0.9952380952380951,142,1,0,14,157,14,8.92,0.2938070807899385,4.166350885451308e-08,0.9999993075408239,0.0958021817441985
5555,17,B_raw_ce_W,14,0.12231217499993363,2.0,0.75,0.9936305732484076,0.9333333333333333,1.0,0.981004234724743,1.0,1.0,142,1,0,14,157,14,8.92,0.2938836317048575,1.4593268270666818e-07,0.9999997980183261,0.09673513738911602
5555,17,C_raw_focal_noW,14,0.09364014000004772,2.0,0.75,0.9936305732484076,0.9333333333333333,1.0,0.981004234724743,0.9995004995004995,0.9952380952380951,142,1,0,14,157,14,8.92,0.2842716388817349,0.0025431842547201985,0.9941684476156941,0.10517943018001585
5555,17,D_raw_focal_W,14,0.09526734899998246,2.0,0.75,0.9936305732484076,0.9333333333333333,1.0,0.981004234724743,0.9995004995004995,0.9952380952380951,142,1,0,14,157,14,8.92,0.2842716388817349,0.0025431842547201985,0.9941684476156941,0.10517943018001585
5555,17,E_all_ce_noW,15,0.12216262300000835,2.0,0.75,0.9936305732484076,0.9333333333333333,1.0,0.981004234724743,0.999000999000999,0.9901360544217686,142,1,0,14,157,14,8.92,0.29470978730073705,3.453851110476686e-08,0.9999990365888394,0.09812180235789358
5555,17,F_all_ce_W,15,0.1474612969999498,2.0,0.75,0.9872611464968153,0.875,1.0,0.9631455399061033,0.999000999000999,0.9901360544217686,141,2,0,14,157,14,8.92,0.2963093319456429,1.2551940715052895e-07,0.999999805724544,0.09927518056011442
5555,17,G_all_focal_noW,15,0.09642754399999376,2.0,0.75,0.9872611464968153,0.875,1.0,0.9631455399061033,0.9995004995004995,0.9952380952380951,141,2,0,14,157,14,8.92,0.2849626906110132,0.0022585105966391166,0.9937760750526379,0.10667431235323133
5555,17,H_all_focal_W,15,0.09793386900003043,2.0,0.75,0.9872611464968153,0.875,1.0,0.9631455399061033,0.9995004995004995,0.9952380952380951,141,2,0,14,157,14,8.92,0.2849626906110132,0.0022585105966391166,0.9937760750526379,0.10667431235323133
5555,17,LEGACY_A,14,0.13097635299993726,2.0,0.75,0.9936305732484076,0.9333333333333333,1.0,0.981004234724743,1.0,0.9999999999999999,142,1,0,14,157,14,8.92,0.2934342910549611,3.365306344732206e-08,0.9999996332952222,0.09575868722559804
5555,18,A_raw_ce_noW,14,0.1096829580000076,2.0,0.75,0.9936305732484076,1.0,0.9285714285714286,0.9797393212027359,0.9995004995004995,0.9952380952380953,143,0,1,13,157,14,8.92,0.2754266584038156,4.554711279755165e-08,0.9999990519741567,0.08298202125370865
5555,18,B_raw_ce_W,14,0.19312140099998487,2.0,0.75,0.9936305732484076,1.0,0.9285714285714286,0.9797393212027359,0.9990009990009989,0.9910714285714286,143,0,1,13,157,14,8.92,0.2754930285280689,1.486186756396776e-07,0.9999997406512122,0.08374490600365213
5555,18,C_raw_focal_noW,14,0.15620634099991548,2.0,0.75,0.9936305732484076,1.0,0.9285714285714286,0.9797393212027359,0.9995004995004995,0.9952380952380953,143,0,1,13,157,14,8.92,0.2681638084935254,0.00413521457325272,0.9944724897787262,0.09756343718799539
5555,18,D_raw_focal_W,14,0.13965285899996616,2.0,0.75,0.9936305732484076,1.0,0.9285714285714286,0.9797393212027359,0.9995004995004995,0.9952380952380953,143,0,1,13,157,14,8.92,0.2681638084935254,0.00413521457325272,0.9944724897787262,0.09756343718799539
5555,18,E_all_ce_noW,15,0.20549885499997345,2.0,0.75,0.9872611464968153,1.0,0.8571428571428571,0.9580662393162394,0.9995004995004995,0.9952380952380953,143,0,2,12,157,14,8.92,0.26564739166141177,2.6981405989580627e-08,0.9999992765108389,0.07958914219011194
5555,18,F_all_ce_W,15,0.21890185400002338,2.0,0.75,0.9872611464968153,1.0,0.8571428571428571,0.9580662393162394,0.999000999000999,0.9910714285714286,143,0,2,12,157,14,8.92,0.2669379623428509,1.4530223276023648e-07,0.99999969948937,0.08280000199736559
5555,18,G_all_focal_noW,15,0.1421395659999689,2.0,0.75,0.9808917197452229,0.9230769230769231,0.8571428571428571,0.9392179636082074,0.999000999000999,0.9901360544217688,142,1,2,12,157,14,8.92,0.2662950657033867,0.00250917260194661,0.993747764967347,0.09653213264912326
5555,18,H_all_focal_W,15,0.14839933200005362,2.0,0.75,0.9808917197452229,0.9230769230769231,0.8571428571428571,0.9392179636082074,0.999000999000999,0.9901360544217688,142,1,2,12,157,14,8.92,0.2662950657033867,0.00250917260194661,0.993747764967347,0.09653213264912326
5555,18,LEGACY_A,14,0.1700829410000324,2.0,0.75,0.9936305732484076,1.0,0.9285714285714286,0.9797393212027359,0.9985014985014984,0.9873949579831932,143,0,1,13,157,14,8.92,0.2754336067085796,3.639241666106019e-08,0.9999995619969781,0.08348001144763359
5555,19,A_raw_ce_noW,14,0.17330628100000922,2.0,0.75,0.9872611464968153,1.0,0.8571428571428571,0.9580662393162394,0.9875124875124875,0.9542124542124542,143,0,2,12,157,14,8.92,0.2649617966953958,8.674954912635324e-08,0.999999262498059,0.07625218923752441
5555,19,B_raw_ce_W,14,0.18614132100003644,2.0,0.75,0.9872611464968153,1.0,0.8571428571428571,0.9580662393162394,0.9290709290709291,0.9255411255411253,143,0,2,12,157,14,8.92,0.2651036395876818,1.8360220628103525e-07,0.9999997857743338,0.07628958207272368
5555,19,C_raw_focal_noW,14,0.16933128000005127,2.0,0.75,0.9872611464968153,1.0,0.8571428571428571,0.9580662393162394,0.945054945054945,0.9200980392156861,143,0,2,12,157,14,8.92,0.25529690860009835,0.004415388421746656,0.9927716265887141,0.08605068974917435
5555,19,D_raw_focal_W,14,0.15094549799994184,2.0,0.75,0.9872611464968153,1.0,0.8571428571428571,0.9580662393162394,0.945054945054945,0.9200980392156861,143,0,2,12,157,14,8.92,0.25529690860009835,0.004415388421746656,0.9927716265887141,0.08605068974917435
5555,19,E_all_ce_noW,15,0.18186818599997423,2.0,0.75,0.9872611464968153,1.0,0.8571428571428571,0.9580662393162394,0.993006993006993,0.9642857142857142,143,0,2,12,157,14,8.92,0.2647547011663449,9.47215903692716e-08,0.9999993724665891,0.07618702268261368
5555,19,F_all_ce_W,15,0.20783936200007247,2.0,0.75,0.9872611464968153,1.0,0.8571428571428571,0.9580662393162394,0.9925074925074926,0.9517647058823528,143,0,2,12,157,14,8.92,0.26338300025228334,1.7145025820782342e-07,0.9999998199168112,0.07575451342770714
5555,19,G_all_focal_noW,15,0.14141350500005956,2.0,0.75,0.9872611464968153,1.0,0.8571428571428571,0.9580662393162394,0.9835164835164835,0.9350205198358412,143,0,2,12,157,14,8.92,0.25436432741522197,0.003874482781412414,0.9928291160933042,0.08459286462241333
5555,19,H_all_focal_W,15,0.13347086600003877,2.0,0.75,0.9872611464968153,1.0,0.8571428571428571,0.9580662393162394,0.9835164835164835,0.9350205198358412,143,0,2,12,157,14,8.92,0.25436432741522197,0.003874482781412414,0.9928291160933042,0.08459286462241333
5555,19,LEGACY_A,14,0.16132110300009117,2.0,0.75,0.9872611464968153,1.0,0.8571428571428571,0.9580662393162394,0.9535464535464535,0.9214734437464305,143,0,2,12,157,14,8.92,0.26543474518102117,5.33826847928428e-08,0.9999996464702707,0.07643849210132893
5555,20,A_raw_ce_noW,14,0.15959198300004118,2.0,0.75,0.9935897435897436,1.0,0.9230769230769231,0.9782578397212544,1.0,1.0,143,0,1,12,156,13,8.33,0.26786330689392596,3.907926037861769e-08,0.9999984601602784,0.07980761485946813
5555,20,B_raw_ce_W,14,0.19616119599993453,2.0,0.75,1.0,1.0,1.0,1.0,1.0,0.9999999999999999,143,0,0,13,156,13,8.33,0.27331476156066814,1.2142044539564902e-07,0.9999997543279993,0.08246115371552214
5555,20,C_raw_focal_noW,14,0.1674339470000632,2.0,0.75,1.0,1.0,1.0,1.0,1.0,0.9999999999999998,143,0,0,13,156,13,8.33,0.2630941006206589,0.002424337695483145,0.9940050834110187,0.09169039365222156
5555,20,D_raw_focal_W,14,0.13817168000002766,2.0,0.75,1.0,1.0,1.0,1.0,1.0,0.9999999999999998,143,0,0,13,156,13,8.33,0.2630941006206589,0.002424337695483145,0.9940050834110187,0.09169039365222156
5555,20,E_all_ce_noW,15,0.21267115400007697,2.0,0.75,1.0,1.0,1.0,1.0,1.0,1.0,143,0,0,13,156,13,8.33,0.2735609214190774,3.572816224052453e-08,0.9999983259384887,0.08255620819082496
5555,20,F_all_ce_W,15,0.21608573999992586,2.0,0.75,1.0,1.0,1.0,1.0,1.0,1.0,143,0,0,13,156,13,8.33,0.2750091047775829,9.847605605073991e-08,0.999999686213135,0.08324036222014858
5555,20,G_all_focal_noW,15,0.10964429800003472,2.0,0.75,1.0,1.0,1.0,1.0,1.0,1.0,143,0,0,13,156,13,8.33,0.264193867030687,0.0029323104715280337,0.9930353628902361,0.0907134848949517
5555,20,H_all_focal_W,15,0.10011348500006534,2.0,0.75,1.0,1.0,1.0,1.0,1.0,1.0,143,0,0,13,156,13,8.33,0.264193867030687,0.0029323104715280337,0.9930353628902361,0.0907134848949517
5555,20,LEGACY_A,14,0.13212719099999504,2.0,0.75,1.0,1.0,1.0,1.0,1.0,0.9999999999999999,143,0,0,13,156,13,8.33,0.26937672817180497,2.8303712106827498e-08,0.9999995462393606,0.08073675509189039
5555,21,A_raw_ce_noW,14,0.1097050800000261,2.0,0.75,0.9872611464968153,1.0,0.8571428571428571,0.9580662393162394,0.9985014985014985,0.9873949579831932,143,0,2,12,157,14,8.92,0.25890710047656484,9.678968517356594e-08,0.9999983642505081,0.07475536988395613
5555,21,B_raw_ce_W,14,0.11791708199996265,2.0,0.75,0.9936305732484076,1.0,0.9285714285714286,0.9797393212027359,0.999000999000999,0.9910714285714286,143,0,1,13,157,14,8.92,0.2657223553644426,1.5185201726137e-07,0.999999747222408,0.08058142796071004
5555,21,C_raw_focal_noW,14,0.09451942999999119,2.0,0.75,0.9872611464968153,1.0,0.8571428571428571,0.9580662393162394,0.997002997002997,0.9761009667024703,143,0,2,12,157,14,8.92,0.24935697518993383,0.003009097860498444,0.9927470273890692,0.08878231871970042
5555,21,D_raw_focal_W,14,0.09359666199998173,2.0,0.75,0.9872611464968153,1.0,0.8571428571428571,0.9580662393162394,0.997002997002997,0.9761009667024703,143,0,2,12,157,14,8.92,0.24935697518993383,0.003009097860498444,0.9927470273890692,0.08878231871970042
5555,21,E_all_ce_noW,15,0.11700001899998824,2.0,0.75,0.9872611464968153,1.0,0.8571428571428571,0.9580662393162394,0.9980019980019981,0.984126984126984,143,0,2,12,157,14,8.92,0.26160484184287014,5.8250457127351297e-08,0.9999984106893237,0.07637561975025155
5555,21,F_all_ce_W,15,0.13012188200002583,2.0,0.75,0.9872611464968153,1.0,0.8571428571428571,0.9580662393162394,0.9975024975024975,0.981203007518797,143,0,2,12,157,14,8.92,0.2661423845523654,1.5590098116451518e-07,0.9999997463372323,0.0795439013873002
5555,21,G_all_focal_noW,15,0.10361012500004563,2.0,0.75,0.9872611464968153,1.0,0.8571428571428571,0.9580662393162394,0.9975024975024975,0.9812030075187969,143,0,2,12,157,14,8.92,0.24901481775488526,0.003435883405753793,0.9915730309045079,0.08879071953678257
5555,21,H_all_focal_W,15,0.09483290200000738,2.0,0.75,0.9872611464968153,1.0,0.8571428571428571,0.9580662393162394,0.9975024975024975,0.9812030075187969,143,0,2,12,157,14,8.92,0.24901481775488526,0.003435883405753793,0.9915730309045079,0.08879071953678257
5555,21,LEGACY_A,14,0.1138032699999485,2.0,0.75,0.9936305732484076,1.0,0.9285714285714286,0.9797393212027359,0.9965034965034966,0.976190476190476,143,0,1,13,157,14,8.92,0.2654455879227552,5.125467051591952e-08,0.9999995797661173,0.08036102266022974
5555,22,A_raw_ce_noW,14,0.11590390600008504,2.0,0.75,0.9936305732484076,1.0,0.9285714285714286,0.9797393212027359,0.9999999999999999,1.0,143,0,1,13,157,14,8.92,0.2748264331048144,3.1116156801869e-08,0.9999987032294954,0.08311141108693651
5555,22,B_raw_ce_W,14,0.1289196490000677,2.0,0.75,0.9936305732484076,1.0,0.9285714285714286,0.9797393212027359,1.0,1.0,143,0,1,13,157,14,8.92,0.2758748445934513,7.60491970724787e-08,0.9999995729641961,0.08483797031837145
5555,22,C_raw_focal_noW,14,0.10629293799991046,2.0,0.75,0.9936305732484076,1.0,0.9285714285714286,0.9797393212027359,1.0,0.9999999999999999,143,0,1,13,157,14,8.92,0.2663894857851868,0.002640768600441148,0.9950692251134243,0.09368321548920573
5555,22,D_raw_focal_W,14,0.09589457300000959,2.0,0.75,0.9936305732484076,1.0,0.9285714285714286,0.9797393212027359,1.0,0.9999999999999999,143,0,1,13,157,14,8.92,0.2663894857851868,0.002640768600441148,0.9950692251134243,0.09368321548920573
5555,22,E_all_ce_noW,15,0.1356006940000043,2.0,0.75,0.9936305732484076,1.0,0.9285714285714286,0.9797393212027359,1.0,0.9999999999999999,143,0,1,13,157,14,8.92,0.27178567562179906,2.9482216791350823e-08,0.9999990487819457,0.08368086848528844
5555,22,F_all_ce_W,15,0.16335316300001068,2.0,0.75,1.0,1.0,1.0,1.0,1.0,0.9999999999999999,143,0,0,14,157,14,8.92,0.27904143077875376,1.4976698341825241e-07,0.9999996596694204,0.08718873712733398
5555,22,G_all_focal_noW,15,0.11017035199995462,2.0,0.75,0.9936305732484076,1.0,0.9285714285714286,0.9797393212027359,1.0,1.0,143,0,1,13,157,14,8.92,0.26908527763897566,0.0017206837712781986,0.9943719334941861,0.09493482876659845
5555,22,H_all_focal_W,15,0.10452909599996474,2.0,0.75,0.9936305732484076,1.0,0.9285714285714286,0.9797393212027359,1.0,1.0,143,0,1,13,157,14,8.92,0.26908527763897566,0.0017206837712781986,0.9943719334941861,0.09493482876659845
5555,22,LEGACY_A,14,0.11727256699998634,2.0,0.75,0.9936305732484076,1.0,0.9285714285714286,0.9797393212027359,1.0,0.9999999999999999,143,0,1,13,157,14,8.92,0.2748207640183955,2.5297262367442008e-08,0.9999994994508984,0.08301988242422087
5555,23,A_raw_ce_noW,14,0.11115306800002145,2.0,0.75,0.9872611464968153,0.9285714285714286,0.9285714285714286,0.9607892107892109,0.9995004995004995,0.995238095238095,142,1,1,13,157,14,8.92,0.28485609414589336,3.733579311002766e-08,0.9999994759057478,0.090297624762191
5555,23,B_raw_ce_W,14,0.12287228100001357,2.0,0.75,0.9872611464968153,0.9285714285714286,0.9285714285714286,0.9607892107892109,0.999000999000999,0.9901360544217687,142,1,1,13,157,14,8.92,0.2847154749948132,1.2404294763826544e-07,0.9999998053653926,0.09009502951107703
5555,23,C_raw_focal_noW,14,0.10518858600005387,2.0,0.75,0.9872611464968153,0.9285714285714286,0.9285714285714286,0.9607892107892109,0.999000999000999,0.9901360544217686,142,1,1,13,157,14,8.92,0.27354212943668044,0.0023074658128779024,0.9948555954788889,0.09967447645638558
5555,23,D_raw_focal_W,14,0.11057305099996029,2.0,0.75,0.9872611464968153,0.9285714285714286,0.9285714285714286,0.9607892107892109,0.999000999000999,0.9901360544217686,142,1,1,13,157,14,8.92,0.27354212943668044,0.0023074658128779024,0.9948555954788889,0.09967447645638558
5555,23,E_all_ce_noW,15,0.12826974999995855,2.0,0.75,0.9872611464968153,0.9285714285714286,0.9285714285714286,0.9607892107892109,0.9980019980019981,0.9786891679748821,142,1,1,13,157,14,8.92,0.2846264584905716,3.329473837290155e-08,0.9999995831579677,0.08941710146335458
5555,23,F_all_ce_W,15,0.13929150899991782,2.0,0.75,0.9872611464968153,0.9285714285714286,0.9285714285714286,0.9607892107892109,0.9980019980019981,0.9786891679748821,142,1,1,13,157,14,8.92,0.2848391872847223,1.403123483400914e-07,0.9999998298040419,0.08987499824484267
5555,23,G_all_focal_noW,15,0.0968254160000015,2.0,0.75,0.9872611464968153,0.9285714285714286,0.9285714285714286,0.9607892107892109,0.9990009990009989,0.9910714285714286,142,1,1,13,157,14,8.92,0.2742397034238113,0.0027345468199321374,0.9938079494927848,0.10105730104948572
5555,23,H_all_focal_W,15,0.10456545199997436,2.0,0.75,0.9872611464968153,0.9285714285714286,0.9285714285714286,0.9607892107892109,0.9990009990009989,0.9910714285714286,142,1,1,13,157,14,8.92,0.2742397034238113,0.0027345468199321374,0.9938079494927848,0.10105730104948572
5555,23,LEGACY_A,14,0.1152723299999252,2.0,0.75,0.9872611464968153,0.9285714285714286,0.9285714285714286,0.9607892107892109,0.999000999000999,0.9901360544217686,142,1,1,13,157,14,8.92,0.2844755460720472,2.7092614179457445e-08,0.9999996811313183,0.0892876143362044
5555,24,A_raw_ce_noW,14,0.11470545800000309,2.0,0.75,1.0,1.0,1.0,1.0,1.0,0.9999999999999999,143,0,0,14,157,14,8.92,0.28489335807439553,2.8304764636428513e-08,0.9999992021107129,0.08916829866333835
5555,24,B_raw_ce_W,14,0.14509432200009087,2.0,0.75,1.0,1.0,1.0,1.0,1.0,1.0,143,0,0,14,157,14,8.92,0.28494528508523803,1.489054535348362e-07,0.9999997506676652,0.08924873320209831
5555,24,C_raw_focal_noW,14,0.09868437299996913,2.0,0.75,1.0,1.0,1.0,1.0,1.0,0.9999999999999999,143,0,0,14,157,14,8.92,0.27404002276462613,0.0022578683056339367,0.9946126880488687,0.09737511454739974
5555,24,D_raw_focal_W,14,0.09690445999990516,2.0,0.75,1.0,1.0,1.0,1.0,1.0,0.9999999999999999,143,0,0,14,157,14,8.92,0.27404002276462613,0.0022578683056339367,0.9946126880488687,0.09737511454739974
5555,24,E_all_ce_noW,15,0.1253687359999276,2.0,0.75,0.9936305732484076,1.0,0.9285714285714286,0.9797393212027359,1.0,0.9999999999999999,143,0,1,13,157,14,8.92,0.2755999245471539,3.35296244561523e-08,0.9999993787130602,0.08425597191312952
5555,24,F_all_ce_W,15,0.13831661100005022,2.0,0.75,1.0,1.0,1.0,1.0,1.0,0.9999999999999999,143,0,0,14,157,14,8.92,0.27756362808317553,1.492904964495927e-07,0.9999998166199996,0.08653373485200577
5555,24,G_all_focal_noW,15,0.09994153100001313,2.0,0.75,0.9872611464968153,0.9285714285714286,0.9285714285714286,0.9607892107892109,0.9995004995004995,0.9952380952380953,142,1,1,13,157,14,8.92,0.26972705754419724,0.0023108033527789265,0.9944394796823187,0.09456700885125598
5555,24,H_all_focal_W,15,0.09921762799990574,2.0,0.75,0.9872611464968153,0.9285714285714286,0.9285714285714286,0.9607892107892109,0.9995004995004995,0.9952380952380953,142,1,1,13,157,14,8.92,0.26972705754419724,0.0023108033527789265,0.9944394796823187,0.09456700885125598
5555,24,LEGACY_A,14,0.11751242200000434,2.0,0.75,1.0,1.0,1.0,1.0,1.0,0.9999999999999999,143,0,0,14,157,14,8.92,0.2849599517517693,3.150850034635983e-08,0.9999996163024085,0.08919058503246484
5555,25,A_raw_ce_noW,14,0.1094924810000748,2.0,0.75,0.9935897435897436,1.0,0.9230769230769231,0.9782578397212544,0.9897794513179128,0.9543269230769229,143,0,1,12,156,13,8.33,0.2558926527808319,4.0702817229877603e-08,0.9999990761753429,0.07352219215846834
5555,25,B_raw_ce_W,14,0.11538732400003937,2.0,0.75,0.9935897435897436,1.0,0.9230769230769231,0.9782578397212544,0.984400215169446,0.9468864468864469,143,0,1,12,156,13,8.33,0.26054988546281066,9.006307003958637e-08,0.9999997099981033,0.07553212410003673
5555,25,C_raw_focal_noW,14,0.09106513899996571,2.0,0.75,0.9935897435897436,1.0,0.9230769230769231,0.9782578397212544,0.9865519096288328,0.9493927125506072,143,0,1,12,156,13,8.33,0.25460369466798544,0.003990124798994447,0.9943768555821171,0.08790527605159143
5555,25,D_raw_focal_W,14,0.09117999399995824,2.0,0.75,0.9935897435897436,1.0,0.9230769230769231,0.9782578397212544,0.9865519096288328,0.9493927125506072,143,0,1,12,156,13,8.33,0.25460369466798544,0.003990124798994447,0.9943768555821171,0.08790527605159143
5555,25,E_all_ce_noW,15,0.11696114900007615,2.0,0.75,0.9935897435897436,1.0,0.9230769230769231,0.9782578397212544,0.9908552985476062,0.9564102564102563,143,0,1,12,156,13,8.33,0.256040202957096,4.550886997206829e-08,0.9999989209069775,0.0738173833786373
5555,25,F_all_ce_W,15,0.12974940600008722,2.0,0.75,0.9935897435897436,1.0,0.9230769230769231,0.9782578397212544,0.9876277568585261,0.9508547008547008,143,0,1,12,156,13,8.33,0.26446118388596024,1.1986017350757661e-07,0.9999997780107484,0.07777643775155348
5555,25,G_all_focal_noW,15,0.0980953649999492,2.0,0.75,0.9935897435897436,1.0,0.9230769230769231,0.9782578397212544,0.9892415277030662,0.9533799533799534,143,0,1,12,156,13,8.33,0.25142995337445195,0.003463742625812647,0.9940592220945997,0.08704027921538335
5555,25,H_all_focal_W,15,0.09587540400002581,2.0,0.75,0.9935897435897436,1.0,0.9230769230769231,0.9782578397212544,0.9892415277030662,0.9533799533799534,143,0,1,12,156,13,8.33,0.25142995337445195,0.003463742625812647,0.9940592220945997,0.08704027921538335
5555,25,LEGACY_A,14,0.11977877899994382,2.0,0.75,0.9935897435897436,1.0,0.9230769230769231,0.9782578397212544,0.9784830554061323,0.9419448476052248,143,0,1,12,156,13,8.33,0.2588160971790349,5.148443717646144e-08,0.9999995204472177,0.07625852333646613
7777,1,A_raw_ce_noW,14,0.10936904999994113,2.0,0.75,0.9872611464968153,0.9285714285714286,0.9285714285714286,0.9607892107892109,0.9995004995004995,0.9952380952380953,142,1,1,13,157,14,8.92,0.2847581954239912,4.940891632868389e-08,0.9999982690120901,0.09059369113924508
7777,1,B_raw_ce_W,14,0.11837166899999829,2.0,0.75,0.9872611464968153,0.9285714285714286,0.9285714285714286,0.9607892107892109,0.9990009990009989,0.9910714285714285,142,1,1,13,157,14,8.92,0.28584478878264247,1.5217134558586664e-07,0.9999997162716331,0.0949600668795893
7777,1,C_raw_focal_noW,14,0.0955104739999797,2.0,0.75,0.9808917197452229,0.8666666666666667,0.9285714285714286,0.9430127041742287,0.998001998001998,0.9841269841269841,141,2,1,13,157,14,8.92,0.27741966579842925,0.0029835409418987897,0.9927023532007161,0.11189158030494181
7777,1,D_raw_focal_W,14,0.10391080199997305,2.0,0.75,0.9808917197452229,0.8666666666666667,0.9285714285714286,0.9430127041742287,0.998001998001998,0.9841269841269841,141,2,1,13,157,14,8.92,0.27741966579842925,0.0029835409418987897,0.9927023532007161,0.11189158030494181
7777,1,E_all_ce_noW,15,0.1332026779999751,2.0,0.75,0.9872611464968153,0.9285714285714286,0.9285714285714286,0.9607892107892109,0.9995004995004995,0.9952380952380951,142,1,1,13,157,14,8.92,0.2787736909695634,3.604090264929382e-08,0.9999983702742569,0.08772807253302621
7777,1,F_all_ce_W,15,0.13843916300004366,2.0,0.75,0.9872611464968153,0.9285714285714286,0.9285714285714286,0.9607892107892109,0.9995004995004995,0.9952380952380951,142,1,1,13,157,14,8.92,0.28497145844091176,1.480250295366269e-07,0.9999997650023865,0.09199170997368816
7777,1,G_all_focal_noW,15,0.1088036319999901,2.0,0.75,0.9872611464968153,0.9285714285714286,0.9285714285714286,0.9607892107892109,0.9995004995004995,0.9952380952380951,142,1,1,13,157,14,8.92,0.27377600150844505,0.0021543112137695796,0.990701358881086,0.10252216572144938
7777,1,H_all_focal_W,15,0.10233596799992029,2.0,0.75,0.9872611464968153,0.9285714285714286,0.9285714285714286,0.9607892107892109,0.9995004995004995,0.9952380952380951,142,1,1,13,157,14,8.92,0.27377600150844505,0.0021543112137695796,0.990701358881086,0.10252216572144938
7777,1,LEGACY_A,14,0.11439161199996306,2.0,0.75,0.9872611464968153,0.9285714285714286,0.9285714285714286,0.9607892107892109,0.9995004995004995,0.9952380952380951,142,1,1,13,157,14,8.92,0.2817666194840769,3.3232980216996193e-08,0.9999996251670769,0.08996884462264788
7777,2,A_raw_ce_noW,14,0.11306411800001115,2.0,0.75,0.9872611464968153,0.9285714285714286,0.9285714285714286,0.9607892107892109,0.999000999000999,0.9901360544217686,142,1,1,13,157,14,8.92,0.28426212930309347,3.2094565725727077e-08,0.9999991573382845,0.0895621787474049
7777,2,B_raw_ce_W,14,0.12163832499993532,2.0,0.75,0.9872611464968153,0.9285714285714286,0.9285714285714286,0.9607892107892109,0.9990009990009989,0.9901360544217687,142,1,1,13,157,14,8.92,0.28363927724630705,6.903853268440067e-08,0.9999998440552441,0.08995034965647791
7777,2,C_raw_focal_noW,14,0.0980304109999679,2.0,0.75,0.9872611464968153,0.9285714285714286,0.9285714285714286,0.9607892107892109,0.999000999000999,0.9901360544217686,142,1,1,13,157,14,8.92,0.2711667247813958,0.0026340018522916903,0.9941201097877267,0.09768566070210163
7777,2,D_raw_focal_W,14,0.09429693300000963,2.0,0.75,0.9872611464968153,0.9285714285714286,0.9285714285714286,0.9607892107892109,0.999000999000999,0.9901360544217686,142,1,1,13,157,14,8.92,0.2711667247813958,0.0026340018522916903,0.9941201097877267,0.09768566070210163
7777,2,E_all_ce_noW,15,0.15070129000002908,2.0,0.75,0.9872611464968153,0.9285714285714286,0.9285714285714286,0.9607892107892109,0.9985014985014985,0.9859693877551019,142,1,1,13,157,14,8.92,0.2859489491376056,2.990841864917834e-08,0.999999185103632,0.09342518928159976
7777,2,F_all_ce_W,15,0.13777987600008146,2.0,0.75,0.9872611464968153,0.875,1.0,0.9631455399061033,0.999000999000999,0.9910714285714284,141,2,0,14,157,14,8.92,0.29308279942368803,1.392029247572498e-07,0.9999997720541196,0.09821920203978939
7777,2,G_all_focal_noW,15,0.10229218400002082,2.0,0.75,0.9872611464968153,0.9285714285714286,0.9285714285714286,0.9607892107892109,0.999000999000999,0.9910714285714284,142,1,1,13,157,14,8.92,0.2758914111963634,0.002085907278536951,0.9942241399983132,0.10045041122641601
7777,2,H_all_focal_W,15,0.1020289780000212,2.0,0.75,0.9872611464968153,0.9285714285714286,0.9285714285714286,0.9607892107892109,0.999000999000999,0.9910714285714284,142,1,1,13,157,14,8.92,0.2758914111963634,0.002085907278536951,0.9942241399983132,0.10045041122641601
7777,2,LEGACY_A,14,0.11502404700001989,2.0,0.75,0.9872611464968153,0.9285714285714286,0.9285714285714286,0.9607892107892109,0.9985014985014985,0.9859693877551019,142,1,1,13,157,14,8.92,0.2853419425806986,3.204959290715285e-08,0.9999996579698565,0.0918507706080704
7777,3,A_raw_ce_noW,14,0.10852658400006021,2.0,0.75,0.9936305732484076,1.0,0.9285714285714286,0.9797393212027359,0.9825174825174825,0.9489795918367347,143,0,1,13,157,14,8.92,0.274918252284849,3.0945042174638424e-08,0.9999991091330817,0.08262890166805527
7777,3,B_raw_ce_W,14,0.12575542600006884,2.0,0.75,0.9936305732484076,1.0,0.9285714285714286,0.9797393212027359,0.9775224775224776,0.9455205811138014,143,0,1,13,157,14,8.92,0.27535556445022946,1.3746640064160474e-07,0.999999782195616,0.08276938665646033
7777,3,C_raw_focal_noW,14,0.11288113299997349,2.0,0.75,0.9936305732484076,1.0,0.9285714285714286,0.9797393212027359,0.9765234765234765,0.9449648711943794,143,0,1,13,157,14,8.92,0.2599400044390574,0.0027151270064638133,0.9928486125073122,0.08605182222463266
7777,3,D_raw_focal_W,14,0.09978452899997592,2.0,0.75,0.9936305732484076,1.0,0.9285714285714286,0.9797393212027359,0.9765234765234765,0.9449648711943794,143,0,1,13,157,14,8.92,0.2599400044390574,0.0027151270064638133,0.9928486125073122,0.08605182222463266
7777,3,E_all_ce_noW,15,0.11622915199995987,2.0,0.75,0.9872611464968153,1.0,0.8571428571428571,0.9580662393162394,0.9865134865134866,0.9529616724738675,143,0,2,12,157,14,8.92,0.2649726061192427,3.100666576749372e-08,0.9999990608441158,0.07686475362543266
7777,3,F_all_ce_W,15,0.17564522600002874,2.0,0.75,0.9936305732484076,1.0,0.9285714285714286,0.9797393212027359,0.9845154845154845,0.9507936507936507,143,0,1,13,157,14,8.92,0.2684501306498711,1.0560191798184908e-07,0.9999998335844201,0.08020716879728114
7777,3,G_all_focal_noW,15,0.15466681500004142,2.0,0.75,0.9872611464968153,1.0,0.8571428571428571,0.9580662393162394,0.9785214785214785,0.9461152882205512,143,0,2,12,157,14,8.92,0.25375344783972886,0.0024037959432466286,0.9921881310832734,0.08294171167834309
7777,3,H_all_focal_W,15,0.15812664400004905,2.0,0.75,0.9872611464968153,1.0,0.8571428571428571,0.9580662393162394,0.9785214785214785,0.9461152882205512,143,0,2,12,157,14,8.92,0.25375344783972886,0.0024037959432466286,0.9921881310832734,0.08294171167834309
7777,3,LEGACY_A,14,0.17426372600004925,2.0,0.75,0.9936305732484076,1.0,0.9285714285714286,0.9797393212027359,0.9675324675324675,0.9412296564195298,143,0,1,13,157,14,8.92,0.2755719571205365,3.811288209957142e-08,0.9999995681025893,0.08280589373711528
7777,4,A_raw_ce_noW,14,0.16460506900000382,2.0,0.75,0.9872611464968153,1.0,0.8571428571428571,0.9580662393162394,0.999000999000999,0.9901360544217687,143,0,2,12,157,14,8.92,0.2655781069112317,8.135411096821602e-08,0.9999992771606918,0.07668587278532016
7777,4,B_raw_ce_W,14,0.17156182599990188,2.0,0.75,0.9872611464968153,1.0,0.8571428571428571,0.9580662393162394,0.9980019980019981,0.9822929171668666,143,0,2,12,157,14,8.92,0.2655447984371575,1.9741352667413118e-07,0.9999998240907059,0.07754663951683458
7777,4,C_raw_focal_noW,14,0.13111418899995897,2.0,0.75,0.9872611464968153,1.0,0.8571428571428571,0.9580662393162394,0.9975024975024975,0.9778711484593836,143,0,2,12,157,14,8.92,0.2568095116094804,0.0032513618773305376,0.9931932542666597,0.09030343364531548
7777,4,D_raw_focal_W,14,0.1316794449999179,2.0,0.75,0.9872611464968153,1.0,0.8571428571428571,0.9580662393162394,0.9975024975024975,0.9778711484593836,143,0,2,12,157,14,8.92,0.2568095116094804,0.0032513618773305376,0.9931932542666597,0.09030343364531548
7777,4,E_all_ce_noW,15,0.17894907800007331,2.0,0.75,0.9872611464968153,1.0,0.8571428571428571,0.9580662393162394,0.9985014985014985,0.985969387755102,143,0,2,12,157,14,8.92,0.26553513619557784,7.833171284963373e-08,0.9999993360992034,0.07705773231049225
7777,4,F_all_ce_W,15,0.2179072129999895,2.0,0.75,0.9808917197452229,0.9230769230769231,0.8571428571428571,0.9392179636082074,0.9975024975024974,0.9790249433106575,142,1,2,12,157,14,8.92,0.2677893219359133,2.256864633496906e-07,0.999999826758526,0.07986920050787127
7777,4,G_all_focal_noW,15,0.14699945099994238,2.0,0.75,0.9872611464968153,1.0,0.8571428571428571,0.9580662393162394,0.9980019980019981,0.981547619047619,143,0,2,12,157,14,8.92,0.2566980660396124,0.003387463603432731,0.992176456947482,0.08962829648845777
7777,4,H_all_focal_W,15,0.15067554699999164,2.0,0.75,0.9872611464968153,1.0,0.8571428571428571,0.9580662393162394,0.9980019980019981,0.981547619047619,143,0,2,12,157,14,8.92,0.2566980660396124,0.003387463603432731,0.992176456947482,0.08962829648845777
7777,4,LEGACY_A,14,0.171186347999992,2.0,0.75,0.9808917197452229,0.9230769230769231,0.8571428571428571,0.9392179636082074,0.997002997002997,0.9761009667024703,142,1,2,12,157,14,8.92,0.2705142836133399,6.763790094308611e-08,0.99999966220168,0.0820647798099645
7777,5,A_raw_ce_noW,14,0.17819473700001254,2.0,0.75,0.9871794871794872,1.0,0.8461538461538461,0.9548611111111112,0.9994620763851533,0.9945054945054943,143,0,2,11,156,13,8.33,0.25649499989917485,4.5232538290352826e-08,0.9999980042045991,0.07247263784198449
7777,5,B_raw_ce_W,14,0.1830974749999541,2.0,0.75,0.9935897435897436,1.0,0.9230769230769231,0.9782578397212544,0.9994620763851533,0.9945054945054943,143,0,1,12,156,13,8.33,0.26363893160006224,1.3109722209926637e-07,0.9999996204968274,0.07720061806443741
7777,5,C_raw_focal_noW,14,0.14454731699993317,2.0,0.75,0.9935897435897436,1.0,0.9230769230769231,0.9782578397212544,0.9994620763851533,0.9945054945054943,143,0,1,12,156,13,8.33,0.25389770143595103,0.0028429159321179697,0.99352839473365,0.08837243257704575
7777,5,D_raw_focal_W,14,0.13657969700000194,2.0,0.75,0.9935897435897436,1.0,0.9230769230769231,0.9782578397212544,0.9994620763851533,0.9945054945054943,143,0,1,12,156,13,8.33,0.25389770143595103,0.0028429159321179697,0.99352839473365,0.08837243257704575
7777,5,E_all_ce_noW,15,0.1790579969999726,2.0,0.75,0.9871794871794872,1.0,0.8461538461538461,0.9548611111111112,0.9994620763851533,0.9945054945054943,143,0,2,11,156,13,8.33,0.25633950550488016,4.526321321968271e-08,0.999998007251444,0.07245800842227226
7777,5,F_all_ce_W,15,0.21981793500003732,2.0,0.75,0.9871794871794872,1.0,0.8461538461538461,0.9548611111111112,0.9994620763851533,0.9945054945054943,143,0,2,11,156,13,8.33,0.25737212466550463,8.008903037274396e-08,0.9999994874162111,0.07369763825091169
7777,5,G_all_focal_noW,15,0.16940809499999432,2.0,0.75,0.9935897435897436,1.0,0.9230769230769231,0.9782578397212544,0.9994620763851534,0.9945054945054943,143,0,1,12,156,13,8.33,0.2527395799361023,0.0029947166031507474,0.9925672788354573,0.08713410992873782
7777,5,H_all_focal_W,15,0.1472174550000318,2.0,0.75,0.9935897435897436,1.0,0.9230769230769231,0.9782578397212544,0.9994620763851534,0.9945054945054943,143,0,1,12,156,13,8.33,0.2527395799361023,0.0029947166031507474,0.9925672788354573,0.08713410992873782
7777,5,LEGACY_A,14,0.18014884700005496,2.0,0.75,0.9935897435897436,1.0,0.9230769230769231,0.9782578397212544,0.9994620763851533,0.9945054945054943,143,0,1,12,156,13,8.33,0.25847008772815167,3.241485370914295e-08,0.9999995752010223,0.0748200225417391
7777,6,A_raw_ce_noW,14,0.17999759299993912,2.0,0.75,0.9936305732484076,1.0,0.9285714285714286,0.9797393212027359,1.0,0.9999999999999998,143,0,1,13,157,14,8.92,0.2751502828856288,4.1071223568869974e-08,0.9999982841186129,0.08355684033939574
7777,6,B_raw_ce_W,14,0.1373229190000984,2.0,0.75,0.9936305732484076,1.0,0.9285714285714286,0.9797393212027359,1.0,1.0,143,0,1,13,157,14,8.92,0.2763065008559173,1.3730949113234086e-07,0.9999997414717452,0.08553257862856017
7777,6,C_raw_focal_noW,14,0.09714930699999513,2.0,0.75,0.9936305732484076,1.0,0.9285714285714286,0.9797393212027359,1.0,0.9999999999999998,143,0,1,13,157,14,8.92,0.2628522783436573,0.00270582171235921,0.990210859437627,0.096709021784272
7777,6,D_raw_focal_W,14,0.10949483000001692,2.0,0.75,0.9936305732484076,1.0,0.9285714285714286,0.9797393212027359,1.0,0.9999999999999998,143,0,1,13,157,14,8.92,0.2628522783436573,0.00270582171235921,0.990210859437627,0.096709021784272
7777,6,E_all_ce_noW,15,0.12456018099999255,2.0,0.75,0.9872611464968153,1.0,0.8571428571428571,0.9580662393162394,1.0,0.9999999999999999,143,0,2,12,157,14,8.92,0.2654527547639897,3.113005219116376e-08,0.9999992582954312,0.0777728786523932
7777,6,F_all_ce_W,15,0.13663533300007202,2.0,0.75,0.9872611464968153,1.0,0.8571428571428571,0.9580662393162394,1.0,1.0,143,0,2,12,157,14,8.92,0.2660773502757829,1.4284560546811406e-07,0.9999998018566973,0.07949028500467904
7777,6,G_all_focal_noW,15,0.10499365100008617,2.0,0.75,0.9872611464968153,1.0,0.8571428571428571,0.9580662393162394,1.0,0.9999999999999998,143,0,2,12,157,14,8.92,0.2559777920911778,0.002047873646775697,0.9924236445590635,0.08850995319650024
7777,6,H_all_focal_W,15,0.10999735000007149,2.0,0.75,0.9872611464968153,1.0,0.8571428571428571,0.9580662393162394,1.0,0.9999999999999998,143,0,2,12,157,14,8.92,0.2559777920911778,0.002047873646775697,0.9924236445590635,0.08850995319650024
7777,6,LEGACY_A,14,0.11492343000008987,2.0,0.75,0.9936305732484076,1.0,0.9285714285714286,0.9797393212027359,1.0,0.9999999999999998,143,0,1,13,157,14,8.92,0.2750165855368952,4.023769485327906e-08,0.9999995306718199,0.08337461802653649
7777,7,A_raw_ce_noW,14,0.1078708600000482,2.0,0.75,0.9936305732484076,1.0,0.9285714285714286,0.9797393212027359,1.0,0.9999999999999998,143,0,1,13,157,14,8.92,0.27031178989845234,6.203103422599752e-08,0.9999994676996034,0.08096611522013566
7777,7,B_raw_ce_W,14,0.13290898699995068,2.0,0.75,0.9936305732484076,1.0,0.9285714285714286,0.9797393212027359,0.9995004995004995,0.995238095238095,143,0,1,13,157,14,8.92,0.2681830312353451,1.3374860638672032e-07,0.9999998322507636,0.07995022429729803
7777,7,C_raw_focal_noW,14,0.09593891500003338,2.0,0.75,0.9936305732484076,1.0,0.9285714285714286,0.9797393212027359,0.9995004995004995,0.995238095238095,143,0,1,13,157,14,8.92,0.2628417361136331,0.0034467786886321476,0.9953325638336493,0.09074350059465654
7777,7,D_raw_focal_W,14,0.09596598099994935,2.0,0.75,0.9936305732484076,1.0,0.9285714285714286,0.9797393212027359,0.9995004995004995,0.995238095238095,143,0,1,13,157,14,8.92,0.2628417361136331,0.0034467786886321476,0.9953325638336493,0.09074350059465654
7777,7,E_all_ce_noW,15,0.1193712140000116,2.0,0.75,0.9936305732484076,1.0,0.9285714285714286,0.9797393212027359,1.0,0.9999999999999998,143,0,1,13,157,14,8.92,0.26866506611512003,7.924043287697727e-08,0.9999992293889414,0.08016911360657174
7777,7,F_all_ce_W,15,0.14028534400006265,2.0,0.75,0.9936305732484076,1.0,0.9285714285714286,0.9797393212027359,0.998001998001998,0.984126984126984,143,0,1,13,157,14,8.92,0.2739617677378598,1.7911711106498813e-07,0.9999998188677768,0.08234933516803083
7777,7,G_all_focal_noW,15,0.09975766399998065,2.0,0.75,0.9936305732484076,1.0,0.9285714285714286,0.9797393212027359,1.0,0.9999999999999998,143,0,1,13,157,14,8.92,0.2611582979062304,0.002735427109809698,0.9956896506009824,0.09101743074725258
7777,7,H_all_focal_W,15,0.09849657099994147,2.0,0.75,0.9936305732484076,1.0,0.9285714285714286,0.9797393212027359,1.0,0.9999999999999998,143,0,1,13,157,14,8.92,0.2611582979062304,0.002735427109809698,0.9956896506009824,0.09101743074725258
7777,7,LEGACY_A,14,0.11335275099997943,2.0,0.75,0.9936305732484076,1.0,0.9285714285714286,0.9797393212027359,0.9995004995004995,0.995238095238095,143,0,1,13,157,14,8.92,0.27519107228619244,3.9722707467797934e-08,0.9999996654629839,0.08273345207842281
7777,8,A_raw_ce_noW,14,0.11408068900004764,2.0,0.75,0.9936305732484076,1.0,0.9285714285714286,0.9797393212027359,0.9990009990009989,0.9910714285714285,143,0,1,13,157,14,8.92,0.27549586347925714,3.6285663106317954e-08,0.9999989356187367,0.0829067758834593
7777,8,B_raw_ce_W,14,0.12536419399998522,2.0,0.75,0.9936305732484076,1.0,0.9285714285714286,0.9797393212027359,1.0,0.9999999999999999,143,0,1,13,157,14,8.92,0.27544132027076496,1.4812236636962666e-07,0.9999997496279246,0.08312377432470534
7777,8,C_raw_focal_noW,14,0.09995816100001775,2.0,0.75,0.9936305732484076,1.0,0.9285714285714286,0.9797393212027359,1.0,0.9999999999999999,143,0,1,13,157,14,8.92,0.26713187981184805,0.0021016445463221092,0.9950284930243286,0.09571110275080119
7777,8,D_raw_focal_W,14,0.10558242499996595,2.0,0.75,0.9936305732484076,1.0,0.9285714285714286,0.9797393212027359,1.0,0.9999999999999999,143,0,1,13,157,14,8.92,0.26713187981184805,0.0021016445463221092,0.9950284930243286,0.09571110275080119
7777,8,E_all_ce_noW,15,0.12664566099999774,2.0,0.75,0.9936305732484076,1.0,0.9285714285714286,0.9797393212027359,1.0,1.0,143,0,1,13,157,14,8.92,0.27536505027327995,3.491050877487585e-08,0.9999990984992955,0.08310987858868847
7777,8,F_all_ce_W,15,0.14002863799998977,2.0,0.75,0.9936305732484076,1.0,0.9285714285714286,0.9797393212027359,0.999000999000999,0.9910714285714286,143,0,1,13,157,14,8.92,0.2755324074665858,1.2260219783623675e-07,0.9999997138773896,0.08437931890871632
7777,8,G_all_focal_noW,15,0.1017912920000299,2.0,0.75,0.9936305732484076,1.0,0.9285714285714286,0.9797393212027359,0.9995004995004995,0.9952380952380953,143,0,1,13,157,14,8.92,0.26855893755990445,0.002003113457004317,0.9951014412268323,0.09796622715414671
7777,8,H_all_focal_W,15,0.12095034300000407,2.0,0.75,0.9936305732484076,1.0,0.9285714285714286,0.9797393212027359,0.9995004995004995,0.9952380952380953,143,0,1,13,157,14,8.92,0.26855893755990445,0.002003113457004317,0.9951014412268323,0.09796622715414671
7777,8,LEGACY_A,14,0.1160529559999759,2.0,0.75,0.9936305732484076,1.0,0.9285714285714286,0.9797393212027359,0.9995004995004995,0.9952380952380951,143,0,1,13,157,14,8.92,0.27546259295757786,2.9446898766795428e-08,0.999999644872491,0.08325943427977008
7777,9,A_raw_ce_noW,14,0.11401812599990535,2.0,0.75,1.0,1.0,1.0,1.0,1.0,0.9999999999999999,143,0,0,14,157,14,8.92,0.2847944771326684,4.570112543976458e-08,0.9999993063914566,0.08956873819841984
7777,9,B_raw_ce_W,14,0.12187956800005395,2.0,0.75,1.0,1.0,1.0,1.0,1.0,0.9999999999999999,143,0,0,14,157,14,8.92,0.2847967393011554,1.4946970722775546e-07,0.9999997937121986,0.08999781389292778
7777,9,C_raw_focal_noW,14,0.09738274300002558,2.0,0.75,1.0,1.0,1.0,1.0,1.0,0.9999999999999999,143,0,0,14,157,14,8.92,0.2760069531486497,0.003648977320848025,0.9946063778075857,0.10212502888516989
7777,9,D_raw_focal_W,14,0.09604184400006943,2.0,0.75,1.0,1.0,1.0,1.0,1.0,0.9999999999999999,143,0,0,14,157,14,8.92,0.2760069531486497,0.003648977320848025,0.9946063778075857,0.10212502888516989
7777,9,E_all_ce_noW,15,0.12062642199998663,2.0,0.75,1.0,1.0,1.0,1.0,1.0,0.9999999999999999,143,0,0,14,157,14,8.92,0.2837801502899793,3.968193185934256e-08,0.9999994341496445,0.0890197290436116
7777,9,F_all_ce_W,15,0.150727882999945,2.0,0.75,1.0,1.0,1.0,1.0,1.0,0.9999999999999999,143,0,0,14,157,14,8.92,0.2856056490046296,1.448199521147622e-07,0.9999998255945233,0.09209052629635121
7777,9,G_all_focal_noW,15,0.10163201600005323,2.0,0.75,1.0,1.0,1.0,1.0,1.0,0.9999999999999999,143,0,0,14,157,14,8.92,0.2750503812629947,0.004644506135344022,0.994101825113993,0.10214078562227223
7777,9,H_all_focal_W,15,0.10165726100001393,2.0,0.75,1.0,1.0,1.0,1.0,1.0,0.9999999999999999,143,0,0,14,157,14,8.92,0.2750503812629947,0.004644506135344022,0.994101825113993,0.10214078562227223
7777,9,LEGACY_A,14,0.12863785700005792,2.0,0.75,0.9872611464968153,0.875,1.0,0.9631455399061033,1.0,0.9999999999999999,141,2,0,14,157,14,8.92,0.28927196200769845,4.343350446445021e-08,0.9999996577502325,0.0964394602693095
7777,10,A_raw_ce_noW,14,0.11219064399995204,2.0,0.75,0.9807692307692307,0.9166666666666666,0.8461538461538461,0.9347735191637631,0.9908552985476062,0.951642521934299,142,1,2,11,156,13,8.33,0.26624308181832756,3.133232830989535e-08,0.9999990917643524,0.07871226974503283
7777,10,B_raw_ce_W,14,0.12315687399996023,2.0,0.75,0.9807692307692307,0.9166666666666666,0.8461538461538461,0.9347735191637631,0.9870898332436795,0.9449375410913872,142,1,2,11,156,13,8.33,0.2662544722756394,1.075746243936129e-07,0.9999996657554446,0.07863560964557299
7777,10,C_raw_focal_noW,14,0.09880654400001276,2.0,0.75,0.9807692307692307,0.9166666666666666,0.8461538461538461,0.9347735191637631,0.9903173749327596,0.9504930966469427,142,1,2,11,156,13,8.33,0.2555145518230846,0.002859014255963942,0.9943542992534955,0.0859692988487716
7777,10,D_raw_focal_W,14,0.09356241800003318,2.0,0.75,0.9807692307692307,0.9166666666666666,0.8461538461538461,0.9347735191637631,0.9903173749327596,0.9504930966469427,142,1,2,11,156,13,8.33,0.2555145518230846,0.002859014255963942,0.9943542992534955,0.0859692988487716
7777,10,E_all_ce_noW,15,0.1355674710000585,2.0,0.75,0.9807692307692307,0.9166666666666666,0.8461538461538461,0.9347735191637631,0.9935449166218396,0.958826429980276,142,1,2,11,156,13,8.33,0.26453859161768917,2.7668572970797914e-08,0.9999991375903953,0.07848445748865347
7777,10,F_all_ce_W,15,0.13630697700000383,2.0,0.75,0.9807692307692307,0.9166666666666666,0.8461538461538461,0.9347735191637631,0.9870898332436794,0.9393209354747816,142,1,2,11,156,13,8.33,0.262407377028123,8.863467261254338e-08,0.9999997256708151,0.07706746647616394
7777,10,G_all_focal_noW,15,0.10861007400001199,2.0,0.75,0.9871794871794872,0.9230769230769231,0.9230769230769231,0.9580419580419581,0.9833243679397525,0.9345590307128768,142,1,1,12,156,13,8.33,0.2548783361331974,0.0025904962930212534,0.9928515532889878,0.08519560539947374
7777,10,H_all_focal_W,15,0.09893120999993243,2.0,0.75,0.9871794871794872,0.9230769230769231,0.9230769230769231,0.9580419580419581,0.9833243679397525,0.9345590307128768,142,1,1,12,156,13,8.33,0.2548783361331974,0.0025904962930212534,0.9928515532889878,0.08519560539947374
7777,10,LEGACY_A,14,0.11488739300000361,2.0,0.75,0.9807692307692307,0.9166666666666666,0.8461538461538461,0.9347735191637631,0.9849381387842926,0.9421597633136094,142,1,2,11,156,13,8.33,0.2663986106313075,2.8277264501732936e-08,0.999999653608255,0.0792097290166052
7777,11,A_raw_ce_noW,14,0.10721262499998829,2.0,0.75,0.9872611464968153,1.0,0.8571428571428571,0.9580662393162394,0.9975024975024975,0.9778711484593836,143,0,2,12,157,14,8.92,0.2666044677356975,1.0795890278600029e-07,0.9999991033080848,0.08015182266886924
7777,11,B_raw_ce_W,14,0.12114252300000317,2.0,0.75,0.9808917197452229,0.9230769230769231,0.8571428571428571,0.9392179636082074,0.9975024975024975,0.9778711484593836,142,1,2,12,157,14,8.92,0.27328411095710964,1.4038056665364834e-07,0.9999998308963345,0.08612821616277473
7777,11,C_raw_focal_noW,14,0.1046763550000378,2.0,0.75,0.9872611464968153,1.0,0.8571428571428571,0.9580662393162394,0.9985014985014985,0.9873949579831932,143,0,2,12,157,14,8.92,0.2541770595418665,0.0037794404697284604,0.9929651007028307,0.0905906513650208
7777,11,D_raw_focal_W,14,0.09470647899991036,2.0,0.75,0.9872611464968153,1.0,0.8571428571428571,0.9580662393162394,0.9985014985014985,0.9873949579831932,143,0,2,12,157,14,8.92,0.2541770595418665,0.0037794404697284604,0.9929651007028307,0.0905906513650208
7777,11,E_all_ce_noW,15,0.12158364799995525,2.0,0.75,0.9808917197452229,0.9230769230769231,0.8571428571428571,0.9392179636082074,0.998001998001998,0.9822929171668666,142,1,2,12,157,14,8.92,0.2731099403596142,1.0016335484451045e-07,0.9999991446577081,0.08289331595711907
7777,11,F_all_ce_W,15,0.1325741040000139,2.0,0.75,0.9808917197452229,0.9230769230769231,0.8571428571428571,0.9392179636082074,0.998001998001998,0.9822929171668666,142,1,2,12,157,14,8.92,0.26838677823983337,2.0558518771742824e-07,0.9999998133959054,0.08204458917019064
7777,11,G_all_focal_noW,15,0.10646843799997896,2.0,0.75,0.9808917197452229,0.9230769230769231,0.8571428571428571,0.9392179636082074,0.9980019980019981,0.9822929171668666,142,1,2,12,157,14,8.92,0.2559505997152994,0.004330035480046936,0.9919516547623749,0.09157150777756193
7777,11,H_all_focal_W,15,0.09994557400000303,2.0,0.75,0.9808917197452229,0.9230769230769231,0.8571428571428571,0.9392179636082074,0.9980019980019981,0.9822929171668666,142,1,2,12,157,14,8.92,0.2559505997152994,0.004330035480046936,0.9919516547623749,0.09157150777756193
7777,11,LEGACY_A,14,0.1110858009999447,2.0,0.75,0.9936305732484076,1.0,0.9285714285714286,0.9797393212027359,0.998001998001998,0.9841269841269841,143,0,1,13,157,14,8.92,0.2713907375266197,7.457396563277129e-08,0.9999996254795763,0.08498544357037002
7777,12,A_raw_ce_noW,14,0.12912837099997887,2.0,0.75,0.9936305732484076,1.0,0.9285714285714286,0.9797393212027359,0.9925074925074925,0.9630541871921181,143,0,1,13,157,14,8.92,0.275208696357586,2.9476001443687987e-08,0.999998936185018,0.08383633520873968
7777,12,B_raw_ce_W,14,0.12235663499996008,2.0,0.75,0.9936305732484076,1.0,0.9285714285714286,0.9797393212027359,0.989010989010989,0.9563492063492063,143,0,1,13,157,14,8.92,0.2767994345802496,1.194644761521798e-07,0.9999996613372261,0.08575720845800637
7777,12,C_raw_focal_noW,14,0.10603896200007057,2.0,0.75,0.9936305732484076,1.0,0.9285714285714286,0.9797393212027359,0.986013986013986,0.9523809523809523,143,0,1,13,157,14,8.92,0.2657286185921311,0.002637263827962618,0.9933491756860265,0.08903598822962837
7777,12,D_raw_focal_W,14,0.09383342699993591,2.0,0.75,0.9936305732484076,1.0,0.9285714285714286,0.9797393212027359,0.986013986013986,0.9523809523809523,143,0,1,13,157,14,8.92,0.2657286185921311,0.002637263827962618,0.9933491756860265,0.08903598822962837
7777,12,E_all_ce_noW,15,0.12430324199999632,2.0,0.75,0.9872611464968153,1.0,0.8571428571428571,0.9580662393162394,0.9935064935064934,0.9656084656084656,143,0,2,12,157,14,8.92,0.2655180733102338,2.904682990545646e-08,0.9999994027850917,0.07815278638394542
7777,12,F_all_ce_W,15,0.13773231499999383,2.0,0.75,0.9872611464968153,1.0,0.8571428571428571,0.9580662393162394,0.9915084915084915,0.9608294930875575,143,0,2,12,157,14,8.92,0.2659458318216989,1.2127430015045095e-07,0.99999975071806,0.07896865753708561
7777,12,G_all_focal_noW,15,0.09961667199991098,2.0,0.75,0.9872611464968153,1.0,0.8571428571428571,0.9580662393162394,0.989010989010989,0.9563492063492063,143,0,2,12,157,14,8.92,0.25693588930927314,0.003018470491060983,0.992039458757857,0.08660313223799292
7777,12,H_all_focal_W,15,0.10494585900005404,2.0,0.75,0.9872611464968153,1.0,0.8571428571428571,0.9580662393162394,0.989010989010989,0.9563492063492063,143,0,2,12,157,14,8.92,0.25693588930927314,0.003018470491060983,0.992039458757857,0.08660313223799292
7777,12,LEGACY_A,14,0.13395216699996126,2.0,0.75,0.9936305732484076,1.0,0.9285714285714286,0.9797393212027359,0.9750249750249751,0.9441964285714285,143,0,1,13,157,14,8.92,0.27552440916295545,3.0072206954278104e-08,0.9999995507801567,0.08400090432224297
7777,13,A_raw_ce_noW,14,0.10862247700003991,2.0,0.75,1.0,1.0,1.0,1.0,1.0,1.0,143,0,0,14,157,14,8.92,0.28494769052874297,3.6387767719218736e-08,0.9999988895809684,0.08927475262149966
7777,13,B_raw_ce_W,14,0.12133966099997906,2.0,0.75,1.0,1.0,1.0,1.0,1.0,1.0,143,0,0,14,157,14,8.92,0.28487040884038584,1.5072253158015554e-07,0.9999996696731698,0.08959656782792297
7777,13,C_raw_focal_noW,14,0.1011673720000772,2.0,0.75,1.0,1.0,1.0,1.0,1.0,1.0,143,0,0,14,157,14,8.92,0.2770841703993651,0.003165279436513994,0.994087582592351,0.10163784069388404
7777,13,D_raw_focal_W,14,0.09800325900005191,2.0,0.75,1.0,1.0,1.0,1.0,1.0,1.0,143,0,0,14,157,14,8.92,0.2770841703993651,0.003165279436513994,0.994087582592351,0.10163784069388404
7777,13,E_all_ce_noW,15,0.1254147820000071,2.0,0.75,1.0,1.0,1.0,1.0,1.0,0.9999999999999999,143,0,0,14,157,14,8.92,0.2849558569632997,3.247629616626005e-08,0.9999991978850656,0.08918643626178394
7777,13,F_all_ce_W,15,0.13943917000005968,2.0,0.75,1.0,1.0,1.0,1.0,1.0,0.9999999999999999,143,0,0,14,157,14,8.92,0.2849631722068896,1.3166006759259995e-07,0.999999653465742,0.08925382553417961
7777,13,G_all_focal_noW,15,0.12436225200008266,2.0,0.75,1.0,1.0,1.0,1.0,1.0,1.0,143,0,0,14,157,14,8.92,0.27750139793906387,0.0028871329188031613,0.9937631057389633,0.10029284041559607
7777,13,H_all_focal_W,15,0.11129032300004837,2.0,0.75,1.0,1.0,1.0,1.0,1.0,1.0,143,0,0,14,157,14,8.92,0.27750139793906387,0.0028871329188031613,0.9937631057389633,0.10029284041559607
7777,13,LEGACY_A,14,0.11946953999995458,2.0,0.75,1.0,1.0,1.0,1.0,1.0,1.0,143,0,0,14,157,14,8.92,0.28486326100175435,2.686648619725104e-08,0.9999994106422073,0.0899416417921621
7777,14,A_raw_ce_noW,14,0.17263890599997467,2.0,0.75,0.9808917197452229,0.9230769230769231,0.8571428571428571,0.9392179636082074,0.9985014985014985,0.9846415489272632,142,1,2,12,157,14,8.92,0.27064001168432356,6.507284835079088e-08,0.9999986567384833,0.08162741450521974
7777,14,B_raw_ce_W,14,0.18165940899996258,2.0,0.75,0.9808917197452229,0.9230769230769231,0.8571428571428571,0.9392179636082074,0.998001998001998,0.9804748822605964,142,1,2,12,157,14,8.92,0.2752236726572035,1.0327005364796098e-07,0.9999997512739841,0.08425117228015815
7777,14,C_raw_focal_noW,14,0.14115569899990987,2.0,0.75,0.9745222929936306,0.9166666666666666,0.7857142857142857,0.9161324786324787,0.9985014985014984,0.9846415489272632,142,1,3,11,157,14,8.92,0.25899473505466736,0.004121056500562328,0.9924152495650712,0.09690484249927676
7777,14,D_raw_focal_W,14,0.163348649999989,2.0,0.75,0.9745222929936306,0.9166666666666666,0.7857142857142857,0.9161324786324787,0.9985014985014984,0.9846415489272632,142,1,3,11,157,14,8.92,0.25899473505466736,0.004121056500562328,0.9924152495650712,0.09690484249927676
7777,14,E_all_ce_noW,15,0.19006533100002798,2.0,0.75,0.9936305732484076,0.9333333333333333,1.0,0.981004234724743,0.9985014985014986,0.9846415489272631,142,1,0,14,157,14,8.92,0.28267467815098274,3.970756765705295e-08,0.9999986106340292,0.09320639116900652
7777,14,F_all_ce_W,15,0.19963963800000784,2.0,0.75,0.9872611464968153,0.875,1.0,0.9631455399061033,0.9985014985014985,0.9846415489272631,141,2,0,14,157,14,8.92,0.2887916869482304,8.157766682772512e-08,0.9999996898369906,0.0967393066663865
7777,14,G_all_focal_noW,15,0.14104869599998437,2.0,0.75,0.9872611464968153,0.9285714285714286,0.9285714285714286,0.9607892107892109,0.9985014985014985,0.9846415489272632,142,1,1,13,157,14,8.92,0.26697676862145464,0.0031567733247363085,0.9930356011017261,0.10061538537391311
7777,14,H_all_focal_W,15,0.1449166449999666,2.0,0.75,0.9872611464968153,0.9285714285714286,0.9285714285714286,0.9607892107892109,0.9985014985014985,0.9846415489272632,142,1,1,13,157,14,8.92,0.26697676862145464,0.0031567733247363085,0.9930356011017261,0.10061538537391311
7777,14,LEGACY_A,14,0.18877581699996426,2.0,0.75,0.9808917197452229,0.9230769230769231,0.8571428571428571,0.9392179636082074,0.999000999000999,0.9901360544217686,142,1,2,12,157,14,8.92,0.27734155457883597,3.475428255464031e-08,0.9999996479679234,0.08865006705557171
7777,15,A_raw_ce_noW,14,0.1871738300000061,2.0,0.75,0.9935897435897436,1.0,0.9230769230769231,0.9782578397212544,0.9989241527703067,0.9897435897435896,143,0,1,12,156,13,8.33,0.2663302677801261,3.287238572467129e-08,0.9999980711038129,0.07743112696272329
7777,15,B_raw_ce_W,14,0.18997192699998777,2.0,0.75,0.9935897435897436,1.0,0.9230769230769231,0.9782578397212544,1.0,1.0,143,0,1,12,156,13,8.33,0.2662639880245285,1.4956692512480601e-07,0.9999995938175283,0.07776427370311319
7777,15,C_raw_focal_noW,14,0.1461188900000252,2.0,0.75,0.9935897435897436,1.0,0.9230769230769231,0.9782578397212544,1.0,1.0,143,0,1,12,156,13,8.33,0.2606178594273566,0.0020547800721780756,0.9935466919400139,0.09077247142098886
7777,15,D_raw_focal_W,14,0.1480164980000609,2.0,0.75,0.9935897435897436,1.0,0.9230769230769231,0.9782578397212544,1.0,1.0,143,0,1,12,156,13,8.33,0.2606178594273566,0.0020547800721780756,0.9935466919400139,0.09077247142098886
7777,15,E_all_ce_noW,15,0.20587030399997275,2.0,0.75,0.9871794871794872,0.9230769230769231,0.9230769230769231,0.9580419580419581,0.9983862291554599,0.985576923076923,142,1,1,12,156,13,8.33,0.2731757246095575,3.1581486523404905e-08,0.9999985245810189,0.08270744268599395
7777,15,F_all_ce_W,15,0.2074781940000321,2.0,0.75,0.9871794871794872,0.9230769230769231,0.9230769230769231,0.9580419580419581,0.9994620763851533,0.9945054945054945,142,1,1,12,156,13,8.33,0.27492445852867226,1.0442427464623815e-07,0.9999996436220657,0.0834444381510769
7777,15,G_all_focal_noW,15,0.13972523899997213,2.0,0.75,0.9871794871794872,0.9230769230769231,0.9230769230769231,0.9580419580419581,0.9994620763851534,0.9945054945054944,142,1,1,12,156,13,8.33,0.2635805796437226,0.001957180423152858,0.993455548677366,0.09189218826629261
7777,15,H_all_focal_W,15,0.14519002200006526,2.0,0.75,0.9871794871794872,0.9230769230769231,0.9230769230769231,0.9580419580419581,0.9994620763851534,0.9945054945054944,142,1,1,12,156,13,8.33,0.2635805796437226,0.001957180423152858,0.993455548677366,0.09189218826629261
7777,15,LEGACY_A,14,0.169635105999987,2.0,0.75,0.9935897435897436,1.0,0.9230769230769231,0.9782578397212544,0.9983862291554599,0.985576923076923,143,0,1,12,156,13,8.33,0.2662805804733928,3.320781306662448e-08,0.9999995603133759,0.0781345804027021
7777,16,A_raw_ce_noW,14,0.18216232400004628,2.0,0.75,0.9872611464968153,1.0,0.8571428571428571,0.9580662393162394,0.9865134865134866,0.9446886446886448,143,0,2,12,157,14,8.92,0.26562661367432994,9.052003121132647e-08,0.9999989051668213,0.07666024904580784
7777,16,B_raw_ce_W,14,0.17650892699998622,2.0,0.75,0.9872611464968153,1.0,0.8571428571428571,0.9580662393162394,0.9755244755244755,0.9287138584247258,143,0,2,12,157,14,8.92,0.2655242697202551,1.8658795834430599e-07,0.9999997403573092,0.0774930462731936
7777,16,C_raw_focal_noW,14,0.1569821990000264,2.0,0.75,0.9872611464968153,1.0,0.8571428571428571,0.9580662393162394,0.974025974025974,0.9310515873015874,143,0,2,12,157,14,8.92,0.2591496992386082,0.004252649670609214,0.991905263560814,0.08810888825544755
7777,16,D_raw_focal_W,14,0.15811500600000272,2.0,0.75,0.9872611464968153,1.0,0.8571428571428571,0.9580662393162394,0.974025974025974,0.9310515873015874,143,0,2,12,157,14,8.92,0.2591496992386082,0.004252649670609214,0.991905263560814,0.08810888825544755
7777,16,E_all_ce_noW,15,0.18944536800006517,2.0,0.75,0.9872611464968153,1.0,0.8571428571428571,0.9580662393162394,0.99000999000999,0.9502976190476191,143,0,2,12,157,14,8.92,0.2656480220437227,8.544867440692033e-08,0.9999988535400376,0.07657900641423256
7777,16,F_all_ce_W,15,0.1339980639999112,2.0,0.75,0.9872611464968153,1.0,0.8571428571428571,0.9580662393162394,0.99000999000999,0.9450980392156862,143,0,2,12,157,14,8.92,0.26562921467052086,2.0431143674342886e-07,0.9999997008929431,0.07666496348886395
7777,16,G_all_focal_noW,15,0.11414341500005776,2.0,0.75,0.9872611464968153,1.0,0.8571428571428571,0.9580662393162394,0.9685314685314685,0.9323809523809524,143,0,2,12,157,14,8.92,0.2598695989214416,0.0034139441968617764,0.9934171255753697,0.08710476956588606
7777,16,H_all_focal_W,15,0.09795152399999552,2.0,0.75,0.9872611464968153,1.0,0.8571428571428571,0.9580662393162394,0.9685314685314685,0.9323809523809524,143,0,2,12,157,14,8.92,0.2598695989214416,0.0034139441968617764,0.9934171255753697,0.08710476956588606
7777,16,LEGACY_A,14,0.11070856899993942,2.0,0.75,0.9872611464968153,1.0,0.8571428571428571,0.9580662393162394,0.9585414585414586,0.9195997239475502,143,0,2,12,157,14,8.92,0.26557165856230003,6.290302507207545e-08,0.9999995634515461,0.07697454995403465
7777,17,A_raw_ce_noW,14,0.11251364700001432,2.0,0.75,1.0,1.0,1.0,1.0,1.0,1.0,143,0,0,14,157,14,8.92,0.27631871346446435,3.3731896746979715e-08,0.999998572933506,0.08640658943544494
7777,17,B_raw_ce_W,14,0.11993911299998672,2.0,0.75,1.0,1.0,1.0,1.0,1.0,1.0,143,0,0,14,157,14,8.92,0.28182669356467566,1.5592518595707745e-07,0.9999996422437877,0.08846819385264
7777,17,C_raw_focal_noW,14,0.1065227499999537,2.0,0.75,1.0,1.0,1.0,1.0,1.0,1.0,143,0,0,14,157,14,8.92,0.24686901171928324,0.0023477951199113375,0.9944109964549276,0.08709089820315229
7777,17,D_raw_focal_W,14,0.098325659000011,2.0,0.75,1.0,1.0,1.0,1.0,1.0,1.0,143,0,0,14,157,14,8.92,0.24686901171928324,0.0023477951199113375,0.9944109964549276,0.08709089820315229
7777,17,E_all_ce_noW,15,0.12185193799996341,2.0,0.75,0.9872611464968153,1.0,0.8571428571428571,0.9580662393162394,1.0,1.0,143,0,2,12,157,14,8.92,0.25939698917207066,4.179543020429542e-08,0.9999988645254397,0.07786720787272429
7777,17,F_all_ce_W,15,0.1483425870000019,2.0,0.75,0.9936305732484076,1.0,0.9285714285714286,0.9797393212027359,0.9995004995004995,0.9952380952380953,143,0,1,13,157,14,8.92,0.2716805291779018,7.89345471122873e-08,0.9999996465819568,0.08516752947987025
7777,17,G_all_focal_noW,15,0.10040202899995165,2.0,0.75,0.9936305732484076,1.0,0.9285714285714286,0.9797393212027359,0.999000999000999,0.9910714285714286,143,0,1,13,157,14,8.92,0.24038404077765016,0.0024837522437799516,0.9945965727046726,0.08352770194777707
7777,17,H_all_focal_W,15,0.0987020999999686,2.0,0.75,0.9936305732484076,1.0,0.9285714285714286,0.9797393212027359,0.999000999000999,0.9910714285714286,143,0,1,13,157,14,8.92,0.24038404077765016,0.0024837522437799516,0.9945965727046726,0.08352770194777707
7777,17,LEGACY_A,14,0.11928748900004393,2.0,0.75,1.0,1.0,1.0,1.0,1.0,1.0,143,0,0,14,157,14,8.92,0.2765896624956645,2.6919110945686044e-08,0.9999995791334809,0.0868182363067443
7777,18,A_raw_ce_noW,14,0.11950024800000847,2.0,0.75,0.9936305732484076,1.0,0.9285714285714286,0.9797393212027359,1.0,0.9999999999999999,143,0,1,13,157,14,8.92,0.27513258179802336,3.395904750631866e-08,0.9999989875278649,0.08332149443563666
7777,18,B_raw_ce_W,14,0.12425164700005098,2.0,0.75,0.9936305732484076,1.0,0.9285714285714286,0.9797393212027359,1.0,0.9999999999999999,143,0,1,13,157,14,8.92,0.2753518679138962,1.4025447086336522e-07,0.9999996781650898,0.08356486387663653
7777,18,C_raw_focal_noW,14,0.09484276099999533,2.0,0.75,0.9936305732484076,1.0,0.9285714285714286,0.9797393212027359,0.9995004995004995,0.9952380952380951,143,0,1,13,157,14,8.92,0.26770079837622596,0.0027749602018912506,0.9936092409076591,0.09506325104630205
7777,18,D_raw_focal_W,14,0.11103861499998402,2.0,0.75,0.9936305732484076,1.0,0.9285714285714286,0.9797393212027359,0.9995004995004995,0.9952380952380951,143,0,1,13,157,14,8.92,0.26770079837622596,0.0027749602018912506,0.9936092409076591,0.09506325104630205
7777,18,E_all_ce_noW,15,0.1266407819999813,2.0,0.75,0.9936305732484076,1.0,0.9285714285714286,0.9797393212027359,1.0,0.9999999999999998,143,0,1,13,157,14,8.92,0.2752195471620292,2.9718857058568898e-08,0.9999986604991379,0.08390301556155946
7777,18,F_all_ce_W,15,0.13698566599998685,2.0,0.75,0.9936305732484076,1.0,0.9285714285714286,0.9797393212027359,1.0,0.9999999999999999,143,0,1,13,157,14,8.92,0.27555170084658004,1.3796913343026856e-07,0.9999995756761404,0.08475614179121445
7777,18,G_all_focal_noW,15,0.10031137999999373,2.0,0.75,1.0,1.0,1.0,1.0,1.0,0.9999999999999999,143,0,0,14,157,14,8.92,0.26908620720200843,0.002700076328874321,0.9921277999546919,0.09519871306965243
7777,18,H_all_focal_W,15,0.1061058210000283,2.0,0.75,1.0,1.0,1.0,1.0,1.0,0.9999999999999999,143,0,0,14,157,14,8.92,0.26908620720200843,0.002700076328874321,0.9921277999546919,0.09519871306965243
7777,18,LEGACY_A,14,0.12421539000001758,2.0,0.75,0.9936305732484076,1.0,0.9285714285714286,0.9797393212027359,1.0,0.9999999999999999,143,0,1,13,157,14,8.92,0.2724154854735288,4.543205964655071e-08,0.9999995385734823,0.08246716925304975
7777,19,A_raw_ce_noW,14,0.10450862300001518,2.0,0.75,0.9872611464968153,1.0,0.8571428571428571,0.9580662393162394,0.9980019980019981,0.981547619047619,143,0,2,12,157,14,8.92,0.2651522071383981,3.676642218796917e-08,0.999999224737568,0.07735887136647787
7777,19,B_raw_ce_W,14,0.13427575100001832,2.0,0.75,0.9872611464968153,1.0,0.8571428571428571,0.9580662393162394,0.9985014985014985,0.9859693877551019,143,0,2,12,157,14,8.92,0.26624260594173654,1.4679924071265365e-07,0.9999997396716223,0.08055413824937528
7777,19,C_raw_focal_noW,14,0.09470749600006911,2.0,0.75,0.9872611464968153,1.0,0.8571428571428571,0.9580662393162394,0.9975024975024975,0.9790249433106575,143,0,2,12,157,14,8.92,0.25730705239172147,0.003207539778393959,0.9923925999976572,0.09208584590958317
7777,19,D_raw_focal_W,14,0.10332738699992206,2.0,0.75,0.9872611464968153,1.0,0.8571428571428571,0.9580662393162394,0.9975024975024975,0.9790249433106575,143,0,2,12,157,14,8.92,0.25730705239172147,0.003207539778393959,0.9923925999976572,0.09208584590958317
7777,19,E_all_ce_noW,15,0.12029874600000312,2.0,0.75,0.9872611464968153,1.0,0.8571428571428571,0.9580662393162394,0.9985014985014986,0.985969387755102,143,0,2,12,157,14,8.92,0.26588444423119995,3.686243746565544e-08,0.9999995251650399,0.08029738745593185
7777,19,F_all_ce_W,15,0.12042249300009189,2.0,0.75,0.9808917197452229,0.9230769230769231,0.8571428571428571,0.9392179636082074,0.999000999000999,0.9901360544217686,142,1,2,12,157,14,8.92,0.26897809714717397,1.3039397813276863e-07,0.9999998433467742,0.08230005377382037
7777,19,G_all_focal_noW,15,0.10971285200002967,2.0,0.75,0.9808917197452229,0.9230769230769231,0.8571428571428571,0.9392179636082074,0.9975024975024975,0.9778711484593836,142,1,2,12,157,14,8.92,0.25892456982199663,0.004393856760642781,0.993051622383143,0.09597556447840008
7777,19,H_all_focal_W,15,0.09966007099990293,2.0,0.75,0.9808917197452229,0.9230769230769231,0.8571428571428571,0.9392179636082074,0.9975024975024975,0.9778711484593836,142,1,2,12,157,14,8.92,0.25892456982199663,0.004393856760642781,0.993051622383143,0.09597556447840008
7777,19,LEGACY_A,14,0.11061804400003439,2.0,0.75,0.9808917197452229,0.9230769230769231,0.8571428571428571,0.9392179636082074,0.9990009990009989,0.9901360544217686,142,1,2,12,157,14,8.92,0.275453253447293,3.255089264122803e-08,0.9999996666327523,0.0849708587918178
7777,20,A_raw_ce_noW,14,0.11287483000000975,2.0,0.75,0.9935897435897436,0.9285714285714286,1.0,0.9797270955165691,1.0,1.0,142,1,0,13,156,13,8.33,0.28488108321057903,3.60789233768742e-08,0.9999995923771307,0.089448265527048
7777,20,B_raw_ce_W,14,0.12204624499997863,2.0,0.75,0.9935897435897436,0.9285714285714286,1.0,0.9797270955165691,1.0,1.0,142,1,0,13,156,13,8.33,0.28519704100575155,1.37424904551507e-07,0.9999998338342279,0.08955651051832411
7777,20,C_raw_focal_noW,14,0.0958935810000412,2.0,0.75,0.9935897435897436,0.9285714285714286,1.0,0.9797270955165691,1.0,1.0,142,1,0,13,156,13,8.33,0.27308200286269074,0.002469551341676676,0.9947892692498754,0.09694704613937102
7777,20,D_raw_focal_W,14,0.09688509000000067,2.0,0.75,0.9935897435897436,0.9285714285714286,1.0,0.9797270955165691,1.0,1.0,142,1,0,13,156,13,8.33,0.27308200286269074,0.002469551341676676,0.9947892692498754,0.09694704613937102
7777,20,E_all_ce_noW,15,0.13279795800008287,2.0,0.75,0.9935897435897436,0.9285714285714286,1.0,0.9797270955165691,1.0,1.0,142,1,0,13,156,13,8.33,0.2853177820539186,4.0981053526669676e-08,0.9999992108000983,0.08959173783657806
7777,20,F_all_ce_W,15,0.1414620369999966,2.0,0.75,0.9935897435897436,0.9285714285714286,1.0,0.9797270955165691,1.0,1.0,142,1,0,13,156,13,8.33,0.2856225483304752,1.372586527937775e-07,0.9999997467498738,0.08970313882164972
7777,20,G_all_focal_noW,15,0.1003272539999216,2.0,0.75,0.9935897435897436,0.9285714285714286,1.0,0.9797270955165691,1.0,1.0,142,1,0,13,156,13,8.33,0.2706854820790794,0.0024975339952053527,0.9928661946603738,0.09599191531157225
7777,20,H_all_focal_W,15,0.12129676899996866,2.0,0.75,0.9935897435897436,0.9285714285714286,1.0,0.9797270955165691,1.0,1.0,142,1,0,13,156,13,8.33,0.2706854820790794,0.0024975339952053527,0.9928661946603738,0.09599191531157225
7777,20,LEGACY_A,14,0.11556593800003157,2.0,0.75,0.9935897435897436,0.9285714285714286,1.0,0.9797270955165691,1.0,1.0,142,1,0,13,156,13,8.33,0.28509538019155156,2.9292398041461002e-08,0.9999997167697622,0.0895192763794725
7777,21,A_raw_ce_noW,14,0.11268709900002705,2.0,0.75,0.9936305732484076,1.0,0.9285714285714286,0.9797393212027359,0.999000999000999,0.9910714285714285,143,0,1,13,157,14,8.92,0.27538735426230626,4.508871315952325e-08,0.9999984041356774,0.08318265403281205
7777,21,B_raw_ce_W,14,0.12028250100001969,2.0,0.75,0.9936305732484076,1.0,0.9285714285714286,0.9797393212027359,0.999000999000999,0.9910714285714285,143,0,1,13,157,14,8.92,0.27542704763144316,1.4725010149597482e-07,0.9999996241157884,0.08338717151554868
7777,21,C_raw_focal_noW,14,0.10447868899996138,2.0,0.75,0.9936305732484076,1.0,0.9285714285714286,0.9797393212027359,0.9985014985014986,0.9873949579831931,143,0,1,13,157,14,8.92,0.26736882833268377,0.002554778855176503,0.9929669073582853,0.09368907575750292
7777,21,D_raw_focal_W,14,0.09637415500003499,2.0,0.75,0.9936305732484076,1.0,0.9285714285714286,0.9797393212027359,0.9985014985014986,0.9873949579831931,143,0,1,13,157,14,8.92,0.26736882833268377,0.002554778855176503,0.9929669073582853,0.09368907575750292
7777,21,E_all_ce_noW,15,0.1230352129999801,2.0,0.75,0.9936305732484076,1.0,0.9285714285714286,0.9797393212027359,0.9995004995004995,0.9952380952380951,143,0,1,13,157,14,8.92,0.2747794337488847,4.111005732299862e-08,0.999999102936487,0.08318504827927686
7777,21,F_all_ce_W,15,0.15476294100005816,2.0,0.75,0.9936305732484076,1.0,0.9285714285714286,0.9797393212027359,0.9995004995004995,0.9952380952380951,143,0,1,13,157,14,8.92,0.275311905158439,1.5166178472096036e-07,0.9999996687053271,0.08371901445196948
7777,21,G_all_focal_noW,15,0.10133501199993589,2.0,0.75,0.9936305732484076,1.0,0.9285714285714286,0.9797393212027359,0.9995004995004995,0.9952380952380951,143,0,1,13,157,14,8.92,0.267829472660541,0.0030491421560617637,0.9937400766591448,0.094300340220327
7777,21,H_all_focal_W,15,0.10117154800002481,2.0,0.75,0.9936305732484076,1.0,0.9285714285714286,0.9797393212027359,0.9995004995004995,0.9952380952380951,143,0,1,13,157,14,8.92,0.267829472660541,0.0030491421560617637,0.9937400766591448,0.094300340220327
7777,21,LEGACY_A,14,0.11256560300000729,2.0,0.75,0.9936305732484076,1.0,0.9285714285714286,0.9797393212027359,0.999000999000999,0.9910714285714285,143,0,1,13,157,14,8.92,0.27543582336724415,4.159205682526408e-08,0.9999995234252619,0.08483885835860742
7777,22,A_raw_ce_noW,14,0.12236958400001186,2.0,0.75,1.0,1.0,1.0,1.0,1.0,1.0,143,0,0,14,157,14,8.92,0.27977826678825396,3.9946614293991514e-08,0.9999988021196252,0.08740364522991516
7777,22,B_raw_ce_W,14,0.12512555900002553,2.0,0.75,1.0,1.0,1.0,1.0,1.0,0.9999999999999999,143,0,0,14,157,14,8.92,0.2798170187803407,1.3317418476568483e-07,0.9999997163459612,0.08773010746640755
7777,22,C_raw_focal_noW,14,0.09701433800000814,2.0,0.75,1.0,1.0,1.0,1.0,1.0,1.0,143,0,0,14,157,14,8.92,0.2672335131715543,0.002822968196031096,0.9951639059302783,0.09481463411939481
7777,22,D_raw_focal_W,14,0.0983025269999871,2.0,0.75,1.0,1.0,1.0,1.0,1.0,1.0,143,0,0,14,157,14,8.92,0.2672335131715543,0.002822968196031096,0.9951639059302783,0.09481463411939481
7777,22,E_all_ce_noW,15,0.14101530599998569,2.0,0.75,1.0,1.0,1.0,1.0,1.0,1.0,143,0,0,14,157,14,8.92,0.2783724264329885,3.3119662603797444e-08,0.9999987062346435,0.08688132403693283
7777,22,F_all_ce_W,15,0.13880575100006354,2.0,0.75,1.0,1.0,1.0,1.0,1.0,1.0,143,0,0,14,157,14,8.92,0.28380445251269293,1.5239750119351124e-07,0.9999997691489355,0.08911834595859308
7777,22,G_all_focal_noW,15,0.10109776199999487,2.0,0.75,1.0,1.0,1.0,1.0,1.0,1.0,143,0,0,14,157,14,8.92,0.26920881838011257,0.0031808849663254373,0.9943825245940577,0.0958917007845165
7777,22,H_all_focal_W,15,0.11205427700008386,2.0,0.75,1.0,1.0,1.0,1.0,1.0,1.0,143,0,0,14,157,14,8.92,0.26920881838011257,0.0031808849663254373,0.9943825245940577,0.0958917007845165
7777,22,LEGACY_A,14,0.12060097300002326,2.0,0.75,1.0,1.0,1.0,1.0,1.0,0.9999999999999999,143,0,0,14,157,14,8.92,0.27803352479373616,3.2577913585865476e-08,0.9999994992952619,0.08689158877804196
7777,23,A_raw_ce_noW,14,0.108418406999931,2.0,0.75,0.9681528662420382,0.8461538461538461,0.7857142857142857,0.8986966060136792,0.9965034965034965,0.9676670668267306,141,2,3,11,157,14,8.92,0.2648438920338926,6.280864596653717e-08,0.9999990610811309,0.0821743717403962
7777,23,B_raw_ce_W,14,0.12011941299999762,2.0,0.75,0.9745222929936306,0.8571428571428571,0.8571428571428571,0.9215784215784215,0.997002997002997,0.9746031746031745,141,2,2,12,157,14,8.92,0.2743390321169586,1.2084424746659158e-07,0.9999997705582548,0.08760075131158794
7777,23,C_raw_focal_noW,14,0.10924295899997105,2.0,0.75,0.9681528662420382,0.8461538461538461,0.7857142857142857,0.8986966060136792,0.9965034965034966,0.9676670668267306,141,2,3,11,157,14,8.92,0.2550196227069011,0.0035937361166538677,0.9936220439987838,0.09468426331128955
7777,23,D_raw_focal_W,14,0.09425947200008977,2.0,0.75,0.9681528662420382,0.8461538461538461,0.7857142857142857,0.8986966060136792,0.9965034965034966,0.9676670668267306,141,2,3,11,157,14,8.92,0.2550196227069011,0.0035937361166538677,0.9936220439987838,0.09468426331128955
7777,23,E_all_ce_noW,15,0.11596997300000567,2.0,0.75,0.9808917197452229,0.9230769230769231,0.8571428571428571,0.9392179636082074,0.9965034965034965,0.969108669108669,142,1,2,12,157,14,8.92,0.2677185480440822,7.574683823820845e-08,0.9999989637626183,0.08276647549779016
7777,23,F_all_ce_W,15,0.1356600150000986,2.0,0.75,0.9745222929936306,0.8571428571428571,0.8571428571428571,0.9215784215784215,0.996003996003996,0.9617146858743495,141,2,2,12,157,14,8.92,0.27254587214567877,1.364403828590086e-07,0.9999997781698201,0.08712817742805555
7777,23,G_all_focal_noW,15,0.09973225800001728,2.0,0.75,0.9681528662420382,0.8461538461538461,0.7857142857142857,0.8986966060136792,0.9960039960039959,0.9643990929705215,141,2,3,11,157,14,8.92,0.25505408320528067,0.004338088328590743,0.9925019445055907,0.09517692822533184
7777,23,H_all_focal_W,15,0.09621587800006637,2.0,0.75,0.9681528662420382,0.8461538461538461,0.7857142857142857,0.8986966060136792,0.9960039960039959,0.9643990929705215,141,2,3,11,157,14,8.92,0.25505408320528067,0.004338088328590743,0.9925019445055907,0.09517692822533184
7777,23,LEGACY_A,14,0.10715422999999191,2.0,0.75,0.9808917197452229,0.9230769230769231,0.8571428571428571,0.9392179636082074,0.9955044955044955,0.9655939298796441,142,1,2,12,157,14,8.92,0.27070618455132683,8.054062227040922e-08,0.9999995243195363,0.08321047572535685
7777,24,A_raw_ce_noW,14,0.11750784500009104,2.0,0.75,0.9872611464968153,1.0,0.8571428571428571,0.9580662393162394,0.9935064935064934,0.9656084656084656,143,0,2,12,157,14,8.92,0.26369907127544706,3.239253450221546e-08,0.9999987189602594,0.07612691895126496
7777,24,B_raw_ce_W,14,0.11456369999996241,2.0,0.75,0.9872611464968153,1.0,0.8571428571428571,0.9580662393162394,0.9930069930069931,0.9642857142857143,143,0,2,12,157,14,8.92,0.26211540180284904,1.2972632590687606e-07,0.9999997780550154,0.07557278623246358
7777,24,C_raw_focal_noW,14,0.09545195200007583,2.0,0.75,0.9936305732484076,1.0,0.9285714285714286,0.9797393212027359,0.988011988011988,0.9548872180451127,143,0,1,13,157,14,8.92,0.25683008051612316,0.0024561101503025617,0.9927452136496978,0.08709459530022626
7777,24,D_raw_focal_W,14,0.09281125000006796,2.0,0.75,0.9936305732484076,1.0,0.9285714285714286,0.9797393212027359,0.988011988011988,0.9548872180451127,143,0,1,13,157,14,8.92,0.25683008051612316,0.0024561101503025617,0.9927452136496978,0.08709459530022626
7777,24,E_all_ce_noW,15,0.1981622769999376,2.0,0.75,0.9936305732484076,1.0,0.9285714285714286,0.9797393212027359,0.989010989010989,0.9563492063492063,143,0,1,13,157,14,8.92,0.27033344162712436,2.7631649103812265e-08,0.9999982517422787,0.08102430062566854
7777,24,F_all_ce_W,15,0.20841811200000393,2.0,0.75,0.9936305732484076,1.0,0.9285714285714286,0.9797393212027359,0.9895104895104896,0.9571428571428571,143,0,1,13,157,14,8.92,0.2714302090615974,1.0837865291401675e-07,0.9999995162174005,0.08157826620534434
7777,24,G_all_focal_noW,15,0.14757863799991355,2.0,0.75,0.9936305732484076,1.0,0.9285714285714286,0.9797393212027359,0.989010989010989,0.9563492063492063,143,0,1,13,157,14,8.92,0.2595540167216939,0.0020987114990373705,0.9916545345020296,0.08874703832138063
7777,24,H_all_focal_W,15,0.16156554000008327,2.0,0.75,0.9936305732484076,1.0,0.9285714285714286,0.9797393212027359,0.989010989010989,0.9563492063492063,143,0,1,13,157,14,8.92,0.2595540167216939,0.0020987114990373705,0.9916545345020296,0.08874703832138063
7777,24,LEGACY_A,14,0.1692008169999326,2.0,0.75,0.9936305732484076,1.0,0.9285714285714286,0.9797393212027359,0.986013986013986,0.9523809523809524,143,0,1,13,157,14,8.92,0.2728564796172294,4.301512910027328e-08,0.9999996050596457,0.08318936278409256
7777,25,A_raw_ce_noW,14,0.17427015300006587,2.0,0.75,1.0,1.0,1.0,1.0,0.9999999999999999,1.0,143,0,0,13,156,13,8.33,0.27072446200895445,3.744502514375172e-08,0.9999989454274217,0.0819121705120164
7777,25,B_raw_ce_W,14,0.18642997500001002,2.0,0.75,1.0,1.0,1.0,1.0,1.0,1.0,143,0,0,13,156,13,8.33,0.27330367770862124,1.4637760467965313e-07,0.9999996852155087,0.0837013459622668
7777,25,C_raw_focal_noW,14,0.13894025499996587,2.0,0.75,1.0,1.0,1.0,1.0,1.0,1.0,143,0,0,13,156,13,8.33,0.26045825082151713,0.003227396398058674,0.9934944139933204,0.09047690472612782
7777,25,D_raw_focal_W,14,0.1665465479999284,2.0,0.75,1.0,1.0,1.0,1.0,1.0,1.0,143,0,0,13,156,13,8.33,0.26045825082151713,0.003227396398058674,0.9934944139933204,0.09047690472612782
7777,25,E_all_ce_noW,15,0.204697259999989,2.0,0.75,0.9935897435897436,1.0,0.9230769230769231,0.9782578397212544,0.9994620763851534,0.9945054945054945,143,0,1,12,156,13,8.33,0.2647515187335418,4.219022547893432e-08,0.9999988949237428,0.07854134027246731
7777,25,F_all_ce_W,15,0.20484402099998533,2.0,0.75,0.9935897435897436,1.0,0.9230769230769231,0.9782578397212544,0.9994620763851533,0.9945054945054945,143,0,1,12,156,13,8.33,0.2678514073602851,1.4860609851320285e-07,0.9999997423812972,0.08121140834902188
7777,25,G_all_focal_noW,15,0.1502984279999282,2.0,0.75,0.9935897435897436,1.0,0.9230769230769231,0.9782578397212544,0.9994620763851532,0.9945054945054945,143,0,1,12,156,13,8.33,0.25494025268159376,0.0037635943106237215,0.9920940715412497,0.08930402485757546
7777,25,H_all_focal_W,15,0.1494665290000512,2.0,0.75,0.9935897435897436,1.0,0.9230769230769231,0.9782578397212544,0.9994620763851532,0.9945054945054945,143,0,1,12,156,13,8.33,0.25494025268159376,0.0037635943106237215,0.9920940715412497,0.08930402485757546
7777,25,LEGACY_A,14,0.1939917910000304,2.0,0.75,1.0,1.0,1.0,1.0,1.0,1.0,143,0,0,13,156,13,8.33,0.2706260802680908,3.1253983285542596e-08,0.9999995883545638,0.08128064642617037
9999,1,A_raw_ce_noW,14,0.15939347300002282,2.0,0.75,0.9872611464968153,1.0,0.8571428571428571,0.9580662393162394,0.99000999000999,0.9579831932773109,143,0,2,12,157,14,8.92,0.2576954791559797,4.4451092361497775e-08,0.9999985384530596,0.07431674194684193
9999,1,B_raw_ce_W,14,0.17105945899993458,2.0,0.75,0.9872611464968153,1.0,0.8571428571428571,0.9580662393162394,0.981018981018981,0.9478021978021978,143,0,2,12,157,14,8.92,0.2632094625570257,1.5451051757194555e-07,0.9999997551580644,0.07716517747001253
9999,1,C_raw_focal_noW,14,0.13486768399991433,2.0,0.75,0.9936305732484076,1.0,0.9285714285714286,0.9797393212027359,0.9780219780219781,0.9458128078817734,143,0,1,13,157,14,8.92,0.2395609999368637,0.003127941123937016,0.9920287429352597,0.07888321930186115
9999,1,D_raw_focal_W,14,0.14879201000007924,2.0,0.75,0.9936305732484076,1.0,0.9285714285714286,0.9797393212027359,0.9780219780219781,0.9458128078817734,143,0,1,13,157,14,8.92,0.2395609999368637,0.003127941123937016,0.9920287429352597,0.07888321930186115
9999,1,E_all_ce_noW,15,0.20496201999992536,2.0,0.75,0.9872611464968153,1.0,0.8571428571428571,0.9580662393162394,0.9880119880119881,0.9548872180451127,143,0,2,12,157,14,8.92,0.2587038204229136,3.8276815593464836e-08,0.9999979877212962,0.07539709086546735
9999,1,F_all_ce_W,15,0.20647459999997864,2.0,0.75,0.9872611464968153,1.0,0.8571428571428571,0.9580662393162394,0.9840159840159841,0.9503105590062111,143,0,2,12,157,14,8.92,0.26435161429007925,1.0033276679317669e-07,0.9999996315901184,0.07801639869100568
9999,1,G_all_focal_noW,15,0.1508089410000366,2.0,0.75,0.9936305732484076,1.0,0.9285714285714286,0.9797393212027359,0.9920079920079921,0.9619047619047618,143,0,1,13,157,14,8.92,0.24173874242348947,0.0019809129036499804,0.9921740752833265,0.07904476909106556
9999,1,H_all_focal_W,15,0.1704782660000319,2.0,0.75,0.9936305732484076,1.0,0.9285714285714286,0.9797393212027359,0.9920079920079921,0.9619047619047618,143,0,1,13,157,14,8.92,0.24173874242348947,0.0019809129036499804,0.9921740752833265,0.07904476909106556
9999,1,LEGACY_A,14,0.17095602599999893,2.0,0.75,0.9872611464968153,1.0,0.8571428571428571,0.9580662393162394,0.9785214785214786,0.9461152882205512,143,0,2,12,157,14,8.92,0.2574681849524641,3.775712693442055e-08,0.9999994863393976,0.07384023602460867
9999,2,A_raw_ce_noW,14,0.11081347100002858,2.0,0.75,0.9936305732484076,1.0,0.9285714285714286,0.9797393212027359,1.0,0.9999999999999999,143,0,1,13,157,14,8.92,0.2755022637401994,3.633042380887068e-08,0.9999992790927467,0.08286096069032829
9999,2,B_raw_ce_W,14,0.13830907999999908,2.0,0.75,0.9936305732484076,1.0,0.9285714285714286,0.9797393212027359,0.9999999999999999,1.0,143,0,1,13,157,14,8.92,0.27548713462908625,1.447278492008369e-07,0.9999997894799307,0.0831394355545547
9999,2,C_raw_focal_noW,14,0.09835179399999561,2.0,0.75,0.9936305732484076,1.0,0.9285714285714286,0.9797393212027359,0.999000999000999,0.9910714285714286,143,0,1,13,157,14,8.92,0.2681348354964925,0.00304395552321149,0.9958595767450407,0.09495009558635994
9999,2,D_raw_focal_W,14,0.09832413799995265,2.0,0.75,0.9936305732484076,1.0,0.9285714285714286,0.9797393212027359,0.999000999000999,0.9910714285714286,143,0,1,13,157,14,8.92,0.2681348354964925,0.00304395552321149,0.9958595767450407,0.09495009558635994
9999,2,E_all_ce_noW,15,0.12804121200008467,2.0,0.75,0.9936305732484076,1.0,0.9285714285714286,0.9797393212027359,1.0,0.9999999999999999,143,0,1,13,157,14,8.92,0.2752619070326089,3.09873457178283e-08,0.9999990419538748,0.08386191697445096
9999,2,F_all_ce_W,15,0.1373547990000361,2.0,0.75,0.9936305732484076,1.0,0.9285714285714286,0.9797393212027359,0.9999999999999999,0.9999999999999999,143,0,1,13,157,14,8.92,0.27533082273412474,1.4581239352260218e-07,0.9999997369524612,0.08461539765239923
9999,2,G_all_focal_noW,15,0.10079952500007039,2.0,0.75,0.9936305732484076,1.0,0.9285714285714286,0.9797393212027359,0.9985014985014985,0.9873949579831932,143,0,1,13,157,14,8.92,0.2688789992369487,0.0022547445630060176,0.9957519705744591,0.100303174378243
9999,2,H_all_focal_W,15,0.10164129899999352,2.0,0.75,0.9936305732484076,1.0,0.9285714285714286,0.9797393212027359,0.9985014985014985,0.9873949579831932,143,0,1,13,157,14,8.92,0.2688789992369487,0.0022547445630060176,0.9957519705744591,0.100303174378243
9999,2,LEGACY_A,14,0.11839691700004096,2.0,0.75,0.9936305732484076,1.0,0.9285714285714286,0.9797393212027359,1.0,0.9999999999999998,143,0,1,13,157,14,8.92,0.2755569118206307,3.1807043544638935e-08,0.9999996568730656,0.08288686505487333
9999,3,A_raw_ce_noW,14,0.11414966899997125,2.0,0.75,1.0,1.0,1.0,1.0,1.0,0.9999999999999998,143,0,0,14,157,14,8.92,0.28479830740443834,3.643783811214822e-08,0.9999991562945398,0.09008371263358611
9999,3,B_raw_ce_W,14,0.12305084599995553,2.0,0.75,1.0,1.0,1.0,1.0,1.0,1.0,143,0,0,14,157,14,8.92,0.28557472803625156,1.3592558450743507e-07,0.9999997988697602,0.09291387214022089
9999,3,C_raw_focal_noW,14,0.1010430159999487,2.0,0.75,1.0,1.0,1.0,1.0,1.0,0.9999999999999998,143,0,0,14,157,14,8.92,0.2808856881867292,0.0028418681948666714,0.993877742486088,0.10287469475414816
9999,3,D_raw_focal_W,14,0.09439519900001869,2.0,0.75,1.0,1.0,1.0,1.0,1.0,0.9999999999999998,143,0,0,14,157,14,8.92,0.2808856881867292,0.0028418681948666714,0.993877742486088,0.10287469475414816
9999,3,E_all_ce_noW,15,0.1285725940000475,2.0,0.75,0.9936305732484076,0.9333333333333333,1.0,0.981004234724743,1.0,0.9999999999999998,142,1,0,14,157,14,8.92,0.28950008769799396,3.6698327078433964e-08,0.9999986691151848,0.09510159305746017
9999,3,F_all_ce_W,15,0.1248343700000305,2.0,0.75,0.9936305732484076,0.9333333333333333,1.0,0.981004234724743,1.0,0.9999999999999999,142,1,0,14,157,14,8.92,0.28808433952767043,1.2894125243668056e-07,0.9999997527477474,0.09422335278147578
9999,3,G_all_focal_noW,15,0.10914925899999162,2.0,0.75,1.0,1.0,1.0,1.0,1.0,0.9999999999999999,143,0,0,14,157,14,8.92,0.27908121056540214,0.0025866777301357053,0.9940535116705479,0.10149481918898008
9999,3,H_all_focal_W,15,0.1193435860000136,2.0,0.75,1.0,1.0,1.0,1.0,1.0,0.9999999999999999,143,0,0,14,157,14,8.92,0.27908121056540214,0.0025866777301357053,0.9940535116705479,0.10149481918898008
9999,3,LEGACY_A,14,0.11928332399997998,2.0,0.75,0.9936305732484076,0.9333333333333333,1.0,0.981004234724743,1.0,0.9999999999999999,142,1,0,14,157,14,8.92,0.2899815896053213,2.8723988293296807e-08,0.9999995893626067,0.0944198924943017
9999,4,A_raw_ce_noW,14,0.10993359899998723,2.0,0.75,0.9808917197452229,0.9230769230769231,0.8571428571428571,0.9392179636082074,0.9955044955044956,0.9602323115481008,142,1,2,12,157,14,8.92,0.26819643262004117,4.235058893786391e-08,0.9999988298617647,0.08113301574676872
9999,4,B_raw_ce_W,14,0.11833010699990609,2.0,0.75,0.9808917197452229,0.9230769230769231,0.8571428571428571,0.9392179636082074,0.996003996003996,0.9652396214896215,142,1,2,12,157,14,8.92,0.26823527067873665,1.1724617868007704e-07,0.9999998114011,0.08233523582575294
9999,4,C_raw_focal_noW,14,0.09426196399999753,2.0,0.75,0.9808917197452229,0.9230769230769231,0.8571428571428571,0.9392179636082074,0.9950049950049951,0.9563632639290534,142,1,2,12,157,14,8.92,0.2554569405836964,0.004295074135450806,0.9925913683746134,0.09916553771724582
9999,4,D_raw_focal_W,14,0.09541276400000243,2.0,0.75,0.9808917197452229,0.9230769230769231,0.8571428571428571,0.9392179636082074,0.9950049950049951,0.9563632639290534,142,1,2,12,157,14,8.92,0.2554569405836964,0.004295074135450806,0.9925913683746134,0.09916553771724582
9999,4,E_all_ce_noW,15,0.1303468009999733,2.0,0.75,0.9745222929936306,0.9166666666666666,0.7857142857142857,0.9161324786324787,0.996003996003996,0.9661846925004818,142,1,3,11,157,14,8.92,0.26020329465117775,2.6838955651810142e-08,0.999999080185965,0.07586425562229163
9999,4,F_all_ce_W,15,0.15179122899996855,2.0,0.75,0.9745222929936306,0.9166666666666666,0.7857142857142857,0.9161324786324787,0.9950049950049951,0.9563632639290534,142,1,3,11,157,14,8.92,0.26496709240749944,1.329162449004354e-07,0.999999765113004,0.0789771705475727
9999,4,G_all_focal_noW,15,0.10014050300003419,2.0,0.75,0.9745222929936306,0.9166666666666666,0.7857142857142857,0.9161324786324787,0.992007992007992,0.9536891679748822,142,1,3,11,157,14,8.92,0.25227493597229833,0.0014941506674888015,0.9922546431654194,0.09031705226462831
9999,4,H_all_focal_W,15,0.10263772700000118,2.0,0.75,0.9745222929936306,0.9166666666666666,0.7857142857142857,0.9161324786324787,0.992007992007992,0.9536891679748822,142,1,3,11,157,14,8.92,0.25227493597229833,0.0014941506674888015,0.9922546431654194,0.09031705226462831
9999,4,LEGACY_A,14,0.11054291900006774,2.0,0.75,0.9745222929936306,0.8571428571428571,0.8571428571428571,0.9215784215784215,0.9965034965034965,0.9716791979949874,141,2,2,12,157,14,8.92,0.27500753302508746,4.717962346915577e-08,0.9999996422451508,0.08794820789007277
9999,5,A_raw_ce_noW,14,0.10736414799998784,2.0,0.75,0.9935897435897436,1.0,0.9230769230769231,0.9782578397212544,0.9989241527703067,0.9897435897435898,143,0,1,12,156,13,8.33,0.2670339643995026,6.727672423044628e-08,0.99999941570685,0.07893122685938068
9999,5,B_raw_ce_W,14,0.11519163499997376,2.0,0.75,0.9871794871794872,0.9230769230769231,0.9230769230769231,0.9580419580419581,0.9989241527703067,0.9897435897435898,142,1,1,12,156,13,8.33,0.27478235040496657,1.9599650771747803e-07,0.9999998337843486,0.08285435351419232
9999,5,C_raw_focal_noW,14,0.09652733600000829,2.0,0.75,0.9871794871794872,0.9230769230769231,0.9230769230769231,0.9580419580419581,0.9989241527703066,0.9897435897435898,142,1,1,12,156,13,8.33,0.2616378648971421,0.0032486076922076503,0.9930484509288939,0.09153266374306519
9999,5,D_raw_focal_W,14,0.09386139899993395,2.0,0.75,0.9871794871794872,0.9230769230769231,0.9230769230769231,0.9580419580419581,0.9989241527703066,0.9897435897435898,142,1,1,12,156,13,8.33,0.2616378648971421,0.0032486076922076503,0.9930484509288939,0.09153266374306519
9999,5,E_all_ce_noW,15,0.130841796000027,2.0,0.75,0.9871794871794872,0.9230769230769231,0.9230769230769231,0.9580419580419581,0.9983862291554599,0.9855769230769227,142,1,1,12,156,13,8.33,0.2710706403018432,6.258634461672467e-08,0.9999981747305157,0.08147371892155383
9999,5,F_all_ce_W,15,0.1384660950000125,2.0,0.75,0.9871794871794872,0.9230769230769231,0.9230769230769231,0.9580419580419581,0.9973103819257665,0.9786324786324783,142,1,1,12,156,13,8.33,0.2745960813035194,1.7672754113712693e-07,0.9999995810978245,0.08278611991607784
9999,5,G_all_focal_noW,15,0.10203232499998194,2.0,0.75,0.9871794871794872,0.9230769230769231,0.9230769230769231,0.9580419580419581,0.9994620763851533,0.9945054945054945,142,1,1,12,156,13,8.33,0.26162921411222706,0.003281880214103758,0.9935582858411395,0.09088007289133983
9999,5,H_all_focal_W,15,0.1061312970000472,2.0,0.75,0.9871794871794872,0.9230769230769231,0.9230769230769231,0.9580419580419581,0.9994620763851533,0.9945054945054945,142,1,1,12,156,13,8.33,0.26162921411222706,0.003281880214103758,0.9935582858411395,0.09088007289133983
9999,5,LEGACY_A,14,0.11165793600002871,2.0,0.75,0.9935897435897436,1.0,0.9230769230769231,0.9782578397212544,0.9989241527703067,0.9897435897435898,143,0,1,12,156,13,8.33,0.26645824844412574,5.1976089400748486e-08,0.9999996560473627,0.077944235536399
9999,6,A_raw_ce_noW,14,0.1127092280000852,2.0,0.75,1.0,1.0,1.0,1.0,1.0,1.0,143,0,0,14,157,14,8.92,0.2849821239875104,3.7101261148321414e-08,0.999998750848828,0.08919440706211991
9999,6,B_raw_ce_W,14,0.12227648999999019,2.0,0.75,1.0,1.0,1.0,1.0,1.0,0.9999999999999999,143,0,0,14,157,14,8.92,0.284969341140072,1.5792848608724037e-07,0.999999728471608,0.08924296577005794
9999,6,C_raw_focal_noW,14,0.11812377499995819,2.0,0.75,1.0,1.0,1.0,1.0,1.0,1.0,143,0,0,14,157,14,8.92,0.2778775581851131,0.002630147203906757,0.9939857293843936,0.09957398978045412
9999,6,D_raw_focal_W,14,0.09685441999999966,2.0,0.75,1.0,1.0,1.0,1.0,1.0,1.0,143,0,0,14,157,14,8.92,0.2778775581851131,0.002630147203906757,0.9939857293843936,0.09957398978045412
9999,6,E_all_ce_noW,15,0.12578814100004365,2.0,0.75,1.0,1.0,1.0,1.0,1.0,0.9999999999999999,143,0,0,14,157,14,8.92,0.2849288235352591,2.9711299262328076e-08,0.9999986804672995,0.08938125439698347
9999,6,F_all_ce_W,15,0.1347241110000823,2.0,0.75,1.0,1.0,1.0,1.0,1.0,1.0,143,0,0,14,157,14,8.92,0.28490998861564826,1.337752337986766e-07,0.9999997487973133,0.08945316991123775
9999,6,G_all_focal_noW,15,0.10129661199994189,2.0,0.75,1.0,1.0,1.0,1.0,1.0,0.9999999999999999,143,0,0,14,157,14,8.92,0.2786456986893531,0.0026577991779099495,0.9936514179176356,0.1010956068058436
9999,6,H_all_focal_W,15,0.1015178879999894,2.0,0.75,1.0,1.0,1.0,1.0,1.0,0.9999999999999999,143,0,0,14,157,14,8.92,0.2786456986893531,0.0026577991779099495,0.9936514179176356,0.1010956068058436
9999,6,LEGACY_A,14,0.12212553599999865,2.0,0.75,1.0,1.0,1.0,1.0,1.0,1.0,143,0,0,14,157,14,8.92,0.28496597258263534,3.527042550737264e-08,0.999999615066158,0.08925469300454798
9999,7,A_raw_ce_noW,14,0.1187575440000046,2.0,0.75,0.9808917197452229,1.0,0.7857142857142857,0.9348096885813149,0.9995004995004996,0.9952380952380953,143,0,3,11,157,14,8.92,0.25001315931705204,6.698892942296584e-08,0.9999983741023873,0.06959561150403205
9999,7,B_raw_ce_W,14,0.11371424899994054,2.0,0.75,0.9808917197452229,1.0,0.7857142857142857,0.9348096885813149,0.999000999000999,0.9901360544217687,143,0,3,11,157,14,8.92,0.2552397925727932,1.7127792422099854e-07,0.9999996274372114,0.07208383957266178
9999,7,C_raw_focal_noW,14,0.09662735500000963,2.0,0.75,0.9808917197452229,1.0,0.7857142857142857,0.9348096885813149,0.9985014985014985,0.9859693877551019,143,0,3,11,157,14,8.92,0.23978241450505844,0.003529202536479464,0.9925999291544524,0.08202867798942193
9999,7,D_raw_focal_W,14,0.09514828800001851,2.0,0.75,0.9808917197452229,1.0,0.7857142857142857,0.9348096885813149,0.9985014985014985,0.9859693877551019,143,0,3,11,157,14,8.92,0.23978241450505844,0.003529202536479464,0.9925999291544524,0.08202867798942193
9999,7,E_all_ce_noW,15,0.1187869860000319,2.0,0.75,0.9745222929936306,1.0,0.7142857142857143,0.9097701149425288,0.9995004995004995,0.9952380952380953,143,0,4,10,157,14,8.92,0.2441062874212398,1.0920916192328754e-07,0.9999985726397099,0.06612598179012819
9999,7,F_all_ce_W,15,0.1307436399999915,2.0,0.75,0.9808917197452229,1.0,0.7857142857142857,0.9348096885813149,0.9990009990009989,0.9910714285714286,143,0,3,11,157,14,8.92,0.25344542329105774,1.9698064583784996e-07,0.9999997382200297,0.07196883121678886
9999,7,G_all_focal_noW,15,0.10709045100009007,2.0,0.75,0.9808917197452229,1.0,0.7857142857142857,0.9348096885813149,0.9985014985014985,0.9846415489272632,143,0,3,11,157,14,8.92,0.23810337091036696,0.0034426642749794036,0.9896931831733038,0.0812099588510311
9999,7,H_all_focal_W,15,0.09638537000000724,2.0,0.75,0.9808917197452229,1.0,0.7857142857142857,0.9348096885813149,0.9985014985014985,0.9846415489272632,143,0,3,11,157,14,8.92,0.23810337091036696,0.0034426642749794036,0.9896931831733038,0.0812099588510311
9999,7,LEGACY_A,14,0.10940361599989501,2.0,0.75,0.9808917197452229,1.0,0.7857142857142857,0.9348096885813149,0.9995004995004995,0.9952380952380953,143,0,3,11,157,14,8.92,0.2549128171527445,5.4865757681910156e-08,0.9999995547638221,0.07050730116944681
9999,8,A_raw_ce_noW,14,0.11402340000006461,2.0,0.75,1.0,1.0,1.0,1.0,1.0,0.9999999999999999,143,0,0,14,157,14,8.92,0.28495609482594303,3.0348166432157495e-08,0.9999993796790034,0.08918806286918032
9999,8,B_raw_ce_W,14,0.12227445999997144,2.0,0.75,1.0,1.0,1.0,1.0,1.0,0.9999999999999999,143,0,0,14,157,14,8.92,0.2849527058920876,1.4810809394458521e-07,0.9999997110206391,0.08926289674994237
9999,8,C_raw_focal_noW,14,0.09690170900000794,2.0,0.75,1.0,1.0,1.0,1.0,1.0,0.9999999999999999,143,0,0,14,157,14,8.92,0.27686693901237036,0.002558612305807959,0.9948870270646571,0.09788855853669126
9999,8,D_raw_focal_W,14,0.09858386999997037,2.0,0.75,1.0,1.0,1.0,1.0,1.0,0.9999999999999999,143,0,0,14,157,14,8.92,0.27686693901237036,0.002558612305807959,0.9948870270646571,0.09788855853669126
9999,8,E_all_ce_noW,15,0.12753239400001348,2.0,0.75,0.9936305732484076,1.0,0.9285714285714286,0.9797393212027359,1.0,0.9999999999999999,143,0,1,13,157,14,8.92,0.27551873231663704,3.237459058301233e-08,0.9999989922454963,0.08372327607177421
9999,8,F_all_ce_W,15,0.13433180499998798,2.0,0.75,0.9936305732484076,1.0,0.9285714285714286,0.9797393212027359,1.0,0.9999999999999999,143,0,1,13,157,14,8.92,0.2759340894409343,1.3872457837763315e-07,0.9999996863767946,0.08462979094345491
9999,8,G_all_focal_noW,15,0.10203620300001148,2.0,0.75,0.9936305732484076,1.0,0.9285714285714286,0.9797393212027359,1.0,0.9999999999999999,143,0,1,13,157,14,8.92,0.26813786219489083,0.002277492178971927,0.9939441850538475,0.09382277937188804
9999,8,H_all_focal_W,15,0.1145613249999542,2.0,0.75,0.9936305732484076,1.0,0.9285714285714286,0.9797393212027359,1.0,0.9999999999999999,143,0,1,13,157,14,8.92,0.26813786219489083,0.002277492178971927,0.9939441850538475,0.09382277937188804
9999,8,LEGACY_A,14,0.12017567099996995,2.0,0.75,1.0,1.0,1.0,1.0,1.0,0.9999999999999999,143,0,0,14,157,14,8.92,0.28496793121241454,2.784597731594998e-08,0.9999996265792876,0.08918885589463622
9999,9,A_raw_ce_noW,14,0.1111536780000506,2.0,0.75,0.9936305732484076,1.0,0.9285714285714286,0.9797393212027359,1.0,0.9999999999999999,143,0,1,13,157,14,8.92,0.273456824288721,3.277048465761155e-08,0.999998569649323,0.08343912823398242
9999,9,B_raw_ce_W,14,0.11865532900003473,2.0,0.75,0.9936305732484076,1.0,0.9285714285714286,0.9797393212027359,1.0,0.9999999999999999,143,0,1,13,157,14,8.92,0.2750139279060334,1.2612434089264823e-07,0.9999995928349054,0.08353334039799493
9999,9,C_raw_focal_noW,14,0.10552607700003591,2.0,0.75,0.9936305732484076,1.0,0.9285714285714286,0.9797393212027359,0.999000999000999,0.9910714285714285,143,0,1,13,157,14,8.92,0.26270715105574977,0.0034518668219801004,0.993147292658195,0.09271907627277931
9999,9,D_raw_focal_W,14,0.097857179000016,2.0,0.75,0.9936305732484076,1.0,0.9285714285714286,0.9797393212027359,0.999000999000999,0.9910714285714285,143,0,1,13,157,14,8.92,0.26270715105574977,0.0034518668219801004,0.993147292658195,0.09271907627277931
9999,9,E_all_ce_noW,15,0.12787092999997185,2.0,0.75,1.0,1.0,1.0,1.0,1.0,0.9999999999999999,143,0,0,14,157,14,8.92,0.27751011454947,3.18928719754693e-08,0.9999990586180691,0.08684414720100431
9999,9,F_all_ce_W,15,0.15258517799998117,2.0,0.75,0.9936305732484076,1.0,0.9285714285714286,0.9797393212027359,1.0,0.9999999999999999,143,0,1,13,157,14,8.92,0.27647595838236644,1.3539293017527514e-07,0.9999996948264563,0.0859051628576719
9999,9,G_all_focal_noW,15,0.10525136100000054,2.0,0.75,0.9936305732484076,1.0,0.9285714285714286,0.9797393212027359,1.0,0.9999999999999999,143,0,1,13,157,14,8.92,0.26650876707786725,0.003039251605496375,0.9929430789920979,0.09646703666425815
9999,9,H_all_focal_W,15,0.09929395899996507,2.0,0.75,0.9936305732484076,1.0,0.9285714285714286,0.9797393212027359,1.0,0.9999999999999999,143,0,1,13,157,14,8.92,0.26650876707786725,0.003039251605496375,0.9929430789920979,0.09646703666425815
9999,9,LEGACY_A,14,0.147025493000001,2.0,0.75,0.9936305732484076,1.0,0.9285714285714286,0.9797393212027359,0.9995004995004995,0.9952380952380951,143,0,1,13,157,14,8.92,0.27541627012246656,3.260520699195032e-08,0.999999675595125,0.08330263774350773
9999,10,A_raw_ce_noW,14,0.15604576299995188,2.0,0.75,0.9807692307692307,0.9166666666666666,0.8461538461538461,0.9347735191637631,0.9800968262506725,0.9255852842809364,142,1,2,11,156,13,8.33,0.26786020960338447,8.17596153948667e-08,0.9999986132242917,0.08004941615092889
9999,10,B_raw_ce_W,14,0.16740679199995157,2.0,0.75,0.967948717948718,0.7857142857142857,0.8461538461538461,0.898635477582846,0.9806347498655191,0.9260683760683759,140,3,2,11,156,13,8.33,0.2776704398002096,2.1451378652841513e-07,0.9999997594906592,0.08680247620184361
9999,10,C_raw_focal_noW,14,0.14826244200003202,2.0,0.75,0.9743589743589743,0.8461538461538461,0.8461538461538461,0.916083916083916,0.9795589026358257,0.9112876254180602,141,2,2,11,156,13,8.33,0.26151779375954237,0.00446956128061659,0.994435157158854,0.09141057120184681
9999,10,D_raw_focal_W,14,0.1323009830000501,2.0,0.75,0.9743589743589743,0.8461538461538461,0.8461538461538461,0.916083916083916,0.9795589026358257,0.9112876254180602,141,2,2,11,156,13,8.33,0.26151779375954237,0.00446956128061659,0.994435157158854,0.09141057120184681
9999,10,E_all_ce_noW,15,0.17113205800001197,2.0,0.75,0.9743589743589743,0.8461538461538461,0.8461538461538461,0.916083916083916,0.9881656804733727,0.9389423076923076,141,2,2,11,156,13,8.33,0.27189641595687036,4.466335499317431e-08,0.9999989010364947,0.081859886524826
9999,10,F_all_ce_W,15,0.19203435299993998,2.0,0.75,0.9743589743589743,0.8461538461538461,0.8461538461538461,0.916083916083916,0.9865519096288327,0.9332579185520362,141,2,2,11,156,13,8.33,0.2692739197790554,1.2332670955802695e-07,0.9999997318426945,0.08070884039440242
9999,10,G_all_focal_noW,15,0.13494573399998444,2.0,0.75,0.9743589743589743,0.8461538461538461,0.8461538461538461,0.916083916083916,0.9768692845615923,0.9098510185466706,141,2,2,11,156,13,8.33,0.2618185588462302,0.003067478420359925,0.9948502825792364,0.0902303723699779
9999,10,H_all_focal_W,15,0.13796260399999483,2.0,0.75,0.9743589743589743,0.8461538461538461,0.8461538461538461,0.916083916083916,0.9768692845615923,0.9098510185466706,141,2,2,11,156,13,8.33,0.2618185588462302,0.003067478420359925,0.9948502825792364,0.0902303723699779
9999,10,LEGACY_A,14,0.16912464699998964,2.0,0.75,0.9743589743589743,0.8461538461538461,0.8461538461538461,0.916083916083916,0.9795589026358257,0.9285256410256411,141,2,2,11,156,13,8.33,0.2767779463681868,7.552942793721987e-08,0.9999995222142628,0.08581173604873008
9999,11,A_raw_ce_noW,14,0.17069322400004694,2.0,0.75,1.0,1.0,1.0,1.0,1.0,0.9999999999999998,143,0,0,14,157,14,8.92,0.2847762937352646,4.770629315187529e-08,0.9999985781805637,0.09015071295831825
9999,11,B_raw_ce_W,14,0.19516729500003294,2.0,0.75,0.9936305732484076,0.9333333333333333,1.0,0.981004234724743,1.0,0.9999999999999998,142,1,0,14,157,14,8.92,0.28907209085563956,1.616091874912384e-07,0.9999996355431564,0.0939686289813951
9999,11,C_raw_focal_noW,14,0.14177697000002354,2.0,0.75,1.0,1.0,1.0,1.0,1.0,0.9999999999999998,143,0,0,14,157,14,8.92,0.27525133732622087,0.003614968844936416,0.9929713347887811,0.10201333301180958
9999,11,D_raw_focal_W,14,0.14090423300001476,2.0,0.75,1.0,1.0,1.0,1.0,1.0,0.9999999999999998,143,0,0,14,157,14,8.92,0.27525133732622087,0.003614968844936416,0.9929713347887811,0.10201333301180958
9999,11,E_all_ce_noW,15,0.20338881099996797,2.0,0.75,1.0,1.0,1.0,1.0,1.0,0.9999999999999998,143,0,0,14,157,14,8.92,0.27865805030549384,4.3474453633809414e-08,0.9999992274398346,0.08821559232323543
9999,11,F_all_ce_W,15,0.19792069199991147,2.0,0.75,0.9936305732484076,0.9333333333333333,1.0,0.981004234724743,1.0,0.9999999999999998,142,1,0,14,157,14,8.92,0.289046474580314,1.548950942766175e-07,0.9999995700183703,0.09533284596177288
9999,11,G_all_focal_noW,15,0.15789944599998762,2.0,0.75,0.9936305732484076,1.0,0.9285714285714286,0.9797393212027359,1.0,0.9999999999999998,143,0,1,13,157,14,8.92,0.2705269376536542,0.0035751625472503,0.9947960005241023,0.09959153329466384
9999,11,H_all_focal_W,15,0.15296981899996354,2.0,0.75,0.9936305732484076,1.0,0.9285714285714286,0.9797393212027359,1.0,0.9999999999999998,143,0,1,13,157,14,8.92,0.2705269376536542,0.0035751625472503,0.9947960005241023,0.09959153329466384
9999,11,LEGACY_A,14,0.1807445120000466,2.0,0.75,0.9936305732484076,0.9333333333333333,1.0,0.981004234724743,1.0,0.9999999999999998,142,1,0,14,157,14,8.92,0.28747682336890634,2.6671969075433365e-08,0.9999994750448145,0.09294416631901929
9999,12,A_raw_ce_noW,14,0.16131911599995874,2.0,0.75,0.9745222929936306,1.0,0.7142857142857143,0.9097701149425288,0.9265734265734266,0.8452745235180974,143,0,4,10,157,14,8.92,0.2427842903833463,9.893233290047287e-08,0.9999979207451156,0.0638211744936276
9999,12,B_raw_ce_W,14,0.1640743799999882,2.0,0.75,0.9745222929936306,1.0,0.7142857142857143,0.9097701149425288,0.913086913086913,0.8424526585550233,143,0,4,10,157,14,8.92,0.24441290418530087,1.5833568673195814e-07,0.9999996731572189,0.06556186125431471
9999,12,C_raw_focal_noW,14,0.15055664999999863,2.0,0.75,0.9745222929936306,1.0,0.7142857142857143,0.9097701149425288,0.9325674325674326,0.8587118271221531,143,0,4,10,157,14,8.92,0.23236442037595714,0.005013067786406462,0.9889129696075343,0.07189881594615787
9999,12,D_raw_focal_W,14,0.15073512499998287,2.0,0.75,0.9745222929936306,1.0,0.7142857142857143,0.9097701149425288,0.9325674325674326,0.8587118271221531,143,0,4,10,157,14,8.92,0.23236442037595714,0.005013067786406462,0.9889129696075343,0.07189881594615787
9999,12,E_all_ce_noW,15,0.16178190799996628,2.0,0.75,0.9745222929936306,1.0,0.7142857142857143,0.9097701149425288,0.9405594405594405,0.8641924987693457,143,0,4,10,157,14,8.92,0.24284510755772004,1.159830881073208e-07,0.9999971593533596,0.06436930926271524
9999,12,F_all_ce_W,15,0.1153993719999562,2.0,0.75,0.9745222929936306,1.0,0.7142857142857143,0.9097701149425288,0.9370629370629371,0.8610134030728995,143,0,4,10,157,14,8.92,0.24411152600882216,1.9566288145712024e-07,0.999999646624227,0.06488768007610933
9999,12,G_all_focal_noW,15,0.10507450000000063,2.0,0.75,0.9745222929936306,1.0,0.7142857142857143,0.9097701149425288,0.936063936063936,0.8524581195668852,143,0,4,10,157,14,8.92,0.2333812786997795,0.006077343441001453,0.9886825174033419,0.07077755145212776
9999,12,H_all_focal_W,15,0.08850952800003142,2.0,0.75,0.9745222929936306,1.0,0.7142857142857143,0.9097701149425288,0.936063936063936,0.8524581195668852,143,0,4,10,157,14,8.92,0.2333812786997795,0.006077343441001453,0.9886825174033419,0.07077755145212776
9999,12,LEGACY_A,14,0.10542142199994942,2.0,0.75,0.9808917197452229,1.0,0.7857142857142857,0.9348096885813149,0.9315684315684316,0.8517917267917268,143,0,3,11,157,14,8.92,0.24852673137250014,4.275020494825765e-08,0.9999995519690641,0.06816736644610746
9999,13,A_raw_ce_noW,14,0.10878751000007014,2.0,0.75,0.9872611464968153,1.0,0.8571428571428571,0.9580662393162394,0.9995004995004995,0.9952380952380951,143,0,2,12,157,14,8.92,0.2670350457199529,4.4968271410282067e-08,0.9999993183118012,0.08042996242119574
9999,13,B_raw_ce_W,14,0.12000357600004463,2.0,0.75,0.9872611464968153,0.9285714285714286,0.9285714285714286,0.9607892107892109,0.9985014985014985,0.9859693877551021,142,1,1,13,157,14,8.92,0.27301393131185103,1.4893365607591075e-07,0.9999997619158146,0.08492231518388081
9999,13,C_raw_focal_noW,14,0.09529930500002592,2.0,0.75,0.9872611464968153,1.0,0.8571428571428571,0.9580662393162394,1.0,0.9999999999999999,143,0,2,12,157,14,8.92,0.25925677134368497,0.00330453771341279,0.993585275346412,0.09664798718151012
9999,13,D_raw_focal_W,14,0.09638137599995389,2.0,0.75,0.9872611464968153,1.0,0.8571428571428571,0.9580662393162394,1.0,0.9999999999999999,143,0,2,12,157,14,8.92,0.25925677134368497,0.00330453771341279,0.993585275346412,0.09664798718151012
9999,13,E_all_ce_noW,15,0.12382437700000537,2.0,0.75,0.9872611464968153,1.0,0.8571428571428571,0.9580662393162394,0.9995004995004995,0.9952380952380951,143,0,2,12,157,14,8.92,0.26627841303977884,3.7350164644559336e-08,0.9999987373137634,0.07862852235417184
9999,13,F_all_ce_W,15,0.15144809599996734,2.0,0.75,0.9936305732484076,1.0,0.9285714285714286,0.9797393212027359,0.9995004995004995,0.9952380952380953,143,0,1,13,157,14,8.92,0.2702214877438172,1.1479580559992407e-07,0.9999997645475817,0.08157398940208466
9999,13,G_all_focal_noW,15,0.1035239590000856,2.0,0.75,0.9872611464968153,1.0,0.8571428571428571,0.9580662393162394,0.9995004995004996,0.9952380952380951,143,0,2,12,157,14,8.92,0.25900110448049213,0.003973502717769248,0.9920476064899655,0.09683067361708048
9999,13,H_all_focal_W,15,0.09759032599993134,2.0,0.75,0.9872611464968153,1.0,0.8571428571428571,0.9580662393162394,0.9995004995004996,0.9952380952380951,143,0,2,12,157,14,8.92,0.25900110448049213,0.003973502717769248,0.9920476064899655,0.09683067361708048
9999,13,LEGACY_A,14,0.11092083300002287,2.0,0.75,0.9936305732484076,1.0,0.9285714285714286,0.9797393212027359,0.9995004995004995,0.9952380952380953,143,0,1,13,157,14,8.92,0.27511898664043005,3.5597247615258886e-08,0.99999963485184,0.08378054166393085
9999,14,A_raw_ce_noW,14,0.11343649800005551,2.0,0.75,0.9808917197452229,0.8666666666666667,0.9285714285714286,0.9430127041742287,0.9975024975024975,0.9778711484593836,141,2,1,13,157,14,8.92,0.287892791146636,3.0832208570546485e-08,0.9999990367637265,0.09472634950218684
9999,14,B_raw_ce_W,14,0.12646633400004248,2.0,0.75,0.9745222929936306,0.8125,0.9285714285714286,0.9262910798122066,0.997002997002997,0.9746031746031745,140,3,1,13,157,14,8.92,0.2955689112707753,1.2559271931901817e-07,0.9999997196481643,0.09982750248027189
9999,14,C_raw_focal_noW,14,0.09445236999999906,2.0,0.75,0.9745222929936306,0.8571428571428571,0.8571428571428571,0.9215784215784215,0.997002997002997,0.9746031746031745,141,2,2,12,157,14,8.92,0.27486201514206315,0.003391044079664494,0.9941292392038014,0.10408900179348013
9999,14,D_raw_focal_W,14,0.1103853770000569,2.0,0.75,0.9745222929936306,0.8571428571428571,0.8571428571428571,0.9215784215784215,0.997002997002997,0.9746031746031745,141,2,2,12,157,14,8.92,0.27486201514206315,0.003391044079664494,0.9941292392038014,0.10408900179348013
9999,14,E_all_ce_noW,15,0.12895256299998437,2.0,0.75,0.9745222929936306,0.8125,0.9285714285714286,0.9262910798122066,0.9975024975024975,0.9778711484593836,140,3,1,13,157,14,8.92,0.2975707595936881,3.359925224200438e-08,0.9999991645334799,0.10058068148861604
9999,14,F_all_ce_W,15,0.14002333199994155,2.0,0.75,0.9745222929936306,0.8125,0.9285714285714286,0.9262910798122066,0.9975024975024975,0.9778711484593836,140,3,1,13,157,14,8.92,0.29804775340173734,1.0759491134655464e-07,0.999999775024899,0.10120251427365061
9999,14,G_all_focal_noW,15,0.10216501399997924,2.0,0.75,0.9745222929936306,0.8125,0.9285714285714286,0.9262910798122066,0.997002997002997,0.974002100840336,140,3,1,13,157,14,8.92,0.28024057478019637,0.0029548101820353525,0.9943891396094546,0.10797473093439684
9999,14,H_all_focal_W,15,0.10048037800004295,2.0,0.75,0.9745222929936306,0.8125,0.9285714285714286,0.9262910798122066,0.997002997002997,0.974002100840336,140,3,1,13,157,14,8.92,0.28024057478019637,0.0029548101820353525,0.9943891396094546,0.10797473093439684
9999,14,LEGACY_A,14,0.11602760700009185,2.0,0.75,0.9872611464968153,0.9285714285714286,0.9285714285714286,0.9607892107892109,0.9980019980019981,0.9822929171668666,142,1,1,13,157,14,8.92,0.283297804470938,2.6657345098199388e-08,0.9999996781103645,0.09214166668628566
9999,15,A_raw_ce_noW,14,0.11202402499998243,2.0,0.75,1.0,1.0,1.0,1.0,1.0,1.0,143,0,0,13,156,13,8.33,0.27442098124007436,3.91225339286802e-08,0.9999994046760268,0.08271891973065196
9999,15,B_raw_ce_W,14,0.13521902200000113,2.0,0.75,1.0,1.0,1.0,1.0,1.0,1.0,143,0,0,13,156,13,8.33,0.27543129655918663,1.471670141990043e-07,0.9999998306574847,0.08304606158543258
9999,15,C_raw_focal_noW,14,0.10233329300001515,2.0,0.75,1.0,1.0,1.0,1.0,1.0,1.0,143,0,0,13,156,13,8.33,0.2631520399319635,0.00268212697948509,0.9946367290091103,0.08965126783197838
9999,15,D_raw_focal_W,14,0.09587192999993022,2.0,0.75,1.0,1.0,1.0,1.0,1.0,1.0,143,0,0,13,156,13,8.33,0.2631520399319635,0.00268212697948509,0.9946367290091103,0.08965126783197838
9999,15,E_all_ce_noW,15,0.12405291799996121,2.0,0.75,1.0,1.0,1.0,1.0,1.0,1.0,143,0,0,13,156,13,8.33,0.2730789573058316,3.961238533551325e-08,0.9999990949452031,0.08226100389365462
9999,15,F_all_ce_W,15,0.13647054599994135,2.0,0.75,1.0,1.0,1.0,1.0,1.0,1.0,143,0,0,13,156,13,8.33,0.27601723663173494,1.204131772152661e-07,0.9999997935928888,0.08323448933172937
9999,15,G_all_focal_noW,15,0.10009223199995176,2.0,0.75,1.0,1.0,1.0,1.0,1.0,1.0,143,0,0,13,156,13,8.33,0.2630298809548705,0.0026472660436704805,0.993806943010928,0.08784547893206864
9999,15,H_all_focal_W,15,0.10214629799997965,2.0,0.75,1.0,1.0,1.0,1.0,1.0,1.0,143,0,0,13,156,13,8.33,0.2630298809548705,0.0026472660436704805,0.993806943010928,0.08784547893206864
9999,15,LEGACY_A,14,0.11513396999998804,2.0,0.75,1.0,1.0,1.0,1.0,1.0,1.0,143,0,0,13,156,13,8.33,0.276128355182999,3.2884334035432387e-08,0.9999996336725329,0.08325904776581708
9999,16,A_raw_ce_noW,14,0.125151237999944,2.0,0.75,0.9872611464968153,1.0,0.8571428571428571,0.9580662393162394,0.9990009990009989,0.9901360544217687,143,0,2,12,157,14,8.92,0.2593506347918937,6.764997645315308e-08,0.9999987326726562,0.0743142982041807
9999,16,B_raw_ce_W,14,0.11732509699993443,2.0,0.75,0.9872611464968153,1.0,0.8571428571428571,0.9580662393162394,0.9990009990009989,0.9901360544217687,143,0,2,12,157,14,8.92,0.2644121850335244,1.6565933977617075e-07,0.9999997300206244,0.07615969625622726
9999,16,C_raw_focal_noW,14,0.09869207799999913,2.0,0.75,0.9872611464968153,1.0,0.8571428571428571,0.9580662393162394,0.9990009990009989,0.9901360544217687,143,0,2,12,157,14,8.92,0.24585368650583828,0.002428974703507293,0.994142183721827,0.08417281855723244
9999,16,D_raw_focal_W,14,0.09811769000009463,2.0,0.75,0.9872611464968153,1.0,0.8571428571428571,0.9580662393162394,0.9990009990009989,0.9901360544217687,143,0,2,12,157,14,8.92,0.24585368650583828,0.002428974703507293,0.994142183721827,0.08417281855723244
9999,16,E_all_ce_noW,15,0.12428528899999947,2.0,0.75,0.9872611464968153,1.0,0.8571428571428571,0.9580662393162394,0.9995004995004995,0.9952380952380953,143,0,2,12,157,14,8.92,0.2648458142359358,4.430257082577147e-08,0.9999985153443283,0.07621909854771883
9999,16,F_all_ce_W,15,0.1335829880000574,2.0,0.75,0.9872611464968153,1.0,0.8571428571428571,0.9580662393162394,0.9985014985014985,0.9873949579831932,143,0,2,12,157,14,8.92,0.2638158987087768,1.609394676466367e-07,0.9999996888594826,0.0760056074354544
9999,16,G_all_focal_noW,15,0.09901467499992123,2.0,0.75,0.9872611464968153,1.0,0.8571428571428571,0.9580662393162394,0.9990009990009989,0.9901360544217687,143,0,2,12,157,14,8.92,0.24495429635917726,0.0024217016850743233,0.9943436583247947,0.0825953642511576
9999,16,H_all_focal_W,15,0.11118887899999663,2.0,0.75,0.9872611464968153,1.0,0.8571428571428571,0.9580662393162394,0.9990009990009989,0.9901360544217687,143,0,2,12,157,14,8.92,0.24495429635917726,0.0024217016850743233,0.9943436583247947,0.0825953642511576
9999,16,LEGACY_A,14,0.12267606299997169,2.0,0.75,0.9872611464968153,1.0,0.8571428571428571,0.9580662393162394,0.999000999000999,0.9901360544217687,143,0,2,12,157,14,8.92,0.2650771716898998,5.641511915587143e-08,0.9999996473355035,0.07636644427863834
9999,17,A_raw_ce_noW,14,0.10752182200008065,2.0,0.75,0.9872611464968153,0.9285714285714286,0.9285714285714286,0.9607892107892109,0.993006993006993,0.9642857142857142,142,1,1,13,157,14,8.92,0.2837437243645127,3.140566768187751e-08,0.9999994838854106,0.08878078865815044
9999,17,B_raw_ce_W,14,0.11732937099998253,2.0,0.75,0.9872611464968153,0.9285714285714286,0.9285714285714286,0.9607892107892109,0.9905094905094904,0.9588744588744587,142,1,1,13,157,14,8.92,0.2846663345898032,6.954585602708547e-08,0.9999998378643901,0.08908010354756427
9999,17,C_raw_focal_noW,14,0.09479477299998962,2.0,0.75,0.9872611464968153,0.9285714285714286,0.9285714285714286,0.9607892107892109,0.9920079920079921,0.9619047619047618,142,1,1,13,157,14,8.92,0.274526698205174,0.0028497976590929576,0.9950991623381299,0.09649160565491956
9999,17,D_raw_focal_W,14,0.09735970700000962,2.0,0.75,0.9872611464968153,0.9285714285714286,0.9285714285714286,0.9607892107892109,0.9920079920079921,0.9619047619047618,142,1,1,13,157,14,8.92,0.274526698205174,0.0028497976590929576,0.9950991623381299,0.09649160565491956
9999,17,E_all_ce_noW,15,0.1216024870000183,2.0,0.75,0.9808917197452229,0.9230769230769231,0.8571428571428571,0.9392179636082074,0.9925074925074925,0.9591836734693877,142,1,2,12,157,14,8.92,0.2747420494966663,2.7842132776610824e-08,0.9999993763323355,0.08273367622737546
9999,17,F_all_ce_W,15,0.13432082700001047,2.0,0.75,0.9808917197452229,0.9230769230769231,0.8571428571428571,0.9392179636082074,0.9925074925074925,0.9591836734693877,142,1,2,12,157,14,8.92,0.2753321679423548,9.851832677813443e-08,0.9999997717213777,0.08340581035195298
9999,17,G_all_focal_noW,15,0.12206102799996188,2.0,0.75,0.9808917197452229,0.9230769230769231,0.8571428571428571,0.9392179636082074,0.9895104895104895,0.9528811524609844,142,1,2,12,157,14,8.92,0.26621731183896097,0.001776998080682403,0.9947173318831487,0.08979887515941672
9999,17,H_all_focal_W,15,0.09542603700003838,2.0,0.75,0.9808917197452229,0.9230769230769231,0.8571428571428571,0.9392179636082074,0.9895104895104895,0.9528811524609844,142,1,2,12,157,14,8.92,0.26621731183896097,0.001776998080682403,0.9947173318831487,0.08979887515941672
9999,17,LEGACY_A,14,0.10871507000001657,2.0,0.75,0.9872611464968153,0.9285714285714286,0.9285714285714286,0.9607892107892109,0.9905094905094904,0.9588744588744587,142,1,1,13,157,14,8.92,0.2846935171439448,3.109359954572522e-08,0.9999996619252239,0.08908234031179176
9999,18,A_raw_ce_noW,14,0.1124728980000782,2.0,0.75,1.0,1.0,1.0,1.0,1.0,0.9999999999999999,143,0,0,14,157,14,8.92,0.28429586952516034,4.473194568492396e-08,0.9999989200558203,0.08944137833802686
9999,18,B_raw_ce_W,14,0.12580531799994787,2.0,0.75,1.0,1.0,1.0,1.0,1.0,0.9999999999999999,143,0,0,14,157,14,8.92,0.2848643030395479,1.3717070505304046e-07,0.999999757317088,0.09032369539587257
9999,18,C_raw_focal_noW,14,0.09542294299990317,2.0,0.75,1.0,1.0,1.0,1.0,1.0,1.0,143,0,0,14,157,14,8.92,0.27467093083683863,0.004009258912727983,0.9913735175632529,0.10122406344827213
9999,18,D_raw_focal_W,14,0.31838733900008265,2.0,0.75,1.0,1.0,1.0,1.0,1.0,1.0,143,0,0,14,157,14,8.92,0.27467093083683863,0.004009258912727983,0.9913735175632529,0.10122406344827213
9999,18,E_all_ce_noW,15,0.12247192099994209,2.0,0.75,0.9936305732484076,0.9333333333333333,1.0,0.981004234724743,1.0,0.9999999999999999,142,1,0,14,157,14,8.92,0.2839286584895471,3.352203855112049e-08,0.9999979706074786,0.09185228570380388
9999,18,F_all_ce_W,15,0.13868442600005437,2.0,0.75,0.9936305732484076,0.9333333333333333,1.0,0.981004234724743,1.0,1.0,142,1,0,14,157,14,8.92,0.28655983225628173,1.236087928763684e-07,0.9999996779680107,0.0929496465782361
9999,18,G_all_focal_noW,15,0.09974834899992402,2.0,0.75,1.0,1.0,1.0,1.0,1.0,0.9999999999999999,143,0,0,14,157,14,8.92,0.2759213768963248,0.004025953061265421,0.9919278694767354,0.10398851703432281
9999,18,H_all_focal_W,15,0.10136466000005839,2.0,0.75,1.0,1.0,1.0,1.0,1.0,0.9999999999999999,143,0,0,14,157,14,8.92,0.2759213768963248,0.004025953061265421,0.9919278694767354,0.10398851703432281
9999,18,LEGACY_A,14,0.11683256200001324,2.0,0.75,0.9936305732484076,0.9333333333333333,1.0,0.981004234724743,1.0,0.9999999999999999,142,1,0,14,157,14,8.92,0.2867849073038737,3.14270778493083e-08,0.9999995783903463,0.09253358912520532
9999,19,A_raw_ce_noW,14,0.1081237250000413,2.0,0.75,0.9872611464968153,1.0,0.8571428571428571,0.9580662393162394,1.0,0.9999999999999999,143,0,2,12,157,14,8.92,0.2671187695053193,3.2838208443625664e-08,0.9999989276492596,0.08075881088833567
9999,19,B_raw_ce_W,14,0.14141046600002483,2.0,0.75,0.9872611464968153,1.0,0.8571428571428571,0.9580662393162394,1.0,0.9999999999999999,143,0,2,12,157,14,8.92,0.266071186734432,1.4776868428313654e-07,0.9999996894976526,0.08023503798922127
9999,19,C_raw_focal_noW,14,0.09446320600000035,2.0,0.75,0.9936305732484076,1.0,0.9285714285714286,0.9797393212027359,0.9995004995004995,0.9952380952380951,143,0,1,13,157,14,8.92,0.26217963298752417,0.0028100605383618855,0.9954206519222122,0.09505036374494175
9999,19,D_raw_focal_W,14,0.09843044499996267,2.0,0.75,0.9936305732484076,1.0,0.9285714285714286,0.9797393212027359,0.9995004995004995,0.9952380952380951,143,0,1,13,157,14,8.92,0.26217963298752417,0.0028100605383618855,0.9954206519222122,0.09505036374494175
9999,19,E_all_ce_noW,15,0.12451431600004526,2.0,0.75,1.0,1.0,1.0,1.0,1.0,0.9999999999999999,143,0,0,14,157,14,8.92,0.27297745573418797,3.269815835544075e-08,0.9999987520267386,0.08580704457791055
9999,19,F_all_ce_W,15,0.1345348819999117,2.0,0.75,1.0,1.0,1.0,1.0,1.0,0.9999999999999999,143,0,0,14,157,14,8.92,0.2789549508496397,1.2984745790950396e-07,0.9999996860180851,0.09035187067253986
9999,19,G_all_focal_noW,15,0.101262002999988,2.0,0.75,0.9872611464968153,0.9285714285714286,0.9285714285714286,0.9607892107892109,0.9995004995004995,0.9952380952380951,142,1,1,13,157,14,8.92,0.2643792977207773,0.0031968816697260064,0.9930880457198611,0.09949979461622534
9999,19,H_all_focal_W,15,0.09950156399997923,2.0,0.75,0.9872611464968153,0.9285714285714286,0.9285714285714286,0.9607892107892109,0.9995004995004995,0.9952380952380951,142,1,1,13,157,14,8.92,0.2643792977207773,0.0031968816697260064,0.9930880457198611,0.09949979461622534
9999,19,LEGACY_A,14,0.11694027600003665,2.0,0.75,0.9936305732484076,1.0,0.9285714285714286,0.9797393212027359,1.0,0.9999999999999999,143,0,1,13,157,14,8.92,0.27184475862142204,2.6845854397995984e-08,0.9999995680910161,0.08412291945045514
9999,20,A_raw_ce_noW,14,0.11280205200000637,2.0,0.75,1.0,1.0,1.0,1.0,1.0,0.9999999999999998,143,0,0,13,156,13,8.33,0.27633672879578497,3.609691128714939e-08,0.9999993050519629,0.08458984621769641
9999,20,B_raw_ce_W,14,0.12610930899995765,2.0,0.75,0.9935897435897436,0.9285714285714286,1.0,0.9797270955165691,1.0,1.0,142,1,0,13,156,13,8.33,0.2781465465986919,1.4998035150003947e-07,0.9999997779327829,0.08668087599666731
9999,20,C_raw_focal_noW,14,0.09771434399999634,2.0,0.75,1.0,1.0,1.0,1.0,1.0,0.9999999999999998,143,0,0,13,156,13,8.33,0.2664015658500054,0.0026532084306104837,0.995701425712689,0.09372686501593443
9999,20,D_raw_focal_W,14,0.14685599000006277,2.0,0.75,1.0,1.0,1.0,1.0,1.0,0.9999999999999998,143,0,0,13,156,13,8.33,0.2664015658500054,0.0026532084306104837,0.995701425712689,0.09372686501593443
9999,20,E_all_ce_noW,15,0.20224677099997734,2.0,0.75,1.0,1.0,1.0,1.0,1.0,0.9999999999999998,143,0,0,13,156,13,8.33,0.27752118605289156,3.406428595657528e-08,0.9999990593901485,0.08630955832535177
9999,20,F_all_ce_W,15,0.23294861500005482,2.0,0.75,0.9935897435897436,0.9285714285714286,1.0,0.9797270955165691,1.0,1.0,142,1,0,13,156,13,8.33,0.2833411589561349,1.4761633393733087e-07,0.9999998009969143,0.08900131291552739
9999,20,G_all_focal_noW,15,0.1544451869999648,2.0,0.75,1.0,1.0,1.0,1.0,1.0,0.9999999999999998,143,0,0,13,156,13,8.33,0.2682997503916879,0.0024861496157765166,0.9942504281518993,0.09438904834778707
9999,20,H_all_focal_W,15,0.15047891300002902,2.0,0.75,1.0,1.0,1.0,1.0,1.0,0.9999999999999998,143,0,0,13,156,13,8.33,0.2682997503916879,0.0024861496157765166,0.9942504281518993,0.09438904834778707
9999,20,LEGACY_A,14,0.17033503599998312,2.0,0.75,0.9935897435897436,0.9285714285714286,1.0,0.9797270955165691,1.0,1.0,142,1,0,13,156,13,8.33,0.2853881709501984,3.4681336681537955e-08,0.9999996230178352,0.0896433746356894
9999,21,A_raw_ce_noW,14,0.14699457800008986,2.0,0.75,0.9872611464968153,1.0,0.8571428571428571,0.9580662393162394,0.882117882117882,0.8718045112781954,143,0,2,12,157,14,8.92,0.26525740795930425,4.3336004936640734e-08,0.9999992328323785,0.07631361598838032
9999,21,B_raw_ce_W,14,0.16631342399989535,2.0,0.75,0.9872611464968153,1.0,0.8571428571428571,0.9580662393162394,0.9010989010989011,0.8749940752677977,143,0,2,12,157,14,8.92,0.26548660894602755,1.5193467573986144e-07,0.9999997566744941,0.07640653571325241
9999,21,C_raw_focal_noW,14,0.18321246299990435,2.0,0.75,0.9872611464968153,1.0,0.8571428571428571,0.9580662393162394,0.9145854145854146,0.8770875886098761,143,0,2,12,157,14,8.92,0.25192937650222524,0.0021581250221413763,0.9961455473700807,0.07827806113532493
9999,21,D_raw_focal_W,14,0.14986227899998994,2.0,0.75,0.9872611464968153,1.0,0.8571428571428571,0.9580662393162394,0.9145854145854146,0.8770875886098761,143,0,2,12,157,14,8.92,0.25192937650222524,0.0021581250221413763,0.9961455473700807,0.07827806113532493
9999,21,E_all_ce_noW,15,0.16931230000000141,2.0,0.75,0.9872611464968153,1.0,0.8571428571428571,0.9580662393162394,0.8856143856143858,0.8723095898859081,143,0,2,12,157,14,8.92,0.2645830011337105,4.2472180445038306e-08,0.9999988476801105,0.07611998957474367
9999,21,F_all_ce_W,15,0.19730929500008187,2.0,0.75,0.9872611464968153,1.0,0.8571428571428571,0.9580662393162394,0.9230769230769231,0.8800492610837436,143,0,2,12,157,14,8.92,0.2656156177274155,1.52070126421852e-07,0.9999997096106186,0.07643530892740964
9999,21,G_all_focal_noW,15,0.14144370400003936,2.0,0.75,0.9872611464968153,1.0,0.8571428571428571,0.9580662393162394,0.878121878121878,0.8713709740188983,143,0,2,12,157,14,8.92,0.25625011572618617,0.0021394611260889067,0.99648345078658,0.07953633763630574
9999,21,H_all_focal_W,15,0.13873662199989667,2.0,0.75,0.9872611464968153,1.0,0.8571428571428571,0.9580662393162394,0.878121878121878,0.8713709740188983,143,0,2,12,157,14,8.92,0.25625011572618617,0.0021394611260889067,0.99648345078658,0.07953633763630574
9999,21,LEGACY_A,14,0.17121349000001373,2.0,0.75,0.9872611464968153,1.0,0.8571428571428571,0.9580662393162394,0.885114885114885,0.872150133398011,143,0,2,12,157,14,8.92,0.26469681665260447,3.373500821782608e-08,0.9999995204622515,0.07615782418097937
9999,22,A_raw_ce_noW,14,0.17103523999992376,2.0,0.75,1.0,1.0,1.0,1.0,1.0,0.9999999999999999,143,0,0,14,157,14,8.92,0.28465266003066514,3.5520525563594853e-08,0.9999992585797021,0.08923927580341806
9999,22,B_raw_ce_W,14,0.17849964999993517,2.0,0.75,1.0,1.0,1.0,1.0,1.0,0.9999999999999999,143,0,0,14,157,14,8.92,0.2846592903097946,1.4715207685656734e-07,0.9999996750578065,0.08940262361313144
9999,22,C_raw_focal_noW,14,0.1378473470000472,2.0,0.75,1.0,1.0,1.0,1.0,1.0,0.9999999999999999,143,0,0,14,157,14,8.92,0.27568315307614816,0.0022616437478387573,0.9947870517185219,0.09926289421200624
9999,22,D_raw_focal_W,14,0.16350000700003875,2.0,0.75,1.0,1.0,1.0,1.0,1.0,0.9999999999999999,143,0,0,14,157,14,8.92,0.27568315307614816,0.0022616437478387573,0.9947870517185219,0.09926289421200624
9999,22,E_all_ce_noW,15,0.2149544829999286,2.0,0.75,0.9936305732484076,1.0,0.9285714285714286,0.9797393212027359,1.0,0.9999999999999999,143,0,1,13,157,14,8.92,0.27563484008471784,3.318232863951393e-08,0.9999992653066321,0.08524835816381697
9999,22,F_all_ce_W,15,0.20518599399997584,2.0,0.75,1.0,1.0,1.0,1.0,1.0,0.9999999999999999,143,0,0,14,157,14,8.92,0.28064406966106314,1.0732017878443203e-07,0.9999997548281602,0.08975313161893037
9999,22,G_all_focal_noW,15,0.1695432570001003,2.0,0.75,0.9872611464968153,0.9285714285714286,0.9285714285714286,0.9607892107892109,0.999000999000999,0.9910714285714285,142,1,1,13,157,14,8.92,0.2690897028237124,0.002643733129206984,0.9948213346204363,0.09842200859458884
9999,22,H_all_focal_W,15,0.16358732599996983,2.0,0.75,0.9872611464968153,0.9285714285714286,0.9285714285714286,0.9607892107892109,0.999000999000999,0.9910714285714285,142,1,1,13,157,14,8.92,0.2690897028237124,0.002643733129206984,0.9948213346204363,0.09842200859458884
9999,22,LEGACY_A,14,0.13539367199996377,2.0,0.75,1.0,1.0,1.0,1.0,1.0,0.9999999999999999,143,0,0,14,157,14,8.92,0.28452734858001255,2.9500642713464506e-08,0.999999575195187,0.0891333174945531
9999,23,A_raw_ce_noW,14,0.12792305799996484,2.0,0.75,0.9936305732484076,1.0,0.9285714285714286,0.9797393212027359,1.0,1.0,143,0,1,13,157,14,8.92,0.268576918756466,5.436047630187563e-08,0.9999991442562404,0.08250182724772671
9999,23,B_raw_ce_W,14,0.12750723900001049,2.0,0.75,1.0,1.0,1.0,1.0,1.0,1.0,143,0,0,14,157,14,8.92,0.2707237372661858,1.517692208054596e-07,0.9999997423296405,0.0840851161607638
9999,23,C_raw_focal_noW,14,0.1084026339999582,2.0,0.75,0.9872611464968153,1.0,0.8571428571428571,0.9580662393162394,0.9999999999999999,1.0,143,0,2,12,157,14,8.92,0.2597637279301509,0.003423982271066536,0.9930508316457022,0.0952391104423158
9999,23,D_raw_focal_W,14,0.09893115700003818,2.0,0.75,0.9872611464968153,1.0,0.8571428571428571,0.9580662393162394,0.9999999999999999,1.0,143,0,2,12,157,14,8.92,0.2597637279301509,0.003423982271066536,0.9930508316457022,0.0952391104423158
9999,23,E_all_ce_noW,15,0.12062917100001869,2.0,0.75,0.9936305732484076,1.0,0.9285714285714286,0.9797393212027359,1.0,1.0,143,0,1,13,157,14,8.92,0.2687814136832142,5.398889902606592e-08,0.9999987615820993,0.08294324316430841
9999,23,F_all_ce_W,15,0.1352238079999779,2.0,0.75,1.0,1.0,1.0,1.0,1.0,1.0,143,0,0,14,157,14,8.92,0.2786322542793208,1.3302151266293654e-07,0.9999997561960309,0.08845312345962583
9999,23,G_all_focal_noW,15,0.10209565699994982,2.0,0.75,0.9872611464968153,1.0,0.8571428571428571,0.9580662393162394,1.0,1.0,143,0,2,12,157,14,8.92,0.2583206111486147,0.0032186853472399935,0.9927158776221273,0.0945709739299933
9999,23,H_all_focal_W,15,0.09939353000004303,2.0,0.75,0.9872611464968153,1.0,0.8571428571428571,0.9580662393162394,1.0,1.0,143,0,2,12,157,14,8.92,0.2583206111486147,0.0032186853472399935,0.9927158776221273,0.0945709739299933
9999,23,LEGACY_A,14,0.12512782600003902,2.0,0.75,0.9936305732484076,1.0,0.9285714285714286,0.9797393212027359,1.0,1.0,143,0,1,13,157,14,8.92,0.2691534273270136,5.230589376752121e-08,0.9999995431569109,0.0829835917349499
9999,24,A_raw_ce_noW,14,0.1064398319999782,2.0,0.75,0.9808917197452229,0.9230769230769231,0.8571428571428571,0.9392179636082074,0.9980019980019981,0.981547619047619,142,1,2,12,157,14,8.92,0.2753216856600956,4.532034160147071e-08,0.9999989228234246,0.08491479792329994
9999,24,B_raw_ce_W,14,0.12603331700006493,2.0,0.75,0.9745222929936306,0.8571428571428571,0.8571428571428571,0.9215784215784215,0.9980019980019981,0.9815476190476191,141,2,2,12,157,14,8.92,0.28193556271729997,1.4327030144010412e-07,0.9999996466008639,0.08949783368927662
9999,24,C_raw_focal_noW,14,0.09840549500006546,2.0,0.75,0.9808917197452229,0.9230769230769231,0.8571428571428571,0.9392179636082074,0.9985014985014984,0.9859693877551019,142,1,2,12,157,14,8.92,0.2681798277534402,0.0028987134221402015,0.9922307284639935,0.09583721426715891
9999,24,D_raw_focal_W,14,0.09706367299997964,2.0,0.75,0.9808917197452229,0.9230769230769231,0.8571428571428571,0.9392179636082074,0.9985014985014984,0.9859693877551019,142,1,2,12,157,14,8.92,0.2681798277534402,0.0028987134221402015,0.9922307284639935,0.09583721426715891
9999,24,E_all_ce_noW,15,0.12243751599999086,2.0,0.75,0.9808917197452229,0.9230769230769231,0.8571428571428571,0.9392179636082074,0.9985014985014985,0.9846415489272632,142,1,2,12,157,14,8.92,0.2753951454026578,5.683270321252443e-08,0.999998784747772,0.08336224496611346
9999,24,F_all_ce_W,15,0.1379475310000089,2.0,0.75,0.9808917197452229,0.9230769230769231,0.8571428571428571,0.9392179636082074,0.998001998001998,0.9804748822605964,142,1,2,12,157,14,8.92,0.275608870474087,1.0778725054624879e-07,0.9999997418888733,0.08442111575545594
9999,24,G_all_focal_noW,15,0.1046722820000241,2.0,0.75,0.9808917197452229,0.9230769230769231,0.8571428571428571,0.9392179636082074,0.9985014985014985,0.985969387755102,142,1,2,12,157,14,8.92,0.26835702903723757,0.0030654411980517737,0.9908102857379532,0.09629865686449643
9999,24,H_all_focal_W,15,0.1014316329999474,2.0,0.75,0.9808917197452229,0.9230769230769231,0.8571428571428571,0.9392179636082074,0.9985014985014985,0.985969387755102,142,1,2,12,157,14,8.92,0.26835702903723757,0.0030654411980517737,0.9908102857379532,0.09629865686449643
9999,24,LEGACY_A,14,0.11374263999994128,2.0,0.75,0.9808917197452229,0.9230769230769231,0.8571428571428571,0.9392179636082074,0.9980019980019981,0.9822929171668666,142,1,2,12,157,14,8.92,0.27348201276231476,2.9746887063461772e-08,0.9999996489692411,0.08390051874345766
9999,25,A_raw_ce_noW,14,0.11020270799997434,2.0,0.75,0.9935897435897436,1.0,0.9230769230769231,0.9782578397212544,0.9876277568585261,0.9508547008547008,143,0,1,12,156,13,8.33,0.26397506368925067,3.6743130495485126e-08,0.9999992023961561,0.07625110249337527
9999,25,B_raw_ce_W,14,0.11909490200002892,2.0,0.75,0.9935897435897436,1.0,0.9230769230769231,0.9782578397212544,0.9822485207100591,0.9448160535117056,143,0,1,12,156,13,8.33,0.26262831157896804,1.0209180375452746e-07,0.9999997572130247,0.0761839270159294
9999,25,C_raw_focal_noW,14,0.09611356200002774,2.0,0.75,0.9935897435897436,1.0,0.9230769230769231,0.9782578397212544,0.9757934373318988,0.9403183023872677,143,0,1,12,156,13,8.33,0.2529261959175561,0.002251436893905625,0.9944633795223391,0.08519070440298351
9999,25,D_raw_focal_W,14,0.09645022699999117,2.0,0.75,0.9935897435897436,1.0,0.9230769230769231,0.9782578397212544,0.9757934373318988,0.9403183023872677,143,0,1,12,156,13,8.33,0.2529261959175561,0.002251436893905625,0.9944633795223391,0.08519070440298351
9999,25,E_all_ce_noW,15,0.12572219100002258,2.0,0.75,0.9871794871794872,1.0,0.8461538461538461,0.9548611111111112,0.991393222162453,0.9575596816976126,143,0,2,11,156,13,8.33,0.2564662252059595,3.084667176410404e-08,0.9999985501787626,0.07239840981450332
9999,25,F_all_ce_W,15,0.15143057900002077,2.0,0.75,0.9935897435897436,1.0,0.9230769230769231,0.9782578397212544,0.9870898332436795,0.9501039501039499,143,0,1,12,156,13,8.33,0.265802983891289,1.3891629320615549e-07,0.9999997525961325,0.07691160755721366
9999,25,G_all_focal_noW,15,0.09963344100003724,2.0,0.75,0.9935897435897436,1.0,0.9230769230769231,0.9782578397212544,0.9774072081764389,0.9412587412587412,143,0,1,12,156,13,8.33,0.25274744659301,0.003333242059941432,0.9951163292084774,0.08612283699123968
9999,25,H_all_focal_W,15,0.11286053200001334,2.0,0.75,0.9935897435897436,1.0,0.9230769230769231,0.9782578397212544,0.9774072081764389,0.9412587412587412,143,0,1,12,156,13,8.33,0.25274744659301,0.003333242059941432,0.9951163292084774,0.08612283699123968
9999,25,LEGACY_A,14,0.11564659699990898,2.0,0.75,0.9935897435897436,1.0,0.9230769230769231,0.9782578397212544,0.9827864443249059,0.9452991452991453,143,0,1,12,156,13,8.33,0.2652273050018311,2.9923798294402876e-08,0.999999631755578,0.0768708894674465
