school_code,geographic_zone,school_type,data_source,gender,age_at_start_of_academic_year,class_level,grade_repetition_count,term_1_attendance,term_2_attendance,term_3_attendance,english_exam_score,math_exam_score,science_exam_score,social_studies_exam_score,average_exam_score,leap_beneficiary_status,travel_time_to_school,mode_of_transport_to_school,govt_support,parent_guardian_education_level,parent_guardian_occupation,no_of_siblings_in_school,home_has_electricity,own_textbooks,daily_study_hours_at_home,safety_at_home,safety_at_school,teacher_support_rating,school_enjoyment,missed_school_for_choreswork,missed_school_due_to_illness,barriers_to_regular_attendance,family_income_level,parent_attends_school_events,behaviour_warnings_punishments,class_participation,extracurricular_activities,dropout_label
1,0,1,0,1,9.0,2,0,77.0,77.0,75.0,66.0,68.0,54.0,46,61.0,0,0,2,2,1,1,33,1,1,0,4.0,5.0,5.0,5.0,2,1,1,4,4,3,5.0,1,0
3,1,1,0,0,8.0,3,1,77.8,80.5,83.4,70.7,56.7,76.3,87,67.19999999999999,0,3,1,2,4,4,27,1,6,2,1.7,2.8,3.0,4.0,2,1,6,4,3,3,1.9,0,0
1,0,1,0,1,13.4,1,0,71.9,71.9,71.3,52.9,57.4,60.6,55,57.35,2,1,1,2,4,4,40,1,1,0,4.9,2.7,3.8,3.9,2,5,2,3,5,1,5.1,0,0
3,1,1,0,1,9.0,3,14,20.0,37.0,0.0,29.0,16.0,11.0,19,25.75,0,5,2,1,1,1,64,0,0,1,2.0,2.0,2.0,1.0,2,1,3,3,4,0,1.0,0,1
3,1,1,0,1,12.0,0,10,94.0,88.0,88.0,45.0,87.0,64.0,119,66.75,0,5,1,1,4,1,20,0,6,0,5.0,5.0,5.0,5.0,0,1,3,4,3,2,5.0,0,0
3,1,1,0,0,12.0,0,0,97.0,93.0,93.0,47.0,40.0,67.0,18,50.0,2,5,1,2,5,1,20,0,6,2,5.0,5.0,5.0,5.0,0,1,3,2,1,3,5.0,1,0
1,0,1,1,0,10.0,0,0,84.0,93.0,81.0,85.0,40.0,77.0,113,68.0,1,3,1,0,5,5,5,1,5,0,5.0,5.0,5.0,3.0,1,1,3,2,5,2,5.0,0,0
3,1,1,0,1,13.0,1,0,88.0,89.0,89.0,64.0,93.0,60.0,189,76.25,2,1,1,2,4,4,16,1,6,2,3.0,5.0,3.0,5.0,0,1,3,0,1,2,5.0,0,0
3,1,1,0,1,8.0,3,0,96.0,90.0,90.0,66.0,55.0,65.0,199,70.5,2,0,1,2,1,0,33,1,6,2,3.0,3.0,3.0,3.0,0,4,3,2,5,2,3.0,0,0
3,1,1,0,0,6.0,2,7,83.5,86.0,82.6,78.8,72.1,81.3,176,79.05,0,3,1,1,5,5,57,1,6,2,3.9,4.1,4.6,2.7,2,1,3,4,3,3,4.1,1,0
3,1,1,0,0,5.0,2,14,20.0,37.0,0.0,27.0,15.0,40.0,2,28.0,0,5,2,1,1,2,5,0,0,1,2.0,2.0,2.0,1.0,2,5,6,3,2,0,1.0,0,1
3,1,1,0,1,6.0,2,0,85.0,87.0,90.0,68.0,57.0,57.0,78,61.25,0,3,2,2,1,1,20,1,1,1,4.0,3.0,4.0,3.0,2,1,1,4,3,3,2.0,0,0
3,1,1,0,1,13.0,1,0,91.0,99.0,99.0,50.0,55.0,64.0,133,60.5,0,0,1,1,4,1,33,0,6,0,5.0,5.0,5.0,5.0,2,1,3,4,1,2,5.0,0,0
1,0,1,0,1,11.3,0,0,84.3,77.5,79.9,65.7,61.5,71.8,26,62.15,1,0,2,0,4,0,5,1,6,0,3.3,1.9,2.8,2.3,0,3,3,4,4,3,1.8,1,0
1,0,1,1,1,10.0,0,0,70.0,79.0,74.0,73.0,59.0,54.0,176,67.5,1,3,1,0,5,0,20,1,6,2,5.0,5.0,3.0,1.0,2,3,0,4,5,2,5.0,1,0
3,1,1,0,1,13.0,1,0,96.0,98.0,98.0,48.0,86.0,93.0,199,80.75,2,0,1,2,5,1,20,1,1,2,3.0,5.0,3.0,5.0,2,4,3,4,3,2,5.0,0,0
2,0,0,0,1,14.0,0,14,67.0,71.0,69.0,63.0,68.0,64.0,103,65.75,0,3,2,2,4,0,44,1,6,2,3.0,5.0,4.0,4.0,2,1,6,4,5,3,3.0,0,0
0,1,1,0,1,13.0,1,0,72.0,77.0,70.0,49.0,50.0,59.0,29,52.25,0,3,2,2,4,0,5,1,1,2,2.0,4.0,3.0,3.0,2,1,6,4,1,1,3.0,0,0
3,1,1,0,1,13.0,1,0,85.0,89.0,89.0,86.0,63.0,71.0,177,76.25,1,0,2,0,1,1,5,1,6,2,3.0,5.0,3.0,5.0,0,1,3,3,5,2,5.0,0,0
0,1,1,0,0,11.2,2,13,70.5,67.9,74.1,61.9,68.1,54.3,105,63.225,0,0,2,2,5,1,20,1,6,0,4.4,5.0,3.7,3.2,2,1,6,4,5,0,4.1,1,0
1,0,1,0,1,14.0,0,0,74.0,76.0,76.0,60.0,61.0,65.0,119,64.25,0,0,1,2,5,0,44,1,6,2,4.0,3.0,4.0,4.0,2,1,6,4,1,3,4.0,0,0
3,1,1,0,0,12.0,4,0,93.0,94.0,94.0,91.0,50.0,58.0,193,72.25,2,1,2,2,5,0,20,1,6,1,4.0,5.0,4.0,5.0,2,4,3,4,1,3,5.0,0,0
0,1,1,0,0,10.1,2,5,81.7,78.3,79.2,63.6,69.1,62.0,71,64.05,2,1,2,2,3,5,35,1,6,0,5.0,5.4,5.1,4.8,2,1,3,2,5,2,4.9,0,0
0,1,1,0,0,13.0,1,10,78.0,83.0,75.0,71.0,63.0,70.0,103,68.0,0,3,1,2,5,1,44,1,1,0,4.0,3.0,3.0,4.0,2,1,1,4,3,2,4.0,0,0
3,1,1,0,1,13.0,1,0,86.0,99.0,99.0,87.0,62.0,91.0,151,79.0,0,1,1,1,5,1,33,1,0,0,5.0,5.0,5.0,5.0,0,1,3,2,1,2,5.0,0,0
3,1,1,0,1,13.0,1,0,93.0,91.0,91.0,92.0,55.0,93.0,43,73.75,2,1,1,0,5,4,5,1,6,2,3.0,5.0,3.0,5.0,0,1,3,4,1,2,5.0,0,0
0,1,1,0,0,12.2,0,0,81.6,94.6,89.3,58.1,68.7,73.4,104,67.15,0,0,1,2,4,4,46,1,6,2,5.2,3.9,3.0,3.4,2,1,1,4,1,3,3.4,0,0
3,1,1,0,0,6.0,2,0,79.1,81.4,84.9,66.3,57.4,69.4,103,65.275,0,3,1,2,4,4,36,1,6,2,1.4,2.8,2.6,3.7,2,1,6,4,3,3,2.0,0,0
1,0,1,0,1,13.6,0,0,76.6,71.6,71.6,70.4,69.3,61.9,125,68.325,0,0,1,2,4,4,11,1,1,0,2.7,4.6,3.5,3.9,2,1,6,4,3,2,4.2,0,0
1,0,1,1,0,11.0,1,0,81.0,70.0,81.0,56.0,76.0,72.0,61,66.0,2,0,1,2,5,0,0,1,3,0,3.5,3.0,3.0,3.0,0,1,4,4,1,2,4.0,1,0
1,0,1,0,0,13.3,1,5,79.3,88.7,86.1,80.8,87.7,85.3,186,85.25,0,0,2,2,5,0,22,1,6,0,5.1,2.7,3.2,4.2,0,1,3,2,5,2,2.5,0,0
1,0,1,1,0,12.0,1,0,79.0,85.0,76.0,75.0,85.0,67.0,139,75.25,0,0,1,1,5,0,33,1,5,1,4.0,5.0,4.0,1.0,5,1,3,4,5,2,4.0,0,0
1,0,1,0,1,11.3,1,1,90.6,91.1,90.2,91.6,62.0,78.0,114,75.5,0,4,2,1,5,0,33,1,5,2,5.6,1.1,5.4,4.6,3,1,3,4,1,2,4.5,1,0
1,0,1,0,0,12.0,4,0,88.0,94.0,87.0,81.0,82.0,93.0,176,85.0,0,0,1,2,5,4,44,1,5,2,4.0,5.0,4.0,4.0,0,1,3,2,3,2,4.0,1,0
1,0,1,0,1,13.0,0,10,70.0,75.0,66.0,45.0,47.0,56.0,19,48.75,0,3,2,1,4,4,33,1,6,2,3.0,4.0,3.0,4.0,2,1,6,4,1,3,4.0,0,1
3,1,1,0,0,6.0,2,14,20.0,37.0,0.0,25.0,18.0,24.0,6,25.75,0,5,2,1,1,2,0,0,1,1,2.0,4.0,2.0,1.0,2,6,2,3,2,2,2.0,0,1
3,1,1,0,1,6.0,2,0,88.0,92.0,92.0,94.0,73.0,61.0,72,72.5,2,0,1,0,5,3,20,1,6,0,3.0,3.0,3.0,3.0,0,1,3,4,1,3,3.0,0,0
1,0,1,0,0,13.0,0,0,86.0,82.0,89.0,69.0,70.0,75.0,145,72.25,0,3,1,2,5,4,5,1,6,0,3.0,4.0,5.0,5.0,2,1,6,4,5,3,4.0,0,0
2,0,0,0,1,12.0,0,0,82.0,86.0,80.0,73.0,68.0,69.0,127,70.5,0,3,1,2,4,4,20,1,6,2,3.0,4.0,5.0,4.0,2,1,6,4,5,2,4.0,0,0
3,1,1,0,0,5.0,2,14,20.0,37.0,0.0,25.0,15.0,33.0,3,26.5,0,5,2,1,3,2,14,0,0,1,2.0,1.0,1.0,1.0,2,5,3,3,5,3,2.0,0,1
3,1,1,0,0,13.0,1,0,85.0,89.0,89.0,80.0,92.0,87.0,81,80.75,2,0,1,0,4,4,20,1,6,2,3.0,3.0,3.0,3.0,0,1,3,2,5,2,3.0,1,0
3,1,1,0,0,13.0,1,0,89.0,89.0,89.0,60.0,93.0,85.0,100,76.25,2,1,2,2,5,5,20,1,6,2,3.0,5.0,3.0,5.0,0,3,3,4,1,2,5.0,1,0
1,0,1,0,1,12.0,4,0,86.0,87.0,92.0,68.0,66.0,78.0,162,72.75,0,0,2,1,5,0,20,1,5,0,4.0,4.0,3.0,3.0,2,6,1,2,5,3,4.0,0,0
3,1,1,0,1,12.0,0,0,94.0,94.0,94.0,69.0,45.0,71.0,127,64.25,2,5,1,2,1,4,44,0,1,2,3.0,3.0,3.0,3.0,0,3,3,3,5,2,3.0,0,0
1,0,1,0,0,12.1,0,12,92.4,86.8,93.2,61.2,66.6,71.8,114,67.5,0,2,2,2,4,1,35,1,6,2,4.1,5.0,3.8,5.2,0,6,3,4,1,2,4.5,1,0
3,1,1,0,1,8.0,3,7,79.9,81.8,85.5,65.4,68.7,60.8,85,64.92500000000001,0,3,2,2,5,5,13,1,6,2,3.4,3.0,3.7,4.0,2,1,6,4,3,2,4.0,0,0
2,0,0,0,0,14.1,1,0,81.3,84.8,90.3,64.3,71.7,60.5,73,64.7,0,3,1,2,5,5,10,1,6,2,3.5,2.5,3.9,4.0,2,1,6,4,3,2,4.5,0,0
3,1,1,0,1,10.0,3,5,86.4,89.6,83.2,62.2,58.5,59.6,83,61.2,0,3,2,1,1,1,33,1,6,0,4.2,3.4,4.6,4.8,2,1,6,4,4,3,4.1,0,0
1,0,1,0,1,12.9,1,1,85.6,85.6,80.3,68.1,64.1,64.0,161,68.725,0,5,1,1,5,0,21,1,5,2,3.9,5.1,5.0,4.8,0,6,3,2,1,2,5.6,1,0
1,0,1,0,1,9.1,2,1,75.0,77.7,74.4,63.3,67.3,53.2,50,60.3,0,0,2,2,1,1,33,1,1,0,4.4,4.9,5.3,4.8,2,1,1,4,4,3,5.0,1,0
3,1,1,0,1,13.0,1,0,97.0,90.0,90.0,85.0,84.0,71.0,177,81.25,1,5,1,0,5,1,5,1,6,0,3.0,2.0,3.0,2.0,0,1,3,2,1,2,2.0,0,0
1,0,1,0,0,12.6,1,0,93.0,80.6,81.6,67.3,69.5,60.0,112,66.65,0,3,2,1,5,0,7,1,5,0,1.4,3.5,4.5,5.4,3,1,3,2,5,2,4.2,2,0
3,1,1,0,0,6.0,2,7,83.5,86.0,82.6,78.8,72.1,81.3,176,79.05,0,3,1,1,5,5,57,1,6,2,3.9,4.1,4.6,2.7,2,1,3,4,3,3,4.1,1,0
1,0,1,0,1,13.4,1,3,85.1,87.4,93.1,85.0,93.8,87.6,192,89.02499999999999,0,0,2,2,5,0,50,1,5,2,4.2,5.2,4.2,4.4,0,1,3,2,5,2,3.1,0,0
3,1,1,0,0,12.0,4,0,86.0,95.0,95.0,64.0,70.0,78.0,12,63.75,2,3,1,2,5,0,20,1,6,0,3.0,5.0,3.0,5.0,2,1,3,2,1,3,5.0,0,0
3,1,1,0,1,13.0,1,0,89.0,89.0,89.0,84.0,87.0,91.0,162,85.25,1,1,1,0,5,5,5,1,6,1,3.0,3.0,3.0,3.0,0,1,3,4,2,2,3.0,0,0
3,1,1,0,1,13.0,1,0,86.0,95.0,95.0,76.0,41.0,76.0,36,61.5,1,1,2,0,5,5,5,1,6,2,3.0,5.0,3.0,5.0,0,3,3,4,1,3,5.0,0,0
0,1,1,0,0,10.0,2,0,84.0,82.0,86.0,78.0,74.0,67.0,153,74.0,0,3,2,2,5,1,20,1,6,0,5.0,4.0,5.0,5.0,2,1,1,4,1,2,4.0,0,0
1,0,1,0,0,13.0,0,0,88.0,93.0,93.0,89.0,82.0,84.0,167,84.0,0,3,1,1,5,1,44,1,6,0,3.0,4.0,5.0,4.0,2,1,3,4,5,3,4.0,0,0
3,1,1,0,1,12.0,0,0,88.0,92.0,92.0,67.0,75.0,78.0,46,69.0,2,1,1,2,1,1,20,0,6,0,5.0,5.0,5.0,5.0,0,4,3,4,1,2,5.0,0,0
1,0,1,1,0,13.0,1,0,70.0,71.0,82.0,72.0,59.0,75.0,36,64.75,2,0,1,2,5,0,5,1,2,0,4.5,5.0,3.0,4.0,0,1,3,0,2,2,3.0,1,0
1,0,1,0,0,9.5,0,0,79.9,97.4,83.0,78.0,72.5,57.9,169,72.525,1,1,2,0,0,0,47,1,6,1,5.2,3.7,5.2,1.7,0,3,3,4,5,2,4.0,1,0
0,1,1,0,0,10.0,3,0,79.0,87.0,97.0,71.0,71.0,64.0,68,66.75,0,5,2,1,1,0,20,1,6,1,5.0,5.0,5.0,5.0,2,1,3,2,1,2,5.0,0,0
3,1,1,0,1,13.0,1,0,96.0,93.0,93.0,58.0,74.0,81.0,151,72.25,2,1,1,2,4,5,33,1,6,2,3.0,3.0,3.0,3.0,0,1,3,0,5,2,3.0,0,0
3,1,1,0,1,13.0,1,0,97.0,98.0,98.0,74.0,51.0,63.0,58,61.75,2,5,1,0,5,1,44,1,5,2,3.0,5.0,3.0,5.0,2,1,3,0,5,2,5.0,0,0
2,0,0,0,1,12.9,1,1,78.6,77.3,86.4,70.1,69.7,77.5,128,72.35,0,1,1,2,4,1,52,1,6,2,4.4,3.7,5.3,4.8,2,1,2,4,5,3,3.8,0,0
1,0,1,0,0,13.9,0,0,71.2,70.4,69.1,46.1,51.6,50.1,25,49.275000000000006,0,3,2,1,4,1,11,1,0,2,2.9,2.6,3.5,2.7,2,5,6,3,5,3,1.8,0,1
3,1,1,0,0,8.0,3,0,90.0,71.0,77.0,70.0,69.0,64.0,151,69.75,0,0,1,1,5,0,55,1,5,0,5.0,1.0,5.0,1.0,0,1,3,4,1,2,5.0,0,0
0,1,1,0,0,10.0,2,0,86.0,84.0,79.0,66.0,54.0,68.0,58,61.75,2,0,1,2,1,2,44,1,6,1,4.0,3.0,5.0,5.0,0,1,3,3,5,2,5.0,0,0
3,1,1,0,1,12.0,0,0,96.0,90.0,90.0,88.0,94.0,83.0,191,88.5,0,1,1,1,5,4,33,1,6,0,3.0,3.0,3.0,3.0,2,1,3,4,1,2,3.0,0,0
1,0,1,0,0,14.0,1,0,77.0,83.0,74.0,72.0,60.0,69.0,127,68.25,0,3,1,2,5,5,33,1,1,2,4.0,5.0,3.0,2.0,2,1,6,4,1,2,2.0,0,0
1,0,1,0,1,10.0,3,0,86.0,78.0,83.0,79.0,73.0,75.0,153,76.0,0,3,1,2,5,0,33,1,6,2,3.0,5.0,4.0,4.0,2,1,6,4,1,3,5.0,1,0
3,1,1,0,1,7.0,2,1,77.8,80.5,83.4,70.7,56.7,76.3,87,67.19999999999999,0,3,1,2,4,4,27,1,6,2,1.7,2.8,3.0,4.0,2,1,6,4,3,3,1.9,0,0
3,1,1,0,0,11.0,3,0,85.0,87.0,90.0,68.0,57.0,57.0,78,61.25,0,3,2,2,1,1,20,1,1,1,4.0,3.0,4.0,3.0,2,1,1,4,3,3,2.0,0,0
1,0,1,0,1,13.0,1,0,75.0,70.0,75.0,61.0,56.0,54.0,36,56.0,0,0,2,2,1,5,20,1,6,1,4.0,4.0,3.0,4.0,2,1,1,4,3,1,2.0,0,0
1,0,1,1,1,11.0,1,0,84.0,78.0,88.0,73.0,77.0,75.0,68,71.5,0,0,1,1,5,0,20,1,5,2,3.0,1.0,5.0,1.0,0,1,3,4,3,2,5.0,0,0
1,0,1,0,0,13.0,1,0,85.0,81.0,89.0,64.0,70.0,66.0,81,66.0,0,0,1,2,0,5,20,1,1,0,4.0,5.0,3.0,5.0,2,1,1,4,2,2,4.0,1,0
3,1,1,0,1,7.0,2,0,79.1,81.4,84.9,66.3,57.4,69.4,103,65.275,0,3,1,2,4,4,36,1,6,2,1.4,2.8,2.6,3.7,2,1,6,4,3,3,2.0,0,0
1,0,1,1,0,12.0,1,0,82.0,88.0,70.0,75.0,61.0,74.0,72,68.0,2,1,1,2,5,0,44,1,4,2,5.0,4.5,5.0,4.0,0,1,1,0,5,2,4.0,1,0
3,1,1,0,0,7.0,2,14,20.0,37.0,0.0,26.0,36.0,48.0,36,40.75,0,5,2,1,1,2,64,0,6,1,2.0,2.0,2.0,1.0,2,1,1,3,2,1,1.0,0,1
1,0,1,0,1,13.0,1,0,91.0,94.0,92.0,82.0,91.0,89.0,179,87.0,0,0,1,2,5,0,55,1,5,2,4.0,5.0,4.0,4.0,0,1,3,2,5,2,3.0,0,0
3,1,1,0,1,7.0,3,11,72.8,99.5,85.3,63.5,58.8,53.0,155,63.150000000000006,0,3,1,1,1,0,49,1,6,1,5.2,4.9,4.7,5.2,2,5,2,2,1,2,4.6,1,0
1,0,1,0,0,11.8,0,0,73.6,74.5,77.7,56.6,61.4,56.9,70,59.025000000000006,0,3,1,2,5,0,41,1,6,0,1.9,3.6,3.0,4.0,2,1,6,4,3,2,2.0,0,0
1,0,1,0,1,14.0,1,0,86.0,86.0,78.0,65.0,67.0,68.0,81,66.0,0,0,1,2,1,1,5,1,6,0,5.0,5.0,4.0,4.0,2,1,1,4,4,3,4.0,0,0
3,1,1,0,1,13.0,1,0,94.0,91.0,91.0,82.0,87.0,59.0,197,80.5,2,5,1,2,4,5,5,1,6,0,3.0,3.0,3.0,3.0,0,4,3,4,1,2,3.0,0,0
3,1,1,0,1,7.0,3,14,20.0,37.0,0.0,30.0,33.0,40.0,18,37.25,0,5,2,1,1,2,61,0,6,1,3.0,1.0,1.0,5.0,2,5,6,3,5,3,1.0,1,1
3,1,1,0,0,13.0,1,10,94.0,95.0,95.0,68.0,84.0,67.0,159,74.25,2,1,1,2,5,4,33,0,6,2,5.0,3.0,5.0,3.0,0,4,3,4,5,2,3.0,0,0
0,1,1,0,1,14.0,1,0,74.0,81.0,78.0,67.0,54.0,68.0,52,61.75,0,0,1,1,4,5,5,1,6,2,3.0,3.0,4.0,4.0,2,1,1,3,3,2,4.0,0,0
3,1,1,0,0,7.0,2,0,78.0,74.0,80.0,66.0,74.0,70.0,139,71.0,0,0,1,2,5,4,55,1,1,2,4.0,4.0,3.0,4.0,2,1,1,4,5,2,4.0,0,0
1,0,1,0,1,11.3,2,0,79.7,75.0,80.8,62.2,56.6,63.5,52,60.075,0,3,2,2,5,5,42,1,0,0,2.2,4.8,5.6,4.1,2,6,6,3,3,2,5.1,0,0
3,1,1,0,0,6.0,2,1,78.6,77.3,86.4,70.1,69.7,77.5,128,72.35,0,1,1,2,4,1,52,1,6,2,4.4,3.7,5.3,4.8,2,1,2,4,5,3,3.8,0,0
2,0,0,0,1,14.0,0,0,78.0,82.0,78.0,57.0,50.0,59.0,81,57.5,0,3,2,2,4,4,44,1,6,0,2.0,5.0,4.0,2.0,2,1,6,4,1,2,2.0,0,0
1,0,1,0,0,15.3,1,1,74.0,77.3,74.4,51.2,49.3,53.4,38,51.85,2,3,1,2,0,1,13,1,0,1,2.3,2.8,4.4,5.2,2,1,6,3,3,2,4.7,0,0
3,1,1,0,1,7.0,2,1,78.6,77.3,86.4,70.1,69.7,77.5,128,72.35,0,1,1,2,4,1,52,1,6,2,4.4,3.7,5.3,4.8,2,1,2,4,5,3,3.8,0,0
1,0,1,0,0,12.0,4,0,87.0,86.0,89.0,73.0,75.0,76.0,162,75.75,0,0,2,1,5,5,20,1,6,0,3.0,5.0,3.0,4.0,0,6,0,4,3,2,4.0,1,0
3,1,1,0,1,12.0,0,14,98.0,99.0,99.0,70.0,47.0,90.0,81,67.75,2,1,1,2,5,1,44,1,6,0,3.0,2.0,3.0,2.0,2,1,3,4,3,2,2.0,1,0
1,0,1,1,1,12.0,0,0,87.0,76.0,81.0,37.0,57.0,66.0,49,54.25,0,0,1,1,5,0,5,1,5,0,4.0,2.0,3.0,1.0,0,3,0,4,5,2,3.0,0,0
3,1,1,0,1,12.0,0,0,88.0,90.0,90.0,77.0,93.0,67.0,78,75.0,0,1,2,1,5,1,44,1,6,0,3.0,3.0,3.0,3.0,2,3,3,2,1,2,3.0,0,0
3,1,1,0,0,7.0,3,18,20.0,37.0,0.0,33.0,19.0,36.0,2,29.5,0,5,2,1,1,2,5,0,0,1,2.0,2.0,2.0,1.0,2,5,6,3,2,0,1.0,0,1
3,1,1,0,0,13.0,1,0,92.0,93.0,93.0,93.0,92.0,71.0,195,87.0,1,0,1,0,4,0,20,1,6,2,3.0,3.0,3.0,3.0,0,4,3,4,1,2,3.0,0,0
1,0,1,0,1,14.0,1,0,76.0,75.0,80.0,55.0,58.0,59.0,31,56.0,2,0,2,2,1,1,20,1,6,0,4.0,4.0,4.0,4.0,0,1,3,3,5,2,5.0,0,0
2,0,0,0,0,13.0,1,0,91.0,95.0,94.0,73.0,80.0,70.0,159,75.25,0,3,1,2,4,1,20,1,6,0,4.0,4.0,4.0,5.0,0,1,3,4,5,3,4.0,0,0
0,1,1,0,0,14.0,1,0,80.0,75.0,74.0,61.0,48.0,55.0,78,56.75,0,0,2,2,4,1,44,1,6,2,3.0,3.0,3.0,3.0,2,1,6,4,5,2,3.0,0,0
3,1,1,0,0,13.0,1,0,90.0,92.0,92.0,61.0,92.0,81.0,193,81.0,2,1,2,2,4,4,65,1,6,0,4.0,3.0,4.0,3.0,0,3,3,4,1,2,3.0,0,0
1,0,1,0,0,14.0,0,0,88.0,86.0,87.0,84.0,83.0,80.0,159,81.25,0,3,1,2,5,1,20,1,6,0,5.0,4.0,4.0,4.0,0,1,3,4,5,2,3.0,0,0
2,0,0,0,1,12.0,0,0,79.0,79.0,84.0,68.0,57.0,72.0,103,66.25,0,3,1,2,4,4,33,1,6,2,2.0,3.0,3.0,4.0,2,1,6,4,3,3,2.0,0,0
3,1,1,0,1,13.0,1,10,86.0,93.0,93.0,89.0,66.0,64.0,193,77.25,0,0,1,1,5,4,5,1,6,0,3.0,3.0,3.0,3.0,0,4,3,4,2,2,3.0,0,0
3,1,1,0,0,13.0,1,0,95.0,97.0,97.0,90.0,45.0,91.0,196,79.75,2,5,1,0,4,1,5,1,5,2,5.0,2.0,5.0,2.0,0,1,3,2,1,2,2.0,0,0
2,0,0,0,0,12.0,0,0,76.0,79.0,82.0,64.0,64.0,69.0,58,64.0,0,3,2,2,1,5,33,1,6,0,4.0,4.0,3.0,4.0,2,1,1,4,3,2,2.0,0,0
2,0,0,0,0,12.6,1,8,73.6,70.1,65.9,54.4,61.9,56.3,59,57.95,0,3,2,1,0,4,42,1,6,1,4.1,4.4,3.6,4.1,2,6,6,4,2,2,2.8,0,0
3,1,1,0,0,12.0,4,0,95.0,88.0,88.0,71.0,55.0,60.0,127,64.5,2,3,1,2,1,0,33,1,6,2,4.0,5.0,4.0,5.0,2,1,3,4,5,2,5.0,0,0
3,1,1,0,0,12.0,0,0,97.0,99.0,99.0,70.0,71.0,69.0,39,66.0,2,5,1,2,4,4,44,0,6,2,5.0,5.0,5.0,5.0,0,1,3,3,1,3,5.0,1,0
0,1,1,0,0,13.0,0,10,84.0,90.0,81.0,79.0,76.0,82.0,176,80.25,0,3,1,1,5,5,55,1,6,2,4.0,4.0,4.0,3.0,2,1,3,4,3,3,4.0,1,0
3,1,1,0,0,13.0,1,0,91.0,97.0,97.0,89.0,83.0,81.0,100,80.0,2,1,1,2,5,5,20,1,6,2,3.0,5.0,3.0,5.0,0,1,3,4,1,2,5.0,0,0
3,1,1,0,1,13.0,1,0,87.0,92.0,92.0,87.0,95.0,90.0,81,84.0,2,5,1,0,4,4,33,1,5,2,3.0,5.0,3.0,5.0,0,1,3,0,5,2,5.0,1,0
3,1,1,0,1,6.0,2,14,20.0,37.0,0.0,64.0,33.0,36.0,43,47.0,0,5,2,1,1,1,5,0,0,1,2.0,2.0,2.0,1.0,2,5,5,3,2,1,1.0,0,1
3,1,1,0,1,7.0,2,7,83.5,86.0,82.6,78.8,72.1,81.3,176,79.05,0,3,1,1,5,5,57,1,6,2,3.9,4.1,4.6,2.7,2,1,3,4,3,3,4.1,1,0
3,1,1,0,1,9.0,3,0,75.0,79.0,76.0,66.0,66.0,71.0,86,67.0,0,3,2,1,4,1,33,1,6,2,3.0,5.0,4.0,4.0,2,6,6,4,5,3,4.0,0,0
1,0,1,0,1,9.0,2,0,85.0,91.0,83.0,74.0,75.0,66.0,113,71.25,0,0,2,2,4,1,44,1,1,0,4.0,3.0,5.0,4.0,2,1,1,4,3,3,5.0,0,0
3,1,1,0,1,13.0,1,0,87.0,99.0,99.0,94.0,56.0,65.0,185,75.5,1,0,2,0,4,1,33,1,0,2,3.0,5.0,3.0,5.0,0,1,3,3,3,2,5.0,0,0
1,0,1,0,1,13.0,0,0,88.0,93.0,92.0,75.0,75.0,69.0,107,72.0,0,1,1,2,1,4,55,1,6,0,4.0,3.0,4.0,4.0,0,6,2,2,3,2,3.0,0,0
0,1,1,0,0,11.0,3,10,87.0,70.0,83.0,77.0,52.0,80.0,133,70.5,0,5,2,1,1,0,20,1,6,1,5.0,5.0,5.0,5.0,2,5,1,2,1,2,5.0,2,0
1,0,1,0,1,13.0,1,0,79.0,79.0,76.0,65.0,79.0,71.0,127,71.75,0,0,2,2,4,1,20,1,6,0,5.0,4.0,4.0,3.0,2,1,1,4,3,2,4.0,1,0
3,1,1,0,0,12.0,4,0,88.0,88.0,88.0,94.0,89.0,52.0,197,82.25,2,3,2,2,1,4,33,1,6,2,4.0,2.0,4.0,2.0,2,1,3,3,5,3,2.0,0,0
1,0,1,1,1,13.0,1,0,76.0,82.0,74.0,64.0,55.0,88.0,113,69.25,0,1,1,1,4,0,33,1,3,2,5.0,2.0,3.0,3.0,0,5,3,0,5,2,4.0,1,0
3,1,1,0,0,6.0,2,14,20.0,37.0,0.0,27.0,27.0,14.0,81,33.0,0,1,2,1,3,1,18,0,1,1,3.0,1.0,2.0,5.0,2,5,5,3,2,3,2.0,0,1
0,1,1,0,1,9.0,2,0,80.0,85.0,79.0,64.0,59.0,60.0,100,62.5,2,3,2,2,4,5,20,1,0,2,4.0,4.0,4.0,2.0,0,1,3,3,4,2,2.0,0,0
1,0,1,0,0,14.0,1,0,79.0,83.0,85.0,70.0,60.0,65.0,93,65.25,0,3,1,2,5,1,5,1,1,0,3.0,3.0,3.0,4.0,2,6,6,4,3,3,2.0,0,0
3,1,1,0,1,13.0,1,0,95.0,91.0,91.0,87.0,75.0,54.0,198,77.75,0,0,1,1,5,1,33,0,0,2,3.0,3.0,3.0,3.0,0,4,3,4,1,3,3.0,0,0
1,0,1,0,1,11.1,1,0,84.0,86.1,77.1,73.8,66.3,71.8,123,70.82499999999999,0,0,1,1,5,0,13,1,5,0,4.1,1.2,1.8,4.4,2,1,3,4,5,2,4.9,1,0
3,1,1,0,1,13.0,1,0,93.0,99.0,99.0,81.0,43.0,93.0,196,77.5,1,1,2,0,0,0,20,1,6,0,4.0,5.0,4.0,5.0,2,3,3,4,3,2,5.0,0,0
1,0,1,0,1,14.1,0,5,74.2,73.0,75.0,61.4,60.4,66.6,108,64.375,0,0,1,2,5,0,44,1,6,2,4.2,3.2,3.8,4.6,2,1,6,4,1,3,4.3,0,0
1,0,1,0,0,11.1,0,0,76.8,74.4,76.4,85.1,76.1,57.7,160,74.32499999999999,0,0,1,1,5,0,29,1,5,0,5.1,3.2,4.2,3.2,0,1,2,4,1,2,4.2,0,0
3,1,1,0,1,7.0,2,7,83.5,86.0,82.6,78.8,72.1,81.3,176,79.05,0,3,1,1,5,5,57,1,6,2,3.9,4.1,4.6,2.7,2,1,3,4,3,3,4.1,1,0
1,0,1,0,0,14.0,1,0,72.0,76.0,73.0,68.0,69.0,70.0,119,69.5,0,1,1,2,5,5,55,1,6,2,3.0,4.0,5.0,5.0,2,6,2,4,5,0,5.0,0,0
3,1,1,0,1,13.0,1,0,88.0,97.0,97.0,49.0,57.0,94.0,68,65.25,1,1,1,0,5,5,33,1,6,1,3.0,3.0,3.0,3.0,0,1,3,0,5,2,3.0,0,0
3,1,1,0,1,13.0,1,0,95.0,91.0,91.0,61.0,91.0,70.0,198,79.25,2,3,1,2,1,5,60,1,1,2,4.0,3.0,4.0,3.0,0,1,3,2,1,2,3.0,0,0
3,1,1,0,1,12.0,0,0,98.0,93.0,93.0,88.0,58.0,81.0,9,67.0,0,1,1,1,1,4,20,0,5,2,3.0,3.0,3.0,3.0,0,1,3,3,5,2,3.0,0,0
3,1,1,0,1,8.0,3,7,79.9,81.8,85.5,65.4,68.7,60.8,85,64.92500000000001,0,3,2,2,5,5,13,1,6,2,3.4,3.0,3.7,4.0,2,1,6,4,3,2,4.0,0,0
3,1,1,0,1,8.0,3,0,96.0,99.0,99.0,90.0,76.0,89.0,199,87.75,1,0,1,0,4,5,33,1,6,2,4.0,5.0,4.0,5.0,0,3,3,3,1,2,5.0,0,0
3,1,1,0,1,12.0,0,0,88.0,87.0,87.0,95.0,67.0,50.0,81,69.0,0,1,1,1,4,5,20,1,6,0,5.0,3.0,5.0,3.0,2,4,3,2,5,2,3.0,0,0
3,1,1,0,1,8.0,3,0,95.0,98.0,98.0,61.0,57.0,80.0,191,71.75,2,1,1,2,1,4,44,0,6,0,4.0,5.0,4.0,5.0,0,3,3,4,1,2,5.0,0,0
1,0,1,0,0,13.0,0,0,68.0,76.0,69.0,61.0,62.0,62.0,119,64.0,0,1,1,2,5,4,55,1,1,0,4.0,5.0,3.0,3.0,2,5,2,4,3,1,3.0,0,0
0,1,1,0,1,13.0,4,10,83.0,85.0,79.0,65.0,64.0,72.0,86,66.5,2,3,2,2,3,1,33,1,6,0,1.0,5.0,5.0,5.0,2,5,5,2,1,2,3.0,0,0
3,1,1,0,0,12.0,0,10,86.0,89.0,89.0,77.0,82.0,93.0,195,86.0,0,5,1,1,5,5,5,0,6,0,5.0,2.0,5.0,2.0,0,1,3,4,1,2,2.0,0,0
3,1,1,0,1,12.0,0,10,98.0,89.0,89.0,69.0,82.0,92.0,113,78.25,0,1,2,1,1,4,33,0,6,0,3.0,5.0,3.0,5.0,0,1,3,4,5,2,5.0,0,0
3,1,1,0,1,7.0,2,0,75.4,71.0,74.7,62.2,67.1,66.2,37,62.225,0,0,2,2,5,5,13,1,6,2,3.0,3.7,3.2,2.9,2,6,6,4,5,0,2.0,0,0
3,1,1,0,0,13.0,1,0,90.0,96.0,96.0,45.0,90.0,86.0,179,76.75,1,0,2,0,5,4,20,1,6,2,3.0,3.0,3.0,3.0,0,4,3,4,3,2,3.0,0,0
3,1,1,0,1,9.0,3,14,20.0,37.0,0.0,34.0,25.0,38.0,1,30.5,0,5,2,1,1,2,5,0,1,1,2.0,2.0,2.0,1.0,2,5,5,3,2,2,1.0,0,1
3,1,1,0,0,13.0,1,0,89.0,97.0,97.0,59.0,94.0,62.0,191,76.0,2,1,1,2,4,5,33,1,6,2,2.0,5.0,2.0,5.0,2,3,3,4,1,2,5.0,0,0
3,1,1,0,0,9.0,3,0,89.0,87.0,87.0,87.0,47.0,64.0,191,71.75,2,0,1,2,4,0,33,1,6,0,4.0,3.0,4.0,3.0,0,4,3,2,1,2,3.0,0,0
3,1,1,0,0,5.0,2,0,91.0,89.0,89.0,77.0,95.0,74.0,46,75.5,1,1,1,0,4,3,33,1,6,0,3.0,5.0,3.0,5.0,0,4,3,4,3,2,5.0,1,0
3,1,1,0,1,7.0,2,2,76.6,77.8,86.3,65.2,65.1,70.2,63,65.225,0,3,2,2,1,5,36,1,6,0,3.8,3.8,3.5,3.8,2,1,1,4,3,2,1.8,0,0
1,0,1,0,1,10.4,0,2,72.6,87.8,83.0,74.8,74.5,65.8,66,68.97500000000001,1,3,1,0,0,5,44,1,5,2,5.1,1.9,2.7,2.0,0,3,3,1,5,2,3.0,1,0
3,1,1,0,1,13.0,1,0,86.0,90.0,90.0,93.0,58.0,86.0,171,79.75,1,1,1,0,5,5,5,1,6,2,5.0,5.0,5.0,5.0,2,4,3,2,1,2,5.0,0,0
1,0,1,0,1,14.0,0,0,80.0,87.0,81.0,82.0,73.0,83.0,171,80.0,0,1,1,1,5,4,20,1,6,0,4.0,3.0,4.0,4.0,0,1,2,4,5,3,4.0,0,0
3,1,1,0,0,8.0,3,1,77.8,80.5,83.4,70.7,56.7,76.3,87,67.19999999999999,0,3,1,2,4,4,27,1,6,2,1.7,2.8,3.0,4.0,2,1,6,4,3,3,1.9,0,0
3,1,1,0,0,12.0,0,0,98.0,96.0,96.0,49.0,49.0,52.0,133,55.75,2,5,1,2,4,0,33,1,6,0,3.0,2.0,3.0,2.0,2,1,3,4,5,2,2.0,0,0
3,1,1,0,0,12.0,0,0,88.0,87.0,87.0,60.0,85.0,93.0,193,82.0,0,5,1,1,5,0,65,0,6,0,5.0,5.0,5.0,5.0,0,4,3,3,1,2,5.0,0,0
1,0,1,0,0,12.0,0,10,95.0,91.0,95.0,61.0,66.0,71.0,113,67.0,0,2,1,2,4,1,33,1,6,2,4.0,5.0,4.0,5.0,0,6,3,4,1,2,4.0,0,0
2,0,0,0,1,13.0,1,0,78.0,81.0,82.0,75.0,68.0,76.0,133,73.0,0,1,2,2,4,1,55,1,6,2,4.0,4.0,5.0,5.0,2,1,2,4,5,3,4.0,0,0
1,0,1,0,1,13.0,0,0,78.0,76.0,73.0,74.0,63.0,63.0,119,67.75,0,1,1,2,5,1,20,1,1,0,3.0,3.0,5.0,4.0,2,1,2,4,3,2,5.0,0,0
1,0,1,0,0,12.9,0,0,87.3,88.2,94.3,93.5,85.2,82.8,183,87.0,0,3,1,1,5,1,44,1,6,0,3.4,3.9,5.0,4.3,2,1,3,4,5,3,3.7,3,0
3,1,1,0,1,8.0,3,0,95.0,98.0,98.0,61.0,57.0,80.0,191,71.75,2,1,1,2,1,4,44,0,6,0,4.0,5.0,4.0,5.0,0,3,3,4,1,2,5.0,0,0
3,1,1,0,1,8.0,3,0,90.0,71.0,77.0,70.0,69.0,64.0,151,69.75,0,0,1,1,5,0,55,1,5,0,5.0,1.0,5.0,1.0,0,1,3,4,1,2,5.0,0,0
3,1,1,0,1,13.0,1,0,89.0,88.0,88.0,57.0,86.0,62.0,127,69.25,1,5,1,0,4,0,5,1,6,0,5.0,3.0,5.0,3.0,0,1,3,2,1,3,3.0,0,0
1,0,1,0,1,9.2,2,0,85.6,93.5,80.9,64.4,61.1,66.3,134,66.30000000000001,0,0,2,2,1,5,7,1,6,1,4.0,4.6,4.4,4.1,0,6,3,4,4,2,3.3,1,0
3,1,1,0,1,8.0,2,1,77.8,80.5,83.4,70.7,56.7,76.3,87,67.19999999999999,0,3,1,2,4,4,27,1,6,2,1.7,2.8,3.0,4.0,2,1,6,4,3,3,1.9,0,0
1,0,1,0,0,13.0,0,0,82.0,85.0,91.0,76.0,75.0,72.0,165,75.75,0,0,2,2,4,5,20,1,5,2,4.0,3.0,4.0,2.0,0,6,0,2,3,0,4.0,1,0
0,1,1,0,0,10.2,3,13,79.9,84.6,70.8,67.2,64.8,76.7,182,73.775,0,3,2,1,5,1,41,1,6,0,4.9,5.0,5.3,4.8,2,6,2,4,1,3,4.5,0,0
1,0,1,0,1,14.0,0,1,88.0,95.5,82.9,77.9,81.1,73.4,175,79.05,0,1,1,2,4,0,36,1,6,0,4.1,4.1,4.3,4.0,0,1,2,4,5,3,2.6,0,0
1,0,1,0,1,11.2,0,2,86.7,75.1,85.4,63.9,66.1,71.7,28,63.025,1,0,1,0,4,0,2,1,6,0,2.9,2.0,2.9,3.0,0,3,3,4,4,3,2.0,1,0
1,0,1,0,0,10.0,1,3,94.4,90.2,76.4,79.3,76.2,78.8,67,73.8,0,3,2,1,5,0,42,1,5,0,3.5,5.4,4.6,3.0,0,1,3,2,2,2,5.3,1,0
3,1,1,0,1,13.0,1,0,92.0,87.0,87.0,85.0,59.0,72.0,119,71.75,2,0,2,2,4,1,44,1,5,1,5.0,5.0,5.0,5.0,0,1,3,0,5,3,5.0,0,0
3,1,1,0,1,13.0,1,0,96.0,94.0,94.0,77.0,94.0,71.0,153,79.75,2,1,2,0,4,1,33,1,6,0,2.0,5.0,2.0,5.0,0,1,3,2,1,3,5.0,1,0
3,1,1,0,1,10.0,3,10,88.0,92.0,92.0,88.0,71.0,73.0,12,68.75,2,1,1,2,4,5,20,0,6,2,3.0,3.0,3.0,3.0,0,3,3,2,5,3,3.0,0,0
3,1,1,0,0,8.0,3,10,88.0,92.0,92.0,88.0,71.0,73.0,12,68.75,2,1,1,2,4,5,20,0,6,2,3.0,3.0,3.0,3.0,0,3,3,2,5,3,3.0,0,0
2,0,0,0,1,14.0,0,0,70.0,71.0,70.0,70.0,67.0,58.0,127,66.75,0,1,1,1,5,1,44,1,6,0,3.0,4.0,4.0,5.0,2,5,2,4,3,0,4.0,0,0
3,1,1,0,0,13.0,1,0,92.0,92.0,92.0,54.0,66.0,84.0,196,74.25,2,0,1,0,5,0,5,1,6,2,3.0,5.0,3.0,5.0,0,3,3,4,5,3,5.0,0,0
0,1,1,0,0,11.0,3,0,89.0,81.0,74.0,95.0,69.0,69.0,107,75.5,0,5,2,1,1,0,20,1,6,1,5.0,5.0,5.0,5.0,2,1,3,2,1,2,5.0,0,0
0,1,1,0,0,12.0,4,0,82.0,73.0,72.0,66.0,87.0,66.0,39,68.25,1,5,1,0,4,0,44,1,5,1,5.0,5.0,5.0,5.0,2,5,3,2,1,2,5.0,0,0
0,1,1,0,0,9.0,2,0,87.0,77.0,82.0,65.0,74.0,72.0,165,72.75,0,1,2,1,1,4,33,1,6,0,1.0,5.0,5.0,5.0,0,1,5,2,5,2,3.0,0,0
0,1,1,0,0,11.0,2,10,73.0,69.0,73.0,64.0,68.0,57.0,93,63.75,0,0,1,2,5,1,20,1,6,0,4.0,5.0,4.0,3.0,2,1,6,4,5,0,4.0,1,0
1,0,1,0,0,14.0,1,0,74.0,75.0,74.0,68.0,55.0,63.0,103,63.5,0,0,2,2,4,0,5,1,6,0,4.0,5.0,3.0,2.0,2,6,6,2,3,3,2.0,0,0
3,1,1,0,0,6.0,2,0,85.0,87.0,90.0,68.0,57.0,57.0,78,61.25,0,3,2,2,1,1,20,1,1,1,4.0,3.0,4.0,3.0,2,1,1,4,3,3,2.0,0,0
3,1,1,0,0,7.0,2,14,20.0,37.0,0.0,25.0,27.0,25.0,36,32.5,0,5,2,1,2,2,31,0,1,1,3.0,1.0,2.0,5.0,2,1,2,3,4,1,1.0,0,1
1,0,1,1,0,10.0,0,0,73.0,88.0,91.0,69.0,80.0,72.0,78,71.0,1,0,1,0,5,0,20,1,5,0,4.0,3.0,2.0,3.0,0,3,3,4,0,2,3.0,0,0
3,1,1,0,1,7.0,3,18,20.0,37.0,0.0,61.0,19.0,39.0,14,40.75,0,5,2,1,1,2,5,0,1,1,3.0,4.0,3.0,5.0,2,7,5,3,5,3,1.0,0,1
3,1,1,0,0,6.0,2,0,78.0,74.0,80.0,66.0,74.0,70.0,139,71.0,0,0,1,2,5,4,55,1,1,2,4.0,4.0,3.0,4.0,2,1,1,4,5,2,4.0,0,0
3,1,1,0,0,7.0,3,0,96.0,99.0,99.0,90.0,76.0,89.0,199,87.75,1,0,1,0,4,5,33,1,6,2,4.0,5.0,4.0,5.0,0,3,3,3,1,2,5.0,0,0
3,1,1,0,1,7.0,2,0,92.0,85.0,93.0,69.0,57.0,68.0,103,65.5,0,3,2,2,1,1,5,1,1,0,5.0,4.0,1.0,2.0,0,1,3,4,5,1,2.0,0,0
3,1,1,0,1,10.0,3,0,85.0,87.0,90.0,68.0,57.0,57.0,78,61.25,0,3,2,2,1,1,20,1,1,1,4.0,3.0,4.0,3.0,2,1,1,4,3,3,2.0,0,0
2,0,0,0,1,11.7,0,0,81.7,89.4,79.7,78.4,65.7,72.6,112,71.625,0,3,1,2,4,4,24,1,6,2,2.6,4.0,4.5,3.8,2,1,6,4,5,2,4.0,0,0
3,1,1,0,0,7.0,3,0,74.0,82.0,82.0,75.0,76.0,57.0,39,65.5,0,5,1,1,5,0,33,1,5,0,4.0,5.0,5.0,5.0,0,1,3,2,1,2,5.0,1,0
2,0,0,0,0,13.9,0,4,86.9,78.4,79.3,62.8,57.6,49.4,40,56.0,2,3,1,2,1,2,24,1,1,0,4.3,5.2,4.2,3.6,0,1,3,3,5,2,2.1,1,0
3,1,1,0,0,12.0,4,0,94.0,92.0,92.0,66.0,42.0,64.0,159,62.5,2,1,1,2,4,1,5,1,6,1,4.0,3.0,4.0,3.0,2,3,3,4,5,2,3.0,0,0
3,1,1,0,0,8.0,3,0,89.0,87.0,87.0,87.0,47.0,47.0,191,67.5,2,0,1,2,4,0,33,1,6,0,4.0,3.0,4.0,3.0,0,4,3,2,1,2,3.0,0,0
1,0,1,0,0,13.4,0,0,71.7,69.1,68.5,43.2,52.8,47.6,26,48.3,0,3,2,1,4,1,22,1,0,2,3.2,3.1,3.0,3.2,2,5,6,3,5,3,2.0,2,1
2,0,0,0,1,14.0,1,0,85.0,84.0,83.0,67.0,76.0,67.0,127,70.5,0,3,1,1,4,1,33,1,6,2,3.0,3.0,5.0,4.0,2,1,6,4,1,2,5.0,1,0
2,0,0,0,1,12.0,0,1,77.8,80.5,83.4,70.7,56.7,76.3,87,67.19999999999999,0,3,1,2,4,4,27,1,6,2,1.7,2.8,3.0,4.0,2,1,6,4,3,3,1.9,0,0
3,1,1,0,1,12.0,0,0,91.0,93.0,93.0,79.0,66.0,77.0,18,67.0,0,5,2,1,4,0,55,1,6,0,3.0,5.0,3.0,5.0,2,1,3,2,1,2,5.0,0,0
0,1,1,0,1,10.0,3,0,78.8,75.4,71.2,63.7,69.5,54.3,95,63.425,0,0,1,2,5,0,39,1,6,0,4.1,2.8,2.4,3.7,2,1,1,4,3,3,1.5,0,0
3,1,1,0,1,7.0,3,10,94.0,97.0,97.0,89.0,40.0,54.0,18,57.25,2,1,1,2,5,1,5,1,6,0,4.0,5.0,4.0,5.0,2,4,3,4,1,2,5.0,1,0
3,1,1,0,1,13.0,1,0,87.0,95.0,95.0,47.0,44.0,53.0,185,57.75,1,0,2,0,1,0,20,1,6,2,3.0,5.0,3.0,5.0,0,1,3,4,1,2,5.0,0,0
1,0,1,0,0,12.5,1,0,77.2,87.6,75.3,77.9,60.6,75.7,82,69.57499999999999,2,1,1,2,5,0,42,1,4,2,5.3,4.8,4.6,3.9,0,1,1,0,5,2,4.1,1,0
0,1,1,0,0,11.0,2,0,86.0,89.0,83.0,66.0,76.0,66.0,100,68.75,0,3,2,2,4,0,5,1,6,0,4.0,4.0,4.0,4.0,2,1,1,4,5,2,5.0,0,0
1,0,1,1,1,13.0,1,0,82.0,76.0,85.0,71.0,62.0,69.0,93,67.0,0,0,1,1,5,0,33,1,5,0,5.0,2.0,5.0,3.0,2,1,3,2,5,2,5.0,2,0
1,0,1,0,1,13.0,1,0,81.0,80.0,79.0,79.0,74.0,84.0,133,77.5,0,1,1,2,5,0,33,1,5,0,2.0,3.0,4.0,4.0,2,1,2,2,5,3,5.0,1,0
1,0,1,0,1,11.7,1,5,84.3,89.2,81.5,59.7,86.6,73.9,54,69.65,0,3,2,1,5,0,25,1,2,2,4.4,2.5,4.0,3.1,0,1,3,2,2,2,3.8,0,0
3,1,1,0,1,13.0,1,0,91.0,97.0,97.0,46.0,63.0,85.0,194,71.25,2,1,1,2,4,0,5,1,6,2,3.0,5.0,3.0,5.0,0,1,3,3,5,2,5.0,1,0
1,0,1,1,1,10.0,1,0,78.0,88.0,86.0,69.0,70.0,81.0,81,71.0,0,0,1,1,5,0,44,1,5,0,4.0,3.0,2.0,5.0,2,1,3,4,5,2,5.0,0,0
3,1,1,0,0,12.0,4,0,85.0,96.0,96.0,84.0,77.0,69.0,78,73.25,2,1,2,2,1,5,44,1,6,1,4.0,5.0,4.0,5.0,2,4,3,2,3,3,5.0,0,0
3,1,1,0,0,12.0,0,0,86.0,95.0,95.0,54.0,76.0,81.0,14,63.75,2,5,1,2,5,1,20,0,0,0,5.0,3.0,5.0,3.0,0,1,3,2,5,2,3.0,0,0
2,0,0,0,0,13.0,1,0,90.0,97.0,91.0,78.0,83.0,75.0,133,77.25,0,0,1,2,4,4,44,1,1,0,3.0,4.0,4.0,4.0,0,6,0,4,1,2,4.0,0,0
3,1,1,0,0,8.0,3,1,77.8,80.5,83.4,70.7,56.7,76.3,87,67.19999999999999,0,3,1,2,4,4,27,1,6,2,1.7,2.8,3.0,4.0,2,1,6,4,3,3,1.9,0,0
1,0,1,0,0,12.5,0,0,85.3,91.6,93.5,83.9,81.4,86.5,172,83.5,0,3,1,1,5,1,41,1,6,0,2.9,4.2,5.0,4.0,2,1,3,4,5,3,3.8,0,0
3,1,1,0,1,7.0,2,0,75.4,71.0,74.7,62.2,67.1,66.2,37,62.225,0,0,2,2,5,5,13,1,6,2,3.0,3.7,3.2,2.9,2,6,6,4,5,0,2.0,0,0
3,1,1,0,1,12.0,0,0,92.0,92.0,92.0,63.0,90.0,81.0,27,71.0,0,5,1,1,5,0,5,1,6,1,5.0,3.0,5.0,3.0,2,4,3,2,1,2,3.0,2,0
0,1,1,0,0,11.0,2,0,86.0,81.0,84.0,63.0,69.0,67.0,167,70.0,0,1,2,1,1,4,44,1,6,1,5.0,5.0,5.0,5.0,0,1,2,2,5,0,5.0,0,0
1,0,1,0,1,11.0,2,0,94.0,99.0,98.0,91.0,85.0,92.0,177,88.25,0,3,2,2,5,4,20,1,6,2,4.0,4.0,5.0,5.0,0,1,3,4,5,2,5.0,0,0
1,0,1,1,0,10.0,0,0,81.0,80.0,71.0,62.0,63.0,79.0,133,69.25,0,0,1,1,5,0,44,1,5,0,5.0,3.0,4.0,3.0,0,3,3,2,5,2,3.0,0,0
1,0,1,1,0,14.0,1,0,77.0,81.0,70.0,54.0,84.0,85.0,100,72.5,0,0,2,1,5,0,62,1,2,2,4.5,3.0,5.0,5.0,0,5,3,2,5,2,4.5,2,0
1,0,1,1,1,9.0,0,0,73.0,84.0,70.0,56.0,71.0,76.0,119,68.5,0,3,1,1,5,0,20,1,5,0,1.0,1.0,3.0,1.0,0,1,3,2,1,2,2.0,0,0
1,0,1,1,1,12.0,1,0,81.0,93.0,82.0,61.0,85.0,74.0,58,69.75,0,3,1,1,5,0,20,1,2,2,4.5,3.0,4.5,3.0,0,1,3,2,2,2,4.0,0,0
2,0,0,0,0,13.0,0,0,92.0,85.0,93.0,69.0,57.0,68.0,103,65.5,0,3,2,2,1,1,5,1,1,0,5.0,4.0,1.0,2.0,0,1,3,4,5,1,2.0,0,0
2,0,0,0,0,13.0,1,0,93.0,86.0,86.0,60.0,74.0,65.0,86,66.0,0,2,0,1,5,0,33,1,1,1,4.0,3.0,3.0,2.0,0,6,3,0,3,3,2.0,0,0
2,0,0,0,1,13.0,0,0,79.0,72.0,72.0,57.0,50.0,47.0,46,52.5,0,3,2,2,4,5,33,1,6,2,2.0,4.0,4.0,2.0,2,1,6,4,3,0,4.0,0,1
3,1,1,0,1,13.0,1,0,88.0,92.0,92.0,94.0,73.0,61.0,72,72.5,2,0,1,0,5,1,16,1,6,0,3.0,3.0,3.0,3.0,0,1,3,4,1,2,3.0,0,0
1,0,1,0,0,11.0,4,0,98.0,91.0,89.0,92.0,92.0,92.0,189,91.0,0,3,2,2,5,4,5,1,5,2,4.0,5.0,3.0,2.0,0,1,3,2,1,0,4.0,0,0
3,1,1,0,1,12.0,4,0,91.0,95.0,95.0,56.0,48.0,73.0,8,54.25,2,3,2,2,4,4,5,0,6,0,4.0,5.0,4.0,5.0,0,4,3,4,1,2,5.0,0,0
1,0,1,0,0,12.0,0,2,74.1,81.2,73.5,61.9,69.6,52.9,137,64.55,0,1,2,1,5,0,27,1,5,1,5.3,4.1,5.1,4.2,0,4,3,2,3,2,3.9,1,0
1,0,1,0,1,13.0,0,0,88.0,88.0,82.0,64.0,71.0,67.0,127,68.5,0,3,2,2,4,0,5,1,6,0,4.0,4.0,2.0,2.0,0,1,3,2,5,3,1.0,0,0
3,1,1,0,1,9.0,3,10,88.0,92.0,92.0,88.0,71.0,73.0,12,68.75,2,1,1,2,4,5,20,0,6,2,3.0,3.0,3.0,3.0,0,3,3,2,5,3,3.0,0,0
1,0,1,0,0,13.1,0,0,84.1,75.0,78.7,73.7,75.5,71.0,140,73.6,0,0,2,2,5,4,59,1,6,2,3.9,5.4,5.2,4.8,2,1,1,4,5,2,4.7,0,0
1,0,1,1,1,10.0,0,0,85.0,82.0,86.0,85.0,66.0,66.0,177,75.5,1,3,1,0,5,0,5,1,5,0,2.0,5.0,5.0,3.0,0,3,3,4,5,2,5.0,0,0
1,0,1,0,1,13.1,1,1,64.5,66.7,70.6,60.1,64.6,73.3,121,67.3,0,0,1,1,5,1,11,1,6,2,2.9,2.9,2.9,3.2,2,5,1,4,5,0,2.9,0,0
1,0,1,0,1,9.6,1,0,84.2,81.6,95.3,79.2,62.9,58.5,129,68.225,0,1,1,1,5,0,58,1,5,0,2.0,3.8,5.4,3.1,2,1,3,4,3,2,5.5,0,0
2,0,0,0,0,14.5,1,0,77.5,77.6,78.8,53.2,62.8,60.6,44,58.0,0,0,1,2,4,5,48,1,1,2,4.3,4.7,2.7,4.1,2,6,6,4,1,3,3.8,0,0
3,1,1,0,0,13.0,1,0,88.0,96.0,96.0,75.0,54.0,72.0,189,72.25,1,0,1,0,1,4,20,1,1,2,3.0,2.0,3.0,2.0,0,4,3,4,1,2,2.0,0,0
1,0,1,1,1,11.0,1,0,77.0,79.0,77.0,61.0,69.0,60.0,127,65.5,0,1,1,1,4,0,44,1,3,0,5.0,5.0,5.0,3.0,0,1,3,2,2,2,4.0,0,0
3,1,1,0,1,6.0,2,2,76.6,77.8,86.3,65.2,65.1,70.2,63,65.225,0,3,2,2,1,5,36,1,6,0,3.8,3.8,3.5,3.8,2,1,1,4,3,2,1.8,0,0
1,0,1,0,1,12.6,0,0,86.0,83.9,86.1,80.0,67.5,66.1,178,74.825,0,3,2,1,4,5,34,1,5,2,5.1,5.3,3.9,3.8,2,1,1,2,5,2,4.1,1,0
1,0,1,0,0,13.0,0,0,79.0,79.0,73.0,68.0,75.0,67.0,153,71.75,0,1,1,2,5,4,5,1,6,0,3.0,4.0,3.0,4.0,2,1,2,2,3,2,2.0,0,0
1,0,1,0,1,10.8,0,0,77.5,85.3,70.8,65.4,74.8,82.5,80,71.64999999999999,0,0,1,1,0,5,26,1,5,0,3.8,2.7,4.8,3.9,1,1,3,4,5,2,3.3,0,0
1,0,1,0,0,13.0,1,0,91.0,94.0,91.0,93.0,80.0,90.0,171,86.25,0,3,1,2,5,4,55,1,5,2,5.0,4.0,5.0,4.0,0,1,3,2,1,3,4.0,0,0
3,1,1,0,0,13.0,1,0,96.0,99.0,99.0,90.0,76.0,89.0,199,87.75,1,0,1,0,4,5,20,1,6,2,4.0,5.0,4.0,5.0,0,3,3,3,1,2,5.0,0,0
3,1,1,0,1,6.0,2,0,92.0,85.0,93.0,69.0,57.0,68.0,103,65.5,0,3,2,2,1,1,5,1,1,0,5.0,4.0,1.0,2.0,0,1,3,4,5,1,2.0,0,0
1,0,1,0,0,14.2,1,0,81.2,88.5,81.5,61.8,58.8,58.6,30,57.7,0,0,1,2,1,0,28,1,1,0,4.2,5.3,3.7,4.5,2,1,1,4,4,3,4.4,1,0
3,1,1,0,1,13.0,1,0,85.0,88.0,88.0,89.0,79.0,52.0,194,77.75,0,3,1,1,4,4,55,1,6,0,5.0,3.0,5.0,3.0,0,1,3,0,5,2,3.0,0,0
2,0,0,0,0,14.0,1,0,73.0,77.0,79.0,68.0,69.0,61.0,72,65.0,0,1,1,2,4,0,33,1,1,0,4.0,4.0,5.0,5.0,2,6,2,4,5,2,5.0,1,0
1,0,1,0,1,10.7,1,2,86.2,75.2,71.7,64.3,60.2,86.0,158,72.075,0,1,1,1,5,0,56,1,3,0,2.3,2.7,4.6,1.7,0,6,3,2,5,2,3.9,0,0
3,1,1,0,0,13.0,1,10,93.0,87.0,87.0,78.0,50.0,95.0,12,66.5,0,0,1,1,4,4,20,0,6,0,5.0,5.0,5.0,5.0,0,4,3,4,3,3,5.0,1,0
3,1,1,0,1,13.0,1,0,92.0,92.0,92.0,48.0,58.0,90.0,195,72.0,1,1,2,0,1,4,33,1,6,2,3.0,3.0,3.0,3.0,0,4,3,4,1,2,3.0,0,0
2,0,0,0,0,12.3,0,4,69.5,77.9,78.8,65.1,64.1,69.5,65,64.85,0,3,2,2,1,5,34,1,6,1,4.3,4.1,2.9,4.2,2,1,1,4,3,2,2.2,1,0
1,0,1,0,1,10.0,2,0,81.0,74.0,83.0,65.0,66.0,65.0,58,63.75,0,3,2,2,5,4,55,1,1,2,4.0,4.0,4.0,5.0,2,1,1,4,1,2,5.0,0,0
3,1,1,0,1,12.0,0,10,96.0,90.0,90.0,58.0,84.0,75.0,12,65.0,2,1,1,2,1,0,44,1,6,2,3.0,5.0,3.0,5.0,2,4,3,4,1,2,5.0,1,0
3,1,1,0,1,13.0,1,0,94.0,92.0,92.0,90.0,79.0,70.0,197,83.25,1,0,2,0,5,0,5,1,6,2,4.0,5.0,4.0,5.0,0,1,3,3,5,2,5.0,1,0
3,1,1,0,0,13.0,1,0,92.0,92.0,92.0,49.0,56.0,89.0,195,71.5,0,3,2,1,5,0,20,0,6,2,4.0,2.0,4.0,2.0,0,3,3,4,1,2,2.0,0,0
2,0,0,0,1,12.0,0,14,71.0,67.0,74.0,50.0,50.0,40.0,14,46.0,2,3,1,2,1,5,55,1,6,1,2.0,3.0,3.0,4.0,2,1,6,3,3,0,4.0,0,1
2,0,0,0,0,13.0,1,10,77.0,77.0,77.0,63.0,58.0,61.0,29,58.25,0,3,2,2,1,0,5,1,6,1,4.0,3.0,4.0,4.0,2,1,6,4,3,2,4.0,1,0
1,0,1,1,1,11.0,0,10,87.0,91.0,76.0,79.0,73.0,77.0,189,79.25,0,1,1,1,5,0,5,1,5,1,5.0,1.0,2.0,5.0,0,3,3,2,1,2,5.0,0,0
3,1,1,0,1,13.0,1,0,89.0,87.0,87.0,59.0,61.0,94.0,191,75.75,0,0,2,1,5,5,20,0,6,1,3.0,3.0,3.0,3.0,0,4,3,3,5,2,3.0,0,0
3,1,1,0,1,13.0,1,0,91.0,87.0,87.0,51.0,85.0,60.0,19,60.75,2,5,1,0,5,5,30,1,6,2,3.0,3.0,3.0,3.0,0,4,3,4,1,2,3.0,0,0
2,0,0,0,0,14.0,1,0,77.0,75.0,76.0,52.0,63.0,63.0,43,58.25,0,0,2,2,4,5,44,1,1,2,4.0,5.0,3.0,4.0,2,6,6,4,1,3,4.0,0,0
2,0,0,0,1,12.2,1,1,91.0,96.1,82.3,79.4,74.4,78.7,159,77.625,0,0,2,2,5,4,29,1,6,2,4.8,5.5,3.7,5.2,0,1,3,4,1,3,5.6,0,0
3,1,1,0,0,12.0,0,0,88.0,97.0,97.0,93.0,54.0,74.0,173,76.0,0,1,1,1,5,0,65,0,6,2,5.0,5.0,5.0,5.0,0,1,3,4,1,2,5.0,0,0
1,0,1,1,1,11.0,1,0,90.0,71.0,77.0,70.0,69.0,64.0,151,69.75,0,0,1,1,5,0,55,1,5,0,5.0,1.0,5.0,1.0,0,1,3,4,1,2,5.0,0,0
1,0,1,0,1,12.9,1,2,80.2,77.2,79.6,72.1,63.6,67.0,89,67.025,0,0,1,1,5,0,26,1,5,0,4.9,1.5,4.5,3.2,2,1,3,2,5,2,5.5,2,0
3,1,1,0,0,12.0,4,0,94.0,90.0,90.0,67.0,43.0,88.0,119,67.25,2,3,1,2,1,2,5,0,6,0,4.0,5.0,4.0,5.0,0,3,3,4,1,2,5.0,1,0
2,0,0,0,0,13.0,1,0,84.0,82.0,79.0,69.0,78.0,68.0,159,73.25,0,3,1,2,4,0,33,1,1,0,4.0,5.0,5.0,4.0,2,6,6,4,5,3,4.0,1,0
3,1,1,0,0,12.0,0,0,98.0,93.0,93.0,59.0,91.0,90.0,14,71.0,2,5,1,2,4,4,20,1,0,2,5.0,5.0,5.0,5.0,2,4,3,4,3,2,5.0,0,0
3,1,1,0,1,13.0,1,10,91.0,98.0,98.0,69.0,90.0,52.0,191,75.0,0,0,1,1,5,4,33,1,6,2,3.0,3.0,3.0,3.0,0,1,3,0,5,2,3.0,1,0
0,1,1,0,1,11.0,3,14,91.0,94.0,78.0,60.0,67.0,69.0,165,69.0,0,3,2,1,1,2,5,1,6,1,5.0,5.0,5.0,5.0,2,5,3,2,1,1,5.0,1,0
0,1,1,0,0,9.0,2,0,81.0,82.0,83.0,65.0,63.0,61.0,52,61.75,0,0,2,2,1,5,33,1,1,0,4.0,3.0,3.0,4.0,2,1,1,4,5,2,4.0,0,0
1,0,1,0,0,13.0,1,0,82.0,81.0,85.0,62.0,75.0,68.0,113,68.75,0,0,2,2,4,0,44,1,5,2,3.0,5.0,4.0,4.0,2,1,6,2,1,2,3.0,0,0
1,0,1,1,1,11.0,0,0,79.0,83.0,70.0,67.0,72.0,83.0,81,71.5,0,0,1,1,0,5,33,1,5,0,4.0,3.0,5.0,4.0,1,1,3,4,5,2,3.0,0,0
3,1,1,0,0,12.0,4,0,98.0,97.0,97.0,60.0,90.0,53.0,177,72.0,0,0,2,1,4,0,33,1,6,2,4.0,4.0,4.0,4.0,2,4,3,4,3,3,4.0,0,0
3,1,1,0,0,13.0,1,0,97.0,92.0,92.0,85.0,85.0,76.0,200,85.75,2,1,1,2,4,1,20,1,6,2,4.0,5.0,4.0,5.0,0,3,3,4,3,2,5.0,0,0
3,1,1,0,0,9.0,3,14,20.0,37.0,0.0,34.0,20.0,44.0,139,43.0,0,0,2,1,1,2,19,0,0,1,3.0,1.0,1.0,5.0,2,5,5,3,4,2,1.0,1,1
1,0,1,1,1,10.0,0,0,76.0,79.0,88.0,73.0,63.0,74.0,113,70.0,0,0,1,1,0,0,33,1,5,0,4.0,4.0,5.0,4.0,4,2,3,4,5,2,4.0,1,0
1,0,1,0,1,12.0,4,0,87.0,87.0,84.0,76.0,77.0,68.0,139,73.75,0,3,2,2,5,5,55,1,6,2,4.0,4.0,4.0,4.0,2,1,1,4,3,3,4.0,0,0
0,1,1,0,1,10.0,2,0,85.0,92.0,92.0,66.0,65.0,78.0,153,71.5,0,3,2,1,5,5,44,1,1,0,4.0,5.0,3.0,4.0,2,1,1,4,5,3,2.0,0,0
3,1,1,0,1,6.0,2,10,88.0,92.0,92.0,88.0,71.0,73.0,12,68.75,2,1,1,2,4,5,20,0,6,2,3.0,3.0,3.0,3.0,0,3,3,2,5,3,3.0,0,0
2,0,0,0,0,14.0,1,0,85.0,90.0,82.0,68.0,72.0,76.0,113,71.5,0,3,2,1,4,0,20,1,1,0,3.0,4.0,5.0,4.0,2,1,6,4,1,2,4.0,0,0
3,1,1,0,0,9.0,3,14,20.0,37.0,0.0,33.0,10.0,36.0,19,31.5,0,5,2,1,1,2,5,0,0,1,3.0,1.0,2.0,5.0,2,5,2,3,2,3,1.0,0,1
3,1,1,0,0,12.0,0,0,92.0,93.0,93.0,91.0,63.0,76.0,153,76.75,0,5,1,1,5,0,5,1,6,0,5.0,5.0,5.0,5.0,2,4,3,4,1,3,5.0,0,0
3,1,1,0,1,10.0,3,19,20.0,10.0,0.0,39.0,22.0,44.0,0,31.75,0,5,2,1,3,2,63,0,1,1,3.0,2.0,2.0,1.0,2,5,2,3,5,0,1.0,0,1
3,1,1,0,0,9.0,3,14,20.0,37.0,0.0,37.0,2.0,44.0,49,35.0,0,5,2,1,0,2,5,0,1,1,3.0,1.0,1.0,5.0,2,6,2,3,4,1,4.0,0,1
1,0,1,0,0,15.0,1,0,77.0,82.0,77.0,50.0,52.0,52.0,39,52.0,2,3,2,2,0,1,20,1,0,0,2.0,3.0,5.0,5.0,2,1,6,3,3,2,5.0,0,0
3,1,1,0,0,12.0,4,10,96.0,90.0,90.0,46.0,92.0,79.0,171,74.75,0,1,1,1,5,4,44,1,6,2,3.0,3.0,3.0,3.0,2,3,3,4,1,2,3.0,1,0
1,0,1,0,0,12.8,0,0,82.0,81.1,89.5,71.7,66.4,74.9,156,72.60000000000001,0,3,1,2,5,4,5,1,6,0,3.1,3.9,4.9,4.7,2,1,6,4,5,3,4.0,0,0
3,1,1,0,1,6.0,2,0,75.4,71.0,74.7,62.2,67.1,66.2,37,62.225,0,0,2,2,5,5,13,1,6,2,3.0,3.7,3.2,2.9,2,6,6,4,5,0,2.0,0,0
3,1,1,0,1,9.0,3,18,20.0,37.0,0.0,27.0,28.0,22.0,18,30.75,0,5,0,1,5,2,17,0,1,1,3.0,4.0,3.0,5.0,2,5,1,3,5,1,1.0,0,1
3,1,1,0,0,10.0,3,0,92.0,85.0,93.0,69.0,57.0,68.0,103,65.5,0,3,2,2,1,1,5,1,1,0,5.0,4.0,1.0,2.0,0,1,3,4,5,1,2.0,0,0
2,0,0,0,0,14.0,1,0,83.0,83.0,88.0,66.0,70.0,61.0,86,65.5,0,3,1,2,5,5,20,1,6,2,3.0,3.0,4.0,4.0,2,1,6,4,3,2,4.0,0,0
2,0,0,0,1,13.3,1,3,83.6,81.9,76.1,54.8,62.8,60.5,85,60.725,0,3,2,2,1,5,28,1,6,0,2.8,4.5,3.4,1.5,0,6,0,4,3,1,4.6,0,0
0,1,1,0,0,12.0,3,14,84.0,97.0,88.0,66.0,82.0,64.0,24,65.25,0,3,2,1,3,4,33,1,5,0,1.0,5.0,5.0,5.0,2,1,3,2,1,2,5.0,1,0
3,1,1,0,1,10.0,3,14,20.0,37.0,0.0,25.0,17.0,32.0,2,26.0,0,5,2,1,1,2,5,0,0,1,2.0,2.0,2.0,1.0,2,5,5,3,5,3,1.0,0,1
1,0,1,0,0,13.0,0,0,80.0,86.0,80.0,77.0,76.0,78.0,107,75.0,0,3,1,2,5,5,44,1,6,0,5.0,4.0,4.0,4.0,2,1,1,2,3,2,4.0,1,0
3,1,1,0,1,13.0,1,0,86.0,96.0,96.0,56.0,91.0,93.0,179,81.5,1,0,2,0,4,4,20,1,1,2,3.0,5.0,3.0,5.0,2,1,3,4,1,2,5.0,0,0
3,1,1,0,0,12.0,4,0,87.0,92.0,92.0,59.0,41.0,63.0,52,55.25,0,1,1,1,4,4,5,1,6,0,4.0,5.0,4.0,5.0,2,4,3,2,5,2,5.0,1,0
3,1,1,0,1,8.0,3,14,20.0,37.0,0.0,26.0,10.0,39.0,93,35.25,0,1,1,1,1,2,14,0,0,1,2.0,4.0,2.0,1.0,2,1,2,3,2,0,1.0,0,1
0,1,1,0,0,10.2,2,0,82.6,81.4,77.2,62.7,73.2,61.1,91,65.675,2,1,2,2,3,5,35,1,6,0,5.2,5.0,4.6,4.9,2,1,3,2,5,2,4.9,0,0
3,1,1,0,0,13.0,1,0,94.0,87.0,87.0,60.0,74.0,64.0,119,67.25,2,1,1,0,4,2,20,1,6,2,3.0,3.0,3.0,3.0,0,4,3,4,1,2,3.0,0,0
3,1,1,0,1,12.0,4,0,96.0,93.0,93.0,93.0,82.0,52.0,133,75.0,2,3,1,2,1,0,33,1,6,0,4.0,3.0,4.0,3.0,2,3,3,4,3,2,3.0,0,0
3,1,1,0,0,13.0,1,0,89.0,98.0,98.0,58.0,54.0,62.0,46,57.5,2,1,2,0,5,4,44,1,6,2,3.0,3.0,3.0,3.0,0,3,3,4,5,3,3.0,1,0
3,1,1,0,0,12.0,0,10,98.0,90.0,90.0,88.0,54.0,77.0,113,72.25,2,5,1,2,5,5,20,1,6,1,5.0,2.0,5.0,2.0,2,4,3,2,1,2,2.0,0,0
3,1,1,0,1,9.0,3,0,90.0,71.0,77.0,70.0,69.0,64.0,151,69.75,0,0,1,1,5,0,55,1,5,0,5.0,1.0,5.0,1.0,0,1,3,4,1,2,5.0,0,0
3,1,1,0,0,13.0,1,0,86.0,98.0,98.0,62.0,78.0,78.0,195,77.5,1,0,1,0,5,5,33,1,6,2,3.0,3.0,3.0,3.0,0,4,3,0,5,2,3.0,0,0
1,0,1,0,1,13.8,0,0,76.4,76.3,77.5,66.6,53.9,59.9,47,59.150000000000006,0,3,1,2,4,0,2,1,1,0,3.2,4.6,3.6,5.0,2,6,6,4,5,3,4.0,0,0
3,1,1,0,1,13.0,1,0,96.0,93.0,93.0,93.0,48.0,50.0,199,71.75,0,1,1,1,4,1,33,0,0,0,2.0,3.0,2.0,3.0,2,3,3,4,1,3,3.0,1,0
1,0,1,0,0,12.0,0,0,82.0,81.0,79.0,58.0,69.0,64.0,103,64.75,0,3,2,2,4,4,33,1,5,0,4.0,3.0,3.0,2.0,2,1,6,2,3,1,2.0,0,0
3,1,1,0,0,5.0,2,1,77.8,80.5,83.4,70.7,56.7,76.3,87,67.19999999999999,0,3,1,2,4,4,27,1,6,2,1.7,2.8,3.0,4.0,2,1,6,4,3,3,1.9,0,0
3,1,1,0,1,5.0,2,14,20.0,37.0,0.0,24.0,38.0,14.0,177,40.25,0,1,2,1,2,1,0,0,0,1,3.0,2.0,4.0,5.0,2,6,2,3,4,2,1.0,0,1
1,0,1,1,0,12.0,1,0,85.0,81.0,80.0,80.0,78.0,77.0,173,79.5,0,0,1,1,5,0,44,1,5,0,5.0,5.0,2.0,3.0,0,1,3,3,4,2,5.0,0,0
2,0,0,0,0,13.0,1,0,80.0,81.0,85.0,67.0,61.0,56.0,100,62.75,0,3,2,2,4,1,33,1,1,2,4.0,4.0,4.0,4.0,2,1,1,4,1,2,5.0,1,0
1,0,1,0,0,9.0,2,0,78.0,79.0,75.0,60.0,55.0,59.0,68,58.75,0,3,1,2,1,0,20,1,6,0,3.0,5.0,5.0,4.0,2,1,6,4,3,3,4.0,1,0
3,1,1,0,1,7.0,3,0,74.0,82.0,82.0,75.0,76.0,57.0,39,65.5,0,5,1,1,5,0,33,1,5,0,4.0,5.0,5.0,5.0,0,1,3,2,1,2,5.0,1,0
1,0,1,0,0,11.6,0,6,76.1,83.2,74.0,72.5,76.1,62.6,102,69.725,0,0,2,2,5,0,52,1,6,0,4.1,2.7,3.0,4.0,2,1,1,4,3,2,3.7,0,0
0,1,1,0,0,10.6,3,7,85.5,68.6,84.8,73.3,49.9,83.0,131,69.75,0,5,1,1,1,0,22,1,6,1,4.9,5.3,4.4,5.2,2,5,1,2,1,2,5.2,2,0
3,1,1,0,1,8.0,3,0,78.0,74.0,80.0,66.0,74.0,70.0,139,71.0,0,0,1,2,5,4,55,1,1,2,4.0,4.0,3.0,4.0,2,1,1,4,5,2,4.0,0,0
2,0,0,0,0,13.0,1,0,74.0,76.0,76.0,64.0,53.0,55.0,61,58.0,0,3,2,2,5,0,5,1,6,2,2.0,4.0,3.0,4.0,2,6,6,4,5,2,4.0,1,0
0,1,1,0,0,10.0,4,10,74.0,70.0,79.0,70.0,87.0,72.0,100,74.0,0,5,2,1,4,0,44,1,6,0,5.0,5.0,5.0,5.0,2,1,0,2,1,2,5.0,2,0
1,0,1,0,0,12.8,0,0,79.4,77.3,76.1,66.3,76.0,64.6,157,71.125,0,1,1,2,5,4,5,1,6,0,3.0,3.9,3.1,3.6,2,1,2,2,3,2,2.5,1,0
1,0,1,0,1,13.0,0,0,82.0,82.0,85.0,86.0,81.0,79.0,185,83.25,0,1,1,2,5,0,44,1,5,2,3.0,4.0,5.0,4.0,2,1,2,2,3,2,4.0,0,0
0,1,1,0,0,10.0,2,10,81.0,74.0,77.0,70.0,59.0,65.0,165,68.5,0,5,2,1,1,0,55,1,5,0,1.0,5.0,5.0,5.0,2,1,1,2,1,2,5.0,0,0
2,0,0,0,0,12.3,1,6,75.2,75.5,73.6,51.6,60.7,55.2,57,56.6,0,3,1,1,0,4,37,1,6,1,4.4,4.6,3.8,4.0,2,6,6,4,2,2,2.9,1,0
3,1,1,0,1,9.0,3,1,77.8,80.5,83.4,70.7,56.7,76.3,87,67.19999999999999,0,3,1,2,4,4,27,1,6,2,1.7,2.8,3.0,4.0,2,1,6,4,3,3,1.9,0,0
3,1,1,0,1,6.0,2,0,75.0,79.0,76.0,66.0,66.0,71.0,86,67.0,0,3,2,1,4,1,33,1,6,2,3.0,5.0,4.0,4.0,2,6,6,4,5,3,4.0,0,0
3,1,1,0,1,6.0,2,2,76.6,77.8,86.3,65.2,65.1,70.2,63,65.225,0,3,2,2,1,5,36,1,6,0,3.8,3.8,3.5,3.8,2,1,1,4,3,2,1.8,0,0
3,1,1,0,1,13.0,1,0,96.0,94.0,94.0,73.0,82.0,65.0,199,79.0,2,0,1,2,4,5,5,1,6,2,3.0,5.0,3.0,5.0,0,3,3,4,5,2,5.0,0,0
0,1,1,0,0,10.1,3,1,80.3,87.5,98.5,72.5,70.8,63.9,82,67.825,0,5,1,1,1,0,24,1,6,1,5.7,4.9,4.9,4.6,2,1,3,2,1,2,5.2,0,0
0,1,1,0,1,10.0,3,0,79.0,75.0,71.0,63.0,65.0,55.0,100,62.5,0,0,1,2,5,0,33,1,6,0,4.0,3.0,3.0,4.0,2,1,1,4,3,3,2.0,0,0
3,1,1,0,0,8.0,3,1,78.6,77.3,86.4,70.1,69.7,77.5,128,72.35,0,1,1,2,4,1,52,1,6,2,4.4,3.7,5.3,4.8,2,1,2,4,5,3,3.8,0,0
1,0,1,0,1,10.0,0,0,84.6,80.3,84.9,82.2,63.3,66.6,187,74.95,1,3,1,0,5,0,1,1,5,0,2.0,4.9,5.2,3.1,0,3,3,4,5,2,5.1,0,0
3,1,1,0,1,10.0,3,0,74.0,82.0,82.0,75.0,76.0,57.0,39,65.5,0,5,1,1,5,0,33,1,5,0,4.0,5.0,5.0,5.0,0,1,3,2,1,2,5.0,1,0
3,1,1,0,0,7.0,3,0,92.0,85.0,93.0,69.0,57.0,68.0,103,65.5,0,3,2,2,1,1,5,1,1,0,5.0,4.0,1.0,2.0,0,1,3,4,5,1,2.0,0,0
1,0,1,1,0,11.0,0,10,75.0,79.0,82.0,64.0,51.0,69.0,58,60.75,0,0,1,1,4,5,5,1,5,0,5.0,4.0,4.0,3.0,0,4,3,4,1,2,4.0,0,0
3,1,1,0,1,13.0,1,0,90.0,89.0,89.0,59.0,89.0,77.0,191,78.5,0,0,2,1,4,4,20,0,6,0,5.0,4.0,5.0,4.0,2,3,3,2,5,2,4.0,1,0
3,1,1,0,1,13.0,1,0,92.0,87.0,87.0,61.0,64.0,94.0,195,77.75,2,0,1,2,5,0,20,1,6,0,3.0,3.0,3.0,3.0,2,1,3,4,1,2,3.0,2,0
2,0,0,0,1,13.0,0,14,67.0,74.0,73.0,60.0,60.0,50.0,31,55.5,0,0,2,2,1,1,33,1,1,1,3.0,4.0,4.0,4.0,2,6,6,4,3,3,4.0,0,1
1,0,1,0,0,14.0,0,0,81.0,88.0,84.0,84.0,86.0,86.0,159,83.5,0,0,1,2,5,5,33,1,6,0,3.0,4.0,4.0,4.0,0,6,0,4,3,3,5.0,0,0
3,1,1,0,1,6.0,2,14,20.0,37.0,0.0,22.0,2.0,33.0,1,20.5,0,5,2,1,1,2,64,0,1,1,2.0,4.0,2.0,1.0,2,1,2,3,2,1,2.0,0,1
1,0,1,0,1,10.3,1,3,74.0,102.9,76.6,55.3,84.9,76.8,148,73.125,0,0,1,1,5,0,34,1,5,0,1.6,2.9,5.3,1.2,2,1,3,4,4,2,5.1,1,0
3,1,1,0,1,13.0,1,0,93.0,95.0,95.0,92.0,82.0,60.0,177,79.75,2,1,2,2,1,5,16,1,6,0,3.0,3.0,3.0,3.0,0,1,3,2,1,2,3.0,0,0
3,1,1,0,1,13.0,1,0,87.0,92.0,92.0,74.0,59.0,59.0,185,69.75,0,1,1,1,4,1,20,0,6,0,2.0,5.0,2.0,5.0,2,4,3,3,1,2,5.0,1,0
3,1,1,0,1,5.0,2,0,91.0,95.0,95.0,56.0,48.0,73.0,8,54.25,2,3,2,2,4,4,5,0,6,0,4.0,5.0,4.0,5.0,0,4,3,4,1,2,5.0,0,0
3,1,1,0,1,13.0,1,0,91.0,98.0,98.0,63.0,47.0,91.0,194,73.0,2,1,1,2,1,0,33,1,6,0,3.0,3.0,3.0,3.0,0,1,3,2,5,3,3.0,2,0
3,1,1,0,1,13.0,1,0,94.0,87.0,87.0,67.0,40.0,72.0,189,66.75,1,5,1,0,4,4,20,1,1,2,3.0,3.0,3.0,3.0,0,4,3,2,5,2,3.0,0,0
1,0,1,0,0,13.2,1,0,81.7,91.3,79.9,61.0,59.9,58.5,38,58.225,0,0,2,2,1,0,38,1,1,0,3.8,5.5,3.3,4.3,2,1,1,4,4,3,4.1,1,0
3,1,1,0,0,12.0,4,0,95.0,98.0,98.0,61.0,57.0,80.0,191,71.75,2,1,1,2,1,4,44,0,6,0,4.0,5.0,4.0,5.0,0,3,3,4,1,2,5.0,0,0
3,1,1,0,1,8.0,3,0,85.0,87.0,90.0,68.0,57.0,57.0,78,61.25,0,3,2,2,1,1,20,1,1,1,4.0,3.0,4.0,3.0,2,1,1,4,3,3,2.0,0,0
3,1,1,0,0,8.0,3,0,74.0,82.0,82.0,75.0,76.0,57.0,39,65.5,0,5,1,1,5,0,33,1,5,0,4.0,5.0,5.0,5.0,0,1,3,2,1,2,5.0,1,0
3,1,1,0,0,13.0,1,0,88.0,93.0,93.0,71.0,43.0,64.0,189,66.5,1,1,1,0,0,1,5,1,6,2,3.0,3.0,3.0,3.0,2,3,3,4,5,2,3.0,0,0
1,0,1,1,0,10.0,1,0,97.0,77.0,76.0,64.0,45.0,63.0,72,58.5,0,0,1,1,4,0,61,1,5,0,3.0,2.0,4.0,5.0,3,1,3,4,3,2,5.0,0,0
2,0,0,0,0,14.0,1,7,79.9,81.8,85.5,65.4,68.7,60.8,85,64.92500000000001,0,3,2,2,5,5,13,1,6,2,3.4,3.0,3.7,4.0,2,1,6,4,3,2,4.0,0,0
0,1,1,0,1,14.0,0,10,64.0,72.0,65.0,53.0,41.0,55.0,18,48.75,2,3,1,2,4,4,44,1,6,0,3.0,5.0,3.0,2.0,2,6,6,3,3,0,2.0,0,1
1,0,1,0,0,14.1,0,0,96.3,97.5,89.4,86.4,81.4,74.4,178,81.97500000000001,0,3,1,2,5,5,21,1,6,0,3.2,4.3,3.9,4.0,0,1,3,4,5,2,4.3,1,0
3,1,1,0,0,13.0,1,0,85.0,93.0,93.0,65.0,58.0,63.0,93,63.0,0,0,2,1,1,0,20,1,6,2,3.0,3.0,3.0,3.0,0,4,3,2,5,3,3.0,0,0
1,0,1,0,1,12.6,0,0,100.5,102.0,88.9,82.1,82.2,95.1,180,86.375,0,3,1,2,5,5,40,1,5,2,5.2,3.0,5.3,5.1,0,6,3,2,1,3,4.6,1,0
3,1,1,0,1,9.0,3,0,91.0,95.0,95.0,56.0,48.0,73.0,8,54.25,2,3,2,2,4,4,5,0,6,0,4.0,5.0,4.0,5.0,0,4,3,4,1,2,5.0,0,0
2,0,0,0,0,12.0,0,10,75.0,76.0,73.0,52.0,55.0,54.0,19,52.0,0,3,1,2,1,0,33,1,6,0,2.0,5.0,4.0,5.0,2,6,6,4,5,0,4.0,1,1
3,1,1,0,0,12.0,4,0,93.0,91.0,91.0,92.0,73.0,94.0,107,82.0,0,3,2,1,1,5,44,1,6,0,4.0,5.0,4.0,5.0,2,4,3,4,3,2,5.0,0,0
3,1,1,0,0,12.0,4,0,97.0,93.0,93.0,90.0,64.0,56.0,19,64.25,0,1,2,1,1,1,44,1,6,2,4.0,3.0,4.0,3.0,2,3,3,4,1,2,3.0,1,0
1,0,1,0,1,11.2,0,10,92.4,91.5,77.5,81.5,75.1,74.4,188,79.725,0,1,2,1,5,0,6,1,5,1,4.8,1.3,1.8,4.6,0,3,3,2,1,2,5.1,0,0
3,1,1,0,1,10.0,3,10,88.0,92.0,92.0,88.0,71.0,73.0,12,68.75,2,1,1,2,4,5,20,0,6,2,3.0,3.0,3.0,3.0,0,3,3,2,5,3,3.0,0,0
1,0,1,0,1,14.0,0,0,85.0,92.0,85.0,77.0,84.0,73.0,177,79.75,0,1,1,2,4,0,33,1,6,0,4.0,4.0,4.0,4.0,0,1,2,4,5,3,3.0,0,0
3,1,1,0,0,12.0,0,0,86.0,99.0,99.0,49.0,62.0,52.0,52,55.25,0,1,1,1,1,0,33,1,6,0,3.0,2.0,3.0,2.0,2,4,3,2,5,2,2.0,0,0
1,0,1,0,1,15.0,1,0,88.0,87.0,81.0,80.0,76.0,82.0,185,81.25,0,3,1,1,4,0,20,1,5,2,4.0,4.0,4.0,4.0,2,1,1,2,5,3,4.0,0,0
1,0,1,0,0,12.0,4,10,91.0,91.0,88.0,75.0,76.0,71.0,119,73.25,0,3,2,2,5,0,5,1,6,0,4.0,4.0,3.0,4.0,2,1,3,4,5,2,4.0,0,0
3,1,1,0,1,13.0,1,0,86.0,89.0,89.0,90.0,41.0,90.0,21,67.25,2,0,1,0,5,1,5,1,6,0,3.0,5.0,3.0,5.0,0,1,3,2,1,2,5.0,0,0
3,1,1,0,1,13.0,1,0,93.0,97.0,97.0,57.0,66.0,56.0,16,56.0,2,0,2,2,4,0,33,1,1,0,5.0,3.0,5.0,3.0,2,1,3,4,5,3,3.0,1,0
3,1,1,0,0,6.0,2,0,92.0,95.0,95.0,67.0,84.0,91.0,194,83.25,1,0,1,0,1,3,44,1,6,2,3.0,5.0,3.0,2.0,0,3,3,4,1,2,1.0,1,0
0,1,1,0,1,13.0,0,0,92.0,90.0,89.0,87.0,73.0,80.0,179,81.5,0,0,1,2,5,1,5,1,1,2,5.0,3.0,5.0,4.0,0,1,3,4,1,2,4.0,0,0
1,0,1,0,1,14.0,1,0,84.0,87.0,94.0,82.0,75.0,76.0,176,79.25,0,3,1,1,5,0,5,1,6,0,4.0,4.0,3.0,3.0,2,1,1,2,5,3,3.0,0,0
3,1,1,0,0,6.0,2,0,79.1,81.4,84.9,66.3,57.4,69.4,103,65.275,0,3,1,2,4,4,36,1,6,2,1.4,2.8,2.6,3.7,2,1,6,4,3,3,2.0,0,0
1,0,1,0,1,14.0,0,0,78.0,76.0,76.0,64.0,52.0,59.0,49,58.0,0,3,2,2,4,0,5,1,1,0,3.0,4.0,4.0,5.0,2,6,6,4,5,3,4.0,0,0
3,1,1,0,1,13.0,1,0,89.0,97.0,97.0,46.0,64.0,88.0,191,71.75,2,3,2,2,5,4,55,1,5,2,3.0,3.0,3.0,3.0,0,4,3,2,1,2,3.0,0,0
0,1,1,0,0,12.0,0,10,71.0,79.0,79.0,66.0,72.0,61.0,81,65.75,0,0,1,2,5,5,20,1,1,2,4.0,5.0,3.0,3.0,2,1,1,4,3,3,4.0,0,0
3,1,1,0,1,12.0,0,0,94.0,91.0,91.0,50.0,95.0,89.0,39,72.0,2,5,2,2,1,0,20,0,1,0,5.0,5.0,5.0,5.0,0,4,3,4,1,3,5.0,2,0
3,1,1,0,1,13.0,1,0,96.0,92.0,92.0,80.0,78.0,77.0,195,81.75,2,1,2,0,4,4,20,1,6,2,3.0,5.0,3.0,5.0,0,1,3,4,2,3,5.0,0,0
1,0,1,0,0,14.0,1,5,78.5,84.9,83.6,68.5,58.1,65.9,92,64.6,0,3,1,2,5,1,4,1,1,0,3.2,3.1,2.6,3.9,2,6,6,4,3,3,2.3,0,0
1,0,1,1,0,12.0,0,0,80.0,83.0,72.0,64.0,70.0,57.0,133,66.0,0,1,1,1,5,0,33,1,5,1,5.0,4.0,5.0,4.0,0,4,3,2,3,2,4.0,1,0
2,0,0,0,1,12.1,0,0,77.4,79.7,84.9,73.5,59.9,73.8,101,68.69999999999999,0,3,2,2,4,4,29,1,6,2,1.7,3.3,3.8,4.2,2,1,6,4,3,3,2.0,0,0
3,1,1,0,1,7.0,2,1,78.6,77.3,86.4,70.1,69.7,77.5,128,72.35,0,1,1,2,4,1,52,1,6,2,4.4,3.7,5.3,4.8,2,1,2,4,5,3,3.8,0,0
3,1,1,0,1,13.0,1,0,95.0,88.0,88.0,78.0,46.0,56.0,193,67.5,1,0,1,0,4,0,44,1,6,0,3.0,5.0,3.0,5.0,0,4,3,4,1,3,5.0,0,0
3,1,1,0,0,13.0,1,0,97.0,97.0,97.0,81.0,42.0,85.0,200,76.25,1,1,1,0,4,2,33,1,6,2,3.0,5.0,3.0,5.0,0,4,3,4,5,2,5.0,0,0
1,0,1,0,1,14.0,1,0,74.0,69.0,73.0,52.0,60.0,62.0,31,56.5,0,1,1,2,4,1,20,1,1,0,3.0,5.0,4.0,3.0,2,5,2,4,1,2,4.0,1,0
1,0,1,1,1,11.0,1,0,82.0,87.0,79.0,73.0,67.0,69.0,145,71.0,0,0,1,1,5,0,20,1,5,0,4.0,1.0,2.0,5.0,2,1,3,4,5,2,5.0,1,0
3,1,1,0,1,9.0,3,0,75.0,79.0,76.0,66.0,66.0,71.0,86,67.0,0,3,2,1,4,1,33,1,6,2,3.0,5.0,4.0,4.0,2,6,6,4,5,3,4.0,0,0
3,1,1,0,1,13.0,1,0,98.0,87.0,87.0,56.0,71.0,91.0,52,69.0,1,1,1,0,5,4,33,1,6,2,3.0,5.0,3.0,5.0,0,4,3,4,3,3,5.0,1,0
2,0,0,0,1,13.0,0,0,70.0,74.0,74.0,42.0,49.0,45.0,12,44.75,2,3,1,2,1,1,20,1,0,0,4.0,4.0,3.0,3.0,2,5,6,3,2,1,4.0,1,1
0,1,1,0,1,13.3,4,12,79.3,88.0,81.7,65.5,61.9,69.7,88,65.60000000000001,2,3,1,2,3,1,36,1,6,0,0.7,4.6,5.1,5.1,2,5,5,2,1,2,2.9,0,0
0,1,1,0,0,11.1,2,2,83.1,82.3,81.8,62.4,65.8,68.1,168,69.475,0,1,1,1,1,4,42,1,6,1,5.1,5.5,4.4,4.8,0,1,2,2,5,0,5.2,0,0
0,1,1,0,1,8.0,2,10,78.0,81.0,75.0,65.0,73.0,76.0,61,68.5,0,1,1,1,1,4,33,1,6,1,1.0,5.0,5.0,5.0,0,1,0,0,1,1,5.0,1,0
3,1,1,0,0,13.0,1,0,86.0,93.0,93.0,70.0,83.0,83.0,179,80.5,1,1,1,0,5,4,20,1,6,2,3.0,3.0,3.0,3.0,0,1,3,4,1,2,3.0,0,0
1,0,1,0,1,13.0,1,0,81.0,86.0,83.0,68.0,77.0,63.0,133,70.25,0,1,1,2,1,4,33,1,6,0,4.0,3.0,4.0,3.0,0,6,2,4,3,3,4.0,0,0
3,1,1,0,0,6.0,2,1,78.6,77.3,86.4,70.1,69.7,77.5,128,72.35,0,1,1,2,4,1,52,1,6,2,4.4,3.7,5.3,4.8,2,1,2,4,5,3,3.8,0,0
0,1,1,0,1,13.0,1,1,77.1,69.3,75.8,65.1,64.2,65.3,41,62.22500000000001,0,0,1,2,5,5,23,1,6,2,3.7,3.6,3.0,1.9,2,6,6,4,5,0,1.7,1,0
3,1,1,0,1,6.0,2,1,77.8,80.5,83.4,70.7,56.7,76.3,87,67.19999999999999,0,3,1,2,4,4,27,1,6,2,1.7,2.8,3.0,4.0,2,1,6,4,3,3,1.9,0,0
0,1,1,0,0,12.7,0,7,83.5,86.0,82.6,78.8,72.1,81.3,176,79.05,0,3,1,1,5,5,57,1,6,2,3.9,4.1,4.6,2.7,2,1,3,4,3,3,4.1,1,0
3,1,1,0,0,6.0,2,14,65.0,64.0,69.0,59.0,60.0,57.0,49,58.25,0,0,2,2,5,5,33,1,6,2,2.0,3.0,1.0,2.0,2,1,6,4,5,2,1.0,0,0
1,0,1,1,0,9.0,0,0,82.0,99.0,80.0,73.0,68.0,57.0,167,69.75,1,1,1,0,0,0,44,1,6,1,5.0,3.0,5.0,2.0,0,3,3,4,5,2,4.0,1,0
3,1,1,0,1,7.0,2,0,75.0,79.0,76.0,66.0,66.0,71.0,86,67.0,0,3,2,1,4,1,33,1,6,2,3.0,5.0,4.0,4.0,2,6,6,4,5,3,4.0,0,0
3,1,1,0,0,6.0,2,0,94.0,98.0,98.0,75.0,72.0,57.0,185,72.75,2,0,1,0,4,3,66,1,6,2,3.0,5.0,3.0,2.0,0,4,1,3,2,2,1.0,0,1
3,1,1,0,0,12.0,4,0,92.0,93.0,93.0,73.0,77.0,70.0,191,77.25,0,5,1,1,1,5,20,0,6,0,4.0,5.0,4.0,5.0,0,3,3,4,1,3,5.0,0,0
1,0,1,0,0,12.0,0,0,62.0,65.0,64.0,39.0,48.0,38.0,31,44.25,2,3,2,2,4,4,61,1,1,2,3.0,4.0,3.0,2.0,2,1,6,3,5,2,2.0,0,1
1,0,1,0,0,10.7,0,1,81.6,78.1,76.3,80.4,74.3,55.0,170,72.9,0,0,2,1,5,0,35,1,5,0,5.1,3.3,3.7,3.0,0,1,2,4,1,2,3.8,0,0
3,1,1,0,1,13.0,1,0,89.0,88.0,88.0,57.0,86.0,62.0,191,73.5,2,1,1,2,4,5,33,1,6,0,5.0,3.0,5.0,3.0,0,1,3,2,1,2,3.0,0,0
3,1,1,0,0,7.0,3,14,20.0,37.0,0.0,20.0,33.0,17.0,2,25.0,0,1,1,1,1,2,5,0,1,1,2.0,2.0,2.0,1.0,2,1,5,3,5,3,1.0,1,1
1,0,1,0,0,13.0,1,0,95.0,99.0,99.0,70.0,84.0,72.0,171,77.0,0,3,1,2,5,5,33,1,6,2,4.0,4.0,4.0,3.0,0,1,3,4,3,3,4.0,1,0
3,1,1,0,1,8.0,3,0,75.0,79.0,76.0,66.0,66.0,71.0,86,67.0,0,3,2,1,4,1,33,1,6,2,3.0,5.0,4.0,4.0,2,6,6,4,5,3,4.0,0,0
2,0,0,0,1,13.0,1,0,86.0,88.0,78.0,60.0,58.0,62.0,78,60.75,0,3,2,1,1,1,33,1,6,0,4.0,3.0,5.0,5.0,2,1,6,4,4,3,4.0,0,0
3,1,1,0,0,12.0,4,10,93.0,92.0,92.0,84.0,54.0,94.0,198,81.75,0,1,2,1,4,5,5,1,6,1,4.0,5.0,4.0,5.0,2,4,3,2,3,2,5.0,1,0
1,0,1,0,0,12.1,0,2,83.5,78.6,80.9,59.5,71.6,65.8,111,66.625,0,3,1,2,4,4,29,1,5,0,3.8,3.4,2.6,2.5,2,1,6,2,3,1,2.2,0,0
3,1,1,0,0,13.0,1,0,98.0,93.0,93.0,66.0,54.0,84.0,127,69.0,0,0,2,1,4,5,30,1,6,2,3.0,3.0,3.0,3.0,0,4,3,3,1,2,3.0,0,0
3,1,1,0,0,12.0,4,0,95.0,89.0,89.0,76.0,56.0,52.0,145,64.75,0,5,1,1,1,1,20,1,6,2,4.0,3.0,4.0,3.0,2,3,3,2,5,3,3.0,1,0
1,0,1,1,0,11.0,1,0,96.0,95.0,80.0,79.0,76.0,82.0,61,74.25,0,3,1,1,5,0,44,1,5,0,3.0,5.0,5.0,3.0,0,1,3,2,2,2,5.0,1,0
1,0,1,0,1,10.0,2,0,87.0,90.0,92.0,84.0,75.0,85.0,151,80.0,0,3,2,2,5,4,33,1,1,0,5.0,3.0,3.0,4.0,0,1,3,4,3,3,4.0,1,0
3,1,1,0,1,13.0,1,0,85.0,99.0,99.0,58.0,53.0,57.0,177,63.25,1,0,1,0,1,0,5,1,6,0,3.0,5.0,3.0,5.0,0,3,3,3,1,2,5.0,0,0
1,0,1,0,1,12.0,0,0,90.0,88.0,93.0,82.0,72.0,74.0,173,77.75,0,0,1,2,5,0,44,1,6,0,3.0,5.0,3.0,2.0,2,1,1,2,3,0,4.0,1,0
1,0,1,0,0,10.0,2,0,91.0,85.0,90.0,77.0,68.0,74.0,153,74.0,0,3,2,1,5,5,33,1,6,2,5.0,4.0,4.0,3.0,2,1,1,4,1,2,4.0,0,0
1,0,1,0,0,14.0,1,0,77.0,82.0,79.0,70.0,74.0,75.0,100,71.5,0,0,2,2,5,5,33,1,6,2,3.0,5.0,3.0,4.0,2,1,6,2,1,2,4.0,0,0
3,1,1,0,1,6.0,2,0,79.1,81.4,84.9,66.3,57.4,69.4,103,65.275,0,3,1,2,4,4,36,1,6,2,1.4,2.8,2.6,3.7,2,1,6,4,3,3,2.0,0,0
3,1,1,0,1,12.0,0,0,86.0,95.0,95.0,69.0,49.0,53.0,46,56.75,2,5,1,2,1,0,20,1,6,1,5.0,5.0,5.0,5.0,2,4,3,4,1,3,5.0,0,0
3,1,1,0,0,13.0,1,0,98.0,91.0,91.0,47.0,75.0,96.0,167,74.75,2,0,1,2,5,1,33,1,6,1,3.0,3.0,3.0,3.0,0,1,3,4,2,2,3.0,0,0
1,0,1,0,1,12.0,0,0,88.0,92.0,92.0,78.0,67.0,71.0,159,73.5,0,3,2,2,1,4,20,1,6,1,4.0,4.0,4.0,3.0,0,6,0,4,2,3,2.0,0,0
1,0,1,0,0,12.0,0,0,83.0,82.0,83.0,69.0,64.0,68.0,133,68.5,0,0,2,2,4,5,20,1,5,0,4.0,5.0,4.0,5.0,2,1,6,2,1,2,4.0,0,0
2,0,0,0,0,14.0,0,0,85.0,87.0,90.0,68.0,57.0,57.0,78,61.25,0,3,2,2,1,1,20,1,1,1,4.0,3.0,4.0,3.0,2,1,1,4,3,3,2.0,0,0
3,1,1,0,1,6.0,2,0,79.1,81.4,84.9,66.3,57.4,69.4,103,65.275,0,3,1,2,4,4,36,1,6,2,1.4,2.8,2.6,3.7,2,1,6,4,3,3,2.0,0,0
3,1,1,0,0,7.0,3,11,72.8,99.5,85.3,63.5,58.8,53.0,155,63.150000000000006,0,3,1,1,1,0,49,1,6,1,5.2,4.9,4.7,5.2,2,5,2,2,1,2,4.6,1,0
1,0,1,0,1,11.2,0,4,77.0,88.0,80.0,58.7,61.5,73.9,77,64.25,0,0,1,1,5,0,46,1,5,1,3.6,3.5,4.4,3.1,1,3,3,2,5,2,1.5,0,0
3,1,1,0,1,13.0,1,0,85.0,88.0,88.0,54.0,78.0,58.0,31,60.5,0,5,2,1,4,5,33,1,6,1,3.0,3.0,3.0,3.0,0,3,3,4,3,2,3.0,0,0
3,1,1,0,0,12.0,0,0,95.0,90.0,90.0,94.0,45.0,80.0,153,74.0,0,0,2,1,0,0,44,0,6,0,3.0,3.0,3.0,3.0,0,4,3,4,5,3,3.0,1,0
3,1,1,0,0,8.0,3,14,20.0,37.0,0.0,63.0,20.0,27.0,3,35.75,0,1,1,1,1,2,44,0,0,1,3.0,1.0,1.0,5.0,2,5,3,3,4,1,2.0,0,1
1,0,1,0,1,11.0,2,0,77.0,84.0,75.0,76.0,77.0,77.0,113,75.0,0,1,1,2,5,0,55,1,6,0,4.0,3.0,4.0,4.0,0,1,2,4,1,3,4.0,0,0
1,0,1,0,1,14.0,0,0,68.0,64.0,62.0,65.0,55.0,68.0,61,62.0,0,1,1,2,1,5,5,1,5,0,3.0,5.0,2.0,3.0,2,1,2,2,4,1,2.0,0,1
3,1,1,0,0,7.0,2,14,20.0,37.0,0.0,27.0,37.0,27.0,153,42.0,0,5,2,1,1,1,0,0,0,1,2.0,2.0,2.0,1.0,2,1,6,3,4,2,1.0,0,1
3,1,1,0,0,13.0,1,0,86.0,99.0,99.0,71.0,70.0,74.0,61,68.75,2,1,1,0,5,1,5,1,6,2,3.0,5.0,3.0,5.0,0,1,3,4,1,3,5.0,0,0
1,0,1,0,0,13.0,0,0,89.0,90.0,94.0,78.0,80.0,71.0,165,77.25,0,0,1,2,4,4,20,1,5,0,5.0,3.0,5.0,5.0,2,6,1,2,5,3,5.0,1,0
0,1,1,0,1,11.0,3,10,63.0,69.0,69.0,45.0,50.0,46.0,29,48.0,2,3,2,2,1,2,20,1,6,0,3.0,3.0,3.0,3.0,2,6,6,3,5,2,3.0,0,1
1,0,1,1,1,11.0,0,0,84.0,77.0,95.0,74.0,55.0,75.0,61,66.0,0,3,1,1,0,0,33,1,5,2,5.0,5.0,5.0,3.0,0,4,3,4,5,2,4.0,0,0
3,1,1,0,1,7.0,3,1,77.8,80.5,83.4,70.7,56.7,76.3,87,67.19999999999999,0,3,1,2,4,4,27,1,6,2,1.7,2.8,3.0,4.0,2,1,6,4,3,3,1.9,0,0
3,1,1,0,0,9.0,3,0,90.0,71.0,77.0,70.0,69.0,64.0,151,69.75,0,0,1,1,5,0,55,1,5,0,5.0,1.0,5.0,1.0,0,1,3,4,1,2,5.0,0,0
1,0,1,0,0,12.0,0,0,71.0,73.0,79.0,57.0,63.0,55.0,58,58.5,0,3,2,2,5,0,44,1,6,0,2.0,4.0,3.0,4.0,2,1,6,4,3,2,2.0,0,0
3,1,1,0,1,13.0,1,0,93.0,95.0,95.0,54.0,42.0,67.0,145,59.5,2,1,2,2,4,1,20,1,6,0,5.0,3.0,5.0,3.0,0,4,3,4,3,2,3.0,0,0
2,0,0,0,1,12.0,0,10,74.0,71.0,74.0,50.0,46.0,38.0,12,44.25,0,0,1,2,1,1,33,1,0,0,3.0,3.0,4.0,5.0,2,5,6,3,4,3,4.0,0,1
2,0,0,0,0,11.9,0,2,76.6,77.8,86.3,65.2,65.1,70.2,63,65.225,0,3,2,2,1,5,36,1,6,0,3.8,3.8,3.5,3.8,2,1,1,4,3,2,1.8,0,0
3,1,1,0,0,13.0,1,0,98.0,98.0,98.0,63.0,83.0,96.0,18,72.0,2,0,1,2,0,0,20,1,6,0,5.0,3.0,5.0,3.0,0,1,3,4,3,2,3.0,0,0
3,1,1,0,1,13.0,1,0,96.0,92.0,92.0,94.0,48.0,74.0,12,64.75,2,5,1,0,4,4,20,1,5,2,3.0,5.0,3.0,5.0,0,1,3,0,5,2,5.0,0,0
1,0,1,1,0,11.0,0,0,85.0,76.0,92.0,62.0,65.0,77.0,49,65.25,0,1,1,1,5,0,33,1,5,0,5.0,2.0,5.0,1.0,0,3,2,4,4,2,4.0,0,0
3,1,1,0,1,8.0,3,0,92.0,93.0,93.0,73.0,77.0,70.0,191,77.25,0,5,1,1,1,5,20,0,6,0,4.0,5.0,4.0,5.0,0,3,3,4,1,3,5.0,0,0
3,1,1,0,0,8.0,3,0,92.0,85.0,93.0,69.0,57.0,68.0,103,65.5,0,3,2,2,1,1,5,1,1,0,5.0,4.0,1.0,2.0,0,1,3,4,5,1,2.0,0,0
2,0,0,0,1,12.1,0,0,79.1,81.4,84.9,66.3,57.4,69.4,103,65.275,0,3,1,2,4,4,36,1,6,2,1.4,2.8,2.6,3.7,2,1,6,4,3,3,2.0,0,0
1,0,1,0,1,10.0,2,0,94.0,89.0,89.0,81.0,77.0,74.0,167,78.25,0,3,2,2,5,5,44,1,6,2,5.0,4.0,4.0,4.0,0,1,3,4,5,2,4.0,1,0
1,0,1,0,1,14.0,0,0,76.0,69.0,73.0,70.0,68.0,61.0,113,67.25,0,0,1,2,4,4,20,1,1,0,3.0,5.0,4.0,4.0,2,1,6,4,3,2,4.0,0,0
3,1,1,0,1,7.0,3,5,86.4,89.6,83.2,62.2,58.5,59.6,83,61.2,0,3,2,1,1,1,33,1,6,0,4.2,3.4,4.6,4.8,2,1,6,4,4,3,4.1,0,0
3,1,1,0,0,13.0,1,0,94.0,98.0,98.0,75.0,72.0,57.0,185,72.75,2,0,1,0,4,4,33,1,6,2,3.0,5.0,3.0,5.0,0,4,3,4,1,2,5.0,0,0
3,1,1,0,1,13.0,1,0,92.0,89.0,89.0,60.0,87.0,71.0,195,77.5,1,0,2,0,4,0,20,1,0,2,3.0,5.0,3.0,5.0,0,1,3,4,5,2,5.0,2,0
2,0,0,0,1,12.2,0,0,78.1,75.9,85.1,68.2,57.5,73.1,96,66.35,0,3,1,2,4,4,37,1,6,2,1.4,3.3,2.8,4.4,2,1,6,4,3,3,1.7,0,0
2,0,0,0,1,13.2,0,2,73.4,75.0,71.2,43.0,49.9,46.6,11,45.425,2,3,2,2,1,1,28,1,0,0,4.1,3.9,3.1,3.2,2,5,6,3,2,1,4.5,1,1
1,0,1,0,0,12.3,0,0,88.9,81.7,86.9,68.8,62.6,73.3,113,68.675,0,3,2,2,0,0,27,1,6,1,3.9,3.8,5.2,4.1,2,1,1,4,2,3,5.1,1,0
1,0,1,0,0,14.0,0,0,74.0,70.0,74.0,65.0,62.0,59.0,46,60.5,0,0,1,2,4,0,5,1,6,0,4.0,4.0,3.0,4.0,2,1,6,4,3,3,4.0,0,0
0,1,1,0,1,9.9,2,4,90.4,93.1,83.8,91.1,58.5,58.0,33,65.0,0,3,1,1,0,5,8,1,0,0,0.9,3.6,2.9,5.7,0,1,3,2,5,2,5.2,0,0
3,1,1,0,1,12.0,0,10,87.0,87.0,87.0,65.0,40.0,51.0,21,51.0,0,5,2,1,1,0,5,1,6,0,3.0,3.0,3.0,3.0,2,1,3,4,5,2,3.0,0,0
1,0,1,1,1,10.0,0,0,83.0,83.0,77.0,91.0,75.0,48.0,119,71.25,0,0,1,1,0,0,33,1,5,0,5.0,2.0,5.0,5.0,0,1,3,2,3,2,5.0,1,0
1,0,1,0,1,13.5,1,7,68.5,72.6,79.3,52.3,61.4,62.5,51,58.475,2,1,2,2,4,4,44,1,1,0,5.3,3.2,4.3,4.0,2,5,2,3,5,1,5.3,0,0
3,1,1,0,1,6.0,2,0,75.0,79.0,76.0,66.0,66.0,71.0,86,67.0,0,3,2,1,4,1,33,1,6,2,3.0,5.0,4.0,4.0,2,6,6,4,5,3,4.0,0,0
3,1,1,0,0,13.0,1,0,98.0,92.0,92.0,84.0,84.0,54.0,39,69.0,0,1,2,1,4,0,33,1,6,2,5.0,5.0,5.0,5.0,2,1,3,2,1,3,5.0,0,0
1,0,1,0,1,13.0,0,0,89.0,89.0,82.0,84.0,88.0,86.0,176,85.5,0,0,1,2,5,5,33,1,5,0,4.0,4.0,4.0,4.0,2,1,1,2,3,3,3.0,0,0
1,0,1,0,1,13.0,0,0,87.0,83.0,86.0,78.0,66.0,72.0,165,74.0,0,3,2,1,4,5,33,1,5,2,5.0,5.0,4.0,4.0,2,1,1,2,5,2,4.0,1,0
3,1,1,0,1,13.0,1,0,92.0,95.0,95.0,67.0,84.0,91.0,194,83.25,1,0,1,0,1,1,43,1,6,2,3.0,5.0,3.0,5.0,0,3,3,4,1,2,5.0,1,0
3,1,1,0,0,7.0,2,14,20.0,37.0,0.0,27.0,37.0,27.0,153,42.0,0,5,2,1,1,1,0,0,0,1,2.0,2.0,2.0,1.0,2,1,6,3,4,2,1.0,0,1
3,1,1,0,0,8.0,3,7,83.5,86.0,82.6,78.8,72.1,81.3,176,79.05,0,3,1,1,5,5,57,1,6,2,3.9,4.1,4.6,2.7,2,1,3,4,3,3,4.1,1,0
3,1,1,0,0,9.0,3,14,20.0,37.0,0.0,27.0,45.0,75.0,6,45.75,0,1,1,1,3,2,5,0,1,1,2.0,1.0,2.0,1.0,2,1,1,3,2,0,4.0,0,1
2,0,0,0,1,13.0,1,0,95.0,96.0,89.0,77.0,72.0,80.0,151,76.25,0,0,1,2,5,4,33,1,6,2,5.0,5.0,4.0,5.0,0,1,3,4,1,3,5.0,0,0
3,1,1,0,1,13.0,1,0,88.0,90.0,90.0,94.0,80.0,66.0,9,70.25,2,3,2,0,5,0,33,1,6,2,4.0,5.0,4.0,5.0,0,4,3,3,1,3,5.0,0,0
3,1,1,0,1,13.0,1,0,88.0,96.0,96.0,79.0,84.0,59.0,179,77.0,1,5,1,0,5,0,33,1,6,2,3.0,5.0,3.0,5.0,0,4,3,3,5,2,5.0,0,0
3,1,1,0,1,8.0,3,0,92.0,93.0,93.0,73.0,77.0,70.0,191,77.25,0,5,1,1,1,5,20,0,6,0,4.0,5.0,4.0,5.0,0,3,3,4,1,3,5.0,0,0
3,1,1,0,1,6.0,2,11,72.8,99.5,85.3,63.5,58.8,53.0,155,63.150000000000006,0,3,1,1,1,0,49,1,6,1,5.2,4.9,4.7,5.2,2,5,2,2,1,2,4.6,1,0
3,1,1,0,1,7.0,3,10,94.0,97.0,97.0,89.0,40.0,54.0,18,57.25,2,1,1,2,5,1,5,1,6,0,4.0,5.0,4.0,5.0,2,4,3,4,1,2,5.0,1,0
2,0,0,0,1,12.0,0,0,82.0,89.0,88.0,76.0,68.0,65.0,127,70.25,0,3,2,1,4,0,5,1,6,2,4.0,4.0,4.0,2.0,2,6,1,4,1,0,3.0,1,0
3,1,1,0,1,13.0,1,0,93.0,89.0,89.0,58.0,47.0,65.0,196,65.75,1,1,2,0,1,0,33,1,6,2,4.0,5.0,4.0,5.0,0,4,3,2,1,2,5.0,0,0
2,0,0,0,0,13.0,1,0,75.0,79.0,76.0,66.0,66.0,71.0,86,67.0,0,3,2,1,4,1,33,1,6,2,3.0,5.0,4.0,4.0,2,6,6,4,5,3,4.0,0,0
3,1,1,0,1,9.0,3,0,74.0,82.0,82.0,75.0,76.0,57.0,39,65.5,0,5,1,1,5,0,33,1,5,0,4.0,5.0,5.0,5.0,0,1,3,2,1,2,5.0,1,0
1,0,1,1,1,10.0,1,0,81.0,81.0,75.0,64.0,77.0,74.0,61,68.75,0,0,1,1,5,0,44,1,2,0,5.0,5.0,5.0,4.0,0,1,3,0,5,2,3.0,0,0
1,0,1,1,1,12.0,0,0,89.0,73.0,75.0,75.0,74.0,74.0,195,78.75,0,0,1,1,5,0,20,1,5,2,4.0,3.0,5.0,3.0,0,3,0,4,1,2,5.0,0,0
3,1,1,0,0,8.0,3,10,88.0,92.0,92.0,88.0,71.0,73.0,12,68.75,2,1,1,2,4,5,20,0,6,2,3.0,3.0,3.0,3.0,0,3,3,2,5,3,3.0,0,0
3,1,1,0,1,12.0,4,0,86.0,99.0,99.0,60.0,56.0,57.0,151,62.25,0,3,1,1,1,4,5,1,6,2,4.0,3.0,4.0,3.0,2,4,3,4,1,2,3.0,0,0
3,1,1,0,1,13.0,1,0,95.0,93.0,93.0,67.0,52.0,83.0,198,74.25,2,0,1,2,5,5,33,1,6,2,4.0,5.0,4.0,5.0,0,1,3,2,1,2,5.0,0,0
3,1,1,0,0,12.0,0,0,87.0,93.0,93.0,94.0,54.0,54.0,68,65.75,0,1,1,1,5,4,33,1,6,0,5.0,5.0,5.0,5.0,2,1,3,4,5,3,5.0,1,0
1,0,1,0,1,12.3,1,1,79.4,80.2,80.1,81.6,74.5,84.5,135,78.55,0,1,1,2,5,0,33,1,5,0,2.3,2.7,4.2,3.3,2,1,2,2,5,3,4.6,1,0
1,0,1,0,1,13.0,1,0,79.0,75.0,77.0,69.0,62.0,66.0,127,67.25,0,1,1,1,4,5,33,1,5,2,4.0,5.0,3.0,4.0,2,1,2,2,5,2,2.0,0,0
1,0,1,0,1,13.0,1,0,77.0,81.0,82.0,54.0,51.0,61.0,43,55.25,0,0,1,2,1,1,5,1,1,1,4.0,3.0,4.0,3.0,2,1,1,4,4,3,2.0,0,0
3,1,1,0,1,6.0,2,0,78.0,74.0,80.0,66.0,74.0,70.0,139,71.0,0,0,1,2,5,4,55,1,1,2,4.0,4.0,3.0,4.0,2,1,1,4,5,2,4.0,0,0
1,0,1,1,1,12.0,1,0,90.0,85.0,76.0,85.0,70.0,80.0,113,76.25,0,3,1,1,5,0,44,1,5,0,5.0,5.0,5.0,5.0,0,1,3,2,1,2,5.0,0,0
3,1,1,0,1,7.0,2,18,94.0,98.0,98.0,75.0,72.0,57.0,185,72.75,2,0,1,0,4,3,66,1,6,2,3.0,5.0,3.0,2.0,0,4,1,3,2,2,1.0,0,1
1,0,1,0,1,12.0,0,14,67.0,69.0,65.0,54.0,52.0,55.0,61,55.25,0,0,2,2,4,5,44,1,6,0,3.0,5.0,1.0,2.0,2,1,6,4,1,1,1.0,0,0
0,1,1,0,1,10.0,2,0,88.0,92.0,84.0,88.0,60.0,56.0,31,64.0,0,3,2,1,0,5,5,1,0,0,1.0,3.0,3.0,5.0,0,1,3,2,5,2,5.0,0,0
3,1,1,0,1,12.0,0,0,87.0,99.0,99.0,47.0,71.0,66.0,29,58.75,2,5,1,2,5,5,44,1,6,1,5.0,3.0,5.0,3.0,2,1,3,4,1,3,3.0,0,0
1,0,1,1,0,13.0,1,0,86.0,85.0,99.0,81.0,67.0,59.0,36,65.0,0,3,1,1,5,0,33,1,2,0,5.0,3.0,4.0,4.0,0,6,3,2,1,2,4.0,0,0
3,1,1,0,1,13.0,1,0,88.0,95.0,95.0,55.0,48.0,60.0,197,64.25,2,5,1,2,4,1,16,1,6,2,3.0,3.0,3.0,3.0,0,3,3,4,5,2,3.0,0,0
3,1,1,0,1,13.0,1,0,85.0,92.0,92.0,93.0,73.0,68.0,177,79.75,1,5,2,0,5,1,16,1,6,2,3.0,2.0,3.0,2.0,2,1,3,2,3,2,2.0,0,0
1,0,1,0,0,14.0,1,0,81.0,90.0,86.0,86.0,86.0,84.0,179,85.5,0,0,1,2,5,0,20,1,6,0,5.0,3.0,3.0,4.0,0,1,3,2,5,2,2.0,0,0
1,0,1,0,1,13.0,0,0,99.0,99.0,93.0,81.0,83.0,90.0,185,85.25,0,3,2,2,5,5,44,1,5,2,5.0,3.0,5.0,5.0,0,6,3,2,1,3,5.0,1,0
3,1,1,0,0,12.0,0,0,93.0,90.0,90.0,63.0,90.0,58.0,27,65.25,0,5,2,1,5,5,20,0,6,0,5.0,5.0,5.0,5.0,0,3,3,4,3,2,5.0,0,0
3,1,1,0,1,12.0,4,14,86.0,91.0,91.0,84.0,59.0,61.0,19,62.75,0,3,1,1,4,5,20,1,6,0,4.0,5.0,4.0,5.0,2,3,3,4,5,2,5.0,0,0
3,1,1,0,1,6.0,2,0,75.4,71.0,74.7,62.2,67.1,66.2,37,62.225,0,0,2,2,5,5,13,1,6,2,3.0,3.7,3.2,2.9,2,6,6,4,5,0,2.0,0,0
3,1,1,0,1,12.0,4,0,90.0,95.0,95.0,91.0,72.0,84.0,16,73.0,2,1,2,2,5,0,20,1,6,0,4.0,5.0,4.0,5.0,2,1,3,4,1,2,5.0,1,0
1,0,1,0,0,14.4,0,1,78.9,75.6,79.2,52.7,59.1,59.5,79,58.625,0,0,1,1,4,4,34,1,6,0,2.7,4.0,3.5,4.0,2,1,6,4,3,2,3.8,0,0
0,1,1,0,1,12.0,0,0,85.0,91.0,88.0,76.0,71.0,75.0,145,74.25,0,0,1,2,4,0,20,1,1,0,4.0,4.0,4.0,4.0,0,1,3,4,1,3,5.0,0,0
3,1,1,0,1,8.0,3,0,85.0,87.0,90.0,68.0,57.0,57.0,78,61.25,0,3,2,2,1,1,20,1,1,1,4.0,3.0,4.0,3.0,2,1,1,4,3,3,2.0,0,0
2,0,0,0,1,13.6,1,0,83.3,84.6,83.1,62.3,75.4,65.5,110,68.175,0,3,1,1,4,1,29,1,6,2,3.0,3.0,5.0,4.0,2,1,6,4,1,2,5.1,1,0
3,1,1,0,0,13.0,1,0,94.0,97.0,97.0,54.0,54.0,75.0,197,69.25,1,0,2,0,1,4,33,1,1,2,2.0,5.0,2.0,5.0,2,1,3,4,1,2,5.0,0,0
1,0,1,1,1,12.0,0,10,80.0,79.0,82.0,93.0,48.0,75.0,36,67.25,0,3,1,1,0,5,44,1,5,1,5.0,5.0,4.0,3.0,2,3,2,4,5,2,5.0,0,0
1,0,1,1,1,13.0,0,0,85.0,90.0,88.0,76.0,65.0,76.0,72,69.75,1,0,1,0,0,0,33,1,5,0,5.0,1.0,3.0,1.0,0,1,3,2,5,2,2.0,0,0
3,1,1,0,0,13.0,1,0,88.0,87.0,87.0,56.0,49.0,90.0,46,62.75,1,0,1,0,4,4,33,1,6,2,3.0,3.0,3.0,3.0,2,4,3,2,3,2,3.0,0,0
1,0,1,0,0,11.7,4,2,88.5,91.4,87.2,80.9,86.2,92.5,190,86.97500000000001,0,0,1,2,5,4,46,1,5,2,3.8,5.0,3.9,3.5,0,1,3,2,3,2,3.7,1,0
3,1,1,0,0,13.0,1,0,86.0,99.0,99.0,68.0,58.0,62.0,179,68.5,2,0,2,2,5,0,5,1,6,2,3.0,2.0,3.0,2.0,0,4,3,3,3,2,2.0,0,0
3,1,1,0,0,6.0,2,14,20.0,37.0,0.0,25.0,18.0,24.0,6,25.75,0,5,2,1,1,2,0,0,1,1,2.0,4.0,2.0,1.0,2,6,2,3,2,2,2.0,0,1
1,0,1,0,1,9.1,0,0,71.5,81.1,85.8,69.3,52.6,71.4,133,66.575,1,0,2,0,0,0,23,1,5,0,4.9,4.9,3.9,2.4,0,4,3,2,5,2,2.8,0,0
3,1,1,0,0,13.0,1,0,88.0,97.0,97.0,83.0,90.0,88.0,189,87.25,1,0,1,0,4,0,32,1,6,2,3.0,3.0,3.0,3.0,0,4,3,3,1,2,3.0,0,0
0,1,1,0,0,12.0,4,0,78.0,74.0,80.0,66.0,74.0,70.0,139,71.0,0,0,1,2,5,4,55,1,1,2,4.0,4.0,3.0,4.0,2,1,1,4,5,2,4.0,0,0
3,1,1,0,0,9.0,3,10,88.0,92.0,92.0,88.0,71.0,73.0,12,68.75,2,1,1,2,4,5,20,0,6,2,3.0,3.0,3.0,3.0,0,3,3,2,5,3,3.0,0,0
3,1,1,0,1,8.0,3,0,96.0,90.0,90.0,66.0,55.0,65.0,199,70.5,2,0,1,2,1,0,33,1,6,2,3.0,3.0,3.0,3.0,0,4,3,2,5,2,3.0,0,0
3,1,1,0,0,8.0,3,0,91.0,95.0,95.0,56.0,48.0,73.0,8,54.25,2,3,2,2,4,4,5,0,6,0,4.0,5.0,4.0,5.0,0,4,3,4,1,2,5.0,0,0
3,1,1,0,1,13.0,1,0,85.0,98.0,98.0,92.0,60.0,54.0,68,66.75,1,1,2,0,5,1,44,1,6,2,3.0,3.0,3.0,3.0,2,4,3,4,3,2,3.0,0,0
0,1,1,0,0,9.4,3,4,78.6,83.9,96.1,74.4,69.6,64.8,56,66.9,0,5,2,1,1,0,26,1,6,1,5.3,5.0,5.1,5.3,2,1,3,2,1,2,4.9,0,0
3,1,1,0,0,13.0,1,0,87.0,98.0,98.0,92.0,79.0,71.0,19,72.25,1,3,1,0,5,4,65,1,6,2,3.0,5.0,3.0,5.0,2,3,3,3,5,2,5.0,1,0
3,1,1,0,0,13.0,1,0,87.0,98.0,98.0,78.0,82.0,77.0,8,69.25,0,1,1,1,1,0,20,1,6,0,5.0,3.0,5.0,3.0,0,4,3,4,5,3,3.0,1,0
1,0,1,0,1,11.0,4,0,77.0,79.0,73.0,80.0,71.0,76.0,127,74.75,0,1,2,2,5,4,44,1,5,0,3.0,4.0,3.0,4.0,2,6,2,2,1,2,4.0,1,0
3,1,1,0,0,13.0,1,0,96.0,90.0,90.0,66.0,55.0,65.0,199,70.5,2,0,1,2,1,0,65,1,6,2,3.0,3.0,3.0,3.0,0,4,3,2,5,2,3.0,0,0
2,0,0,0,1,13.0,1,0,76.0,77.0,81.0,58.0,60.0,60.0,86,60.75,0,0,2,2,4,0,55,1,1,0,4.0,4.0,3.0,4.0,2,1,1,4,1,2,4.0,0,0
3,1,1,0,1,13.0,1,0,89.0,91.0,91.0,63.0,93.0,89.0,185,83.0,1,1,1,0,4,5,5,1,6,2,3.0,5.0,3.0,5.0,0,3,3,4,1,2,5.0,1,0
1,0,1,0,0,14.0,1,0,80.0,83.0,77.0,57.0,54.0,59.0,52,57.0,0,0,2,2,0,4,5,1,5,0,3.0,4.0,3.0,4.0,2,1,6,2,2,3,4.0,0,0
3,1,1,0,1,8.0,3,18,20.0,37.0,0.0,38.0,22.0,45.0,19,38.0,0,1,1,1,3,2,5,0,0,1,3.0,1.0,1.0,5.0,2,1,6,3,2,1,1.0,0,1
3,1,1,0,1,13.0,1,0,86.0,98.0,98.0,52.0,41.0,52.0,179,57.75,1,0,2,0,0,0,30,1,6,0,4.0,5.0,4.0,5.0,2,4,3,4,3,2,5.0,0,0
1,0,1,0,0,13.0,1,2,89.5,92.3,90.3,91.4,82.9,89.3,181,87.45,0,3,1,2,5,4,52,1,5,2,5.2,4.0,4.9,4.1,0,1,3,2,1,3,3.6,0,0
1,0,1,0,0,13.0,0,0,83.0,88.0,85.0,82.0,83.0,83.0,165,82.0,0,1,1,1,5,4,20,1,1,2,5.0,5.0,3.0,4.0,0,1,2,4,5,3,4.0,1,0
3,1,1,0,1,9.0,3,1,78.6,77.3,86.4,70.1,69.7,77.5,128,72.35,0,1,1,2,4,1,52,1,6,2,4.4,3.7,5.3,4.8,2,1,2,4,5,3,3.8,0,0
1,0,1,0,1,13.0,1,0,90.0,97.0,94.0,95.0,94.0,96.0,194,94.0,0,0,1,2,5,5,55,1,5,0,3.0,4.0,5.0,4.0,2,1,1,2,1,2,4.0,0,0
3,1,1,0,0,12.0,4,10,87.0,90.0,90.0,66.0,95.0,89.0,191,84.75,2,5,1,2,5,5,20,1,6,1,4.0,5.0,4.0,5.0,2,4,3,2,1,2,5.0,0,0
2,0,0,0,1,12.9,1,0,85.9,84.4,78.9,49.6,64.9,60.1,76,59.35,0,3,1,2,1,5,34,1,6,0,3.2,4.1,2.9,1.9,0,6,0,4,3,1,4.5,1,0
1,0,1,0,1,12.3,1,2,81.1,75.9,72.0,80.3,89.1,52.6,160,75.1,2,3,2,2,5,0,52,1,3,2,3.7,3.0,3.8,2.7,0,1,3,0,1,2,3.9,0,0
1,0,1,0,1,13.0,0,0,75.0,75.0,77.0,56.0,52.0,48.0,68,54.25,0,0,2,1,1,4,33,1,6,0,4.0,4.0,3.0,5.0,2,6,1,4,2,2,5.0,1,0
3,1,1,0,0,12.0,4,10,94.0,94.0,94.0,65.0,58.0,68.0,72,63.25,2,3,2,2,1,1,20,1,6,2,4.0,5.0,4.0,5.0,2,4,3,4,3,2,5.0,0,0
3,1,1,0,0,13.0,1,0,89.0,88.0,88.0,74.0,88.0,79.0,177,81.5,1,1,1,0,5,4,53,1,6,2,3.0,3.0,3.0,3.0,0,4,3,0,1,2,3.0,0,0
0,1,1,0,0,10.1,3,13,81.4,82.1,66.2,69.3,66.0,76.7,177,74.25,0,3,2,1,5,1,26,1,6,0,5.0,5.7,4.3,5.2,2,6,2,4,1,3,5.4,0,0
1,0,1,0,0,14.4,1,3,80.1,83.8,80.8,71.1,75.2,75.9,90,71.92500000000001,0,0,2,2,5,5,28,1,6,2,3.0,4.6,3.4,4.2,2,1,6,2,1,2,3.7,0,0
3,1,1,0,1,13.0,1,0,94.0,92.0,92.0,46.0,71.0,78.0,58,63.5,2,1,1,0,4,5,44,1,6,2,3.0,3.0,3.0,3.0,0,3,3,0,1,2,3.0,0,0
1,0,1,0,1,11.2,0,0,85.8,76.1,90.5,71.8,53.2,71.5,60,64.0,0,3,1,1,0,0,34,1,5,2,4.7,5.2,4.9,2.7,0,4,3,4,5,2,4.6,0,0
3,1,1,0,1,7.0,2,2,76.6,77.8,86.3,65.2,65.1,70.2,63,65.225,0,3,2,2,1,5,36,1,6,0,3.8,3.8,3.5,3.8,2,1,1,4,3,2,1.8,0,0
3,1,1,0,1,6.0,2,11,72.8,99.5,85.3,63.5,58.8,53.0,155,63.150000000000006,0,3,1,1,1,0,49,1,6,1,5.2,4.9,4.7,5.2,2,5,2,2,1,2,4.6,1,0
3,1,1,0,1,9.0,3,0,75.0,79.0,76.0,66.0,66.0,71.0,86,67.0,0,3,2,1,4,1,33,1,6,2,3.0,5.0,4.0,4.0,2,6,6,4,5,3,4.0,0,0
1,0,1,1,0,13.0,1,0,84.0,93.0,88.0,68.0,68.0,58.0,107,65.75,0,0,1,1,5,0,0,1,5,0,5.0,1.0,5.0,3.0,5,1,3,2,3,2,5.0,3,0
1,0,1,0,1,11.4,1,0,82.4,80.8,88.6,70.1,77.4,74.7,72,71.05,0,0,2,1,5,0,20,1,5,2,3.2,1.1,5.0,1.5,0,1,3,4,3,2,5.3,1,0
1,0,1,0,0,12.0,1,1,72.4,83.4,80.3,67.2,77.4,73.9,66,69.825,0,3,1,1,5,0,27,1,2,2,4.5,2.9,3.2,3.5,0,5,3,2,5,2,2.9,1,0
1,0,1,0,0,14.0,1,0,84.0,85.0,89.0,79.0,80.0,84.0,177,82.0,0,1,1,2,5,0,33,1,5,2,4.0,4.0,5.0,4.0,2,1,2,2,3,3,4.0,1,0
1,0,1,0,1,13.0,1,0,91.0,90.0,88.0,70.0,77.0,76.0,139,74.25,0,3,2,2,5,0,33,1,1,0,4.0,5.0,3.0,4.0,2,1,1,4,3,2,2.0,0,0
3,1,1,0,1,6.0,2,2,76.6,77.8,86.3,65.2,65.1,70.2,63,65.225,0,3,2,2,1,5,36,1,6,0,3.8,3.8,3.5,3.8,2,1,1,4,3,2,1.8,0,0
3,1,1,0,1,10.0,3,5,86.4,89.6,83.2,62.2,58.5,59.6,83,61.2,0,3,2,1,1,1,33,1,6,0,4.2,3.4,4.6,4.8,2,1,6,4,4,3,4.1,0,0
1,0,1,1,0,12.0,1,0,77.0,84.0,81.0,67.0,75.0,76.0,81,70.5,0,3,1,1,5,0,33,1,2,2,4.0,3.0,3.0,3.0,0,5,3,2,5,2,3.0,1,0
3,1,1,0,0,12.0,4,10,94.0,97.0,97.0,89.0,40.0,54.0,18,57.25,2,1,1,2,5,1,5,1,6,0,4.0,5.0,4.0,5.0,2,4,3,4,1,2,5.0,1,0
3,1,1,0,1,13.0,1,0,95.0,94.0,94.0,60.0,89.0,79.0,39,70.5,1,1,2,0,4,4,65,1,6,0,3.0,3.0,3.0,3.0,0,1,3,4,3,2,3.0,0,0
3,1,1,0,0,12.0,0,0,98.0,95.0,95.0,66.0,89.0,93.0,49,76.25,0,5,1,1,4,0,33,0,6,2,5.0,3.0,5.0,3.0,0,3,3,4,1,2,3.0,0,0
3,1,1,0,1,13.0,1,0,92.0,94.0,94.0,93.0,85.0,95.0,195,91.25,1,1,2,0,4,0,65,1,6,2,3.0,3.0,3.0,3.0,0,3,3,2,5,2,3.0,0,0
3,1,1,0,1,13.0,1,0,95.0,98.0,98.0,75.0,94.0,64.0,195,81.25,1,1,2,0,4,1,33,1,1,0,3.0,3.0,3.0,3.0,2,3,3,4,1,2,3.0,1,0
0,1,1,0,1,13.6,0,9,61.4,73.0,64.7,52.3,40.5,52.8,13,47.325,2,3,1,2,4,4,47,1,6,0,2.8,4.8,3.3,2.2,2,6,6,3,3,0,2.2,0,1
3,1,1,0,1,9.0,3,14,20.0,37.0,0.0,35.0,20.0,36.0,81,38.75,0,1,2,1,1,2,18,0,0,1,2.0,2.0,2.0,1.0,2,5,2,3,4,3,1.0,0,1
3,1,1,0,0,13.0,1,0,87.0,97.0,97.0,56.0,94.0,60.0,185,74.25,2,1,1,2,4,4,33,1,6,0,3.0,3.0,3.0,3.0,0,4,3,2,1,2,3.0,0,0
3,1,1,0,1,10.0,3,0,75.0,79.0,76.0,66.0,66.0,71.0,86,67.0,0,3,2,1,4,1,33,1,6,2,3.0,5.0,4.0,4.0,2,6,6,4,5,3,4.0,0,0
1,0,1,0,1,13.0,0,0,84.0,84.0,87.0,73.0,84.0,77.0,151,77.5,0,3,1,2,4,4,5,1,6,2,4.0,3.0,3.0,4.0,2,1,1,2,5,3,4.0,0,0
3,1,1,0,0,8.0,3,10,88.0,92.0,92.0,88.0,71.0,73.0,12,68.75,2,1,1,2,4,5,20,0,6,2,3.0,3.0,3.0,3.0,0,3,3,2,5,3,3.0,0,0
2,0,0,0,0,14.0,0,14,70.0,70.0,63.0,46.0,57.0,53.0,46,53.0,0,1,2,1,1,4,33,1,1,0,2.0,5.0,4.0,5.0,2,6,2,4,2,0,5.0,1,1
2,0,0,0,1,13.0,1,0,91.0,89.0,94.0,75.0,71.0,74.0,162,74.75,0,2,2,2,3,5,33,1,6,0,4.0,3.0,3.0,3.0,0,6,0,0,5,3,2.0,0,0
3,1,1,0,1,13.0,1,0,88.0,87.0,87.0,92.0,69.0,50.0,24,65.0,2,1,2,2,4,5,33,1,6,2,3.0,3.0,3.0,3.0,2,1,3,4,1,2,3.0,0,0
1,0,1,0,0,12.0,0,0,86.0,93.0,95.0,66.0,71.0,63.0,58,64.75,0,3,1,2,4,5,44,1,6,2,4.0,5.0,2.0,4.0,0,1,3,4,5,2,2.0,0,0
3,1,1,0,1,8.0,3,14,20.0,37.0,0.0,36.0,21.0,22.0,18,31.25,0,5,1,1,1,4,64,0,6,1,3.0,1.0,1.0,5.0,2,5,6,3,4,1,2.0,1,1
1,0,1,0,1,9.9,1,1,80.7,71.7,73.8,79.1,59.2,75.3,87,69.67500000000001,0,0,1,1,5,0,35,1,2,2,5.7,1.3,3.1,2.8,0,5,3,2,5,2,4.3,2,0
3,1,1,0,0,8.0,3,14,20.0,37.0,0.0,25.0,14.0,47.0,3,29.75,0,5,1,1,1,2,55,0,0,1,2.0,2.0,2.0,1.0,2,5,1,3,4,2,2.0,0,1
2,0,0,0,0,13.0,1,0,72.0,76.0,78.0,57.0,53.0,45.0,52,53.25,0,3,2,2,1,4,20,1,6,0,4.0,3.0,3.0,4.0,2,1,6,4,5,3,2.0,0,1
2,0,0,0,1,13.0,1,0,86.0,83.0,77.0,54.0,65.0,61.0,78,60.75,0,3,2,2,1,5,33,1,6,0,3.0,4.0,3.0,2.0,0,6,0,4,3,1,4.0,0,0
3,1,1,0,1,13.0,1,0,90.0,93.0,93.0,79.0,85.0,58.0,39,69.0,0,0,1,1,4,2,5,1,6,0,3.0,3.0,3.0,3.0,0,3,3,4,1,2,3.0,0,0
1,0,1,1,1,12.0,0,0,80.0,77.0,75.0,61.0,68.0,72.0,127,68.25,1,3,2,0,5,0,33,1,5,0,5.0,5.0,6.0,2.0,0,4,3,2,1,2,5.0,0,0
3,1,1,0,0,12.0,0,0,93.0,94.0,94.0,54.0,64.0,83.0,8,60.25,0,1,2,1,5,0,5,0,6,2,5.0,3.0,5.0,3.0,0,1,3,4,1,2,3.0,0,0
3,1,1,0,1,13.0,1,10,93.0,95.0,95.0,50.0,95.0,83.0,185,78.75,2,3,1,2,1,4,20,1,6,2,3.0,5.0,3.0,5.0,0,4,3,4,1,3,5.0,0,0
1,0,1,0,1,9.8,1,2,77.8,99.9,73.4,56.0,83.6,77.4,147,73.1,0,0,1,1,5,0,33,1,5,0,1.9,2.9,5.4,0.7,2,1,3,4,4,2,4.9,1,0
3,1,1,0,0,7.0,2,14,20.0,37.0,0.0,25.0,27.0,25.0,36,32.5,0,5,2,1,2,2,31,0,1,1,3.0,1.0,2.0,5.0,2,1,2,3,4,1,1.0,0,1
2,0,0,0,1,14.0,1,14,64.0,65.0,67.0,60.0,60.0,60.0,43,58.75,2,0,1,2,4,2,5,1,0,0,4.0,3.0,5.0,4.0,2,6,6,3,4,0,4.0,0,1
3,1,1,0,1,13.0,1,0,88.0,87.0,87.0,47.0,94.0,88.0,107,74.5,0,1,1,1,1,4,55,1,6,0,3.0,3.0,3.0,3.0,0,1,3,0,5,2,3.0,0,0
1,0,1,1,0,12.0,0,0,96.0,90.0,71.0,65.0,82.0,61.0,139,70.5,0,3,1,1,5,0,20,1,5,1,5.0,4.0,4.0,3.0,0,1,3,4,1,2,4.0,0,0
3,1,1,0,0,12.0,4,0,85.0,94.0,94.0,70.0,63.0,81.0,196,76.75,2,1,2,2,4,5,33,0,6,0,4.0,5.0,4.0,5.0,0,4,3,0,2,3,5.0,0,0
1,0,1,0,1,11.8,0,8,67.2,81.0,79.3,64.2,71.4,77.4,152,72.325,0,3,2,1,5,0,23,1,6,0,2.9,3.0,4.2,0.8,0,0,3,4,1,2,4.2,1,0
0,1,1,0,0,10.0,2,0,83.0,81.0,77.0,64.0,68.0,63.0,72,64.25,2,1,1,2,3,5,33,1,6,0,5.0,5.0,5.0,5.0,2,1,3,2,5,2,5.0,0,0
1,0,1,0,1,14.0,0,0,85.0,85.0,86.0,78.0,79.0,73.0,159,77.0,0,0,2,1,5,4,33,1,5,2,5.0,4.0,4.0,4.0,2,1,1,2,1,3,4.0,0,0
1,0,1,0,0,12.0,0,0,69.0,67.0,76.0,60.0,54.0,53.0,86,58.0,0,0,1,2,4,4,33,1,6,0,4.0,4.0,2.0,4.0,2,6,6,4,5,2,3.0,0,0
1,0,1,0,0,13.8,0,0,80.7,80.6,79.3,74.3,71.0,73.1,154,73.875,0,0,1,2,5,4,56,1,6,2,4.5,5.6,5.1,5.1,2,1,1,4,5,2,5.5,0,0
2,0,0,0,1,13.0,0,10,83.0,78.0,83.0,67.0,61.0,67.0,103,65.75,0,0,1,2,5,0,33,1,6,0,5.0,3.0,4.0,4.0,0,1,3,4,3,2,5.0,0,0
3,1,1,0,1,12.0,0,0,90.0,88.0,88.0,55.0,80.0,64.0,191,72.0,0,1,1,1,1,1,55,1,6,0,3.0,3.0,3.0,3.0,2,1,3,4,1,2,3.0,0,0
3,1,1,0,1,13.0,1,0,96.0,92.0,92.0,60.0,83.0,91.0,19,70.25,1,5,2,0,5,4,5,1,6,2,3.0,2.0,3.0,2.0,2,1,3,0,5,2,2.0,0,0
1,0,1,0,0,9.7,3,0,77.5,79.6,82.9,44.7,53.2,51.9,23,49.650000000000006,0,1,1,1,1,4,3,1,6,2,3.8,5.6,1.3,1.4,0,1,2,4,5,2,2.0,0,0
0,1,1,0,1,14.0,0,14,65.0,64.0,69.0,59.0,60.0,57.0,49,58.25,0,0,2,2,5,5,33,1,6,2,2.0,3.0,1.0,2.0,2,1,6,4,5,2,1.0,0,0
1,0,1,1,1,10.0,1,0,83.0,85.0,95.0,79.0,62.0,60.0,139,68.75,0,1,1,1,5,0,55,1,5,0,2.0,4.0,5.0,3.0,2,1,3,4,3,2,5.0,0,0
1,0,1,0,0,14.0,1,0,89.0,87.0,91.0,77.0,66.0,69.0,133,71.25,0,0,2,2,0,5,20,1,6,0,4.0,5.0,4.0,4.0,2,1,1,2,4,2,5.0,0,0
2,0,0,0,0,14.0,1,0,87.0,90.0,86.0,90.0,78.0,77.0,167,81.5,0,1,1,2,5,4,5,1,1,2,4.0,4.0,5.0,5.0,0,6,2,4,1,3,5.0,1,0
3,1,1,0,0,12.0,4,0,86.0,94.0,94.0,86.0,44.0,55.0,194,69.0,2,1,2,2,1,5,33,1,6,0,4.0,5.0,4.0,5.0,2,4,3,4,1,2,5.0,0,0
2,0,0,0,0,13.0,0,0,90.0,91.0,95.0,69.0,79.0,68.0,113,71.5,0,3,2,2,4,5,44,1,1,2,5.0,4.0,5.0,5.0,0,1,3,4,1,3,5.0,0,0
3,1,1,0,0,13.0,1,0,89.0,91.0,91.0,75.0,88.0,54.0,191,76.5,2,0,1,2,4,4,20,1,6,2,3.0,3.0,3.0,3.0,0,3,3,2,1,3,3.0,0,0
3,1,1,0,1,12.0,0,0,96.0,99.0,99.0,52.0,43.0,82.0,113,61.75,2,5,1,2,5,1,44,0,6,0,5.0,5.0,5.0,5.0,0,4,3,2,5,2,5.0,0,0
1,0,1,1,1,10.0,1,0,78.0,79.0,83.0,55.0,53.0,61.0,100,59.0,0,1,1,1,5,0,33,1,5,0,3.0,4.0,5.0,5.0,0,1,3,4,2,2,4.0,2,0
1,0,1,0,0,14.0,0,0,95.0,99.0,90.0,85.0,83.0,75.0,179,82.25,0,3,2,2,5,5,20,1,6,0,3.0,4.0,4.0,4.0,0,1,3,4,5,2,4.0,1,0
1,0,1,0,1,12.5,4,2,83.1,86.4,88.1,66.0,65.3,80.4,164,72.80000000000001,0,0,2,1,5,0,22,1,5,0,3.8,3.9,2.6,3.1,2,6,1,2,5,3,3.7,0,0
1,0,1,0,1,13.4,0,0,88.3,91.2,90.0,77.7,73.7,67.7,90,71.15,0,1,1,2,1,4,52,1,6,0,3.5,3.2,4.7,3.9,0,6,2,2,3,2,2.7,0,0
3,1,1,0,0,13.0,1,10,94.0,97.0,97.0,92.0,65.0,81.0,153,78.75,0,5,1,1,1,5,20,1,1,2,3.0,3.0,3.0,3.0,2,1,3,0,1,2,3.0,0,0
1,0,1,0,1,13.0,1,3,81.2,75.4,79.9,64.9,63.3,68.5,131,67.375,0,1,2,1,4,5,28,1,5,2,3.8,5.3,3.1,4.1,2,1,2,2,5,2,1.6,0,0
3,1,1,0,1,12.0,4,0,93.0,88.0,88.0,56.0,46.0,81.0,93,62.25,0,5,2,1,4,4,5,1,6,1,4.0,3.0,4.0,3.0,2,1,3,4,1,2,3.0,0,0
3,1,1,0,1,7.0,3,14,20.0,37.0,0.0,30.0,15.0,33.0,139,38.0,0,5,1,1,1,1,63,0,6,1,2.0,2.0,2.0,1.0,2,5,2,3,2,1,1.0,0,1
2,0,0,0,1,14.0,0,0,78.0,80.0,79.0,70.0,60.0,65.0,61,63.75,0,3,2,2,4,0,33,1,1,0,2.0,5.0,4.0,5.0,2,6,6,4,5,2,4.0,0,0
3,1,1,0,1,9.0,3,2,76.6,77.8,86.3,65.2,65.1,70.2,63,65.225,0,3,2,2,1,5,36,1,6,0,3.8,3.8,3.5,3.8,2,1,1,4,3,2,1.8,0,0
3,1,1,0,0,12.0,4,0,90.0,99.0,99.0,52.0,50.0,92.0,193,71.0,0,1,1,1,4,0,32,1,6,0,4.0,4.0,4.0,4.0,2,4,3,2,1,2,4.0,0,0
3,1,1,0,1,12.0,0,10,88.0,92.0,92.0,88.0,71.0,73.0,12,68.75,2,1,1,2,4,5,20,0,6,2,3.0,3.0,3.0,3.0,0,3,3,2,5,3,3.0,0,0
3,1,1,0,0,13.0,1,0,91.0,89.0,89.0,84.0,55.0,86.0,185,78.0,1,1,2,0,4,1,33,1,6,0,3.0,3.0,3.0,3.0,0,1,3,0,5,2,3.0,0,0
3,1,1,0,0,12.0,0,0,91.0,99.0,99.0,91.0,47.0,62.0,58,64.75,0,1,1,1,5,5,20,0,6,0,2.0,5.0,2.0,5.0,0,1,3,4,1,2,5.0,0,0
3,1,1,0,0,13.0,1,0,96.0,98.0,98.0,78.0,77.0,62.0,199,78.25,1,1,2,0,4,4,20,1,6,2,3.0,3.0,3.0,3.0,0,4,3,4,3,2,3.0,0,0
1,0,1,0,0,14.0,1,0,81.0,89.0,80.0,61.0,59.0,58.0,31,57.5,0,0,2,2,1,0,33,1,1,0,4.0,5.0,3.0,4.0,2,1,1,4,4,3,4.0,1,0
3,1,1,0,1,13.0,1,0,92.0,97.0,97.0,92.0,93.0,58.0,195,83.75,1,1,1,0,4,5,33,1,6,2,3.0,5.0,3.0,5.0,0,4,3,4,5,2,5.0,0,0
1,0,1,0,0,14.2,1,0,88.5,77.8,86.3,67.5,70.6,65.1,94,67.32499999999999,0,0,1,2,0,5,11,1,1,1,4.5,4.9,2.9,5.0,2,1,1,4,2,2,3.8,1,0
3,1,1,0,0,12.0,0,0,85.0,91.0,91.0,67.0,40.0,52.0,9,50.0,0,1,2,1,4,0,20,0,6,2,5.0,3.0,5.0,3.0,0,4,3,4,5,2,3.0,1,0
1,0,1,0,0,15.0,1,10,73.0,73.0,80.0,59.0,63.0,56.0,78,60.25,0,0,1,2,5,0,20,1,6,2,3.0,4.0,3.0,4.0,2,1,6,2,5,3,2.0,0,0
0,1,1,0,1,13.0,1,0,81.0,83.0,89.0,68.0,68.0,68.0,81,67.0,0,3,1,2,5,5,20,1,6,0,3.0,4.0,4.0,4.0,2,6,1,4,1,3,5.0,0,0
1,0,1,0,1,12.8,1,0,75.1,82.2,76.3,63.0,54.7,91.4,140,70.825,0,1,1,1,4,0,36,1,3,2,5.1,1.8,3.0,3.1,0,5,3,0,5,2,4.3,1,0
3,1,1,0,1,12.0,0,10,92.0,91.0,91.0,57.0,46.0,86.0,8,57.25,2,1,2,2,4,0,20,1,6,0,3.0,3.0,3.0,3.0,2,4,3,4,1,2,3.0,1,0
3,1,1,0,0,13.0,1,0,87.0,89.0,89.0,75.0,94.0,84.0,14,74.25,1,1,2,0,4,0,33,1,6,0,3.0,2.0,3.0,2.0,0,4,3,4,3,3,2.0,0,0
3,1,1,0,1,9.0,3,0,91.0,95.0,95.0,56.0,48.0,73.0,8,54.25,2,3,2,2,4,4,5,0,6,0,4.0,5.0,4.0,5.0,0,4,3,4,1,2,5.0,0,0
3,1,1,0,0,6.0,2,0,79.1,81.4,84.9,66.3,57.4,69.4,103,65.275,0,3,1,2,4,4,36,1,6,2,1.4,2.8,2.6,3.7,2,1,6,4,3,3,2.0,0,0
1,0,1,0,0,12.5,4,4,73.9,69.9,65.9,55.0,56.7,63.6,60,58.7,0,3,2,2,5,0,21,1,6,0,2.8,3.2,2.7,2.7,2,1,6,4,1,1,1.9,0,0
1,0,1,1,1,10.0,1,0,76.0,97.0,74.0,57.0,81.0,76.0,151,72.5,0,0,1,1,5,0,33,1,5,0,2.0,3.0,5.0,1.0,2,1,3,4,4,2,5.0,0,0
2,0,0,0,1,13.3,1,5,86.4,89.6,83.2,62.2,58.5,59.6,83,61.2,0,3,2,1,1,1,33,1,6,0,4.2,3.4,4.6,4.8,2,1,6,4,4,3,4.1,0,0
3,1,1,0,0,12.0,4,14,87.0,95.0,95.0,62.0,70.0,66.0,171,70.0,0,3,2,1,4,1,5,1,6,1,4.0,3.0,4.0,3.0,2,3,3,4,5,2,3.0,0,0
0,1,1,0,0,15.0,1,0,73.0,70.0,70.0,42.0,49.0,42.0,29,46.0,0,0,1,2,1,0,20,1,1,0,3.0,4.0,4.0,4.0,2,5,6,4,4,0,3.0,0,1
1,0,1,0,0,12.0,4,2,59.5,66.8,65.5,49.5,44.2,40.5,7,42.575,2,3,2,2,4,2,41,1,6,0,2.4,4.5,3.2,2.8,2,1,6,3,3,3,3.0,0,1
3,1,1,0,1,8.0,3,0,74.0,82.0,82.0,75.0,76.0,57.0,39,65.5,0,5,1,1,5,0,33,1,5,0,4.0,5.0,5.0,5.0,0,1,3,2,1,2,5.0,1,0
3,1,1,0,0,12.0,0,10,85.0,93.0,93.0,94.0,79.0,51.0,21,68.0,2,0,2,2,5,0,44,0,6,2,5.0,5.0,5.0,5.0,0,1,3,4,5,2,5.0,1,0
1,0,1,0,0,10.2,0,6,81.9,92.3,82.7,86.2,40.0,76.2,118,68.325,1,3,1,0,5,5,8,1,5,0,4.6,4.9,5.1,3.0,1,1,3,2,5,2,4.9,0,0
2,0,0,0,0,14.0,1,0,72.0,69.0,72.0,69.0,70.0,69.0,119,69.75,0,0,2,2,4,0,20,1,6,0,3.0,5.0,4.0,4.0,2,6,6,4,1,3,4.0,0,0
3,1,1,0,1,12.0,0,0,86.0,99.0,99.0,61.0,73.0,54.0,171,67.5,2,1,1,2,4,5,20,0,6,0,3.0,5.0,3.0,5.0,0,4,3,4,1,2,5.0,0,0
3,1,1,0,1,6.0,2,0,88.0,92.0,92.0,94.0,73.0,61.0,72,72.5,2,0,1,0,5,3,20,1,6,0,3.0,3.0,3.0,3.0,0,1,3,4,1,3,3.0,0,0
1,0,1,0,0,14.0,1,0,77.0,82.0,77.0,73.0,72.0,70.0,127,71.75,0,3,1,2,5,0,44,1,6,0,3.0,5.0,5.0,4.0,2,6,6,4,1,2,4.0,0,0
0,1,1,0,1,12.0,3,10,77.0,88.0,74.0,75.0,84.0,44.0,72,66.25,2,3,1,2,1,5,15,1,0,1,1.0,5.0,5.0,5.0,0,1,3,2,3,2,5.0,0,0
1,0,1,0,0,11.0,3,0,87.0,82.0,82.0,68.0,79.0,77.0,113,73.5,0,3,1,2,5,5,44,1,6,0,5.0,3.0,4.0,4.0,2,6,1,4,1,3,5.0,0,0
1,0,1,1,0,11.0,1,0,93.0,72.0,78.0,71.0,84.0,54.0,167,72.5,0,5,1,1,5,0,55,1,5,0,4.0,5.0,5.0,1.0,2,6,3,4,1,2,5.0,0,0
3,1,1,0,1,6.0,2,1,78.6,77.3,86.4,70.1,69.7,77.5,128,72.35,0,1,1,2,4,1,52,1,6,2,4.4,3.7,5.3,4.8,2,1,2,4,5,3,3.8,0,0
1,0,1,0,0,12.0,4,0,61.0,69.0,62.0,48.0,44.0,40.0,6,42.0,2,3,2,2,4,2,44,1,6,0,2.0,4.0,3.0,3.0,2,1,6,3,3,3,3.0,0,1
3,1,1,0,0,12.0,0,0,86.0,98.0,98.0,84.0,95.0,89.0,49,81.25,0,0,2,1,5,0,5,0,6,0,5.0,3.0,5.0,3.0,0,4,3,4,2,2,3.0,0,0
1,0,1,0,0,12.0,0,9,75.3,83.9,71.7,73.6,74.9,66.1,116,71.3,0,0,2,2,5,0,55,1,6,0,3.7,2.7,2.9,4.0,2,1,1,4,3,2,4.2,0,0
3,1,1,0,0,5.0,2,0,75.0,79.0,76.0,66.0,66.0,71.0,86,67.0,0,3,2,1,4,1,33,1,6,2,3.0,5.0,4.0,4.0,2,6,6,4,5,3,4.0,0,0
0,1,1,0,1,14.0,0,0,86.0,93.0,92.0,80.0,87.0,83.0,191,84.75,0,1,1,2,5,0,20,1,6,0,3.0,5.0,3.0,4.0,0,1,2,2,5,3,4.0,0,0
3,1,1,0,0,9.0,3,14,20.0,37.0,0.0,43.0,30.0,32.0,6,35.25,0,5,2,1,1,2,5,0,0,1,3.0,4.0,3.0,5.0,2,5,5,3,4,3,1.0,0,1
2,0,0,0,0,13.0,1,0,73.0,82.0,75.0,61.0,56.0,58.0,58,58.5,0,0,2,2,4,4,5,1,6,2,3.0,3.0,3.0,4.0,2,1,6,4,1,2,4.0,0,0
3,1,1,0,1,6.0,2,2,76.6,77.8,86.3,65.2,65.1,70.2,63,65.225,0,3,2,2,1,5,36,1,6,0,3.8,3.8,3.5,3.8,2,1,1,4,3,2,1.8,0,0
1,0,1,0,1,11.4,1,5,81.7,71.8,73.2,82.7,88.6,53.6,150,75.175,2,3,1,2,5,0,57,1,3,2,4.5,2.5,3.9,3.4,0,1,3,0,1,2,3.9,0,0
1,0,1,0,0,14.0,1,0,85.0,88.0,88.0,78.0,81.0,78.0,185,81.0,0,1,2,2,5,4,33,1,5,2,4.0,4.0,5.0,5.0,2,6,2,2,5,2,5.0,0,0
1,0,1,0,0,12.0,0,0,94.0,96.0,88.0,85.0,78.0,75.0,171,80.0,0,0,1,2,5,5,20,1,6,0,5.0,3.0,5.0,5.0,0,1,3,4,3,2,5.0,0,0
3,1,1,0,0,8.0,3,0,75.0,79.0,76.0,66.0,66.0,71.0,86,67.0,0,3,2,1,4,1,33,1,6,2,3.0,5.0,4.0,4.0,2,6,6,4,5,3,4.0,0,0
1,0,1,1,1,13.0,0,0,87.0,83.0,92.0,67.0,95.0,75.0,68,74.5,1,1,1,0,0,0,55,1,5,1,4.0,5.0,5.0,1.0,0,3,3,2,1,2,4.0,0,0
0,1,1,0,1,13.4,0,10,63.1,70.6,64.1,53.0,39.5,57.6,15,48.75,2,3,2,2,4,4,45,1,6,0,2.7,5.2,2.7,2.3,2,6,6,3,3,0,2.0,0,1
3,1,1,0,1,13.0,1,0,92.0,95.0,95.0,67.0,84.0,91.0,52,75.0,1,5,2,0,5,0,5,1,6,0,3.0,2.0,3.0,2.0,0,4,3,4,5,2,2.0,1,0
3,1,1,0,1,13.0,1,0,95.0,99.0,99.0,77.0,85.0,94.0,198,87.75,1,1,1,0,4,0,16,1,6,0,4.0,3.0,4.0,3.0,2,4,3,4,1,2,3.0,0,0
3,1,1,0,0,13.0,1,0,88.0,94.0,94.0,88.0,72.0,81.0,189,82.25,2,0,2,2,5,5,5,1,6,2,3.0,2.0,3.0,2.0,0,4,3,4,5,2,2.0,1,0
2,0,0,0,1,14.0,1,0,78.0,80.0,72.0,58.0,52.0,62.0,52,57.5,0,0,2,2,4,1,44,1,6,2,4.0,5.0,4.0,4.0,2,1,6,4,3,3,3.0,1,0
1,0,1,0,1,10.0,0,1,86.0,82.6,71.3,85.7,70.0,47.7,122,68.675,0,0,1,1,0,0,28,1,5,0,5.1,2.3,5.3,4.9,0,1,3,2,3,2,4.7,1,0
1,0,1,0,0,13.0,0,0,82.0,81.0,89.0,75.0,73.0,73.0,151,74.25,0,3,2,2,4,5,5,1,6,0,5.0,3.0,4.0,4.0,2,1,1,4,1,3,4.0,1,0
3,1,1,0,0,6.0,2,14,20.0,37.0,0.0,23.0,19.0,49.0,46,36.75,0,5,2,1,1,4,64,0,6,1,2.0,4.0,2.0,1.0,2,5,6,3,5,1,1.0,0,1
1,0,1,0,1,12.8,1,5,77.8,75.4,73.5,68.5,59.2,63.3,138,66.225,0,1,1,1,4,5,25,1,5,2,3.8,4.9,2.8,3.9,2,1,2,2,5,2,2.0,1,0
3,1,1,0,1,13.0,1,0,96.0,93.0,93.0,47.0,58.0,87.0,177,69.25,1,1,1,0,1,5,20,1,6,0,3.0,5.0,3.0,5.0,2,1,3,4,5,2,5.0,1,0
3,1,1,0,1,6.0,2,0,86.0,89.0,89.0,90.0,41.0,90.0,21,67.25,2,0,1,0,5,3,33,1,6,0,3.0,5.0,3.0,5.0,0,1,3,2,1,2,5.0,0,0
3,1,1,0,1,12.0,0,0,96.0,90.0,90.0,69.0,76.0,51.0,46,63.0,2,5,2,2,4,4,5,0,6,0,3.0,3.0,3.0,3.0,0,1,3,4,5,3,3.0,0,0
1,0,1,0,1,12.0,0,14,69.0,69.0,71.0,55.0,56.0,55.0,27,54.0,0,3,1,2,4,4,33,1,6,0,3.0,4.0,1.0,1.0,2,5,6,4,3,1,1.0,0,0
3,1,1,0,1,13.0,1,0,95.0,96.0,96.0,95.0,67.0,96.0,193,87.0,0,1,1,1,4,1,33,1,6,2,3.0,3.0,3.0,3.0,0,4,3,2,3,2,3.0,0,0
0,1,1,0,0,10.0,3,10,80.0,81.0,70.0,69.0,66.0,75.0,189,74.5,0,3,1,1,5,1,33,1,6,0,5.0,5.0,5.0,5.0,2,6,2,4,1,3,5.0,0,0
3,1,1,0,0,13.0,1,0,96.0,92.0,92.0,74.0,73.0,52.0,196,73.0,0,0,2,1,4,4,20,1,6,0,5.0,3.0,5.0,3.0,0,1,3,2,1,3,3.0,1,0
1,0,1,0,0,12.2,4,0,89.2,90.6,89.3,82.7,81.1,94.5,167,84.825,0,0,2,2,5,4,46,1,5,2,4.0,4.9,3.8,4.3,0,1,3,2,3,2,3.8,1,0
3,1,1,0,0,12.0,0,14,85.0,94.0,94.0,49.0,81.0,90.0,12,65.75,2,1,1,2,5,0,5,0,6,0,5.0,5.0,5.0,5.0,0,4,3,4,1,2,5.0,0,0
3,1,1,0,0,13.0,1,0,88.0,98.0,98.0,56.0,71.0,78.0,189,73.25,1,3,2,0,1,0,20,1,6,2,4.0,5.0,4.0,5.0,0,3,3,3,5,3,5.0,0,0
3,1,1,0,0,9.0,3,10,94.0,97.0,97.0,89.0,40.0,54.0,18,57.25,2,1,1,2,5,1,5,1,6,0,4.0,5.0,4.0,5.0,2,4,3,4,1,2,5.0,1,0
2,0,0,0,0,12.4,0,3,77.7,81.1,84.5,59.3,64.5,71.0,56,63.400000000000006,0,3,2,2,1,5,33,1,6,2,3.5,3.9,3.4,3.9,2,1,1,4,3,2,1.6,0,0
3,1,1,0,0,7.0,2,14,20.0,37.0,0.0,11.0,36.0,52.0,12,35.5,0,5,2,1,3,2,0,0,0,1,2.0,1.0,1.0,1.0,2,5,6,3,2,3,1.0,1,1
1,0,1,0,0,10.1,2,0,88.4,83.8,94.6,76.3,64.2,74.8,146,72.625,0,3,1,1,5,5,25,1,6,2,4.8,3.8,3.5,3.3,2,1,1,4,1,2,3.8,0,0
3,1,1,0,1,6.0,2,14,20.0,37.0,0.0,16.0,22.0,58.0,6,33.0,0,5,2,1,1,2,0,0,1,1,2.0,2.0,2.0,3.0,2,5,5,3,4,2,2.0,0,1
3,1,1,0,1,8.0,3,0,93.0,99.0,99.0,81.0,43.0,93.0,196,77.5,1,1,2,0,0,0,33,1,6,0,4.0,5.0,4.0,5.0,2,3,3,4,3,2,5.0,0,0
3,1,1,0,1,12.0,0,0,97.0,94.0,94.0,79.0,78.0,63.0,10,65.5,2,5,2,2,1,5,20,1,1,0,3.0,3.0,3.0,3.0,2,1,3,3,1,3,3.0,0,0
1,0,1,0,0,14.0,0,0,86.0,88.0,87.0,86.0,88.0,85.0,167,85.0,0,3,1,1,4,0,33,1,6,2,4.0,4.0,3.0,2.0,0,1,3,2,5,0,2.0,0,0
3,1,1,0,1,13.0,1,0,91.0,90.0,90.0,92.0,71.0,58.0,12,66.0,1,1,2,0,5,5,20,1,1,2,3.0,5.0,3.0,5.0,0,1,3,2,5,3,5.0,0,0
1,0,1,0,0,13.0,1,0,77.0,79.0,74.0,70.0,73.0,73.0,127,72.0,0,0,1,1,5,5,33,1,6,2,3.0,5.0,3.0,4.0,2,6,6,2,1,3,2.0,0,0
1,0,1,1,1,10.0,1,10,86.0,90.0,70.0,58.0,46.0,66.0,153,61.75,0,3,1,1,5,0,33,1,2,0,4.5,3.5,4.0,4.0,0,5,3,2,5,2,3.0,2,0
3,1,1,0,1,6.0,2,14,20.0,37.0,0.0,36.0,22.0,57.0,153,48.0,0,5,2,1,1,2,61,0,0,1,2.0,2.0,2.0,2.0,2,5,6,3,4,3,1.0,0,1
3,1,1,0,0,12.0,4,0,96.0,96.0,96.0,49.0,58.0,52.0,81,55.75,2,1,2,2,1,1,55,1,1,1,4.0,5.0,4.0,5.0,2,1,3,2,5,2,5.0,0,0
3,1,1,0,0,9.0,3,14,20.0,37.0,0.0,29.0,47.0,74.0,2,45.0,0,5,1,1,5,4,5,0,0,1,2.0,2.0,2.0,1.0,2,5,6,3,2,1,1.0,0,1
2,0,0,0,0,12.0,0,10,69.0,63.0,70.0,40.0,40.0,34.0,8,38.5,0,3,2,2,1,5,33,1,1,0,3.0,4.0,1.0,2.0,2,1,6,4,4,0,2.0,0,1
3,1,1,0,0,12.0,0,0,98.0,91.0,91.0,63.0,67.0,64.0,100,65.25,2,5,1,2,5,4,33,0,6,0,3.0,3.0,3.0,3.0,0,1,3,4,1,3,3.0,0,0
1,0,1,0,0,11.3,0,2,91.6,81.5,83.1,62.9,64.7,68.0,117,66.575,0,3,1,2,0,0,38,1,6,1,3.8,3.9,5.2,4.1,2,1,1,4,2,3,5.0,1,0
3,1,1,0,0,6.0,2,10,88.0,92.0,92.0,88.0,71.0,73.0,12,68.75,2,1,1,2,4,5,20,0,6,2,3.0,3.0,3.0,3.0,0,3,3,2,5,3,3.0,0,0
3,1,1,0,0,9.0,3,1,78.6,77.3,86.4,70.1,69.7,77.5,128,72.35,0,1,1,2,4,1,52,1,6,2,4.4,3.7,5.3,4.8,2,1,2,4,5,3,3.8,0,0
3,1,1,0,1,6.0,2,1,78.6,77.3,86.4,70.1,69.7,77.5,128,72.35,0,1,1,2,4,1,52,1,6,2,4.4,3.7,5.3,4.8,2,1,2,4,5,3,3.8,0,0
1,0,1,0,0,13.7,1,0,83.5,80.1,85.1,65.7,76.1,70.2,116,70.65,0,0,2,2,4,0,45,1,5,2,3.1,5.0,4.4,4.3,2,1,6,2,1,2,2.6,0,0
1,0,1,0,0,14.0,0,0,71.0,73.0,70.0,44.0,53.0,50.0,21,48.75,0,3,2,1,4,1,20,1,0,2,3.0,3.0,3.0,3.0,2,5,6,3,5,3,2.0,0,1
3,1,1,0,1,8.0,3,14,20.0,37.0,0.0,28.0,46.0,36.0,4,36.0,0,5,2,1,1,2,64,0,0,1,2.0,2.0,2.0,1.0,2,5,1,3,2,0,2.0,0,1
1,0,1,0,0,12.8,1,3,83.7,80.4,89.7,62.7,72.8,65.2,136,68.6,0,0,1,2,4,0,47,1,5,2,2.7,5.3,4.0,3.7,2,1,6,2,1,2,3.4,0,0
3,1,1,0,1,6.0,2,1,78.6,77.3,86.4,70.1,69.7,77.5,128,72.35,0,1,1,2,4,1,52,1,6,2,4.4,3.7,5.3,4.8,2,1,2,4,5,3,3.8,0,0
1,0,1,1,0,12.0,1,0,72.0,95.0,90.0,65.0,50.0,82.0,103,66.25,0,3,1,1,5,0,5,1,5,2,4.0,2.0,4.0,3.0,0,1,3,4,3,2,5.0,0,0
1,0,1,0,0,13.7,1,0,82.7,84.3,81.8,62.6,74.2,71.9,106,69.35000000000001,0,0,1,2,4,0,44,1,5,2,3.3,4.9,4.1,4.3,2,1,6,2,1,2,3.0,1,0
3,1,1,0,1,7.0,2,10,88.0,92.0,92.0,88.0,71.0,73.0,12,68.75,2,1,1,2,4,5,20,0,6,2,3.0,3.0,3.0,3.0,0,3,3,2,5,3,3.0,0,0
1,0,1,0,1,9.0,2,0,88.0,89.0,81.0,64.0,59.0,65.0,119,64.75,0,0,1,2,1,5,5,1,6,1,4.0,5.0,4.0,4.0,0,6,3,4,4,2,3.0,1,0
3,1,1,0,0,13.0,1,0,95.0,93.0,93.0,55.0,45.0,53.0,151,57.25,2,1,1,0,4,0,32,1,6,2,3.0,5.0,3.0,5.0,0,4,3,4,5,3,5.0,0,0
0,1,1,0,1,11.1,3,8,62.8,66.5,69.4,44.6,49.2,44.4,30,47.45,2,3,1,2,1,2,13,1,6,2,3.0,3.4,3.0,2.6,2,6,6,3,5,2,3.1,0,1
2,0,0,0,1,13.3,0,17,64.7,74.5,74.3,59.3,61.1,49.3,21,54.425,0,0,2,2,1,1,23,1,1,1,3.1,3.9,4.2,4.0,2,6,6,4,3,3,3.7,0,1
0,1,1,0,1,10.0,3,0,80.7,73.5,75.1,59.4,66.1,56.8,103,62.575,0,0,2,2,5,0,27,1,6,0,3.7,3.2,3.3,4.4,2,1,1,4,3,3,1.9,0,0
3,1,1,0,0,13.0,1,0,86.0,90.0,90.0,63.0,48.0,96.0,194,74.5,1,0,2,0,4,0,20,1,6,0,3.0,5.0,3.0,5.0,2,4,3,4,3,2,5.0,1,0
0,1,1,0,0,12.0,0,10,75.0,80.0,81.0,58.0,55.0,56.0,68,57.5,0,3,1,2,1,5,55,1,1,0,4.0,3.0,3.0,4.0,2,1,1,4,5,3,4.0,0,0
1,0,1,0,0,12.0,0,0,81.0,91.0,87.0,76.0,73.0,77.0,153,75.75,0,0,1,2,4,0,20,1,6,0,4.0,4.0,5.0,4.0,0,1,3,4,3,2,4.0,0,0
3,1,1,0,0,12.0,0,10,86.0,89.0,89.0,90.0,58.0,78.0,189,78.5,2,5,1,2,5,0,33,0,6,2,5.0,3.0,5.0,3.0,0,1,3,2,1,2,3.0,0,0
3,1,1,0,1,13.0,1,0,96.0,87.0,87.0,86.0,95.0,66.0,119,79.5,0,0,1,1,5,4,20,1,6,2,5.0,3.0,5.0,3.0,0,4,3,3,5,2,3.0,0,0
1,0,1,0,0,11.8,4,9,88.2,92.3,87.2,68.2,74.5,72.0,141,72.25,0,3,2,2,5,0,6,1,6,0,3.7,4.2,2.8,4.6,2,1,3,4,5,2,4.3,0,0
3,1,1,0,1,13.0,1,0,87.0,90.0,90.0,68.0,45.0,64.0,165,64.25,1,1,2,0,5,1,5,1,6,2,3.0,2.0,3.0,2.0,2,4,3,4,3,2,2.0,1,0
3,1,1,0,1,5.0,2,10,88.0,92.0,92.0,88.0,71.0,73.0,12,68.75,2,1,1,2,4,5,20,0,6,2,3.0,3.0,3.0,3.0,0,3,3,2,5,3,3.0,0,0
1,0,1,0,0,12.7,1,0,80.5,82.7,72.1,73.3,86.6,69.5,151,76.35,0,0,1,1,5,0,39,1,5,1,3.5,5.4,3.7,0.9,5,1,3,4,5,2,3.9,0,0
3,1,1,0,0,13.0,1,0,94.0,98.0,98.0,66.0,65.0,58.0,197,70.75,1,1,2,0,4,5,32,1,6,2,3.0,5.0,3.0,5.0,0,3,3,4,5,3,5.0,1,0
3,1,1,0,0,6.0,2,14,20.0,37.0,0.0,25.0,44.0,44.0,4,36.75,0,1,2,1,1,2,5,0,0,1,3.0,1.0,2.0,5.0,2,6,1,3,5,2,1.0,0,1
1,0,1,1,0,9.0,0,0,84.0,96.0,83.0,72.0,68.0,49.0,107,64.5,0,0,1,1,5,5,55,1,5,2,4.0,1.0,1.0,1.0,0,1,3,4,5,2,5.0,0,0
3,1,1,0,1,8.0,3,0,97.0,92.0,92.0,85.0,85.0,76.0,200,85.75,2,1,1,2,4,1,33,1,6,2,4.0,5.0,4.0,5.0,0,3,3,4,3,2,5.0,0,0
3,1,1,0,0,12.0,4,10,85.0,89.0,89.0,64.0,51.0,79.0,119,66.25,0,1,1,1,4,2,20,1,6,2,4.0,2.0,4.0,2.0,2,4,3,2,1,2,2.0,0,0
2,0,0,0,0,14.0,1,14,66.0,64.0,61.0,58.0,54.0,47.0,46,53.75,0,0,1,2,5,4,33,1,0,0,3.0,3.0,3.0,2.0,2,1,6,3,4,0,2.0,0,1
3,1,1,0,0,9.0,3,0,85.0,87.0,90.0,68.0,57.0,57.0,78,61.25,0,3,2,2,1,1,20,1,1,1,4.0,3.0,4.0,3.0,2,1,1,4,3,3,2.0,0,0
1,0,1,0,0,10.0,2,0,85.0,82.0,84.0,55.0,56.0,59.0,81,58.5,0,3,2,2,0,4,55,1,1,0,4.0,3.0,4.0,3.0,2,6,1,3,4,3,2.0,0,0
1,0,1,0,1,14.0,0,3,74.6,79.0,71.8,57.4,62.3,68.2,109,64.32499999999999,0,0,1,2,5,0,46,1,6,2,4.4,3.2,4.2,3.9,2,1,6,4,1,3,4.3,0,0
3,1,1,0,1,9.0,3,1,78.6,77.3,86.4,70.1,69.7,77.5,128,72.35,0,1,1,2,4,1,52,1,6,2,4.4,3.7,5.3,4.8,2,1,2,4,5,3,3.8,0,0
1,0,1,1,1,11.0,1,0,83.0,77.0,72.0,63.0,57.0,85.0,159,70.75,0,1,1,1,5,0,55,1,3,0,2.0,3.0,5.0,2.0,0,6,3,2,5,2,4.0,0,0
3,1,1,0,1,8.0,3,0,90.0,71.0,77.0,70.0,69.0,64.0,151,69.75,0,0,1,1,5,0,55,1,5,0,5.0,1.0,5.0,1.0,0,1,3,4,1,2,5.0,0,0
1,0,1,1,0,13.0,0,0,76.0,80.0,84.0,79.0,63.0,67.0,52,66.75,1,0,1,0,5,0,20,1,5,0,4.0,3.0,5.0,2.0,2,1,3,4,4,2,3.0,1,0
1,0,1,0,0,12.1,4,9,89.2,87.4,85.9,76.0,77.7,71.4,121,74.075,0,3,1,2,5,0,5,1,6,0,3.8,4.0,2.9,4.0,2,1,3,4,5,2,4.6,0,0
0,1,1,0,1,14.0,0,0,93.0,95.0,99.0,76.0,71.0,79.0,173,77.25,0,3,2,2,1,5,44,1,6,1,5.0,4.0,5.0,4.0,0,6,3,4,2,2,4.0,0,0
3,1,1,0,0,12.0,4,0,92.0,90.0,90.0,83.0,95.0,87.0,31,79.25,2,5,1,2,4,0,44,1,1,2,4.0,4.0,4.0,4.0,2,1,3,3,5,2,4.0,0,0
1,0,1,0,1,14.0,1,0,68.0,67.0,71.0,60.0,67.0,74.0,119,68.0,0,0,2,1,5,1,20,1,6,2,3.0,3.0,3.0,3.0,2,5,1,4,5,0,3.0,0,0
3,1,1,0,0,8.0,3,0,75.4,71.0,74.7,62.2,67.1,66.2,37,62.225,0,0,2,2,5,5,13,1,6,2,3.0,3.7,3.2,2.9,2,6,6,4,5,0,2.0,0,0
0,1,1,0,0,11.0,3,10,92.0,87.0,81.0,72.0,56.0,93.0,119,73.0,0,5,2,1,1,0,20,1,5,1,5.0,5.0,5.0,5.0,2,1,3,2,1,2,5.0,0,0
3,1,1,0,1,13.0,1,0,87.0,99.0,99.0,79.0,58.0,67.0,72,66.5,0,0,2,1,5,5,33,1,1,2,3.0,2.0,3.0,2.0,0,4,3,2,5,3,2.0,1,0
3,1,1,0,1,13.0,1,0,89.0,89.0,89.0,56.0,60.0,73.0,191,69.5,1,1,1,0,4,0,5,1,6,2,4.0,2.0,4.0,2.0,2,4,3,2,1,3,2.0,1,0
2,0,0,0,1,14.0,1,0,82.0,83.0,76.0,51.0,61.0,48.0,49,54.25,0,3,1,2,1,0,55,1,1,1,3.0,5.0,4.0,4.0,2,1,6,4,4,2,4.0,0,0
0,1,1,0,1,12.0,4,0,79.0,80.0,72.0,62.0,56.0,86.0,162,70.75,2,3,2,2,3,4,20,1,6,2,1.0,5.0,5.0,5.0,2,5,3,2,1,1,5.0,0,0
3,1,1,0,0,8.0,3,7,79.9,81.8,85.5,65.4,68.7,60.8,85,64.92500000000001,0,3,2,2,5,5,13,1,6,2,3.4,3.0,3.7,4.0,2,1,6,4,3,2,4.0,0,0
2,0,0,0,1,15.0,1,0,70.0,76.0,67.0,48.0,60.0,52.0,27,52.5,2,3,2,2,1,1,55,0,6,0,3.0,4.0,4.0,4.0,2,1,6,3,4,1,3.0,0,1
0,1,1,0,0,12.0,4,0,82.1,73.9,70.7,66.0,90.3,69.1,34,69.475,1,5,1,0,4,0,44,1,5,1,4.8,5.1,4.9,4.8,2,5,3,2,1,2,5.1,0,0
1,0,1,1,1,12.0,0,10,70.0,85.0,79.0,63.0,75.0,79.0,162,74.0,0,3,1,1,5,0,20,1,6,0,3.0,3.0,4.0,1.0,0,0,3,4,1,2,4.0,1,0
3,1,1,0,1,13.0,1,0,91.0,92.0,92.0,73.0,86.0,71.0,194,80.25,2,1,1,2,5,4,20,1,1,0,3.0,5.0,3.0,5.0,0,3,3,2,1,2,5.0,1,0
1,0,1,0,1,10.3,0,2,76.4,90.2,80.0,76.7,74.3,67.1,88,70.85,1,3,2,0,0,5,40,1,5,2,5.0,0.4,3.6,2.1,0,3,3,1,5,2,2.9,1,0
1,0,1,0,1,14.8,1,0,72.3,68.6,72.4,49.5,60.1,60.8,42,56.27499999999999,0,1,1,2,4,1,20,1,1,0,3.1,5.5,4.1,2.8,2,5,2,4,1,2,4.3,1,0
3,1,1,0,1,12.0,0,0,93.0,92.0,92.0,71.0,69.0,68.0,133,70.25,0,3,2,1,1,1,33,1,0,0,3.0,5.0,3.0,5.0,2,4,3,0,3,3,5.0,0,0
1,0,1,0,0,11.2,0,0,83.8,78.7,84.9,72.5,63.1,66.0,126,68.35,0,0,1,2,4,5,13,1,5,0,4.5,5.1,3.8,4.9,2,1,6,2,1,2,3.8,0,0
3,1,1,0,0,13.0,1,0,91.0,89.0,89.0,77.0,95.0,74.0,46,75.5,1,1,1,0,4,5,5,1,6,0,3.0,5.0,3.0,5.0,0,4,3,4,3,3,5.0,1,0
2,0,0,0,1,15.0,1,0,88.0,88.0,89.0,61.0,67.0,67.0,100,65.5,0,3,2,2,1,0,5,1,6,1,2.0,4.0,5.0,5.0,2,1,6,4,3,3,5.0,0,0
1,0,1,0,0,13.0,0,0,82.0,78.0,81.0,75.0,72.0,71.0,145,73.25,0,0,2,2,5,4,55,1,6,2,4.0,5.0,5.0,5.0,2,1,1,4,5,2,5.0,0,0
1,0,1,0,0,13.0,4,0,74.0,70.0,67.0,58.0,57.0,63.0,78,60.25,0,3,2,2,5,0,20,1,6,0,3.0,3.0,3.0,2.0,2,1,6,4,1,1,2.0,0,0
1,0,1,1,1,11.0,1,0,85.0,93.0,88.0,91.0,60.0,77.0,119,74.75,0,4,1,1,5,0,33,1,5,2,5.0,1.0,5.0,5.0,3,1,3,4,1,2,5.0,1,0
1,0,1,1,1,10.0,0,10,75.0,84.0,82.0,58.0,72.0,74.0,165,71.0,0,1,1,1,5,0,20,1,5,2,3.0,5.0,5.0,1.0,0,4,2,2,1,2,5.0,0,0
2,0,0,0,0,11.9,0,13,74.4,75.2,75.4,56.3,55.9,54.0,27,54.05,0,3,1,2,1,0,33,1,6,2,1.6,4.9,4.2,4.9,2,6,6,4,5,0,3.8,1,1
3,1,1,0,1,13.0,1,0,97.0,98.0,98.0,70.0,51.0,56.0,19,56.0,0,5,1,1,1,4,33,1,6,2,5.0,5.0,5.0,5.0,0,3,3,3,5,2,5.0,1,0
1,0,1,0,1,13.0,1,0,85.0,85.0,80.0,73.0,71.0,79.0,127,73.75,0,0,1,1,5,4,5,1,6,2,4.0,4.0,4.0,4.0,2,6,1,4,1,3,5.0,0,0
0,1,1,0,0,13.0,3,15,83.2,96.0,92.0,63.7,80.3,65.5,20,64.175,0,3,1,1,3,4,39,1,5,0,1.0,5.3,4.9,4.8,2,1,3,2,1,2,4.9,1,0
3,1,1,0,1,6.0,2,14,20.0,37.0,0.0,50.0,77.0,40.0,39,55.25,0,5,2,1,1,2,0,0,6,1,2.0,2.0,2.0,1.0,2,5,5,3,4,1,2.0,0,1
3,1,1,0,0,7.0,2,14,65.0,64.0,69.0,59.0,60.0,57.0,49,58.25,0,0,2,2,5,5,33,1,6,2,2.0,3.0,1.0,2.0,2,1,6,4,5,2,1.0,0,0
1,0,1,0,1,9.4,2,2,71.5,74.3,71.1,69.4,68.4,55.3,50,62.62500000000001,0,0,1,2,1,1,29,1,1,0,3.7,4.7,5.4,5.6,2,1,1,4,4,3,5.3,1,0
3,1,1,0,1,7.0,2,0,78.0,74.0,80.0,66.0,74.0,70.0,139,71.0,0,0,1,2,5,4,55,1,1,2,4.0,4.0,3.0,4.0,2,1,1,4,5,2,4.0,0,0
3,1,1,0,1,12.0,0,0,90.0,95.0,95.0,51.0,69.0,54.0,14,54.5,2,1,1,2,4,0,5,0,6,2,3.0,3.0,3.0,3.0,0,3,3,4,5,2,3.0,0,0
1,0,1,0,0,11.5,1,0,88.9,89.0,62.5,76.3,61.7,74.8,67,68.425,2,1,1,2,5,0,42,1,4,2,4.9,4.7,5.4,4.1,0,1,1,0,5,2,3.8,1,0
1,0,1,0,0,12.0,0,0,88.0,85.0,85.0,64.0,64.0,74.0,127,68.5,0,3,1,2,0,0,33,1,6,1,4.0,4.0,5.0,4.0,2,1,1,4,2,3,5.0,1,0
3,1,1,0,1,9.0,3,0,90.0,71.0,77.0,70.0,69.0,64.0,151,69.75,0,0,1,1,5,0,55,1,5,0,5.0,1.0,5.0,1.0,0,1,3,4,1,2,5.0,0,0
1,0,1,0,0,13.7,1,1,80.9,91.2,77.1,57.9,60.5,59.3,35,57.575,0,0,2,2,1,0,29,1,1,0,4.2,4.8,3.3,3.7,2,1,1,4,4,3,4.2,1,0
3,1,1,0,1,13.0,1,0,96.0,92.0,92.0,46.0,56.0,77.0,199,68.75,2,0,1,2,4,4,44,1,6,0,4.0,3.0,4.0,3.0,0,4,3,4,1,2,3.0,0,0
3,1,1,0,1,8.0,3,0,78.0,74.0,80.0,66.0,74.0,70.0,139,71.0,0,0,1,2,5,4,55,1,1,2,4.0,4.0,3.0,4.0,2,1,1,4,5,2,4.0,0,0
3,1,1,0,1,12.0,0,14,85.0,97.0,97.0,54.0,64.0,65.0,52,60.25,0,5,2,1,5,0,65,1,6,0,3.0,5.0,3.0,5.0,2,1,3,2,1,3,5.0,1,0
3,1,1,0,1,13.0,1,0,92.0,87.0,87.0,58.0,63.0,76.0,19,61.0,2,0,2,2,1,1,44,1,0,0,3.0,3.0,3.0,3.0,2,4,3,2,3,2,3.0,0,0
1,0,1,0,0,13.6,0,6,71.9,75.4,69.1,42.7,52.9,51.0,22,48.75,0,3,2,1,4,1,11,1,0,2,3.2,3.3,3.3,3.2,2,5,6,3,5,3,2.0,0,1
0,1,1,0,0,9.9,2,0,84.6,82.6,81.3,64.7,53.0,67.2,53,60.775000000000006,2,0,1,2,1,2,50,1,6,1,4.2,3.4,4.9,5.0,0,1,3,3,5,2,5.4,1,0
1,0,1,1,0,12.0,1,0,76.0,80.0,84.0,64.0,59.0,71.0,127,66.5,0,5,1,1,5,0,55,1,5,0,5.0,5.0,4.0,1.0,0,1,3,4,2,2,4.0,0,0
1,0,1,1,1,13.0,1,0,86.0,84.0,77.0,67.0,63.0,63.0,159,67.75,0,5,1,1,5,0,20,1,5,2,4.0,5.0,5.0,5.0,0,6,3,2,1,2,5.0,1,0
3,1,1,0,1,7.0,3,0,95.0,98.0,98.0,61.0,57.0,80.0,191,71.75,2,1,1,2,1,4,44,0,6,0,4.0,5.0,4.0,5.0,0,3,3,4,1,2,5.0,0,0
3,1,1,0,1,13.0,1,0,92.0,91.0,91.0,63.0,79.0,85.0,195,79.75,1,0,2,0,0,5,33,1,6,2,2.0,3.0,2.0,3.0,0,4,3,2,5,2,3.0,0,0
1,0,1,1,0,10.0,0,0,87.0,88.0,75.0,84.0,53.0,74.0,194,75.5,1,3,1,0,5,0,44,1,5,0,4.0,3.0,5.0,2.0,2,3,3,4,4,2,4.0,1,0
3,1,1,0,1,9.0,3,0,92.0,93.0,93.0,73.0,77.0,70.0,191,77.25,0,5,1,1,1,5,20,0,6,0,4.0,5.0,4.0,5.0,0,3,3,4,1,3,5.0,0,0
0,1,1,0,1,11.6,4,11,72.8,99.5,85.3,63.5,58.8,53.0,155,63.150000000000006,0,3,1,1,1,0,49,1,6,1,5.2,4.9,4.7,5.2,2,5,2,2,1,2,4.6,1,0
1,0,1,0,1,9.8,1,0,81.2,88.7,85.2,67.4,71.7,76.8,97,70.65,0,0,1,1,5,0,47,1,5,0,4.1,3.4,2.5,4.7,2,1,3,4,5,2,4.5,0,0
3,1,1,0,1,7.0,2,0,79.1,81.4,84.9,66.3,57.4,69.4,103,65.275,0,3,1,2,4,4,36,1,6,2,1.4,2.8,2.6,3.7,2,1,6,4,3,3,2.0,0,0
3,1,1,0,1,8.0,3,0,92.0,85.0,93.0,69.0,57.0,68.0,103,65.5,0,3,2,2,1,1,5,1,1,0,5.0,4.0,1.0,2.0,0,1,3,4,5,1,2.0,0,0
3,1,1,0,1,13.0,1,0,92.0,88.0,88.0,45.0,84.0,61.0,185,69.25,2,1,2,0,4,5,5,1,6,1,3.0,5.0,3.0,5.0,2,3,3,4,3,2,5.0,0,0
0,1,1,0,1,12.0,4,10,70.0,93.0,80.0,65.0,57.0,52.0,159,63.0,0,3,2,1,1,0,44,1,6,1,5.0,5.0,5.0,5.0,2,5,2,2,1,2,5.0,0,0
1,0,1,1,1,10.0,0,0,74.0,86.0,80.0,77.0,74.0,68.0,68,70.0,1,3,1,0,0,5,44,1,5,2,5.0,1.0,3.0,2.0,0,3,3,1,5,2,3.0,1,0
2,0,0,0,0,14.0,0,0,85.0,77.0,80.0,60.0,56.0,48.0,36,54.25,2,3,2,2,1,2,20,1,1,0,4.0,5.0,4.0,3.0,0,1,3,3,5,2,2.0,0,0
3,1,1,0,1,13.0,1,0,89.0,87.0,87.0,87.0,47.0,64.0,191,71.75,2,0,1,2,4,0,20,1,6,0,4.0,3.0,4.0,3.0,0,4,3,2,1,2,3.0,0,0
1,0,1,0,0,11.8,0,0,82.1,83.5,77.0,78.0,76.1,61.2,97,70.5,0,0,1,2,5,0,57,1,6,0,4.0,3.1,3.2,4.5,2,1,1,4,3,2,4.1,0,0
1,0,1,0,0,14.1,1,0,77.7,84.6,77.5,59.8,54.8,60.3,66,58.925,0,0,1,2,0,4,6,1,5,0,2.4,4.5,2.9,3.9,2,1,6,2,2,3,3.5,0,0
3,0,0,0,0,12.1,2,17,20.0,35.2,0.0,30.1,18.3,57.1,33,47.06660788164687,2,1,2,2,4,1,55,1,1,1,3.0,2.1,1.5,3.5,2,5,1,3,3,0,1.0,0,1
3,0,1,0,0,13.2,0,11,20.0,98.0,83.0,23.2,45.6,56.8,63,60.508072532748216,0,1,1,1,4,2,62,1,1,0,2.7,2.4,3.4,4.5,2,5,6,3,2,1,1.4,0,1
0,1,1,0,0,6.7,2,16,20.0,83.8,63.6,33.5,63.1,52.4,68,37.13713882241591,2,3,2,1,1,3,49,0,0,0,3.3,1.0,5.0,5.0,0,6,6,3,2,1,2.3,0,1
2,1,1,0,0,8.4,3,16,89.4,36.4,3.4,14.1,28.5,75.0,45,38.976068126217584,0,3,2,1,1,1,55,1,0,0,2.8,1.0,2.8,3.3,2,1,1,3,2,3,1.9,0,1
3,1,1,0,1,5.0,1,8,75.3,70.1,12.2,13.9,35.8,63.3,44,45.32056323857624,0,5,2,2,3,1,66,1,0,2,2.0,1.0,1.7,2.5,2,1,2,4,5,3,2.2,0,1
2,1,1,0,1,10.4,0,15,24.1,37.3,85.4,36.1,32.8,32.9,185,61.5670435767616,0,3,2,2,4,2,13,0,6,2,2.2,3.2,2.9,5.0,2,1,6,3,3,1,2.2,0,1
3,0,0,0,0,7.4,3,19,21.7,43.7,9.2,46.5,35.7,39.8,44,47.89595361522571,0,5,1,2,1,2,66,0,0,1,3.1,2.2,2.4,2.7,2,1,3,3,2,2,1.2,1,1
2,1,0,0,0,13.0,3,15,31.6,80.7,0.0,44.1,30.8,44.6,51,31.14045417760175,0,3,1,1,2,2,24,1,1,2,2.6,3.1,1.3,1.0,2,6,6,3,2,2,2.2,1,1
3,0,1,0,0,11.1,2,14,25.9,81.7,64.9,37.4,24.2,39.4,37,47.43586866049942,0,5,2,2,1,2,28,1,0,1,2.7,3.5,2.8,2.1,2,5,2,3,3,3,2.5,0,1
3,1,0,0,1,9.5,0,15,20.0,44.0,0.0,46.1,35.2,29.9,0,59.99143246788916,0,3,2,2,1,2,29,1,0,0,2.3,1.2,2.2,1.1,2,6,6,3,5,3,2.5,0,1
0,0,0,0,1,11.0,3,14,69.2,78.4,31.7,37.7,23.1,54.8,75,43.914009750863826,0,5,2,2,4,4,26,0,1,1,3.3,1.0,2.3,4.7,2,1,5,3,5,1,1.8,0,1
3,0,1,0,0,15.0,2,15,93.7,44.9,71.0,24.0,20.4,26.2,22,47.87516747792604,0,3,2,0,3,2,52,1,0,1,2.1,1.0,5.0,3.6,2,6,1,3,4,3,2.6,0,1
1,1,1,0,0,10.9,2,13,20.0,88.0,64.6,69.5,50.3,56.9,47,50.560543125971606,2,0,2,2,4,2,34,1,6,2,2.0,3.0,2.5,3.2,2,1,6,3,2,1,1.8,0,1
1,0,1,0,1,15.0,3,16,37.3,32.2,39.7,30.3,18.2,59.6,53,20.5,0,3,2,0,1,2,61,0,6,1,2.7,5.2,2.2,5.0,2,5,6,3,4,2,2.0,1,1
2,0,1,0,0,13.7,2,10,32.2,47.6,39.6,52.3,11.0,52.8,23,51.77024502127376,2,5,2,2,1,1,66,0,1,0,3.3,4.5,3.1,1.3,2,5,6,3,2,3,2.4,1,1
0,0,1,0,0,5.0,3,12,20.0,80.5,7.1,55.6,44.8,14.5,54,44.39397748202265,0,5,1,1,1,5,0,1,6,0,2.8,1.4,1.7,1.0,2,1,6,3,5,3,1.9,0,1
2,0,1,0,0,9.1,3,15,20.0,32.3,73.5,40.9,74.5,75.0,53,32.80008033275622,2,1,2,1,3,2,2,0,0,1,2.2,3.2,4.0,1.0,2,4,6,3,2,3,2.0,0,1
1,1,0,0,0,5.1,3,13,68.8,45.0,5.3,14.8,27.8,34.3,64,24.859996067152117,0,5,2,2,4,4,29,1,6,1,1.8,1.1,2.1,3.9,2,5,1,4,3,2,2.0,0,1
3,0,1,0,1,5.6,2,10,61.4,75.3,0.0,22.4,48.1,12.5,185,49.58000008648831,0,5,2,2,5,3,3,1,0,2,2.0,1.2,2.5,5.0,2,5,6,3,4,0,1.3,0,1
3,0,1,0,0,10.6,3,13,20.0,85.2,69.1,11.0,23.3,38.1,89,62.31213800523254,2,3,1,1,3,2,66,0,0,0,3.2,1.3,1.8,5.0,2,6,3,3,5,3,2.3,0,1
2,0,0,0,0,5.0,4,3,20.0,35.7,77.2,67.1,31.4,30.1,73,43.12678879571678,0,0,1,1,1,4,2,0,0,2,2.1,3.1,2.0,2.8,2,5,6,3,2,0,1.0,0,1
2,0,0,0,0,15.0,2,12,47.0,36.2,53.9,23.0,70.5,46.8,39,51.65341874993564,0,5,1,0,1,1,19,1,0,2,3.5,1.0,1.0,5.0,2,4,6,3,2,0,1.0,0,1
1,0,1,0,0,10.5,3,14,20.0,60.4,55.6,17.6,48.0,39.5,61,43.86209596258839,0,0,1,2,3,2,14,1,6,1,1.8,3.4,1.8,4.9,2,5,2,3,2,1,1.0,1,1
3,1,0,0,0,5.0,0,3,71.7,36.9,55.0,31.5,21.2,20.5,42,62.219914679264924,0,3,2,1,1,2,66,1,0,1,2.7,1.5,2.2,4.8,2,5,6,3,2,2,1.3,0,1
3,0,1,0,1,6.5,3,17,37.8,55.7,0.0,62.3,43.9,63.7,46,62.055038356004175,2,3,2,2,1,2,17,0,0,0,2.8,1.3,1.0,3.0,2,7,6,3,4,0,1.1,0,1
3,1,1,0,1,11.2,3,14,56.1,41.3,4.4,67.3,48.1,21.1,4,53.089235334326546,0,1,0,2,1,2,22,0,5,1,1.7,2.7,2.3,3.5,2,4,2,4,2,0,1.8,0,1
3,1,1,0,1,5.2,3,12,20.0,48.0,87.8,51.9,25.3,21.7,14,53.378595395624195,0,0,2,2,1,4,30,0,6,1,3.0,1.8,2.8,1.9,2,6,2,2,2,2,1.3,0,1
1,1,1,0,0,12.5,0,9,73.1,37.1,65.1,40.6,16.1,11.0,76,33.243333757320265,2,5,2,1,1,1,0,1,0,1,3.2,1.9,2.5,4.8,2,1,2,3,3,1,2.1,0,1
2,0,0,0,0,10.0,2,13,72.4,43.4,89.1,30.1,20.2,60.5,18,20.5,0,3,2,0,1,0,66,0,1,2,2.9,3.0,3.2,2.1,2,5,1,4,4,0,1.0,0,1
1,1,0,0,1,6.0,3,15,20.2,29.4,56.6,55.4,35.9,12.4,81,47.486800334384306,2,5,2,1,1,2,36,1,1,1,2.2,3.8,4.8,3.5,2,1,2,3,5,3,1.6,0,1
2,1,0,0,1,10.9,2,13,20.0,39.3,4.1,31.4,66.3,63.5,48,55.34716075096879,2,0,1,0,1,2,21,1,1,0,2.4,3.3,4.4,1.3,2,4,5,3,2,2,1.7,0,1
3,1,1,0,0,9.1,0,19,26.8,38.6,45.0,21.0,41.1,52.2,21,31.082183841336857,0,5,1,1,1,1,25,1,6,0,3.2,1.8,2.2,3.5,2,6,2,3,3,2,2.2,0,1
3,1,0,0,0,12.1,3,12,28.4,44.9,50.4,31.4,2.0,75.0,36,48.51583469836584,0,1,1,1,1,2,16,1,6,2,2.8,2.2,4.9,3.9,2,1,1,3,4,3,5.0,0,1
3,1,1,0,0,14.6,0,12,22.3,48.3,95.4,17.0,36.4,43.0,65,38.165627401218295,0,3,2,2,4,2,52,1,1,0,2.1,1.0,2.0,5.0,2,6,1,3,3,3,1.7,0,1
3,1,0,0,0,8.8,0,14,68.2,41.1,0.0,11.0,34.6,59.7,71,41.57292119434102,2,5,2,1,1,2,11,0,6,0,2.8,4.3,3.8,1.8,2,5,6,3,5,0,2.4,0,1
3,1,1,0,0,10.2,0,15,20.0,45.7,76.3,20.2,35.2,59.3,50,52.42755339594714,0,0,1,1,4,2,25,1,1,0,3.2,1.0,2.1,1.3,2,1,6,3,5,1,4.2,0,1
3,1,1,0,0,12.6,3,15,33.2,49.8,13.9,13.8,24.4,44.4,12,23.48363373837052,0,1,2,1,1,5,6,0,0,0,3.0,1.8,3.3,2.6,2,1,1,3,4,3,1.9,0,1
3,0,0,0,0,9.7,4,12,20.0,43.4,45.5,51.3,2.0,40.4,66,45.12838261390799,0,5,2,1,1,2,66,1,6,0,3.1,5.2,2.2,1.3,2,5,6,3,5,3,1.0,0,1
1,0,1,0,0,5.0,0,13,49.3,88.3,9.2,11.0,19.4,23.3,74,44.66717604833368,0,5,2,2,1,2,6,1,0,2,1.6,2.3,3.3,1.0,2,6,6,3,4,2,5.0,1,1
3,1,0,0,1,15.0,3,14,20.1,88.1,0.0,22.7,10.0,50.0,48,47.7176439627307,0,1,2,1,4,2,49,1,1,2,3.1,5.2,2.5,2.6,2,1,2,4,5,3,1.6,1,1
3,0,0,0,0,8.5,3,15,94.0,86.0,65.7,44.7,16.5,37.6,0,20.5,0,5,2,2,1,2,7,0,0,1,1.6,5.2,1.7,1.3,0,7,6,3,4,3,1.4,0,1
2,0,1,0,0,13.9,0,11,78.3,44.8,98.0,37.8,2.0,37.6,2,26.120707728210032,2,0,2,2,1,2,13,1,0,0,1.8,4.1,2.1,5.0,2,5,1,3,3,0,2.0,0,1
3,1,0,0,1,6.0,2,3,29.8,48.6,46.6,56.4,24.3,73.0,60,56.955649432875276,0,3,2,1,1,2,66,1,0,1,3.0,1.4,2.7,1.0,2,4,1,3,3,3,1.7,0,1
3,1,1,0,1,10.0,3,14,25.6,44.9,47.1,41.6,42.2,45.3,170,36.23196679873308,0,5,2,2,1,1,66,0,6,2,2.6,1.8,3.4,2.6,2,5,1,3,2,1,1.7,0,1
3,0,1,0,1,5.4,3,0,20.0,47.9,52.5,34.3,62.6,40.1,40,61.87592130763367,2,3,1,1,5,4,33,0,0,0,2.1,1.1,2.1,2.5,2,1,6,4,4,2,4.8,0,1
3,1,1,0,0,8.2,2,9,59.8,38.4,98.0,56.1,68.1,32.4,0,43.09437281769533,0,3,2,2,4,1,24,0,0,1,1.8,1.2,2.6,1.0,2,5,6,3,5,3,2.5,0,1
3,1,1,0,1,10.0,1,13,20.0,86.3,98.0,48.8,38.4,75.0,6,56.17886238040419,2,5,2,1,1,4,66,1,6,1,3.1,3.5,2.7,2.8,2,6,6,3,2,0,2.3,0,1
3,0,0,0,0,6.8,2,0,20.3,84.8,80.6,57.2,2.0,27.5,32,55.261719582914665,0,3,2,2,1,2,0,1,0,0,3.3,1.4,2.5,2.9,2,5,3,3,4,3,2.7,1,1
3,1,0,0,0,5.0,4,16,26.5,43.8,12.8,49.3,31.0,48.9,43,72.75,0,5,1,1,3,2,2,1,0,2,2.8,1.4,3.2,1.0,2,6,1,2,4,3,1.6,1,1
3,1,1,0,0,13.8,3,13,20.3,40.9,26.8,38.2,77.0,75.0,57,40.10906594443804,0,3,1,1,1,4,47,1,6,0,3.2,4.7,1.5,1.9,2,5,2,3,5,1,1.4,1,1
1,1,1,0,0,6.5,2,10,20.0,98.0,29.0,53.4,35.3,19.6,56,49.24215759097567,0,5,2,2,4,1,24,0,0,0,2.9,1.0,2.7,3.6,2,1,6,3,3,1,1.3,0,1
3,0,0,0,1,7.5,4,15,20.0,41.3,58.2,47.4,26.9,42.8,40,35.248880001234355,2,5,2,0,5,1,16,0,0,1,4.1,4.0,2.9,5.0,2,1,6,2,5,1,4.6,0,1
2,0,1,0,0,11.3,0,15,29.4,90.5,64.1,72.0,20.2,27.6,0,57.86456249376512,0,5,2,2,2,0,12,1,0,1,2.0,4.8,2.3,2.9,2,6,6,3,2,2,2.6,0,1
1,0,1,0,0,9.9,0,13,20.0,78.6,11.3,75.0,30.9,20.7,22,21.239439650536276,0,5,1,2,3,3,66,0,1,1,3.0,1.0,3.4,1.0,2,1,6,3,4,2,1.0,0,1
3,1,1,0,1,10.4,2,17,29.2,48.0,0.0,72.4,29.8,21.7,69,50.143375370513525,0,5,2,2,4,2,66,1,5,1,2.7,2.5,1.7,2.4,2,1,6,3,4,0,1.8,0,1
3,1,1,0,0,5.5,3,14,20.9,42.8,83.7,31.4,2.0,16.3,53,47.73105609270684,0,5,2,1,4,0,27,0,1,1,2.9,2.0,1.7,1.8,2,1,6,4,2,0,4.0,0,1
3,1,0,0,0,5.0,3,14,20.0,40.7,0.0,61.1,2.0,38.5,15,37.47912833455008,0,5,2,1,4,2,66,1,0,1,2.9,4.7,1.5,5.0,2,5,1,4,2,1,4.1,0,1
3,0,1,0,1,9.3,1,13,71.9,79.5,0.0,25.4,15.0,53.6,23,38.8039524101407,2,0,2,2,4,2,66,0,0,2,3.3,1.0,2.3,2.0,2,1,6,3,4,2,1.0,0,1
3,1,1,0,0,15.0,3,4,32.2,43.6,43.6,19.9,17.7,50.1,40,42.91091997675189,0,5,2,1,5,2,29,0,6,1,2.0,3.2,1.6,5.0,2,4,1,3,2,3,1.8,1,1
3,0,1,0,0,9.8,2,16,22.5,30.8,86.7,32.5,36.9,75.0,31,61.408653611170706,0,3,1,1,4,2,66,1,1,1,2.3,2.7,1.9,1.0,2,5,1,3,5,3,1.3,0,1
1,1,1,0,0,13.7,2,10,54.8,68.6,90.2,17.4,67.1,72.9,45,35.33732248004263,0,0,2,2,4,4,10,1,0,1,3.1,2.2,2.2,2.4,2,1,2,3,4,2,2.6,0,1
2,0,1,0,0,9.5,0,14,57.8,98.0,60.1,57.4,35.1,45.3,0,47.64283651480484,0,3,2,2,5,5,31,1,1,1,2.8,1.0,2.7,3.7,2,1,6,3,5,2,2.3,0,1
2,1,1,0,0,5.0,3,2,25.4,43.5,12.9,36.3,26.1,21.7,71,23.775430855725908,0,5,2,0,4,1,0,1,5,1,3.1,2.3,2.1,3.9,2,5,6,3,2,2,1.4,0,1
3,1,1,0,1,10.0,3,14,20.0,43.3,38.7,75.0,2.0,55.9,57,43.77921239728578,0,5,2,1,1,2,51,1,0,0,2.0,3.6,5.0,1.0,2,1,6,3,2,3,3.2,0,1
3,0,0,0,0,5.0,3,5,20.0,59.8,70.1,30.8,18.4,68.5,27,53.86179401064233,2,1,1,1,1,2,33,1,6,1,3.3,4.2,4.9,1.6,2,6,1,3,4,2,1.2,0,1
3,0,0,0,1,8.6,3,17,20.0,39.7,77.2,17.9,21.1,26.0,54,47.816004513338505,0,3,1,1,4,2,0,1,6,1,3.4,1.1,2.2,4.2,2,5,6,3,3,0,4.1,0,1
0,1,1,0,1,5.0,3,15,22.9,78.1,50.3,59.3,23.0,27.1,37,59.975085505396954,0,3,1,1,1,2,0,0,1,1,2.9,2.1,2.1,2.4,2,5,6,3,2,2,1.0,0,1
3,1,1,0,1,15.0,3,15,25.7,35.1,17.7,72.5,17.0,51.9,47,30.84011265192443,0,5,2,2,4,2,28,0,1,2,2.5,2.2,3.7,1.0,2,6,6,3,5,3,2.1,0,1
3,1,1,0,0,7.4,0,15,21.6,42.0,0.0,73.0,23.0,54.5,49,38.17655866790485,0,3,2,1,1,1,5,0,1,1,3.2,2.6,3.0,1.0,2,1,1,2,5,1,1.8,0,1
3,0,0,0,0,6.2,3,12,20.0,37.3,62.4,15.8,71.2,49.0,64,61.549427080449135,0,1,2,2,2,4,12,1,0,1,3.2,2.3,3.1,3.5,2,5,2,3,2,2,1.0,0,1
3,0,1,0,0,7.7,0,15,26.1,83.1,83.8,60.8,25.7,32.3,25,36.8870317103297,0,3,2,1,1,2,66,0,0,1,3.5,2.3,2.6,5.0,2,5,6,3,3,3,2.2,0,1
3,1,1,0,1,5.0,3,15,94.0,49.7,56.3,52.7,2.0,75.0,37,58.42742090512229,2,5,1,1,4,2,66,0,6,0,3.3,1.0,3.3,3.6,2,1,2,3,2,3,1.8,0,1
1,1,0,0,1,9.2,2,16,87.7,98.0,98.0,61.7,4.7,45.6,57,34.434762700299224,0,1,1,1,1,2,0,0,5,2,2.9,1.6,2.6,5.0,2,5,6,3,3,2,1.4,2,1
3,1,1,0,0,7.3,0,1,77.3,98.0,74.0,35.4,19.5,69.5,32,59.65878107787893,2,3,1,2,4,2,52,0,6,1,3.0,1.3,2.8,3.3,2,5,6,4,3,2,1.2,0,1
3,1,1,0,0,13.0,0,12,20.0,44.0,46.7,40.0,2.0,52.1,129,48.25887288042784,0,3,1,1,1,1,66,1,0,1,3.0,3.6,2.9,3.0,0,4,1,3,4,0,4.2,0,1
3,0,0,0,0,6.7,0,15,82.4,78.5,68.6,43.2,45.9,50.4,39,26.675325638346727,0,3,1,1,1,2,66,0,0,1,3.2,1.0,4.3,3.2,2,1,6,3,4,3,2.1,0,1
2,0,1,0,0,7.5,4,12,35.2,47.5,17.8,34.5,31.9,57.9,19,39.6719504772581,0,0,1,1,4,2,32,1,6,1,3.1,3.2,1.0,1.2,2,1,2,2,2,0,1.6,0,1
2,1,1,0,1,6.2,3,14,24.0,46.9,61.3,30.4,6.7,56.0,21,37.60891111577961,2,0,2,2,2,2,18,0,1,2,2.3,3.6,2.4,1.0,2,1,6,2,4,2,1.7,0,1
0,0,1,0,0,7.3,2,1,20.0,61.5,49.6,15.4,32.2,45.4,22,46.199855907478224,0,3,2,1,4,4,36,0,6,0,2.3,2.8,1.0,2.8,2,5,5,3,4,2,1.0,2,1
3,1,1,0,1,10.8,2,16,23.5,76.8,66.7,45.9,21.4,57.3,69,20.5,0,3,2,0,2,2,15,1,6,1,1.9,3.5,1.4,3.2,2,4,3,3,3,2,1.2,0,1
2,1,0,0,0,6.1,2,3,20.0,41.7,98.0,11.0,49.2,48.1,39,57.24255340790055,0,1,2,1,4,5,21,0,0,1,1.8,2.6,2.6,3.1,2,1,1,3,2,3,1.2,0,1
1,1,1,0,1,11.0,0,15,20.0,48.3,98.0,14.9,33.2,72.5,68,50.13791466948874,2,5,1,2,1,4,0,0,0,1,2.9,1.3,4.6,2.3,2,1,5,2,3,2,2.4,0,1
3,1,1,0,0,13.9,2,19,63.2,80.7,43.3,31.3,45.4,21.7,41,41.665343714442784,2,3,1,1,1,2,15,0,6,1,2.6,1.9,2.9,3.2,2,1,6,3,4,2,2.5,0,1
3,1,1,0,1,5.9,0,12,21.9,47.5,36.3,24.1,16.6,49.2,65,60.81940855659995,0,5,1,2,4,2,52,0,0,1,2.5,1.0,3.0,5.0,2,6,1,3,4,3,5.0,0,1
2,1,0,0,0,8.8,2,7,54.5,39.7,98.0,60.1,15.7,61.0,0,20.5,0,0,1,1,4,3,26,0,6,1,2.8,1.9,3.0,5.0,2,6,6,3,5,3,2.6,0,1
2,0,1,0,0,11.6,1,14,76.8,87.9,98.0,47.2,2.0,34.1,43,43.24394539082877,0,5,2,1,1,4,59,0,6,1,2.9,1.0,2.4,4.9,2,5,6,3,2,2,1.7,0,1
1,0,1,0,1,6.4,2,15,21.4,32.6,62.5,51.4,52.8,67.0,80,72.75,2,3,2,2,3,4,66,0,6,0,3.4,3.4,2.6,2.6,2,5,5,3,3,3,1.0,0,1
3,1,1,0,0,7.0,0,14,20.9,40.1,63.3,29.4,60.4,13.0,28,63.614688849111204,0,1,2,1,1,2,10,1,5,1,2.7,1.4,1.0,1.6,2,1,2,3,5,0,2.4,0,1
0,1,1,0,1,12.0,0,12,31.4,47.7,53.3,44.2,5.5,41.8,62,53.24535911663153,0,5,2,1,1,3,7,0,6,1,3.0,2.8,3.1,1.0,2,5,6,3,2,3,4.0,0,1
1,1,1,0,1,5.0,2,4,24.7,41.3,5.1,27.9,33.3,66.9,51,27.345516081903664,0,5,2,1,4,2,66,1,0,2,3.0,2.4,4.8,1.0,2,1,6,4,2,3,3.5,0,1
3,1,1,0,1,9.8,2,16,20.0,44.0,95.9,16.1,53.6,57.5,58,42.055323014915984,0,5,2,1,4,1,40,0,0,1,2.7,1.0,3.5,1.4,2,1,6,3,2,3,2.7,0,1
2,1,0,0,1,12.3,3,15,20.0,72.2,10.0,53.0,14.9,55.7,62,23.340206127461673,0,1,2,2,1,5,45,1,6,1,3.0,2.9,2.2,4.8,2,5,5,3,2,3,1.0,0,1
3,1,0,0,0,11.2,3,12,32.2,90.0,35.3,11.0,45.3,21.9,4,34.77487537388344,0,5,2,2,4,4,43,1,6,1,2.2,4.7,1.8,1.6,2,1,6,3,2,1,1.5,0,1
3,1,1,0,0,5.0,2,14,67.5,28.2,5.7,47.3,55.7,21.1,14,28.65353627890387,2,1,2,1,4,1,28,1,0,1,3.4,3.1,1.8,2.6,2,5,6,3,2,2,2.4,0,1
3,1,0,0,1,5.1,3,10,35.8,76.8,39.3,32.8,9.5,43.1,34,54.30556464131047,0,1,1,2,3,1,66,1,0,1,1.8,1.0,2.1,4.3,2,1,6,3,4,3,1.0,0,1
2,1,1,0,0,5.0,4,0,82.3,98.0,0.0,11.6,34.8,71.5,184,56.15320263528223,0,5,1,1,4,2,64,1,0,2,3.0,2.9,2.6,1.0,2,5,2,3,5,1,1.0,0,1
3,1,1,0,0,5.0,3,19,20.6,76.8,18.5,56.5,31.4,64.2,36,27.747339283567847,0,5,1,2,1,2,28,0,0,2,1.8,2.9,1.9,1.0,0,1,2,4,5,2,2.5,0,1
3,0,1,0,0,5.0,0,14,27.7,40.2,94.9,56.5,77.0,69.1,35,44.03856376297196,2,3,2,1,4,2,66,1,6,1,2.2,1.0,3.7,5.0,2,1,6,3,2,1,1.5,0,1
3,0,1,0,1,11.4,2,5,20.0,68.0,47.9,36.7,41.3,64.8,0,42.16610203313451,0,1,2,1,1,4,24,0,0,0,3.5,5.1,2.0,2.8,2,6,6,4,4,1,1.0,0,1
3,0,1,0,0,5.7,0,13,25.7,70.7,0.0,63.1,26.1,72.2,45,25.46643804137691,0,3,2,1,4,2,16,1,0,1,2.6,1.7,1.5,3.0,2,5,1,4,4,2,2.2,0,1
2,1,1,0,0,9.5,3,15,23.2,36.2,47.9,24.5,22.7,40.9,49,26.49275472451602,0,0,1,1,5,2,66,0,6,0,3.0,1.5,3.1,1.0,2,1,5,3,4,1,1.0,0,1
1,1,1,0,0,7.6,3,19,68.1,44.5,67.7,31.2,47.0,24.5,30,56.45372483476464,0,5,1,1,5,1,32,1,6,2,2.4,1.0,1.9,1.1,2,5,5,4,4,1,2.0,0,1
0,0,1,0,1,5.0,3,15,22.2,66.0,44.6,35.3,47.9,69.2,6,58.75724060985278,0,3,1,2,2,3,54,0,0,2,2.9,5.0,2.7,1.0,2,5,2,3,4,3,2.6,0,1
3,1,1,0,1,13.6,3,12,20.0,77.7,61.8,72.7,32.2,75.0,43,50.14705154097029,0,3,2,1,3,1,17,1,0,1,3.3,2.8,2.3,1.0,2,6,2,3,2,2,1.7,0,1
3,1,1,0,0,5.9,0,12,22.4,49.4,17.0,11.0,69.1,11.6,0,28.605552694309477,0,3,2,1,5,4,7,1,1,1,2.7,1.7,2.4,1.5,2,5,6,4,3,2,1.6,1,1
3,0,1,0,0,13.0,3,14,32.2,77.5,35.1,23.3,4.1,65.3,75,34.39623331684409,2,3,2,1,1,2,4,0,0,2,3.2,3.0,1.7,3.7,2,6,6,3,2,2,2.3,0,1
0,1,1,0,1,8.4,0,16,29.4,77.9,7.4,22.1,31.0,75.0,47,49.40811198924975,2,3,1,2,4,0,64,0,6,0,2.8,1.4,2.8,2.4,2,5,6,3,2,0,3.7,0,1
0,1,1,0,0,15.0,3,16,29.2,40.3,56.6,43.8,58.4,74.5,15,41.789721279013975,0,3,2,2,4,1,53,1,1,0,3.1,1.0,2.4,4.2,2,6,1,3,5,3,2.6,0,1
0,1,0,0,0,13.6,3,12,20.0,44.1,56.5,47.3,36.7,53.3,41,46.407185315954024,0,5,2,2,4,2,23,1,1,0,2.6,1.1,3.7,5.0,0,6,6,3,4,1,4.7,0,1
0,1,1,0,1,11.0,0,14,59.2,37.7,0.0,48.6,35.1,52.3,60,41.11921552189745,0,5,1,1,1,2,41,0,6,1,1.8,2.7,2.8,5.0,2,6,6,3,5,2,2.5,0,1
3,1,1,0,0,5.0,2,7,20.0,44.2,0.0,34.4,23.2,62.9,42,55.676094982530536,0,5,2,1,4,2,36,0,1,1,1.7,3.6,3.9,1.0,2,1,6,4,4,0,1.0,0,1
3,1,1,0,0,7.4,0,14,57.7,44.7,45.9,42.7,16.7,23.3,51,26.37495992458713,2,3,2,1,1,1,2,1,1,1,2.9,2.2,2.5,1.0,2,1,6,4,3,1,1.0,0,1
3,1,1,0,0,5.4,0,16,23.1,43.9,5.2,21.9,2.0,61.8,75,43.73327180893742,2,5,1,1,1,2,0,0,1,1,2.9,2.5,3.4,5.0,2,6,6,3,3,3,1.8,0,1
3,1,1,0,1,5.0,3,12,86.1,48.6,0.0,17.2,20.0,45.8,45,33.92930297825051,0,1,2,1,4,2,36,0,6,1,3.0,2.2,3.8,1.3,2,1,6,3,4,3,3.7,0,1
1,0,1,0,0,8.3,4,13,57.8,98.0,82.3,15.6,2.0,29.0,65,45.91483888409543,0,3,1,2,4,2,57,1,0,2,2.8,1.0,2.4,2.2,2,1,1,3,4,2,2.1,0,1
1,0,0,0,1,8.9,0,2,23.1,36.5,69.7,75.0,39.1,60.9,21,46.07254008542247,0,1,2,1,4,2,33,1,1,0,3.1,1.0,3.1,1.9,2,5,6,3,4,2,1.9,0,1
1,0,1,0,1,6.2,3,15,23.9,89.4,89.3,60.3,9.1,54.4,27,30.70018830738016,0,0,1,1,1,4,53,1,6,1,2.1,5.0,3.6,3.9,2,5,6,3,3,3,1.8,0,1
2,1,0,0,1,10.0,3,8,78.4,40.4,0.0,35.2,54.9,25.5,33,67.56668362144373,0,5,2,2,1,2,37,0,0,1,2.7,1.0,1.7,1.5,2,1,1,3,2,2,2.2,0,1
3,1,1,0,1,8.2,3,16,20.0,70.4,0.0,58.4,2.0,66.1,26,54.15583966315659,0,3,1,1,1,4,66,1,0,1,3.0,5.2,2.1,1.0,2,1,6,3,5,3,1.9,0,1
1,0,1,0,1,10.7,3,19,24.3,41.0,73.4,21.8,44.4,75.0,43,52.82341095805865,0,5,2,1,4,2,65,0,0,1,3.3,1.0,1.8,1.0,2,6,5,3,5,1,4.5,0,1
3,0,0,0,1,6.5,3,13,84.1,39.0,11.8,20.1,18.0,75.0,64,59.87174499521347,0,3,2,1,4,0,51,1,6,1,2.7,1.0,1.5,2.8,2,5,5,3,4,3,1.7,1,1
2,0,0,0,0,7.1,0,14,28.0,81.0,0.0,29.0,21.7,30.7,29,57.99420201427544,0,5,1,1,0,2,66,0,0,1,3.1,1.0,3.2,4.5,2,5,2,3,2,3,1.5,0,1
0,1,1,0,1,6.7,2,12,23.0,48.3,3.4,20.9,22.4,25.5,14,60.06262694913671,2,5,1,0,5,1,49,1,1,0,2.0,2.0,5.0,1.3,2,5,5,3,2,3,1.0,0,1
2,1,1,0,0,11.0,0,8,22.2,45.6,49.2,70.7,56.5,60.4,71,61.28161640638437,0,5,2,1,1,2,2,1,0,2,3.1,1.5,1.0,5.0,2,1,6,4,4,1,1.0,0,1
3,1,0,0,1,7.8,0,0,22.2,38.1,56.6,24.4,34.0,59.7,2,28.034392125988045,0,3,2,2,3,4,27,1,6,1,3.0,3.9,1.6,3.7,2,1,6,4,3,3,2.3,0,1
0,1,0,0,0,15.0,2,14,78.0,44.0,69.9,25.2,14.6,36.3,52,42.34872706406295,0,5,1,1,5,2,0,0,6,2,2.4,3.9,2.3,1.8,2,1,6,3,4,2,2.0,0,1
3,1,1,0,0,13.2,2,19,33.6,44.1,61.5,31.1,41.9,41.8,6,20.5,0,5,1,2,1,4,66,0,6,0,1.7,3.2,1.7,3.9,2,1,6,3,5,3,1.8,1,1
3,0,1,0,0,9.0,3,19,29.5,38.1,61.1,21.9,30.0,51.5,48,27.56191518291782,0,5,2,2,4,2,22,0,6,1,2.4,2.8,1.7,4.9,2,5,2,3,5,2,2.4,0,1
1,0,1,0,0,11.2,3,12,67.1,82.2,65.3,66.1,17.5,11.0,0,30.790574722254732,0,1,1,2,4,4,10,0,0,0,2.2,2.9,1.5,1.0,2,6,6,3,5,0,1.5,0,1
1,0,0,0,0,5.0,0,14,26.0,82.0,74.5,23.5,31.2,70.1,67,32.070078575688065,0,5,2,2,5,2,0,0,6,1,2.1,1.0,2.1,1.7,2,1,6,3,4,3,1.7,0,1
2,0,1,0,0,7.7,0,12,65.7,98.0,0.0,38.7,8.6,16.2,31,58.0850514089838,0,3,2,1,3,2,50,1,0,2,2.5,3.9,1.8,1.0,2,6,6,3,5,1,1.4,0,1
3,1,1,0,0,7.0,3,12,48.0,46.7,0.0,53.4,27.9,11.0,31,34.407552032503624,0,3,2,1,4,1,0,1,1,2,3.0,1.0,2.1,1.0,2,5,6,3,4,2,1.4,0,1
3,1,0,0,0,6.0,0,11,27.8,71.5,93.9,50.3,20.6,41.8,58,61.79875407363515,0,0,2,1,4,2,1,0,6,2,2.8,4.9,3.1,1.7,2,6,6,3,5,1,1.8,0,1
3,1,1,0,0,5.0,2,15,25.0,98.0,0.0,33.2,22.1,24.9,68,56.73720198290536,2,1,1,1,3,1,22,1,0,0,3.1,4.1,1.0,3.3,2,5,6,3,4,3,4.7,0,1
3,1,1,0,0,6.1,2,14,64.0,31.2,0.0,64.8,15.8,11.0,53,45.66459731754796,0,1,1,1,1,2,66,0,0,1,1.6,3.6,1.7,1.0,2,5,2,3,4,3,1.0,0,1
0,0,1,0,0,13.5,0,6,24.4,98.0,58.7,61.5,36.9,72.7,18,45.83399346319859,2,5,1,1,1,4,66,1,6,2,2.9,2.1,1.7,3.4,2,4,6,3,5,0,1.3,0,1
3,1,1,0,0,13.9,3,13,73.7,28.8,0.2,31.2,45.5,56.6,0,47.9299011524206,0,5,1,1,1,2,66,1,6,1,3.1,2.2,1.5,1.0,0,6,6,3,4,2,5.0,0,1
1,1,1,0,0,13.6,2,14,20.0,63.9,93.4,50.8,34.1,57.0,44,51.42851448318346,0,3,2,1,4,2,66,1,6,0,2.9,5.2,1.5,2.0,2,5,1,3,3,3,3.2,1,1
3,1,0,0,1,6.8,2,15,20.0,45.7,0.0,36.0,41.3,20.2,1,26.45991689954426,0,0,2,1,1,2,16,1,6,1,2.3,4.8,2.6,4.3,0,1,6,3,2,3,2.7,0,1
3,1,1,0,0,9.3,3,13,20.0,32.8,89.1,22.5,62.1,38.6,17,72.75,2,3,1,1,1,5,66,0,0,0,3.4,1.8,2.7,5.0,2,5,2,3,3,3,1.3,0,1
3,0,1,0,0,9.3,1,14,26.5,75.9,3.1,45.9,8.7,49.3,38,51.57638229294704,0,5,1,1,4,0,66,0,1,1,2.9,3.2,2.8,1.0,2,1,6,3,4,0,1.0,0,1
3,1,1,0,0,9.1,3,16,20.0,35.4,9.1,16.2,75.2,30.9,0,63.97144461715396,0,3,2,1,1,2,17,0,0,1,3.0,1.0,1.6,2.3,2,5,5,3,2,0,2.8,0,1
3,1,1,0,0,8.5,3,11,27.6,98.0,2.8,17.4,48.7,13.0,0,47.79192856836761,0,5,2,1,1,2,61,0,1,2,3.0,1.6,2.6,3.6,2,1,6,4,5,2,2.7,0,1
2,1,1,0,1,13.4,3,14,31.5,39.7,0.0,24.5,37.0,11.0,37,28.993853608836197,0,5,1,2,1,1,19,0,6,2,3.2,2.5,2.8,2.2,2,6,5,3,2,3,2.6,1,1
3,1,0,0,0,5.6,0,13,59.4,50.4,86.5,62.7,46.1,47.4,34,43.61364483034589,0,3,1,1,1,2,35,0,0,2,3.0,3.3,2.6,3.9,2,7,5,3,5,3,1.8,0,1
3,1,1,0,0,8.7,0,11,71.3,43.6,14.1,18.6,59.6,17.3,68,34.84217875571193,0,5,2,2,4,2,4,0,0,1,1.6,1.0,2.2,2.3,2,1,1,3,2,0,4.7,0,1
3,1,0,0,1,6.3,3,12,20.0,81.5,68.1,22.8,2.0,39.0,24,56.98496377653147,0,3,1,2,3,0,65,1,0,0,3.0,3.6,3.6,1.2,2,5,6,3,2,0,1.7,0,1
2,1,1,0,0,5.9,1,12,30.2,39.5,3.4,16.6,53.8,52.7,41,56.78025030497836,0,1,2,2,2,2,14,1,0,1,2.3,5.2,3.9,1.0,2,1,5,3,2,0,1.6,0,1
1,1,1,0,1,13.4,0,12,27.1,92.1,59.6,23.6,55.1,75.0,74,53.3784761386957,0,5,2,1,4,1,0,1,0,1,3.0,3.1,2.0,2.7,2,6,6,2,2,3,1.9,0,1
3,1,0,0,0,5.0,0,18,25.8,72.2,0.0,16.1,8.1,11.1,70,42.11350553653105,0,3,2,2,1,2,6,1,6,2,2.3,3.8,1.9,1.4,2,1,6,4,2,0,1.0,2,1
0,1,1,0,0,6.2,0,15,20.0,30.6,36.4,75.0,68.1,18.3,64,41.9774442974221,2,3,2,0,3,2,66,1,0,2,3.0,4.7,1.8,3.7,2,5,6,3,4,3,1.0,0,1
3,0,0,0,1,5.6,2,12,35.5,88.7,58.3,16.6,64.0,20.4,70,57.49686252120469,0,3,2,1,1,2,0,0,6,2,3.2,2.1,2.0,1.0,2,5,6,3,1,1,2.1,0,1
3,1,1,0,0,8.7,1,12,20.0,80.0,83.1,42.6,62.5,48.8,7,49.68847550282292,2,1,2,0,1,2,32,0,0,1,2.1,2.5,1.6,1.0,2,5,2,3,4,2,1.9,0,1
2,0,1,0,0,6.2,3,4,45.2,67.9,31.3,28.5,35.6,31.9,46,63.7672340821683,2,5,2,1,4,4,12,1,6,1,3.1,1.0,2.5,3.3,2,6,6,3,2,3,1.2,0,1
3,1,0,0,0,7.5,0,4,20.0,42.6,1.7,11.0,28.0,28.7,0,53.21120096041326,0,1,2,1,1,2,22,0,6,1,2.1,1.0,1.5,1.5,2,1,2,3,4,2,1.4,0,1
2,0,0,0,0,5.4,2,9,64.8,63.1,38.0,69.4,25.2,25.2,17,65.07555955227137,0,1,1,1,4,2,0,0,1,0,2.8,2.4,3.0,1.0,2,5,6,4,4,3,2.2,0,1
3,1,1,0,0,5.9,3,13,78.2,42.4,0.0,45.6,36.1,26.3,16,30.84081626923244,0,3,1,2,1,4,30,1,0,1,1.8,1.2,1.0,4.7,2,6,2,3,4,3,1.8,0,1
2,1,1,0,1,8.5,3,15,22.3,79.7,0.0,59.0,45.8,54.0,27,39.821873944115296,0,1,2,1,1,1,0,1,0,1,3.0,1.1,2.6,1.2,2,5,5,4,3,3,2.3,0,1
3,1,1,0,1,5.0,3,6,24.1,88.5,60.2,33.3,32.6,30.5,38,33.81234736556617,0,1,2,2,4,1,22,1,6,1,3.2,2.5,1.8,1.0,2,1,6,3,2,0,1.3,0,1
1,1,1,0,1,6.0,1,14,24.6,68.0,1.0,40.9,3.8,40.8,71,40.49848488566294,0,3,2,2,4,2,12,0,6,1,2.7,1.0,1.8,1.0,2,1,6,3,2,3,1.4,0,1
3,1,1,0,0,5.0,0,14,62.2,45.0,98.0,11.0,2.0,52.7,43,24.856652553557993,0,3,1,0,3,2,10,0,0,1,1.9,4.8,2.4,3.3,2,1,6,3,5,0,1.9,0,1
2,1,0,0,0,6.9,3,5,20.0,67.7,13.1,35.2,32.1,39.0,185,58.19077096153633,2,1,2,0,1,2,66,1,0,1,3.0,1.0,1.9,5.0,2,5,2,3,2,1,1.0,0,1
3,1,1,0,0,7.5,0,8,32.0,47.3,44.7,47.5,2.0,62.7,0,44.859460999524686,0,0,2,1,1,2,66,0,0,0,3.2,2.2,2.3,1.1,2,5,6,3,4,3,2.3,0,1
2,1,1,0,0,6.1,0,14,46.9,87.4,81.2,31.0,17.6,52.2,39,35.701259770244334,2,5,2,1,1,1,13,0,0,1,2.9,1.0,1.0,4.4,2,4,5,3,2,1,1.1,0,1
3,0,0,0,0,7.4,0,11,29.9,48.0,53.5,49.3,22.0,75.0,19,45.99365820153231,0,3,2,1,4,2,54,1,0,1,3.1,1.3,4.3,2.8,2,5,6,3,5,3,1.8,1,1
1,0,1,0,0,11.0,4,4,20.0,58.9,15.9,14.3,50.9,30.1,60,42.550018025759655,2,5,2,2,1,1,38,0,0,1,1.7,2.6,2.8,5.0,2,6,2,3,4,2,3.9,0,1
3,0,1,0,1,5.9,3,11,27.1,43.8,0.0,11.0,48.0,24.3,56,66.62087708144985,0,5,2,2,1,1,0,1,5,1,3.0,1.0,1.9,1.0,2,5,1,4,5,0,1.8,0,1
3,1,1,0,0,7.4,2,19,20.6,31.7,0.0,29.6,38.4,12.5,75,43.751116782876394,0,5,1,2,1,4,66,0,6,0,1.9,1.0,2.2,5.0,0,5,6,3,2,1,2.0,0,1
3,0,0,0,0,10.8,3,15,20.0,65.3,87.2,46.9,34.7,20.9,14,38.55175919642755,0,1,2,1,5,0,31,0,1,1,2.9,1.1,3.7,2.0,2,1,6,3,4,2,1.0,1,1
3,0,1,0,1,13.3,0,0,65.9,43.2,55.7,11.0,39.9,62.5,46,42.923852988765795,0,3,2,1,1,2,23,0,1,1,3.1,1.0,2.2,1.5,2,6,6,3,4,0,2.8,0,1
3,1,1,0,0,6.0,0,17,24.4,41.3,98.0,64.0,28.9,73.1,71,66.4360959342762,0,3,2,1,3,4,66,0,0,1,1.6,2.0,1.7,1.2,2,5,1,4,5,3,3.6,0,1
3,1,1,0,0,8.4,3,15,53.4,55.4,90.4,32.3,6.3,62.4,117,39.0078604211608,0,5,1,2,4,5,66,1,1,2,2.8,1.1,2.0,1.9,2,6,5,3,4,1,1.9,2,1
3,1,1,0,1,12.7,3,13,92.1,47.3,1.2,58.9,45.4,50.8,60,53.80465840040328,2,3,2,0,2,2,0,0,0,2,2.8,1.0,2.3,2.9,2,4,6,3,4,0,1.7,0,1
1,0,1,0,0,5.0,2,14,88.8,43.3,0.0,44.7,16.9,72.5,185,24.358208844769223,0,5,1,1,4,3,52,1,0,0,1.7,1.0,2.5,2.5,2,1,6,3,2,2,2.9,1,1
1,1,1,0,0,13.6,3,16,20.0,37.7,86.4,15.9,33.8,55.4,55,59.30593297456021,0,3,1,2,4,1,66,1,1,1,1.7,3.9,2.1,3.0,2,5,6,4,4,0,1.2,0,1
3,1,1,0,0,5.0,0,10,68.7,90.4,9.5,28.3,42.9,12.5,185,33.17505915023513,2,5,2,1,4,1,13,0,6,0,2.8,1.0,3.6,4.8,2,1,6,4,2,3,1.0,0,1
1,1,1,0,0,7.9,0,15,59.8,45.0,43.2,46.2,59.5,65.2,55,40.67283543617789,0,3,2,2,1,2,52,0,0,1,2.0,1.0,2.2,1.0,2,5,6,4,2,1,2.3,0,1
3,1,1,0,0,13.2,3,8,74.5,45.2,0.0,11.0,33.1,28.1,49,36.08276855306295,0,5,2,1,1,2,35,0,1,0,1.8,1.7,3.1,2.3,2,1,2,3,4,2,1.0,0,1
0,1,0,0,1,7.7,2,4,22.9,84.8,5.1,33.6,21.4,50.9,56,40.199571994002426,0,5,1,2,1,1,35,0,5,0,1.8,1.7,4.7,3.2,2,5,2,3,4,3,2.5,1,1
3,0,1,0,1,5.0,3,15,20.0,45.5,0.0,49.2,32.1,52.4,7,63.79671683337209,0,3,1,2,1,1,31,0,6,0,2.4,3.0,1.7,5.0,2,5,2,3,2,2,1.8,0,1
3,0,0,0,0,5.8,1,7,20.0,36.9,0.0,11.0,16.4,56.8,185,41.20931825549873,0,3,2,2,4,1,16,1,0,0,3.4,2.2,1.7,1.0,2,6,6,3,3,1,1.5,0,1
0,1,1,0,0,13.4,0,16,20.0,46.9,45.1,25.9,67.9,45.5,125,37.73334520288939,2,3,2,1,1,4,4,1,0,2,2.9,3.4,2.0,3.1,2,5,6,3,4,0,1.7,0,1
3,1,1,0,0,12.9,1,12,65.8,44.8,0.0,39.5,52.1,75.0,55,26.32843312830012,0,5,2,1,4,2,1,1,6,1,1.8,1.0,2.2,3.1,2,1,2,4,1,2,1.0,0,1
2,0,0,0,0,8.7,0,14,93.4,43.2,0.0,37.0,10.4,13.0,61,22.4398403549928,0,5,1,0,5,2,46,1,0,2,2.8,5.2,2.2,3.1,2,6,5,3,5,3,2.1,0,1
2,0,0,0,0,5.4,2,0,91.5,75.7,49.9,15.9,53.3,52.1,57,55.73220289080489,0,5,2,1,1,2,9,0,5,1,1.8,1.6,1.2,1.4,2,1,1,3,5,2,2.3,0,1
3,1,1,0,0,10.3,3,12,27.7,80.7,70.2,48.0,25.3,14.8,78,59.871824245824094,2,5,2,2,1,4,66,1,6,1,2.9,3.4,3.4,1.4,2,5,1,3,5,2,1.0,0,1
2,1,0,0,0,10.2,3,13,71.8,47.0,91.0,11.0,46.7,40.3,0,49.85081523502475,0,3,1,2,4,2,66,1,1,1,2.3,1.7,1.7,5.0,2,5,2,3,3,3,1.7,0,1
2,1,1,0,0,10.4,2,12,20.0,90.2,15.3,61.5,14.8,11.4,20,30.430292689619268,0,5,2,2,4,4,32,1,1,1,1.8,1.9,2.2,5.0,0,6,1,4,2,0,5.0,1,1
0,1,1,0,0,15.0,0,15,20.0,98.0,48.8,12.9,38.8,38.3,34,55.113747127991836,0,3,1,2,1,1,0,1,0,1,2.8,4.7,2.0,2.0,0,5,1,3,3,3,1.0,0,1
3,1,0,0,0,9.7,3,12,21.2,46.5,18.9,13.8,33.5,44.7,63,46.17929137497,0,3,1,2,1,2,24,0,0,1,2.7,1.7,2.0,1.0,2,6,6,3,3,2,1.0,0,1
1,0,0,0,1,8.9,3,3,37.0,70.0,0.0,33.0,25.7,72.9,34,59.36583348176817,0,5,1,2,1,1,28,0,6,2,2.3,1.0,2.3,2.8,2,5,5,3,2,2,2.3,0,1
3,1,1,0,0,5.1,1,14,31.5,72.5,82.9,36.4,13.0,53.9,185,45.23211993812805,0,0,2,2,1,0,41,1,6,0,3.1,2.0,4.2,1.0,2,6,2,3,2,3,1.2,0,1
3,0,1,0,1,9.0,2,13,20.0,37.6,67.2,11.0,40.4,75.0,23,57.81762250949523,0,5,2,1,1,2,55,0,0,0,2.9,4.4,2.0,1.0,2,1,6,3,4,0,1.8,0,1
2,1,1,0,1,9.2,0,12,20.0,46.6,6.2,48.1,43.0,49.3,29,23.999033780869375,0,5,0,1,4,2,21,1,1,1,1.6,1.3,1.0,5.0,2,6,6,4,4,2,2.4,0,1
3,1,1,0,0,13.9,0,14,72.2,36.2,12.5,63.3,2.0,49.9,14,44.78612501487691,0,5,1,2,1,2,60,1,0,2,2.6,4.0,2.1,2.4,2,5,5,4,3,1,2.1,0,1
3,1,1,0,1,6.8,1,12,43.0,49.8,33.7,17.7,45.2,11.0,44,57.51414525052239,0,3,1,2,4,2,66,1,0,1,1.8,2.6,2.4,1.0,2,5,6,3,2,2,1.8,0,1
0,1,0,0,0,6.0,3,12,26.3,76.1,64.0,44.6,59.5,71.9,54,44.42231948164846,0,3,1,2,1,4,66,0,1,1,3.2,1.0,2.5,2.1,2,1,1,4,2,3,3.8,0,1
3,1,0,0,0,10.1,3,15,74.9,41.5,60.8,30.4,18.8,22.9,41,35.59465483378295,0,3,1,1,5,2,53,0,6,2,2.2,2.9,1.9,4.2,2,1,6,3,2,3,1.0,0,1
3,0,1,0,0,6.9,2,11,20.0,50.2,53.8,31.0,2.0,51.5,47,63.25928186549933,0,3,2,2,1,5,11,1,0,1,1.9,5.1,1.6,1.0,2,5,6,3,5,3,3.7,0,1
0,1,0,0,1,5.0,0,12,20.0,37.8,76.4,36.6,43.4,11.0,14,29.073126610683317,0,5,2,1,1,2,13,1,1,2,3.3,3.6,1.0,1.0,2,1,6,3,2,3,1.7,0,1
3,1,0,0,1,14.5,2,14,30.2,47.3,83.7,11.3,67.9,43.1,67,51.67575695670243,0,3,2,2,1,4,66,1,0,0,2.9,1.0,2.0,4.3,2,5,6,4,4,2,5.0,0,1
1,1,1,0,1,9.3,2,14,20.0,44.3,70.7,48.3,48.1,13.7,28,55.59346783867482,2,3,2,1,1,3,66,0,1,1,2.9,2.4,2.1,1.7,2,5,6,3,3,3,1.9,0,1
0,0,1,0,0,5.0,0,13,55.2,78.9,1.3,14.0,6.7,11.0,40,46.65107497427649,0,1,2,1,4,1,10,1,0,1,1.8,2.4,3.5,1.9,2,6,2,3,2,2,1.5,0,1
1,0,0,0,1,8.5,3,13,31.5,46.3,78.0,31.1,52.8,40.1,20,37.57670564888569,0,1,0,1,1,2,66,1,6,0,2.7,1.4,3.4,1.0,2,1,6,3,4,1,4.2,0,1
1,1,1,0,0,10.3,0,18,21.3,33.6,67.4,60.1,28.6,65.3,53,44.4686256515396,0,0,2,2,4,2,47,1,1,2,1.7,3.9,1.3,2.7,2,5,6,3,5,3,1.0,1,1
3,1,1,0,1,8.0,3,15,83.2,44.4,0.0,56.1,32.0,30.9,11,52.64477512854018,0,3,2,1,1,4,28,1,0,1,1.8,1.7,2.3,1.7,2,6,6,3,2,2,1.8,0,1
2,0,1,0,0,7.1,2,13,65.0,39.9,0.0,63.7,36.5,32.3,14,46.10612911024562,0,3,2,2,4,1,31,1,6,2,3.0,1.0,5.0,1.0,2,1,6,4,3,3,2.4,0,1
2,0,1,0,1,12.2,0,13,20.0,45.5,74.5,47.2,39.6,55.1,59,64.73806777881202,0,3,2,1,4,2,26,0,1,0,2.8,3.3,5.0,3.4,2,4,6,3,3,3,2.2,0,1
3,1,1,0,1,13.2,3,12,56.4,40.1,18.4,35.7,32.4,41.0,45,22.510684767588586,0,5,1,2,1,2,13,1,0,2,3.0,5.2,2.3,4.6,2,5,6,4,2,0,2.6,0,1
3,1,1,0,0,8.7,2,13,59.9,39.1,60.1,72.4,35.8,16.1,39,61.918023194529745,0,0,1,2,1,1,36,1,6,1,2.7,5.2,2.0,3.6,2,6,2,4,2,3,1.0,0,1
3,1,0,0,1,5.3,2,16,85.4,72.1,0.0,30.3,51.4,62.5,44,65.24038710592558,0,5,2,1,1,2,59,1,0,0,2.3,4.3,2.4,2.1,2,5,2,3,2,3,1.6,1,1
2,0,0,0,0,14.0,0,15,21.8,98.0,10.0,59.4,71.9,28.3,15,33.694820234055186,0,3,1,0,5,1,61,0,0,1,3.2,1.0,2.2,5.0,2,5,6,4,3,3,1.4,0,1
3,1,1,0,0,5.0,1,13,26.3,46.2,54.3,33.4,8.8,68.9,68,54.62510615146261,0,1,1,1,2,4,28,1,0,1,2.6,5.2,1.9,1.5,2,1,6,3,5,3,2.4,0,1
3,1,1,0,0,10.3,4,0,22.6,39.4,69.9,59.5,13.9,61.4,185,28.959207986122802,0,0,2,1,1,4,66,1,6,0,2.3,5.2,2.2,2.2,2,1,2,3,2,1,2.1,0,1
3,0,0,0,0,7.9,3,16,22.1,49.2,7.4,29.5,26.7,75.0,185,42.94310359567186,0,3,2,1,5,2,46,0,0,0,2.2,5.2,2.0,1.0,0,6,6,3,3,3,1.9,0,1
3,1,0,0,0,6.9,3,0,20.0,49.4,91.1,21.9,77.0,39.8,55,72.75,0,3,1,0,3,2,6,1,1,0,2.8,1.0,1.6,5.0,2,1,6,3,5,3,3.3,0,1
1,0,0,0,0,7.2,4,13,86.2,47.8,71.6,16.9,20.6,44.9,35,44.43715249076889,0,5,1,2,5,1,17,0,0,1,3.1,2.7,2.4,1.0,2,6,6,3,5,3,2.5,0,1
3,0,1,0,0,5.3,3,12,22.7,86.4,0.0,28.1,44.0,56.8,69,72.75,0,3,2,2,1,4,66,0,6,0,3.1,2.6,1.7,2.5,2,6,5,3,5,3,1.0,0,1
3,0,0,0,0,10.3,1,8,65.1,39.4,38.1,32.1,44.1,70.1,63,25.283370558267453,0,3,1,1,4,1,5,0,0,0,3.2,3.7,2.9,2.9,2,1,2,3,2,1,4.6,1,1
3,0,1,0,0,6.6,2,13,94.0,37.0,41.0,40.1,47.7,51.0,55,53.2590969899164,2,0,1,2,4,2,66,1,0,1,3.0,2.9,2.2,1.0,2,1,6,2,1,3,1.7,0,1
3,1,0,0,0,7.8,2,13,45.4,10.0,50.3,29.2,48.3,26.4,3,20.5,0,3,1,2,1,5,4,0,6,0,1.8,2.3,2.7,1.0,2,5,5,3,3,2,4.3,0,1
3,1,1,0,0,8.4,3,15,29.2,47.6,71.5,37.4,40.5,46.2,21,47.383270392551815,0,5,1,1,1,2,44,0,6,0,2.0,1.0,2.4,5.0,2,1,5,4,5,2,4.5,0,1
3,0,1,0,0,13.5,3,14,87.5,63.1,51.7,72.8,27.3,62.4,12,52.10069530177632,0,5,2,1,4,5,11,1,0,2,3.2,1.0,1.6,1.1,2,5,5,3,2,0,1.0,0,1
2,1,0,0,0,10.1,3,11,89.1,98.0,58.6,35.0,2.0,75.0,27,20.5,0,1,1,2,3,2,66,1,0,1,2.6,1.0,2.2,5.0,2,6,6,3,2,2,5.0,0,1
2,1,1,0,0,9.9,1,12,20.0,42.0,58.8,29.0,39.6,61.0,185,55.16466869342068,0,3,2,1,4,0,39,1,6,1,2.6,1.7,1.0,2.6,2,5,5,3,4,1,1.0,1,1
3,0,0,0,1,13.1,2,0,28.4,48.1,0.0,54.3,2.0,19.2,32,57.737985552140515,0,5,1,0,1,2,66,1,0,1,3.2,4.0,2.8,1.2,2,5,2,3,5,3,1.5,0,1
1,1,0,0,0,9.6,0,15,24.9,45.6,56.0,38.9,30.8,67.5,62,66.00356743817193,0,3,2,2,4,2,66,0,1,0,2.1,5.2,2.0,4.2,2,5,6,4,4,1,1.0,0,1
3,0,0,0,0,5.7,3,15,70.1,42.9,10.4,49.3,41.6,33.7,42,41.0381311401679,0,1,2,1,4,2,66,0,0,0,3.0,3.0,2.1,3.2,2,6,2,3,2,3,4.0,0,1
0,1,1,0,1,6.7,2,16,87.7,76.4,40.3,21.2,39.0,28.8,60,52.89803226619075,0,3,1,1,4,0,23,0,6,1,1.9,5.2,3.2,1.0,2,6,2,4,2,3,1.9,1,1
1,1,0,0,0,12.0,3,12,83.4,38.4,51.1,74.6,15.5,70.5,4,63.05304129564142,0,0,2,1,3,0,66,1,1,1,2.6,1.1,1.8,1.0,2,6,1,3,2,3,5.0,0,1
3,1,1,0,1,10.2,2,3,65.8,33.0,3.6,33.8,57.9,57.9,62,46.506326782065024,0,0,2,2,4,3,43,1,0,0,2.6,1.0,2.3,4.6,2,1,6,3,5,0,2.0,0,1
3,1,1,0,1,5.7,3,14,22.3,90.5,63.3,34.6,2.0,11.0,73,43.98308573616373,2,5,1,1,1,2,27,0,1,0,3.3,1.1,3.2,1.0,0,1,2,3,5,1,1.0,0,1
3,1,1,0,1,5.0,2,14,27.8,44.3,78.3,24.9,21.9,47.5,64,29.010447827728793,2,1,2,2,2,2,0,0,0,0,2.1,2.6,2.8,4.0,2,6,1,3,2,3,2.0,0,1
2,1,1,0,0,11.9,1,15,65.5,79.4,60.2,67.1,25.8,54.3,38,37.63575954620512,0,3,2,1,5,2,32,1,6,1,3.2,4.6,2.0,1.0,2,1,1,3,4,3,1.6,0,1
1,1,1,0,0,7.1,4,15,20.0,90.3,14.8,74.2,14.6,22.5,48,48.372869505763326,0,0,2,1,5,0,48,0,0,1,1.6,1.0,2.4,1.2,2,1,6,3,4,3,5.0,0,1
2,0,1,0,1,6.1,3,12,29.2,17.7,0.0,39.2,40.6,72.9,52,42.264887311309366,0,3,2,1,1,2,25,1,0,0,2.4,1.0,2.4,5.0,2,5,6,4,5,1,4.3,1,1
3,1,1,0,0,12.7,2,13,21.0,64.4,89.8,26.9,75.5,29.4,41,30.0621946486039,0,1,0,0,4,2,66,0,0,0,2.8,1.0,1.8,3.2,2,4,6,3,3,0,1.0,0,1
1,0,1,0,1,13.2,3,15,86.1,83.8,53.5,43.0,22.3,70.7,46,51.79835408441271,2,3,1,2,1,4,23,1,0,0,2.8,5.2,1.8,1.0,2,5,2,4,1,2,1.0,1,1
0,1,1,0,0,10.3,3,17,20.0,28.9,1.4,50.2,6.2,75.0,26,62.234839702916446,0,0,1,2,1,2,28,1,0,1,2.9,2.6,1.9,1.8,2,1,3,3,4,3,1.7,0,1
3,0,1,0,0,7.5,3,12,88.1,40.1,51.0,24.5,45.9,57.5,44,41.667835731847866,0,3,2,2,4,4,66,1,0,1,3.0,1.0,1.7,3.3,2,5,6,3,4,1,2.1,0,1
3,1,1,0,1,14.1,1,14,20.0,39.3,98.0,32.3,61.3,60.5,78,41.57816728072698,0,0,1,2,1,2,17,1,0,1,1.7,1.0,2.5,5.0,2,1,2,2,2,0,2.2,0,1
3,1,0,0,0,5.0,0,13,25.9,70.1,11.4,33.3,29.6,24.2,59,41.212064131768194,0,1,2,1,4,5,12,1,6,1,3.1,1.5,2.1,1.0,2,5,5,3,4,0,1.7,0,1
3,1,1,0,0,5.0,3,11,27.7,37.1,67.4,43.3,27.1,20.7,42,68.5360389893892,2,5,1,1,4,2,38,0,1,2,2.7,1.7,1.6,1.0,2,5,1,3,4,0,4.9,0,1
2,1,1,0,0,8.6,0,0,20.0,83.4,76.5,35.4,71.6,11.0,0,44.956774299809375,0,5,2,2,4,4,62,0,0,1,1.6,3.6,4.2,2.1,2,6,2,3,4,0,1.9,0,1
3,1,1,0,1,14.3,2,14,27.2,43.5,96.9,53.8,31.3,38.9,18,45.78306713511286,0,3,2,1,1,2,25,0,1,1,1.8,2.7,2.4,2.2,2,1,6,3,4,0,1.3,0,1
3,1,1,0,0,9.5,0,14,57.2,30.7,0.0,35.0,2.0,11.0,0,34.6607465402832,0,5,2,1,1,2,16,1,0,0,2.7,1.0,2.3,2.9,2,5,6,3,4,1,1.5,2,1
2,1,1,0,1,9.0,1,4,80.6,84.0,18.6,28.8,59.2,52.8,26,23.809882134232765,0,3,2,2,4,2,9,1,1,1,1.9,1.0,2.0,3.2,0,1,6,4,2,1,2.5,0,1
1,0,1,0,1,10.4,3,7,64.1,42.3,0.0,21.1,58.0,21.1,69,39.85947757664198,0,1,2,2,4,4,66,0,1,1,3.1,3.2,1.8,1.0,2,5,5,3,3,2,1.3,2,1
3,0,1,0,0,5.0,1,16,60.0,29.8,67.1,18.6,26.8,11.0,17,42.600935414631124,2,5,2,2,3,2,16,0,0,1,3.1,2.1,2.2,1.0,2,1,6,3,4,0,2.4,1,1
3,1,1,0,0,6.4,3,16,29.6,32.4,42.0,40.5,12.8,44.4,16,53.73586324453563,0,0,2,2,4,2,56,1,0,0,2.1,4.2,4.3,4.3,2,1,2,3,5,3,1.5,0,1
3,0,1,0,0,12.8,0,16,23.7,52.9,94.5,16.6,77.0,67.9,65,24.75455283310084,0,3,1,1,3,2,20,1,0,2,3.3,1.0,2.3,1.6,2,7,6,3,2,0,4.5,0,1
3,0,1,0,1,5.2,1,10,25.3,46.7,79.4,15.2,29.1,19.9,63,20.5,0,5,1,2,4,0,50,1,6,1,2.9,2.0,2.3,3.3,2,5,2,2,4,3,1.7,0,1
1,0,1,0,1,5.0,3,19,20.0,40.8,58.6,71.5,56.8,60.3,65,45.65334512538523,0,5,2,1,0,3,0,0,6,1,1.9,3.3,1.0,4.6,2,6,6,3,5,1,3.4,0,1
2,0,1,0,0,7.2,2,16,24.6,79.4,63.3,36.8,47.9,32.3,185,54.224796076679,2,5,2,1,5,1,36,0,0,0,3.2,1.6,5.0,4.7,2,1,3,3,4,3,2.1,0,1
3,1,0,0,1,7.7,2,12,20.0,34.2,86.2,12.0,32.1,71.6,37,36.80766570089803,0,5,2,2,1,0,49,0,1,0,2.4,2.1,1.7,3.9,2,5,5,3,5,2,2.5,0,1
0,0,1,0,1,5.4,0,2,64.8,33.9,54.2,35.5,30.7,47.1,39,54.76579122582919,0,3,2,2,1,0,17,0,6,1,1.7,1.1,3.8,1.0,2,1,6,4,5,3,2.3,0,1
1,1,1,0,1,5.0,3,11,20.0,37.4,83.2,25.2,38.9,21.8,75,72.75,2,3,1,1,3,2,0,0,0,1,3.2,2.1,3.6,5.0,2,1,6,3,5,2,1.0,0,1
3,0,0,0,1,6.9,2,12,22.0,36.8,60.3,24.2,76.1,56.2,31,38.30006996385178,2,5,2,2,1,2,25,1,0,0,3.3,2.5,2.9,3.4,2,5,6,4,5,0,1.6,0,1
2,1,1,0,0,13.3,3,13,22.5,44.8,0.0,59.9,22.1,75.0,26,33.96061916185017,0,1,2,1,1,2,66,1,0,0,3.7,2.4,1.8,1.1,2,5,5,4,5,0,1.0,0,1
2,1,0,0,0,6.5,0,15,24.3,42.0,96.5,31.0,20.0,37.8,0,66.51737200762574,2,3,2,1,3,3,0,0,6,0,1.8,2.7,4.7,4.6,2,1,6,3,5,3,1.9,2,1
2,1,0,0,0,5.3,2,13,34.1,81.3,0.0,11.0,44.5,16.4,57,48.30897136349317,2,0,2,1,0,0,28,1,0,1,2.6,3.5,1.9,1.0,2,1,6,4,5,0,4.1,0,1
3,0,0,0,1,10.1,0,15,25.8,37.7,87.7,37.3,65.3,14.2,185,55.06288195242056,0,3,1,1,4,2,66,1,6,0,1.8,1.7,2.2,1.0,2,5,5,3,5,3,4.9,0,1
3,1,1,0,1,7.8,0,17,27.4,44.9,71.3,11.0,40.7,52.4,45,32.13577901443344,0,5,1,2,4,4,30,1,1,1,2.6,1.0,1.6,5.0,2,6,2,3,2,0,1.8,2,1
3,1,1,0,1,11.8,2,19,20.0,34.6,6.9,40.8,29.3,50.3,185,56.446074102738635,2,1,1,1,1,2,13,0,1,0,2.8,1.0,2.2,1.0,2,5,6,3,2,2,1.4,1,1
3,1,1,0,0,10.0,3,0,20.0,48.0,9.9,21.2,12.9,75.0,35,45.522978823433704,0,5,2,1,1,2,35,0,0,2,3.1,1.8,1.0,2.9,2,1,6,3,5,0,1.4,0,1
3,0,1,0,1,10.5,0,12,51.0,73.7,89.8,17.1,51.1,36.0,5,41.85797908812616,0,1,2,1,1,2,66,1,0,0,2.2,1.9,2.3,1.4,2,5,6,3,4,1,2.8,1,1
2,1,1,0,0,12.7,2,7,26.5,41.5,76.6,32.9,39.6,22.5,158,33.76213834344341,0,3,2,1,4,0,66,0,6,2,3.3,1.0,3.9,1.8,2,5,6,4,4,1,1.5,0,1
3,1,1,0,0,5.0,0,12,21.7,37.6,0.0,25.5,16.2,11.0,55,32.489797710081945,0,5,2,2,2,2,15,1,1,0,2.6,3.0,1.6,1.0,2,7,1,3,2,1,4.0,0,1
0,0,1,0,0,5.9,2,14,25.1,34.2,43.9,63.3,3.0,11.0,48,72.75,2,1,2,1,5,1,66,1,0,1,1.9,4.6,2.3,2.6,2,1,1,4,5,2,1.5,0,1
3,1,1,0,1,10.2,2,15,91.1,40.4,62.1,58.5,20.7,18.4,4,60.36284426472237,0,3,2,1,4,0,26,1,6,0,3.2,3.2,1.6,5.0,2,5,6,4,2,2,1.8,0,1
2,1,1,0,0,10.1,0,3,62.9,44.1,0.0,53.2,29.1,66.6,52,41.447383960538275,0,3,2,1,1,2,49,1,1,0,2.7,4.2,4.2,1.0,2,1,6,2,3,2,1.0,0,1
3,1,1,0,0,5.9,1,14,61.3,69.8,34.2,34.9,45.9,11.0,61,48.5527744367134,2,3,0,2,3,2,24,1,6,1,2.9,1.5,3.5,1.0,2,6,2,3,1,3,1.9,0,1
3,1,1,0,0,5.0,3,15,20.5,45.4,38.0,19.2,2.0,67.0,72,27.48895598805823,0,3,2,2,4,1,0,0,0,0,2.7,3.0,1.0,3.5,2,5,6,3,4,0,4.2,0,1
1,0,1,0,1,8.2,3,12,53.4,50.7,71.5,31.6,70.2,53.5,77,39.22264808926553,0,1,2,1,4,2,29,1,6,1,2.0,1.0,2.9,2.0,2,1,6,4,3,3,1.0,0,1
0,1,1,0,0,10.3,2,8,91.1,43.2,57.6,48.8,43.1,30.8,50,60.62946617962772,0,5,2,1,1,2,66,1,0,1,1.8,1.9,2.6,5.0,2,6,2,4,5,0,2.6,0,1
3,0,0,0,1,8.2,2,13,24.3,38.5,33.3,59.1,27.3,34.7,69,40.64920000522276,0,5,2,1,4,1,66,1,6,2,3.1,3.8,3.2,3.0,2,6,5,3,2,1,1.3,1,1
0,0,1,0,0,6.4,3,16,32.9,42.0,10.5,62.5,54.9,67.1,57,35.433421129036454,0,5,2,1,3,2,61,1,6,1,2.8,1.0,1.6,1.0,2,1,2,3,5,3,1.7,0,1
0,1,1,0,0,5.6,2,13,28.1,43.6,76.6,33.3,25.1,52.9,70,39.51207033255291,0,5,1,1,0,1,42,0,0,2,2.9,2.8,3.6,4.9,2,5,6,4,5,2,1.0,0,1
3,1,1,0,1,13.2,0,2,20.0,61.4,87.5,49.4,7.2,53.1,0,50.52989333332381,0,3,2,1,3,5,49,1,0,0,2.7,1.8,2.0,2.4,0,4,6,3,5,3,1.6,0,1
0,1,0,0,0,5.7,3,16,71.7,56.4,76.1,31.1,9.4,64.9,23,72.75,0,3,2,1,5,5,27,1,6,2,1.9,1.9,4.7,4.5,2,5,1,4,5,2,4.1,0,1
3,1,1,0,1,13.9,0,6,35.0,83.6,46.1,27.5,2.0,35.5,62,20.5,0,5,1,1,4,4,42,1,0,1,2.8,3.7,2.1,1.6,2,6,6,3,2,2,2.3,0,1
0,0,1,0,0,9.0,2,12,20.0,86.9,66.8,11.0,65.8,23.0,71,46.33839121377839,0,5,2,2,3,2,0,1,6,0,1.9,2.8,1.2,2.8,2,5,2,3,2,3,2.2,0,1
2,0,1,0,0,8.8,2,16,20.0,71.7,58.8,47.2,26.2,26.2,4,36.53618171764464,0,5,2,0,5,4,19,1,0,1,3.0,5.0,1.5,5.0,2,5,6,3,3,3,5.0,0,1
3,1,1,0,1,8.0,0,13,28.6,89.7,56.6,11.0,32.9,35.4,185,36.72380143300691,0,5,2,1,4,2,53,1,1,1,2.8,2.5,1.7,2.1,0,4,2,4,3,3,1.0,0,1
3,1,0,0,0,9.8,0,3,20.0,39.2,0.0,21.7,23.5,41.7,26,59.34849512461801,2,5,2,1,4,1,32,1,0,2,4.1,4.9,2.5,1.0,2,1,3,3,2,0,1.3,1,1
3,0,0,0,0,5.4,0,12,20.0,40.5,65.2,31.1,7.4,69.7,73,45.86999972079596,0,3,2,1,1,4,21,1,1,1,2.6,3.3,1.1,4.9,2,6,5,4,4,3,1.9,0,1
1,1,1,0,0,12.0,0,13,30.9,39.3,98.0,26.1,31.9,72.3,40,72.75,2,3,2,1,4,2,27,0,0,2,2.7,1.2,2.2,1.2,2,1,6,3,4,2,4.4,0,1
1,0,1,0,0,6.2,0,13,20.0,86.0,0.0,42.9,31.6,47.0,12,43.659161830000556,0,5,2,1,1,4,6,0,0,2,2.9,1.0,3.8,1.9,0,6,1,3,5,2,3.1,0,1
3,0,1,0,1,7.4,3,19,30.2,39.6,80.5,41.7,22.9,56.4,31,20.5,0,3,1,1,4,4,2,1,0,2,1.8,1.0,1.7,1.1,2,5,6,3,2,1,1.4,0,1
1,0,1,0,1,7.2,0,15,20.0,38.3,70.7,55.7,37.5,75.0,74,43.24104702835258,0,3,2,1,4,1,0,0,0,1,3.0,1.0,1.9,3.1,2,1,6,4,2,1,2.2,0,1
3,1,0,0,1,5.0,3,13,20.0,47.6,64.9,50.3,14.5,75.0,63,43.83472524701264,0,5,1,2,1,2,28,0,1,2,1.7,1.0,2.0,1.0,2,4,5,3,5,3,1.6,0,1
3,1,0,0,0,5.7,4,19,56.8,73.2,0.0,22.9,2.0,21.4,0,59.60033146646553,0,0,1,1,1,2,2,0,0,1,3.2,1.2,2.0,1.7,2,5,5,3,4,0,2.3,0,1
3,1,1,0,0,5.0,3,16,20.0,47.4,82.4,22.9,31.4,75.0,185,38.93408115076663,2,5,2,2,1,2,24,0,0,1,2.9,1.8,1.0,4.8,2,5,6,3,4,0,1.5,0,1
3,1,1,0,0,5.6,2,17,49.0,34.1,85.5,40.3,18.8,47.0,20,49.89114007938252,0,3,2,2,1,5,66,1,1,1,3.0,2.0,3.0,3.4,2,5,6,3,5,3,1.0,0,1
1,0,1,0,0,5.0,3,15,21.5,60.9,98.0,31.1,9.6,36.6,32,35.430241723309,0,1,1,0,1,1,66,1,5,2,2.9,1.3,3.4,4.1,2,5,2,3,2,0,3.5,0,1
3,1,1,0,0,5.0,0,4,20.9,42.4,86.1,34.8,58.8,52.0,0,63.76143659519083,2,0,1,1,1,2,26,1,0,1,3.0,4.1,1.0,1.0,2,6,6,4,2,3,3.1,0,1
3,1,0,0,0,14.3,3,12,20.0,45.4,0.0,30.2,15.9,19.2,22,47.683882011225805,0,0,2,1,1,2,14,1,0,1,3.2,1.0,2.5,2.6,2,5,6,3,2,3,1.7,1,1
3,1,1,0,0,5.0,0,13,20.0,36.7,87.9,36.6,14.2,58.6,57,44.42783482883184,0,5,2,2,4,2,30,1,6,2,1.6,1.6,1.9,1.3,2,1,5,3,2,0,1.8,0,1
3,1,1,0,0,6.4,2,15,34.4,36.2,55.9,36.4,54.7,68.9,176,45.516999021950525,0,5,2,0,1,0,38,1,6,1,3.1,2.5,1.7,1.1,2,5,5,3,4,3,1.4,1,1
3,0,1,0,1,13.5,2,14,24.8,45.2,47.3,39.9,2.0,51.2,26,24.27783601336143,0,5,2,2,1,4,53,0,1,2,2.3,1.0,1.9,1.6,2,5,2,3,4,2,1.0,0,1
1,1,1,0,0,9.2,3,19,21.4,59.7,52.6,75.0,21.2,75.0,185,53.804612387230236,0,3,2,2,1,4,66,1,1,1,2.1,1.0,2.5,2.5,2,6,5,3,2,3,1.9,0,1
3,1,1,0,1,11.6,3,15,24.2,38.6,2.9,25.2,2.0,75.0,63,39.72070191977874,2,0,2,1,4,0,46,0,6,1,2.8,5.2,3.2,4.5,2,1,3,3,2,3,1.2,0,1
0,1,1,0,0,5.0,0,15,30.5,29.4,53.2,52.9,20.2,11.0,56,36.08302595495068,0,5,2,1,1,2,52,1,0,1,2.2,1.2,2.5,2.5,2,5,2,3,2,1,1.0,0,1
2,1,1,0,0,5.2,0,17,20.0,34.8,22.3,63.4,12.6,37.6,36,50.6444809530031,0,0,1,1,4,1,66,1,0,1,3.8,4.9,1.8,1.8,2,1,6,3,2,1,1.0,1,1
0,0,1,0,1,8.9,3,12,29.1,41.4,67.1,41.5,53.5,74.4,65,45.15971021734879,0,5,1,1,4,5,66,0,0,0,2.8,1.8,1.0,3.2,2,1,6,3,3,3,2.4,0,1
3,1,1,0,0,5.0,2,12,57.2,71.4,87.4,13.1,67.9,74.6,185,36.706200375457925,0,5,2,1,1,2,11,0,0,2,1.9,4.5,3.5,1.0,2,5,6,3,5,1,1.8,0,1
3,1,1,0,0,10.7,2,0,20.0,37.1,83.5,38.1,2.0,40.4,28,47.4634077354238,0,5,2,2,1,5,8,1,1,1,1.6,5.2,1.7,5.0,2,5,6,3,2,1,5.0,1,1
0,1,1,0,1,10.1,0,15,28.4,71.1,7.8,29.2,58.5,75.0,44,38.38782073593311,0,1,2,1,1,1,22,1,0,2,3.5,5.2,2.3,1.0,2,5,6,3,2,3,2.0,0,1
3,0,1,0,0,8.7,3,13,58.9,39.5,3.2,11.0,12.9,59.2,185,62.84510445790604,2,5,1,2,4,0,52,1,0,0,2.0,4.5,1.0,3.2,2,6,6,3,2,3,1.0,0,1
3,0,1,0,1,7.5,3,1,20.0,44.1,90.6,51.5,24.3,11.0,45,55.274434599265845,2,5,1,1,3,2,58,1,0,2,2.9,2.3,1.5,5.0,2,5,6,4,4,3,2.7,0,1
3,1,1,0,0,13.0,3,11,90.9,44.0,0.0,55.8,38.9,64.6,23,46.96136438046365,0,5,1,2,1,4,10,0,0,2,3.1,2.0,2.3,2.7,2,6,6,3,4,2,2.4,0,1
3,1,1,0,1,5.4,2,15,20.0,68.4,92.0,44.6,52.1,41.0,38,51.35303551579885,0,5,2,1,5,1,66,0,0,1,2.2,1.0,2.0,2.4,2,6,5,3,2,3,1.9,0,1
3,0,1,0,0,5.7,2,19,23.0,42.1,0.0,35.7,2.0,62.1,49,40.55767102559138,0,5,2,1,1,2,66,0,6,1,4.1,1.2,2.3,1.5,2,5,5,3,3,0,1.6,1,1
0,0,1,0,1,5.0,0,11,45.8,33.7,54.8,21.1,57.8,11.0,10,66.00899432440772,2,0,1,1,1,2,19,1,6,1,2.5,3.5,3.1,2.0,2,6,6,3,2,3,2.2,0,1
3,0,1,0,0,5.0,2,4,20.0,75.3,0.0,33.8,20.1,21.5,45,35.16167349208654,2,5,2,1,4,5,38,1,1,0,2.2,1.0,2.9,5.0,2,5,2,3,2,0,2.2,0,1
3,1,0,0,0,11.6,2,14,67.4,10.0,97.9,25.0,28.1,29.5,54,28.966178597204266,0,5,1,2,4,1,16,0,0,0,2.5,1.0,3.7,2.9,2,5,2,3,3,2,1.9,0,1
3,1,1,0,0,11.5,3,14,20.0,45.7,9.2,28.1,42.8,46.0,38,44.6724486967608,0,0,1,2,1,2,66,0,0,0,3.4,2.5,2.0,1.0,2,1,5,3,5,1,2.5,0,1
2,1,1,0,0,5.0,1,12,68.5,39.3,52.2,63.4,14.7,19.9,44,20.5,0,3,2,1,4,2,29,0,1,2,3.1,1.8,2.3,1.0,2,5,6,3,2,2,1.4,0,1
3,1,1,0,0,8.5,0,14,78.7,55.5,46.0,29.8,15.4,15.1,47,46.60918155307516,2,3,2,2,1,2,23,1,6,1,1.7,3.4,2.5,5.0,2,5,6,3,4,2,1.4,0,1
1,0,1,0,0,5.0,3,2,78.7,30.9,0.0,74.0,2.0,56.6,51,34.49649831892079,0,5,2,0,1,0,26,1,0,1,3.1,3.8,2.1,1.0,2,5,6,3,3,1,3.2,0,1
3,0,1,0,0,8.1,3,15,27.2,39.3,69.2,37.7,70.3,63.8,102,34.40025361430644,0,5,2,1,4,2,18,1,1,0,2.9,4.0,1.9,3.3,0,5,1,3,4,2,2.4,0,1
1,1,1,0,0,5.6,3,16,20.0,61.2,54.6,18.7,53.8,66.3,23,63.34913224529872,0,5,2,2,1,2,65,1,6,1,3.2,1.0,2.1,2.0,2,5,6,3,3,2,1.5,0,1
0,0,1,0,0,12.2,3,19,20.0,66.5,0.0,52.6,62.0,11.0,28,30.11921801514815,0,5,1,1,4,1,7,0,0,0,2.2,3.0,1.6,4.3,0,1,6,3,2,2,3.3,0,1
0,1,1,0,0,5.0,3,14,58.3,38.6,10.3,11.0,41.1,72.0,60,66.53347817018565,0,5,2,1,1,2,32,0,6,1,2.5,1.0,2.0,1.2,2,1,6,3,1,2,4.6,0,1
1,0,0,0,0,8.6,4,15,20.0,34.2,72.5,51.2,42.8,11.0,57,45.838140924109545,0,5,2,2,0,1,66,0,6,1,2.0,1.0,1.7,1.0,2,1,6,3,4,2,1.0,0,1
3,0,1,0,0,5.6,2,11,55.4,76.1,0.0,44.6,50.6,56.2,59,54.003873569177166,0,5,2,2,4,2,66,1,5,1,2.9,1.9,1.0,1.0,2,4,6,3,2,3,3.1,0,1
2,1,1,0,1,6.6,2,14,23.1,34.8,13.7,67.4,31.0,66.9,29,42.492846204552556,0,3,1,1,1,4,32,0,0,1,3.1,1.1,2.6,3.2,2,7,2,3,4,2,4.9,0,1
3,1,0,0,0,5.0,3,12,25.8,98.0,0.0,50.7,2.0,63.2,60,28.211748665771076,0,5,2,1,1,2,48,0,1,1,2.7,2.9,2.2,2.3,2,1,6,3,3,2,1.4,0,1
3,1,1,0,0,7.7,0,13,68.2,46.6,0.0,40.2,22.6,75.0,38,33.74969366166399,0,5,2,2,1,2,40,0,6,1,3.0,1.7,1.9,1.5,2,1,6,3,3,2,2.2,0,1
0,0,1,0,0,9.4,3,13,83.6,39.5,45.1,62.0,36.0,55.6,50,51.32140309178178,0,1,2,1,1,3,15,0,1,0,1.8,1.5,2.2,3.3,2,1,6,3,5,0,1.8,1,1
3,0,0,0,1,9.4,3,12,20.0,48.6,61.3,11.0,65.2,38.3,51,64.02559564496589,0,3,2,1,4,1,9,0,1,2,2.4,3.3,2.2,1.1,2,5,5,3,2,2,3.8,0,1
3,1,1,0,0,15.0,0,13,30.3,47.8,73.7,12.4,43.6,75.0,27,45.130412638244835,0,3,1,2,4,1,53,1,6,1,3.1,1.0,1.8,5.0,2,1,1,3,2,2,1.8,0,1
3,0,0,0,0,9.8,1,11,25.1,79.0,1.4,32.4,25.5,56.4,47,29.438428438451474,0,3,2,1,4,2,38,1,1,0,2.7,2.9,3.5,1.8,2,5,6,3,4,1,1.0,0,1
3,1,1,0,1,8.0,0,13,20.0,36.2,1.9,27.6,51.0,36.4,30,44.75446198080264,0,5,1,2,4,2,66,1,0,2,2.8,3.9,2.6,1.0,2,5,1,3,2,2,1.0,0,1
1,1,1,0,0,7.6,3,6,66.6,42.3,0.0,34.6,44.4,59.8,44,48.05666751551664,0,0,2,1,1,5,66,1,1,1,2.4,1.3,4.5,2.6,2,5,1,3,4,3,1.0,1,1
1,1,0,0,0,6.5,0,14,20.0,45.6,66.8,59.8,50.5,72.8,9,58.144139597432826,0,3,2,1,1,2,46,1,6,1,2.3,1.7,5.0,5.0,2,1,1,4,2,0,2.1,0,1
3,1,1,0,0,6.9,0,5,24.3,78.0,51.3,70.6,37.2,11.0,54,51.372586031820674,0,3,1,1,4,1,66,0,6,2,2.3,2.2,3.4,4.9,2,1,6,3,5,3,1.0,0,1
3,0,1,0,1,8.1,0,16,34.2,41.0,79.7,58.4,27.2,75.0,16,40.01075098980351,0,3,2,2,3,5,66,1,6,1,2.8,3.5,2.8,2.4,2,6,6,3,2,2,1.8,0,1
2,0,1,0,1,12.5,1,19,92.3,73.1,74.0,50.3,32.6,58.5,52,47.76274451051421,0,3,2,1,1,1,17,0,1,1,1.9,1.0,4.3,2.8,2,5,6,3,5,1,1.4,0,1
0,1,1,0,1,5.5,2,1,23.3,36.7,41.4,29.7,28.4,43.0,74,48.28595163294048,0,1,2,1,1,2,9,0,6,2,2.4,1.0,1.9,1.2,2,5,6,4,3,0,1.0,0,1
3,1,1,0,1,6.2,1,13,20.0,86.3,80.2,12.6,58.2,41.1,60,27.087098176952534,0,0,1,2,4,2,5,1,1,2,1.9,1.5,2.4,4.1,2,6,6,4,2,0,1.5,1,1
2,1,1,0,0,5.0,0,13,23.6,87.8,21.2,17.6,19.4,75.0,65,29.358250582579494,0,5,2,2,1,3,66,1,6,2,3.0,3.3,3.1,5.0,2,1,6,4,2,0,1.9,0,1
3,1,1,0,1,5.0,0,12,83.7,85.4,13.2,22.1,77.0,13.3,50,72.75,0,5,1,2,1,4,31,1,0,2,2.8,1.0,2.0,3.2,2,6,6,4,3,0,1.2,0,1
2,0,1,0,1,5.0,3,5,20.0,32.5,83.9,59.2,30.0,75.0,46,47.74823023888244,0,5,2,2,4,1,66,0,1,0,2.9,2.4,3.5,3.9,2,6,6,3,5,1,2.5,1,1
2,1,1,0,1,5.1,1,14,35.2,42.2,58.8,35.8,66.4,75.0,1,57.33048348444242,0,5,2,1,1,2,36,1,6,1,1.8,1.0,1.6,1.0,2,1,6,3,2,2,1.0,0,1
3,0,1,0,0,10.4,2,14,20.7,90.0,53.4,11.8,29.3,65.4,46,72.75,2,3,2,2,4,2,0,1,0,1,1.7,1.0,1.0,1.0,2,5,6,4,5,2,3.1,0,1
3,1,1,0,0,5.9,3,15,20.0,88.7,4.8,35.4,36.6,50.2,54,56.310207313093215,0,5,1,2,1,5,48,1,0,1,1.8,4.0,2.5,5.0,2,1,6,3,5,3,1.8,0,1
3,1,1,0,0,8.3,2,14,21.3,75.8,81.2,31.0,50.5,47.1,69,31.237664759259395,0,0,1,2,4,2,66,1,6,1,2.3,2.1,2.2,1.9,2,5,2,3,5,1,1.0,0,1
2,0,1,0,0,9.4,4,9,52.3,47.3,49.0,34.8,48.8,64.1,44,42.16788496175514,0,5,2,1,4,2,66,0,0,2,2.8,1.0,1.0,4.5,2,1,1,3,4,2,1.7,2,1
0,0,1,0,1,8.3,3,12,82.7,78.5,5.6,14.6,53.2,21.7,52,33.14502117085522,2,1,1,1,5,4,14,0,0,0,1.9,1.0,4.6,1.0,2,1,1,3,1,3,2.6,0,1
3,1,1,0,1,5.0,0,15,22.3,45.6,4.5,34.9,61.2,38.3,24,45.710046270201644,0,1,2,1,3,2,12,0,6,0,2.6,1.2,3.8,4.4,2,6,6,3,4,2,1.0,0,1
1,1,1,0,1,6.4,3,17,74.5,41.2,0.0,36.2,45.4,59.9,59,52.75185489590012,0,5,2,1,4,2,9,1,0,2,1.6,3.3,1.8,5.0,2,1,2,3,2,2,1.4,0,1
1,0,1,0,1,8.6,3,12,25.5,69.9,72.1,18.7,16.5,11.0,64,31.00804846740688,0,3,1,1,3,2,44,0,0,1,2.0,2.1,2.2,3.1,2,1,6,3,4,3,1.8,0,1
3,1,0,0,0,5.0,0,13,25.5,85.5,81.1,35.0,26.0,66.4,3,38.99440252749165,0,5,2,2,0,2,66,0,6,1,3.1,1.0,1.5,1.0,2,1,3,4,2,1,2.7,0,1
2,1,0,0,1,5.0,2,12,23.5,40.5,0.0,45.9,15.4,34.6,19,45.42139021803553,0,5,2,2,1,4,66,0,6,1,2.3,1.8,1.9,1.4,2,5,6,3,3,3,1.2,0,1
1,1,1,0,0,9.8,2,4,53.8,98.0,96.9,33.0,11.1,27.0,51,48.48723484849608,2,1,1,1,2,5,66,1,0,1,1.9,2.7,4.2,1.9,2,5,6,3,2,0,2.5,0,1
3,0,1,0,0,5.5,2,11,74.6,38.7,4.3,21.8,26.0,48.9,152,32.98686843311526,0,0,2,2,4,1,47,1,0,1,2.9,1.0,2.4,1.7,2,1,6,3,5,2,1.2,0,1
3,1,1,0,0,12.1,3,12,25.7,44.3,58.0,16.2,45.5,33.9,48,33.16747486757495,0,5,2,1,1,2,11,1,6,1,1.7,1.0,1.5,2.7,2,6,6,3,2,1,1.1,0,1
3,1,0,0,0,5.0,3,0,29.0,41.2,0.0,13.4,19.2,58.2,45,59.54408486962258,0,1,2,1,3,2,15,0,6,1,3.0,2.0,2.3,1.0,2,1,6,3,1,1,1.8,0,1
0,0,1,0,0,10.9,0,14,20.0,47.0,37.4,69.5,22.2,57.5,95,39.99256602276481,0,5,2,2,4,2,33,0,0,1,3.1,3.9,3.3,2.9,2,6,6,3,2,3,1.2,0,1
2,0,1,0,0,5.0,0,15,47.1,36.5,0.0,47.9,2.0,72.1,56,57.203530102417325,0,3,2,1,1,2,32,0,5,1,2.8,5.2,2.5,3.2,2,4,2,4,2,1,3.6,0,1
3,1,0,0,1,8.7,3,12,21.0,34.4,87.7,51.5,57.8,75.0,2,51.46166981436726,2,3,1,2,1,2,31,0,0,1,2.7,1.1,2.6,1.0,2,4,1,3,4,0,2.6,0,1
3,0,1,0,0,14.7,3,3,74.6,44.9,0.0,19.9,15.0,40.2,71,37.80086791603668,0,5,2,1,4,2,52,1,5,1,2.8,1.6,1.7,5.0,2,1,6,3,3,1,1.6,0,1
3,1,1,0,1,5.0,2,14,20.0,45.4,62.5,37.9,41.5,16.9,185,31.56599759589198,0,1,2,1,1,2,66,0,1,2,3.0,2.2,2.0,1.7,2,1,3,3,2,0,1.3,1,1
3,1,0,0,0,7.8,3,13,30.2,26.3,51.9,36.1,39.4,33.4,66,65.05485837834524,0,3,1,1,1,1,7,1,6,0,1.8,1.7,5.0,1.0,2,1,5,3,1,3,1.9,0,1
3,1,0,0,1,5.3,2,15,20.0,73.8,0.0,50.5,33.7,56.2,11,47.374127011061546,0,5,1,2,3,2,35,0,1,1,3.0,2.9,3.5,2.3,2,5,1,3,4,1,1.6,0,1
2,1,0,0,0,6.4,0,14,94.0,63.4,98.0,63.2,2.0,43.8,0,56.67657374172481,0,3,1,1,4,2,64,1,6,0,2.9,3.2,1.3,1.0,2,5,6,3,4,0,1.1,0,1
1,1,1,0,1,8.8,3,14,20.0,36.2,75.2,42.6,14.6,26.6,39,46.98158169226318,2,5,1,1,1,1,29,1,0,1,2.0,2.7,4.2,1.0,2,4,1,3,3,0,2.0,0,1
3,0,1,0,0,5.0,3,12,20.0,36.6,61.1,14.0,21.1,55.6,14,34.299747765229036,0,3,1,2,1,2,66,0,0,1,2.8,2.7,2.2,1.8,2,1,1,3,2,2,3.1,0,1
3,0,1,0,1,6.0,2,0,20.0,68.2,0.1,28.8,2.0,24.7,25,52.25602268848151,0,1,1,0,4,1,66,1,0,0,3.7,2.5,2.3,1.6,2,6,2,4,2,3,2.1,0,1
0,0,1,0,1,11.1,4,16,25.4,41.7,0.0,18.0,60.3,54.8,41,67.4340836334114,2,3,2,2,1,2,11,1,0,0,2.5,2.6,3.4,2.0,2,1,2,3,2,2,2.0,0,1
2,1,1,0,0,7.2,2,16,20.0,81.1,85.2,32.2,2.0,29.3,7,48.15634973741959,0,5,1,1,1,1,0,0,0,1,2.8,1.0,1.7,4.8,2,5,6,3,3,1,1.0,0,1
2,1,1,0,0,8.7,0,19,22.5,39.5,35.3,52.8,63.1,67.9,185,52.715901027528524,0,3,2,1,0,0,26,0,1,0,2.3,1.9,3.7,2.4,2,1,3,3,4,0,2.5,0,1
3,0,1,0,1,15.0,3,16,67.0,45.1,54.6,31.4,27.9,16.8,35,48.617101833499405,2,3,1,2,1,4,9,1,0,2,2.7,3.4,2.8,1.0,2,1,6,3,3,1,2.8,0,1
3,1,1,0,1,13.9,2,13,20.0,40.7,87.9,69.3,17.1,43.5,9,32.766518377304685,0,5,1,1,1,2,37,0,6,1,3.0,1.0,4.8,4.3,2,5,6,3,2,0,1.7,0,1
1,1,1,0,1,6.2,1,11,20.5,45.0,43.6,30.9,36.1,58.2,3,20.956316630725787,2,3,1,2,4,2,2,1,1,0,2.8,1.4,1.0,1.7,2,5,6,3,4,3,1.9,0,1
3,1,1,0,0,5.5,3,14,20.3,89.8,68.4,14.3,23.5,61.7,29,55.15841254865199,0,3,2,2,1,2,53,1,0,0,2.6,1.0,2.0,5.0,2,5,6,3,4,0,2.6,2,1
3,1,1,0,0,5.5,3,15,30.4,81.7,55.1,66.4,23.3,11.2,13,55.43923319596617,0,3,2,1,1,2,0,1,0,1,2.9,2.6,1.6,1.2,2,5,5,3,2,0,1.0,0,1
1,0,1,0,1,15.0,3,13,78.5,42.7,0.0,11.0,20.0,41.0,73,31.445245987677897,0,5,2,2,1,2,38,1,6,1,2.3,3.8,2.9,2.2,2,6,6,4,4,0,2.3,0,1
2,1,1,0,1,5.4,2,15,20.0,84.5,0.0,29.1,24.3,42.9,59,38.829844499062965,0,0,2,1,4,1,34,0,0,0,3.0,1.5,1.7,1.3,2,1,2,3,3,2,4.0,0,1
2,1,1,0,0,11.3,4,17,26.8,38.0,0.0,34.1,53.2,55.0,185,52.09208297403478,0,5,2,1,1,2,15,1,6,2,2.7,1.6,2.3,1.0,2,1,3,3,2,0,2.2,0,1
0,1,0,0,1,5.7,2,11,28.8,33.2,32.3,42.7,24.3,37.0,25,49.09168068455221,2,5,2,1,4,2,20,1,0,0,3.2,4.4,2.3,1.0,2,4,5,3,3,0,2.3,0,1
2,0,1,0,0,6.0,3,15,30.9,79.6,80.6,27.6,26.8,59.0,39,44.31077336403323,0,0,2,1,4,4,64,1,0,1,2.9,2.0,2.4,2.0,2,1,5,4,2,2,1.2,0,1
3,1,1,0,1,5.3,3,14,23.0,49.6,92.0,59.3,27.2,61.0,66,40.93115934199239,0,5,1,1,1,2,36,1,1,0,2.7,4.4,2.0,3.7,2,6,6,3,2,2,3.6,1,1
3,1,1,0,0,5.7,1,12,33.2,47.0,58.1,27.3,2.0,41.3,185,45.89062135835205,0,3,2,1,1,2,1,1,0,0,2.9,2.7,3.2,2.8,2,5,5,3,5,3,1.0,0,1
0,0,1,0,0,6.1,4,12,23.1,72.9,0.0,23.7,74.2,63.7,185,34.941518448068734,0,5,1,2,4,3,14,0,0,2,3.4,1.4,4.6,4.8,2,5,6,4,5,0,2.1,1,1
3,1,0,0,0,7.7,0,16,20.0,47.3,79.5,53.3,19.6,67.1,30,41.78242163215602,0,3,1,1,1,2,21,1,6,1,3.1,1.0,2.0,4.0,2,1,1,4,5,3,2.3,0,1
3,1,1,0,1,6.5,3,15,71.7,42.7,93.7,24.5,50.9,64.5,77,52.141776391025886,2,5,1,1,4,1,41,0,1,0,2.7,2.2,2.1,1.0,2,5,6,4,2,0,1.0,0,1
3,0,0,0,0,7.4,0,0,63.9,82.0,87.3,69.8,34.1,52.8,73,44.05865995668612,2,3,1,1,1,4,66,1,0,1,4.1,1.0,2.2,1.0,2,5,6,3,2,3,1.0,0,1
3,0,1,0,1,7.6,3,13,20.1,45.3,0.0,22.4,21.6,26.8,31,35.54698854111534,0,0,2,1,4,1,0,0,0,1,1.6,1.8,2.5,3.2,2,5,6,3,3,3,2.0,0,1
3,0,1,0,0,14.5,0,14,24.1,49.4,0.0,53.8,29.1,55.2,63,47.385450995792844,2,3,1,1,4,2,66,0,0,1,2.0,3.8,2.1,1.7,0,5,6,4,2,1,2.4,0,1
3,0,1,0,1,7.4,0,16,27.6,44.1,54.9,44.9,8.6,45.8,18,26.342750347009574,0,1,2,2,1,2,21,1,0,2,2.7,1.8,2.2,4.3,2,5,1,3,4,0,3.4,0,1
3,1,0,0,0,15.0,2,12,89.6,38.6,52.8,31.9,30.9,33.5,140,72.75,0,0,2,2,4,1,66,1,0,0,2.8,3.3,2.6,1.0,2,5,6,4,4,1,2.3,0,1
1,1,1,0,0,10.7,3,15,63.5,40.1,4.6,56.1,15.5,24.6,73,60.058389327543416,0,5,2,2,3,5,62,0,6,0,2.8,1.0,2.0,2.3,2,6,6,3,3,0,2.2,0,1
3,1,1,0,0,13.7,0,17,20.0,41.7,7.4,27.4,29.0,59.7,9,42.445476707475045,0,0,1,2,1,3,59,0,6,0,3.0,2.9,3.2,3.6,2,1,2,3,5,0,1.4,1,1
3,1,1,0,1,5.6,0,4,21.3,39.4,12.3,74.3,2.0,63.5,61,55.96418238253952,0,3,2,2,1,4,43,0,6,2,2.7,4.5,4.0,4.0,2,5,5,3,2,3,1.4,0,1
0,1,1,0,0,7.5,3,16,30.4,96.6,4.9,21.7,56.7,47.0,55,54.69013584963342,0,3,1,1,1,5,0,0,0,1,1.6,1.0,2.1,4.1,2,5,6,3,2,1,4.9,0,1
0,0,1,0,0,7.9,0,15,20.0,46.0,94.3,55.3,77.0,52.8,0,61.465624131860736,0,0,2,1,1,5,39,0,6,0,3.3,1.0,1.6,1.0,0,5,1,4,4,2,1.8,0,1
3,0,1,0,0,11.6,2,13,71.0,88.3,0.0,17.7,7.8,48.1,29,34.03873593426494,0,0,2,1,4,2,29,1,0,0,3.2,3.5,5.0,3.5,2,7,6,3,1,1,1.8,0,1
2,0,1,0,0,5.0,2,13,20.0,28.4,82.7,19.9,54.3,73.4,121,29.17078497108982,0,5,1,0,1,2,23,1,6,1,3.0,2.6,1.6,2.5,2,5,1,3,4,3,1.5,0,1
3,0,1,0,0,5.1,3,13,24.7,98.0,0.0,49.8,37.0,34.2,51,20.5,0,3,2,1,1,2,66,1,6,1,3.0,1.0,1.7,1.0,0,1,2,3,5,0,2.4,0,1
3,0,1,0,0,7.1,2,0,76.0,42.0,12.3,11.0,2.9,42.4,40,36.53804543892326,0,5,2,1,1,5,5,1,5,1,3.1,2.2,2.5,4.5,2,5,2,3,5,0,1.3,2,1
3,0,1,0,1,5.0,3,4,22.8,89.2,44.1,56.0,51.4,64.4,34,24.256823835047136,0,5,2,2,5,4,22,1,0,1,2.9,2.3,2.1,2.8,2,5,2,3,3,0,4.1,0,1
0,1,1,0,1,7.3,1,13,20.0,68.7,70.1,17.2,31.9,69.4,32,46.69803753354003,0,3,2,1,4,2,10,0,0,1,1.8,3.9,5.0,3.1,2,5,6,4,2,3,3.6,0,1
3,1,1,0,1,8.9,0,8,20.0,49.6,79.0,28.8,76.5,53.0,0,67.42836711829727,2,3,2,1,1,4,66,1,0,1,3.4,2.0,1.1,1.0,2,1,2,3,4,0,1.8,0,1
3,1,0,0,0,11.6,3,15,49.8,79.9,98.0,75.0,34.5,23.7,29,32.415947407373295,0,5,2,1,3,5,57,1,1,1,1.9,3.9,2.3,5.0,2,1,1,3,2,3,1.9,0,1
3,1,1,0,1,5.0,3,13,28.9,81.4,60.5,36.3,16.4,65.7,0,50.69418175421822,0,1,2,2,4,2,62,0,1,1,2.2,5.2,1.8,2.8,2,6,6,3,2,3,1.5,0,1
2,1,1,0,0,8.2,0,19,20.0,98.0,85.4,20.0,51.3,75.0,51,41.578298579549696,0,3,2,2,4,1,44,0,0,0,2.7,2.1,4.2,4.0,2,1,5,4,2,3,1.5,0,1
3,1,1,0,1,5.7,2,14,29.2,61.1,5.0,55.9,64.0,52.5,8,57.81378952323121,0,3,2,1,4,0,30,1,0,1,1.6,4.4,1.5,2.7,2,5,6,3,4,3,4.8,0,1
3,1,1,0,1,9.0,3,13,29.0,82.3,7.4,18.5,55.8,11.0,69,20.5,0,3,1,1,4,2,62,0,0,0,2.9,5.2,3.2,5.0,2,5,6,3,5,0,1.2,0,1
3,0,1,0,1,5.0,3,3,20.2,47.0,51.7,14.5,46.5,34.1,61,44.17463564397373,0,3,1,2,5,2,57,1,6,2,3.0,2.7,2.5,3.9,2,6,6,3,2,2,2.0,1,1
3,1,1,0,0,10.9,0,16,20.0,30.6,62.0,37.2,45.8,18.4,33,63.87513378853819,0,0,2,2,1,4,66,1,0,0,1.6,1.0,4.4,1.0,2,6,6,3,2,3,4.9,0,1
0,0,1,0,1,9.2,3,13,20.0,52.4,63.3,35.3,30.1,75.0,44,30.21498846040542,0,3,2,2,4,1,9,1,0,0,2.9,1.0,1.7,3.9,0,6,6,4,2,2,2.0,0,1
3,0,0,0,1,12.9,2,14,64.5,82.4,98.0,69.1,29.4,29.4,0,57.46991883764141,0,0,2,1,4,1,38,0,6,1,2.7,2.8,2.9,3.5,2,5,6,3,4,3,1.3,0,1
2,1,1,0,0,10.7,3,14,32.5,92.2,0.0,27.1,20.8,37.8,37,37.331309181176785,0,1,2,2,1,2,18,1,0,0,1.6,2.5,2.3,1.0,2,5,6,3,3,3,1.0,0,1
2,1,1,0,1,11.9,1,14,27.0,83.7,0.0,41.9,20.1,66.0,56,58.28008868578929,2,1,2,0,1,1,7,1,0,2,3.1,1.0,2.2,2.8,2,6,5,3,4,1,1.2,1,1
3,1,0,0,0,11.8,2,14,37.1,72.1,62.7,45.5,38.2,75.0,29,48.9503240500308,0,0,2,1,4,1,66,1,1,2,1.9,2.2,3.3,1.4,2,5,1,4,5,3,2.5,0,1
3,0,1,0,1,8.8,3,16,32.0,46.2,11.5,60.8,41.1,56.1,38,66.37155545622099,0,3,1,2,5,4,0,0,0,1,1.8,2.0,2.3,3.3,2,6,5,3,4,2,2.2,0,1
3,1,0,0,1,7.9,3,12,67.9,38.3,0.0,30.7,20.0,13.0,61,54.84576957042969,0,3,2,1,4,3,20,0,0,0,2.9,2.2,4.0,1.0,2,1,6,3,5,2,1.5,0,1
2,0,1,0,0,9.1,1,16,93.0,73.9,51.5,67.3,10.3,56.0,64,64.5985181218477,0,3,1,1,1,2,50,1,0,1,2.7,5.2,2.3,1.0,2,6,2,3,5,3,1.9,0,1
3,1,1,0,0,6.5,1,11,55.5,87.4,3.1,22.4,74.5,28.1,58,47.97713869323438,0,1,2,1,4,2,66,0,6,1,3.3,2.4,2.2,5.0,0,5,1,3,4,3,2.4,1,1
2,1,1,0,0,9.1,2,19,30.6,74.5,51.3,69.9,52.0,58.7,59,60.51638927471353,0,3,2,1,4,5,61,1,0,1,3.1,3.9,1.8,2.5,2,1,5,3,2,1,2.1,0,1
2,0,1,0,0,13.6,4,14,49.6,75.2,91.4,40.9,51.1,75.0,40,57.89516008769341,0,5,2,2,0,1,55,1,6,2,1.7,2.9,3.3,3.4,2,5,5,3,3,3,1.6,1,1
0,1,1,0,0,13.2,3,12,85.1,46.7,45.0,59.1,9.9,26.3,61,48.067795990958146,0,0,2,1,3,2,66,0,6,0,3.6,4.9,5.0,1.0,2,5,2,3,2,3,1.0,0,1
3,1,0,0,0,15.0,0,12,31.1,46.0,84.9,47.6,33.0,52.6,32,49.21651944691872,0,3,2,1,4,2,10,0,0,1,2.6,1.8,2.0,3.6,2,6,6,4,4,0,2.1,0,1
3,0,0,0,0,7.6,2,12,23.3,75.3,0.3,16.7,20.1,43.1,73,59.669578973576975,0,5,2,1,4,4,19,0,0,1,2.0,1.6,1.8,3.1,2,1,6,3,5,3,1.0,0,1
2,0,0,0,1,7.1,2,12,63.3,92.4,63.6,24.2,19.4,27.8,72,61.10583397986105,0,5,2,1,1,2,66,0,6,2,3.2,2.4,2.3,2.6,2,5,6,3,5,0,1.0,0,1
3,1,1,0,0,12.8,3,16,36.7,79.0,19.7,61.6,43.0,55.9,54,52.53643420963611,0,5,0,2,1,5,34,1,0,2,2.3,3.6,1.8,4.8,2,6,6,4,5,2,1.4,0,1
3,1,0,0,1,6.6,3,13,20.5,66.5,0.0,25.9,45.8,38.6,20,56.08453891325494,0,5,1,1,4,2,23,0,0,0,2.0,1.0,5.0,3.8,2,4,6,3,2,0,3.1,0,1
3,1,1,0,0,6.8,2,12,20.6,40.6,0.0,40.0,45.6,57.2,10,34.861220814950414,0,5,2,1,2,4,66,0,0,1,2.8,3.6,2.1,5.0,2,5,6,3,2,1,1.2,0,1
3,1,1,0,0,8.0,0,16,26.7,47.3,51.8,47.0,10.3,75.0,60,33.680376100466326,0,5,1,1,3,1,57,1,0,1,3.3,1.1,2.6,1.7,2,5,5,3,4,1,2.0,0,1
3,1,1,0,0,14.1,3,13,20.0,35.9,88.8,29.8,27.3,20.9,30,53.95446233750087,0,5,2,1,0,4,66,1,0,0,2.7,2.1,2.0,2.0,2,4,6,3,2,3,3.6,0,1
3,1,1,0,0,5.5,2,15,36.1,67.1,52.3,11.9,22.1,30.3,39,32.63548036989234,0,3,2,2,4,2,66,0,0,1,1.9,1.0,3.7,2.9,2,5,3,4,4,1,1.0,0,1
3,1,1,0,0,9.7,4,14,20.0,68.8,10.0,25.3,46.8,61.4,185,39.012844827354236,0,5,2,1,1,4,0,0,6,2,1.7,1.0,3.6,4.6,2,4,3,3,4,0,1.0,0,1
3,1,0,0,0,5.7,2,16,94.0,79.8,0.0,35.5,2.0,71.4,0,38.58913436369074,0,5,2,1,1,2,37,1,6,1,2.0,3.9,2.2,1.0,2,5,6,3,3,2,1.3,0,1
2,1,0,0,0,6.8,2,13,65.2,98.0,80.6,59.1,2.0,38.9,29,41.311152922894,0,0,2,1,5,1,59,0,0,2,2.8,3.3,2.5,5.0,2,5,6,4,4,2,1.2,1,1
3,1,1,0,1,12.5,3,16,26.4,45.8,58.3,45.3,56.3,64.1,153,47.523734833809286,0,3,2,2,4,5,33,1,6,0,1.8,2.9,3.1,1.4,2,5,6,4,4,3,1.0,0,1
3,1,1,0,1,5.0,1,13,54.3,44.8,76.5,11.0,42.8,52.9,34,48.72726449542398,0,0,1,1,3,2,9,1,6,1,2.4,1.2,2.2,1.5,2,6,6,3,2,0,1.9,0,1
2,0,1,0,1,9.9,3,16,75.4,50.0,0.0,35.3,35.0,31.3,43,41.700645793361545,0,1,2,1,4,2,25,1,1,2,2.7,4.6,1.7,3.7,2,6,1,4,4,3,1.6,0,1
1,1,1,0,1,5.6,3,14,20.0,47.4,3.2,20.5,46.7,51.2,135,58.49390073706257,0,1,1,2,4,3,66,1,0,0,3.0,1.8,2.5,3.0,2,1,6,3,5,2,1.9,0,1
3,0,1,0,0,12.3,0,16,43.8,44.3,72.1,52.4,58.0,49.5,56,59.2006713990941,0,1,2,1,2,4,28,0,1,1,3.0,2.3,4.6,1.0,2,5,2,3,2,1,4.4,0,1
3,1,1,0,1,5.0,0,15,55.8,33.6,0.0,27.1,44.0,11.0,16,72.75,0,0,2,2,3,4,66,0,0,1,3.0,2.1,3.6,2.2,2,1,1,3,4,2,2.2,0,1
3,1,1,0,1,8.2,2,15,69.3,83.6,77.3,18.5,38.1,41.4,61,37.80941135054271,0,5,2,1,5,4,31,1,6,2,2.2,5.2,2.7,3.4,2,1,1,3,2,1,1.7,0,1
1,1,1,0,1,6.4,4,15,20.0,35.0,12.7,54.7,14.7,49.6,53,36.97129023600578,0,0,2,2,1,4,58,0,6,2,2.9,2.8,1.2,1.8,2,5,1,3,4,1,1.7,0,1
3,0,0,0,1,5.0,3,3,20.0,48.1,18.1,18.9,37.6,23.2,70,49.931648066252066,0,0,2,1,4,0,17,0,0,1,2.2,1.5,1.6,1.0,2,1,1,3,2,0,4.4,0,1
2,1,1,0,0,12.1,2,13,21.7,47.6,11.8,53.2,35.7,11.0,0,50.51795125693482,0,5,2,0,1,4,11,1,1,1,1.6,1.0,2.2,5.0,2,6,6,3,4,1,1.7,1,1
0,1,1,0,1,5.0,0,15,20.0,83.3,0.0,20.8,2.0,40.7,185,50.85860810165613,0,5,1,1,1,2,0,1,6,2,2.8,2.0,1.7,4.3,2,1,6,3,5,2,1.4,0,1
3,0,1,0,0,6.7,0,0,93.9,36.2,0.0,26.2,19.9,41.5,185,52.41555378666294,0,3,1,1,1,2,15,0,1,0,2.7,5.2,3.1,3.4,2,5,6,3,4,0,2.2,1,1
3,1,0,0,0,12.4,3,16,36.2,49.0,59.4,14.5,69.8,75.0,8,51.947000661024546,2,3,1,1,1,5,58,1,0,0,4.1,1.0,2.7,4.4,2,1,2,3,5,0,4.1,1,1
3,1,1,0,0,10.0,2,13,31.9,44.6,0.0,26.2,35.4,41.1,27,59.441668695888055,0,5,2,1,4,1,19,1,0,1,1.6,5.2,3.3,1.0,2,4,6,3,2,2,2.2,0,1
3,1,1,0,1,5.5,3,7,94.0,48.1,0.0,43.1,48.7,31.6,40,56.789487573267124,0,3,1,1,5,2,66,0,0,1,1.9,2.4,1.6,4.8,2,1,6,3,3,0,1.9,0,1
3,1,1,0,0,5.0,3,6,52.7,88.6,2.8,26.6,2.0,11.0,56,20.5,0,3,1,1,4,2,66,1,0,1,1.6,1.0,3.6,3.7,2,1,1,3,2,0,1.0,0,1
3,1,1,0,1,11.7,3,12,21.4,37.7,54.0,61.4,46.9,52.7,178,68.58317176600995,2,3,1,1,4,5,66,0,6,2,3.2,4.0,2.9,1.0,2,5,6,3,4,1,1.0,0,1
0,1,0,0,1,14.2,3,12,68.4,42.6,52.6,44.5,16.2,40.9,54,47.83208176395725,2,0,2,2,5,2,66,0,1,0,3.0,1.0,2.4,3.0,2,1,2,3,4,3,1.3,0,1
3,0,1,0,0,5.0,3,10,20.0,38.3,13.3,53.3,40.6,75.0,57,60.27333070001815,0,3,1,2,3,2,55,0,6,1,2.1,1.0,3.0,4.8,2,5,1,4,5,3,1.2,1,1
3,1,0,0,0,5.0,3,13,20.0,47.2,6.8,11.0,26.9,51.1,184,47.009010571496994,0,5,2,1,4,2,7,0,0,2,2.9,2.4,1.3,5.0,2,6,2,3,2,3,1.2,0,1
1,0,0,0,0,11.8,0,4,45.5,47.9,78.7,42.3,14.9,37.5,135,46.46156523705602,0,5,2,0,1,4,20,1,1,2,2.7,3.2,4.3,3.9,2,5,2,3,3,1,3.7,0,1
1,0,1,0,0,5.9,0,12,20.0,46.2,7.5,11.0,5.4,34.9,47,42.784599707328184,0,5,1,1,4,2,43,0,1,2,3.2,1.0,2.1,1.9,2,5,6,4,4,3,1.8,0,1
1,0,0,0,0,13.0,3,13,71.0,72.8,60.6,66.3,2.0,61.1,25,40.79816047917891,0,1,1,2,1,2,66,1,0,2,2.8,1.0,1.7,5.0,2,5,6,3,5,0,3.5,0,1
3,1,1,0,0,7.9,1,14,20.8,72.2,82.8,39.7,12.4,54.9,14,72.75,0,3,1,2,4,2,37,1,0,0,2.4,4.5,2.4,1.0,2,1,6,3,5,1,1.0,0,1
2,1,1,0,0,6.1,2,6,26.3,41.8,0.0,37.3,26.8,57.0,48,60.38407428406942,0,3,2,1,2,2,56,1,0,1,3.4,1.9,3.6,2.1,2,4,3,3,5,0,1.0,1,1
3,0,1,0,1,7.3,3,11,22.1,46.3,0.0,24.2,73.8,54.2,0,52.41586088277912,2,5,1,2,1,0,59,0,6,1,2.8,1.8,2.9,5.0,2,1,6,2,5,0,5.0,2,1
3,0,1,0,0,9.1,2,13,24.9,82.4,13.6,11.0,55.3,40.5,0,66.02985327379844,2,0,2,1,1,2,1,1,0,1,1.7,4.3,2.9,5.0,2,1,2,3,2,3,2.4,0,1
3,0,1,0,0,10.7,1,14,21.2,39.2,12.2,59.9,51.4,43.0,40,61.750629140331355,0,5,2,2,1,2,14,1,1,1,2.8,1.0,1.6,3.8,2,6,6,3,4,1,2.4,0,1
3,0,1,0,0,6.4,0,12,74.7,93.6,0.0,11.2,77.0,60.8,76,41.960854441358634,0,1,2,2,4,2,24,1,6,1,2.1,1.0,2.1,2.1,2,5,6,4,2,0,2.5,0,1
3,1,1,0,0,7.3,2,3,37.0,44.6,80.1,44.0,55.9,75.0,36,35.135423355572364,0,3,2,2,4,2,4,1,0,2,2.7,1.6,4.6,5.0,2,5,1,3,2,3,1.8,1,1
3,1,0,0,0,15.0,0,15,25.8,49.6,66.4,47.0,40.0,75.0,22,51.399059164883354,2,5,2,1,1,2,0,1,6,1,3.4,4.4,2.8,5.0,2,5,6,3,4,0,1.0,0,1
1,1,0,0,0,12.8,4,12,21.6,92.6,91.8,21.3,15.3,75.0,59,38.54904739320665,0,3,2,1,1,1,40,1,6,1,3.0,1.0,1.0,1.0,2,6,6,3,3,1,1.6,0,1
0,1,0,0,0,9.9,3,2,20.0,50.3,5.8,19.2,34.5,22.9,34,55.8625015630286,0,5,1,0,1,4,21,1,0,1,2.6,1.0,2.3,4.5,2,6,6,3,2,0,4.1,0,1
3,1,1,0,1,11.2,3,15,27.3,44.4,46.5,16.4,32.3,29.7,75,47.712102376498535,0,5,2,1,4,2,27,1,0,1,2.9,1.0,1.5,5.0,2,5,2,3,4,0,1.0,0,1
3,1,1,0,0,10.2,2,18,67.0,47.7,51.8,11.0,20.4,65.8,51,37.45934565202381,2,1,1,2,4,2,22,1,1,0,3.2,1.0,2.0,1.8,2,6,3,3,2,1,1.4,0,1
3,0,1,0,0,5.0,0,14,52.2,45.8,0.0,41.9,39.4,31.9,185,52.642741283542435,0,1,2,2,0,1,55,1,6,2,3.3,4.5,3.4,1.1,2,1,6,3,2,2,1.8,0,1
1,0,1,0,1,11.4,3,9,55.1,49.0,34.8,24.5,32.1,17.6,49,27.89156539563615,0,3,2,1,4,2,25,0,6,0,3.0,5.2,2.1,1.9,2,5,1,3,4,3,1.8,0,1
3,0,1,0,0,6.2,0,13,92.3,46.3,42.8,22.8,2.0,50.2,58,35.887034622717245,0,3,2,1,1,1,66,0,1,2,3.5,3.2,2.8,1.8,2,1,6,3,4,0,1.0,2,1
1,1,1,0,0,12.0,3,0,20.0,45.4,0.0,43.2,61.1,34.6,50,37.900012325067756,0,3,2,2,4,2,61,1,5,1,2.1,2.9,2.3,1.0,2,1,3,3,4,2,3.4,0,1
3,0,1,0,0,11.4,3,19,84.6,78.8,0.0,25.6,47.6,22.5,0,28.22999362055676,2,3,2,1,1,1,66,1,1,2,3.1,2.3,2.0,3.1,2,5,2,3,5,3,1.1,0,1
3,1,0,0,1,7.0,3,12,70.0,90.8,6.1,23.6,69.0,61.4,185,56.71546902699086,0,3,2,2,1,2,66,1,5,1,1.7,1.0,1.8,3.6,2,5,6,3,4,0,2.0,1,1
3,1,1,0,0,7.8,3,13,20.0,43.9,61.4,22.3,73.6,30.5,47,34.13124652813435,0,5,2,2,1,2,0,1,6,0,1.8,1.0,2.2,1.8,2,6,1,3,5,3,1.5,0,1
3,0,1,0,0,8.1,3,12,20.0,47.7,79.6,22.2,24.9,62.4,34,36.502680036953414,0,3,1,1,1,2,10,0,1,0,2.8,1.9,1.8,4.2,2,1,2,2,2,3,2.5,0,1
3,0,1,0,0,5.0,2,14,20.0,46.0,8.4,22.8,52.7,61.6,0,51.42934890067036,0,3,2,1,1,5,0,1,6,0,1.6,2.9,1.8,4.7,2,4,2,3,5,0,2.8,1,1
3,0,1,0,0,6.3,0,6,25.8,70.3,70.2,50.9,23.0,41.9,45,51.95640546766382,0,5,2,2,4,0,65,1,0,1,2.8,2.0,1.9,2.7,2,1,6,3,5,1,1.9,0,1
3,1,1,0,0,6.7,3,12,20.0,91.6,59.2,24.4,2.0,33.1,185,41.363067788043544,0,0,2,2,3,5,66,0,0,1,2.9,3.8,2.4,1.0,2,1,6,3,4,0,1.0,0,1
3,1,0,0,0,8.3,3,15,57.5,57.0,60.5,59.0,32.2,57.1,74,43.020708613091585,2,3,2,1,1,2,27,0,0,0,3.1,2.8,2.0,1.0,2,1,2,3,2,1,1.0,0,1
1,0,1,0,1,9.7,3,0,49.3,43.6,76.4,50.2,16.3,41.6,63,34.42621358789327,2,0,1,1,4,2,64,1,0,0,3.0,3.3,2.0,4.9,2,6,6,3,2,1,1.0,0,1
3,1,1,0,1,9.8,1,6,30.1,42.1,0.0,22.6,14.1,70.5,150,45.27014632427133,0,5,1,1,4,0,29,1,0,1,1.6,4.0,2.2,1.0,2,5,6,3,5,0,1.4,0,1
3,0,1,0,1,15.0,3,13,82.3,78.7,0.0,51.1,19.0,34.6,34,49.77983754991878,0,5,1,1,5,1,66,0,0,1,2.8,3.2,1.6,1.5,2,1,1,4,4,0,1.0,0,1
3,1,0,0,0,11.3,0,15,30.0,88.1,82.5,51.7,51.1,75.0,17,46.740220290350074,0,3,2,1,4,2,7,0,6,0,2.9,1.0,3.0,3.0,2,5,2,3,2,3,1.5,0,1
2,1,1,0,0,12.4,1,0,94.0,36.0,52.5,14.0,41.0,62.4,65,33.77758771631116,0,5,2,0,5,1,30,1,0,0,3.1,1.0,2.3,4.5,2,5,2,2,4,0,3.7,0,1
1,1,1,0,1,6.6,2,3,78.3,40.2,5.1,36.4,2.0,18.9,45,45.7857235546191,2,3,2,2,1,4,66,1,0,2,3.1,1.0,3.9,5.0,2,1,6,3,2,3,4.5,0,1
0,1,1,0,0,5.8,3,17,24.5,68.6,0.0,41.5,13.3,41.1,21,57.35932308645995,0,5,2,2,1,3,66,0,0,0,2.2,3.1,2.2,2.1,2,5,6,3,4,2,2.0,0,1
3,0,1,0,1,11.5,3,14,75.0,41.4,7.6,53.7,2.0,75.0,15,20.644566415424926,0,3,1,2,5,5,16,0,0,1,3.3,1.0,1.0,1.7,2,5,6,3,4,0,1.6,0,1
3,0,0,0,0,7.8,3,12,28.5,47.3,70.0,33.5,22.5,75.0,45,40.66643159626203,0,3,1,1,4,2,21,1,0,2,3.1,1.8,2.1,5.0,2,1,1,3,5,1,2.2,0,1
3,0,1,0,0,14.1,3,14,20.0,40.0,75.8,24.0,33.7,57.0,52,53.04799956832712,0,0,2,2,2,4,0,1,0,0,1.6,2.1,3.3,4.7,2,1,6,3,5,0,1.4,1,1
2,0,1,0,1,5.4,1,12,67.7,47.5,0.0,52.8,37.5,45.1,61,59.19607105355217,0,5,1,2,3,2,0,1,5,1,3.0,1.0,1.6,1.5,2,4,6,4,2,1,1.0,0,1
2,0,0,0,1,9.3,0,11,20.0,49.1,77.6,39.5,14.3,59.3,44,54.095478130761805,0,5,1,1,1,2,29,1,6,0,3.0,1.0,3.1,2.6,2,4,6,3,3,3,2.4,0,1
3,1,1,0,0,11.4,3,16,22.3,35.3,13.9,46.0,15.2,54.5,26,61.62989083503973,0,0,1,1,1,1,11,1,0,2,3.0,5.0,2.0,1.2,2,1,2,3,2,3,4.1,0,1
3,1,1,0,0,5.0,2,7,20.0,92.9,51.3,30.1,29.0,11.0,43,39.29608346163798,0,5,2,2,4,2,34,1,0,1,2.9,1.0,1.0,1.0,2,5,6,4,1,3,1.4,0,1
1,1,1,0,1,5.0,3,15,20.0,66.2,79.7,33.5,42.2,51.7,48,41.842479781776774,0,3,2,1,1,1,66,1,0,0,2.8,1.0,2.9,1.2,2,1,1,3,3,2,4.5,0,1
3,1,1,0,0,14.1,2,11,53.8,85.3,74.2,31.9,72.7,46.3,29,61.43026464306885,0,5,2,1,4,2,16,0,1,0,3.0,1.0,1.0,1.3,2,5,1,4,2,0,5.0,0,1
3,1,1,0,0,7.6,3,13,53.4,59.6,51.2,41.7,77.0,30.6,67,39.62136228367526,0,3,2,2,1,1,19,1,0,0,2.9,1.1,3.1,5.0,2,6,2,4,2,3,1.0,0,1
